ISO-10303-21;
HEADER;
FILE_DESCRIPTION(('STEP AP203'),'1');
FILE_NAME('sk_104_38_1_sts.stp','2021-09-26T08:46:34',('TraceParts'),('TraceParts S.A.'),'Spatial InterOp 3D',' ',' ');
FILE_SCHEMA(('CONFIG_CONTROL_DESIGN'));
ENDSEC;
DATA;
#1=DESIGN_CONTEXT('',#29,'design');
#2=APPLICATION_PROTOCOL_DEFINITION('INTERNATIONAL STANDARD','config_control_design',1994,#29);
#3=PRODUCT_CATEGORY_RELATIONSHIP('NONE','NONE',#30,#31);
#4=DATE_AND_TIME(#32,#33);
#5=DATE_TIME_ROLE('creation_date');
#6=DATE_TIME_ROLE('classification_date');
#7=PERSON_AND_ORGANIZATION_ROLE('creator');
#8=PERSON_AND_ORGANIZATION_ROLE('design_supplier');
#9=PERSON_AND_ORGANIZATION_ROLE('classification_officer');
#10=PERSON_AND_ORGANIZATION_ROLE('design_owner');
#11=APPROVAL_PERSON_ORGANIZATION(#34,#35,#36);
#12=APPROVAL_DATE_TIME(#4,#35);
#13=CC_DESIGN_APPROVAL(#35,(#37,#38,#39));
#14=CC_DESIGN_DATE_AND_TIME_ASSIGNMENT(#4,#5,(#39));
#15=CC_DESIGN_DATE_AND_TIME_ASSIGNMENT(#4,#6,(#37));
#16=CC_DESIGN_PERSON_AND_ORGANIZATION_ASSIGNMENT(#34,#10,(#40));
#17=CC_DESIGN_PERSON_AND_ORGANIZATION_ASSIGNMENT(#34,#7,(#39));
#18=CC_DESIGN_PERSON_AND_ORGANIZATION_ASSIGNMENT(#34,#7,(#38));
#19=CC_DESIGN_PERSON_AND_ORGANIZATION_ASSIGNMENT(#34,#8,(#38));
#20=CC_DESIGN_SECURITY_CLASSIFICATION(#37,(#38));
#21=CC_DESIGN_PERSON_AND_ORGANIZATION_ASSIGNMENT(#34,#9,(#37));
#22=SHAPE_DEFINITION_REPRESENTATION(#41,#42);
#23=SHAPE_DEFINITION_REPRESENTATION(#41,#43);
#24=SHAPE_DEFINITION_REPRESENTATION(#41,#44);
#25= (GEOMETRIC_REPRESENTATION_CONTEXT(3)GLOBAL_UNCERTAINTY_ASSIGNED_CONTEXT((#47))GLOBAL_UNIT_ASSIGNED_CONTEXT((#49,#50,#51))REPRESENTATION_CONTEXT('NONE','WORKSPACE'));
#29=APPLICATION_CONTEXT('CONFIGURATION CONTROLLED 3D DESIGNS OF MECHANICAL PARTS AND ASSEMBLIES');
#30=PRODUCT_CATEGORY('part','NONE');
#31=PRODUCT_RELATED_PRODUCT_CATEGORY('detail',' ',(#40));
#32=CALENDAR_DATE(2021,26,8);
#33=LOCAL_TIME(10,46,34.0,#53);
#34=PERSON_AND_ORGANIZATION(#54,#55);
#35=APPROVAL(#56,'SOLID MODEL');
#36=APPROVAL_ROLE('APPROVED');
#37=SECURITY_CLASSIFICATION('','',#57);
#38=PRODUCT_DEFINITION_FORMATION_WITH_SPECIFIED_SOURCE(' ','NONE',#40,.NOT_KNOWN.);
#39=PRODUCT_DEFINITION('','NONE',#38,#1);
#40=PRODUCT('1','','PART--DESC',(#58));
#41=PRODUCT_DEFINITION_SHAPE('NONE','NONE',#39);
#42=ADVANCED_BREP_SHAPE_REPRESENTATION('1',(#59,#60),#25);
#43=ADVANCED_BREP_SHAPE_REPRESENTATION('2',(#61,#62),#25);
#44=ADVANCED_BREP_SHAPE_REPRESENTATION('3',(#63,#64),#25);
#47=UNCERTAINTY_MEASURE_WITH_UNIT(LENGTH_MEASURE(1.0E-06),#49,'','');
#49= (CONVERSION_BASED_UNIT('MILLIMETRE',#67)LENGTH_UNIT()NAMED_UNIT(#70));
#50= (NAMED_UNIT(#72)PLANE_ANGLE_UNIT()SI_UNIT($,.RADIAN.));
#51= (NAMED_UNIT(#72)SOLID_ANGLE_UNIT()SI_UNIT($,.STERADIAN.));
#53=COORDINATED_UNIVERSAL_TIME_OFFSET(1,0,.AHEAD.);
#54=PERSON('','UNSPECIFIED',$,$,$,$);
#55=ORGANIZATION('UNSPECIFIED','UNSPECIFIED','UNSPECIFIED');
#56=APPROVAL_STATUS('approved');
#57=SECURITY_CLASSIFICATION_LEVEL('unclassified');
#58=MECHANICAL_CONTEXT('',#29,'mechanical');
#59=MANIFOLD_SOLID_BREP('1',#78);
#60=AXIS2_PLACEMENT_3D('',#79,#80,#81);
#61=MANIFOLD_SOLID_BREP('2',#82);
#62=AXIS2_PLACEMENT_3D('',#83,#84,#85);
#63=MANIFOLD_SOLID_BREP('3',#86);
#64=AXIS2_PLACEMENT_3D('',#87,#88,#89);
#67=LENGTH_MEASURE_WITH_UNIT(LENGTH_MEASURE(1.0),#90);
#70=DIMENSIONAL_EXPONENTS(1.0,0.0,0.0,0.0,0.0,0.0,0.0);
#72=DIMENSIONAL_EXPONENTS(0.0,0.0,0.0,0.0,0.0,0.0,0.0);
#78=CLOSED_SHELL('',(#91,#92,#93,#94,#95,#96,#97,#98,#99,#100,#101,#102,#103,#104,#105,#106,#107,#108,#109,#110,#111,#112,#113,#114,#115,#116,#117,#118,#119,#120,#121,#122,#123,#124,#125,#126,#127,#128,#129,#130,#131,#132,#133,#134,#135,#136,#137,#138,#139,#140,#141,#142,#143,#144,#145,#146,#147,#148,#149,#150,#151,#152,#153,#154,#155,#156,#157,#158,#159,#160,#161,#162,#163,#164,#165,#166,#167,#168,#169,#170,#171,#172,#173,#174,#175,#176,#177,#178,#179,#180,#181,#182,#183,#184));
#79=CARTESIAN_POINT('',(0.0,0.0,0.0));
#80=DIRECTION('',(0.0,0.0,1.0));
#81=DIRECTION('',(1.0,0.0,0.0));
#82=CLOSED_SHELL('',(#185,#186,#187,#188,#189,#190,#191,#192,#193,#194,#195,#196,#197,#198,#199,#200,#201,#202,#203,#204,#205,#206,#207,#208,#209,#210,#211,#212,#213,#214,#215,#216,#217,#218,#219,#220,#221,#222,#223,#224,#225,#226,#227,#228,#229,#230,#231,#232,#233,#234,#235,#236,#237,#238,#239,#240,#241,#242,#243,#244,#245,#246,#247,#248,#249,#250,#251,#252,#253,#254,#255,#256,#257,#258,#259,#260,#261,#262,#263,#264,#265,#266,#267,#268,#269,#270,#271,#272,#273,#274,#275,#276,#277,#278));
#83=CARTESIAN_POINT('',(0.0,0.0,0.0));
#84=DIRECTION('',(0.0,0.0,1.0));
#85=DIRECTION('',(1.0,0.0,0.0));
#86=CLOSED_SHELL('',(#279,#280,#281,#282,#283,#284,#285,#286,#287,#288,#289,#290,#291,#292,#293,#294,#295,#296,#297,#298,#299,#300,#301,#302,#303,#304,#305,#306,#307,#308,#309,#310,#311,#312,#313,#314,#315,#316,#317,#318,#319,#320,#321,#322,#323,#324,#325,#326,#327,#328,#329,#330,#331,#332,#333,#334,#335,#336,#337,#338,#339,#340,#341,#342,#343,#344,#345,#346,#347,#348,#349,#350,#351,#352,#353,#354,#355,#356,#357,#358,#359,#360,#361,#362,#363,#364,#365,#366,#367,#368,#369,#370,#371,#372));
#87=CARTESIAN_POINT('',(0.0,0.0,0.0));
#88=DIRECTION('',(0.0,0.0,1.0));
#89=DIRECTION('',(1.0,0.0,0.0));
#90= (NAMED_UNIT(#70)LENGTH_UNIT()SI_UNIT(.MILLI.,.METRE.));
#91=ADVANCED_FACE('',(#374),#375,.F.);
#92=ADVANCED_FACE('',(#376),#377,.F.);
#93=ADVANCED_FACE('',(#378),#379,.F.);
#94=ADVANCED_FACE('',(#380),#381,.F.);
#95=ADVANCED_FACE('',(#382),#383,.F.);
#96=ADVANCED_FACE('',(#384),#385,.F.);
#97=ADVANCED_FACE('',(#386),#387,.F.);
#98=ADVANCED_FACE('',(#388),#389,.F.);
#99=ADVANCED_FACE('',(#390),#391,.F.);
#100=ADVANCED_FACE('',(#392),#393,.F.);
#101=ADVANCED_FACE('',(#394),#395,.T.);
#102=ADVANCED_FACE('',(#396,#397,#398,#399),#400,.T.);
#103=ADVANCED_FACE('',(#401),#402,.T.);
#104=ADVANCED_FACE('',(#403),#404,.T.);
#105=ADVANCED_FACE('',(#405),#406,.T.);
#106=ADVANCED_FACE('',(#407),#408,.T.);
#107=ADVANCED_FACE('',(#409),#410,.T.);
#108=ADVANCED_FACE('',(#411),#412,.T.);
#109=ADVANCED_FACE('',(#413),#414,.T.);
#110=ADVANCED_FACE('',(#415),#416,.T.);
#111=ADVANCED_FACE('',(#417),#418,.T.);
#112=ADVANCED_FACE('',(#419,#420,#421,#422),#423,.T.);
#113=ADVANCED_FACE('',(#424),#425,.T.);
#114=ADVANCED_FACE('',(#426),#427,.T.);
#115=ADVANCED_FACE('',(#428),#429,.T.);
#116=ADVANCED_FACE('',(#430),#431,.F.);
#117=ADVANCED_FACE('',(#432),#433,.T.);
#118=ADVANCED_FACE('',(#434),#435,.T.);
#119=ADVANCED_FACE('',(#436),#437,.T.);
#120=ADVANCED_FACE('',(#438),#439,.F.);
#121=ADVANCED_FACE('',(#440),#441,.T.);
#122=ADVANCED_FACE('',(#442),#443,.T.);
#123=ADVANCED_FACE('',(#444),#445,.T.);
#124=ADVANCED_FACE('',(#446),#447,.F.);
#125=ADVANCED_FACE('',(#448),#449,.T.);
#126=ADVANCED_FACE('',(#450),#451,.T.);
#127=ADVANCED_FACE('',(#452),#453,.T.);
#128=ADVANCED_FACE('',(#454),#455,.T.);
#129=ADVANCED_FACE('',(#456),#457,.F.);
#130=ADVANCED_FACE('',(#458),#459,.T.);
#131=ADVANCED_FACE('',(#460),#461,.T.);
#132=ADVANCED_FACE('',(#462),#463,.T.);
#133=ADVANCED_FACE('',(#464),#465,.F.);
#134=ADVANCED_FACE('',(#466),#467,.T.);
#135=ADVANCED_FACE('',(#468),#469,.T.);
#136=ADVANCED_FACE('',(#470),#471,.T.);
#137=ADVANCED_FACE('',(#472),#473,.T.);
#138=ADVANCED_FACE('',(#474),#475,.F.);
#139=ADVANCED_FACE('',(#476),#477,.T.);
#140=ADVANCED_FACE('',(#478),#479,.T.);
#141=ADVANCED_FACE('',(#480),#481,.T.);
#142=ADVANCED_FACE('',(#482),#483,.F.);
#143=ADVANCED_FACE('',(#484),#485,.T.);
#144=ADVANCED_FACE('',(#486),#487,.T.);
#145=ADVANCED_FACE('',(#488),#489,.T.);
#146=ADVANCED_FACE('',(#490),#491,.F.);
#147=ADVANCED_FACE('',(#492),#493,.T.);
#148=ADVANCED_FACE('',(#494),#495,.T.);
#149=ADVANCED_FACE('',(#496),#497,.T.);
#150=ADVANCED_FACE('',(#498),#499,.T.);
#151=ADVANCED_FACE('',(#500),#501,.T.);
#152=ADVANCED_FACE('',(#502),#503,.T.);
#153=ADVANCED_FACE('',(#504),#505,.F.);
#154=ADVANCED_FACE('',(#506),#507,.T.);
#155=ADVANCED_FACE('',(#508),#509,.T.);
#156=ADVANCED_FACE('',(#510),#511,.T.);
#157=ADVANCED_FACE('',(#512),#513,.F.);
#158=ADVANCED_FACE('',(#514),#515,.T.);
#159=ADVANCED_FACE('',(#516),#517,.T.);
#160=ADVANCED_FACE('',(#518),#519,.T.);
#161=ADVANCED_FACE('',(#520),#521,.F.);
#162=ADVANCED_FACE('',(#522),#523,.T.);
#163=ADVANCED_FACE('',(#524),#525,.T.);
#164=ADVANCED_FACE('',(#526),#527,.T.);
#165=ADVANCED_FACE('',(#528),#529,.T.);
#166=ADVANCED_FACE('',(#530),#531,.F.);
#167=ADVANCED_FACE('',(#532),#533,.T.);
#168=ADVANCED_FACE('',(#534),#535,.T.);
#169=ADVANCED_FACE('',(#536),#537,.T.);
#170=ADVANCED_FACE('',(#538),#539,.F.);
#171=ADVANCED_FACE('',(#540),#541,.T.);
#172=ADVANCED_FACE('',(#542),#543,.T.);
#173=ADVANCED_FACE('',(#544),#545,.T.);
#174=ADVANCED_FACE('',(#546),#547,.T.);
#175=ADVANCED_FACE('',(#548),#549,.F.);
#176=ADVANCED_FACE('',(#550),#551,.T.);
#177=ADVANCED_FACE('',(#552),#553,.T.);
#178=ADVANCED_FACE('',(#554),#555,.T.);
#179=ADVANCED_FACE('',(#556),#557,.F.);
#180=ADVANCED_FACE('',(#558),#559,.T.);
#181=ADVANCED_FACE('',(#560),#561,.T.);
#182=ADVANCED_FACE('',(#562),#563,.T.);
#183=ADVANCED_FACE('',(#564),#565,.F.);
#184=ADVANCED_FACE('',(#566),#567,.T.);
#185=ADVANCED_FACE('',(#568),#569,.T.);
#186=ADVANCED_FACE('',(#570),#571,.F.);
#187=ADVANCED_FACE('',(#572),#573,.F.);
#188=ADVANCED_FACE('',(#574),#575,.T.);
#189=ADVANCED_FACE('',(#576),#577,.T.);
#190=ADVANCED_FACE('',(#578),#579,.F.);
#191=ADVANCED_FACE('',(#580),#581,.F.);
#192=ADVANCED_FACE('',(#582),#583,.T.);
#193=ADVANCED_FACE('',(#584),#585,.T.);
#194=ADVANCED_FACE('',(#586),#587,.F.);
#195=ADVANCED_FACE('',(#588),#589,.F.);
#196=ADVANCED_FACE('',(#590),#591,.T.);
#197=ADVANCED_FACE('',(#592),#593,.T.);
#198=ADVANCED_FACE('',(#594),#595,.F.);
#199=ADVANCED_FACE('',(#596),#597,.F.);
#200=ADVANCED_FACE('',(#598),#599,.T.);
#201=ADVANCED_FACE('',(#600),#601,.T.);
#202=ADVANCED_FACE('',(#602),#603,.F.);
#203=ADVANCED_FACE('',(#604),#605,.F.);
#204=ADVANCED_FACE('',(#606),#607,.T.);
#205=ADVANCED_FACE('',(#608),#609,.T.);
#206=ADVANCED_FACE('',(#610),#611,.T.);
#207=ADVANCED_FACE('',(#612),#613,.T.);
#208=ADVANCED_FACE('',(#614),#615,.F.);
#209=ADVANCED_FACE('',(#616),#617,.F.);
#210=ADVANCED_FACE('',(#618),#619,.T.);
#211=ADVANCED_FACE('',(#620),#621,.F.);
#212=ADVANCED_FACE('',(#622),#623,.F.);
#213=ADVANCED_FACE('',(#624),#625,.F.);
#214=ADVANCED_FACE('',(#626),#627,.T.);
#215=ADVANCED_FACE('',(#628),#629,.T.);
#216=ADVANCED_FACE('',(#630),#631,.T.);
#217=ADVANCED_FACE('',(#632),#633,.T.);
#218=ADVANCED_FACE('',(#634),#635,.T.);
#219=ADVANCED_FACE('',(#636),#637,.T.);
#220=ADVANCED_FACE('',(#638),#639,.T.);
#221=ADVANCED_FACE('',(#640),#641,.T.);
#222=ADVANCED_FACE('',(#642),#643,.T.);
#223=ADVANCED_FACE('',(#644),#645,.T.);
#224=ADVANCED_FACE('',(#646),#647,.T.);
#225=ADVANCED_FACE('',(#648),#649,.T.);
#226=ADVANCED_FACE('',(#650),#651,.F.);
#227=ADVANCED_FACE('',(#652),#653,.T.);
#228=ADVANCED_FACE('',(#654),#655,.F.);
#229=ADVANCED_FACE('',(#656),#657,.T.);
#230=ADVANCED_FACE('',(#658),#659,.T.);
#231=ADVANCED_FACE('',(#660),#661,.F.);
#232=ADVANCED_FACE('',(#662),#663,.F.);
#233=ADVANCED_FACE('',(#664),#665,.T.);
#234=ADVANCED_FACE('',(#666),#667,.T.);
#235=ADVANCED_FACE('',(#668),#669,.T.);
#236=ADVANCED_FACE('',(#670),#671,.T.);
#237=ADVANCED_FACE('',(#672),#673,.T.);
#238=ADVANCED_FACE('',(#674),#675,.F.);
#239=ADVANCED_FACE('',(#676),#677,.F.);
#240=ADVANCED_FACE('',(#678),#679,.T.);
#241=ADVANCED_FACE('',(#680),#681,.T.);
#242=ADVANCED_FACE('',(#682),#683,.T.);
#243=ADVANCED_FACE('',(#684),#685,.T.);
#244=ADVANCED_FACE('',(#686),#687,.F.);
#245=ADVANCED_FACE('',(#688),#689,.F.);
#246=ADVANCED_FACE('',(#690),#691,.T.);
#247=ADVANCED_FACE('',(#692),#693,.T.);
#248=ADVANCED_FACE('',(#694),#695,.T.);
#249=ADVANCED_FACE('',(#696),#697,.T.);
#250=ADVANCED_FACE('',(#698),#699,.F.);
#251=ADVANCED_FACE('',(#700),#701,.F.);
#252=ADVANCED_FACE('',(#702),#703,.T.);
#253=ADVANCED_FACE('',(#704),#705,.T.);
#254=ADVANCED_FACE('',(#706),#707,.T.);
#255=ADVANCED_FACE('',(#708),#709,.T.);
#256=ADVANCED_FACE('',(#710),#711,.F.);
#257=ADVANCED_FACE('',(#712),#713,.F.);
#258=ADVANCED_FACE('',(#714),#715,.T.);
#259=ADVANCED_FACE('',(#716),#717,.T.);
#260=ADVANCED_FACE('',(#718),#719,.T.);
#261=ADVANCED_FACE('',(#720),#721,.T.);
#262=ADVANCED_FACE('',(#722),#723,.F.);
#263=ADVANCED_FACE('',(#724),#725,.F.);
#264=ADVANCED_FACE('',(#726),#727,.T.);
#265=ADVANCED_FACE('',(#728),#729,.T.);
#266=ADVANCED_FACE('',(#730),#731,.T.);
#267=ADVANCED_FACE('',(#732),#733,.T.);
#268=ADVANCED_FACE('',(#734),#735,.T.);
#269=ADVANCED_FACE('',(#736),#737,.T.);
#270=ADVANCED_FACE('',(#738),#739,.T.);
#271=ADVANCED_FACE('',(#740),#741,.T.);
#272=ADVANCED_FACE('',(#742),#743,.T.);
#273=ADVANCED_FACE('',(#744),#745,.T.);
#274=ADVANCED_FACE('',(#746),#747,.T.);
#275=ADVANCED_FACE('',(#748),#749,.T.);
#276=ADVANCED_FACE('',(#750),#751,.T.);
#277=ADVANCED_FACE('',(#752),#753,.T.);
#278=ADVANCED_FACE('',(#754),#755,.T.);
#279=ADVANCED_FACE('',(#756),#757,.T.);
#280=ADVANCED_FACE('',(#758),#759,.F.);
#281=ADVANCED_FACE('',(#760),#761,.F.);
#282=ADVANCED_FACE('',(#762),#763,.T.);
#283=ADVANCED_FACE('',(#764),#765,.T.);
#284=ADVANCED_FACE('',(#766),#767,.F.);
#285=ADVANCED_FACE('',(#768),#769,.F.);
#286=ADVANCED_FACE('',(#770),#771,.T.);
#287=ADVANCED_FACE('',(#772),#773,.T.);
#288=ADVANCED_FACE('',(#774),#775,.F.);
#289=ADVANCED_FACE('',(#776),#777,.F.);
#290=ADVANCED_FACE('',(#778),#779,.T.);
#291=ADVANCED_FACE('',(#780),#781,.T.);
#292=ADVANCED_FACE('',(#782),#783,.F.);
#293=ADVANCED_FACE('',(#784),#785,.F.);
#294=ADVANCED_FACE('',(#786),#787,.T.);
#295=ADVANCED_FACE('',(#788),#789,.T.);
#296=ADVANCED_FACE('',(#790),#791,.F.);
#297=ADVANCED_FACE('',(#792),#793,.F.);
#298=ADVANCED_FACE('',(#794),#795,.T.);
#299=ADVANCED_FACE('',(#796),#797,.T.);
#300=ADVANCED_FACE('',(#798),#799,.T.);
#301=ADVANCED_FACE('',(#800),#801,.T.);
#302=ADVANCED_FACE('',(#802),#803,.F.);
#303=ADVANCED_FACE('',(#804),#805,.F.);
#304=ADVANCED_FACE('',(#806),#807,.T.);
#305=ADVANCED_FACE('',(#808),#809,.F.);
#306=ADVANCED_FACE('',(#810),#811,.F.);
#307=ADVANCED_FACE('',(#812),#813,.F.);
#308=ADVANCED_FACE('',(#814),#815,.T.);
#309=ADVANCED_FACE('',(#816),#817,.T.);
#310=ADVANCED_FACE('',(#818),#819,.T.);
#311=ADVANCED_FACE('',(#820),#821,.T.);
#312=ADVANCED_FACE('',(#822),#823,.T.);
#313=ADVANCED_FACE('',(#824),#825,.T.);
#314=ADVANCED_FACE('',(#826),#827,.T.);
#315=ADVANCED_FACE('',(#828),#829,.T.);
#316=ADVANCED_FACE('',(#830),#831,.T.);
#317=ADVANCED_FACE('',(#832),#833,.T.);
#318=ADVANCED_FACE('',(#834),#835,.T.);
#319=ADVANCED_FACE('',(#836),#837,.T.);
#320=ADVANCED_FACE('',(#838),#839,.F.);
#321=ADVANCED_FACE('',(#840),#841,.T.);
#322=ADVANCED_FACE('',(#842),#843,.F.);
#323=ADVANCED_FACE('',(#844),#845,.T.);
#324=ADVANCED_FACE('',(#846),#847,.T.);
#325=ADVANCED_FACE('',(#848),#849,.F.);
#326=ADVANCED_FACE('',(#850),#851,.F.);
#327=ADVANCED_FACE('',(#852),#853,.T.);
#328=ADVANCED_FACE('',(#854),#855,.T.);
#329=ADVANCED_FACE('',(#856),#857,.T.);
#330=ADVANCED_FACE('',(#858),#859,.T.);
#331=ADVANCED_FACE('',(#860),#861,.T.);
#332=ADVANCED_FACE('',(#862),#863,.F.);
#333=ADVANCED_FACE('',(#864),#865,.F.);
#334=ADVANCED_FACE('',(#866),#867,.T.);
#335=ADVANCED_FACE('',(#868),#869,.T.);
#336=ADVANCED_FACE('',(#870),#871,.T.);
#337=ADVANCED_FACE('',(#872),#873,.T.);
#338=ADVANCED_FACE('',(#874),#875,.F.);
#339=ADVANCED_FACE('',(#876),#877,.F.);
#340=ADVANCED_FACE('',(#878),#879,.T.);
#341=ADVANCED_FACE('',(#880),#881,.T.);
#342=ADVANCED_FACE('',(#882),#883,.T.);
#343=ADVANCED_FACE('',(#884),#885,.T.);
#344=ADVANCED_FACE('',(#886),#887,.F.);
#345=ADVANCED_FACE('',(#888),#889,.F.);
#346=ADVANCED_FACE('',(#890),#891,.T.);
#347=ADVANCED_FACE('',(#892),#893,.T.);
#348=ADVANCED_FACE('',(#894),#895,.T.);
#349=ADVANCED_FACE('',(#896),#897,.T.);
#350=ADVANCED_FACE('',(#898),#899,.F.);
#351=ADVANCED_FACE('',(#900),#901,.F.);
#352=ADVANCED_FACE('',(#902),#903,.T.);
#353=ADVANCED_FACE('',(#904),#905,.T.);
#354=ADVANCED_FACE('',(#906),#907,.T.);
#355=ADVANCED_FACE('',(#908),#909,.T.);
#356=ADVANCED_FACE('',(#910),#911,.F.);
#357=ADVANCED_FACE('',(#912),#913,.F.);
#358=ADVANCED_FACE('',(#914),#915,.T.);
#359=ADVANCED_FACE('',(#916),#917,.T.);
#360=ADVANCED_FACE('',(#918),#919,.T.);
#361=ADVANCED_FACE('',(#920),#921,.T.);
#362=ADVANCED_FACE('',(#922),#923,.T.);
#363=ADVANCED_FACE('',(#924),#925,.T.);
#364=ADVANCED_FACE('',(#926),#927,.T.);
#365=ADVANCED_FACE('',(#928),#929,.T.);
#366=ADVANCED_FACE('',(#930),#931,.T.);
#367=ADVANCED_FACE('',(#932),#933,.T.);
#368=ADVANCED_FACE('',(#934),#935,.T.);
#369=ADVANCED_FACE('',(#936),#937,.T.);
#370=ADVANCED_FACE('',(#938),#939,.T.);
#371=ADVANCED_FACE('',(#940),#941,.T.);
#372=ADVANCED_FACE('',(#942),#943,.T.);
#374=FACE_OUTER_BOUND('',#944,.T.);
#375=CYLINDRICAL_SURFACE('',#945,1.0);
#376=FACE_OUTER_BOUND('',#946,.T.);
#377=CYLINDRICAL_SURFACE('',#947,1.0);
#378=FACE_OUTER_BOUND('',#948,.T.);
#379=CYLINDRICAL_SURFACE('',#949,1.6);
#380=FACE_OUTER_BOUND('',#950,.T.);
#381=CYLINDRICAL_SURFACE('',#951,1.6);
#382=FACE_OUTER_BOUND('',#952,.T.);
#383=CYLINDRICAL_SURFACE('',#953,1.6);
#384=FACE_OUTER_BOUND('',#954,.T.);
#385=CYLINDRICAL_SURFACE('',#955,1.6);
#386=FACE_OUTER_BOUND('',#956,.T.);
#387=CYLINDRICAL_SURFACE('',#957,1.6);
#388=FACE_OUTER_BOUND('',#958,.T.);
#389=CYLINDRICAL_SURFACE('',#959,1.6);
#390=FACE_OUTER_BOUND('',#960,.T.);
#391=CYLINDRICAL_SURFACE('',#961,1.0);
#392=FACE_OUTER_BOUND('',#962,.T.);
#393=CYLINDRICAL_SURFACE('',#963,1.0);
#394=FACE_OUTER_BOUND('',#964,.T.);
#395=PLANE('',#965);
#396=FACE_OUTER_BOUND('',#966,.T.);
#397=FACE_BOUND('',#967,.T.);
#398=FACE_BOUND('',#968,.T.);
#399=FACE_BOUND('',#969,.T.);
#400=PLANE('',#970);
#401=FACE_OUTER_BOUND('',#971,.T.);
#402=PLANE('',#972);
#403=FACE_OUTER_BOUND('',#973,.T.);
#404=PLANE('',#974);
#405=FACE_OUTER_BOUND('',#975,.T.);
#406=PLANE('',#976);
#407=FACE_OUTER_BOUND('',#977,.T.);
#408=PLANE('',#978);
#409=FACE_OUTER_BOUND('',#979,.T.);
#410=PLANE('',#980);
#411=FACE_OUTER_BOUND('',#981,.T.);
#412=PLANE('',#982);
#413=FACE_OUTER_BOUND('',#983,.T.);
#414=PLANE('',#984);
#415=FACE_OUTER_BOUND('',#985,.T.);
#416=CYLINDRICAL_SURFACE('',#986,0.4);
#417=FACE_OUTER_BOUND('',#987,.T.);
#418=PLANE('',#988);
#419=FACE_OUTER_BOUND('',#989,.T.);
#420=FACE_BOUND('',#990,.T.);
#421=FACE_BOUND('',#991,.T.);
#422=FACE_BOUND('',#992,.T.);
#423=PLANE('',#993);
#424=FACE_OUTER_BOUND('',#994,.T.);
#425=PLANE('',#995);
#426=FACE_OUTER_BOUND('',#996,.T.);
#427=CYLINDRICAL_SURFACE('',#997,0.4);
#428=FACE_OUTER_BOUND('',#998,.T.);
#429=PLANE('',#999);
#430=FACE_OUTER_BOUND('',#1000,.T.);
#431=CYLINDRICAL_SURFACE('',#1001,0.399999999999959);
#432=FACE_OUTER_BOUND('',#1002,.T.);
#433=PLANE('',#1003);
#434=FACE_OUTER_BOUND('',#1004,.T.);
#435=CYLINDRICAL_SURFACE('',#1005,0.4);
#436=FACE_OUTER_BOUND('',#1006,.T.);
#437=PLANE('',#1007);
#438=FACE_OUTER_BOUND('',#1008,.T.);
#439=CYLINDRICAL_SURFACE('',#1009,0.399999999999974);
#440=FACE_OUTER_BOUND('',#1010,.T.);
#441=PLANE('',#1011);
#442=FACE_OUTER_BOUND('',#1012,.T.);
#443=CYLINDRICAL_SURFACE('',#1013,0.4);
#444=FACE_OUTER_BOUND('',#1014,.T.);
#445=PLANE('',#1015);
#446=FACE_OUTER_BOUND('',#1016,.T.);
#447=CYLINDRICAL_SURFACE('',#1017,0.400000000000021);
#448=FACE_OUTER_BOUND('',#1018,.T.);
#449=PLANE('',#1019);
#450=FACE_OUTER_BOUND('',#1020,.T.);
#451=CYLINDRICAL_SURFACE('',#1021,0.4);
#452=FACE_OUTER_BOUND('',#1022,.T.);
#453=PLANE('',#1023);
#454=FACE_OUTER_BOUND('',#1024,.T.);
#455=CYLINDRICAL_SURFACE('',#1025,0.3);
#456=FACE_OUTER_BOUND('',#1026,.T.);
#457=CYLINDRICAL_SURFACE('',#1027,1.04999999999999);
#458=FACE_OUTER_BOUND('',#1028,.T.);
#459=PLANE('',#1029);
#460=FACE_OUTER_BOUND('',#1030,.T.);
#461=PLANE('',#1031);
#462=FACE_OUTER_BOUND('',#1032,.T.);
#463=PLANE('',#1033);
#464=FACE_OUTER_BOUND('',#1034,.T.);
#465=CYLINDRICAL_SURFACE('',#1035,1.04999999999998);
#466=FACE_OUTER_BOUND('',#1036,.T.);
#467=CYLINDRICAL_SURFACE('',#1037,0.3);
#468=FACE_OUTER_BOUND('',#1038,.T.);
#469=PLANE('',#1039);
#470=FACE_OUTER_BOUND('',#1040,.T.);
#471=CYLINDRICAL_SURFACE('',#1041,0.4);
#472=FACE_OUTER_BOUND('',#1042,.T.);
#473=PLANE('',#1043);
#474=FACE_OUTER_BOUND('',#1044,.T.);
#475=CYLINDRICAL_SURFACE('',#1045,0.400000000000001);
#476=FACE_OUTER_BOUND('',#1046,.T.);
#477=PLANE('',#1047);
#478=FACE_OUTER_BOUND('',#1048,.T.);
#479=CYLINDRICAL_SURFACE('',#1049,0.4);
#480=FACE_OUTER_BOUND('',#1050,.T.);
#481=PLANE('',#1051);
#482=FACE_OUTER_BOUND('',#1052,.T.);
#483=CYLINDRICAL_SURFACE('',#1053,0.399999999999967);
#484=FACE_OUTER_BOUND('',#1054,.T.);
#485=PLANE('',#1055);
#486=FACE_OUTER_BOUND('',#1056,.T.);
#487=CYLINDRICAL_SURFACE('',#1057,0.4);
#488=FACE_OUTER_BOUND('',#1058,.T.);
#489=PLANE('',#1059);
#490=FACE_OUTER_BOUND('',#1060,.T.);
#491=CYLINDRICAL_SURFACE('',#1061,0.400000000000028);
#492=FACE_OUTER_BOUND('',#1062,.T.);
#493=PLANE('',#1063);
#494=FACE_OUTER_BOUND('',#1064,.T.);
#495=CYLINDRICAL_SURFACE('',#1065,0.4);
#496=FACE_OUTER_BOUND('',#1066,.T.);
#497=PLANE('',#1067);
#498=FACE_OUTER_BOUND('',#1068,.T.);
#499=PLANE('',#1069);
#500=FACE_OUTER_BOUND('',#1070,.T.);
#501=CYLINDRICAL_SURFACE('',#1071,0.4);
#502=FACE_OUTER_BOUND('',#1072,.T.);
#503=PLANE('',#1073);
#504=FACE_OUTER_BOUND('',#1074,.T.);
#505=CYLINDRICAL_SURFACE('',#1075,0.399999999999999);
#506=FACE_OUTER_BOUND('',#1076,.T.);
#507=PLANE('',#1077);
#508=FACE_OUTER_BOUND('',#1078,.T.);
#509=CYLINDRICAL_SURFACE('',#1079,0.4);
#510=FACE_OUTER_BOUND('',#1080,.T.);
#511=PLANE('',#1081);
#512=FACE_OUTER_BOUND('',#1082,.T.);
#513=CYLINDRICAL_SURFACE('',#1083,0.399999999999999);
#514=FACE_OUTER_BOUND('',#1084,.T.);
#515=PLANE('',#1085);
#516=FACE_OUTER_BOUND('',#1086,.T.);
#517=CYLINDRICAL_SURFACE('',#1087,0.4);
#518=FACE_OUTER_BOUND('',#1088,.T.);
#519=PLANE('',#1089);
#520=FACE_OUTER_BOUND('',#1090,.T.);
#521=CYLINDRICAL_SURFACE('',#1091,0.399999999999998);
#522=FACE_OUTER_BOUND('',#1092,.T.);
#523=PLANE('',#1093);
#524=FACE_OUTER_BOUND('',#1094,.T.);
#525=CYLINDRICAL_SURFACE('',#1095,0.4);
#526=FACE_OUTER_BOUND('',#1096,.T.);
#527=PLANE('',#1097);
#528=FACE_OUTER_BOUND('',#1098,.T.);
#529=CYLINDRICAL_SURFACE('',#1099,0.3);
#530=FACE_OUTER_BOUND('',#1100,.T.);
#531=CYLINDRICAL_SURFACE('',#1101,1.05);
#532=FACE_OUTER_BOUND('',#1102,.T.);
#533=PLANE('',#1103);
#534=FACE_OUTER_BOUND('',#1104,.T.);
#535=PLANE('',#1105);
#536=FACE_OUTER_BOUND('',#1106,.T.);
#537=PLANE('',#1107);
#538=FACE_OUTER_BOUND('',#1108,.T.);
#539=CYLINDRICAL_SURFACE('',#1109,1.04999999999999);
#540=FACE_OUTER_BOUND('',#1110,.T.);
#541=CYLINDRICAL_SURFACE('',#1111,0.3);
#542=FACE_OUTER_BOUND('',#1112,.T.);
#543=PLANE('',#1113);
#544=FACE_OUTER_BOUND('',#1114,.T.);
#545=CYLINDRICAL_SURFACE('',#1115,0.4);
#546=FACE_OUTER_BOUND('',#1116,.T.);
#547=PLANE('',#1117);
#548=FACE_OUTER_BOUND('',#1118,.T.);
#549=CYLINDRICAL_SURFACE('',#1119,0.40000000000003);
#550=FACE_OUTER_BOUND('',#1120,.T.);
#551=PLANE('',#1121);
#552=FACE_OUTER_BOUND('',#1122,.T.);
#553=CYLINDRICAL_SURFACE('',#1123,0.4);
#554=FACE_OUTER_BOUND('',#1124,.T.);
#555=PLANE('',#1125);
#556=FACE_OUTER_BOUND('',#1126,.T.);
#557=CYLINDRICAL_SURFACE('',#1127,0.400000000000004);
#558=FACE_OUTER_BOUND('',#1128,.T.);
#559=PLANE('',#1129);
#560=FACE_OUTER_BOUND('',#1130,.T.);
#561=CYLINDRICAL_SURFACE('',#1131,0.4);
#562=FACE_OUTER_BOUND('',#1132,.T.);
#563=PLANE('',#1133);
#564=FACE_OUTER_BOUND('',#1134,.T.);
#565=CYLINDRICAL_SURFACE('',#1135,0.399999999999998);
#566=FACE_OUTER_BOUND('',#1136,.T.);
#567=PLANE('',#1137);
#568=FACE_OUTER_BOUND('',#1138,.T.);
#569=CYLINDRICAL_SURFACE('',#1139,0.2);
#570=FACE_OUTER_BOUND('',#1140,.T.);
#571=CYLINDRICAL_SURFACE('',#1141,0.2);
#572=FACE_OUTER_BOUND('',#1142,.T.);
#573=CYLINDRICAL_SURFACE('',#1143,0.200000000000001);
#574=FACE_OUTER_BOUND('',#1144,.T.);
#575=CYLINDRICAL_SURFACE('',#1145,0.2);
#576=FACE_OUTER_BOUND('',#1146,.T.);
#577=CYLINDRICAL_SURFACE('',#1147,0.2);
#578=FACE_OUTER_BOUND('',#1148,.T.);
#579=CYLINDRICAL_SURFACE('',#1149,0.2);
#580=FACE_OUTER_BOUND('',#1150,.T.);
#581=CYLINDRICAL_SURFACE('',#1151,0.2);
#582=FACE_OUTER_BOUND('',#1152,.T.);
#583=CYLINDRICAL_SURFACE('',#1153,0.2);
#584=FACE_OUTER_BOUND('',#1154,.T.);
#585=CYLINDRICAL_SURFACE('',#1155,0.2);
#586=FACE_OUTER_BOUND('',#1156,.T.);
#587=CYLINDRICAL_SURFACE('',#1157,0.200000000000001);
#588=FACE_OUTER_BOUND('',#1158,.T.);
#589=CYLINDRICAL_SURFACE('',#1159,0.2);
#590=FACE_OUTER_BOUND('',#1160,.T.);
#591=CYLINDRICAL_SURFACE('',#1161,0.2);
#592=FACE_OUTER_BOUND('',#1162,.T.);
#593=CYLINDRICAL_SURFACE('',#1163,0.2);
#594=FACE_OUTER_BOUND('',#1164,.T.);
#595=CYLINDRICAL_SURFACE('',#1165,0.200000000000001);
#596=FACE_OUTER_BOUND('',#1166,.T.);
#597=CYLINDRICAL_SURFACE('',#1167,0.2);
#598=FACE_OUTER_BOUND('',#1168,.T.);
#599=CYLINDRICAL_SURFACE('',#1169,0.2);
#600=FACE_OUTER_BOUND('',#1170,.T.);
#601=CYLINDRICAL_SURFACE('',#1171,0.2);
#602=FACE_OUTER_BOUND('',#1172,.T.);
#603=CYLINDRICAL_SURFACE('',#1173,0.2);
#604=FACE_OUTER_BOUND('',#1174,.T.);
#605=CYLINDRICAL_SURFACE('',#1175,0.2);
#606=FACE_OUTER_BOUND('',#1176,.T.);
#607=CYLINDRICAL_SURFACE('',#1177,0.2);
#608=FACE_OUTER_BOUND('',#1178,.T.);
#609=CYLINDRICAL_SURFACE('',#1179,1.0);
#610=FACE_OUTER_BOUND('',#1180,.T.);
#611=CYLINDRICAL_SURFACE('',#1181,1.0);
#612=FACE_OUTER_BOUND('',#1182,.T.);
#613=CYLINDRICAL_SURFACE('',#1183,0.2);
#614=FACE_OUTER_BOUND('',#1184,.T.);
#615=CYLINDRICAL_SURFACE('',#1185,0.2);
#616=FACE_OUTER_BOUND('',#1186,.T.);
#617=CYLINDRICAL_SURFACE('',#1187,0.2);
#618=FACE_OUTER_BOUND('',#1188,.T.);
#619=CYLINDRICAL_SURFACE('',#1189,0.2);
#620=FACE_OUTER_BOUND('',#1190,.T.);
#621=CYLINDRICAL_SURFACE('',#1191,0.2);
#622=FACE_OUTER_BOUND('',#1192,.T.);
#623=CYLINDRICAL_SURFACE('',#1193,0.750000000000001);
#624=FACE_OUTER_BOUND('',#1194,.T.);
#625=CYLINDRICAL_SURFACE('',#1195,0.750000000000001);
#626=FACE_OUTER_BOUND('',#1196,.T.);
#627=CYLINDRICAL_SURFACE('',#1197,0.2);
#628=FACE_OUTER_BOUND('',#1198,.T.);
#629=TOROIDAL_SURFACE('',#1199,0.9,0.1);
#630=FACE_OUTER_BOUND('',#1200,.T.);
#631=TOROIDAL_SURFACE('',#1201,0.9,0.1);
#632=FACE_OUTER_BOUND('',#1202,.T.);
#633=TOROIDAL_SURFACE('',#1203,0.9,0.1);
#634=FACE_OUTER_BOUND('',#1204,.T.);
#635=TOROIDAL_SURFACE('',#1205,0.9,0.1);
#636=FACE_OUTER_BOUND('',#1206,.T.);
#637=TOROIDAL_SURFACE('',#1207,0.9,0.1);
#638=FACE_OUTER_BOUND('',#1208,.T.);
#639=PLANE('',#1209);
#640=FACE_OUTER_BOUND('',#1210,.T.);
#641=PLANE('',#1211);
#642=FACE_OUTER_BOUND('',#1212,.T.);
#643=TOROIDAL_SURFACE('',#1213,0.9,0.1);
#644=FACE_OUTER_BOUND('',#1214,.T.);
#645=PLANE('',#1215);
#646=FACE_OUTER_BOUND('',#1216,.T.);
#647=PLANE('',#1217);
#648=FACE_OUTER_BOUND('',#1218,.T.);
#649=CYLINDRICAL_SURFACE('',#1219,0.2);
#650=FACE_OUTER_BOUND('',#1220,.T.);
#651=CYLINDRICAL_SURFACE('',#1221,0.750000000000001);
#652=FACE_OUTER_BOUND('',#1222,.T.);
#653=PLANE('',#1223);
#654=FACE_OUTER_BOUND('',#1224,.T.);
#655=CYLINDRICAL_SURFACE('',#1225,0.2);
#656=FACE_OUTER_BOUND('',#1226,.T.);
#657=CYLINDRICAL_SURFACE('',#1227,0.2);
#658=FACE_OUTER_BOUND('',#1228,.T.);
#659=PLANE('',#1229);
#660=FACE_OUTER_BOUND('',#1230,.T.);
#661=CYLINDRICAL_SURFACE('',#1231,0.2);
#662=FACE_OUTER_BOUND('',#1232,.T.);
#663=CYLINDRICAL_SURFACE('',#1233,0.2);
#664=FACE_OUTER_BOUND('',#1234,.T.);
#665=PLANE('',#1235);
#666=FACE_OUTER_BOUND('',#1236,.T.);
#667=CYLINDRICAL_SURFACE('',#1237,0.2);
#668=FACE_OUTER_BOUND('',#1238,.T.);
#669=CYLINDRICAL_SURFACE('',#1239,1.0);
#670=FACE_OUTER_BOUND('',#1240,.T.);
#671=CYLINDRICAL_SURFACE('',#1241,0.2);
#672=FACE_OUTER_BOUND('',#1242,.T.);
#673=PLANE('',#1243);
#674=FACE_OUTER_BOUND('',#1244,.T.);
#675=CYLINDRICAL_SURFACE('',#1245,0.2);
#676=FACE_OUTER_BOUND('',#1246,.T.);
#677=CYLINDRICAL_SURFACE('',#1247,0.2);
#678=FACE_OUTER_BOUND('',#1248,.T.);
#679=PLANE('',#1249);
#680=FACE_OUTER_BOUND('',#1250,.T.);
#681=CYLINDRICAL_SURFACE('',#1251,0.2);
#682=FACE_OUTER_BOUND('',#1252,.T.);
#683=CYLINDRICAL_SURFACE('',#1253,0.2);
#684=FACE_OUTER_BOUND('',#1254,.T.);
#685=PLANE('',#1255);
#686=FACE_OUTER_BOUND('',#1256,.T.);
#687=CYLINDRICAL_SURFACE('',#1257,0.2);
#688=FACE_OUTER_BOUND('',#1258,.T.);
#689=CYLINDRICAL_SURFACE('',#1259,0.200000000000001);
#690=FACE_OUTER_BOUND('',#1260,.T.);
#691=PLANE('',#1261);
#692=FACE_OUTER_BOUND('',#1262,.T.);
#693=CYLINDRICAL_SURFACE('',#1263,0.2);
#694=FACE_OUTER_BOUND('',#1264,.T.);
#695=CYLINDRICAL_SURFACE('',#1265,0.2);
#696=FACE_OUTER_BOUND('',#1266,.T.);
#697=PLANE('',#1267);
#698=FACE_OUTER_BOUND('',#1268,.T.);
#699=CYLINDRICAL_SURFACE('',#1269,0.2);
#700=FACE_OUTER_BOUND('',#1270,.T.);
#701=CYLINDRICAL_SURFACE('',#1271,0.200000000000001);
#702=FACE_OUTER_BOUND('',#1272,.T.);
#703=PLANE('',#1273);
#704=FACE_OUTER_BOUND('',#1274,.T.);
#705=CYLINDRICAL_SURFACE('',#1275,0.2);
#706=FACE_OUTER_BOUND('',#1276,.T.);
#707=CYLINDRICAL_SURFACE('',#1277,0.2);
#708=FACE_OUTER_BOUND('',#1278,.T.);
#709=PLANE('',#1279);
#710=FACE_OUTER_BOUND('',#1280,.T.);
#711=CYLINDRICAL_SURFACE('',#1281,0.2);
#712=FACE_OUTER_BOUND('',#1282,.T.);
#713=CYLINDRICAL_SURFACE('',#1283,0.2);
#714=FACE_OUTER_BOUND('',#1284,.T.);
#715=PLANE('',#1285);
#716=FACE_OUTER_BOUND('',#1286,.T.);
#717=CYLINDRICAL_SURFACE('',#1287,0.2);
#718=FACE_OUTER_BOUND('',#1288,.T.);
#719=CYLINDRICAL_SURFACE('',#1289,0.2);
#720=FACE_OUTER_BOUND('',#1290,.T.);
#721=PLANE('',#1291);
#722=FACE_OUTER_BOUND('',#1292,.T.);
#723=CYLINDRICAL_SURFACE('',#1293,0.200000000000001);
#724=FACE_OUTER_BOUND('',#1294,.T.);
#725=CYLINDRICAL_SURFACE('',#1295,0.2);
#726=FACE_OUTER_BOUND('',#1296,.T.);
#727=PLANE('',#1297);
#728=FACE_OUTER_BOUND('',#1298,.T.);
#729=CYLINDRICAL_SURFACE('',#1299,0.2);
#730=FACE_OUTER_BOUND('',#1300,.T.);
#731=PLANE('',#1301);
#732=FACE_OUTER_BOUND('',#1302,.T.);
#733=PLANE('',#1303);
#734=FACE_OUTER_BOUND('',#1304,.T.);
#735=PLANE('',#1305);
#736=FACE_OUTER_BOUND('',#1306,.T.);
#737=PLANE('',#1307);
#738=FACE_OUTER_BOUND('',#1308,.T.);
#739=PLANE('',#1309);
#740=FACE_OUTER_BOUND('',#1310,.T.);
#741=PLANE('',#1311);
#742=FACE_OUTER_BOUND('',#1312,.T.);
#743=PLANE('',#1313);
#744=FACE_OUTER_BOUND('',#1314,.T.);
#745=PLANE('',#1315);
#746=FACE_OUTER_BOUND('',#1316,.T.);
#747=PLANE('',#1317);
#748=FACE_OUTER_BOUND('',#1318,.T.);
#749=PLANE('',#1319);
#750=FACE_OUTER_BOUND('',#1320,.T.);
#751=PLANE('',#1321);
#752=FACE_OUTER_BOUND('',#1322,.T.);
#753=PLANE('',#1323);
#754=FACE_OUTER_BOUND('',#1324,.T.);
#755=PLANE('',#1325);
#756=FACE_OUTER_BOUND('',#1326,.T.);
#757=CYLINDRICAL_SURFACE('',#1327,0.2);
#758=FACE_OUTER_BOUND('',#1328,.T.);
#759=CYLINDRICAL_SURFACE('',#1329,0.2);
#760=FACE_OUTER_BOUND('',#1330,.T.);
#761=CYLINDRICAL_SURFACE('',#1331,0.200000000000001);
#762=FACE_OUTER_BOUND('',#1332,.T.);
#763=CYLINDRICAL_SURFACE('',#1333,0.2);
#764=FACE_OUTER_BOUND('',#1334,.T.);
#765=CYLINDRICAL_SURFACE('',#1335,0.2);
#766=FACE_OUTER_BOUND('',#1336,.T.);
#767=CYLINDRICAL_SURFACE('',#1337,0.2);
#768=FACE_OUTER_BOUND('',#1338,.T.);
#769=CYLINDRICAL_SURFACE('',#1339,0.2);
#770=FACE_OUTER_BOUND('',#1340,.T.);
#771=CYLINDRICAL_SURFACE('',#1341,0.2);
#772=FACE_OUTER_BOUND('',#1342,.T.);
#773=CYLINDRICAL_SURFACE('',#1343,0.2);
#774=FACE_OUTER_BOUND('',#1344,.T.);
#775=CYLINDRICAL_SURFACE('',#1345,0.200000000000001);
#776=FACE_OUTER_BOUND('',#1346,.T.);
#777=CYLINDRICAL_SURFACE('',#1347,0.2);
#778=FACE_OUTER_BOUND('',#1348,.T.);
#779=CYLINDRICAL_SURFACE('',#1349,0.2);
#780=FACE_OUTER_BOUND('',#1350,.T.);
#781=CYLINDRICAL_SURFACE('',#1351,0.2);
#782=FACE_OUTER_BOUND('',#1352,.T.);
#783=CYLINDRICAL_SURFACE('',#1353,0.200000000000001);
#784=FACE_OUTER_BOUND('',#1354,.T.);
#785=CYLINDRICAL_SURFACE('',#1355,0.2);
#786=FACE_OUTER_BOUND('',#1356,.T.);
#787=CYLINDRICAL_SURFACE('',#1357,0.2);
#788=FACE_OUTER_BOUND('',#1358,.T.);
#789=CYLINDRICAL_SURFACE('',#1359,0.2);
#790=FACE_OUTER_BOUND('',#1360,.T.);
#791=CYLINDRICAL_SURFACE('',#1361,0.2);
#792=FACE_OUTER_BOUND('',#1362,.T.);
#793=CYLINDRICAL_SURFACE('',#1363,0.2);
#794=FACE_OUTER_BOUND('',#1364,.T.);
#795=CYLINDRICAL_SURFACE('',#1365,0.2);
#796=FACE_OUTER_BOUND('',#1366,.T.);
#797=CYLINDRICAL_SURFACE('',#1367,1.0);
#798=FACE_OUTER_BOUND('',#1368,.T.);
#799=CYLINDRICAL_SURFACE('',#1369,1.0);
#800=FACE_OUTER_BOUND('',#1370,.T.);
#801=CYLINDRICAL_SURFACE('',#1371,0.2);
#802=FACE_OUTER_BOUND('',#1372,.T.);
#803=CYLINDRICAL_SURFACE('',#1373,0.2);
#804=FACE_OUTER_BOUND('',#1374,.T.);
#805=CYLINDRICAL_SURFACE('',#1375,0.2);
#806=FACE_OUTER_BOUND('',#1376,.T.);
#807=CYLINDRICAL_SURFACE('',#1377,0.2);
#808=FACE_OUTER_BOUND('',#1378,.T.);
#809=CYLINDRICAL_SURFACE('',#1379,0.2);
#810=FACE_OUTER_BOUND('',#1380,.T.);
#811=CYLINDRICAL_SURFACE('',#1381,0.750000000000001);
#812=FACE_OUTER_BOUND('',#1382,.T.);
#813=CYLINDRICAL_SURFACE('',#1383,0.750000000000001);
#814=FACE_OUTER_BOUND('',#1384,.T.);
#815=CYLINDRICAL_SURFACE('',#1385,0.2);
#816=FACE_OUTER_BOUND('',#1386,.T.);
#817=TOROIDAL_SURFACE('',#1387,0.9,0.1);
#818=FACE_OUTER_BOUND('',#1388,.T.);
#819=TOROIDAL_SURFACE('',#1389,0.9,0.1);
#820=FACE_OUTER_BOUND('',#1390,.T.);
#821=TOROIDAL_SURFACE('',#1391,0.9,0.1);
#822=FACE_OUTER_BOUND('',#1392,.T.);
#823=TOROIDAL_SURFACE('',#1393,0.9,0.1);
#824=FACE_OUTER_BOUND('',#1394,.T.);
#825=TOROIDAL_SURFACE('',#1395,0.9,0.1);
#826=FACE_OUTER_BOUND('',#1396,.T.);
#827=PLANE('',#1397);
#828=FACE_OUTER_BOUND('',#1398,.T.);
#829=PLANE('',#1399);
#830=FACE_OUTER_BOUND('',#1400,.T.);
#831=TOROIDAL_SURFACE('',#1401,0.9,0.1);
#832=FACE_OUTER_BOUND('',#1402,.T.);
#833=PLANE('',#1403);
#834=FACE_OUTER_BOUND('',#1404,.T.);
#835=PLANE('',#1405);
#836=FACE_OUTER_BOUND('',#1406,.T.);
#837=CYLINDRICAL_SURFACE('',#1407,0.2);
#838=FACE_OUTER_BOUND('',#1408,.T.);
#839=CYLINDRICAL_SURFACE('',#1409,0.750000000000001);
#840=FACE_OUTER_BOUND('',#1410,.T.);
#841=PLANE('',#1411);
#842=FACE_OUTER_BOUND('',#1412,.T.);
#843=CYLINDRICAL_SURFACE('',#1413,0.2);
#844=FACE_OUTER_BOUND('',#1414,.T.);
#845=CYLINDRICAL_SURFACE('',#1415,0.2);
#846=FACE_OUTER_BOUND('',#1416,.T.);
#847=PLANE('',#1417);
#848=FACE_OUTER_BOUND('',#1418,.T.);
#849=CYLINDRICAL_SURFACE('',#1419,0.2);
#850=FACE_OUTER_BOUND('',#1420,.T.);
#851=CYLINDRICAL_SURFACE('',#1421,0.2);
#852=FACE_OUTER_BOUND('',#1422,.T.);
#853=PLANE('',#1423);
#854=FACE_OUTER_BOUND('',#1424,.T.);
#855=CYLINDRICAL_SURFACE('',#1425,0.2);
#856=FACE_OUTER_BOUND('',#1426,.T.);
#857=CYLINDRICAL_SURFACE('',#1427,1.0);
#858=FACE_OUTER_BOUND('',#1428,.T.);
#859=CYLINDRICAL_SURFACE('',#1429,0.2);
#860=FACE_OUTER_BOUND('',#1430,.T.);
#861=PLANE('',#1431);
#862=FACE_OUTER_BOUND('',#1432,.T.);
#863=CYLINDRICAL_SURFACE('',#1433,0.2);
#864=FACE_OUTER_BOUND('',#1434,.T.);
#865=CYLINDRICAL_SURFACE('',#1435,0.2);
#866=FACE_OUTER_BOUND('',#1436,.T.);
#867=PLANE('',#1437);
#868=FACE_OUTER_BOUND('',#1438,.T.);
#869=CYLINDRICAL_SURFACE('',#1439,0.2);
#870=FACE_OUTER_BOUND('',#1440,.T.);
#871=CYLINDRICAL_SURFACE('',#1441,0.2);
#872=FACE_OUTER_BOUND('',#1442,.T.);
#873=PLANE('',#1443);
#874=FACE_OUTER_BOUND('',#1444,.T.);
#875=CYLINDRICAL_SURFACE('',#1445,0.2);
#876=FACE_OUTER_BOUND('',#1446,.T.);
#877=CYLINDRICAL_SURFACE('',#1447,0.200000000000001);
#878=FACE_OUTER_BOUND('',#1448,.T.);
#879=PLANE('',#1449);
#880=FACE_OUTER_BOUND('',#1450,.T.);
#881=CYLINDRICAL_SURFACE('',#1451,0.2);
#882=FACE_OUTER_BOUND('',#1452,.T.);
#883=CYLINDRICAL_SURFACE('',#1453,0.2);
#884=FACE_OUTER_BOUND('',#1454,.T.);
#885=PLANE('',#1455);
#886=FACE_OUTER_BOUND('',#1456,.T.);
#887=CYLINDRICAL_SURFACE('',#1457,0.2);
#888=FACE_OUTER_BOUND('',#1458,.T.);
#889=CYLINDRICAL_SURFACE('',#1459,0.200000000000001);
#890=FACE_OUTER_BOUND('',#1460,.T.);
#891=PLANE('',#1461);
#892=FACE_OUTER_BOUND('',#1462,.T.);
#893=CYLINDRICAL_SURFACE('',#1463,0.2);
#894=FACE_OUTER_BOUND('',#1464,.T.);
#895=CYLINDRICAL_SURFACE('',#1465,0.2);
#896=FACE_OUTER_BOUND('',#1466,.T.);
#897=PLANE('',#1467);
#898=FACE_OUTER_BOUND('',#1468,.T.);
#899=CYLINDRICAL_SURFACE('',#1469,0.2);
#900=FACE_OUTER_BOUND('',#1470,.T.);
#901=CYLINDRICAL_SURFACE('',#1471,0.2);
#902=FACE_OUTER_BOUND('',#1472,.T.);
#903=PLANE('',#1473);
#904=FACE_OUTER_BOUND('',#1474,.T.);
#905=CYLINDRICAL_SURFACE('',#1475,0.2);
#906=FACE_OUTER_BOUND('',#1476,.T.);
#907=CYLINDRICAL_SURFACE('',#1477,0.2);
#908=FACE_OUTER_BOUND('',#1478,.T.);
#909=PLANE('',#1479);
#910=FACE_OUTER_BOUND('',#1480,.T.);
#911=CYLINDRICAL_SURFACE('',#1481,0.200000000000001);
#912=FACE_OUTER_BOUND('',#1482,.T.);
#913=CYLINDRICAL_SURFACE('',#1483,0.2);
#914=FACE_OUTER_BOUND('',#1484,.T.);
#915=PLANE('',#1485);
#916=FACE_OUTER_BOUND('',#1486,.T.);
#917=CYLINDRICAL_SURFACE('',#1487,0.2);
#918=FACE_OUTER_BOUND('',#1488,.T.);
#919=PLANE('',#1489);
#920=FACE_OUTER_BOUND('',#1490,.T.);
#921=PLANE('',#1491);
#922=FACE_OUTER_BOUND('',#1492,.T.);
#923=PLANE('',#1493);
#924=FACE_OUTER_BOUND('',#1494,.T.);
#925=PLANE('',#1495);
#926=FACE_OUTER_BOUND('',#1496,.T.);
#927=PLANE('',#1497);
#928=FACE_OUTER_BOUND('',#1498,.T.);
#929=PLANE('',#1499);
#930=FACE_OUTER_BOUND('',#1500,.T.);
#931=PLANE('',#1501);
#932=FACE_OUTER_BOUND('',#1502,.T.);
#933=PLANE('',#1503);
#934=FACE_OUTER_BOUND('',#1504,.T.);
#935=PLANE('',#1505);
#936=FACE_OUTER_BOUND('',#1506,.T.);
#937=PLANE('',#1507);
#938=FACE_OUTER_BOUND('',#1508,.T.);
#939=PLANE('',#1509);
#940=FACE_OUTER_BOUND('',#1510,.T.);
#941=PLANE('',#1511);
#942=FACE_OUTER_BOUND('',#1512,.T.);
#943=PLANE('',#1513);
#944=EDGE_LOOP('',(#1514,#1515,#1516,#1517));
#945=AXIS2_PLACEMENT_3D('',#1518,#1519,#1520);
#946=EDGE_LOOP('',(#1521,#1522,#1523,#1524));
#947=AXIS2_PLACEMENT_3D('',#1525,#1526,#1527);
#948=EDGE_LOOP('',(#1528,#1529,#1530,#1531));
#949=AXIS2_PLACEMENT_3D('',#1532,#1533,#1534);
#950=EDGE_LOOP('',(#1535,#1536,#1537,#1538));
#951=AXIS2_PLACEMENT_3D('',#1539,#1540,#1541);
#952=EDGE_LOOP('',(#1542,#1543,#1544,#1545));
#953=AXIS2_PLACEMENT_3D('',#1546,#1547,#1548);
#954=EDGE_LOOP('',(#1549,#1550,#1551,#1552));
#955=AXIS2_PLACEMENT_3D('',#1553,#1554,#1555);
#956=EDGE_LOOP('',(#1556,#1557,#1558,#1559));
#957=AXIS2_PLACEMENT_3D('',#1560,#1561,#1562);
#958=EDGE_LOOP('',(#1563,#1564,#1565,#1566));
#959=AXIS2_PLACEMENT_3D('',#1567,#1568,#1569);
#960=EDGE_LOOP('',(#1570,#1571,#1572,#1573));
#961=AXIS2_PLACEMENT_3D('',#1574,#1575,#1576);
#962=EDGE_LOOP('',(#1577,#1578,#1579,#1580));
#963=AXIS2_PLACEMENT_3D('',#1581,#1582,#1583);
#964=EDGE_LOOP('',(#1584,#1585,#1586,#1587));
#965=AXIS2_PLACEMENT_3D('',#1588,#1589,#1590);
#966=EDGE_LOOP('',(#1591,#1592,#1593,#1594,#1595,#1596,#1597,#1598,#1599,#1600,#1601,#1602,#1603,#1604));
#967=EDGE_LOOP('',(#1605,#1606));
#968=EDGE_LOOP('',(#1607,#1608));
#969=EDGE_LOOP('',(#1609,#1610));
#970=AXIS2_PLACEMENT_3D('',#1611,#1612,#1613);
#971=EDGE_LOOP('',(#1614,#1615,#1616,#1617));
#972=AXIS2_PLACEMENT_3D('',#1618,#1619,#1620);
#973=EDGE_LOOP('',(#1621,#1622,#1623,#1624));
#974=AXIS2_PLACEMENT_3D('',#1625,#1626,#1627);
#975=EDGE_LOOP('',(#1628,#1629,#1630,#1631));
#976=AXIS2_PLACEMENT_3D('',#1632,#1633,#1634);
#977=EDGE_LOOP('',(#1635,#1636,#1637,#1638));
#978=AXIS2_PLACEMENT_3D('',#1639,#1640,#1641);
#979=EDGE_LOOP('',(#1642,#1643,#1644,#1645,#1646,#1647,#1648,#1649,#1650,#1651,#1652,#1653,#1654,#1655,#1656,#1657,#1658,#1659,#1660,#1661,#1662,#1663,#1664,#1665,#1666,#1667,#1668,#1669,#1670,#1671,#1672,#1673,#1674,#1675,#1676,#1677,#1678,#1679,#1680,#1681));
#980=AXIS2_PLACEMENT_3D('',#1682,#1683,#1684);
#981=EDGE_LOOP('',(#1685,#1686,#1687,#1688,#1689,#1690,#1691,#1692,#1693,#1694,#1695,#1696,#1697,#1698,#1699,#1700,#1701,#1702,#1703,#1704,#1705,#1706,#1707,#1708,#1709,#1710,#1711,#1712,#1713,#1714,#1715,#1716,#1717,#1718,#1719,#1720,#1721,#1722,#1723,#1724));
#982=AXIS2_PLACEMENT_3D('',#1725,#1726,#1727);
#983=EDGE_LOOP('',(#1728,#1729,#1730,#1731));
#984=AXIS2_PLACEMENT_3D('',#1732,#1733,#1734);
#985=EDGE_LOOP('',(#1735,#1736,#1737,#1738));
#986=AXIS2_PLACEMENT_3D('',#1739,#1740,#1741);
#987=EDGE_LOOP('',(#1742,#1743,#1744,#1745));
#988=AXIS2_PLACEMENT_3D('',#1746,#1747,#1748);
#989=EDGE_LOOP('',(#1749,#1750,#1751,#1752,#1753,#1754,#1755,#1756,#1757,#1758,#1759,#1760,#1761,#1762));
#990=EDGE_LOOP('',(#1763,#1764));
#991=EDGE_LOOP('',(#1765,#1766));
#992=EDGE_LOOP('',(#1767,#1768));
#993=AXIS2_PLACEMENT_3D('',#1769,#1770,#1771);
#994=EDGE_LOOP('',(#1772,#1773,#1774,#1775));
#995=AXIS2_PLACEMENT_3D('',#1776,#1777,#1778);
#996=EDGE_LOOP('',(#1779,#1780,#1781,#1782));
#997=AXIS2_PLACEMENT_3D('',#1783,#1784,#1785);
#998=EDGE_LOOP('',(#1786,#1787,#1788,#1789));
#999=AXIS2_PLACEMENT_3D('',#1790,#1791,#1792);
#1000=EDGE_LOOP('',(#1793,#1794,#1795,#1796));
#1001=AXIS2_PLACEMENT_3D('',#1797,#1798,#1799);
#1002=EDGE_LOOP('',(#1800,#1801,#1802,#1803));
#1003=AXIS2_PLACEMENT_3D('',#1804,#1805,#1806);
#1004=EDGE_LOOP('',(#1807,#1808,#1809,#1810));
#1005=AXIS2_PLACEMENT_3D('',#1811,#1812,#1813);
#1006=EDGE_LOOP('',(#1814,#1815,#1816,#1817));
#1007=AXIS2_PLACEMENT_3D('',#1818,#1819,#1820);
#1008=EDGE_LOOP('',(#1821,#1822,#1823,#1824));
#1009=AXIS2_PLACEMENT_3D('',#1825,#1826,#1827);
#1010=EDGE_LOOP('',(#1828,#1829,#1830,#1831));
#1011=AXIS2_PLACEMENT_3D('',#1832,#1833,#1834);
#1012=EDGE_LOOP('',(#1835,#1836,#1837,#1838));
#1013=AXIS2_PLACEMENT_3D('',#1839,#1840,#1841);
#1014=EDGE_LOOP('',(#1842,#1843,#1844,#1845));
#1015=AXIS2_PLACEMENT_3D('',#1846,#1847,#1848);
#1016=EDGE_LOOP('',(#1849,#1850,#1851,#1852));
#1017=AXIS2_PLACEMENT_3D('',#1853,#1854,#1855);
#1018=EDGE_LOOP('',(#1856,#1857,#1858,#1859));
#1019=AXIS2_PLACEMENT_3D('',#1860,#1861,#1862);
#1020=EDGE_LOOP('',(#1863,#1864,#1865,#1866));
#1021=AXIS2_PLACEMENT_3D('',#1867,#1868,#1869);
#1022=EDGE_LOOP('',(#1870,#1871,#1872,#1873));
#1023=AXIS2_PLACEMENT_3D('',#1874,#1875,#1876);
#1024=EDGE_LOOP('',(#1877,#1878,#1879,#1880));
#1025=AXIS2_PLACEMENT_3D('',#1881,#1882,#1883);
#1026=EDGE_LOOP('',(#1884,#1885,#1886,#1887));
#1027=AXIS2_PLACEMENT_3D('',#1888,#1889,#1890);
#1028=EDGE_LOOP('',(#1891,#1892,#1893,#1894));
#1029=AXIS2_PLACEMENT_3D('',#1895,#1896,#1897);
#1030=EDGE_LOOP('',(#1898,#1899,#1900,#1901));
#1031=AXIS2_PLACEMENT_3D('',#1902,#1903,#1904);
#1032=EDGE_LOOP('',(#1905,#1906,#1907,#1908));
#1033=AXIS2_PLACEMENT_3D('',#1909,#1910,#1911);
#1034=EDGE_LOOP('',(#1912,#1913,#1914,#1915));
#1035=AXIS2_PLACEMENT_3D('',#1916,#1917,#1918);
#1036=EDGE_LOOP('',(#1919,#1920,#1921,#1922));
#1037=AXIS2_PLACEMENT_3D('',#1923,#1924,#1925);
#1038=EDGE_LOOP('',(#1926,#1927,#1928,#1929));
#1039=AXIS2_PLACEMENT_3D('',#1930,#1931,#1932);
#1040=EDGE_LOOP('',(#1933,#1934,#1935,#1936));
#1041=AXIS2_PLACEMENT_3D('',#1937,#1938,#1939);
#1042=EDGE_LOOP('',(#1940,#1941,#1942,#1943));
#1043=AXIS2_PLACEMENT_3D('',#1944,#1945,#1946);
#1044=EDGE_LOOP('',(#1947,#1948,#1949,#1950));
#1045=AXIS2_PLACEMENT_3D('',#1951,#1952,#1953);
#1046=EDGE_LOOP('',(#1954,#1955,#1956,#1957));
#1047=AXIS2_PLACEMENT_3D('',#1958,#1959,#1960);
#1048=EDGE_LOOP('',(#1961,#1962,#1963,#1964));
#1049=AXIS2_PLACEMENT_3D('',#1965,#1966,#1967);
#1050=EDGE_LOOP('',(#1968,#1969,#1970,#1971));
#1051=AXIS2_PLACEMENT_3D('',#1972,#1973,#1974);
#1052=EDGE_LOOP('',(#1975,#1976,#1977,#1978));
#1053=AXIS2_PLACEMENT_3D('',#1979,#1980,#1981);
#1054=EDGE_LOOP('',(#1982,#1983,#1984,#1985));
#1055=AXIS2_PLACEMENT_3D('',#1986,#1987,#1988);
#1056=EDGE_LOOP('',(#1989,#1990,#1991,#1992));
#1057=AXIS2_PLACEMENT_3D('',#1993,#1994,#1995);
#1058=EDGE_LOOP('',(#1996,#1997,#1998,#1999));
#1059=AXIS2_PLACEMENT_3D('',#2000,#2001,#2002);
#1060=EDGE_LOOP('',(#2003,#2004,#2005,#2006));
#1061=AXIS2_PLACEMENT_3D('',#2007,#2008,#2009);
#1062=EDGE_LOOP('',(#2010,#2011,#2012,#2013));
#1063=AXIS2_PLACEMENT_3D('',#2014,#2015,#2016);
#1064=EDGE_LOOP('',(#2017,#2018,#2019,#2020));
#1065=AXIS2_PLACEMENT_3D('',#2021,#2022,#2023);
#1066=EDGE_LOOP('',(#2024,#2025,#2026,#2027));
#1067=AXIS2_PLACEMENT_3D('',#2028,#2029,#2030);
#1068=EDGE_LOOP('',(#2031,#2032,#2033,#2034));
#1069=AXIS2_PLACEMENT_3D('',#2035,#2036,#2037);
#1070=EDGE_LOOP('',(#2038,#2039,#2040,#2041));
#1071=AXIS2_PLACEMENT_3D('',#2042,#2043,#2044);
#1072=EDGE_LOOP('',(#2045,#2046,#2047,#2048));
#1073=AXIS2_PLACEMENT_3D('',#2049,#2050,#2051);
#1074=EDGE_LOOP('',(#2052,#2053,#2054,#2055));
#1075=AXIS2_PLACEMENT_3D('',#2056,#2057,#2058);
#1076=EDGE_LOOP('',(#2059,#2060,#2061,#2062));
#1077=AXIS2_PLACEMENT_3D('',#2063,#2064,#2065);
#1078=EDGE_LOOP('',(#2066,#2067,#2068,#2069));
#1079=AXIS2_PLACEMENT_3D('',#2070,#2071,#2072);
#1080=EDGE_LOOP('',(#2073,#2074,#2075,#2076));
#1081=AXIS2_PLACEMENT_3D('',#2077,#2078,#2079);
#1082=EDGE_LOOP('',(#2080,#2081,#2082,#2083));
#1083=AXIS2_PLACEMENT_3D('',#2084,#2085,#2086);
#1084=EDGE_LOOP('',(#2087,#2088,#2089,#2090));
#1085=AXIS2_PLACEMENT_3D('',#2091,#2092,#2093);
#1086=EDGE_LOOP('',(#2094,#2095,#2096,#2097));
#1087=AXIS2_PLACEMENT_3D('',#2098,#2099,#2100);
#1088=EDGE_LOOP('',(#2101,#2102,#2103,#2104));
#1089=AXIS2_PLACEMENT_3D('',#2105,#2106,#2107);
#1090=EDGE_LOOP('',(#2108,#2109,#2110,#2111));
#1091=AXIS2_PLACEMENT_3D('',#2112,#2113,#2114);
#1092=EDGE_LOOP('',(#2115,#2116,#2117,#2118));
#1093=AXIS2_PLACEMENT_3D('',#2119,#2120,#2121);
#1094=EDGE_LOOP('',(#2122,#2123,#2124,#2125));
#1095=AXIS2_PLACEMENT_3D('',#2126,#2127,#2128);
#1096=EDGE_LOOP('',(#2129,#2130,#2131,#2132));
#1097=AXIS2_PLACEMENT_3D('',#2133,#2134,#2135);
#1098=EDGE_LOOP('',(#2136,#2137,#2138,#2139));
#1099=AXIS2_PLACEMENT_3D('',#2140,#2141,#2142);
#1100=EDGE_LOOP('',(#2143,#2144,#2145,#2146));
#1101=AXIS2_PLACEMENT_3D('',#2147,#2148,#2149);
#1102=EDGE_LOOP('',(#2150,#2151,#2152,#2153));
#1103=AXIS2_PLACEMENT_3D('',#2154,#2155,#2156);
#1104=EDGE_LOOP('',(#2157,#2158,#2159,#2160));
#1105=AXIS2_PLACEMENT_3D('',#2161,#2162,#2163);
#1106=EDGE_LOOP('',(#2164,#2165,#2166,#2167));
#1107=AXIS2_PLACEMENT_3D('',#2168,#2169,#2170);
#1108=EDGE_LOOP('',(#2171,#2172,#2173,#2174));
#1109=AXIS2_PLACEMENT_3D('',#2175,#2176,#2177);
#1110=EDGE_LOOP('',(#2178,#2179,#2180,#2181));
#1111=AXIS2_PLACEMENT_3D('',#2182,#2183,#2184);
#1112=EDGE_LOOP('',(#2185,#2186,#2187,#2188));
#1113=AXIS2_PLACEMENT_3D('',#2189,#2190,#2191);
#1114=EDGE_LOOP('',(#2192,#2193,#2194,#2195));
#1115=AXIS2_PLACEMENT_3D('',#2196,#2197,#2198);
#1116=EDGE_LOOP('',(#2199,#2200,#2201,#2202));
#1117=AXIS2_PLACEMENT_3D('',#2203,#2204,#2205);
#1118=EDGE_LOOP('',(#2206,#2207,#2208,#2209));
#1119=AXIS2_PLACEMENT_3D('',#2210,#2211,#2212);
#1120=EDGE_LOOP('',(#2213,#2214,#2215,#2216));
#1121=AXIS2_PLACEMENT_3D('',#2217,#2218,#2219);
#1122=EDGE_LOOP('',(#2220,#2221,#2222,#2223));
#1123=AXIS2_PLACEMENT_3D('',#2224,#2225,#2226);
#1124=EDGE_LOOP('',(#2227,#2228,#2229,#2230));
#1125=AXIS2_PLACEMENT_3D('',#2231,#2232,#2233);
#1126=EDGE_LOOP('',(#2234,#2235,#2236,#2237));
#1127=AXIS2_PLACEMENT_3D('',#2238,#2239,#2240);
#1128=EDGE_LOOP('',(#2241,#2242,#2243,#2244));
#1129=AXIS2_PLACEMENT_3D('',#2245,#2246,#2247);
#1130=EDGE_LOOP('',(#2248,#2249,#2250,#2251));
#1131=AXIS2_PLACEMENT_3D('',#2252,#2253,#2254);
#1132=EDGE_LOOP('',(#2255,#2256,#2257,#2258));
#1133=AXIS2_PLACEMENT_3D('',#2259,#2260,#2261);
#1134=EDGE_LOOP('',(#2262,#2263,#2264,#2265));
#1135=AXIS2_PLACEMENT_3D('',#2266,#2267,#2268);
#1136=EDGE_LOOP('',(#2269,#2270,#2271,#2272,#2273,#2274,#2275,#2276,#2277,#2278,#2279,#2280,#2281,#2282,#2283,#2284,#2285,#2286,#2287,#2288,#2289,#2290,#2291,#2292,#2293,#2294,#2295,#2296,#2297,#2298,#2299,#2300,#2301,#2302,#2303,#2304,#2305,#2306,#2307,#2308,#2309,#2310,#2311,#2312,#2313,#2314,#2315,#2316,#2317,#2318,#2319,#2320,#2321,#2322,#2323,#2324,#2325,#2326,#2327,#2328,#2329,#2330,#2331,#2332,#2333,#2334,#2335,#2336,#2337,#2338,#2339,#2340,#2341,#2342,#2343,#2344));
#1137=AXIS2_PLACEMENT_3D('',#2345,#2346,#2347);
#1138=EDGE_LOOP('',(#2348,#2349,#2350,#2351));
#1139=AXIS2_PLACEMENT_3D('',#2352,#2353,#2354);
#1140=EDGE_LOOP('',(#2355,#2356,#2357,#2358));
#1141=AXIS2_PLACEMENT_3D('',#2359,#2360,#2361);
#1142=EDGE_LOOP('',(#2362,#2363,#2364,#2365));
#1143=AXIS2_PLACEMENT_3D('',#2366,#2367,#2368);
#1144=EDGE_LOOP('',(#2369,#2370,#2371,#2372));
#1145=AXIS2_PLACEMENT_3D('',#2373,#2374,#2375);
#1146=EDGE_LOOP('',(#2376,#2377,#2378,#2379));
#1147=AXIS2_PLACEMENT_3D('',#2380,#2381,#2382);
#1148=EDGE_LOOP('',(#2383,#2384,#2385,#2386));
#1149=AXIS2_PLACEMENT_3D('',#2387,#2388,#2389);
#1150=EDGE_LOOP('',(#2390,#2391,#2392,#2393));
#1151=AXIS2_PLACEMENT_3D('',#2394,#2395,#2396);
#1152=EDGE_LOOP('',(#2397,#2398,#2399,#2400));
#1153=AXIS2_PLACEMENT_3D('',#2401,#2402,#2403);
#1154=EDGE_LOOP('',(#2404,#2405,#2406,#2407));
#1155=AXIS2_PLACEMENT_3D('',#2408,#2409,#2410);
#1156=EDGE_LOOP('',(#2411,#2412,#2413,#2414));
#1157=AXIS2_PLACEMENT_3D('',#2415,#2416,#2417);
#1158=EDGE_LOOP('',(#2418,#2419,#2420,#2421));
#1159=AXIS2_PLACEMENT_3D('',#2422,#2423,#2424);
#1160=EDGE_LOOP('',(#2425,#2426,#2427,#2428));
#1161=AXIS2_PLACEMENT_3D('',#2429,#2430,#2431);
#1162=EDGE_LOOP('',(#2432,#2433,#2434,#2435));
#1163=AXIS2_PLACEMENT_3D('',#2436,#2437,#2438);
#1164=EDGE_LOOP('',(#2439,#2440,#2441,#2442));
#1165=AXIS2_PLACEMENT_3D('',#2443,#2444,#2445);
#1166=EDGE_LOOP('',(#2446,#2447,#2448,#2449));
#1167=AXIS2_PLACEMENT_3D('',#2450,#2451,#2452);
#1168=EDGE_LOOP('',(#2453,#2454,#2455,#2456));
#1169=AXIS2_PLACEMENT_3D('',#2457,#2458,#2459);
#1170=EDGE_LOOP('',(#2460,#2461,#2462,#2463));
#1171=AXIS2_PLACEMENT_3D('',#2464,#2465,#2466);
#1172=EDGE_LOOP('',(#2467,#2468,#2469,#2470));
#1173=AXIS2_PLACEMENT_3D('',#2471,#2472,#2473);
#1174=EDGE_LOOP('',(#2474,#2475,#2476,#2477));
#1175=AXIS2_PLACEMENT_3D('',#2478,#2479,#2480);
#1176=EDGE_LOOP('',(#2481,#2482,#2483,#2484));
#1177=AXIS2_PLACEMENT_3D('',#2485,#2486,#2487);
#1178=EDGE_LOOP('',(#2488,#2489,#2490,#2491,#2492,#2493,#2494,#2495,#2496,#2497,#2498,#2499,#2500,#2501,#2502,#2503,#2504,#2505,#2506,#2507,#2508,#2509,#2510,#2511,#2512,#2513,#2514,#2515,#2516,#2517,#2518,#2519,#2520,#2521,#2522,#2523,#2524,#2525,#2526,#2527,#2528,#2529,#2530,#2531));
#1179=AXIS2_PLACEMENT_3D('',#2532,#2533,#2534);
#1180=EDGE_LOOP('',(#2535,#2536,#2537,#2538,#2539,#2540));
#1181=AXIS2_PLACEMENT_3D('',#2541,#2542,#2543);
#1182=EDGE_LOOP('',(#2544,#2545,#2546,#2547));
#1183=AXIS2_PLACEMENT_3D('',#2548,#2549,#2550);
#1184=EDGE_LOOP('',(#2551,#2552,#2553,#2554));
#1185=AXIS2_PLACEMENT_3D('',#2555,#2556,#2557);
#1186=EDGE_LOOP('',(#2558,#2559,#2560,#2561));
#1187=AXIS2_PLACEMENT_3D('',#2562,#2563,#2564);
#1188=EDGE_LOOP('',(#2565,#2566,#2567,#2568));
#1189=AXIS2_PLACEMENT_3D('',#2569,#2570,#2571);
#1190=EDGE_LOOP('',(#2572,#2573,#2574,#2575));
#1191=AXIS2_PLACEMENT_3D('',#2576,#2577,#2578);
#1192=EDGE_LOOP('',(#2579,#2580,#2581,#2582,#2583,#2584,#2585,#2586,#2587,#2588,#2589,#2590,#2591,#2592,#2593,#2594,#2595,#2596,#2597,#2598,#2599,#2600,#2601,#2602,#2603,#2604,#2605,#2606,#2607,#2608,#2609,#2610,#2611,#2612,#2613,#2614,#2615,#2616,#2617,#2618,#2619,#2620,#2621));
#1193=AXIS2_PLACEMENT_3D('',#2622,#2623,#2624);
#1194=EDGE_LOOP('',(#2625,#2626,#2627,#2628));
#1195=AXIS2_PLACEMENT_3D('',#2629,#2630,#2631);
#1196=EDGE_LOOP('',(#2632,#2633,#2634,#2635));
#1197=AXIS2_PLACEMENT_3D('',#2636,#2637,#2638);
#1198=EDGE_LOOP('',(#2639,#2640,#2641,#2642,#2643));
#1199=AXIS2_PLACEMENT_3D('',#2644,#2645,#2646);
#1200=EDGE_LOOP('',(#2647,#2648,#2649,#2650,#2651));
#1201=AXIS2_PLACEMENT_3D('',#2652,#2653,#2654);
#1202=EDGE_LOOP('',(#2655,#2656,#2657,#2658,#2659));
#1203=AXIS2_PLACEMENT_3D('',#2660,#2661,#2662);
#1204=EDGE_LOOP('',(#2663,#2664,#2665,#2666));
#1205=AXIS2_PLACEMENT_3D('',#2667,#2668,#2669);
#1206=EDGE_LOOP('',(#2670,#2671,#2672,#2673,#2674));
#1207=AXIS2_PLACEMENT_3D('',#2675,#2676,#2677);
#1208=EDGE_LOOP('',(#2678,#2679,#2680,#2681,#2682,#2683,#2684,#2685));
#1209=AXIS2_PLACEMENT_3D('',#2686,#2687,#2688);
#1210=EDGE_LOOP('',(#2689,#2690,#2691,#2692,#2693));
#1211=AXIS2_PLACEMENT_3D('',#2694,#2695,#2696);
#1212=EDGE_LOOP('',(#2697,#2698,#2699,#2700));
#1213=AXIS2_PLACEMENT_3D('',#2701,#2702,#2703);
#1214=EDGE_LOOP('',(#2704,#2705,#2706,#2707,#2708,#2709,#2710,#2711));
#1215=AXIS2_PLACEMENT_3D('',#2712,#2713,#2714);
#1216=EDGE_LOOP('',(#2715,#2716,#2717,#2718,#2719));
#1217=AXIS2_PLACEMENT_3D('',#2720,#2721,#2722);
#1218=EDGE_LOOP('',(#2723,#2724,#2725,#2726));
#1219=AXIS2_PLACEMENT_3D('',#2727,#2728,#2729);
#1220=EDGE_LOOP('',(#2730,#2731,#2732,#2733,#2734,#2735,#2736,#2737,#2738,#2739,#2740,#2741,#2742,#2743,#2744,#2745,#2746,#2747,#2748,#2749,#2750,#2751,#2752,#2753,#2754,#2755,#2756,#2757,#2758,#2759,#2760,#2761,#2762,#2763,#2764,#2765,#2766,#2767,#2768,#2769,#2770,#2771,#2772));
#1221=AXIS2_PLACEMENT_3D('',#2773,#2774,#2775);
#1222=EDGE_LOOP('',(#2776,#2777,#2778,#2779));
#1223=AXIS2_PLACEMENT_3D('',#2780,#2781,#2782);
#1224=EDGE_LOOP('',(#2783,#2784,#2785,#2786));
#1225=AXIS2_PLACEMENT_3D('',#2787,#2788,#2789);
#1226=EDGE_LOOP('',(#2790,#2791,#2792,#2793));
#1227=AXIS2_PLACEMENT_3D('',#2794,#2795,#2796);
#1228=EDGE_LOOP('',(#2797,#2798,#2799,#2800));
#1229=AXIS2_PLACEMENT_3D('',#2801,#2802,#2803);
#1230=EDGE_LOOP('',(#2804,#2805,#2806,#2807));
#1231=AXIS2_PLACEMENT_3D('',#2808,#2809,#2810);
#1232=EDGE_LOOP('',(#2811,#2812,#2813,#2814));
#1233=AXIS2_PLACEMENT_3D('',#2815,#2816,#2817);
#1234=EDGE_LOOP('',(#2818,#2819,#2820,#2821));
#1235=AXIS2_PLACEMENT_3D('',#2822,#2823,#2824);
#1236=EDGE_LOOP('',(#2825,#2826,#2827,#2828));
#1237=AXIS2_PLACEMENT_3D('',#2829,#2830,#2831);
#1238=EDGE_LOOP('',(#2832,#2833,#2834,#2835,#2836,#2837,#2838,#2839,#2840,#2841,#2842,#2843,#2844,#2845,#2846,#2847,#2848,#2849,#2850,#2851,#2852,#2853,#2854,#2855,#2856,#2857,#2858,#2859,#2860,#2861,#2862,#2863,#2864,#2865,#2866,#2867,#2868,#2869,#2870,#2871,#2872,#2873,#2874,#2875));
#1239=AXIS2_PLACEMENT_3D('',#2876,#2877,#2878);
#1240=EDGE_LOOP('',(#2879,#2880,#2881,#2882));
#1241=AXIS2_PLACEMENT_3D('',#2883,#2884,#2885);
#1242=EDGE_LOOP('',(#2886,#2887,#2888,#2889));
#1243=AXIS2_PLACEMENT_3D('',#2890,#2891,#2892);
#1244=EDGE_LOOP('',(#2893,#2894,#2895,#2896));
#1245=AXIS2_PLACEMENT_3D('',#2897,#2898,#2899);
#1246=EDGE_LOOP('',(#2900,#2901,#2902,#2903));
#1247=AXIS2_PLACEMENT_3D('',#2904,#2905,#2906);
#1248=EDGE_LOOP('',(#2907,#2908,#2909,#2910));
#1249=AXIS2_PLACEMENT_3D('',#2911,#2912,#2913);
#1250=EDGE_LOOP('',(#2914,#2915,#2916,#2917));
#1251=AXIS2_PLACEMENT_3D('',#2918,#2919,#2920);
#1252=EDGE_LOOP('',(#2921,#2922,#2923,#2924));
#1253=AXIS2_PLACEMENT_3D('',#2925,#2926,#2927);
#1254=EDGE_LOOP('',(#2928,#2929,#2930,#2931));
#1255=AXIS2_PLACEMENT_3D('',#2932,#2933,#2934);
#1256=EDGE_LOOP('',(#2935,#2936,#2937,#2938));
#1257=AXIS2_PLACEMENT_3D('',#2939,#2940,#2941);
#1258=EDGE_LOOP('',(#2942,#2943,#2944,#2945));
#1259=AXIS2_PLACEMENT_3D('',#2946,#2947,#2948);
#1260=EDGE_LOOP('',(#2949,#2950,#2951,#2952));
#1261=AXIS2_PLACEMENT_3D('',#2953,#2954,#2955);
#1262=EDGE_LOOP('',(#2956,#2957,#2958,#2959));
#1263=AXIS2_PLACEMENT_3D('',#2960,#2961,#2962);
#1264=EDGE_LOOP('',(#2963,#2964,#2965,#2966));
#1265=AXIS2_PLACEMENT_3D('',#2967,#2968,#2969);
#1266=EDGE_LOOP('',(#2970,#2971,#2972,#2973));
#1267=AXIS2_PLACEMENT_3D('',#2974,#2975,#2976);
#1268=EDGE_LOOP('',(#2977,#2978,#2979,#2980));
#1269=AXIS2_PLACEMENT_3D('',#2981,#2982,#2983);
#1270=EDGE_LOOP('',(#2984,#2985,#2986,#2987));
#1271=AXIS2_PLACEMENT_3D('',#2988,#2989,#2990);
#1272=EDGE_LOOP('',(#2991,#2992,#2993,#2994));
#1273=AXIS2_PLACEMENT_3D('',#2995,#2996,#2997);
#1274=EDGE_LOOP('',(#2998,#2999,#3000,#3001));
#1275=AXIS2_PLACEMENT_3D('',#3002,#3003,#3004);
#1276=EDGE_LOOP('',(#3005,#3006,#3007,#3008));
#1277=AXIS2_PLACEMENT_3D('',#3009,#3010,#3011);
#1278=EDGE_LOOP('',(#3012,#3013,#3014,#3015));
#1279=AXIS2_PLACEMENT_3D('',#3016,#3017,#3018);
#1280=EDGE_LOOP('',(#3019,#3020,#3021,#3022));
#1281=AXIS2_PLACEMENT_3D('',#3023,#3024,#3025);
#1282=EDGE_LOOP('',(#3026,#3027,#3028,#3029));
#1283=AXIS2_PLACEMENT_3D('',#3030,#3031,#3032);
#1284=EDGE_LOOP('',(#3033,#3034,#3035,#3036));
#1285=AXIS2_PLACEMENT_3D('',#3037,#3038,#3039);
#1286=EDGE_LOOP('',(#3040,#3041,#3042,#3043));
#1287=AXIS2_PLACEMENT_3D('',#3044,#3045,#3046);
#1288=EDGE_LOOP('',(#3047,#3048,#3049,#3050));
#1289=AXIS2_PLACEMENT_3D('',#3051,#3052,#3053);
#1290=EDGE_LOOP('',(#3054,#3055,#3056,#3057,#3058));
#1291=AXIS2_PLACEMENT_3D('',#3059,#3060,#3061);
#1292=EDGE_LOOP('',(#3062,#3063,#3064,#3065));
#1293=AXIS2_PLACEMENT_3D('',#3066,#3067,#3068);
#1294=EDGE_LOOP('',(#3069,#3070,#3071,#3072));
#1295=AXIS2_PLACEMENT_3D('',#3073,#3074,#3075);
#1296=EDGE_LOOP('',(#3076,#3077,#3078,#3079));
#1297=AXIS2_PLACEMENT_3D('',#3080,#3081,#3082);
#1298=EDGE_LOOP('',(#3083,#3084,#3085,#3086));
#1299=AXIS2_PLACEMENT_3D('',#3087,#3088,#3089);
#1300=EDGE_LOOP('',(#3090,#3091,#3092,#3093));
#1301=AXIS2_PLACEMENT_3D('',#3094,#3095,#3096);
#1302=EDGE_LOOP('',(#3097,#3098,#3099,#3100));
#1303=AXIS2_PLACEMENT_3D('',#3101,#3102,#3103);
#1304=EDGE_LOOP('',(#3104,#3105,#3106,#3107));
#1305=AXIS2_PLACEMENT_3D('',#3108,#3109,#3110);
#1306=EDGE_LOOP('',(#3111,#3112,#3113,#3114));
#1307=AXIS2_PLACEMENT_3D('',#3115,#3116,#3117);
#1308=EDGE_LOOP('',(#3118,#3119,#3120,#3121));
#1309=AXIS2_PLACEMENT_3D('',#3122,#3123,#3124);
#1310=EDGE_LOOP('',(#3125,#3126,#3127,#3128));
#1311=AXIS2_PLACEMENT_3D('',#3129,#3130,#3131);
#1312=EDGE_LOOP('',(#3132,#3133,#3134,#3135));
#1313=AXIS2_PLACEMENT_3D('',#3136,#3137,#3138);
#1314=EDGE_LOOP('',(#3139,#3140,#3141,#3142));
#1315=AXIS2_PLACEMENT_3D('',#3143,#3144,#3145);
#1316=EDGE_LOOP('',(#3146,#3147,#3148,#3149));
#1317=AXIS2_PLACEMENT_3D('',#3150,#3151,#3152);
#1318=EDGE_LOOP('',(#3153,#3154,#3155,#3156));
#1319=AXIS2_PLACEMENT_3D('',#3157,#3158,#3159);
#1320=EDGE_LOOP('',(#3160,#3161,#3162,#3163));
#1321=AXIS2_PLACEMENT_3D('',#3164,#3165,#3166);
#1322=EDGE_LOOP('',(#3167,#3168,#3169,#3170));
#1323=AXIS2_PLACEMENT_3D('',#3171,#3172,#3173);
#1324=EDGE_LOOP('',(#3174,#3175,#3176,#3177,#3178));
#1325=AXIS2_PLACEMENT_3D('',#3179,#3180,#3181);
#1326=EDGE_LOOP('',(#3182,#3183,#3184,#3185));
#1327=AXIS2_PLACEMENT_3D('',#3186,#3187,#3188);
#1328=EDGE_LOOP('',(#3189,#3190,#3191,#3192));
#1329=AXIS2_PLACEMENT_3D('',#3193,#3194,#3195);
#1330=EDGE_LOOP('',(#3196,#3197,#3198,#3199));
#1331=AXIS2_PLACEMENT_3D('',#3200,#3201,#3202);
#1332=EDGE_LOOP('',(#3203,#3204,#3205,#3206));
#1333=AXIS2_PLACEMENT_3D('',#3207,#3208,#3209);
#1334=EDGE_LOOP('',(#3210,#3211,#3212,#3213));
#1335=AXIS2_PLACEMENT_3D('',#3214,#3215,#3216);
#1336=EDGE_LOOP('',(#3217,#3218,#3219,#3220));
#1337=AXIS2_PLACEMENT_3D('',#3221,#3222,#3223);
#1338=EDGE_LOOP('',(#3224,#3225,#3226,#3227));
#1339=AXIS2_PLACEMENT_3D('',#3228,#3229,#3230);
#1340=EDGE_LOOP('',(#3231,#3232,#3233,#3234));
#1341=AXIS2_PLACEMENT_3D('',#3235,#3236,#3237);
#1342=EDGE_LOOP('',(#3238,#3239,#3240,#3241));
#1343=AXIS2_PLACEMENT_3D('',#3242,#3243,#3244);
#1344=EDGE_LOOP('',(#3245,#3246,#3247,#3248));
#1345=AXIS2_PLACEMENT_3D('',#3249,#3250,#3251);
#1346=EDGE_LOOP('',(#3252,#3253,#3254,#3255));
#1347=AXIS2_PLACEMENT_3D('',#3256,#3257,#3258);
#1348=EDGE_LOOP('',(#3259,#3260,#3261,#3262));
#1349=AXIS2_PLACEMENT_3D('',#3263,#3264,#3265);
#1350=EDGE_LOOP('',(#3266,#3267,#3268,#3269));
#1351=AXIS2_PLACEMENT_3D('',#3270,#3271,#3272);
#1352=EDGE_LOOP('',(#3273,#3274,#3275,#3276));
#1353=AXIS2_PLACEMENT_3D('',#3277,#3278,#3279);
#1354=EDGE_LOOP('',(#3280,#3281,#3282,#3283));
#1355=AXIS2_PLACEMENT_3D('',#3284,#3285,#3286);
#1356=EDGE_LOOP('',(#3287,#3288,#3289,#3290));
#1357=AXIS2_PLACEMENT_3D('',#3291,#3292,#3293);
#1358=EDGE_LOOP('',(#3294,#3295,#3296,#3297));
#1359=AXIS2_PLACEMENT_3D('',#3298,#3299,#3300);
#1360=EDGE_LOOP('',(#3301,#3302,#3303,#3304));
#1361=AXIS2_PLACEMENT_3D('',#3305,#3306,#3307);
#1362=EDGE_LOOP('',(#3308,#3309,#3310,#3311));
#1363=AXIS2_PLACEMENT_3D('',#3312,#3313,#3314);
#1364=EDGE_LOOP('',(#3315,#3316,#3317,#3318));
#1365=AXIS2_PLACEMENT_3D('',#3319,#3320,#3321);
#1366=EDGE_LOOP('',(#3322,#3323,#3324,#3325,#3326,#3327,#3328,#3329,#3330,#3331,#3332,#3333,#3334,#3335,#3336,#3337,#3338,#3339,#3340,#3341,#3342,#3343,#3344,#3345,#3346,#3347,#3348,#3349,#3350,#3351,#3352,#3353,#3354,#3355,#3356,#3357,#3358,#3359,#3360,#3361,#3362,#3363,#3364,#3365));
#1367=AXIS2_PLACEMENT_3D('',#3366,#3367,#3368);
#1368=EDGE_LOOP('',(#3369,#3370,#3371,#3372,#3373,#3374));
#1369=AXIS2_PLACEMENT_3D('',#3375,#3376,#3377);
#1370=EDGE_LOOP('',(#3378,#3379,#3380,#3381));
#1371=AXIS2_PLACEMENT_3D('',#3382,#3383,#3384);
#1372=EDGE_LOOP('',(#3385,#3386,#3387,#3388));
#1373=AXIS2_PLACEMENT_3D('',#3389,#3390,#3391);
#1374=EDGE_LOOP('',(#3392,#3393,#3394,#3395));
#1375=AXIS2_PLACEMENT_3D('',#3396,#3397,#3398);
#1376=EDGE_LOOP('',(#3399,#3400,#3401,#3402));
#1377=AXIS2_PLACEMENT_3D('',#3403,#3404,#3405);
#1378=EDGE_LOOP('',(#3406,#3407,#3408,#3409));
#1379=AXIS2_PLACEMENT_3D('',#3410,#3411,#3412);
#1380=EDGE_LOOP('',(#3413,#3414,#3415,#3416,#3417,#3418,#3419,#3420,#3421,#3422,#3423,#3424,#3425,#3426,#3427,#3428,#3429,#3430,#3431,#3432,#3433,#3434,#3435,#3436,#3437,#3438,#3439,#3440,#3441,#3442,#3443,#3444,#3445,#3446,#3447,#3448,#3449,#3450,#3451,#3452,#3453,#3454,#3455));
#1381=AXIS2_PLACEMENT_3D('',#3456,#3457,#3458);
#1382=EDGE_LOOP('',(#3459,#3460,#3461,#3462));
#1383=AXIS2_PLACEMENT_3D('',#3463,#3464,#3465);
#1384=EDGE_LOOP('',(#3466,#3467,#3468,#3469));
#1385=AXIS2_PLACEMENT_3D('',#3470,#3471,#3472);
#1386=EDGE_LOOP('',(#3473,#3474,#3475,#3476,#3477));
#1387=AXIS2_PLACEMENT_3D('',#3478,#3479,#3480);
#1388=EDGE_LOOP('',(#3481,#3482,#3483,#3484,#3485));
#1389=AXIS2_PLACEMENT_3D('',#3486,#3487,#3488);
#1390=EDGE_LOOP('',(#3489,#3490,#3491,#3492,#3493));
#1391=AXIS2_PLACEMENT_3D('',#3494,#3495,#3496);
#1392=EDGE_LOOP('',(#3497,#3498,#3499,#3500));
#1393=AXIS2_PLACEMENT_3D('',#3501,#3502,#3503);
#1394=EDGE_LOOP('',(#3504,#3505,#3506,#3507,#3508));
#1395=AXIS2_PLACEMENT_3D('',#3509,#3510,#3511);
#1396=EDGE_LOOP('',(#3512,#3513,#3514,#3515,#3516,#3517,#3518,#3519));
#1397=AXIS2_PLACEMENT_3D('',#3520,#3521,#3522);
#1398=EDGE_LOOP('',(#3523,#3524,#3525,#3526,#3527));
#1399=AXIS2_PLACEMENT_3D('',#3528,#3529,#3530);
#1400=EDGE_LOOP('',(#3531,#3532,#3533,#3534));
#1401=AXIS2_PLACEMENT_3D('',#3535,#3536,#3537);
#1402=EDGE_LOOP('',(#3538,#3539,#3540,#3541,#3542,#3543,#3544,#3545));
#1403=AXIS2_PLACEMENT_3D('',#3546,#3547,#3548);
#1404=EDGE_LOOP('',(#3549,#3550,#3551,#3552,#3553));
#1405=AXIS2_PLACEMENT_3D('',#3554,#3555,#3556);
#1406=EDGE_LOOP('',(#3557,#3558,#3559,#3560));
#1407=AXIS2_PLACEMENT_3D('',#3561,#3562,#3563);
#1408=EDGE_LOOP('',(#3564,#3565,#3566,#3567,#3568,#3569,#3570,#3571,#3572,#3573,#3574,#3575,#3576,#3577,#3578,#3579,#3580,#3581,#3582,#3583,#3584,#3585,#3586,#3587,#3588,#3589,#3590,#3591,#3592,#3593,#3594,#3595,#3596,#3597,#3598,#3599,#3600,#3601,#3602,#3603,#3604,#3605,#3606));
#1409=AXIS2_PLACEMENT_3D('',#3607,#3608,#3609);
#1410=EDGE_LOOP('',(#3610,#3611,#3612,#3613));
#1411=AXIS2_PLACEMENT_3D('',#3614,#3615,#3616);
#1412=EDGE_LOOP('',(#3617,#3618,#3619,#3620));
#1413=AXIS2_PLACEMENT_3D('',#3621,#3622,#3623);
#1414=EDGE_LOOP('',(#3624,#3625,#3626,#3627));
#1415=AXIS2_PLACEMENT_3D('',#3628,#3629,#3630);
#1416=EDGE_LOOP('',(#3631,#3632,#3633,#3634));
#1417=AXIS2_PLACEMENT_3D('',#3635,#3636,#3637);
#1418=EDGE_LOOP('',(#3638,#3639,#3640,#3641));
#1419=AXIS2_PLACEMENT_3D('',#3642,#3643,#3644);
#1420=EDGE_LOOP('',(#3645,#3646,#3647,#3648));
#1421=AXIS2_PLACEMENT_3D('',#3649,#3650,#3651);
#1422=EDGE_LOOP('',(#3652,#3653,#3654,#3655));
#1423=AXIS2_PLACEMENT_3D('',#3656,#3657,#3658);
#1424=EDGE_LOOP('',(#3659,#3660,#3661,#3662));
#1425=AXIS2_PLACEMENT_3D('',#3663,#3664,#3665);
#1426=EDGE_LOOP('',(#3666,#3667,#3668,#3669,#3670,#3671,#3672,#3673,#3674,#3675,#3676,#3677,#3678,#3679,#3680,#3681,#3682,#3683,#3684,#3685,#3686,#3687,#3688,#3689,#3690,#3691,#3692,#3693,#3694,#3695,#3696,#3697,#3698,#3699,#3700,#3701,#3702,#3703,#3704,#3705,#3706,#3707,#3708,#3709));
#1427=AXIS2_PLACEMENT_3D('',#3710,#3711,#3712);
#1428=EDGE_LOOP('',(#3713,#3714,#3715,#3716));
#1429=AXIS2_PLACEMENT_3D('',#3717,#3718,#3719);
#1430=EDGE_LOOP('',(#3720,#3721,#3722,#3723));
#1431=AXIS2_PLACEMENT_3D('',#3724,#3725,#3726);
#1432=EDGE_LOOP('',(#3727,#3728,#3729,#3730));
#1433=AXIS2_PLACEMENT_3D('',#3731,#3732,#3733);
#1434=EDGE_LOOP('',(#3734,#3735,#3736,#3737));
#1435=AXIS2_PLACEMENT_3D('',#3738,#3739,#3740);
#1436=EDGE_LOOP('',(#3741,#3742,#3743,#3744));
#1437=AXIS2_PLACEMENT_3D('',#3745,#3746,#3747);
#1438=EDGE_LOOP('',(#3748,#3749,#3750,#3751));
#1439=AXIS2_PLACEMENT_3D('',#3752,#3753,#3754);
#1440=EDGE_LOOP('',(#3755,#3756,#3757,#3758));
#1441=AXIS2_PLACEMENT_3D('',#3759,#3760,#3761);
#1442=EDGE_LOOP('',(#3762,#3763,#3764,#3765));
#1443=AXIS2_PLACEMENT_3D('',#3766,#3767,#3768);
#1444=EDGE_LOOP('',(#3769,#3770,#3771,#3772));
#1445=AXIS2_PLACEMENT_3D('',#3773,#3774,#3775);
#1446=EDGE_LOOP('',(#3776,#3777,#3778,#3779));
#1447=AXIS2_PLACEMENT_3D('',#3780,#3781,#3782);
#1448=EDGE_LOOP('',(#3783,#3784,#3785,#3786));
#1449=AXIS2_PLACEMENT_3D('',#3787,#3788,#3789);
#1450=EDGE_LOOP('',(#3790,#3791,#3792,#3793));
#1451=AXIS2_PLACEMENT_3D('',#3794,#3795,#3796);
#1452=EDGE_LOOP('',(#3797,#3798,#3799,#3800));
#1453=AXIS2_PLACEMENT_3D('',#3801,#3802,#3803);
#1454=EDGE_LOOP('',(#3804,#3805,#3806,#3807));
#1455=AXIS2_PLACEMENT_3D('',#3808,#3809,#3810);
#1456=EDGE_LOOP('',(#3811,#3812,#3813,#3814));
#1457=AXIS2_PLACEMENT_3D('',#3815,#3816,#3817);
#1458=EDGE_LOOP('',(#3818,#3819,#3820,#3821));
#1459=AXIS2_PLACEMENT_3D('',#3822,#3823,#3824);
#1460=EDGE_LOOP('',(#3825,#3826,#3827,#3828));
#1461=AXIS2_PLACEMENT_3D('',#3829,#3830,#3831);
#1462=EDGE_LOOP('',(#3832,#3833,#3834,#3835));
#1463=AXIS2_PLACEMENT_3D('',#3836,#3837,#3838);
#1464=EDGE_LOOP('',(#3839,#3840,#3841,#3842));
#1465=AXIS2_PLACEMENT_3D('',#3843,#3844,#3845);
#1466=EDGE_LOOP('',(#3846,#3847,#3848,#3849));
#1467=AXIS2_PLACEMENT_3D('',#3850,#3851,#3852);
#1468=EDGE_LOOP('',(#3853,#3854,#3855,#3856));
#1469=AXIS2_PLACEMENT_3D('',#3857,#3858,#3859);
#1470=EDGE_LOOP('',(#3860,#3861,#3862,#3863));
#1471=AXIS2_PLACEMENT_3D('',#3864,#3865,#3866);
#1472=EDGE_LOOP('',(#3867,#3868,#3869,#3870));
#1473=AXIS2_PLACEMENT_3D('',#3871,#3872,#3873);
#1474=EDGE_LOOP('',(#3874,#3875,#3876,#3877));
#1475=AXIS2_PLACEMENT_3D('',#3878,#3879,#3880);
#1476=EDGE_LOOP('',(#3881,#3882,#3883,#3884));
#1477=AXIS2_PLACEMENT_3D('',#3885,#3886,#3887);
#1478=EDGE_LOOP('',(#3888,#3889,#3890,#3891,#3892));
#1479=AXIS2_PLACEMENT_3D('',#3893,#3894,#3895);
#1480=EDGE_LOOP('',(#3896,#3897,#3898,#3899));
#1481=AXIS2_PLACEMENT_3D('',#3900,#3901,#3902);
#1482=EDGE_LOOP('',(#3903,#3904,#3905,#3906));
#1483=AXIS2_PLACEMENT_3D('',#3907,#3908,#3909);
#1484=EDGE_LOOP('',(#3910,#3911,#3912,#3913));
#1485=AXIS2_PLACEMENT_3D('',#3914,#3915,#3916);
#1486=EDGE_LOOP('',(#3917,#3918,#3919,#3920));
#1487=AXIS2_PLACEMENT_3D('',#3921,#3922,#3923);
#1488=EDGE_LOOP('',(#3924,#3925,#3926,#3927));
#1489=AXIS2_PLACEMENT_3D('',#3928,#3929,#3930);
#1490=EDGE_LOOP('',(#3931,#3932,#3933,#3934));
#1491=AXIS2_PLACEMENT_3D('',#3935,#3936,#3937);
#1492=EDGE_LOOP('',(#3938,#3939,#3940,#3941));
#1493=AXIS2_PLACEMENT_3D('',#3942,#3943,#3944);
#1494=EDGE_LOOP('',(#3945,#3946,#3947,#3948));
#1495=AXIS2_PLACEMENT_3D('',#3949,#3950,#3951);
#1496=EDGE_LOOP('',(#3952,#3953,#3954,#3955));
#1497=AXIS2_PLACEMENT_3D('',#3956,#3957,#3958);
#1498=EDGE_LOOP('',(#3959,#3960,#3961,#3962));
#1499=AXIS2_PLACEMENT_3D('',#3963,#3964,#3965);
#1500=EDGE_LOOP('',(#3966,#3967,#3968,#3969));
#1501=AXIS2_PLACEMENT_3D('',#3970,#3971,#3972);
#1502=EDGE_LOOP('',(#3973,#3974,#3975,#3976));
#1503=AXIS2_PLACEMENT_3D('',#3977,#3978,#3979);
#1504=EDGE_LOOP('',(#3980,#3981,#3982,#3983));
#1505=AXIS2_PLACEMENT_3D('',#3984,#3985,#3986);
#1506=EDGE_LOOP('',(#3987,#3988,#3989,#3990));
#1507=AXIS2_PLACEMENT_3D('',#3991,#3992,#3993);
#1508=EDGE_LOOP('',(#3994,#3995,#3996,#3997));
#1509=AXIS2_PLACEMENT_3D('',#3998,#3999,#4000);
#1510=EDGE_LOOP('',(#4001,#4002,#4003,#4004));
#1511=AXIS2_PLACEMENT_3D('',#4005,#4006,#4007);
#1512=EDGE_LOOP('',(#4008,#4009,#4010,#4011,#4012));
#1513=AXIS2_PLACEMENT_3D('',#4013,#4014,#4015);
#1514=ORIENTED_EDGE('',*,*,#4016,.F.);
#1515=ORIENTED_EDGE('',*,*,#4017,.F.);
#1516=ORIENTED_EDGE('',*,*,#4018,.F.);
#1517=ORIENTED_EDGE('',*,*,#4019,.F.);
#1518=CARTESIAN_POINT('',(12.55,6.35000000000161,4.5));
#1519=DIRECTION('',(-0.0,-1.0,0.0));
#1520=DIRECTION('',(-1.0,0.0,0.0));
#1521=ORIENTED_EDGE('',*,*,#4020,.F.);
#1522=ORIENTED_EDGE('',*,*,#4021,.F.);
#1523=ORIENTED_EDGE('',*,*,#4022,.F.);
#1524=ORIENTED_EDGE('',*,*,#4023,.F.);
#1525=CARTESIAN_POINT('',(22.35,6.35000000000161,4.5));
#1526=DIRECTION('',(-0.0,-1.0,0.0));
#1527=DIRECTION('',(-1.0,0.0,0.0));
#1528=ORIENTED_EDGE('',*,*,#4024,.F.);
#1529=ORIENTED_EDGE('',*,*,#4025,.F.);
#1530=ORIENTED_EDGE('',*,*,#4026,.F.);
#1531=ORIENTED_EDGE('',*,*,#4027,.F.);
#1532=CARTESIAN_POINT('',(17.45,6.35000000000161,25.4));
#1533=DIRECTION('',(-0.0,-1.0,0.0));
#1534=DIRECTION('',(-1.0,0.0,0.0));
#1535=ORIENTED_EDGE('',*,*,#4028,.F.);
#1536=ORIENTED_EDGE('',*,*,#4029,.F.);
#1537=ORIENTED_EDGE('',*,*,#4030,.F.);
#1538=ORIENTED_EDGE('',*,*,#4031,.F.);
#1539=CARTESIAN_POINT('',(17.45,6.35000000000161,18.3));
#1540=DIRECTION('',(-0.0,-1.0,0.0));
#1541=DIRECTION('',(-1.0,0.0,0.0));
#1542=ORIENTED_EDGE('',*,*,#4032,.F.);
#1543=ORIENTED_EDGE('',*,*,#4033,.F.);
#1544=ORIENTED_EDGE('',*,*,#4034,.F.);
#1545=ORIENTED_EDGE('',*,*,#4035,.F.);
#1546=CARTESIAN_POINT('',(17.45,6.35000000000161,13.5));
#1547=DIRECTION('',(-0.0,-1.0,0.0));
#1548=DIRECTION('',(-1.0,0.0,0.0));
#1549=ORIENTED_EDGE('',*,*,#4032,.T.);
#1550=ORIENTED_EDGE('',*,*,#4036,.F.);
#1551=ORIENTED_EDGE('',*,*,#4034,.T.);
#1552=ORIENTED_EDGE('',*,*,#4037,.F.);
#1553=CARTESIAN_POINT('',(17.45,6.35000000000161,13.5));
#1554=DIRECTION('',(-0.0,-1.0,0.0));
#1555=DIRECTION('',(-1.0,0.0,0.0));
#1556=ORIENTED_EDGE('',*,*,#4028,.T.);
#1557=ORIENTED_EDGE('',*,*,#4038,.F.);
#1558=ORIENTED_EDGE('',*,*,#4030,.T.);
#1559=ORIENTED_EDGE('',*,*,#4039,.F.);
#1560=CARTESIAN_POINT('',(17.45,6.35000000000161,18.3));
#1561=DIRECTION('',(-0.0,-1.0,0.0));
#1562=DIRECTION('',(-1.0,0.0,0.0));
#1563=ORIENTED_EDGE('',*,*,#4024,.T.);
#1564=ORIENTED_EDGE('',*,*,#4040,.F.);
#1565=ORIENTED_EDGE('',*,*,#4026,.T.);
#1566=ORIENTED_EDGE('',*,*,#4041,.F.);
#1567=CARTESIAN_POINT('',(17.45,6.35000000000161,25.4));
#1568=DIRECTION('',(-0.0,-1.0,0.0));
#1569=DIRECTION('',(-1.0,0.0,0.0));
#1570=ORIENTED_EDGE('',*,*,#4020,.T.);
#1571=ORIENTED_EDGE('',*,*,#4042,.F.);
#1572=ORIENTED_EDGE('',*,*,#4043,.F.);
#1573=ORIENTED_EDGE('',*,*,#4044,.F.);
#1574=CARTESIAN_POINT('',(22.35,6.35000000000161,4.5));
#1575=DIRECTION('',(-0.0,-1.0,0.0));
#1576=DIRECTION('',(-1.0,0.0,0.0));
#1577=ORIENTED_EDGE('',*,*,#4016,.T.);
#1578=ORIENTED_EDGE('',*,*,#4045,.F.);
#1579=ORIENTED_EDGE('',*,*,#4046,.F.);
#1580=ORIENTED_EDGE('',*,*,#4047,.F.);
#1581=CARTESIAN_POINT('',(12.55,6.35000000000161,4.5));
#1582=DIRECTION('',(-0.0,-1.0,0.0));
#1583=DIRECTION('',(-1.0,0.0,0.0));
#1584=ORIENTED_EDGE('',*,*,#4043,.T.);
#1585=ORIENTED_EDGE('',*,*,#4048,.F.);
#1586=ORIENTED_EDGE('',*,*,#4049,.F.);
#1587=ORIENTED_EDGE('',*,*,#4050,.F.);
#1588=CARTESIAN_POINT('',(22.85,5.6,0.0));
#1589=DIRECTION('',(-1.0,0.0,0.0));
#1590=DIRECTION('',(0.0,0.0,1.0));
#1591=ORIENTED_EDGE('',*,*,#4021,.T.);
#1592=ORIENTED_EDGE('',*,*,#4044,.T.);
#1593=ORIENTED_EDGE('',*,*,#4050,.T.);
#1594=ORIENTED_EDGE('',*,*,#4051,.T.);
#1595=ORIENTED_EDGE('',*,*,#4052,.T.);
#1596=ORIENTED_EDGE('',*,*,#4053,.T.);
#1597=ORIENTED_EDGE('',*,*,#4054,.F.);
#1598=ORIENTED_EDGE('',*,*,#4055,.T.);
#1599=ORIENTED_EDGE('',*,*,#4056,.T.);
#1600=ORIENTED_EDGE('',*,*,#4045,.T.);
#1601=ORIENTED_EDGE('',*,*,#4019,.T.);
#1602=ORIENTED_EDGE('',*,*,#4057,.T.);
#1603=ORIENTED_EDGE('',*,*,#4058,.T.);
#1604=ORIENTED_EDGE('',*,*,#4059,.T.);
#1605=ORIENTED_EDGE('',*,*,#4040,.T.);
#1606=ORIENTED_EDGE('',*,*,#4027,.T.);
#1607=ORIENTED_EDGE('',*,*,#4038,.T.);
#1608=ORIENTED_EDGE('',*,*,#4031,.T.);
#1609=ORIENTED_EDGE('',*,*,#4036,.T.);
#1610=ORIENTED_EDGE('',*,*,#4035,.T.);
#1611=CARTESIAN_POINT('',(25.3999999999998,5.6,0.0));
#1612=DIRECTION('',(0.0,-1.0,0.0));
#1613=DIRECTION('',(0.0,0.0,-1.0));
#1614=ORIENTED_EDGE('',*,*,#4046,.T.);
#1615=ORIENTED_EDGE('',*,*,#4056,.F.);
#1616=ORIENTED_EDGE('',*,*,#4060,.F.);
#1617=ORIENTED_EDGE('',*,*,#4061,.F.);
#1618=CARTESIAN_POINT('',(12.05,5.6,6.5));
#1619=DIRECTION('',(1.0,0.0,0.0));
#1620=DIRECTION('',(0.0,1.0,0.0));
#1621=ORIENTED_EDGE('',*,*,#4018,.T.);
#1622=ORIENTED_EDGE('',*,*,#4062,.F.);
#1623=ORIENTED_EDGE('',*,*,#4063,.F.);
#1624=ORIENTED_EDGE('',*,*,#4057,.F.);
#1625=CARTESIAN_POINT('',(12.05,5.6,6.5));
#1626=DIRECTION('',(1.0,0.0,0.0));
#1627=DIRECTION('',(0.0,1.0,0.0));
#1628=ORIENTED_EDGE('',*,*,#4022,.T.);
#1629=ORIENTED_EDGE('',*,*,#4059,.F.);
#1630=ORIENTED_EDGE('',*,*,#4064,.T.);
#1631=ORIENTED_EDGE('',*,*,#4065,.F.);
#1632=CARTESIAN_POINT('',(22.85,5.6,0.0));
#1633=DIRECTION('',(-1.0,0.0,0.0));
#1634=DIRECTION('',(0.0,0.0,1.0));
#1635=ORIENTED_EDGE('',*,*,#4066,.F.);
#1636=ORIENTED_EDGE('',*,*,#4064,.F.);
#1637=ORIENTED_EDGE('',*,*,#4058,.F.);
#1638=ORIENTED_EDGE('',*,*,#4063,.T.);
#1639=CARTESIAN_POINT('',(22.85,5.6,6.5));
#1640=DIRECTION('',(0.0,0.0,-1.0));
#1641=DIRECTION('',(0.0,-1.0,0.0));
#1642=ORIENTED_EDGE('',*,*,#4049,.T.);
#1643=ORIENTED_EDGE('',*,*,#4067,.F.);
#1644=ORIENTED_EDGE('',*,*,#4068,.F.);
#1645=ORIENTED_EDGE('',*,*,#4069,.F.);
#1646=ORIENTED_EDGE('',*,*,#4070,.F.);
#1647=ORIENTED_EDGE('',*,*,#4071,.F.);
#1648=ORIENTED_EDGE('',*,*,#4072,.F.);
#1649=ORIENTED_EDGE('',*,*,#4073,.F.);
#1650=ORIENTED_EDGE('',*,*,#4074,.F.);
#1651=ORIENTED_EDGE('',*,*,#4075,.F.);
#1652=ORIENTED_EDGE('',*,*,#4076,.F.);
#1653=ORIENTED_EDGE('',*,*,#4077,.F.);
#1654=ORIENTED_EDGE('',*,*,#4078,.F.);
#1655=ORIENTED_EDGE('',*,*,#4079,.F.);
#1656=ORIENTED_EDGE('',*,*,#4080,.F.);
#1657=ORIENTED_EDGE('',*,*,#4081,.F.);
#1658=ORIENTED_EDGE('',*,*,#4082,.F.);
#1659=ORIENTED_EDGE('',*,*,#4083,.F.);
#1660=ORIENTED_EDGE('',*,*,#4084,.F.);
#1661=ORIENTED_EDGE('',*,*,#4085,.F.);
#1662=ORIENTED_EDGE('',*,*,#4086,.F.);
#1663=ORIENTED_EDGE('',*,*,#4087,.F.);
#1664=ORIENTED_EDGE('',*,*,#4088,.F.);
#1665=ORIENTED_EDGE('',*,*,#4089,.F.);
#1666=ORIENTED_EDGE('',*,*,#4090,.F.);
#1667=ORIENTED_EDGE('',*,*,#4091,.F.);
#1668=ORIENTED_EDGE('',*,*,#4092,.F.);
#1669=ORIENTED_EDGE('',*,*,#4093,.F.);
#1670=ORIENTED_EDGE('',*,*,#4094,.F.);
#1671=ORIENTED_EDGE('',*,*,#4095,.F.);
#1672=ORIENTED_EDGE('',*,*,#4096,.F.);
#1673=ORIENTED_EDGE('',*,*,#4097,.F.);
#1674=ORIENTED_EDGE('',*,*,#4098,.F.);
#1675=ORIENTED_EDGE('',*,*,#4099,.F.);
#1676=ORIENTED_EDGE('',*,*,#4100,.F.);
#1677=ORIENTED_EDGE('',*,*,#4101,.F.);
#1678=ORIENTED_EDGE('',*,*,#4102,.F.);
#1679=ORIENTED_EDGE('',*,*,#4103,.F.);
#1680=ORIENTED_EDGE('',*,*,#4104,.F.);
#1681=ORIENTED_EDGE('',*,*,#4051,.F.);
#1682=CARTESIAN_POINT('',(17.45,6.35000000000024,0.0));
#1683=DIRECTION('',(0.0,0.0,-1.0));
#1684=DIRECTION('',(0.0,-1.0,0.0));
#1685=ORIENTED_EDGE('',*,*,#4060,.T.);
#1686=ORIENTED_EDGE('',*,*,#4055,.F.);
#1687=ORIENTED_EDGE('',*,*,#4105,.F.);
#1688=ORIENTED_EDGE('',*,*,#4106,.F.);
#1689=ORIENTED_EDGE('',*,*,#4107,.F.);
#1690=ORIENTED_EDGE('',*,*,#4108,.F.);
#1691=ORIENTED_EDGE('',*,*,#4109,.F.);
#1692=ORIENTED_EDGE('',*,*,#4110,.F.);
#1693=ORIENTED_EDGE('',*,*,#4111,.F.);
#1694=ORIENTED_EDGE('',*,*,#4112,.F.);
#1695=ORIENTED_EDGE('',*,*,#4113,.F.);
#1696=ORIENTED_EDGE('',*,*,#4114,.F.);
#1697=ORIENTED_EDGE('',*,*,#4115,.F.);
#1698=ORIENTED_EDGE('',*,*,#4116,.F.);
#1699=ORIENTED_EDGE('',*,*,#4117,.F.);
#1700=ORIENTED_EDGE('',*,*,#4118,.F.);
#1701=ORIENTED_EDGE('',*,*,#4119,.F.);
#1702=ORIENTED_EDGE('',*,*,#4120,.F.);
#1703=ORIENTED_EDGE('',*,*,#4121,.F.);
#1704=ORIENTED_EDGE('',*,*,#4122,.F.);
#1705=ORIENTED_EDGE('',*,*,#4123,.F.);
#1706=ORIENTED_EDGE('',*,*,#4124,.F.);
#1707=ORIENTED_EDGE('',*,*,#4125,.F.);
#1708=ORIENTED_EDGE('',*,*,#4126,.F.);
#1709=ORIENTED_EDGE('',*,*,#4127,.F.);
#1710=ORIENTED_EDGE('',*,*,#4128,.F.);
#1711=ORIENTED_EDGE('',*,*,#4129,.F.);
#1712=ORIENTED_EDGE('',*,*,#4130,.F.);
#1713=ORIENTED_EDGE('',*,*,#4131,.F.);
#1714=ORIENTED_EDGE('',*,*,#4132,.F.);
#1715=ORIENTED_EDGE('',*,*,#4133,.F.);
#1716=ORIENTED_EDGE('',*,*,#4134,.F.);
#1717=ORIENTED_EDGE('',*,*,#4135,.F.);
#1718=ORIENTED_EDGE('',*,*,#4136,.F.);
#1719=ORIENTED_EDGE('',*,*,#4137,.F.);
#1720=ORIENTED_EDGE('',*,*,#4138,.F.);
#1721=ORIENTED_EDGE('',*,*,#4139,.F.);
#1722=ORIENTED_EDGE('',*,*,#4140,.F.);
#1723=ORIENTED_EDGE('',*,*,#4141,.F.);
#1724=ORIENTED_EDGE('',*,*,#4142,.F.);
#1725=CARTESIAN_POINT('',(17.45,6.35000000000024,0.0));
#1726=DIRECTION('',(0.0,0.0,-1.0));
#1727=DIRECTION('',(0.0,-1.0,0.0));
#1728=ORIENTED_EDGE('',*,*,#4143,.T.);
#1729=ORIENTED_EDGE('',*,*,#4144,.F.);
#1730=ORIENTED_EDGE('',*,*,#4139,.T.);
#1731=ORIENTED_EDGE('',*,*,#4145,.T.);
#1732=CARTESIAN_POINT('',(8.3485290945634,12.3001039740537,0.0));
#1733=DIRECTION('',(-0.996313993260103,0.085781273213373,0.0));
#1734=DIRECTION('',(0.0,0.0,1.0));
#1735=ORIENTED_EDGE('',*,*,#4146,.T.);
#1736=ORIENTED_EDGE('',*,*,#4147,.F.);
#1737=ORIENTED_EDGE('',*,*,#4140,.T.);
#1738=ORIENTED_EDGE('',*,*,#4144,.T.);
#1739=CARTESIAN_POINT('',(8.75,12.3,0.0));
#1740=DIRECTION('',(0.0,0.0,-1.0));
#1741=DIRECTION('',(0.997754065871519,0.066983759500738,0.0));
#1742=ORIENTED_EDGE('',*,*,#4148,.T.);
#1743=ORIENTED_EDGE('',*,*,#4149,.F.);
#1744=ORIENTED_EDGE('',*,*,#4141,.T.);
#1745=ORIENTED_EDGE('',*,*,#4147,.T.);
#1746=CARTESIAN_POINT('',(9.14910162634861,12.3267935038003,0.0));
#1747=DIRECTION('',(0.997754065871519,0.066983759500741,0.0));
#1748=DIRECTION('',(0.0,0.0,-1.0));
#1749=ORIENTED_EDGE('',*,*,#4042,.T.);
#1750=ORIENTED_EDGE('',*,*,#4023,.T.);
#1751=ORIENTED_EDGE('',*,*,#4065,.T.);
#1752=ORIENTED_EDGE('',*,*,#4066,.T.);
#1753=ORIENTED_EDGE('',*,*,#4062,.T.);
#1754=ORIENTED_EDGE('',*,*,#4017,.T.);
#1755=ORIENTED_EDGE('',*,*,#4047,.T.);
#1756=ORIENTED_EDGE('',*,*,#4061,.T.);
#1757=ORIENTED_EDGE('',*,*,#4142,.T.);
#1758=ORIENTED_EDGE('',*,*,#4149,.T.);
#1759=ORIENTED_EDGE('',*,*,#4150,.T.);
#1760=ORIENTED_EDGE('',*,*,#4151,.F.);
#1761=ORIENTED_EDGE('',*,*,#4067,.T.);
#1762=ORIENTED_EDGE('',*,*,#4048,.T.);
#1763=ORIENTED_EDGE('',*,*,#4025,.T.);
#1764=ORIENTED_EDGE('',*,*,#4041,.T.);
#1765=ORIENTED_EDGE('',*,*,#4029,.T.);
#1766=ORIENTED_EDGE('',*,*,#4039,.T.);
#1767=ORIENTED_EDGE('',*,*,#4033,.T.);
#1768=ORIENTED_EDGE('',*,*,#4037,.T.);
#1769=CARTESIAN_POINT('',(9.5,7.10000000000322,0.0));
#1770=DIRECTION('',(-0.0,1.0,0.0));
#1771=DIRECTION('',(1.0,0.0,0.0));
#1772=ORIENTED_EDGE('',*,*,#4152,.T.);
#1773=ORIENTED_EDGE('',*,*,#4153,.F.);
#1774=ORIENTED_EDGE('',*,*,#4068,.T.);
#1775=ORIENTED_EDGE('',*,*,#4151,.T.);
#1776=CARTESIAN_POINT('',(25.4,7.10000000000322,0.0));
#1777=DIRECTION('',(-0.997754065871519,0.066983759500742,0.0));
#1778=DIRECTION('',(0.0,0.0,1.0));
#1779=ORIENTED_EDGE('',*,*,#4154,.T.);
#1780=ORIENTED_EDGE('',*,*,#4155,.F.);
#1781=ORIENTED_EDGE('',*,*,#4069,.T.);
#1782=ORIENTED_EDGE('',*,*,#4153,.T.);
#1783=CARTESIAN_POINT('',(26.15,12.3,0.0));
#1784=DIRECTION('',(0.0,0.0,-1.0));
#1785=DIRECTION('',(0.996313993260104,0.085781273213364,0.0));
#1786=ORIENTED_EDGE('',*,*,#4156,.T.);
#1787=ORIENTED_EDGE('',*,*,#4157,.F.);
#1788=ORIENTED_EDGE('',*,*,#4070,.T.);
#1789=ORIENTED_EDGE('',*,*,#4155,.T.);
#1790=CARTESIAN_POINT('',(26.548525597304,12.3343125092853,0.0));
#1791=DIRECTION('',(0.996313993260104,0.085781273213367,0.0));
#1792=DIRECTION('',(0.0,0.0,-1.0));
#1793=ORIENTED_EDGE('',*,*,#4158,.T.);
#1794=ORIENTED_EDGE('',*,*,#4159,.F.);
#1795=ORIENTED_EDGE('',*,*,#4071,.T.);
#1796=ORIENTED_EDGE('',*,*,#4157,.T.);
#1797=CARTESIAN_POINT('',(27.25,8.85,19.05));
#1798=DIRECTION('',(0.0,0.0,-1.0));
#1799=DIRECTION('',(0.996313993260102,0.085781273213384,0.0));
#1800=ORIENTED_EDGE('',*,*,#4160,.T.);
#1801=ORIENTED_EDGE('',*,*,#4161,.F.);
#1802=ORIENTED_EDGE('',*,*,#4072,.T.);
#1803=ORIENTED_EDGE('',*,*,#4159,.T.);
#1804=CARTESIAN_POINT('',(27.5931128511411,8.64439462219618,0.0));
#1805=DIRECTION('',(-0.857782127852653,0.514013444509552,0.0));
#1806=DIRECTION('',(0.0,0.0,1.0));
#1807=ORIENTED_EDGE('',*,*,#4162,.T.);
#1808=ORIENTED_EDGE('',*,*,#4163,.F.);
#1809=ORIENTED_EDGE('',*,*,#4073,.T.);
#1810=ORIENTED_EDGE('',*,*,#4161,.T.);
#1811=CARTESIAN_POINT('',(30.25,12.3,0.0));
#1812=DIRECTION('',(0.0,-0.0,-1.0));
#1813=DIRECTION('',(0.890031491267828,-0.455899050834246,0.0));
#1814=ORIENTED_EDGE('',*,*,#4164,.T.);
#1815=ORIENTED_EDGE('',*,*,#4165,.F.);
#1816=ORIENTED_EDGE('',*,*,#4074,.T.);
#1817=ORIENTED_EDGE('',*,*,#4163,.T.);
#1818=CARTESIAN_POINT('',(30.6060125965071,12.1176403796663,0.0));
#1819=DIRECTION('',(0.890031491267827,-0.455899050834247,0.0));
#1820=DIRECTION('',(0.0,0.0,-1.0));
#1821=ORIENTED_EDGE('',*,*,#4166,.T.);
#1822=ORIENTED_EDGE('',*,*,#4167,.F.);
#1823=ORIENTED_EDGE('',*,*,#4075,.T.);
#1824=ORIENTED_EDGE('',*,*,#4165,.T.);
#1825=CARTESIAN_POINT('',(30.15,10.35,19.05));
#1826=DIRECTION('',(0.0,-0.0,-1.0));
#1827=DIRECTION('',(0.89003149126781,-0.455899050834282,0.0));
#1828=ORIENTED_EDGE('',*,*,#4168,.T.);
#1829=ORIENTED_EDGE('',*,*,#4169,.F.);
#1830=ORIENTED_EDGE('',*,*,#4076,.T.);
#1831=ORIENTED_EDGE('',*,*,#4167,.T.);
#1832=CARTESIAN_POINT('',(30.3725559992477,10.0176314888578,0.0));
#1833=DIRECTION('',(-0.556389998119126,0.830921277855489,0.0));
#1834=DIRECTION('',(0.0,0.0,1.0));
#1835=ORIENTED_EDGE('',*,*,#4170,.T.);
#1836=ORIENTED_EDGE('',*,*,#4171,.F.);
#1837=ORIENTED_EDGE('',*,*,#4077,.T.);
#1838=ORIENTED_EDGE('',*,*,#4169,.T.);
#1839=CARTESIAN_POINT('',(34.5,12.3,0.0));
#1840=DIRECTION('',(0.0,-0.0,-1.0));
#1841=DIRECTION('',(0.629512365382676,-0.776990464439756,0.0));
#1842=ORIENTED_EDGE('',*,*,#4172,.T.);
#1843=ORIENTED_EDGE('',*,*,#4173,.F.);
#1844=ORIENTED_EDGE('',*,*,#4078,.T.);
#1845=ORIENTED_EDGE('',*,*,#4171,.T.);
#1846=CARTESIAN_POINT('',(34.7518049461531,11.9892038142241,0.0));
#1847=DIRECTION('',(0.629512365382677,-0.776990464439756,0.0));
#1848=DIRECTION('',(0.0,0.0,-1.0));
#1849=ORIENTED_EDGE('',*,*,#4174,.T.);
#1850=ORIENTED_EDGE('',*,*,#4175,.F.);
#1851=ORIENTED_EDGE('',*,*,#4079,.T.);
#1852=ORIENTED_EDGE('',*,*,#4173,.T.);
#1853=CARTESIAN_POINT('',(32.5,9.65,19.05));
#1854=DIRECTION('',(0.0,-0.0,-1.0));
#1855=DIRECTION('',(0.629512365382723,-0.776990464439718,0.0));
#1856=ORIENTED_EDGE('',*,*,#4176,.T.);
#1857=ORIENTED_EDGE('',*,*,#4177,.F.);
#1858=ORIENTED_EDGE('',*,*,#4080,.T.);
#1859=ORIENTED_EDGE('',*,*,#4175,.T.);
#1860=CARTESIAN_POINT('',(32.66,9.28339394440354,0.0));
#1861=DIRECTION('',(-0.399999999999997,0.916515138991169,0.0));
#1862=DIRECTION('',(0.0,0.0,1.0));
#1863=ORIENTED_EDGE('',*,*,#4178,.T.);
#1864=ORIENTED_EDGE('',*,*,#4179,.F.);
#1865=ORIENTED_EDGE('',*,*,#4081,.T.);
#1866=ORIENTED_EDGE('',*,*,#4177,.T.);
#1867=CARTESIAN_POINT('',(34.5,9.65,0.0));
#1868=DIRECTION('',(0.0,-0.0,-1.0));
#1869=DIRECTION('',(0.52631516454649,-0.850289566893774,0.0));
#1870=ORIENTED_EDGE('',*,*,#4180,.T.);
#1871=ORIENTED_EDGE('',*,*,#4181,.F.);
#1872=ORIENTED_EDGE('',*,*,#4082,.T.);
#1873=ORIENTED_EDGE('',*,*,#4179,.T.);
#1874=CARTESIAN_POINT('',(34.7105260658186,9.30988417324249,0.0));
#1875=DIRECTION('',(0.526315164546493,-0.850289566893772,0.0));
#1876=DIRECTION('',(0.0,0.0,-1.0));
#1877=ORIENTED_EDGE('',*,*,#4182,.T.);
#1878=ORIENTED_EDGE('',*,*,#4183,.F.);
#1879=ORIENTED_EDGE('',*,*,#4083,.T.);
#1880=ORIENTED_EDGE('',*,*,#4181,.T.);
#1881=CARTESIAN_POINT('',(31.0226969691709,7.38,0.0));
#1882=DIRECTION('',(0.0,-0.0,-1.0));
#1883=DIRECTION('',(-0.646442199385818,-0.762962962962965,0.0));
#1884=ORIENTED_EDGE('',*,*,#4184,.T.);
#1885=ORIENTED_EDGE('',*,*,#4185,.F.);
#1886=ORIENTED_EDGE('',*,*,#4084,.T.);
#1887=ORIENTED_EDGE('',*,*,#4183,.T.);
#1888=CARTESIAN_POINT('',(30.15,6.35,19.05));
#1889=DIRECTION('',(0.0,-0.0,-1.0));
#1890=DIRECTION('',(-0.646442199385817,-0.762962962962965,0.0));
#1891=ORIENTED_EDGE('',*,*,#4186,.T.);
#1892=ORIENTED_EDGE('',*,*,#4187,.F.);
#1893=ORIENTED_EDGE('',*,*,#4085,.T.);
#1894=ORIENTED_EDGE('',*,*,#4185,.T.);
#1895=CARTESIAN_POINT('',(29.3952815094355,7.08,0.0));
#1896=DIRECTION('',(0.0,-1.0,0.0));
#1897=DIRECTION('',(0.0,0.0,-1.0));
#1898=ORIENTED_EDGE('',*,*,#4188,.T.);
#1899=ORIENTED_EDGE('',*,*,#4189,.F.);
#1900=ORIENTED_EDGE('',*,*,#4086,.T.);
#1901=ORIENTED_EDGE('',*,*,#4187,.T.);
#1902=CARTESIAN_POINT('',(28.95,7.08,0.0));
#1903=DIRECTION('',(1.0,0.0,0.0));
#1904=DIRECTION('',(0.0,1.0,0.0));
#1905=ORIENTED_EDGE('',*,*,#4190,.T.);
#1906=ORIENTED_EDGE('',*,*,#4191,.F.);
#1907=ORIENTED_EDGE('',*,*,#4087,.T.);
#1908=ORIENTED_EDGE('',*,*,#4189,.T.);
#1909=CARTESIAN_POINT('',(28.95,5.62,0.0));
#1910=DIRECTION('',(-0.0,1.0,0.0));
#1911=DIRECTION('',(1.0,0.0,0.0));
#1912=ORIENTED_EDGE('',*,*,#4192,.T.);
#1913=ORIENTED_EDGE('',*,*,#4193,.F.);
#1914=ORIENTED_EDGE('',*,*,#4088,.T.);
#1915=ORIENTED_EDGE('',*,*,#4191,.T.);
#1916=CARTESIAN_POINT('',(30.15,6.35,19.05));
#1917=DIRECTION('',(0.0,0.0,-1.0));
#1918=DIRECTION('',(0.718779514823346,0.69523809523811,0.0));
#1919=ORIENTED_EDGE('',*,*,#4194,.T.);
#1920=ORIENTED_EDGE('',*,*,#4195,.F.);
#1921=ORIENTED_EDGE('',*,*,#4089,.T.);
#1922=ORIENTED_EDGE('',*,*,#4193,.T.);
#1923=CARTESIAN_POINT('',(31.0226969691709,5.32,0.0));
#1924=DIRECTION('',(0.0,0.0,-1.0));
#1925=DIRECTION('',(0.526315164546491,0.850289566893773,0.0));
#1926=ORIENTED_EDGE('',*,*,#4196,.T.);
#1927=ORIENTED_EDGE('',*,*,#4197,.F.);
#1928=ORIENTED_EDGE('',*,*,#4090,.T.);
#1929=ORIENTED_EDGE('',*,*,#4195,.T.);
#1930=CARTESIAN_POINT('',(31.1805915185348,5.57508687006813,0.0));
#1931=DIRECTION('',(0.526315164546494,0.850289566893771,0.0));
#1932=DIRECTION('',(0.0,0.0,-1.0));
#1933=ORIENTED_EDGE('',*,*,#4198,.T.);
#1934=ORIENTED_EDGE('',*,*,#4199,.F.);
#1935=ORIENTED_EDGE('',*,*,#4091,.T.);
#1936=ORIENTED_EDGE('',*,*,#4197,.T.);
#1937=CARTESIAN_POINT('',(34.5,3.05,0.0));
#1938=DIRECTION('',(0.0,-0.0,-1.0));
#1939=DIRECTION('',(-0.400000000000001,-0.916515138991168,0.0));
#1940=ORIENTED_EDGE('',*,*,#4200,.T.);
#1941=ORIENTED_EDGE('',*,*,#4201,.F.);
#1942=ORIENTED_EDGE('',*,*,#4092,.T.);
#1943=ORIENTED_EDGE('',*,*,#4199,.T.);
#1944=CARTESIAN_POINT('',(34.34,2.68339394440354,0.0));
#1945=DIRECTION('',(-0.4,-0.916515138991168,0.0));
#1946=DIRECTION('',(-0.916515138991168,0.4,0.0));
#1947=ORIENTED_EDGE('',*,*,#4202,.T.);
#1948=ORIENTED_EDGE('',*,*,#4203,.F.);
#1949=ORIENTED_EDGE('',*,*,#4093,.T.);
#1950=ORIENTED_EDGE('',*,*,#4201,.T.);
#1951=CARTESIAN_POINT('',(32.5,3.05,19.05));
#1952=DIRECTION('',(0.0,-0.0,-1.0));
#1953=DIRECTION('',(-0.399999999999988,-0.916515138991173,0.0));
#1954=ORIENTED_EDGE('',*,*,#4204,.T.);
#1955=ORIENTED_EDGE('',*,*,#4205,.F.);
#1956=ORIENTED_EDGE('',*,*,#4094,.T.);
#1957=ORIENTED_EDGE('',*,*,#4203,.T.);
#1958=CARTESIAN_POINT('',(32.2481950538469,2.7392038142241,0.0));
#1959=DIRECTION('',(0.629512365382676,0.776990464439757,0.0));
#1960=DIRECTION('',(0.0,0.0,-1.0));
#1961=ORIENTED_EDGE('',*,*,#4206,.T.);
#1962=ORIENTED_EDGE('',*,*,#4207,.F.);
#1963=ORIENTED_EDGE('',*,*,#4095,.T.);
#1964=ORIENTED_EDGE('',*,*,#4205,.T.);
#1965=CARTESIAN_POINT('',(34.5,0.400000000000002,0.0));
#1966=DIRECTION('',(0.0,-0.0,-1.0));
#1967=DIRECTION('',(-0.55638999811913,-0.830921277855487,0.0));
#1968=ORIENTED_EDGE('',*,*,#4208,.T.);
#1969=ORIENTED_EDGE('',*,*,#4209,.F.);
#1970=ORIENTED_EDGE('',*,*,#4096,.T.);
#1971=ORIENTED_EDGE('',*,*,#4207,.T.);
#1972=CARTESIAN_POINT('',(34.2774440007523,0.067631488857806,0.0));
#1973=DIRECTION('',(-0.556389998119127,-0.830921277855489,0.0));
#1974=DIRECTION('',(-0.830921277855489,0.556389998119127,0.0));
#1975=ORIENTED_EDGE('',*,*,#4210,.T.);
#1976=ORIENTED_EDGE('',*,*,#4211,.F.);
#1977=ORIENTED_EDGE('',*,*,#4097,.T.);
#1978=ORIENTED_EDGE('',*,*,#4209,.T.);
#1979=CARTESIAN_POINT('',(30.15,2.35,19.05));
#1980=DIRECTION('',(0.0,-0.0,-1.0));
#1981=DIRECTION('',(-0.556389998119046,-0.830921277855543,0.0));
#1982=ORIENTED_EDGE('',*,*,#4212,.T.);
#1983=ORIENTED_EDGE('',*,*,#4213,.F.);
#1984=ORIENTED_EDGE('',*,*,#4098,.T.);
#1985=ORIENTED_EDGE('',*,*,#4211,.T.);
#1986=CARTESIAN_POINT('',(29.7939874034929,2.16764037966631,0.0));
#1987=DIRECTION('',(0.890031491267827,0.455899050834247,0.0));
#1988=DIRECTION('',(0.0,0.0,-1.0));
#1989=ORIENTED_EDGE('',*,*,#4214,.T.);
#1990=ORIENTED_EDGE('',*,*,#4215,.F.);
#1991=ORIENTED_EDGE('',*,*,#4099,.T.);
#1992=ORIENTED_EDGE('',*,*,#4213,.T.);
#1993=CARTESIAN_POINT('',(30.25,0.400000000000002,0.0));
#1994=DIRECTION('',(0.0,-0.0,-1.0));
#1995=DIRECTION('',(-0.857782127852651,-0.514013444509556,0.0));
#1996=ORIENTED_EDGE('',*,*,#4216,.T.);
#1997=ORIENTED_EDGE('',*,*,#4217,.F.);
#1998=ORIENTED_EDGE('',*,*,#4100,.T.);
#1999=ORIENTED_EDGE('',*,*,#4215,.T.);
#2000=CARTESIAN_POINT('',(29.9068871488589,0.194394622196181,0.0));
#2001=DIRECTION('',(-0.857782127852652,-0.514013444509555,0.0));
#2002=DIRECTION('',(-0.514013444509555,0.857782127852652,0.0));
#2003=ORIENTED_EDGE('',*,*,#4218,.T.);
#2004=ORIENTED_EDGE('',*,*,#4219,.F.);
#2005=ORIENTED_EDGE('',*,*,#4101,.T.);
#2006=ORIENTED_EDGE('',*,*,#4217,.T.);
#2007=CARTESIAN_POINT('',(27.25,3.85,19.05));
#2008=DIRECTION('',(0.0,-0.0,-1.0));
#2009=DIRECTION('',(-0.857782127852675,-0.514013444509515,0.0));
#2010=ORIENTED_EDGE('',*,*,#4220,.T.);
#2011=ORIENTED_EDGE('',*,*,#4221,.F.);
#2012=ORIENTED_EDGE('',*,*,#4102,.T.);
#2013=ORIENTED_EDGE('',*,*,#4219,.T.);
#2014=CARTESIAN_POINT('',(26.851474402696,3.88431250928535,0.0));
#2015=DIRECTION('',(0.996313993260104,-0.085781273213367,0.0));
#2016=DIRECTION('',(0.0,0.0,-1.0));
#2017=ORIENTED_EDGE('',*,*,#4222,.T.);
#2018=ORIENTED_EDGE('',*,*,#4223,.F.);
#2019=ORIENTED_EDGE('',*,*,#4103,.T.);
#2020=ORIENTED_EDGE('',*,*,#4221,.T.);
#2021=CARTESIAN_POINT('',(26.15,0.400000000000001,0.0));
#2022=DIRECTION('',(0.0,-0.0,-1.0));
#2023=DIRECTION('',(-0.997754065871519,-0.066983759500736,0.0));
#2024=ORIENTED_EDGE('',*,*,#4224,.T.);
#2025=ORIENTED_EDGE('',*,*,#4052,.F.);
#2026=ORIENTED_EDGE('',*,*,#4104,.T.);
#2027=ORIENTED_EDGE('',*,*,#4223,.T.);
#2028=CARTESIAN_POINT('',(25.7508983736514,0.373206496199707,0.0));
#2029=DIRECTION('',(-0.997754065871519,-0.066983759500735,0.0));
#2030=DIRECTION('',(-0.066983759500735,0.997754065871519,0.0));
#2031=ORIENTED_EDGE('',*,*,#4225,.T.);
#2032=ORIENTED_EDGE('',*,*,#4226,.F.);
#2033=ORIENTED_EDGE('',*,*,#4105,.T.);
#2034=ORIENTED_EDGE('',*,*,#4054,.T.);
#2035=CARTESIAN_POINT('',(9.50000000000019,5.6,0.0));
#2036=DIRECTION('',(0.997754065871519,-0.066983759500736,0.0));
#2037=DIRECTION('',(0.0,0.0,-1.0));
#2038=ORIENTED_EDGE('',*,*,#4227,.T.);
#2039=ORIENTED_EDGE('',*,*,#4228,.F.);
#2040=ORIENTED_EDGE('',*,*,#4106,.T.);
#2041=ORIENTED_EDGE('',*,*,#4226,.T.);
#2042=CARTESIAN_POINT('',(8.75,0.400000000000001,0.0));
#2043=DIRECTION('',(0.0,-0.0,-1.0));
#2044=DIRECTION('',(-0.996313993260104,-0.085781273213367,0.0));
#2045=ORIENTED_EDGE('',*,*,#4229,.T.);
#2046=ORIENTED_EDGE('',*,*,#4230,.F.);
#2047=ORIENTED_EDGE('',*,*,#4107,.T.);
#2048=ORIENTED_EDGE('',*,*,#4228,.T.);
#2049=CARTESIAN_POINT('',(8.35147440269596,0.365687490714655,0.0));
#2050=DIRECTION('',(-0.996313993260104,-0.085781273213366,0.0));
#2051=DIRECTION('',(-0.085781273213366,0.996313993260104,0.0));
#2052=ORIENTED_EDGE('',*,*,#4231,.T.);
#2053=ORIENTED_EDGE('',*,*,#4232,.F.);
#2054=ORIENTED_EDGE('',*,*,#4108,.T.);
#2055=ORIENTED_EDGE('',*,*,#4230,.T.);
#2056=CARTESIAN_POINT('',(7.65,3.85,19.05));
#2057=DIRECTION('',(0.0,-0.0,-1.0));
#2058=DIRECTION('',(-0.996313993260103,-0.085781273213374,0.0));
#2059=ORIENTED_EDGE('',*,*,#4233,.T.);
#2060=ORIENTED_EDGE('',*,*,#4234,.F.);
#2061=ORIENTED_EDGE('',*,*,#4109,.T.);
#2062=ORIENTED_EDGE('',*,*,#4232,.T.);
#2063=CARTESIAN_POINT('',(7.30688714885894,4.05560537780382,0.0));
#2064=DIRECTION('',(0.857782127852653,-0.514013444509553,0.0));
#2065=DIRECTION('',(0.0,0.0,-1.0));
#2066=ORIENTED_EDGE('',*,*,#4235,.T.);
#2067=ORIENTED_EDGE('',*,*,#4236,.F.);
#2068=ORIENTED_EDGE('',*,*,#4110,.T.);
#2069=ORIENTED_EDGE('',*,*,#4234,.T.);
#2070=CARTESIAN_POINT('',(4.65,0.400000000000001,0.0));
#2071=DIRECTION('',(0.0,0.0,-1.0));
#2072=DIRECTION('',(-0.890031491267827,0.455899050834248,0.0));
#2073=ORIENTED_EDGE('',*,*,#4237,.T.);
#2074=ORIENTED_EDGE('',*,*,#4238,.F.);
#2075=ORIENTED_EDGE('',*,*,#4111,.T.);
#2076=ORIENTED_EDGE('',*,*,#4236,.T.);
#2077=CARTESIAN_POINT('',(4.29398740349287,0.5823596203337,0.0));
#2078=DIRECTION('',(-0.890031491267827,0.455899050834247,0.0));
#2079=DIRECTION('',(0.0,0.0,1.0));
#2080=ORIENTED_EDGE('',*,*,#4239,.T.);
#2081=ORIENTED_EDGE('',*,*,#4240,.F.);
#2082=ORIENTED_EDGE('',*,*,#4112,.T.);
#2083=ORIENTED_EDGE('',*,*,#4238,.T.);
#2084=CARTESIAN_POINT('',(4.75,2.35,19.05));
#2085=DIRECTION('',(0.0,0.0,-1.0));
#2086=DIRECTION('',(-0.890031491267826,0.45589905083425,0.0));
#2087=ORIENTED_EDGE('',*,*,#4241,.T.);
#2088=ORIENTED_EDGE('',*,*,#4242,.F.);
#2089=ORIENTED_EDGE('',*,*,#4113,.T.);
#2090=ORIENTED_EDGE('',*,*,#4240,.T.);
#2091=CARTESIAN_POINT('',(4.52744400075235,2.6823685111422,0.0));
#2092=DIRECTION('',(0.556389998119127,-0.830921277855489,0.0));
#2093=DIRECTION('',(0.0,0.0,-1.0));
#2094=ORIENTED_EDGE('',*,*,#4243,.T.);
#2095=ORIENTED_EDGE('',*,*,#4244,.F.);
#2096=ORIENTED_EDGE('',*,*,#4114,.T.);
#2097=ORIENTED_EDGE('',*,*,#4242,.T.);
#2098=CARTESIAN_POINT('',(0.4,0.4,0.0));
#2099=DIRECTION('',(0.0,0.0,-1.0));
#2100=DIRECTION('',(-0.629512365382676,0.776990464439756,0.0));
#2101=ORIENTED_EDGE('',*,*,#4245,.T.);
#2102=ORIENTED_EDGE('',*,*,#4246,.F.);
#2103=ORIENTED_EDGE('',*,*,#4115,.T.);
#2104=ORIENTED_EDGE('',*,*,#4244,.T.);
#2105=CARTESIAN_POINT('',(0.14819505384693,0.710796185775903,0.0));
#2106=DIRECTION('',(-0.629512365382676,0.776990464439756,0.0));
#2107=DIRECTION('',(0.0,0.0,1.0));
#2108=ORIENTED_EDGE('',*,*,#4247,.T.);
#2109=ORIENTED_EDGE('',*,*,#4248,.F.);
#2110=ORIENTED_EDGE('',*,*,#4116,.T.);
#2111=ORIENTED_EDGE('',*,*,#4246,.T.);
#2112=CARTESIAN_POINT('',(2.4,3.05,19.05));
#2113=DIRECTION('',(0.0,0.0,-1.0));
#2114=DIRECTION('',(-0.629512365382678,0.776990464439755,0.0));
#2115=ORIENTED_EDGE('',*,*,#4249,.T.);
#2116=ORIENTED_EDGE('',*,*,#4250,.F.);
#2117=ORIENTED_EDGE('',*,*,#4117,.T.);
#2118=ORIENTED_EDGE('',*,*,#4248,.T.);
#2119=CARTESIAN_POINT('',(2.24,3.41660605559647,0.0));
#2120=DIRECTION('',(0.4,-0.916515138991168,0.0));
#2121=DIRECTION('',(0.0,0.0,-1.0));
#2122=ORIENTED_EDGE('',*,*,#4251,.T.);
#2123=ORIENTED_EDGE('',*,*,#4252,.F.);
#2124=ORIENTED_EDGE('',*,*,#4118,.T.);
#2125=ORIENTED_EDGE('',*,*,#4250,.T.);
#2126=CARTESIAN_POINT('',(0.4,3.05,0.0));
#2127=DIRECTION('',(0.0,0.0,-1.0));
#2128=DIRECTION('',(-0.526315164546494,0.850289566893771,0.0));
#2129=ORIENTED_EDGE('',*,*,#4253,.T.);
#2130=ORIENTED_EDGE('',*,*,#4254,.F.);
#2131=ORIENTED_EDGE('',*,*,#4119,.T.);
#2132=ORIENTED_EDGE('',*,*,#4252,.T.);
#2133=CARTESIAN_POINT('',(0.189473934181403,3.39011582675751,0.0));
#2134=DIRECTION('',(-0.526315164546494,0.850289566893771,0.0));
#2135=DIRECTION('',(0.0,0.0,1.0));
#2136=ORIENTED_EDGE('',*,*,#4255,.T.);
#2137=ORIENTED_EDGE('',*,*,#4256,.F.);
#2138=ORIENTED_EDGE('',*,*,#4120,.T.);
#2139=ORIENTED_EDGE('',*,*,#4254,.T.);
#2140=CARTESIAN_POINT('',(3.87730303082914,5.32,0.0));
#2141=DIRECTION('',(0.0,0.0,-1.0));
#2142=DIRECTION('',(0.646442199385819,0.762962962962964,0.0));
#2143=ORIENTED_EDGE('',*,*,#4257,.T.);
#2144=ORIENTED_EDGE('',*,*,#4258,.F.);
#2145=ORIENTED_EDGE('',*,*,#4121,.T.);
#2146=ORIENTED_EDGE('',*,*,#4256,.T.);
#2147=CARTESIAN_POINT('',(4.75,6.35,19.05));
#2148=DIRECTION('',(0.0,0.0,-1.0));
#2149=DIRECTION('',(0.646442199385821,0.762962962962962,0.0));
#2150=ORIENTED_EDGE('',*,*,#4259,.T.);
#2151=ORIENTED_EDGE('',*,*,#4260,.F.);
#2152=ORIENTED_EDGE('',*,*,#4122,.T.);
#2153=ORIENTED_EDGE('',*,*,#4258,.T.);
#2154=CARTESIAN_POINT('',(5.50471849056453,5.62,0.0));
#2155=DIRECTION('',(-0.0,1.0,0.0));
#2156=DIRECTION('',(1.0,0.0,0.0));
#2157=ORIENTED_EDGE('',*,*,#4261,.T.);
#2158=ORIENTED_EDGE('',*,*,#4262,.F.);
#2159=ORIENTED_EDGE('',*,*,#4123,.T.);
#2160=ORIENTED_EDGE('',*,*,#4260,.T.);
#2161=CARTESIAN_POINT('',(5.95,5.62,0.0));
#2162=DIRECTION('',(-1.0,0.0,0.0));
#2163=DIRECTION('',(0.0,0.0,1.0));
#2164=ORIENTED_EDGE('',*,*,#4263,.T.);
#2165=ORIENTED_EDGE('',*,*,#4264,.F.);
#2166=ORIENTED_EDGE('',*,*,#4124,.T.);
#2167=ORIENTED_EDGE('',*,*,#4262,.T.);
#2168=CARTESIAN_POINT('',(5.95,7.08,0.0));
#2169=DIRECTION('',(0.0,-1.0,0.0));
#2170=DIRECTION('',(0.0,0.0,-1.0));
#2171=ORIENTED_EDGE('',*,*,#4265,.T.);
#2172=ORIENTED_EDGE('',*,*,#4266,.F.);
#2173=ORIENTED_EDGE('',*,*,#4125,.T.);
#2174=ORIENTED_EDGE('',*,*,#4264,.T.);
#2175=CARTESIAN_POINT('',(4.75,6.35,19.05));
#2176=DIRECTION('',(0.0,-0.0,-1.0));
#2177=DIRECTION('',(-0.718779514823357,-0.695238095238099,0.0));
#2178=ORIENTED_EDGE('',*,*,#4267,.T.);
#2179=ORIENTED_EDGE('',*,*,#4268,.F.);
#2180=ORIENTED_EDGE('',*,*,#4126,.T.);
#2181=ORIENTED_EDGE('',*,*,#4266,.T.);
#2182=CARTESIAN_POINT('',(3.87730303082914,7.38,0.0));
#2183=DIRECTION('',(0.0,-0.0,-1.0));
#2184=DIRECTION('',(-0.526315164546494,-0.850289566893771,0.0));
#2185=ORIENTED_EDGE('',*,*,#4269,.T.);
#2186=ORIENTED_EDGE('',*,*,#4270,.F.);
#2187=ORIENTED_EDGE('',*,*,#4127,.T.);
#2188=ORIENTED_EDGE('',*,*,#4268,.T.);
#2189=CARTESIAN_POINT('',(3.7194084814652,7.12491312993187,0.0));
#2190=DIRECTION('',(-0.526315164546493,-0.850289566893772,0.0));
#2191=DIRECTION('',(-0.850289566893772,0.526315164546493,0.0));
#2192=ORIENTED_EDGE('',*,*,#4271,.T.);
#2193=ORIENTED_EDGE('',*,*,#4272,.F.);
#2194=ORIENTED_EDGE('',*,*,#4128,.T.);
#2195=ORIENTED_EDGE('',*,*,#4270,.T.);
#2196=CARTESIAN_POINT('',(0.4,9.65,0.0));
#2197=DIRECTION('',(0.0,0.0,-1.0));
#2198=DIRECTION('',(0.400000000000001,0.916515138991168,0.0));
#2199=ORIENTED_EDGE('',*,*,#4273,.T.);
#2200=ORIENTED_EDGE('',*,*,#4274,.F.);
#2201=ORIENTED_EDGE('',*,*,#4129,.T.);
#2202=ORIENTED_EDGE('',*,*,#4272,.T.);
#2203=CARTESIAN_POINT('',(0.560000000000001,10.0166060555965,0.0));
#2204=DIRECTION('',(0.4,0.916515138991168,0.0));
#2205=DIRECTION('',(0.0,0.0,-1.0));
#2206=ORIENTED_EDGE('',*,*,#4275,.T.);
#2207=ORIENTED_EDGE('',*,*,#4276,.F.);
#2208=ORIENTED_EDGE('',*,*,#4130,.T.);
#2209=ORIENTED_EDGE('',*,*,#4274,.T.);
#2210=CARTESIAN_POINT('',(2.4,9.65,19.05));
#2211=DIRECTION('',(0.0,0.0,-1.0));
#2212=DIRECTION('',(0.39999999999997,0.916515138991181,0.0));
#2213=ORIENTED_EDGE('',*,*,#4277,.T.);
#2214=ORIENTED_EDGE('',*,*,#4278,.F.);
#2215=ORIENTED_EDGE('',*,*,#4131,.T.);
#2216=ORIENTED_EDGE('',*,*,#4276,.T.);
#2217=CARTESIAN_POINT('',(2.65180494615307,9.9607961857759,0.0));
#2218=DIRECTION('',(-0.629512365382676,-0.776990464439756,0.0));
#2219=DIRECTION('',(-0.776990464439756,0.629512365382676,0.0));
#2220=ORIENTED_EDGE('',*,*,#4279,.T.);
#2221=ORIENTED_EDGE('',*,*,#4280,.F.);
#2222=ORIENTED_EDGE('',*,*,#4132,.T.);
#2223=ORIENTED_EDGE('',*,*,#4278,.T.);
#2224=CARTESIAN_POINT('',(0.4,12.3,0.0));
#2225=DIRECTION('',(0.0,0.0,-1.0));
#2226=DIRECTION('',(0.556389998119127,0.830921277855489,0.0));
#2227=ORIENTED_EDGE('',*,*,#4281,.T.);
#2228=ORIENTED_EDGE('',*,*,#4282,.F.);
#2229=ORIENTED_EDGE('',*,*,#4133,.T.);
#2230=ORIENTED_EDGE('',*,*,#4280,.T.);
#2231=CARTESIAN_POINT('',(0.622555999247651,12.6323685111422,0.0));
#2232=DIRECTION('',(0.556389998119127,0.830921277855489,0.0));
#2233=DIRECTION('',(0.0,0.0,-1.0));
#2234=ORIENTED_EDGE('',*,*,#4283,.T.);
#2235=ORIENTED_EDGE('',*,*,#4284,.F.);
#2236=ORIENTED_EDGE('',*,*,#4134,.T.);
#2237=ORIENTED_EDGE('',*,*,#4282,.T.);
#2238=CARTESIAN_POINT('',(4.75,10.35,19.05));
#2239=DIRECTION('',(0.0,0.0,-1.0));
#2240=DIRECTION('',(0.55638999811912,0.830921277855493,0.0));
#2241=ORIENTED_EDGE('',*,*,#4285,.T.);
#2242=ORIENTED_EDGE('',*,*,#4286,.F.);
#2243=ORIENTED_EDGE('',*,*,#4135,.T.);
#2244=ORIENTED_EDGE('',*,*,#4284,.T.);
#2245=CARTESIAN_POINT('',(5.10601259650713,10.5323596203337,0.0));
#2246=DIRECTION('',(-0.890031491267827,-0.455899050834248,0.0));
#2247=DIRECTION('',(-0.455899050834248,0.890031491267827,0.0));
#2248=ORIENTED_EDGE('',*,*,#4287,.T.);
#2249=ORIENTED_EDGE('',*,*,#4288,.F.);
#2250=ORIENTED_EDGE('',*,*,#4136,.T.);
#2251=ORIENTED_EDGE('',*,*,#4286,.T.);
#2252=CARTESIAN_POINT('',(4.65,12.3,0.0));
#2253=DIRECTION('',(0.0,0.0,-1.0));
#2254=DIRECTION('',(0.857782127852653,0.514013444509552,0.0));
#2255=ORIENTED_EDGE('',*,*,#4289,.T.);
#2256=ORIENTED_EDGE('',*,*,#4290,.F.);
#2257=ORIENTED_EDGE('',*,*,#4137,.T.);
#2258=ORIENTED_EDGE('',*,*,#4288,.T.);
#2259=CARTESIAN_POINT('',(4.99311285114106,12.5056053778038,0.0));
#2260=DIRECTION('',(0.857782127852653,0.514013444509553,0.0));
#2261=DIRECTION('',(0.0,0.0,-1.0));
#2262=ORIENTED_EDGE('',*,*,#4291,.T.);
#2263=ORIENTED_EDGE('',*,*,#4145,.F.);
#2264=ORIENTED_EDGE('',*,*,#4138,.T.);
#2265=ORIENTED_EDGE('',*,*,#4290,.T.);
#2266=CARTESIAN_POINT('',(7.65,8.85,19.05));
#2267=DIRECTION('',(0.0,0.0,-1.0));
#2268=DIRECTION('',(0.857782127852653,0.514013444509553,0.0));
#2269=ORIENTED_EDGE('',*,*,#4143,.F.);
#2270=ORIENTED_EDGE('',*,*,#4291,.F.);
#2271=ORIENTED_EDGE('',*,*,#4289,.F.);
#2272=ORIENTED_EDGE('',*,*,#4287,.F.);
#2273=ORIENTED_EDGE('',*,*,#4285,.F.);
#2274=ORIENTED_EDGE('',*,*,#4283,.F.);
#2275=ORIENTED_EDGE('',*,*,#4281,.F.);
#2276=ORIENTED_EDGE('',*,*,#4279,.F.);
#2277=ORIENTED_EDGE('',*,*,#4277,.F.);
#2278=ORIENTED_EDGE('',*,*,#4275,.F.);
#2279=ORIENTED_EDGE('',*,*,#4273,.F.);
#2280=ORIENTED_EDGE('',*,*,#4271,.F.);
#2281=ORIENTED_EDGE('',*,*,#4269,.F.);
#2282=ORIENTED_EDGE('',*,*,#4267,.F.);
#2283=ORIENTED_EDGE('',*,*,#4265,.F.);
#2284=ORIENTED_EDGE('',*,*,#4263,.F.);
#2285=ORIENTED_EDGE('',*,*,#4261,.F.);
#2286=ORIENTED_EDGE('',*,*,#4259,.F.);
#2287=ORIENTED_EDGE('',*,*,#4257,.F.);
#2288=ORIENTED_EDGE('',*,*,#4255,.F.);
#2289=ORIENTED_EDGE('',*,*,#4253,.F.);
#2290=ORIENTED_EDGE('',*,*,#4251,.F.);
#2291=ORIENTED_EDGE('',*,*,#4249,.F.);
#2292=ORIENTED_EDGE('',*,*,#4247,.F.);
#2293=ORIENTED_EDGE('',*,*,#4245,.F.);
#2294=ORIENTED_EDGE('',*,*,#4243,.F.);
#2295=ORIENTED_EDGE('',*,*,#4241,.F.);
#2296=ORIENTED_EDGE('',*,*,#4239,.F.);
#2297=ORIENTED_EDGE('',*,*,#4237,.F.);
#2298=ORIENTED_EDGE('',*,*,#4235,.F.);
#2299=ORIENTED_EDGE('',*,*,#4233,.F.);
#2300=ORIENTED_EDGE('',*,*,#4231,.F.);
#2301=ORIENTED_EDGE('',*,*,#4229,.F.);
#2302=ORIENTED_EDGE('',*,*,#4227,.F.);
#2303=ORIENTED_EDGE('',*,*,#4225,.F.);
#2304=ORIENTED_EDGE('',*,*,#4053,.F.);
#2305=ORIENTED_EDGE('',*,*,#4224,.F.);
#2306=ORIENTED_EDGE('',*,*,#4222,.F.);
#2307=ORIENTED_EDGE('',*,*,#4220,.F.);
#2308=ORIENTED_EDGE('',*,*,#4218,.F.);
#2309=ORIENTED_EDGE('',*,*,#4216,.F.);
#2310=ORIENTED_EDGE('',*,*,#4214,.F.);
#2311=ORIENTED_EDGE('',*,*,#4212,.F.);
#2312=ORIENTED_EDGE('',*,*,#4210,.F.);
#2313=ORIENTED_EDGE('',*,*,#4208,.F.);
#2314=ORIENTED_EDGE('',*,*,#4206,.F.);
#2315=ORIENTED_EDGE('',*,*,#4204,.F.);
#2316=ORIENTED_EDGE('',*,*,#4202,.F.);
#2317=ORIENTED_EDGE('',*,*,#4200,.F.);
#2318=ORIENTED_EDGE('',*,*,#4198,.F.);
#2319=ORIENTED_EDGE('',*,*,#4196,.F.);
#2320=ORIENTED_EDGE('',*,*,#4194,.F.);
#2321=ORIENTED_EDGE('',*,*,#4192,.F.);
#2322=ORIENTED_EDGE('',*,*,#4190,.F.);
#2323=ORIENTED_EDGE('',*,*,#4188,.F.);
#2324=ORIENTED_EDGE('',*,*,#4186,.F.);
#2325=ORIENTED_EDGE('',*,*,#4184,.F.);
#2326=ORIENTED_EDGE('',*,*,#4182,.F.);
#2327=ORIENTED_EDGE('',*,*,#4180,.F.);
#2328=ORIENTED_EDGE('',*,*,#4178,.F.);
#2329=ORIENTED_EDGE('',*,*,#4176,.F.);
#2330=ORIENTED_EDGE('',*,*,#4174,.F.);
#2331=ORIENTED_EDGE('',*,*,#4172,.F.);
#2332=ORIENTED_EDGE('',*,*,#4170,.F.);
#2333=ORIENTED_EDGE('',*,*,#4168,.F.);
#2334=ORIENTED_EDGE('',*,*,#4166,.F.);
#2335=ORIENTED_EDGE('',*,*,#4164,.F.);
#2336=ORIENTED_EDGE('',*,*,#4162,.F.);
#2337=ORIENTED_EDGE('',*,*,#4160,.F.);
#2338=ORIENTED_EDGE('',*,*,#4158,.F.);
#2339=ORIENTED_EDGE('',*,*,#4156,.F.);
#2340=ORIENTED_EDGE('',*,*,#4154,.F.);
#2341=ORIENTED_EDGE('',*,*,#4152,.F.);
#2342=ORIENTED_EDGE('',*,*,#4150,.F.);
#2343=ORIENTED_EDGE('',*,*,#4148,.F.);
#2344=ORIENTED_EDGE('',*,*,#4146,.F.);
#2345=CARTESIAN_POINT('',(17.45,6.35000000000024,38.1));
#2346=DIRECTION('',(0.0,0.0,1.0));
#2347=DIRECTION('',(1.0,0.0,0.0));
#2348=ORIENTED_EDGE('',*,*,#4292,.F.);
#2349=ORIENTED_EDGE('',*,*,#4293,.T.);
#2350=ORIENTED_EDGE('',*,*,#4294,.T.);
#2351=ORIENTED_EDGE('',*,*,#4295,.T.);
#2352=CARTESIAN_POINT('',(30.0424228293262,6.35,4.75));
#2353=DIRECTION('',(3.035766E-16,-1.0,0.0));
#2354=DIRECTION('',(-1.0,-3.035766E-16,3.035766E-16));
#2355=ORIENTED_EDGE('',*,*,#4296,.F.);
#2356=ORIENTED_EDGE('',*,*,#4297,.T.);
#2357=ORIENTED_EDGE('',*,*,#4298,.T.);
#2358=ORIENTED_EDGE('',*,*,#4299,.T.);
#2359=CARTESIAN_POINT('',(30.2575771706739,6.84197737312066,4.0));
#2360=DIRECTION('',(3.035766E-16,-1.0,0.0));
#2361=DIRECTION('',(1.0,3.035766E-16,-3.035766E-16));
#2362=ORIENTED_EDGE('',*,*,#4300,.F.);
#2363=ORIENTED_EDGE('',*,*,#4301,.T.);
#2364=ORIENTED_EDGE('',*,*,#4302,.T.);
#2365=ORIENTED_EDGE('',*,*,#4303,.T.);
#2366=CARTESIAN_POINT('',(29.9693171219946,6.831673888125,-4.25));
#2367=DIRECTION('',(3.035766E-16,-1.0,1.71056941445899E-47));
#2368=DIRECTION('',(-1.0,-3.035766E-16,3.035766E-16));
#2369=ORIENTED_EDGE('',*,*,#4304,.F.);
#2370=ORIENTED_EDGE('',*,*,#4305,.T.);
#2371=ORIENTED_EDGE('',*,*,#4306,.T.);
#2372=ORIENTED_EDGE('',*,*,#4307,.T.);
#2373=CARTESIAN_POINT('',(30.0424228293262,6.35,-4.25));
#2374=DIRECTION('',(3.035766E-16,-1.0,0.0));
#2375=DIRECTION('',(-1.0,-3.035766E-16,3.035766E-16));
#2376=ORIENTED_EDGE('',*,*,#4308,.F.);
#2377=ORIENTED_EDGE('',*,*,#4309,.T.);
#2378=ORIENTED_EDGE('',*,*,#4310,.T.);
#2379=ORIENTED_EDGE('',*,*,#4311,.T.);
#2380=CARTESIAN_POINT('',(30.1844714633423,6.35,-3.5));
#2381=DIRECTION('',(3.035766E-16,-1.0,0.0));
#2382=DIRECTION('',(1.0,3.035766E-16,-3.035766E-16));
#2383=ORIENTED_EDGE('',*,*,#4312,.F.);
#2384=ORIENTED_EDGE('',*,*,#4313,.T.);
#2385=ORIENTED_EDGE('',*,*,#4314,.T.);
#2386=ORIENTED_EDGE('',*,*,#4315,.T.);
#2387=CARTESIAN_POINT('',(29.9693171219946,6.831673888125,-2.75));
#2388=DIRECTION('',(3.035766E-16,-1.0,0.0));
#2389=DIRECTION('',(-1.0,-3.035766E-16,3.035766E-16));
#2390=ORIENTED_EDGE('',*,*,#4316,.F.);
#2391=ORIENTED_EDGE('',*,*,#4317,.T.);
#2392=ORIENTED_EDGE('',*,*,#4318,.T.);
#2393=ORIENTED_EDGE('',*,*,#4319,.T.);
#2394=CARTESIAN_POINT('',(30.2575771706739,6.84197716379216,-3.5));
#2395=DIRECTION('',(3.035766E-16,-1.0,0.0));
#2396=DIRECTION('',(1.0,3.035766E-16,-3.035766E-16));
#2397=ORIENTED_EDGE('',*,*,#4320,.F.);
#2398=ORIENTED_EDGE('',*,*,#4321,.T.);
#2399=ORIENTED_EDGE('',*,*,#4322,.T.);
#2400=ORIENTED_EDGE('',*,*,#4323,.T.);
#2401=CARTESIAN_POINT('',(30.0424228293262,6.35,-2.75));
#2402=DIRECTION('',(3.035766E-16,-1.0,0.0));
#2403=DIRECTION('',(-1.0,-3.035766E-16,3.035766E-16));
#2404=ORIENTED_EDGE('',*,*,#4324,.F.);
#2405=ORIENTED_EDGE('',*,*,#4325,.T.);
#2406=ORIENTED_EDGE('',*,*,#4326,.T.);
#2407=ORIENTED_EDGE('',*,*,#4327,.T.);
#2408=CARTESIAN_POINT('',(30.1844714633423,6.35,-2.0));
#2409=DIRECTION('',(3.035766E-16,-1.0,0.0));
#2410=DIRECTION('',(1.0,3.035766E-16,-3.035766E-16));
#2411=ORIENTED_EDGE('',*,*,#4328,.F.);
#2412=ORIENTED_EDGE('',*,*,#4329,.T.);
#2413=ORIENTED_EDGE('',*,*,#4330,.T.);
#2414=ORIENTED_EDGE('',*,*,#4331,.T.);
#2415=CARTESIAN_POINT('',(29.9693171219946,6.83167471289257,-1.25));
#2416=DIRECTION('',(3.035766E-16,-1.0,1.71056941445899E-47));
#2417=DIRECTION('',(-1.0,-3.035766E-16,3.035766E-16));
#2418=ORIENTED_EDGE('',*,*,#4332,.F.);
#2419=ORIENTED_EDGE('',*,*,#4333,.T.);
#2420=ORIENTED_EDGE('',*,*,#4334,.T.);
#2421=ORIENTED_EDGE('',*,*,#4335,.T.);
#2422=CARTESIAN_POINT('',(30.2575771706739,6.84197737312066,-2.0));
#2423=DIRECTION('',(3.035766E-16,-1.0,0.0));
#2424=DIRECTION('',(1.0,3.035766E-16,-3.035766E-16));
#2425=ORIENTED_EDGE('',*,*,#4336,.F.);
#2426=ORIENTED_EDGE('',*,*,#4337,.T.);
#2427=ORIENTED_EDGE('',*,*,#4338,.T.);
#2428=ORIENTED_EDGE('',*,*,#4339,.T.);
#2429=CARTESIAN_POINT('',(30.0424228293262,6.35,-1.25));
#2430=DIRECTION('',(3.035766E-16,-1.0,0.0));
#2431=DIRECTION('',(-1.0,-3.035766E-16,3.035766E-16));
#2432=ORIENTED_EDGE('',*,*,#4340,.F.);
#2433=ORIENTED_EDGE('',*,*,#4341,.T.);
#2434=ORIENTED_EDGE('',*,*,#4342,.T.);
#2435=ORIENTED_EDGE('',*,*,#4343,.T.);
#2436=CARTESIAN_POINT('',(30.1844714633423,6.35,-0.5));
#2437=DIRECTION('',(3.035766E-16,-1.0,0.0));
#2438=DIRECTION('',(1.0,3.035766E-16,-3.035766E-16));
#2439=ORIENTED_EDGE('',*,*,#4344,.F.);
#2440=ORIENTED_EDGE('',*,*,#4345,.T.);
#2441=ORIENTED_EDGE('',*,*,#4346,.T.);
#2442=ORIENTED_EDGE('',*,*,#4347,.T.);
#2443=CARTESIAN_POINT('',(29.9693171219946,6.83167471289257,0.249999999999999));
#2444=DIRECTION('',(3.035766E-16,-1.0,1.71056941445899E-47));
#2445=DIRECTION('',(-1.0,-3.035766E-16,3.035766E-16));
#2446=ORIENTED_EDGE('',*,*,#4348,.F.);
#2447=ORIENTED_EDGE('',*,*,#4349,.T.);
#2448=ORIENTED_EDGE('',*,*,#4350,.T.);
#2449=ORIENTED_EDGE('',*,*,#4351,.T.);
#2450=CARTESIAN_POINT('',(30.2575771706739,6.84197737312066,-0.5));
#2451=DIRECTION('',(3.035766E-16,-1.0,0.0));
#2452=DIRECTION('',(1.0,3.035766E-16,-3.035766E-16));
#2453=ORIENTED_EDGE('',*,*,#4352,.F.);
#2454=ORIENTED_EDGE('',*,*,#4353,.T.);
#2455=ORIENTED_EDGE('',*,*,#4354,.T.);
#2456=ORIENTED_EDGE('',*,*,#4355,.T.);
#2457=CARTESIAN_POINT('',(30.0424228293262,6.35,0.249999999999999));
#2458=DIRECTION('',(3.035766E-16,-1.0,0.0));
#2459=DIRECTION('',(-1.0,-3.035766E-16,3.035766E-16));
#2460=ORIENTED_EDGE('',*,*,#4356,.F.);
#2461=ORIENTED_EDGE('',*,*,#4357,.T.);
#2462=ORIENTED_EDGE('',*,*,#4358,.T.);
#2463=ORIENTED_EDGE('',*,*,#4359,.T.);
#2464=CARTESIAN_POINT('',(30.1844714633423,6.35,0.999999999999999));
#2465=DIRECTION('',(3.035766E-16,-1.0,0.0));
#2466=DIRECTION('',(1.0,3.035766E-16,-3.035766E-16));
#2467=ORIENTED_EDGE('',*,*,#4360,.F.);
#2468=ORIENTED_EDGE('',*,*,#4361,.T.);
#2469=ORIENTED_EDGE('',*,*,#4362,.T.);
#2470=ORIENTED_EDGE('',*,*,#4363,.T.);
#2471=CARTESIAN_POINT('',(29.9693171219946,6.83167471289257,1.75));
#2472=DIRECTION('',(3.035766E-16,-1.0,0.0));
#2473=DIRECTION('',(-1.0,-3.035766E-16,3.035766E-16));
#2474=ORIENTED_EDGE('',*,*,#4364,.F.);
#2475=ORIENTED_EDGE('',*,*,#4365,.T.);
#2476=ORIENTED_EDGE('',*,*,#4366,.T.);
#2477=ORIENTED_EDGE('',*,*,#4367,.T.);
#2478=CARTESIAN_POINT('',(30.2575771706739,6.84197737312066,0.999999999999999));
#2479=DIRECTION('',(3.035766E-16,-1.0,0.0));
#2480=DIRECTION('',(1.0,3.035766E-16,-3.035766E-16));
#2481=ORIENTED_EDGE('',*,*,#4368,.F.);
#2482=ORIENTED_EDGE('',*,*,#4369,.T.);
#2483=ORIENTED_EDGE('',*,*,#4370,.T.);
#2484=ORIENTED_EDGE('',*,*,#4371,.T.);
#2485=CARTESIAN_POINT('',(30.0424228293262,6.35,1.75));
#2486=DIRECTION('',(3.035766E-16,-1.0,0.0));
#2487=DIRECTION('',(-1.0,-3.035766E-16,3.035766E-16));
#2488=ORIENTED_EDGE('',*,*,#4372,.T.);
#2489=ORIENTED_EDGE('',*,*,#4373,.F.);
#2490=ORIENTED_EDGE('',*,*,#4374,.F.);
#2491=ORIENTED_EDGE('',*,*,#4375,.T.);
#2492=ORIENTED_EDGE('',*,*,#4376,.F.);
#2493=ORIENTED_EDGE('',*,*,#4377,.F.);
#2494=ORIENTED_EDGE('',*,*,#4378,.T.);
#2495=ORIENTED_EDGE('',*,*,#4379,.F.);
#2496=ORIENTED_EDGE('',*,*,#4380,.F.);
#2497=ORIENTED_EDGE('',*,*,#4381,.T.);
#2498=ORIENTED_EDGE('',*,*,#4382,.F.);
#2499=ORIENTED_EDGE('',*,*,#4383,.F.);
#2500=ORIENTED_EDGE('',*,*,#4384,.T.);
#2501=ORIENTED_EDGE('',*,*,#4385,.F.);
#2502=ORIENTED_EDGE('',*,*,#4386,.F.);
#2503=ORIENTED_EDGE('',*,*,#4387,.T.);
#2504=ORIENTED_EDGE('',*,*,#4361,.F.);
#2505=ORIENTED_EDGE('',*,*,#4388,.F.);
#2506=ORIENTED_EDGE('',*,*,#4389,.T.);
#2507=ORIENTED_EDGE('',*,*,#4390,.F.);
#2508=ORIENTED_EDGE('',*,*,#4359,.F.);
#2509=ORIENTED_EDGE('',*,*,#4391,.T.);
#2510=ORIENTED_EDGE('',*,*,#4345,.F.);
#2511=ORIENTED_EDGE('',*,*,#4392,.F.);
#2512=ORIENTED_EDGE('',*,*,#4393,.T.);
#2513=ORIENTED_EDGE('',*,*,#4394,.F.);
#2514=ORIENTED_EDGE('',*,*,#4343,.F.);
#2515=ORIENTED_EDGE('',*,*,#4395,.T.);
#2516=ORIENTED_EDGE('',*,*,#4329,.F.);
#2517=ORIENTED_EDGE('',*,*,#4396,.F.);
#2518=ORIENTED_EDGE('',*,*,#4397,.T.);
#2519=ORIENTED_EDGE('',*,*,#4398,.F.);
#2520=ORIENTED_EDGE('',*,*,#4327,.F.);
#2521=ORIENTED_EDGE('',*,*,#4399,.T.);
#2522=ORIENTED_EDGE('',*,*,#4313,.F.);
#2523=ORIENTED_EDGE('',*,*,#4400,.F.);
#2524=ORIENTED_EDGE('',*,*,#4401,.T.);
#2525=ORIENTED_EDGE('',*,*,#4402,.F.);
#2526=ORIENTED_EDGE('',*,*,#4311,.F.);
#2527=ORIENTED_EDGE('',*,*,#4403,.T.);
#2528=ORIENTED_EDGE('',*,*,#4301,.F.);
#2529=ORIENTED_EDGE('',*,*,#4404,.F.);
#2530=ORIENTED_EDGE('',*,*,#4405,.T.);
#2531=ORIENTED_EDGE('',*,*,#4406,.F.);
#2532=CARTESIAN_POINT('',(30.15,6.35,0.499999999999999));
#2533=DIRECTION('',(3.035766E-16,9.215875206756E-32,1.0));
#2534=DIRECTION('',(1.0,3.035766E-16,-3.035766E-16));
#2535=ORIENTED_EDGE('',*,*,#4407,.F.);
#2536=ORIENTED_EDGE('',*,*,#4408,.F.);
#2537=ORIENTED_EDGE('',*,*,#4409,.F.);
#2538=ORIENTED_EDGE('',*,*,#4372,.F.);
#2539=ORIENTED_EDGE('',*,*,#4410,.F.);
#2540=ORIENTED_EDGE('',*,*,#4411,.F.);
#2541=CARTESIAN_POINT('',(30.15,6.35,0.499999999999999));
#2542=DIRECTION('',(3.035766E-16,9.215875206756E-32,1.0));
#2543=DIRECTION('',(1.0,3.035766E-16,-3.035766E-16));
#2544=ORIENTED_EDGE('',*,*,#4412,.F.);
#2545=ORIENTED_EDGE('',*,*,#4413,.T.);
#2546=ORIENTED_EDGE('',*,*,#4414,.T.);
#2547=ORIENTED_EDGE('',*,*,#4386,.T.);
#2548=CARTESIAN_POINT('',(30.1844714633423,6.35,2.5));
#2549=DIRECTION('',(3.035766E-16,-1.0,0.0));
#2550=DIRECTION('',(1.0,3.035766E-16,-3.035766E-16));
#2551=ORIENTED_EDGE('',*,*,#4415,.F.);
#2552=ORIENTED_EDGE('',*,*,#4382,.T.);
#2553=ORIENTED_EDGE('',*,*,#4416,.T.);
#2554=ORIENTED_EDGE('',*,*,#4417,.T.);
#2555=CARTESIAN_POINT('',(29.9693171219946,6.83167471289257,3.25));
#2556=DIRECTION('',(3.035766E-16,-1.0,0.0));
#2557=DIRECTION('',(-1.0,-3.035766E-16,3.035766E-16));
#2558=ORIENTED_EDGE('',*,*,#4418,.F.);
#2559=ORIENTED_EDGE('',*,*,#4419,.T.);
#2560=ORIENTED_EDGE('',*,*,#4420,.T.);
#2561=ORIENTED_EDGE('',*,*,#4421,.T.);
#2562=CARTESIAN_POINT('',(30.2575771706739,6.84197737312066,2.5));
#2563=DIRECTION('',(3.035766E-16,-1.0,0.0));
#2564=DIRECTION('',(1.0,3.035766E-16,-3.035766E-16));
#2565=ORIENTED_EDGE('',*,*,#4422,.F.);
#2566=ORIENTED_EDGE('',*,*,#4423,.T.);
#2567=ORIENTED_EDGE('',*,*,#4424,.T.);
#2568=ORIENTED_EDGE('',*,*,#4425,.T.);
#2569=CARTESIAN_POINT('',(30.0424228293262,6.35,3.25));
#2570=DIRECTION('',(3.035766E-16,-1.0,0.0));
#2571=DIRECTION('',(-1.0,-3.035766E-16,3.035766E-16));
#2572=ORIENTED_EDGE('',*,*,#4426,.F.);
#2573=ORIENTED_EDGE('',*,*,#4376,.T.);
#2574=ORIENTED_EDGE('',*,*,#4427,.T.);
#2575=ORIENTED_EDGE('',*,*,#4428,.T.);
#2576=CARTESIAN_POINT('',(29.9693171219946,6.83167440439271,4.75));
#2577=DIRECTION('',(3.035766E-16,-1.0,0.0));
#2578=DIRECTION('',(-1.0,-3.035766E-16,3.035766E-16));
#2579=ORIENTED_EDGE('',*,*,#4429,.T.);
#2580=ORIENTED_EDGE('',*,*,#4430,.T.);
#2581=ORIENTED_EDGE('',*,*,#4431,.T.);
#2582=ORIENTED_EDGE('',*,*,#4432,.F.);
#2583=ORIENTED_EDGE('',*,*,#4303,.F.);
#2584=ORIENTED_EDGE('',*,*,#4433,.T.);
#2585=ORIENTED_EDGE('',*,*,#4309,.F.);
#2586=ORIENTED_EDGE('',*,*,#4434,.F.);
#2587=ORIENTED_EDGE('',*,*,#4435,.T.);
#2588=ORIENTED_EDGE('',*,*,#4436,.F.);
#2589=ORIENTED_EDGE('',*,*,#4315,.F.);
#2590=ORIENTED_EDGE('',*,*,#4437,.T.);
#2591=ORIENTED_EDGE('',*,*,#4325,.F.);
#2592=ORIENTED_EDGE('',*,*,#4438,.F.);
#2593=ORIENTED_EDGE('',*,*,#4439,.T.);
#2594=ORIENTED_EDGE('',*,*,#4440,.F.);
#2595=ORIENTED_EDGE('',*,*,#4331,.F.);
#2596=ORIENTED_EDGE('',*,*,#4441,.T.);
#2597=ORIENTED_EDGE('',*,*,#4341,.F.);
#2598=ORIENTED_EDGE('',*,*,#4442,.F.);
#2599=ORIENTED_EDGE('',*,*,#4443,.T.);
#2600=ORIENTED_EDGE('',*,*,#4444,.F.);
#2601=ORIENTED_EDGE('',*,*,#4347,.F.);
#2602=ORIENTED_EDGE('',*,*,#4445,.T.);
#2603=ORIENTED_EDGE('',*,*,#4357,.F.);
#2604=ORIENTED_EDGE('',*,*,#4446,.F.);
#2605=ORIENTED_EDGE('',*,*,#4447,.T.);
#2606=ORIENTED_EDGE('',*,*,#4448,.F.);
#2607=ORIENTED_EDGE('',*,*,#4363,.F.);
#2608=ORIENTED_EDGE('',*,*,#4449,.T.);
#2609=ORIENTED_EDGE('',*,*,#4413,.F.);
#2610=ORIENTED_EDGE('',*,*,#4450,.F.);
#2611=ORIENTED_EDGE('',*,*,#4451,.T.);
#2612=ORIENTED_EDGE('',*,*,#4452,.F.);
#2613=ORIENTED_EDGE('',*,*,#4417,.F.);
#2614=ORIENTED_EDGE('',*,*,#4453,.T.);
#2615=ORIENTED_EDGE('',*,*,#4454,.F.);
#2616=ORIENTED_EDGE('',*,*,#4455,.F.);
#2617=ORIENTED_EDGE('',*,*,#4456,.T.);
#2618=ORIENTED_EDGE('',*,*,#4457,.F.);
#2619=ORIENTED_EDGE('',*,*,#4428,.F.);
#2620=ORIENTED_EDGE('',*,*,#4458,.T.);
#2621=ORIENTED_EDGE('',*,*,#4459,.F.);
#2622=CARTESIAN_POINT('',(30.15,6.35,0.500000000000001));
#2623=DIRECTION('',(3.035766E-16,5.70205E-16,1.0));
#2624=DIRECTION('',(1.0,3.035766E-16,-3.035766E-16));
#2625=ORIENTED_EDGE('',*,*,#4460,.F.);
#2626=ORIENTED_EDGE('',*,*,#4461,.T.);
#2627=ORIENTED_EDGE('',*,*,#4429,.F.);
#2628=ORIENTED_EDGE('',*,*,#4462,.F.);
#2629=CARTESIAN_POINT('',(30.15,6.35,0.500000000000001));
#2630=DIRECTION('',(3.035766E-16,5.70205E-16,1.0));
#2631=DIRECTION('',(1.0,3.035766E-16,-3.035766E-16));
#2632=ORIENTED_EDGE('',*,*,#4463,.F.);
#2633=ORIENTED_EDGE('',*,*,#4454,.T.);
#2634=ORIENTED_EDGE('',*,*,#4464,.T.);
#2635=ORIENTED_EDGE('',*,*,#4380,.T.);
#2636=CARTESIAN_POINT('',(30.1844714633423,6.35,4.0));
#2637=DIRECTION('',(3.035766E-16,-1.0,0.0));
#2638=DIRECTION('',(1.0,3.035766E-16,-3.035766E-16));
#2639=ORIENTED_EDGE('',*,*,#4465,.T.);
#2640=ORIENTED_EDGE('',*,*,#4410,.T.);
#2641=ORIENTED_EDGE('',*,*,#4406,.T.);
#2642=ORIENTED_EDGE('',*,*,#4466,.T.);
#2643=ORIENTED_EDGE('',*,*,#4467,.T.);
#2644=CARTESIAN_POINT('',(30.15,6.35,-4.4));
#2645=DIRECTION('',(-3.035766E-16,-9.215875206756E-32,-1.0));
#2646=DIRECTION('',(-3.035766E-16,1.0,0.0));
#2647=ORIENTED_EDGE('',*,*,#4468,.F.);
#2648=ORIENTED_EDGE('',*,*,#4469,.T.);
#2649=ORIENTED_EDGE('',*,*,#4411,.T.);
#2650=ORIENTED_EDGE('',*,*,#4465,.F.);
#2651=ORIENTED_EDGE('',*,*,#4470,.T.);
#2652=CARTESIAN_POINT('',(30.15,6.35,-4.4));
#2653=DIRECTION('',(-3.035766E-16,-9.215875206756E-32,-1.0));
#2654=DIRECTION('',(-3.035766E-16,1.0,0.0));
#2655=ORIENTED_EDGE('',*,*,#4471,.F.);
#2656=ORIENTED_EDGE('',*,*,#4408,.T.);
#2657=ORIENTED_EDGE('',*,*,#4472,.T.);
#2658=ORIENTED_EDGE('',*,*,#4473,.T.);
#2659=ORIENTED_EDGE('',*,*,#4474,.T.);
#2660=CARTESIAN_POINT('',(30.15,6.35,5.4));
#2661=DIRECTION('',(-3.035766E-16,-9.215875206756E-32,-1.0));
#2662=DIRECTION('',(-3.035766E-16,1.0,0.0));
#2663=ORIENTED_EDGE('',*,*,#4475,.F.);
#2664=ORIENTED_EDGE('',*,*,#4476,.T.);
#2665=ORIENTED_EDGE('',*,*,#4477,.T.);
#2666=ORIENTED_EDGE('',*,*,#4374,.T.);
#2667=CARTESIAN_POINT('',(30.15,6.35,5.4));
#2668=DIRECTION('',(-3.035766E-16,-9.215875206756E-32,-1.0));
#2669=DIRECTION('',(-3.035766E-16,1.0,0.0));
#2670=ORIENTED_EDGE('',*,*,#4475,.T.);
#2671=ORIENTED_EDGE('',*,*,#4373,.T.);
#2672=ORIENTED_EDGE('',*,*,#4409,.T.);
#2673=ORIENTED_EDGE('',*,*,#4471,.T.);
#2674=ORIENTED_EDGE('',*,*,#4478,.T.);
#2675=CARTESIAN_POINT('',(30.15,6.35,5.4));
#2676=DIRECTION('',(-3.035766E-16,-9.215875206756E-32,-1.0));
#2677=DIRECTION('',(-3.035766E-16,1.0,0.0));
#2678=ORIENTED_EDGE('',*,*,#4474,.F.);
#2679=ORIENTED_EDGE('',*,*,#4479,.T.);
#2680=ORIENTED_EDGE('',*,*,#4480,.T.);
#2681=ORIENTED_EDGE('',*,*,#4462,.T.);
#2682=ORIENTED_EDGE('',*,*,#4459,.T.);
#2683=ORIENTED_EDGE('',*,*,#4481,.T.);
#2684=ORIENTED_EDGE('',*,*,#4476,.F.);
#2685=ORIENTED_EDGE('',*,*,#4478,.F.);
#2686=CARTESIAN_POINT('',(31.025,6.35,5.5));
#2687=DIRECTION('',(3.035766E-16,9.215875206756E-32,1.0));
#2688=DIRECTION('',(1.0,3.035766E-16,-3.035766E-16));
#2689=ORIENTED_EDGE('',*,*,#4473,.F.);
#2690=ORIENTED_EDGE('',*,*,#4482,.F.);
#2691=ORIENTED_EDGE('',*,*,#4294,.F.);
#2692=ORIENTED_EDGE('',*,*,#4483,.F.);
#2693=ORIENTED_EDGE('',*,*,#4479,.F.);
#2694=CARTESIAN_POINT('',(29.75,6.35,4.75));
#2695=DIRECTION('',(-0.68394112888133,-2.07628522505956E-16,0.729537204140085));
#2696=DIRECTION('',(3.035766E-16,-1.0,1.79844806015736E-32));
#2697=ORIENTED_EDGE('',*,*,#4468,.T.);
#2698=ORIENTED_EDGE('',*,*,#4484,.T.);
#2699=ORIENTED_EDGE('',*,*,#4485,.T.);
#2700=ORIENTED_EDGE('',*,*,#4486,.T.);
#2701=CARTESIAN_POINT('',(30.15,6.35,-4.4));
#2702=DIRECTION('',(-3.035766E-16,-9.215875206756E-32,-1.0));
#2703=DIRECTION('',(-3.035766E-16,1.0,0.0));
#2704=ORIENTED_EDGE('',*,*,#4467,.F.);
#2705=ORIENTED_EDGE('',*,*,#4487,.T.);
#2706=ORIENTED_EDGE('',*,*,#4430,.F.);
#2707=ORIENTED_EDGE('',*,*,#4461,.F.);
#2708=ORIENTED_EDGE('',*,*,#4488,.F.);
#2709=ORIENTED_EDGE('',*,*,#4489,.T.);
#2710=ORIENTED_EDGE('',*,*,#4484,.F.);
#2711=ORIENTED_EDGE('',*,*,#4470,.F.);
#2712=CARTESIAN_POINT('',(31.025,6.35,-4.5));
#2713=DIRECTION('',(-3.035766E-16,-9.215875206756E-32,-1.0));
#2714=DIRECTION('',(-3.035766E-16,1.0,0.0));
#2715=ORIENTED_EDGE('',*,*,#4466,.F.);
#2716=ORIENTED_EDGE('',*,*,#4405,.F.);
#2717=ORIENTED_EDGE('',*,*,#4490,.F.);
#2718=ORIENTED_EDGE('',*,*,#4431,.F.);
#2719=ORIENTED_EDGE('',*,*,#4487,.F.);
#2720=CARTESIAN_POINT('',(29.6768942926685,6.35,-4.25));
#2721=DIRECTION('',(0.683941128881331,2.07628522505956E-16,0.729537204140084));
#2722=DIRECTION('',(-3.035766E-16,1.0,0.0));
#2723=ORIENTED_EDGE('',*,*,#4463,.T.);
#2724=ORIENTED_EDGE('',*,*,#4379,.T.);
#2725=ORIENTED_EDGE('',*,*,#4491,.T.);
#2726=ORIENTED_EDGE('',*,*,#4455,.T.);
#2727=CARTESIAN_POINT('',(30.1844714633423,6.35,4.0));
#2728=DIRECTION('',(3.035766E-16,-1.0,0.0));
#2729=DIRECTION('',(1.0,3.035766E-16,-3.035766E-16));
#2730=ORIENTED_EDGE('',*,*,#4460,.T.);
#2731=ORIENTED_EDGE('',*,*,#4480,.F.);
#2732=ORIENTED_EDGE('',*,*,#4483,.T.);
#2733=ORIENTED_EDGE('',*,*,#4293,.F.);
#2734=ORIENTED_EDGE('',*,*,#4492,.F.);
#2735=ORIENTED_EDGE('',*,*,#4493,.T.);
#2736=ORIENTED_EDGE('',*,*,#4494,.F.);
#2737=ORIENTED_EDGE('',*,*,#4299,.F.);
#2738=ORIENTED_EDGE('',*,*,#4495,.T.);
#2739=ORIENTED_EDGE('',*,*,#4423,.F.);
#2740=ORIENTED_EDGE('',*,*,#4496,.F.);
#2741=ORIENTED_EDGE('',*,*,#4497,.T.);
#2742=ORIENTED_EDGE('',*,*,#4498,.F.);
#2743=ORIENTED_EDGE('',*,*,#4421,.F.);
#2744=ORIENTED_EDGE('',*,*,#4499,.T.);
#2745=ORIENTED_EDGE('',*,*,#4369,.F.);
#2746=ORIENTED_EDGE('',*,*,#4500,.F.);
#2747=ORIENTED_EDGE('',*,*,#4501,.T.);
#2748=ORIENTED_EDGE('',*,*,#4502,.F.);
#2749=ORIENTED_EDGE('',*,*,#4367,.F.);
#2750=ORIENTED_EDGE('',*,*,#4503,.T.);
#2751=ORIENTED_EDGE('',*,*,#4353,.F.);
#2752=ORIENTED_EDGE('',*,*,#4504,.F.);
#2753=ORIENTED_EDGE('',*,*,#4505,.T.);
#2754=ORIENTED_EDGE('',*,*,#4506,.F.);
#2755=ORIENTED_EDGE('',*,*,#4351,.F.);
#2756=ORIENTED_EDGE('',*,*,#4507,.T.);
#2757=ORIENTED_EDGE('',*,*,#4337,.F.);
#2758=ORIENTED_EDGE('',*,*,#4508,.F.);
#2759=ORIENTED_EDGE('',*,*,#4509,.T.);
#2760=ORIENTED_EDGE('',*,*,#4510,.F.);
#2761=ORIENTED_EDGE('',*,*,#4335,.F.);
#2762=ORIENTED_EDGE('',*,*,#4511,.T.);
#2763=ORIENTED_EDGE('',*,*,#4321,.F.);
#2764=ORIENTED_EDGE('',*,*,#4512,.F.);
#2765=ORIENTED_EDGE('',*,*,#4513,.T.);
#2766=ORIENTED_EDGE('',*,*,#4514,.F.);
#2767=ORIENTED_EDGE('',*,*,#4319,.F.);
#2768=ORIENTED_EDGE('',*,*,#4515,.T.);
#2769=ORIENTED_EDGE('',*,*,#4305,.F.);
#2770=ORIENTED_EDGE('',*,*,#4516,.F.);
#2771=ORIENTED_EDGE('',*,*,#4517,.T.);
#2772=ORIENTED_EDGE('',*,*,#4488,.T.);
#2773=CARTESIAN_POINT('',(30.15,6.35,0.500000000000001));
#2774=DIRECTION('',(3.035766E-16,5.70205E-16,1.0));
#2775=DIRECTION('',(1.0,3.035766E-16,-3.035766E-16));
#2776=ORIENTED_EDGE('',*,*,#4491,.F.);
#2777=ORIENTED_EDGE('',*,*,#4378,.F.);
#2778=ORIENTED_EDGE('',*,*,#4518,.F.);
#2779=ORIENTED_EDGE('',*,*,#4456,.F.);
#2780=CARTESIAN_POINT('',(29.6768942926685,6.35,4.75));
#2781=DIRECTION('',(0.683941128881331,2.07628522505956E-16,0.729537204140084));
#2782=DIRECTION('',(-3.035766E-16,1.0,0.0));
#2783=ORIENTED_EDGE('',*,*,#4426,.T.);
#2784=ORIENTED_EDGE('',*,*,#4457,.T.);
#2785=ORIENTED_EDGE('',*,*,#4518,.T.);
#2786=ORIENTED_EDGE('',*,*,#4377,.T.);
#2787=CARTESIAN_POINT('',(29.9693171219946,6.83167440439271,4.75));
#2788=DIRECTION('',(3.035766E-16,-1.0,0.0));
#2789=DIRECTION('',(-1.0,-3.035766E-16,3.035766E-16));
#2790=ORIENTED_EDGE('',*,*,#4422,.T.);
#2791=ORIENTED_EDGE('',*,*,#4519,.T.);
#2792=ORIENTED_EDGE('',*,*,#4520,.T.);
#2793=ORIENTED_EDGE('',*,*,#4496,.T.);
#2794=CARTESIAN_POINT('',(30.0424228293262,6.35,3.25));
#2795=DIRECTION('',(3.035766E-16,-1.0,0.0));
#2796=DIRECTION('',(-1.0,-3.035766E-16,3.035766E-16));
#2797=ORIENTED_EDGE('',*,*,#4520,.F.);
#2798=ORIENTED_EDGE('',*,*,#4521,.F.);
#2799=ORIENTED_EDGE('',*,*,#4522,.F.);
#2800=ORIENTED_EDGE('',*,*,#4497,.F.);
#2801=CARTESIAN_POINT('',(30.55,6.35,2.5));
#2802=DIRECTION('',(-0.68394112888133,-2.07628522505956E-16,-0.729537204140085));
#2803=DIRECTION('',(-0.729537204140085,-2.21470424006353E-16,0.68394112888133));
#2804=ORIENTED_EDGE('',*,*,#4418,.T.);
#2805=ORIENTED_EDGE('',*,*,#4498,.T.);
#2806=ORIENTED_EDGE('',*,*,#4522,.T.);
#2807=ORIENTED_EDGE('',*,*,#4523,.T.);
#2808=CARTESIAN_POINT('',(30.2575771706739,6.84197737312066,2.5));
#2809=DIRECTION('',(3.035766E-16,-1.0,0.0));
#2810=DIRECTION('',(1.0,3.035766E-16,-3.035766E-16));
#2811=ORIENTED_EDGE('',*,*,#4415,.T.);
#2812=ORIENTED_EDGE('',*,*,#4452,.T.);
#2813=ORIENTED_EDGE('',*,*,#4524,.T.);
#2814=ORIENTED_EDGE('',*,*,#4383,.T.);
#2815=CARTESIAN_POINT('',(29.9693171219946,6.83167471289257,3.25));
#2816=DIRECTION('',(3.035766E-16,-1.0,0.0));
#2817=DIRECTION('',(-1.0,-3.035766E-16,3.035766E-16));
#2818=ORIENTED_EDGE('',*,*,#4524,.F.);
#2819=ORIENTED_EDGE('',*,*,#4451,.F.);
#2820=ORIENTED_EDGE('',*,*,#4525,.F.);
#2821=ORIENTED_EDGE('',*,*,#4384,.F.);
#2822=CARTESIAN_POINT('',(29.6768942926685,6.35,3.25));
#2823=DIRECTION('',(0.683941128881331,2.07628522505956E-16,0.729537204140084));
#2824=DIRECTION('',(-3.035766E-16,1.0,0.0));
#2825=ORIENTED_EDGE('',*,*,#4412,.T.);
#2826=ORIENTED_EDGE('',*,*,#4385,.T.);
#2827=ORIENTED_EDGE('',*,*,#4525,.T.);
#2828=ORIENTED_EDGE('',*,*,#4450,.T.);
#2829=CARTESIAN_POINT('',(30.1844714633423,6.35,2.5));
#2830=DIRECTION('',(3.035766E-16,-1.0,0.0));
#2831=DIRECTION('',(1.0,3.035766E-16,-3.035766E-16));
#2832=ORIENTED_EDGE('',*,*,#4407,.T.);
#2833=ORIENTED_EDGE('',*,*,#4469,.F.);
#2834=ORIENTED_EDGE('',*,*,#4486,.F.);
#2835=ORIENTED_EDGE('',*,*,#4526,.T.);
#2836=ORIENTED_EDGE('',*,*,#4527,.F.);
#2837=ORIENTED_EDGE('',*,*,#4307,.F.);
#2838=ORIENTED_EDGE('',*,*,#4528,.T.);
#2839=ORIENTED_EDGE('',*,*,#4317,.F.);
#2840=ORIENTED_EDGE('',*,*,#4529,.F.);
#2841=ORIENTED_EDGE('',*,*,#4530,.T.);
#2842=ORIENTED_EDGE('',*,*,#4531,.F.);
#2843=ORIENTED_EDGE('',*,*,#4323,.F.);
#2844=ORIENTED_EDGE('',*,*,#4532,.T.);
#2845=ORIENTED_EDGE('',*,*,#4333,.F.);
#2846=ORIENTED_EDGE('',*,*,#4533,.F.);
#2847=ORIENTED_EDGE('',*,*,#4534,.T.);
#2848=ORIENTED_EDGE('',*,*,#4535,.F.);
#2849=ORIENTED_EDGE('',*,*,#4339,.F.);
#2850=ORIENTED_EDGE('',*,*,#4536,.T.);
#2851=ORIENTED_EDGE('',*,*,#4349,.F.);
#2852=ORIENTED_EDGE('',*,*,#4537,.F.);
#2853=ORIENTED_EDGE('',*,*,#4538,.T.);
#2854=ORIENTED_EDGE('',*,*,#4539,.F.);
#2855=ORIENTED_EDGE('',*,*,#4355,.F.);
#2856=ORIENTED_EDGE('',*,*,#4540,.T.);
#2857=ORIENTED_EDGE('',*,*,#4365,.F.);
#2858=ORIENTED_EDGE('',*,*,#4541,.F.);
#2859=ORIENTED_EDGE('',*,*,#4542,.T.);
#2860=ORIENTED_EDGE('',*,*,#4543,.F.);
#2861=ORIENTED_EDGE('',*,*,#4371,.F.);
#2862=ORIENTED_EDGE('',*,*,#4544,.T.);
#2863=ORIENTED_EDGE('',*,*,#4419,.F.);
#2864=ORIENTED_EDGE('',*,*,#4523,.F.);
#2865=ORIENTED_EDGE('',*,*,#4521,.T.);
#2866=ORIENTED_EDGE('',*,*,#4519,.F.);
#2867=ORIENTED_EDGE('',*,*,#4425,.F.);
#2868=ORIENTED_EDGE('',*,*,#4545,.T.);
#2869=ORIENTED_EDGE('',*,*,#4297,.F.);
#2870=ORIENTED_EDGE('',*,*,#4546,.F.);
#2871=ORIENTED_EDGE('',*,*,#4547,.T.);
#2872=ORIENTED_EDGE('',*,*,#4548,.F.);
#2873=ORIENTED_EDGE('',*,*,#4295,.F.);
#2874=ORIENTED_EDGE('',*,*,#4482,.T.);
#2875=ORIENTED_EDGE('',*,*,#4472,.F.);
#2876=CARTESIAN_POINT('',(30.15,6.35,0.499999999999999));
#2877=DIRECTION('',(3.035766E-16,9.215875206756E-32,1.0));
#2878=DIRECTION('',(1.0,3.035766E-16,-3.035766E-16));
#2879=ORIENTED_EDGE('',*,*,#4368,.T.);
#2880=ORIENTED_EDGE('',*,*,#4543,.T.);
#2881=ORIENTED_EDGE('',*,*,#4549,.T.);
#2882=ORIENTED_EDGE('',*,*,#4500,.T.);
#2883=CARTESIAN_POINT('',(30.0424228293262,6.35,1.75));
#2884=DIRECTION('',(3.035766E-16,-1.0,0.0));
#2885=DIRECTION('',(-1.0,-3.035766E-16,3.035766E-16));
#2886=ORIENTED_EDGE('',*,*,#4549,.F.);
#2887=ORIENTED_EDGE('',*,*,#4542,.F.);
#2888=ORIENTED_EDGE('',*,*,#4550,.F.);
#2889=ORIENTED_EDGE('',*,*,#4501,.F.);
#2890=CARTESIAN_POINT('',(30.55,6.35,0.999999999999999));
#2891=DIRECTION('',(-0.68394112888133,-2.07628522505956E-16,-0.729537204140085));
#2892=DIRECTION('',(-0.729537204140085,-2.21470424006353E-16,0.68394112888133));
#2893=ORIENTED_EDGE('',*,*,#4364,.T.);
#2894=ORIENTED_EDGE('',*,*,#4502,.T.);
#2895=ORIENTED_EDGE('',*,*,#4550,.T.);
#2896=ORIENTED_EDGE('',*,*,#4541,.T.);
#2897=CARTESIAN_POINT('',(30.2575771706739,6.84197737312066,0.999999999999999));
#2898=DIRECTION('',(3.035766E-16,-1.0,0.0));
#2899=DIRECTION('',(1.0,3.035766E-16,-3.035766E-16));
#2900=ORIENTED_EDGE('',*,*,#4360,.T.);
#2901=ORIENTED_EDGE('',*,*,#4448,.T.);
#2902=ORIENTED_EDGE('',*,*,#4551,.T.);
#2903=ORIENTED_EDGE('',*,*,#4388,.T.);
#2904=CARTESIAN_POINT('',(29.9693171219946,6.83167471289257,1.75));
#2905=DIRECTION('',(3.035766E-16,-1.0,0.0));
#2906=DIRECTION('',(-1.0,-3.035766E-16,3.035766E-16));
#2907=ORIENTED_EDGE('',*,*,#4551,.F.);
#2908=ORIENTED_EDGE('',*,*,#4447,.F.);
#2909=ORIENTED_EDGE('',*,*,#4552,.F.);
#2910=ORIENTED_EDGE('',*,*,#4389,.F.);
#2911=CARTESIAN_POINT('',(29.6768942926685,6.35,1.75));
#2912=DIRECTION('',(0.683941128881331,2.07628522505956E-16,0.729537204140084));
#2913=DIRECTION('',(-3.035766E-16,1.0,0.0));
#2914=ORIENTED_EDGE('',*,*,#4356,.T.);
#2915=ORIENTED_EDGE('',*,*,#4390,.T.);
#2916=ORIENTED_EDGE('',*,*,#4552,.T.);
#2917=ORIENTED_EDGE('',*,*,#4446,.T.);
#2918=CARTESIAN_POINT('',(30.1844714633423,6.35,0.999999999999999));
#2919=DIRECTION('',(3.035766E-16,-1.0,0.0));
#2920=DIRECTION('',(1.0,3.035766E-16,-3.035766E-16));
#2921=ORIENTED_EDGE('',*,*,#4352,.T.);
#2922=ORIENTED_EDGE('',*,*,#4539,.T.);
#2923=ORIENTED_EDGE('',*,*,#4553,.T.);
#2924=ORIENTED_EDGE('',*,*,#4504,.T.);
#2925=CARTESIAN_POINT('',(30.0424228293262,6.35,0.249999999999999));
#2926=DIRECTION('',(3.035766E-16,-1.0,0.0));
#2927=DIRECTION('',(-1.0,-3.035766E-16,3.035766E-16));
#2928=ORIENTED_EDGE('',*,*,#4553,.F.);
#2929=ORIENTED_EDGE('',*,*,#4538,.F.);
#2930=ORIENTED_EDGE('',*,*,#4554,.F.);
#2931=ORIENTED_EDGE('',*,*,#4505,.F.);
#2932=CARTESIAN_POINT('',(30.55,6.35,-0.5));
#2933=DIRECTION('',(-0.68394112888133,-2.07628522505956E-16,-0.729537204140085));
#2934=DIRECTION('',(-0.729537204140085,-2.21470424006353E-16,0.68394112888133));
#2935=ORIENTED_EDGE('',*,*,#4348,.T.);
#2936=ORIENTED_EDGE('',*,*,#4506,.T.);
#2937=ORIENTED_EDGE('',*,*,#4554,.T.);
#2938=ORIENTED_EDGE('',*,*,#4537,.T.);
#2939=CARTESIAN_POINT('',(30.2575771706739,6.84197737312066,-0.5));
#2940=DIRECTION('',(3.035766E-16,-1.0,0.0));
#2941=DIRECTION('',(1.0,3.035766E-16,-3.035766E-16));
#2942=ORIENTED_EDGE('',*,*,#4344,.T.);
#2943=ORIENTED_EDGE('',*,*,#4444,.T.);
#2944=ORIENTED_EDGE('',*,*,#4555,.T.);
#2945=ORIENTED_EDGE('',*,*,#4392,.T.);
#2946=CARTESIAN_POINT('',(29.9693171219946,6.83167471289257,0.249999999999999));
#2947=DIRECTION('',(3.035766E-16,-1.0,1.71056941445899E-47));
#2948=DIRECTION('',(-1.0,-3.035766E-16,3.035766E-16));
#2949=ORIENTED_EDGE('',*,*,#4555,.F.);
#2950=ORIENTED_EDGE('',*,*,#4443,.F.);
#2951=ORIENTED_EDGE('',*,*,#4556,.F.);
#2952=ORIENTED_EDGE('',*,*,#4393,.F.);
#2953=CARTESIAN_POINT('',(29.6768942926685,6.35,0.249999999999999));
#2954=DIRECTION('',(0.683941128881331,2.07628522505956E-16,0.729537204140084));
#2955=DIRECTION('',(-3.035766E-16,1.0,0.0));
#2956=ORIENTED_EDGE('',*,*,#4340,.T.);
#2957=ORIENTED_EDGE('',*,*,#4394,.T.);
#2958=ORIENTED_EDGE('',*,*,#4556,.T.);
#2959=ORIENTED_EDGE('',*,*,#4442,.T.);
#2960=CARTESIAN_POINT('',(30.1844714633423,6.35,-0.5));
#2961=DIRECTION('',(3.035766E-16,-1.0,0.0));
#2962=DIRECTION('',(1.0,3.035766E-16,-3.035766E-16));
#2963=ORIENTED_EDGE('',*,*,#4336,.T.);
#2964=ORIENTED_EDGE('',*,*,#4535,.T.);
#2965=ORIENTED_EDGE('',*,*,#4557,.T.);
#2966=ORIENTED_EDGE('',*,*,#4508,.T.);
#2967=CARTESIAN_POINT('',(30.0424228293262,6.35,-1.25));
#2968=DIRECTION('',(3.035766E-16,-1.0,0.0));
#2969=DIRECTION('',(-1.0,-3.035766E-16,3.035766E-16));
#2970=ORIENTED_EDGE('',*,*,#4557,.F.);
#2971=ORIENTED_EDGE('',*,*,#4534,.F.);
#2972=ORIENTED_EDGE('',*,*,#4558,.F.);
#2973=ORIENTED_EDGE('',*,*,#4509,.F.);
#2974=CARTESIAN_POINT('',(30.55,6.35,-2.0));
#2975=DIRECTION('',(-0.68394112888133,-2.07628522505956E-16,-0.729537204140085));
#2976=DIRECTION('',(-0.729537204140085,-2.21470424006353E-16,0.68394112888133));
#2977=ORIENTED_EDGE('',*,*,#4332,.T.);
#2978=ORIENTED_EDGE('',*,*,#4510,.T.);
#2979=ORIENTED_EDGE('',*,*,#4558,.T.);
#2980=ORIENTED_EDGE('',*,*,#4533,.T.);
#2981=CARTESIAN_POINT('',(30.2575771706739,6.84197737312066,-2.0));
#2982=DIRECTION('',(3.035766E-16,-1.0,0.0));
#2983=DIRECTION('',(1.0,3.035766E-16,-3.035766E-16));
#2984=ORIENTED_EDGE('',*,*,#4328,.T.);
#2985=ORIENTED_EDGE('',*,*,#4440,.T.);
#2986=ORIENTED_EDGE('',*,*,#4559,.T.);
#2987=ORIENTED_EDGE('',*,*,#4396,.T.);
#2988=CARTESIAN_POINT('',(29.9693171219946,6.83167471289257,-1.25));
#2989=DIRECTION('',(3.035766E-16,-1.0,1.71056941445899E-47));
#2990=DIRECTION('',(-1.0,-3.035766E-16,3.035766E-16));
#2991=ORIENTED_EDGE('',*,*,#4559,.F.);
#2992=ORIENTED_EDGE('',*,*,#4439,.F.);
#2993=ORIENTED_EDGE('',*,*,#4560,.F.);
#2994=ORIENTED_EDGE('',*,*,#4397,.F.);
#2995=CARTESIAN_POINT('',(29.6768942926685,6.35,-1.25));
#2996=DIRECTION('',(0.683941128881331,2.07628522505956E-16,0.729537204140084));
#2997=DIRECTION('',(-3.035766E-16,1.0,0.0));
#2998=ORIENTED_EDGE('',*,*,#4324,.T.);
#2999=ORIENTED_EDGE('',*,*,#4398,.T.);
#3000=ORIENTED_EDGE('',*,*,#4560,.T.);
#3001=ORIENTED_EDGE('',*,*,#4438,.T.);
#3002=CARTESIAN_POINT('',(30.1844714633423,6.35,-2.0));
#3003=DIRECTION('',(3.035766E-16,-1.0,0.0));
#3004=DIRECTION('',(1.0,3.035766E-16,-3.035766E-16));
#3005=ORIENTED_EDGE('',*,*,#4320,.T.);
#3006=ORIENTED_EDGE('',*,*,#4531,.T.);
#3007=ORIENTED_EDGE('',*,*,#4561,.T.);
#3008=ORIENTED_EDGE('',*,*,#4512,.T.);
#3009=CARTESIAN_POINT('',(30.0424228293262,6.35,-2.75));
#3010=DIRECTION('',(3.035766E-16,-1.0,0.0));
#3011=DIRECTION('',(-1.0,-3.035766E-16,3.035766E-16));
#3012=ORIENTED_EDGE('',*,*,#4561,.F.);
#3013=ORIENTED_EDGE('',*,*,#4530,.F.);
#3014=ORIENTED_EDGE('',*,*,#4562,.F.);
#3015=ORIENTED_EDGE('',*,*,#4513,.F.);
#3016=CARTESIAN_POINT('',(30.55,6.35,-3.50000000000001));
#3017=DIRECTION('',(-0.68394112888133,-2.07628522505956E-16,-0.729537204140085));
#3018=DIRECTION('',(-0.729537204140085,-2.21470424006353E-16,0.68394112888133));
#3019=ORIENTED_EDGE('',*,*,#4316,.T.);
#3020=ORIENTED_EDGE('',*,*,#4514,.T.);
#3021=ORIENTED_EDGE('',*,*,#4562,.T.);
#3022=ORIENTED_EDGE('',*,*,#4529,.T.);
#3023=CARTESIAN_POINT('',(30.2575771706739,6.84197716379216,-3.5));
#3024=DIRECTION('',(3.035766E-16,-1.0,0.0));
#3025=DIRECTION('',(1.0,3.035766E-16,-3.035766E-16));
#3026=ORIENTED_EDGE('',*,*,#4312,.T.);
#3027=ORIENTED_EDGE('',*,*,#4436,.T.);
#3028=ORIENTED_EDGE('',*,*,#4563,.T.);
#3029=ORIENTED_EDGE('',*,*,#4400,.T.);
#3030=CARTESIAN_POINT('',(29.9693171219946,6.831673888125,-2.75));
#3031=DIRECTION('',(3.035766E-16,-1.0,0.0));
#3032=DIRECTION('',(-1.0,-3.035766E-16,3.035766E-16));
#3033=ORIENTED_EDGE('',*,*,#4563,.F.);
#3034=ORIENTED_EDGE('',*,*,#4435,.F.);
#3035=ORIENTED_EDGE('',*,*,#4564,.F.);
#3036=ORIENTED_EDGE('',*,*,#4401,.F.);
#3037=CARTESIAN_POINT('',(29.6768942926685,6.35,-2.75));
#3038=DIRECTION('',(0.683941128881331,2.07628522505956E-16,0.729537204140084));
#3039=DIRECTION('',(-3.035766E-16,1.0,0.0));
#3040=ORIENTED_EDGE('',*,*,#4308,.T.);
#3041=ORIENTED_EDGE('',*,*,#4402,.T.);
#3042=ORIENTED_EDGE('',*,*,#4564,.T.);
#3043=ORIENTED_EDGE('',*,*,#4434,.T.);
#3044=CARTESIAN_POINT('',(30.1844714633423,6.35,-3.5));
#3045=DIRECTION('',(3.035766E-16,-1.0,0.0));
#3046=DIRECTION('',(1.0,3.035766E-16,-3.035766E-16));
#3047=ORIENTED_EDGE('',*,*,#4304,.T.);
#3048=ORIENTED_EDGE('',*,*,#4527,.T.);
#3049=ORIENTED_EDGE('',*,*,#4565,.T.);
#3050=ORIENTED_EDGE('',*,*,#4516,.T.);
#3051=CARTESIAN_POINT('',(30.0424228293262,6.35,-4.25));
#3052=DIRECTION('',(3.035766E-16,-1.0,0.0));
#3053=DIRECTION('',(-1.0,-3.035766E-16,3.035766E-16));
#3054=ORIENTED_EDGE('',*,*,#4485,.F.);
#3055=ORIENTED_EDGE('',*,*,#4489,.F.);
#3056=ORIENTED_EDGE('',*,*,#4517,.F.);
#3057=ORIENTED_EDGE('',*,*,#4565,.F.);
#3058=ORIENTED_EDGE('',*,*,#4526,.F.);
#3059=CARTESIAN_POINT('',(30.55,6.35,-5.00000000000001));
#3060=DIRECTION('',(-0.68394112888133,-2.07628522505956E-16,-0.729537204140085));
#3061=DIRECTION('',(-0.729537204140085,-2.21470424006353E-16,0.68394112888133));
#3062=ORIENTED_EDGE('',*,*,#4300,.T.);
#3063=ORIENTED_EDGE('',*,*,#4432,.T.);
#3064=ORIENTED_EDGE('',*,*,#4490,.T.);
#3065=ORIENTED_EDGE('',*,*,#4404,.T.);
#3066=CARTESIAN_POINT('',(29.9693171219946,6.831673888125,-4.25));
#3067=DIRECTION('',(3.035766E-16,-1.0,1.71056941445899E-47));
#3068=DIRECTION('',(-1.0,-3.035766E-16,3.035766E-16));
#3069=ORIENTED_EDGE('',*,*,#4296,.T.);
#3070=ORIENTED_EDGE('',*,*,#4494,.T.);
#3071=ORIENTED_EDGE('',*,*,#4566,.T.);
#3072=ORIENTED_EDGE('',*,*,#4546,.T.);
#3073=CARTESIAN_POINT('',(30.2575771706739,6.84197737312066,4.0));
#3074=DIRECTION('',(3.035766E-16,-1.0,0.0));
#3075=DIRECTION('',(1.0,3.035766E-16,-3.035766E-16));
#3076=ORIENTED_EDGE('',*,*,#4566,.F.);
#3077=ORIENTED_EDGE('',*,*,#4493,.F.);
#3078=ORIENTED_EDGE('',*,*,#4567,.F.);
#3079=ORIENTED_EDGE('',*,*,#4547,.F.);
#3080=CARTESIAN_POINT('',(30.55,6.35,4.0));
#3081=DIRECTION('',(-0.68394112888133,-2.07628522505956E-16,-0.729537204140085));
#3082=DIRECTION('',(-0.729537204140085,-2.21470424006353E-16,0.68394112888133));
#3083=ORIENTED_EDGE('',*,*,#4292,.T.);
#3084=ORIENTED_EDGE('',*,*,#4548,.T.);
#3085=ORIENTED_EDGE('',*,*,#4567,.T.);
#3086=ORIENTED_EDGE('',*,*,#4492,.T.);
#3087=CARTESIAN_POINT('',(30.0424228293262,6.35,4.75));
#3088=DIRECTION('',(3.035766E-16,-1.0,0.0));
#3089=DIRECTION('',(-1.0,-3.035766E-16,3.035766E-16));
#3090=ORIENTED_EDGE('',*,*,#4310,.F.);
#3091=ORIENTED_EDGE('',*,*,#4433,.F.);
#3092=ORIENTED_EDGE('',*,*,#4302,.F.);
#3093=ORIENTED_EDGE('',*,*,#4403,.F.);
#3094=CARTESIAN_POINT('',(30.4768942926685,6.35,-3.5));
#3095=DIRECTION('',(0.68394112888133,2.07628522505956E-16,-0.729537204140085));
#3096=DIRECTION('',(-3.035766E-16,1.0,-1.79844806015736E-32));
#3097=ORIENTED_EDGE('',*,*,#4318,.F.);
#3098=ORIENTED_EDGE('',*,*,#4528,.F.);
#3099=ORIENTED_EDGE('',*,*,#4306,.F.);
#3100=ORIENTED_EDGE('',*,*,#4515,.F.);
#3101=CARTESIAN_POINT('',(29.75,6.35,-4.25));
#3102=DIRECTION('',(-0.68394112888133,-2.07628522505956E-16,0.729537204140085));
#3103=DIRECTION('',(3.035766E-16,-1.0,1.79844806015736E-32));
#3104=ORIENTED_EDGE('',*,*,#4326,.F.);
#3105=ORIENTED_EDGE('',*,*,#4437,.F.);
#3106=ORIENTED_EDGE('',*,*,#4314,.F.);
#3107=ORIENTED_EDGE('',*,*,#4399,.F.);
#3108=CARTESIAN_POINT('',(30.4768942926685,6.35,-2.0));
#3109=DIRECTION('',(0.68394112888133,2.07628522505956E-16,-0.729537204140085));
#3110=DIRECTION('',(-3.035766E-16,1.0,-1.79844806015736E-32));
#3111=ORIENTED_EDGE('',*,*,#4334,.F.);
#3112=ORIENTED_EDGE('',*,*,#4532,.F.);
#3113=ORIENTED_EDGE('',*,*,#4322,.F.);
#3114=ORIENTED_EDGE('',*,*,#4511,.F.);
#3115=CARTESIAN_POINT('',(29.75,6.35,-2.75));
#3116=DIRECTION('',(-0.68394112888133,-2.07628522505956E-16,0.729537204140085));
#3117=DIRECTION('',(3.035766E-16,-1.0,1.79844806015736E-32));
#3118=ORIENTED_EDGE('',*,*,#4342,.F.);
#3119=ORIENTED_EDGE('',*,*,#4441,.F.);
#3120=ORIENTED_EDGE('',*,*,#4330,.F.);
#3121=ORIENTED_EDGE('',*,*,#4395,.F.);
#3122=CARTESIAN_POINT('',(30.4768942926685,6.35,-0.5));
#3123=DIRECTION('',(0.68394112888133,2.07628522505956E-16,-0.729537204140085));
#3124=DIRECTION('',(-3.035766E-16,1.0,-1.79844806015736E-32));
#3125=ORIENTED_EDGE('',*,*,#4350,.F.);
#3126=ORIENTED_EDGE('',*,*,#4536,.F.);
#3127=ORIENTED_EDGE('',*,*,#4338,.F.);
#3128=ORIENTED_EDGE('',*,*,#4507,.F.);
#3129=CARTESIAN_POINT('',(29.75,6.35,-1.25));
#3130=DIRECTION('',(-0.68394112888133,-2.07628522505956E-16,0.729537204140085));
#3131=DIRECTION('',(3.035766E-16,-1.0,1.79844806015736E-32));
#3132=ORIENTED_EDGE('',*,*,#4358,.F.);
#3133=ORIENTED_EDGE('',*,*,#4445,.F.);
#3134=ORIENTED_EDGE('',*,*,#4346,.F.);
#3135=ORIENTED_EDGE('',*,*,#4391,.F.);
#3136=CARTESIAN_POINT('',(30.4768942926685,6.35,0.999999999999999));
#3137=DIRECTION('',(0.68394112888133,2.07628522505956E-16,-0.729537204140085));
#3138=DIRECTION('',(-3.035766E-16,1.0,-1.79844806015736E-32));
#3139=ORIENTED_EDGE('',*,*,#4366,.F.);
#3140=ORIENTED_EDGE('',*,*,#4540,.F.);
#3141=ORIENTED_EDGE('',*,*,#4354,.F.);
#3142=ORIENTED_EDGE('',*,*,#4503,.F.);
#3143=CARTESIAN_POINT('',(29.75,6.35,0.249999999999999));
#3144=DIRECTION('',(-0.68394112888133,-2.07628522505956E-16,0.729537204140085));
#3145=DIRECTION('',(3.035766E-16,-1.0,1.79844806015736E-32));
#3146=ORIENTED_EDGE('',*,*,#4414,.F.);
#3147=ORIENTED_EDGE('',*,*,#4449,.F.);
#3148=ORIENTED_EDGE('',*,*,#4362,.F.);
#3149=ORIENTED_EDGE('',*,*,#4387,.F.);
#3150=CARTESIAN_POINT('',(30.4768942926685,6.35,2.5));
#3151=DIRECTION('',(0.68394112888133,2.07628522505956E-16,-0.729537204140085));
#3152=DIRECTION('',(-3.035766E-16,1.0,-1.79844806015736E-32));
#3153=ORIENTED_EDGE('',*,*,#4420,.F.);
#3154=ORIENTED_EDGE('',*,*,#4544,.F.);
#3155=ORIENTED_EDGE('',*,*,#4370,.F.);
#3156=ORIENTED_EDGE('',*,*,#4499,.F.);
#3157=CARTESIAN_POINT('',(29.75,6.35,1.75));
#3158=DIRECTION('',(-0.68394112888133,-2.07628522505956E-16,0.729537204140085));
#3159=DIRECTION('',(3.035766E-16,-1.0,1.79844806015736E-32));
#3160=ORIENTED_EDGE('',*,*,#4464,.F.);
#3161=ORIENTED_EDGE('',*,*,#4453,.F.);
#3162=ORIENTED_EDGE('',*,*,#4416,.F.);
#3163=ORIENTED_EDGE('',*,*,#4381,.F.);
#3164=CARTESIAN_POINT('',(30.4768942926685,6.35,4.0));
#3165=DIRECTION('',(0.68394112888133,2.07628522505956E-16,-0.729537204140085));
#3166=DIRECTION('',(-3.035766E-16,1.0,-1.79844806015736E-32));
#3167=ORIENTED_EDGE('',*,*,#4424,.F.);
#3168=ORIENTED_EDGE('',*,*,#4495,.F.);
#3169=ORIENTED_EDGE('',*,*,#4298,.F.);
#3170=ORIENTED_EDGE('',*,*,#4545,.F.);
#3171=CARTESIAN_POINT('',(29.75,6.35,3.25));
#3172=DIRECTION('',(-0.68394112888133,-2.07628522505956E-16,0.729537204140085));
#3173=DIRECTION('',(3.035766E-16,-1.0,1.79844806015736E-32));
#3174=ORIENTED_EDGE('',*,*,#4477,.F.);
#3175=ORIENTED_EDGE('',*,*,#4481,.F.);
#3176=ORIENTED_EDGE('',*,*,#4458,.F.);
#3177=ORIENTED_EDGE('',*,*,#4427,.F.);
#3178=ORIENTED_EDGE('',*,*,#4375,.F.);
#3179=CARTESIAN_POINT('',(30.4768942926685,6.35,5.5));
#3180=DIRECTION('',(0.68394112888133,2.07628522505956E-16,-0.729537204140085));
#3181=DIRECTION('',(-3.035766E-16,1.0,-1.79844806015736E-32));
#3182=ORIENTED_EDGE('',*,*,#4568,.F.);
#3183=ORIENTED_EDGE('',*,*,#4569,.T.);
#3184=ORIENTED_EDGE('',*,*,#4570,.T.);
#3185=ORIENTED_EDGE('',*,*,#4571,.T.);
#3186=CARTESIAN_POINT('',(4.64242282932616,6.35,4.75));
#3187=DIRECTION('',(3.035766E-16,-1.0,0.0));
#3188=DIRECTION('',(-1.0,-3.035766E-16,3.035766E-16));
#3189=ORIENTED_EDGE('',*,*,#4572,.F.);
#3190=ORIENTED_EDGE('',*,*,#4573,.T.);
#3191=ORIENTED_EDGE('',*,*,#4574,.T.);
#3192=ORIENTED_EDGE('',*,*,#4575,.T.);
#3193=CARTESIAN_POINT('',(4.85757717067385,6.84197737312066,4.0));
#3194=DIRECTION('',(3.035766E-16,-1.0,0.0));
#3195=DIRECTION('',(1.0,3.035766E-16,-3.035766E-16));
#3196=ORIENTED_EDGE('',*,*,#4576,.F.);
#3197=ORIENTED_EDGE('',*,*,#4577,.T.);
#3198=ORIENTED_EDGE('',*,*,#4578,.T.);
#3199=ORIENTED_EDGE('',*,*,#4579,.T.);
#3200=CARTESIAN_POINT('',(4.56931712199462,6.831673888125,-4.25));
#3201=DIRECTION('',(3.035766E-16,-1.0,1.71056941445899E-47));
#3202=DIRECTION('',(-1.0,-3.035766E-16,3.035766E-16));
#3203=ORIENTED_EDGE('',*,*,#4580,.F.);
#3204=ORIENTED_EDGE('',*,*,#4581,.T.);
#3205=ORIENTED_EDGE('',*,*,#4582,.T.);
#3206=ORIENTED_EDGE('',*,*,#4583,.T.);
#3207=CARTESIAN_POINT('',(4.64242282932615,6.35,-4.25));
#3208=DIRECTION('',(3.035766E-16,-1.0,0.0));
#3209=DIRECTION('',(-1.0,-3.035766E-16,3.035766E-16));
#3210=ORIENTED_EDGE('',*,*,#4584,.F.);
#3211=ORIENTED_EDGE('',*,*,#4585,.T.);
#3212=ORIENTED_EDGE('',*,*,#4586,.T.);
#3213=ORIENTED_EDGE('',*,*,#4587,.T.);
#3214=CARTESIAN_POINT('',(4.78447146334231,6.35,-3.5));
#3215=DIRECTION('',(3.035766E-16,-1.0,0.0));
#3216=DIRECTION('',(1.0,3.035766E-16,-3.035766E-16));
#3217=ORIENTED_EDGE('',*,*,#4588,.F.);
#3218=ORIENTED_EDGE('',*,*,#4589,.T.);
#3219=ORIENTED_EDGE('',*,*,#4590,.T.);
#3220=ORIENTED_EDGE('',*,*,#4591,.T.);
#3221=CARTESIAN_POINT('',(4.56931712199462,6.831673888125,-2.75));
#3222=DIRECTION('',(3.035766E-16,-1.0,0.0));
#3223=DIRECTION('',(-1.0,-3.035766E-16,3.035766E-16));
#3224=ORIENTED_EDGE('',*,*,#4592,.F.);
#3225=ORIENTED_EDGE('',*,*,#4593,.T.);
#3226=ORIENTED_EDGE('',*,*,#4594,.T.);
#3227=ORIENTED_EDGE('',*,*,#4595,.T.);
#3228=CARTESIAN_POINT('',(4.85757717067385,6.84197716379216,-3.5));
#3229=DIRECTION('',(3.035766E-16,-1.0,0.0));
#3230=DIRECTION('',(1.0,3.035766E-16,-3.035766E-16));
#3231=ORIENTED_EDGE('',*,*,#4596,.F.);
#3232=ORIENTED_EDGE('',*,*,#4597,.T.);
#3233=ORIENTED_EDGE('',*,*,#4598,.T.);
#3234=ORIENTED_EDGE('',*,*,#4599,.T.);
#3235=CARTESIAN_POINT('',(4.64242282932615,6.35,-2.75));
#3236=DIRECTION('',(3.035766E-16,-1.0,0.0));
#3237=DIRECTION('',(-1.0,-3.035766E-16,3.035766E-16));
#3238=ORIENTED_EDGE('',*,*,#4600,.F.);
#3239=ORIENTED_EDGE('',*,*,#4601,.T.);
#3240=ORIENTED_EDGE('',*,*,#4602,.T.);
#3241=ORIENTED_EDGE('',*,*,#4603,.T.);
#3242=CARTESIAN_POINT('',(4.78447146334231,6.35,-2.0));
#3243=DIRECTION('',(3.035766E-16,-1.0,0.0));
#3244=DIRECTION('',(1.0,3.035766E-16,-3.035766E-16));
#3245=ORIENTED_EDGE('',*,*,#4604,.F.);
#3246=ORIENTED_EDGE('',*,*,#4605,.T.);
#3247=ORIENTED_EDGE('',*,*,#4606,.T.);
#3248=ORIENTED_EDGE('',*,*,#4607,.T.);
#3249=CARTESIAN_POINT('',(4.56931712199462,6.83167471289257,-1.25));
#3250=DIRECTION('',(3.035766E-16,-1.0,1.71056941445899E-47));
#3251=DIRECTION('',(-1.0,-3.035766E-16,3.035766E-16));
#3252=ORIENTED_EDGE('',*,*,#4608,.F.);
#3253=ORIENTED_EDGE('',*,*,#4609,.T.);
#3254=ORIENTED_EDGE('',*,*,#4610,.T.);
#3255=ORIENTED_EDGE('',*,*,#4611,.T.);
#3256=CARTESIAN_POINT('',(4.85757717067385,6.84197737312066,-2.0));
#3257=DIRECTION('',(3.035766E-16,-1.0,0.0));
#3258=DIRECTION('',(1.0,3.035766E-16,-3.035766E-16));
#3259=ORIENTED_EDGE('',*,*,#4612,.F.);
#3260=ORIENTED_EDGE('',*,*,#4613,.T.);
#3261=ORIENTED_EDGE('',*,*,#4614,.T.);
#3262=ORIENTED_EDGE('',*,*,#4615,.T.);
#3263=CARTESIAN_POINT('',(4.64242282932615,6.35,-1.25));
#3264=DIRECTION('',(3.035766E-16,-1.0,0.0));
#3265=DIRECTION('',(-1.0,-3.035766E-16,3.035766E-16));
#3266=ORIENTED_EDGE('',*,*,#4616,.F.);
#3267=ORIENTED_EDGE('',*,*,#4617,.T.);
#3268=ORIENTED_EDGE('',*,*,#4618,.T.);
#3269=ORIENTED_EDGE('',*,*,#4619,.T.);
#3270=CARTESIAN_POINT('',(4.78447146334231,6.35,-0.5));
#3271=DIRECTION('',(3.035766E-16,-1.0,0.0));
#3272=DIRECTION('',(1.0,3.035766E-16,-3.035766E-16));
#3273=ORIENTED_EDGE('',*,*,#4620,.F.);
#3274=ORIENTED_EDGE('',*,*,#4621,.T.);
#3275=ORIENTED_EDGE('',*,*,#4622,.T.);
#3276=ORIENTED_EDGE('',*,*,#4623,.T.);
#3277=CARTESIAN_POINT('',(4.56931712199462,6.83167471289257,0.249999999999999));
#3278=DIRECTION('',(3.035766E-16,-1.0,1.71056941445899E-47));
#3279=DIRECTION('',(-1.0,-3.035766E-16,3.035766E-16));
#3280=ORIENTED_EDGE('',*,*,#4624,.F.);
#3281=ORIENTED_EDGE('',*,*,#4625,.T.);
#3282=ORIENTED_EDGE('',*,*,#4626,.T.);
#3283=ORIENTED_EDGE('',*,*,#4627,.T.);
#3284=CARTESIAN_POINT('',(4.85757717067385,6.84197737312066,-0.5));
#3285=DIRECTION('',(3.035766E-16,-1.0,0.0));
#3286=DIRECTION('',(1.0,3.035766E-16,-3.035766E-16));
#3287=ORIENTED_EDGE('',*,*,#4628,.F.);
#3288=ORIENTED_EDGE('',*,*,#4629,.T.);
#3289=ORIENTED_EDGE('',*,*,#4630,.T.);
#3290=ORIENTED_EDGE('',*,*,#4631,.T.);
#3291=CARTESIAN_POINT('',(4.64242282932616,6.35,0.249999999999999));
#3292=DIRECTION('',(3.035766E-16,-1.0,0.0));
#3293=DIRECTION('',(-1.0,-3.035766E-16,3.035766E-16));
#3294=ORIENTED_EDGE('',*,*,#4632,.F.);
#3295=ORIENTED_EDGE('',*,*,#4633,.T.);
#3296=ORIENTED_EDGE('',*,*,#4634,.T.);
#3297=ORIENTED_EDGE('',*,*,#4635,.T.);
#3298=CARTESIAN_POINT('',(4.78447146334232,6.35,0.999999999999999));
#3299=DIRECTION('',(3.035766E-16,-1.0,0.0));
#3300=DIRECTION('',(1.0,3.035766E-16,-3.035766E-16));
#3301=ORIENTED_EDGE('',*,*,#4636,.F.);
#3302=ORIENTED_EDGE('',*,*,#4637,.T.);
#3303=ORIENTED_EDGE('',*,*,#4638,.T.);
#3304=ORIENTED_EDGE('',*,*,#4639,.T.);
#3305=CARTESIAN_POINT('',(4.56931712199462,6.83167471289257,1.75));
#3306=DIRECTION('',(3.035766E-16,-1.0,0.0));
#3307=DIRECTION('',(-1.0,-3.035766E-16,3.035766E-16));
#3308=ORIENTED_EDGE('',*,*,#4640,.F.);
#3309=ORIENTED_EDGE('',*,*,#4641,.T.);
#3310=ORIENTED_EDGE('',*,*,#4642,.T.);
#3311=ORIENTED_EDGE('',*,*,#4643,.T.);
#3312=CARTESIAN_POINT('',(4.85757717067385,6.84197737312066,0.999999999999999));
#3313=DIRECTION('',(3.035766E-16,-1.0,0.0));
#3314=DIRECTION('',(1.0,3.035766E-16,-3.035766E-16));
#3315=ORIENTED_EDGE('',*,*,#4644,.F.);
#3316=ORIENTED_EDGE('',*,*,#4645,.T.);
#3317=ORIENTED_EDGE('',*,*,#4646,.T.);
#3318=ORIENTED_EDGE('',*,*,#4647,.T.);
#3319=CARTESIAN_POINT('',(4.64242282932615,6.35,1.75));
#3320=DIRECTION('',(3.035766E-16,-1.0,0.0));
#3321=DIRECTION('',(-1.0,-3.035766E-16,3.035766E-16));
#3322=ORIENTED_EDGE('',*,*,#4648,.T.);
#3323=ORIENTED_EDGE('',*,*,#4649,.F.);
#3324=ORIENTED_EDGE('',*,*,#4650,.F.);
#3325=ORIENTED_EDGE('',*,*,#4651,.T.);
#3326=ORIENTED_EDGE('',*,*,#4652,.F.);
#3327=ORIENTED_EDGE('',*,*,#4653,.F.);
#3328=ORIENTED_EDGE('',*,*,#4654,.T.);
#3329=ORIENTED_EDGE('',*,*,#4655,.F.);
#3330=ORIENTED_EDGE('',*,*,#4656,.F.);
#3331=ORIENTED_EDGE('',*,*,#4657,.T.);
#3332=ORIENTED_EDGE('',*,*,#4658,.F.);
#3333=ORIENTED_EDGE('',*,*,#4659,.F.);
#3334=ORIENTED_EDGE('',*,*,#4660,.T.);
#3335=ORIENTED_EDGE('',*,*,#4661,.F.);
#3336=ORIENTED_EDGE('',*,*,#4662,.F.);
#3337=ORIENTED_EDGE('',*,*,#4663,.T.);
#3338=ORIENTED_EDGE('',*,*,#4637,.F.);
#3339=ORIENTED_EDGE('',*,*,#4664,.F.);
#3340=ORIENTED_EDGE('',*,*,#4665,.T.);
#3341=ORIENTED_EDGE('',*,*,#4666,.F.);
#3342=ORIENTED_EDGE('',*,*,#4635,.F.);
#3343=ORIENTED_EDGE('',*,*,#4667,.T.);
#3344=ORIENTED_EDGE('',*,*,#4621,.F.);
#3345=ORIENTED_EDGE('',*,*,#4668,.F.);
#3346=ORIENTED_EDGE('',*,*,#4669,.T.);
#3347=ORIENTED_EDGE('',*,*,#4670,.F.);
#3348=ORIENTED_EDGE('',*,*,#4619,.F.);
#3349=ORIENTED_EDGE('',*,*,#4671,.T.);
#3350=ORIENTED_EDGE('',*,*,#4605,.F.);
#3351=ORIENTED_EDGE('',*,*,#4672,.F.);
#3352=ORIENTED_EDGE('',*,*,#4673,.T.);
#3353=ORIENTED_EDGE('',*,*,#4674,.F.);
#3354=ORIENTED_EDGE('',*,*,#4603,.F.);
#3355=ORIENTED_EDGE('',*,*,#4675,.T.);
#3356=ORIENTED_EDGE('',*,*,#4589,.F.);
#3357=ORIENTED_EDGE('',*,*,#4676,.F.);
#3358=ORIENTED_EDGE('',*,*,#4677,.T.);
#3359=ORIENTED_EDGE('',*,*,#4678,.F.);
#3360=ORIENTED_EDGE('',*,*,#4587,.F.);
#3361=ORIENTED_EDGE('',*,*,#4679,.T.);
#3362=ORIENTED_EDGE('',*,*,#4577,.F.);
#3363=ORIENTED_EDGE('',*,*,#4680,.F.);
#3364=ORIENTED_EDGE('',*,*,#4681,.T.);
#3365=ORIENTED_EDGE('',*,*,#4682,.F.);
#3366=CARTESIAN_POINT('',(4.75000000000001,6.35,0.499999999999999));
#3367=DIRECTION('',(3.035766E-16,9.215875206756E-32,1.0));
#3368=DIRECTION('',(1.0,3.035766E-16,-3.035766E-16));
#3369=ORIENTED_EDGE('',*,*,#4683,.F.);
#3370=ORIENTED_EDGE('',*,*,#4684,.F.);
#3371=ORIENTED_EDGE('',*,*,#4685,.F.);
#3372=ORIENTED_EDGE('',*,*,#4648,.F.);
#3373=ORIENTED_EDGE('',*,*,#4686,.F.);
#3374=ORIENTED_EDGE('',*,*,#4687,.F.);
#3375=CARTESIAN_POINT('',(4.75000000000001,6.35,0.499999999999999));
#3376=DIRECTION('',(3.035766E-16,9.215875206756E-32,1.0));
#3377=DIRECTION('',(1.0,3.035766E-16,-3.035766E-16));
#3378=ORIENTED_EDGE('',*,*,#4688,.F.);
#3379=ORIENTED_EDGE('',*,*,#4689,.T.);
#3380=ORIENTED_EDGE('',*,*,#4690,.T.);
#3381=ORIENTED_EDGE('',*,*,#4662,.T.);
#3382=CARTESIAN_POINT('',(4.78447146334231,6.35,2.5));
#3383=DIRECTION('',(3.035766E-16,-1.0,0.0));
#3384=DIRECTION('',(1.0,3.035766E-16,-3.035766E-16));
#3385=ORIENTED_EDGE('',*,*,#4691,.F.);
#3386=ORIENTED_EDGE('',*,*,#4658,.T.);
#3387=ORIENTED_EDGE('',*,*,#4692,.T.);
#3388=ORIENTED_EDGE('',*,*,#4693,.T.);
#3389=CARTESIAN_POINT('',(4.56931712199462,6.83167471289257,3.25));
#3390=DIRECTION('',(3.035766E-16,-1.0,0.0));
#3391=DIRECTION('',(-1.0,-3.035766E-16,3.035766E-16));
#3392=ORIENTED_EDGE('',*,*,#4694,.F.);
#3393=ORIENTED_EDGE('',*,*,#4695,.T.);
#3394=ORIENTED_EDGE('',*,*,#4696,.T.);
#3395=ORIENTED_EDGE('',*,*,#4697,.T.);
#3396=CARTESIAN_POINT('',(4.85757717067385,6.84197737312066,2.5));
#3397=DIRECTION('',(3.035766E-16,-1.0,0.0));
#3398=DIRECTION('',(1.0,3.035766E-16,-3.035766E-16));
#3399=ORIENTED_EDGE('',*,*,#4698,.F.);
#3400=ORIENTED_EDGE('',*,*,#4699,.T.);
#3401=ORIENTED_EDGE('',*,*,#4700,.T.);
#3402=ORIENTED_EDGE('',*,*,#4701,.T.);
#3403=CARTESIAN_POINT('',(4.64242282932616,6.35,3.25));
#3404=DIRECTION('',(3.035766E-16,-1.0,0.0));
#3405=DIRECTION('',(-1.0,-3.035766E-16,3.035766E-16));
#3406=ORIENTED_EDGE('',*,*,#4702,.F.);
#3407=ORIENTED_EDGE('',*,*,#4652,.T.);
#3408=ORIENTED_EDGE('',*,*,#4703,.T.);
#3409=ORIENTED_EDGE('',*,*,#4704,.T.);
#3410=CARTESIAN_POINT('',(4.56931712199462,6.83167440439271,4.75));
#3411=DIRECTION('',(3.035766E-16,-1.0,0.0));
#3412=DIRECTION('',(-1.0,-3.035766E-16,3.035766E-16));
#3413=ORIENTED_EDGE('',*,*,#4705,.T.);
#3414=ORIENTED_EDGE('',*,*,#4706,.T.);
#3415=ORIENTED_EDGE('',*,*,#4707,.T.);
#3416=ORIENTED_EDGE('',*,*,#4708,.F.);
#3417=ORIENTED_EDGE('',*,*,#4579,.F.);
#3418=ORIENTED_EDGE('',*,*,#4709,.T.);
#3419=ORIENTED_EDGE('',*,*,#4585,.F.);
#3420=ORIENTED_EDGE('',*,*,#4710,.F.);
#3421=ORIENTED_EDGE('',*,*,#4711,.T.);
#3422=ORIENTED_EDGE('',*,*,#4712,.F.);
#3423=ORIENTED_EDGE('',*,*,#4591,.F.);
#3424=ORIENTED_EDGE('',*,*,#4713,.T.);
#3425=ORIENTED_EDGE('',*,*,#4601,.F.);
#3426=ORIENTED_EDGE('',*,*,#4714,.F.);
#3427=ORIENTED_EDGE('',*,*,#4715,.T.);
#3428=ORIENTED_EDGE('',*,*,#4716,.F.);
#3429=ORIENTED_EDGE('',*,*,#4607,.F.);
#3430=ORIENTED_EDGE('',*,*,#4717,.T.);
#3431=ORIENTED_EDGE('',*,*,#4617,.F.);
#3432=ORIENTED_EDGE('',*,*,#4718,.F.);
#3433=ORIENTED_EDGE('',*,*,#4719,.T.);
#3434=ORIENTED_EDGE('',*,*,#4720,.F.);
#3435=ORIENTED_EDGE('',*,*,#4623,.F.);
#3436=ORIENTED_EDGE('',*,*,#4721,.T.);
#3437=ORIENTED_EDGE('',*,*,#4633,.F.);
#3438=ORIENTED_EDGE('',*,*,#4722,.F.);
#3439=ORIENTED_EDGE('',*,*,#4723,.T.);
#3440=ORIENTED_EDGE('',*,*,#4724,.F.);
#3441=ORIENTED_EDGE('',*,*,#4639,.F.);
#3442=ORIENTED_EDGE('',*,*,#4725,.T.);
#3443=ORIENTED_EDGE('',*,*,#4689,.F.);
#3444=ORIENTED_EDGE('',*,*,#4726,.F.);
#3445=ORIENTED_EDGE('',*,*,#4727,.T.);
#3446=ORIENTED_EDGE('',*,*,#4728,.F.);
#3447=ORIENTED_EDGE('',*,*,#4693,.F.);
#3448=ORIENTED_EDGE('',*,*,#4729,.T.);
#3449=ORIENTED_EDGE('',*,*,#4730,.F.);
#3450=ORIENTED_EDGE('',*,*,#4731,.F.);
#3451=ORIENTED_EDGE('',*,*,#4732,.T.);
#3452=ORIENTED_EDGE('',*,*,#4733,.F.);
#3453=ORIENTED_EDGE('',*,*,#4704,.F.);
#3454=ORIENTED_EDGE('',*,*,#4734,.T.);
#3455=ORIENTED_EDGE('',*,*,#4735,.F.);
#3456=CARTESIAN_POINT('',(4.75000000000001,6.35,0.500000000000001));
#3457=DIRECTION('',(3.035766E-16,5.70205E-16,1.0));
#3458=DIRECTION('',(1.0,3.035766E-16,-3.035766E-16));
#3459=ORIENTED_EDGE('',*,*,#4736,.F.);
#3460=ORIENTED_EDGE('',*,*,#4737,.T.);
#3461=ORIENTED_EDGE('',*,*,#4705,.F.);
#3462=ORIENTED_EDGE('',*,*,#4738,.F.);
#3463=CARTESIAN_POINT('',(4.75000000000001,6.35,0.500000000000001));
#3464=DIRECTION('',(3.035766E-16,5.70205E-16,1.0));
#3465=DIRECTION('',(1.0,3.035766E-16,-3.035766E-16));
#3466=ORIENTED_EDGE('',*,*,#4739,.F.);
#3467=ORIENTED_EDGE('',*,*,#4730,.T.);
#3468=ORIENTED_EDGE('',*,*,#4740,.T.);
#3469=ORIENTED_EDGE('',*,*,#4656,.T.);
#3470=CARTESIAN_POINT('',(4.78447146334232,6.35,4.0));
#3471=DIRECTION('',(3.035766E-16,-1.0,0.0));
#3472=DIRECTION('',(1.0,3.035766E-16,-3.035766E-16));
#3473=ORIENTED_EDGE('',*,*,#4741,.T.);
#3474=ORIENTED_EDGE('',*,*,#4686,.T.);
#3475=ORIENTED_EDGE('',*,*,#4682,.T.);
#3476=ORIENTED_EDGE('',*,*,#4742,.T.);
#3477=ORIENTED_EDGE('',*,*,#4743,.T.);
#3478=CARTESIAN_POINT('',(4.75000000000001,6.35,-4.4));
#3479=DIRECTION('',(-3.035766E-16,-9.215875206756E-32,-1.0));
#3480=DIRECTION('',(-3.035766E-16,1.0,0.0));
#3481=ORIENTED_EDGE('',*,*,#4744,.F.);
#3482=ORIENTED_EDGE('',*,*,#4745,.T.);
#3483=ORIENTED_EDGE('',*,*,#4687,.T.);
#3484=ORIENTED_EDGE('',*,*,#4741,.F.);
#3485=ORIENTED_EDGE('',*,*,#4746,.T.);
#3486=CARTESIAN_POINT('',(4.75000000000001,6.35,-4.4));
#3487=DIRECTION('',(-3.035766E-16,-9.215875206756E-32,-1.0));
#3488=DIRECTION('',(-3.035766E-16,1.0,0.0));
#3489=ORIENTED_EDGE('',*,*,#4747,.F.);
#3490=ORIENTED_EDGE('',*,*,#4684,.T.);
#3491=ORIENTED_EDGE('',*,*,#4748,.T.);
#3492=ORIENTED_EDGE('',*,*,#4749,.T.);
#3493=ORIENTED_EDGE('',*,*,#4750,.T.);
#3494=CARTESIAN_POINT('',(4.75000000000001,6.35,5.4));
#3495=DIRECTION('',(-3.035766E-16,-9.215875206756E-32,-1.0));
#3496=DIRECTION('',(-3.035766E-16,1.0,0.0));
#3497=ORIENTED_EDGE('',*,*,#4751,.F.);
#3498=ORIENTED_EDGE('',*,*,#4752,.T.);
#3499=ORIENTED_EDGE('',*,*,#4753,.T.);
#3500=ORIENTED_EDGE('',*,*,#4650,.T.);
#3501=CARTESIAN_POINT('',(4.75000000000001,6.35,5.4));
#3502=DIRECTION('',(-3.035766E-16,-9.215875206756E-32,-1.0));
#3503=DIRECTION('',(-3.035766E-16,1.0,0.0));
#3504=ORIENTED_EDGE('',*,*,#4751,.T.);
#3505=ORIENTED_EDGE('',*,*,#4649,.T.);
#3506=ORIENTED_EDGE('',*,*,#4685,.T.);
#3507=ORIENTED_EDGE('',*,*,#4747,.T.);
#3508=ORIENTED_EDGE('',*,*,#4754,.T.);
#3509=CARTESIAN_POINT('',(4.75000000000001,6.35,5.4));
#3510=DIRECTION('',(-3.035766E-16,-9.215875206756E-32,-1.0));
#3511=DIRECTION('',(-3.035766E-16,1.0,0.0));
#3512=ORIENTED_EDGE('',*,*,#4750,.F.);
#3513=ORIENTED_EDGE('',*,*,#4755,.T.);
#3514=ORIENTED_EDGE('',*,*,#4756,.T.);
#3515=ORIENTED_EDGE('',*,*,#4738,.T.);
#3516=ORIENTED_EDGE('',*,*,#4735,.T.);
#3517=ORIENTED_EDGE('',*,*,#4757,.T.);
#3518=ORIENTED_EDGE('',*,*,#4752,.F.);
#3519=ORIENTED_EDGE('',*,*,#4754,.F.);
#3520=CARTESIAN_POINT('',(5.625,6.35,5.5));
#3521=DIRECTION('',(3.035766E-16,9.215875206756E-32,1.0));
#3522=DIRECTION('',(1.0,3.035766E-16,-3.035766E-16));
#3523=ORIENTED_EDGE('',*,*,#4749,.F.);
#3524=ORIENTED_EDGE('',*,*,#4758,.F.);
#3525=ORIENTED_EDGE('',*,*,#4570,.F.);
#3526=ORIENTED_EDGE('',*,*,#4759,.F.);
#3527=ORIENTED_EDGE('',*,*,#4755,.F.);
#3528=CARTESIAN_POINT('',(4.35,6.35,4.75));
#3529=DIRECTION('',(-0.68394112888133,-2.07628522505956E-16,0.729537204140085));
#3530=DIRECTION('',(3.035766E-16,-1.0,1.79844806015736E-32));
#3531=ORIENTED_EDGE('',*,*,#4744,.T.);
#3532=ORIENTED_EDGE('',*,*,#4760,.T.);
#3533=ORIENTED_EDGE('',*,*,#4761,.T.);
#3534=ORIENTED_EDGE('',*,*,#4762,.T.);
#3535=CARTESIAN_POINT('',(4.75000000000001,6.35,-4.4));
#3536=DIRECTION('',(-3.035766E-16,-9.215875206756E-32,-1.0));
#3537=DIRECTION('',(-3.035766E-16,1.0,0.0));
#3538=ORIENTED_EDGE('',*,*,#4743,.F.);
#3539=ORIENTED_EDGE('',*,*,#4763,.T.);
#3540=ORIENTED_EDGE('',*,*,#4706,.F.);
#3541=ORIENTED_EDGE('',*,*,#4737,.F.);
#3542=ORIENTED_EDGE('',*,*,#4764,.F.);
#3543=ORIENTED_EDGE('',*,*,#4765,.T.);
#3544=ORIENTED_EDGE('',*,*,#4760,.F.);
#3545=ORIENTED_EDGE('',*,*,#4746,.F.);
#3546=CARTESIAN_POINT('',(5.625,6.35,-4.5));
#3547=DIRECTION('',(-3.035766E-16,-9.215875206756E-32,-1.0));
#3548=DIRECTION('',(-3.035766E-16,1.0,0.0));
#3549=ORIENTED_EDGE('',*,*,#4742,.F.);
#3550=ORIENTED_EDGE('',*,*,#4681,.F.);
#3551=ORIENTED_EDGE('',*,*,#4766,.F.);
#3552=ORIENTED_EDGE('',*,*,#4707,.F.);
#3553=ORIENTED_EDGE('',*,*,#4763,.F.);
#3554=CARTESIAN_POINT('',(4.27689429266846,6.35,-4.25));
#3555=DIRECTION('',(0.683941128881331,2.07628522505956E-16,0.729537204140084));
#3556=DIRECTION('',(-3.035766E-16,1.0,0.0));
#3557=ORIENTED_EDGE('',*,*,#4739,.T.);
#3558=ORIENTED_EDGE('',*,*,#4655,.T.);
#3559=ORIENTED_EDGE('',*,*,#4767,.T.);
#3560=ORIENTED_EDGE('',*,*,#4731,.T.);
#3561=CARTESIAN_POINT('',(4.78447146334232,6.35,4.0));
#3562=DIRECTION('',(3.035766E-16,-1.0,0.0));
#3563=DIRECTION('',(1.0,3.035766E-16,-3.035766E-16));
#3564=ORIENTED_EDGE('',*,*,#4736,.T.);
#3565=ORIENTED_EDGE('',*,*,#4756,.F.);
#3566=ORIENTED_EDGE('',*,*,#4759,.T.);
#3567=ORIENTED_EDGE('',*,*,#4569,.F.);
#3568=ORIENTED_EDGE('',*,*,#4768,.F.);
#3569=ORIENTED_EDGE('',*,*,#4769,.T.);
#3570=ORIENTED_EDGE('',*,*,#4770,.F.);
#3571=ORIENTED_EDGE('',*,*,#4575,.F.);
#3572=ORIENTED_EDGE('',*,*,#4771,.T.);
#3573=ORIENTED_EDGE('',*,*,#4699,.F.);
#3574=ORIENTED_EDGE('',*,*,#4772,.F.);
#3575=ORIENTED_EDGE('',*,*,#4773,.T.);
#3576=ORIENTED_EDGE('',*,*,#4774,.F.);
#3577=ORIENTED_EDGE('',*,*,#4697,.F.);
#3578=ORIENTED_EDGE('',*,*,#4775,.T.);
#3579=ORIENTED_EDGE('',*,*,#4645,.F.);
#3580=ORIENTED_EDGE('',*,*,#4776,.F.);
#3581=ORIENTED_EDGE('',*,*,#4777,.T.);
#3582=ORIENTED_EDGE('',*,*,#4778,.F.);
#3583=ORIENTED_EDGE('',*,*,#4643,.F.);
#3584=ORIENTED_EDGE('',*,*,#4779,.T.);
#3585=ORIENTED_EDGE('',*,*,#4629,.F.);
#3586=ORIENTED_EDGE('',*,*,#4780,.F.);
#3587=ORIENTED_EDGE('',*,*,#4781,.T.);
#3588=ORIENTED_EDGE('',*,*,#4782,.F.);
#3589=ORIENTED_EDGE('',*,*,#4627,.F.);
#3590=ORIENTED_EDGE('',*,*,#4783,.T.);
#3591=ORIENTED_EDGE('',*,*,#4613,.F.);
#3592=ORIENTED_EDGE('',*,*,#4784,.F.);
#3593=ORIENTED_EDGE('',*,*,#4785,.T.);
#3594=ORIENTED_EDGE('',*,*,#4786,.F.);
#3595=ORIENTED_EDGE('',*,*,#4611,.F.);
#3596=ORIENTED_EDGE('',*,*,#4787,.T.);
#3597=ORIENTED_EDGE('',*,*,#4597,.F.);
#3598=ORIENTED_EDGE('',*,*,#4788,.F.);
#3599=ORIENTED_EDGE('',*,*,#4789,.T.);
#3600=ORIENTED_EDGE('',*,*,#4790,.F.);
#3601=ORIENTED_EDGE('',*,*,#4595,.F.);
#3602=ORIENTED_EDGE('',*,*,#4791,.T.);
#3603=ORIENTED_EDGE('',*,*,#4581,.F.);
#3604=ORIENTED_EDGE('',*,*,#4792,.F.);
#3605=ORIENTED_EDGE('',*,*,#4793,.T.);
#3606=ORIENTED_EDGE('',*,*,#4764,.T.);
#3607=CARTESIAN_POINT('',(4.75000000000001,6.35,0.500000000000001));
#3608=DIRECTION('',(3.035766E-16,5.70205E-16,1.0));
#3609=DIRECTION('',(1.0,3.035766E-16,-3.035766E-16));
#3610=ORIENTED_EDGE('',*,*,#4767,.F.);
#3611=ORIENTED_EDGE('',*,*,#4654,.F.);
#3612=ORIENTED_EDGE('',*,*,#4794,.F.);
#3613=ORIENTED_EDGE('',*,*,#4732,.F.);
#3614=CARTESIAN_POINT('',(4.27689429266847,6.35,4.75));
#3615=DIRECTION('',(0.683941128881331,2.07628522505956E-16,0.729537204140084));
#3616=DIRECTION('',(-3.035766E-16,1.0,0.0));
#3617=ORIENTED_EDGE('',*,*,#4702,.T.);
#3618=ORIENTED_EDGE('',*,*,#4733,.T.);
#3619=ORIENTED_EDGE('',*,*,#4794,.T.);
#3620=ORIENTED_EDGE('',*,*,#4653,.T.);
#3621=CARTESIAN_POINT('',(4.56931712199462,6.83167440439271,4.75));
#3622=DIRECTION('',(3.035766E-16,-1.0,0.0));
#3623=DIRECTION('',(-1.0,-3.035766E-16,3.035766E-16));
#3624=ORIENTED_EDGE('',*,*,#4698,.T.);
#3625=ORIENTED_EDGE('',*,*,#4795,.T.);
#3626=ORIENTED_EDGE('',*,*,#4796,.T.);
#3627=ORIENTED_EDGE('',*,*,#4772,.T.);
#3628=CARTESIAN_POINT('',(4.64242282932616,6.35,3.25));
#3629=DIRECTION('',(3.035766E-16,-1.0,0.0));
#3630=DIRECTION('',(-1.0,-3.035766E-16,3.035766E-16));
#3631=ORIENTED_EDGE('',*,*,#4796,.F.);
#3632=ORIENTED_EDGE('',*,*,#4797,.F.);
#3633=ORIENTED_EDGE('',*,*,#4798,.F.);
#3634=ORIENTED_EDGE('',*,*,#4773,.F.);
#3635=CARTESIAN_POINT('',(5.15,6.35,2.5));
#3636=DIRECTION('',(-0.68394112888133,-2.07628522505956E-16,-0.729537204140085));
#3637=DIRECTION('',(-0.729537204140085,-2.21470424006353E-16,0.68394112888133));
#3638=ORIENTED_EDGE('',*,*,#4694,.T.);
#3639=ORIENTED_EDGE('',*,*,#4774,.T.);
#3640=ORIENTED_EDGE('',*,*,#4798,.T.);
#3641=ORIENTED_EDGE('',*,*,#4799,.T.);
#3642=CARTESIAN_POINT('',(4.85757717067385,6.84197737312066,2.5));
#3643=DIRECTION('',(3.035766E-16,-1.0,0.0));
#3644=DIRECTION('',(1.0,3.035766E-16,-3.035766E-16));
#3645=ORIENTED_EDGE('',*,*,#4691,.T.);
#3646=ORIENTED_EDGE('',*,*,#4728,.T.);
#3647=ORIENTED_EDGE('',*,*,#4800,.T.);
#3648=ORIENTED_EDGE('',*,*,#4659,.T.);
#3649=CARTESIAN_POINT('',(4.56931712199462,6.83167471289257,3.25));
#3650=DIRECTION('',(3.035766E-16,-1.0,0.0));
#3651=DIRECTION('',(-1.0,-3.035766E-16,3.035766E-16));
#3652=ORIENTED_EDGE('',*,*,#4800,.F.);
#3653=ORIENTED_EDGE('',*,*,#4727,.F.);
#3654=ORIENTED_EDGE('',*,*,#4801,.F.);
#3655=ORIENTED_EDGE('',*,*,#4660,.F.);
#3656=CARTESIAN_POINT('',(4.27689429266847,6.35,3.25));
#3657=DIRECTION('',(0.683941128881331,2.07628522505956E-16,0.729537204140084));
#3658=DIRECTION('',(-3.035766E-16,1.0,0.0));
#3659=ORIENTED_EDGE('',*,*,#4688,.T.);
#3660=ORIENTED_EDGE('',*,*,#4661,.T.);
#3661=ORIENTED_EDGE('',*,*,#4801,.T.);
#3662=ORIENTED_EDGE('',*,*,#4726,.T.);
#3663=CARTESIAN_POINT('',(4.78447146334231,6.35,2.5));
#3664=DIRECTION('',(3.035766E-16,-1.0,0.0));
#3665=DIRECTION('',(1.0,3.035766E-16,-3.035766E-16));
#3666=ORIENTED_EDGE('',*,*,#4683,.T.);
#3667=ORIENTED_EDGE('',*,*,#4745,.F.);
#3668=ORIENTED_EDGE('',*,*,#4762,.F.);
#3669=ORIENTED_EDGE('',*,*,#4802,.T.);
#3670=ORIENTED_EDGE('',*,*,#4803,.F.);
#3671=ORIENTED_EDGE('',*,*,#4583,.F.);
#3672=ORIENTED_EDGE('',*,*,#4804,.T.);
#3673=ORIENTED_EDGE('',*,*,#4593,.F.);
#3674=ORIENTED_EDGE('',*,*,#4805,.F.);
#3675=ORIENTED_EDGE('',*,*,#4806,.T.);
#3676=ORIENTED_EDGE('',*,*,#4807,.F.);
#3677=ORIENTED_EDGE('',*,*,#4599,.F.);
#3678=ORIENTED_EDGE('',*,*,#4808,.T.);
#3679=ORIENTED_EDGE('',*,*,#4609,.F.);
#3680=ORIENTED_EDGE('',*,*,#4809,.F.);
#3681=ORIENTED_EDGE('',*,*,#4810,.T.);
#3682=ORIENTED_EDGE('',*,*,#4811,.F.);
#3683=ORIENTED_EDGE('',*,*,#4615,.F.);
#3684=ORIENTED_EDGE('',*,*,#4812,.T.);
#3685=ORIENTED_EDGE('',*,*,#4625,.F.);
#3686=ORIENTED_EDGE('',*,*,#4813,.F.);
#3687=ORIENTED_EDGE('',*,*,#4814,.T.);
#3688=ORIENTED_EDGE('',*,*,#4815,.F.);
#3689=ORIENTED_EDGE('',*,*,#4631,.F.);
#3690=ORIENTED_EDGE('',*,*,#4816,.T.);
#3691=ORIENTED_EDGE('',*,*,#4641,.F.);
#3692=ORIENTED_EDGE('',*,*,#4817,.F.);
#3693=ORIENTED_EDGE('',*,*,#4818,.T.);
#3694=ORIENTED_EDGE('',*,*,#4819,.F.);
#3695=ORIENTED_EDGE('',*,*,#4647,.F.);
#3696=ORIENTED_EDGE('',*,*,#4820,.T.);
#3697=ORIENTED_EDGE('',*,*,#4695,.F.);
#3698=ORIENTED_EDGE('',*,*,#4799,.F.);
#3699=ORIENTED_EDGE('',*,*,#4797,.T.);
#3700=ORIENTED_EDGE('',*,*,#4795,.F.);
#3701=ORIENTED_EDGE('',*,*,#4701,.F.);
#3702=ORIENTED_EDGE('',*,*,#4821,.T.);
#3703=ORIENTED_EDGE('',*,*,#4573,.F.);
#3704=ORIENTED_EDGE('',*,*,#4822,.F.);
#3705=ORIENTED_EDGE('',*,*,#4823,.T.);
#3706=ORIENTED_EDGE('',*,*,#4824,.F.);
#3707=ORIENTED_EDGE('',*,*,#4571,.F.);
#3708=ORIENTED_EDGE('',*,*,#4758,.T.);
#3709=ORIENTED_EDGE('',*,*,#4748,.F.);
#3710=CARTESIAN_POINT('',(4.75000000000001,6.35,0.499999999999999));
#3711=DIRECTION('',(3.035766E-16,9.215875206756E-32,1.0));
#3712=DIRECTION('',(1.0,3.035766E-16,-3.035766E-16));
#3713=ORIENTED_EDGE('',*,*,#4644,.T.);
#3714=ORIENTED_EDGE('',*,*,#4819,.T.);
#3715=ORIENTED_EDGE('',*,*,#4825,.T.);
#3716=ORIENTED_EDGE('',*,*,#4776,.T.);
#3717=CARTESIAN_POINT('',(4.64242282932615,6.35,1.75));
#3718=DIRECTION('',(3.035766E-16,-1.0,0.0));
#3719=DIRECTION('',(-1.0,-3.035766E-16,3.035766E-16));
#3720=ORIENTED_EDGE('',*,*,#4825,.F.);
#3721=ORIENTED_EDGE('',*,*,#4818,.F.);
#3722=ORIENTED_EDGE('',*,*,#4826,.F.);
#3723=ORIENTED_EDGE('',*,*,#4777,.F.);
#3724=CARTESIAN_POINT('',(5.15,6.35,0.999999999999999));
#3725=DIRECTION('',(-0.68394112888133,-2.07628522505956E-16,-0.729537204140085));
#3726=DIRECTION('',(-0.729537204140085,-2.21470424006353E-16,0.68394112888133));
#3727=ORIENTED_EDGE('',*,*,#4640,.T.);
#3728=ORIENTED_EDGE('',*,*,#4778,.T.);
#3729=ORIENTED_EDGE('',*,*,#4826,.T.);
#3730=ORIENTED_EDGE('',*,*,#4817,.T.);
#3731=CARTESIAN_POINT('',(4.85757717067385,6.84197737312066,0.999999999999999));
#3732=DIRECTION('',(3.035766E-16,-1.0,0.0));
#3733=DIRECTION('',(1.0,3.035766E-16,-3.035766E-16));
#3734=ORIENTED_EDGE('',*,*,#4636,.T.);
#3735=ORIENTED_EDGE('',*,*,#4724,.T.);
#3736=ORIENTED_EDGE('',*,*,#4827,.T.);
#3737=ORIENTED_EDGE('',*,*,#4664,.T.);
#3738=CARTESIAN_POINT('',(4.56931712199462,6.83167471289257,1.75));
#3739=DIRECTION('',(3.035766E-16,-1.0,0.0));
#3740=DIRECTION('',(-1.0,-3.035766E-16,3.035766E-16));
#3741=ORIENTED_EDGE('',*,*,#4827,.F.);
#3742=ORIENTED_EDGE('',*,*,#4723,.F.);
#3743=ORIENTED_EDGE('',*,*,#4828,.F.);
#3744=ORIENTED_EDGE('',*,*,#4665,.F.);
#3745=CARTESIAN_POINT('',(4.27689429266847,6.35,1.75));
#3746=DIRECTION('',(0.683941128881331,2.07628522505956E-16,0.729537204140084));
#3747=DIRECTION('',(-3.035766E-16,1.0,0.0));
#3748=ORIENTED_EDGE('',*,*,#4632,.T.);
#3749=ORIENTED_EDGE('',*,*,#4666,.T.);
#3750=ORIENTED_EDGE('',*,*,#4828,.T.);
#3751=ORIENTED_EDGE('',*,*,#4722,.T.);
#3752=CARTESIAN_POINT('',(4.78447146334232,6.35,0.999999999999999));
#3753=DIRECTION('',(3.035766E-16,-1.0,0.0));
#3754=DIRECTION('',(1.0,3.035766E-16,-3.035766E-16));
#3755=ORIENTED_EDGE('',*,*,#4628,.T.);
#3756=ORIENTED_EDGE('',*,*,#4815,.T.);
#3757=ORIENTED_EDGE('',*,*,#4829,.T.);
#3758=ORIENTED_EDGE('',*,*,#4780,.T.);
#3759=CARTESIAN_POINT('',(4.64242282932616,6.35,0.249999999999999));
#3760=DIRECTION('',(3.035766E-16,-1.0,0.0));
#3761=DIRECTION('',(-1.0,-3.035766E-16,3.035766E-16));
#3762=ORIENTED_EDGE('',*,*,#4829,.F.);
#3763=ORIENTED_EDGE('',*,*,#4814,.F.);
#3764=ORIENTED_EDGE('',*,*,#4830,.F.);
#3765=ORIENTED_EDGE('',*,*,#4781,.F.);
#3766=CARTESIAN_POINT('',(5.15,6.35,-0.5));
#3767=DIRECTION('',(-0.68394112888133,-2.07628522505956E-16,-0.729537204140085));
#3768=DIRECTION('',(-0.729537204140085,-2.21470424006353E-16,0.68394112888133));
#3769=ORIENTED_EDGE('',*,*,#4624,.T.);
#3770=ORIENTED_EDGE('',*,*,#4782,.T.);
#3771=ORIENTED_EDGE('',*,*,#4830,.T.);
#3772=ORIENTED_EDGE('',*,*,#4813,.T.);
#3773=CARTESIAN_POINT('',(4.85757717067385,6.84197737312066,-0.5));
#3774=DIRECTION('',(3.035766E-16,-1.0,0.0));
#3775=DIRECTION('',(1.0,3.035766E-16,-3.035766E-16));
#3776=ORIENTED_EDGE('',*,*,#4620,.T.);
#3777=ORIENTED_EDGE('',*,*,#4720,.T.);
#3778=ORIENTED_EDGE('',*,*,#4831,.T.);
#3779=ORIENTED_EDGE('',*,*,#4668,.T.);
#3780=CARTESIAN_POINT('',(4.56931712199462,6.83167471289257,0.249999999999999));
#3781=DIRECTION('',(3.035766E-16,-1.0,1.71056941445899E-47));
#3782=DIRECTION('',(-1.0,-3.035766E-16,3.035766E-16));
#3783=ORIENTED_EDGE('',*,*,#4831,.F.);
#3784=ORIENTED_EDGE('',*,*,#4719,.F.);
#3785=ORIENTED_EDGE('',*,*,#4832,.F.);
#3786=ORIENTED_EDGE('',*,*,#4669,.F.);
#3787=CARTESIAN_POINT('',(4.27689429266847,6.35,0.249999999999999));
#3788=DIRECTION('',(0.683941128881331,2.07628522505956E-16,0.729537204140084));
#3789=DIRECTION('',(-3.035766E-16,1.0,0.0));
#3790=ORIENTED_EDGE('',*,*,#4616,.T.);
#3791=ORIENTED_EDGE('',*,*,#4670,.T.);
#3792=ORIENTED_EDGE('',*,*,#4832,.T.);
#3793=ORIENTED_EDGE('',*,*,#4718,.T.);
#3794=CARTESIAN_POINT('',(4.78447146334231,6.35,-0.5));
#3795=DIRECTION('',(3.035766E-16,-1.0,0.0));
#3796=DIRECTION('',(1.0,3.035766E-16,-3.035766E-16));
#3797=ORIENTED_EDGE('',*,*,#4612,.T.);
#3798=ORIENTED_EDGE('',*,*,#4811,.T.);
#3799=ORIENTED_EDGE('',*,*,#4833,.T.);
#3800=ORIENTED_EDGE('',*,*,#4784,.T.);
#3801=CARTESIAN_POINT('',(4.64242282932615,6.35,-1.25));
#3802=DIRECTION('',(3.035766E-16,-1.0,0.0));
#3803=DIRECTION('',(-1.0,-3.035766E-16,3.035766E-16));
#3804=ORIENTED_EDGE('',*,*,#4833,.F.);
#3805=ORIENTED_EDGE('',*,*,#4810,.F.);
#3806=ORIENTED_EDGE('',*,*,#4834,.F.);
#3807=ORIENTED_EDGE('',*,*,#4785,.F.);
#3808=CARTESIAN_POINT('',(5.15,6.35,-2.0));
#3809=DIRECTION('',(-0.68394112888133,-2.07628522505956E-16,-0.729537204140085));
#3810=DIRECTION('',(-0.729537204140085,-2.21470424006353E-16,0.68394112888133));
#3811=ORIENTED_EDGE('',*,*,#4608,.T.);
#3812=ORIENTED_EDGE('',*,*,#4786,.T.);
#3813=ORIENTED_EDGE('',*,*,#4834,.T.);
#3814=ORIENTED_EDGE('',*,*,#4809,.T.);
#3815=CARTESIAN_POINT('',(4.85757717067385,6.84197737312066,-2.0));
#3816=DIRECTION('',(3.035766E-16,-1.0,0.0));
#3817=DIRECTION('',(1.0,3.035766E-16,-3.035766E-16));
#3818=ORIENTED_EDGE('',*,*,#4604,.T.);
#3819=ORIENTED_EDGE('',*,*,#4716,.T.);
#3820=ORIENTED_EDGE('',*,*,#4835,.T.);
#3821=ORIENTED_EDGE('',*,*,#4672,.T.);
#3822=CARTESIAN_POINT('',(4.56931712199462,6.83167471289257,-1.25));
#3823=DIRECTION('',(3.035766E-16,-1.0,1.71056941445899E-47));
#3824=DIRECTION('',(-1.0,-3.035766E-16,3.035766E-16));
#3825=ORIENTED_EDGE('',*,*,#4835,.F.);
#3826=ORIENTED_EDGE('',*,*,#4715,.F.);
#3827=ORIENTED_EDGE('',*,*,#4836,.F.);
#3828=ORIENTED_EDGE('',*,*,#4673,.F.);
#3829=CARTESIAN_POINT('',(4.27689429266847,6.35,-1.25));
#3830=DIRECTION('',(0.683941128881331,2.07628522505956E-16,0.729537204140084));
#3831=DIRECTION('',(-3.035766E-16,1.0,0.0));
#3832=ORIENTED_EDGE('',*,*,#4600,.T.);
#3833=ORIENTED_EDGE('',*,*,#4674,.T.);
#3834=ORIENTED_EDGE('',*,*,#4836,.T.);
#3835=ORIENTED_EDGE('',*,*,#4714,.T.);
#3836=CARTESIAN_POINT('',(4.78447146334231,6.35,-2.0));
#3837=DIRECTION('',(3.035766E-16,-1.0,0.0));
#3838=DIRECTION('',(1.0,3.035766E-16,-3.035766E-16));
#3839=ORIENTED_EDGE('',*,*,#4596,.T.);
#3840=ORIENTED_EDGE('',*,*,#4807,.T.);
#3841=ORIENTED_EDGE('',*,*,#4837,.T.);
#3842=ORIENTED_EDGE('',*,*,#4788,.T.);
#3843=CARTESIAN_POINT('',(4.64242282932615,6.35,-2.75));
#3844=DIRECTION('',(3.035766E-16,-1.0,0.0));
#3845=DIRECTION('',(-1.0,-3.035766E-16,3.035766E-16));
#3846=ORIENTED_EDGE('',*,*,#4837,.F.);
#3847=ORIENTED_EDGE('',*,*,#4806,.F.);
#3848=ORIENTED_EDGE('',*,*,#4838,.F.);
#3849=ORIENTED_EDGE('',*,*,#4789,.F.);
#3850=CARTESIAN_POINT('',(5.15,6.35,-3.50000000000001));
#3851=DIRECTION('',(-0.68394112888133,-2.07628522505956E-16,-0.729537204140085));
#3852=DIRECTION('',(-0.729537204140085,-2.21470424006353E-16,0.68394112888133));
#3853=ORIENTED_EDGE('',*,*,#4592,.T.);
#3854=ORIENTED_EDGE('',*,*,#4790,.T.);
#3855=ORIENTED_EDGE('',*,*,#4838,.T.);
#3856=ORIENTED_EDGE('',*,*,#4805,.T.);
#3857=CARTESIAN_POINT('',(4.85757717067385,6.84197716379216,-3.5));
#3858=DIRECTION('',(3.035766E-16,-1.0,0.0));
#3859=DIRECTION('',(1.0,3.035766E-16,-3.035766E-16));
#3860=ORIENTED_EDGE('',*,*,#4588,.T.);
#3861=ORIENTED_EDGE('',*,*,#4712,.T.);
#3862=ORIENTED_EDGE('',*,*,#4839,.T.);
#3863=ORIENTED_EDGE('',*,*,#4676,.T.);
#3864=CARTESIAN_POINT('',(4.56931712199462,6.831673888125,-2.75));
#3865=DIRECTION('',(3.035766E-16,-1.0,0.0));
#3866=DIRECTION('',(-1.0,-3.035766E-16,3.035766E-16));
#3867=ORIENTED_EDGE('',*,*,#4839,.F.);
#3868=ORIENTED_EDGE('',*,*,#4711,.F.);
#3869=ORIENTED_EDGE('',*,*,#4840,.F.);
#3870=ORIENTED_EDGE('',*,*,#4677,.F.);
#3871=CARTESIAN_POINT('',(4.27689429266846,6.35,-2.75));
#3872=DIRECTION('',(0.683941128881331,2.07628522505956E-16,0.729537204140084));
#3873=DIRECTION('',(-3.035766E-16,1.0,0.0));
#3874=ORIENTED_EDGE('',*,*,#4584,.T.);
#3875=ORIENTED_EDGE('',*,*,#4678,.T.);
#3876=ORIENTED_EDGE('',*,*,#4840,.T.);
#3877=ORIENTED_EDGE('',*,*,#4710,.T.);
#3878=CARTESIAN_POINT('',(4.78447146334231,6.35,-3.5));
#3879=DIRECTION('',(3.035766E-16,-1.0,0.0));
#3880=DIRECTION('',(1.0,3.035766E-16,-3.035766E-16));
#3881=ORIENTED_EDGE('',*,*,#4580,.T.);
#3882=ORIENTED_EDGE('',*,*,#4803,.T.);
#3883=ORIENTED_EDGE('',*,*,#4841,.T.);
#3884=ORIENTED_EDGE('',*,*,#4792,.T.);
#3885=CARTESIAN_POINT('',(4.64242282932615,6.35,-4.25));
#3886=DIRECTION('',(3.035766E-16,-1.0,0.0));
#3887=DIRECTION('',(-1.0,-3.035766E-16,3.035766E-16));
#3888=ORIENTED_EDGE('',*,*,#4761,.F.);
#3889=ORIENTED_EDGE('',*,*,#4765,.F.);
#3890=ORIENTED_EDGE('',*,*,#4793,.F.);
#3891=ORIENTED_EDGE('',*,*,#4841,.F.);
#3892=ORIENTED_EDGE('',*,*,#4802,.F.);
#3893=CARTESIAN_POINT('',(5.15,6.35,-5.00000000000001));
#3894=DIRECTION('',(-0.68394112888133,-2.07628522505956E-16,-0.729537204140085));
#3895=DIRECTION('',(-0.729537204140085,-2.21470424006353E-16,0.68394112888133));
#3896=ORIENTED_EDGE('',*,*,#4576,.T.);
#3897=ORIENTED_EDGE('',*,*,#4708,.T.);
#3898=ORIENTED_EDGE('',*,*,#4766,.T.);
#3899=ORIENTED_EDGE('',*,*,#4680,.T.);
#3900=CARTESIAN_POINT('',(4.56931712199462,6.831673888125,-4.25));
#3901=DIRECTION('',(3.035766E-16,-1.0,1.71056941445899E-47));
#3902=DIRECTION('',(-1.0,-3.035766E-16,3.035766E-16));
#3903=ORIENTED_EDGE('',*,*,#4572,.T.);
#3904=ORIENTED_EDGE('',*,*,#4770,.T.);
#3905=ORIENTED_EDGE('',*,*,#4842,.T.);
#3906=ORIENTED_EDGE('',*,*,#4822,.T.);
#3907=CARTESIAN_POINT('',(4.85757717067385,6.84197737312066,4.0));
#3908=DIRECTION('',(3.035766E-16,-1.0,0.0));
#3909=DIRECTION('',(1.0,3.035766E-16,-3.035766E-16));
#3910=ORIENTED_EDGE('',*,*,#4842,.F.);
#3911=ORIENTED_EDGE('',*,*,#4769,.F.);
#3912=ORIENTED_EDGE('',*,*,#4843,.F.);
#3913=ORIENTED_EDGE('',*,*,#4823,.F.);
#3914=CARTESIAN_POINT('',(5.15,6.35,4.0));
#3915=DIRECTION('',(-0.68394112888133,-2.07628522505956E-16,-0.729537204140085));
#3916=DIRECTION('',(-0.729537204140085,-2.21470424006353E-16,0.68394112888133));
#3917=ORIENTED_EDGE('',*,*,#4568,.T.);
#3918=ORIENTED_EDGE('',*,*,#4824,.T.);
#3919=ORIENTED_EDGE('',*,*,#4843,.T.);
#3920=ORIENTED_EDGE('',*,*,#4768,.T.);
#3921=CARTESIAN_POINT('',(4.64242282932616,6.35,4.75));
#3922=DIRECTION('',(3.035766E-16,-1.0,0.0));
#3923=DIRECTION('',(-1.0,-3.035766E-16,3.035766E-16));
#3924=ORIENTED_EDGE('',*,*,#4586,.F.);
#3925=ORIENTED_EDGE('',*,*,#4709,.F.);
#3926=ORIENTED_EDGE('',*,*,#4578,.F.);
#3927=ORIENTED_EDGE('',*,*,#4679,.F.);
#3928=CARTESIAN_POINT('',(5.07689429266846,6.35,-3.5));
#3929=DIRECTION('',(0.68394112888133,2.07628522505956E-16,-0.729537204140085));
#3930=DIRECTION('',(-3.035766E-16,1.0,-1.79844806015736E-32));
#3931=ORIENTED_EDGE('',*,*,#4594,.F.);
#3932=ORIENTED_EDGE('',*,*,#4804,.F.);
#3933=ORIENTED_EDGE('',*,*,#4582,.F.);
#3934=ORIENTED_EDGE('',*,*,#4791,.F.);
#3935=CARTESIAN_POINT('',(4.35,6.35,-4.25));
#3936=DIRECTION('',(-0.68394112888133,-2.07628522505956E-16,0.729537204140085));
#3937=DIRECTION('',(3.035766E-16,-1.0,1.79844806015736E-32));
#3938=ORIENTED_EDGE('',*,*,#4602,.F.);
#3939=ORIENTED_EDGE('',*,*,#4713,.F.);
#3940=ORIENTED_EDGE('',*,*,#4590,.F.);
#3941=ORIENTED_EDGE('',*,*,#4675,.F.);
#3942=CARTESIAN_POINT('',(5.07689429266846,6.35,-2.0));
#3943=DIRECTION('',(0.68394112888133,2.07628522505956E-16,-0.729537204140085));
#3944=DIRECTION('',(-3.035766E-16,1.0,-1.79844806015736E-32));
#3945=ORIENTED_EDGE('',*,*,#4610,.F.);
#3946=ORIENTED_EDGE('',*,*,#4808,.F.);
#3947=ORIENTED_EDGE('',*,*,#4598,.F.);
#3948=ORIENTED_EDGE('',*,*,#4787,.F.);
#3949=CARTESIAN_POINT('',(4.35,6.35,-2.75));
#3950=DIRECTION('',(-0.68394112888133,-2.07628522505956E-16,0.729537204140085));
#3951=DIRECTION('',(3.035766E-16,-1.0,1.79844806015736E-32));
#3952=ORIENTED_EDGE('',*,*,#4618,.F.);
#3953=ORIENTED_EDGE('',*,*,#4717,.F.);
#3954=ORIENTED_EDGE('',*,*,#4606,.F.);
#3955=ORIENTED_EDGE('',*,*,#4671,.F.);
#3956=CARTESIAN_POINT('',(5.07689429266846,6.35,-0.5));
#3957=DIRECTION('',(0.68394112888133,2.07628522505956E-16,-0.729537204140085));
#3958=DIRECTION('',(-3.035766E-16,1.0,-1.79844806015736E-32));
#3959=ORIENTED_EDGE('',*,*,#4626,.F.);
#3960=ORIENTED_EDGE('',*,*,#4812,.F.);
#3961=ORIENTED_EDGE('',*,*,#4614,.F.);
#3962=ORIENTED_EDGE('',*,*,#4783,.F.);
#3963=CARTESIAN_POINT('',(4.35,6.35,-1.25));
#3964=DIRECTION('',(-0.68394112888133,-2.07628522505956E-16,0.729537204140085));
#3965=DIRECTION('',(3.035766E-16,-1.0,1.79844806015736E-32));
#3966=ORIENTED_EDGE('',*,*,#4634,.F.);
#3967=ORIENTED_EDGE('',*,*,#4721,.F.);
#3968=ORIENTED_EDGE('',*,*,#4622,.F.);
#3969=ORIENTED_EDGE('',*,*,#4667,.F.);
#3970=CARTESIAN_POINT('',(5.07689429266846,6.35,0.999999999999999));
#3971=DIRECTION('',(0.68394112888133,2.07628522505956E-16,-0.729537204140085));
#3972=DIRECTION('',(-3.035766E-16,1.0,-1.79844806015736E-32));
#3973=ORIENTED_EDGE('',*,*,#4642,.F.);
#3974=ORIENTED_EDGE('',*,*,#4816,.F.);
#3975=ORIENTED_EDGE('',*,*,#4630,.F.);
#3976=ORIENTED_EDGE('',*,*,#4779,.F.);
#3977=CARTESIAN_POINT('',(4.35,6.35,0.249999999999999));
#3978=DIRECTION('',(-0.68394112888133,-2.07628522505956E-16,0.729537204140085));
#3979=DIRECTION('',(3.035766E-16,-1.0,1.79844806015736E-32));
#3980=ORIENTED_EDGE('',*,*,#4690,.F.);
#3981=ORIENTED_EDGE('',*,*,#4725,.F.);
#3982=ORIENTED_EDGE('',*,*,#4638,.F.);
#3983=ORIENTED_EDGE('',*,*,#4663,.F.);
#3984=CARTESIAN_POINT('',(5.07689429266847,6.35,2.5));
#3985=DIRECTION('',(0.68394112888133,2.07628522505956E-16,-0.729537204140085));
#3986=DIRECTION('',(-3.035766E-16,1.0,-1.79844806015736E-32));
#3987=ORIENTED_EDGE('',*,*,#4696,.F.);
#3988=ORIENTED_EDGE('',*,*,#4820,.F.);
#3989=ORIENTED_EDGE('',*,*,#4646,.F.);
#3990=ORIENTED_EDGE('',*,*,#4775,.F.);
#3991=CARTESIAN_POINT('',(4.35,6.35,1.75));
#3992=DIRECTION('',(-0.68394112888133,-2.07628522505956E-16,0.729537204140085));
#3993=DIRECTION('',(3.035766E-16,-1.0,1.79844806015736E-32));
#3994=ORIENTED_EDGE('',*,*,#4740,.F.);
#3995=ORIENTED_EDGE('',*,*,#4729,.F.);
#3996=ORIENTED_EDGE('',*,*,#4692,.F.);
#3997=ORIENTED_EDGE('',*,*,#4657,.F.);
#3998=CARTESIAN_POINT('',(5.07689429266847,6.35,4.0));
#3999=DIRECTION('',(0.68394112888133,2.07628522505956E-16,-0.729537204140085));
#4000=DIRECTION('',(-3.035766E-16,1.0,-1.79844806015736E-32));
#4001=ORIENTED_EDGE('',*,*,#4700,.F.);
#4002=ORIENTED_EDGE('',*,*,#4771,.F.);
#4003=ORIENTED_EDGE('',*,*,#4574,.F.);
#4004=ORIENTED_EDGE('',*,*,#4821,.F.);
#4005=CARTESIAN_POINT('',(4.35,6.35,3.25));
#4006=DIRECTION('',(-0.68394112888133,-2.07628522505956E-16,0.729537204140085));
#4007=DIRECTION('',(3.035766E-16,-1.0,1.79844806015736E-32));
#4008=ORIENTED_EDGE('',*,*,#4753,.F.);
#4009=ORIENTED_EDGE('',*,*,#4757,.F.);
#4010=ORIENTED_EDGE('',*,*,#4734,.F.);
#4011=ORIENTED_EDGE('',*,*,#4703,.F.);
#4012=ORIENTED_EDGE('',*,*,#4651,.F.);
#4013=CARTESIAN_POINT('',(5.07689429266847,6.35,5.5));
#4014=DIRECTION('',(0.68394112888133,2.07628522505956E-16,-0.729537204140085));
#4015=DIRECTION('',(-3.035766E-16,1.0,-1.79844806015736E-32));
#4016=EDGE_CURVE('',#4844,#4845,#4846,.T.);
#4017=EDGE_CURVE('',#4847,#4844,#4848,.T.);
#4018=EDGE_CURVE('',#4849,#4847,#4850,.T.);
#4019=EDGE_CURVE('',#4845,#4849,#4851,.T.);
#4020=EDGE_CURVE('',#4852,#4853,#4854,.T.);
#4021=EDGE_CURVE('',#4855,#4852,#4856,.T.);
#4022=EDGE_CURVE('',#4857,#4855,#4858,.T.);
#4023=EDGE_CURVE('',#4853,#4857,#4859,.T.);
#4024=EDGE_CURVE('',#4860,#4861,#4862,.T.);
#4025=EDGE_CURVE('',#4863,#4860,#4864,.T.);
#4026=EDGE_CURVE('',#4865,#4863,#4866,.T.);
#4027=EDGE_CURVE('',#4861,#4865,#4867,.T.);
#4028=EDGE_CURVE('',#4868,#4869,#4870,.T.);
#4029=EDGE_CURVE('',#4871,#4868,#4872,.T.);
#4030=EDGE_CURVE('',#4873,#4871,#4874,.T.);
#4031=EDGE_CURVE('',#4869,#4873,#4875,.T.);
#4032=EDGE_CURVE('',#4876,#4877,#4878,.T.);
#4033=EDGE_CURVE('',#4879,#4876,#4880,.T.);
#4034=EDGE_CURVE('',#4881,#4879,#4882,.T.);
#4035=EDGE_CURVE('',#4877,#4881,#4883,.T.);
#4036=EDGE_CURVE('',#4881,#4877,#4884,.T.);
#4037=EDGE_CURVE('',#4876,#4879,#4885,.T.);
#4038=EDGE_CURVE('',#4873,#4869,#4886,.T.);
#4039=EDGE_CURVE('',#4868,#4871,#4887,.T.);
#4040=EDGE_CURVE('',#4865,#4861,#4888,.T.);
#4041=EDGE_CURVE('',#4860,#4863,#4889,.T.);
#4042=EDGE_CURVE('',#4890,#4853,#4891,.T.);
#4043=EDGE_CURVE('',#4892,#4890,#4893,.T.);
#4044=EDGE_CURVE('',#4852,#4892,#4894,.T.);
#4045=EDGE_CURVE('',#4895,#4845,#4896,.T.);
#4046=EDGE_CURVE('',#4897,#4895,#4898,.T.);
#4047=EDGE_CURVE('',#4844,#4897,#4899,.T.);
#4048=EDGE_CURVE('',#4900,#4890,#4901,.T.);
#4049=EDGE_CURVE('',#4902,#4900,#4903,.T.);
#4050=EDGE_CURVE('',#4892,#4902,#4904,.T.);
#4051=EDGE_CURVE('',#4902,#4905,#4906,.T.);
#4052=EDGE_CURVE('',#4905,#4907,#4908,.T.);
#4053=EDGE_CURVE('',#4907,#4909,#4910,.T.);
#4054=EDGE_CURVE('',#4911,#4909,#4912,.T.);
#4055=EDGE_CURVE('',#4911,#4913,#4914,.T.);
#4056=EDGE_CURVE('',#4913,#4895,#4915,.T.);
#4057=EDGE_CURVE('',#4849,#4916,#4917,.T.);
#4058=EDGE_CURVE('',#4916,#4918,#4919,.T.);
#4059=EDGE_CURVE('',#4918,#4855,#4920,.T.);
#4060=EDGE_CURVE('',#4921,#4913,#4922,.T.);
#4061=EDGE_CURVE('',#4897,#4921,#4923,.T.);
#4062=EDGE_CURVE('',#4924,#4847,#4925,.T.);
#4063=EDGE_CURVE('',#4916,#4924,#4926,.T.);
#4064=EDGE_CURVE('',#4918,#4927,#4928,.T.);
#4065=EDGE_CURVE('',#4857,#4927,#4929,.T.);
#4066=EDGE_CURVE('',#4927,#4924,#4930,.T.);
#4067=EDGE_CURVE('',#4931,#4900,#4932,.T.);
#4068=EDGE_CURVE('',#4933,#4931,#4934,.T.);
#4069=EDGE_CURVE('',#4935,#4933,#4936,.T.);
#4070=EDGE_CURVE('',#4937,#4935,#4938,.T.);
#4071=EDGE_CURVE('',#4939,#4937,#4940,.T.);
#4072=EDGE_CURVE('',#4941,#4939,#4942,.T.);
#4073=EDGE_CURVE('',#4943,#4941,#4944,.T.);
#4074=EDGE_CURVE('',#4945,#4943,#4946,.T.);
#4075=EDGE_CURVE('',#4947,#4945,#4948,.T.);
#4076=EDGE_CURVE('',#4949,#4947,#4950,.T.);
#4077=EDGE_CURVE('',#4951,#4949,#4952,.T.);
#4078=EDGE_CURVE('',#4953,#4951,#4954,.T.);
#4079=EDGE_CURVE('',#4955,#4953,#4956,.T.);
#4080=EDGE_CURVE('',#4957,#4955,#4958,.T.);
#4081=EDGE_CURVE('',#4959,#4957,#4960,.T.);
#4082=EDGE_CURVE('',#4961,#4959,#4962,.T.);
#4083=EDGE_CURVE('',#4963,#4961,#4964,.T.);
#4084=EDGE_CURVE('',#4965,#4963,#4966,.T.);
#4085=EDGE_CURVE('',#4967,#4965,#4968,.T.);
#4086=EDGE_CURVE('',#4969,#4967,#4970,.T.);
#4087=EDGE_CURVE('',#4971,#4969,#4972,.T.);
#4088=EDGE_CURVE('',#4973,#4971,#4974,.T.);
#4089=EDGE_CURVE('',#4975,#4973,#4976,.T.);
#4090=EDGE_CURVE('',#4977,#4975,#4978,.T.);
#4091=EDGE_CURVE('',#4979,#4977,#4980,.T.);
#4092=EDGE_CURVE('',#4981,#4979,#4982,.T.);
#4093=EDGE_CURVE('',#4983,#4981,#4984,.T.);
#4094=EDGE_CURVE('',#4985,#4983,#4986,.T.);
#4095=EDGE_CURVE('',#4987,#4985,#4988,.T.);
#4096=EDGE_CURVE('',#4989,#4987,#4990,.T.);
#4097=EDGE_CURVE('',#4991,#4989,#4992,.T.);
#4098=EDGE_CURVE('',#4993,#4991,#4994,.T.);
#4099=EDGE_CURVE('',#4995,#4993,#4996,.T.);
#4100=EDGE_CURVE('',#4997,#4995,#4998,.T.);
#4101=EDGE_CURVE('',#4999,#4997,#5000,.T.);
#4102=EDGE_CURVE('',#5001,#4999,#5002,.T.);
#4103=EDGE_CURVE('',#5003,#5001,#5004,.T.);
#4104=EDGE_CURVE('',#4905,#5003,#5005,.T.);
#4105=EDGE_CURVE('',#5006,#4911,#5007,.T.);
#4106=EDGE_CURVE('',#5008,#5006,#5009,.T.);
#4107=EDGE_CURVE('',#5010,#5008,#5011,.T.);
#4108=EDGE_CURVE('',#5012,#5010,#5013,.T.);
#4109=EDGE_CURVE('',#5014,#5012,#5015,.T.);
#4110=EDGE_CURVE('',#5016,#5014,#5017,.T.);
#4111=EDGE_CURVE('',#5018,#5016,#5019,.T.);
#4112=EDGE_CURVE('',#5020,#5018,#5021,.T.);
#4113=EDGE_CURVE('',#5022,#5020,#5023,.T.);
#4114=EDGE_CURVE('',#5024,#5022,#5025,.T.);
#4115=EDGE_CURVE('',#5026,#5024,#5027,.T.);
#4116=EDGE_CURVE('',#5028,#5026,#5029,.T.);
#4117=EDGE_CURVE('',#5030,#5028,#5031,.T.);
#4118=EDGE_CURVE('',#5032,#5030,#5033,.T.);
#4119=EDGE_CURVE('',#5034,#5032,#5035,.T.);
#4120=EDGE_CURVE('',#5036,#5034,#5037,.T.);
#4121=EDGE_CURVE('',#5038,#5036,#5039,.T.);
#4122=EDGE_CURVE('',#5040,#5038,#5041,.T.);
#4123=EDGE_CURVE('',#5042,#5040,#5043,.T.);
#4124=EDGE_CURVE('',#5044,#5042,#5045,.T.);
#4125=EDGE_CURVE('',#5046,#5044,#5047,.T.);
#4126=EDGE_CURVE('',#5048,#5046,#5049,.T.);
#4127=EDGE_CURVE('',#5050,#5048,#5051,.T.);
#4128=EDGE_CURVE('',#5052,#5050,#5053,.T.);
#4129=EDGE_CURVE('',#5054,#5052,#5055,.T.);
#4130=EDGE_CURVE('',#5056,#5054,#5057,.T.);
#4131=EDGE_CURVE('',#5058,#5056,#5059,.T.);
#4132=EDGE_CURVE('',#5060,#5058,#5061,.T.);
#4133=EDGE_CURVE('',#5062,#5060,#5063,.T.);
#4134=EDGE_CURVE('',#5064,#5062,#5065,.T.);
#4135=EDGE_CURVE('',#5066,#5064,#5067,.T.);
#4136=EDGE_CURVE('',#5068,#5066,#5069,.T.);
#4137=EDGE_CURVE('',#5070,#5068,#5071,.T.);
#4138=EDGE_CURVE('',#5072,#5070,#5073,.T.);
#4139=EDGE_CURVE('',#5074,#5072,#5075,.T.);
#4140=EDGE_CURVE('',#5076,#5074,#5077,.T.);
#4141=EDGE_CURVE('',#5078,#5076,#5079,.T.);
#4142=EDGE_CURVE('',#4921,#5078,#5080,.T.);
#4143=EDGE_CURVE('',#5081,#5082,#5083,.T.);
#4144=EDGE_CURVE('',#5074,#5082,#5084,.T.);
#4145=EDGE_CURVE('',#5072,#5081,#5085,.T.);
#4146=EDGE_CURVE('',#5082,#5086,#5087,.T.);
#4147=EDGE_CURVE('',#5076,#5086,#5088,.T.);
#4148=EDGE_CURVE('',#5086,#5089,#5090,.T.);
#4149=EDGE_CURVE('',#5078,#5089,#5091,.T.);
#4150=EDGE_CURVE('',#5089,#5092,#5093,.T.);
#4151=EDGE_CURVE('',#4931,#5092,#5094,.T.);
#4152=EDGE_CURVE('',#5092,#5095,#5096,.T.);
#4153=EDGE_CURVE('',#4933,#5095,#5097,.T.);
#4154=EDGE_CURVE('',#5095,#5098,#5099,.T.);
#4155=EDGE_CURVE('',#4935,#5098,#5100,.T.);
#4156=EDGE_CURVE('',#5098,#5101,#5102,.T.);
#4157=EDGE_CURVE('',#4937,#5101,#5103,.T.);
#4158=EDGE_CURVE('',#5101,#5104,#5105,.T.);
#4159=EDGE_CURVE('',#4939,#5104,#5106,.T.);
#4160=EDGE_CURVE('',#5104,#5107,#5108,.T.);
#4161=EDGE_CURVE('',#4941,#5107,#5109,.T.);
#4162=EDGE_CURVE('',#5107,#5110,#5111,.T.);
#4163=EDGE_CURVE('',#4943,#5110,#5112,.T.);
#4164=EDGE_CURVE('',#5110,#5113,#5114,.T.);
#4165=EDGE_CURVE('',#4945,#5113,#5115,.T.);
#4166=EDGE_CURVE('',#5113,#5116,#5117,.T.);
#4167=EDGE_CURVE('',#4947,#5116,#5118,.T.);
#4168=EDGE_CURVE('',#5116,#5119,#5120,.T.);
#4169=EDGE_CURVE('',#4949,#5119,#5121,.T.);
#4170=EDGE_CURVE('',#5119,#5122,#5123,.T.);
#4171=EDGE_CURVE('',#4951,#5122,#5124,.T.);
#4172=EDGE_CURVE('',#5122,#5125,#5126,.T.);
#4173=EDGE_CURVE('',#4953,#5125,#5127,.T.);
#4174=EDGE_CURVE('',#5125,#5128,#5129,.T.);
#4175=EDGE_CURVE('',#4955,#5128,#5130,.T.);
#4176=EDGE_CURVE('',#5128,#5131,#5132,.T.);
#4177=EDGE_CURVE('',#4957,#5131,#5133,.T.);
#4178=EDGE_CURVE('',#5131,#5134,#5135,.T.);
#4179=EDGE_CURVE('',#4959,#5134,#5136,.T.);
#4180=EDGE_CURVE('',#5134,#5137,#5138,.T.);
#4181=EDGE_CURVE('',#4961,#5137,#5139,.T.);
#4182=EDGE_CURVE('',#5137,#5140,#5141,.T.);
#4183=EDGE_CURVE('',#4963,#5140,#5142,.T.);
#4184=EDGE_CURVE('',#5140,#5143,#5144,.T.);
#4185=EDGE_CURVE('',#4965,#5143,#5145,.T.);
#4186=EDGE_CURVE('',#5143,#5146,#5147,.T.);
#4187=EDGE_CURVE('',#4967,#5146,#5148,.T.);
#4188=EDGE_CURVE('',#5146,#5149,#5150,.T.);
#4189=EDGE_CURVE('',#4969,#5149,#5151,.T.);
#4190=EDGE_CURVE('',#5149,#5152,#5153,.T.);
#4191=EDGE_CURVE('',#4971,#5152,#5154,.T.);
#4192=EDGE_CURVE('',#5152,#5155,#5156,.T.);
#4193=EDGE_CURVE('',#4973,#5155,#5157,.T.);
#4194=EDGE_CURVE('',#5155,#5158,#5159,.T.);
#4195=EDGE_CURVE('',#4975,#5158,#5160,.T.);
#4196=EDGE_CURVE('',#5158,#5161,#5162,.T.);
#4197=EDGE_CURVE('',#4977,#5161,#5163,.T.);
#4198=EDGE_CURVE('',#5161,#5164,#5165,.T.);
#4199=EDGE_CURVE('',#4979,#5164,#5166,.T.);
#4200=EDGE_CURVE('',#5164,#5167,#5168,.T.);
#4201=EDGE_CURVE('',#4981,#5167,#5169,.T.);
#4202=EDGE_CURVE('',#5167,#5170,#5171,.T.);
#4203=EDGE_CURVE('',#4983,#5170,#5172,.T.);
#4204=EDGE_CURVE('',#5170,#5173,#5174,.T.);
#4205=EDGE_CURVE('',#4985,#5173,#5175,.T.);
#4206=EDGE_CURVE('',#5173,#5176,#5177,.T.);
#4207=EDGE_CURVE('',#4987,#5176,#5178,.T.);
#4208=EDGE_CURVE('',#5176,#5179,#5180,.T.);
#4209=EDGE_CURVE('',#4989,#5179,#5181,.T.);
#4210=EDGE_CURVE('',#5179,#5182,#5183,.T.);
#4211=EDGE_CURVE('',#4991,#5182,#5184,.T.);
#4212=EDGE_CURVE('',#5182,#5185,#5186,.T.);
#4213=EDGE_CURVE('',#4993,#5185,#5187,.T.);
#4214=EDGE_CURVE('',#5185,#5188,#5189,.T.);
#4215=EDGE_CURVE('',#4995,#5188,#5190,.T.);
#4216=EDGE_CURVE('',#5188,#5191,#5192,.T.);
#4217=EDGE_CURVE('',#4997,#5191,#5193,.T.);
#4218=EDGE_CURVE('',#5191,#5194,#5195,.T.);
#4219=EDGE_CURVE('',#4999,#5194,#5196,.T.);
#4220=EDGE_CURVE('',#5194,#5197,#5198,.T.);
#4221=EDGE_CURVE('',#5001,#5197,#5199,.T.);
#4222=EDGE_CURVE('',#5197,#5200,#5201,.T.);
#4223=EDGE_CURVE('',#5003,#5200,#5202,.T.);
#4224=EDGE_CURVE('',#5200,#4907,#5203,.T.);
#4225=EDGE_CURVE('',#4909,#5204,#5205,.T.);
#4226=EDGE_CURVE('',#5006,#5204,#5206,.T.);
#4227=EDGE_CURVE('',#5204,#5207,#5208,.T.);
#4228=EDGE_CURVE('',#5008,#5207,#5209,.T.);
#4229=EDGE_CURVE('',#5207,#5210,#5211,.T.);
#4230=EDGE_CURVE('',#5010,#5210,#5212,.T.);
#4231=EDGE_CURVE('',#5210,#5213,#5214,.T.);
#4232=EDGE_CURVE('',#5012,#5213,#5215,.T.);
#4233=EDGE_CURVE('',#5213,#5216,#5217,.T.);
#4234=EDGE_CURVE('',#5014,#5216,#5218,.T.);
#4235=EDGE_CURVE('',#5216,#5219,#5220,.T.);
#4236=EDGE_CURVE('',#5016,#5219,#5221,.T.);
#4237=EDGE_CURVE('',#5219,#5222,#5223,.T.);
#4238=EDGE_CURVE('',#5018,#5222,#5224,.T.);
#4239=EDGE_CURVE('',#5222,#5225,#5226,.T.);
#4240=EDGE_CURVE('',#5020,#5225,#5227,.T.);
#4241=EDGE_CURVE('',#5225,#5228,#5229,.T.);
#4242=EDGE_CURVE('',#5022,#5228,#5230,.T.);
#4243=EDGE_CURVE('',#5228,#5231,#5232,.T.);
#4244=EDGE_CURVE('',#5024,#5231,#5233,.T.);
#4245=EDGE_CURVE('',#5231,#5234,#5235,.T.);
#4246=EDGE_CURVE('',#5026,#5234,#5236,.T.);
#4247=EDGE_CURVE('',#5234,#5237,#5238,.T.);
#4248=EDGE_CURVE('',#5028,#5237,#5239,.T.);
#4249=EDGE_CURVE('',#5237,#5240,#5241,.T.);
#4250=EDGE_CURVE('',#5030,#5240,#5242,.T.);
#4251=EDGE_CURVE('',#5240,#5243,#5244,.T.);
#4252=EDGE_CURVE('',#5032,#5243,#5245,.T.);
#4253=EDGE_CURVE('',#5243,#5246,#5247,.T.);
#4254=EDGE_CURVE('',#5034,#5246,#5248,.T.);
#4255=EDGE_CURVE('',#5246,#5249,#5250,.T.);
#4256=EDGE_CURVE('',#5036,#5249,#5251,.T.);
#4257=EDGE_CURVE('',#5249,#5252,#5253,.T.);
#4258=EDGE_CURVE('',#5038,#5252,#5254,.T.);
#4259=EDGE_CURVE('',#5252,#5255,#5256,.T.);
#4260=EDGE_CURVE('',#5040,#5255,#5257,.T.);
#4261=EDGE_CURVE('',#5255,#5258,#5259,.T.);
#4262=EDGE_CURVE('',#5042,#5258,#5260,.T.);
#4263=EDGE_CURVE('',#5258,#5261,#5262,.T.);
#4264=EDGE_CURVE('',#5044,#5261,#5263,.T.);
#4265=EDGE_CURVE('',#5261,#5264,#5265,.T.);
#4266=EDGE_CURVE('',#5046,#5264,#5266,.T.);
#4267=EDGE_CURVE('',#5264,#5267,#5268,.T.);
#4268=EDGE_CURVE('',#5048,#5267,#5269,.T.);
#4269=EDGE_CURVE('',#5267,#5270,#5271,.T.);
#4270=EDGE_CURVE('',#5050,#5270,#5272,.T.);
#4271=EDGE_CURVE('',#5270,#5273,#5274,.T.);
#4272=EDGE_CURVE('',#5052,#5273,#5275,.T.);
#4273=EDGE_CURVE('',#5273,#5276,#5277,.T.);
#4274=EDGE_CURVE('',#5054,#5276,#5278,.T.);
#4275=EDGE_CURVE('',#5276,#5279,#5280,.T.);
#4276=EDGE_CURVE('',#5056,#5279,#5281,.T.);
#4277=EDGE_CURVE('',#5279,#5282,#5283,.T.);
#4278=EDGE_CURVE('',#5058,#5282,#5284,.T.);
#4279=EDGE_CURVE('',#5282,#5285,#5286,.T.);
#4280=EDGE_CURVE('',#5060,#5285,#5287,.T.);
#4281=EDGE_CURVE('',#5285,#5288,#5289,.T.);
#4282=EDGE_CURVE('',#5062,#5288,#5290,.T.);
#4283=EDGE_CURVE('',#5288,#5291,#5292,.T.);
#4284=EDGE_CURVE('',#5064,#5291,#5293,.T.);
#4285=EDGE_CURVE('',#5291,#5294,#5295,.T.);
#4286=EDGE_CURVE('',#5066,#5294,#5296,.T.);
#4287=EDGE_CURVE('',#5294,#5297,#5298,.T.);
#4288=EDGE_CURVE('',#5068,#5297,#5299,.T.);
#4289=EDGE_CURVE('',#5297,#5300,#5301,.T.);
#4290=EDGE_CURVE('',#5070,#5300,#5302,.T.);
#4291=EDGE_CURVE('',#5300,#5081,#5303,.T.);
#4292=EDGE_CURVE('',#5304,#5305,#5306,.T.);
#4293=EDGE_CURVE('',#5304,#5307,#5308,.T.);
#4294=EDGE_CURVE('',#5307,#5309,#5310,.T.);
#4295=EDGE_CURVE('',#5309,#5305,#5311,.T.);
#4296=EDGE_CURVE('',#5312,#5313,#5314,.T.);
#4297=EDGE_CURVE('',#5312,#5315,#5316,.T.);
#4298=EDGE_CURVE('',#5315,#5317,#5318,.T.);
#4299=EDGE_CURVE('',#5317,#5313,#5319,.T.);
#4300=EDGE_CURVE('',#5320,#5321,#5322,.T.);
#4301=EDGE_CURVE('',#5320,#5323,#5324,.T.);
#4302=EDGE_CURVE('',#5323,#5325,#5326,.T.);
#4303=EDGE_CURVE('',#5325,#5321,#5327,.T.);
#4304=EDGE_CURVE('',#5328,#5329,#5330,.T.);
#4305=EDGE_CURVE('',#5328,#5331,#5332,.T.);
#4306=EDGE_CURVE('',#5331,#5333,#5334,.T.);
#4307=EDGE_CURVE('',#5333,#5329,#5335,.T.);
#4308=EDGE_CURVE('',#5336,#5337,#5338,.T.);
#4309=EDGE_CURVE('',#5336,#5339,#5340,.T.);
#4310=EDGE_CURVE('',#5339,#5341,#5342,.T.);
#4311=EDGE_CURVE('',#5341,#5337,#5343,.T.);
#4312=EDGE_CURVE('',#5344,#5345,#5346,.T.);
#4313=EDGE_CURVE('',#5344,#5347,#5348,.T.);
#4314=EDGE_CURVE('',#5347,#5349,#5350,.T.);
#4315=EDGE_CURVE('',#5349,#5345,#5351,.T.);
#4316=EDGE_CURVE('',#5352,#5353,#5354,.T.);
#4317=EDGE_CURVE('',#5352,#5355,#5356,.T.);
#4318=EDGE_CURVE('',#5355,#5357,#5358,.T.);
#4319=EDGE_CURVE('',#5357,#5353,#5359,.T.);
#4320=EDGE_CURVE('',#5360,#5361,#5362,.T.);
#4321=EDGE_CURVE('',#5360,#5363,#5364,.T.);
#4322=EDGE_CURVE('',#5363,#5365,#5366,.T.);
#4323=EDGE_CURVE('',#5365,#5361,#5367,.T.);
#4324=EDGE_CURVE('',#5368,#5369,#5370,.T.);
#4325=EDGE_CURVE('',#5368,#5371,#5372,.T.);
#4326=EDGE_CURVE('',#5371,#5373,#5374,.T.);
#4327=EDGE_CURVE('',#5373,#5369,#5375,.T.);
#4328=EDGE_CURVE('',#5376,#5377,#5378,.T.);
#4329=EDGE_CURVE('',#5376,#5379,#5380,.T.);
#4330=EDGE_CURVE('',#5379,#5381,#5382,.T.);
#4331=EDGE_CURVE('',#5381,#5377,#5383,.T.);
#4332=EDGE_CURVE('',#5384,#5385,#5386,.T.);
#4333=EDGE_CURVE('',#5384,#5387,#5388,.T.);
#4334=EDGE_CURVE('',#5387,#5389,#5390,.T.);
#4335=EDGE_CURVE('',#5389,#5385,#5391,.T.);
#4336=EDGE_CURVE('',#5392,#5393,#5394,.T.);
#4337=EDGE_CURVE('',#5392,#5395,#5396,.T.);
#4338=EDGE_CURVE('',#5395,#5397,#5398,.T.);
#4339=EDGE_CURVE('',#5397,#5393,#5399,.T.);
#4340=EDGE_CURVE('',#5400,#5401,#5402,.T.);
#4341=EDGE_CURVE('',#5400,#5403,#5404,.T.);
#4342=EDGE_CURVE('',#5403,#5405,#5406,.T.);
#4343=EDGE_CURVE('',#5405,#5401,#5407,.T.);
#4344=EDGE_CURVE('',#5408,#5409,#5410,.T.);
#4345=EDGE_CURVE('',#5408,#5411,#5412,.T.);
#4346=EDGE_CURVE('',#5411,#5413,#5414,.T.);
#4347=EDGE_CURVE('',#5413,#5409,#5415,.T.);
#4348=EDGE_CURVE('',#5416,#5417,#5418,.T.);
#4349=EDGE_CURVE('',#5416,#5419,#5420,.T.);
#4350=EDGE_CURVE('',#5419,#5421,#5422,.T.);
#4351=EDGE_CURVE('',#5421,#5417,#5423,.T.);
#4352=EDGE_CURVE('',#5424,#5425,#5426,.T.);
#4353=EDGE_CURVE('',#5424,#5427,#5428,.T.);
#4354=EDGE_CURVE('',#5427,#5429,#5430,.T.);
#4355=EDGE_CURVE('',#5429,#5425,#5431,.T.);
#4356=EDGE_CURVE('',#5432,#5433,#5434,.T.);
#4357=EDGE_CURVE('',#5432,#5435,#5436,.T.);
#4358=EDGE_CURVE('',#5435,#5437,#5438,.T.);
#4359=EDGE_CURVE('',#5437,#5433,#5439,.T.);
#4360=EDGE_CURVE('',#5440,#5441,#5442,.T.);
#4361=EDGE_CURVE('',#5440,#5443,#5444,.T.);
#4362=EDGE_CURVE('',#5443,#5445,#5446,.T.);
#4363=EDGE_CURVE('',#5445,#5441,#5447,.T.);
#4364=EDGE_CURVE('',#5448,#5449,#5450,.T.);
#4365=EDGE_CURVE('',#5448,#5451,#5452,.T.);
#4366=EDGE_CURVE('',#5451,#5453,#5454,.T.);
#4367=EDGE_CURVE('',#5453,#5449,#5455,.T.);
#4368=EDGE_CURVE('',#5456,#5457,#5458,.T.);
#4369=EDGE_CURVE('',#5456,#5459,#5460,.T.);
#4370=EDGE_CURVE('',#5459,#5461,#5462,.T.);
#4371=EDGE_CURVE('',#5461,#5457,#5463,.T.);
#4372=EDGE_CURVE('',#5464,#5465,#5466,.T.);
#4373=EDGE_CURVE('',#5467,#5465,#5468,.T.);
#4374=EDGE_CURVE('',#5469,#5467,#5470,.T.);
#4375=EDGE_CURVE('',#5469,#5471,#5472,.T.);
#4376=EDGE_CURVE('',#5473,#5471,#5474,.T.);
#4377=EDGE_CURVE('',#5475,#5473,#5476,.T.);
#4378=EDGE_CURVE('',#5475,#5477,#5478,.T.);
#4379=EDGE_CURVE('',#5479,#5477,#5480,.T.);
#4380=EDGE_CURVE('',#5481,#5479,#5482,.T.);
#4381=EDGE_CURVE('',#5481,#5483,#5484,.T.);
#4382=EDGE_CURVE('',#5485,#5483,#5486,.T.);
#4383=EDGE_CURVE('',#5487,#5485,#5488,.T.);
#4384=EDGE_CURVE('',#5487,#5489,#5490,.T.);
#4385=EDGE_CURVE('',#5491,#5489,#5492,.T.);
#4386=EDGE_CURVE('',#5493,#5491,#5494,.T.);
#4387=EDGE_CURVE('',#5493,#5443,#5495,.T.);
#4388=EDGE_CURVE('',#5496,#5440,#5497,.T.);
#4389=EDGE_CURVE('',#5496,#5498,#5499,.T.);
#4390=EDGE_CURVE('',#5433,#5498,#5500,.T.);
#4391=EDGE_CURVE('',#5437,#5411,#5501,.T.);
#4392=EDGE_CURVE('',#5502,#5408,#5503,.T.);
#4393=EDGE_CURVE('',#5502,#5504,#5505,.T.);
#4394=EDGE_CURVE('',#5401,#5504,#5506,.T.);
#4395=EDGE_CURVE('',#5405,#5379,#5507,.T.);
#4396=EDGE_CURVE('',#5508,#5376,#5509,.T.);
#4397=EDGE_CURVE('',#5508,#5510,#5511,.T.);
#4398=EDGE_CURVE('',#5369,#5510,#5512,.T.);
#4399=EDGE_CURVE('',#5373,#5347,#5513,.T.);
#4400=EDGE_CURVE('',#5514,#5344,#5515,.T.);
#4401=EDGE_CURVE('',#5514,#5516,#5517,.T.);
#4402=EDGE_CURVE('',#5337,#5516,#5518,.T.);
#4403=EDGE_CURVE('',#5341,#5323,#5519,.T.);
#4404=EDGE_CURVE('',#5520,#5320,#5521,.T.);
#4405=EDGE_CURVE('',#5520,#5522,#5523,.T.);
#4406=EDGE_CURVE('',#5464,#5522,#5524,.T.);
#4407=EDGE_CURVE('',#5525,#5526,#5527,.T.);
#4408=EDGE_CURVE('',#5528,#5525,#5529,.T.);
#4409=EDGE_CURVE('',#5465,#5528,#5530,.T.);
#4410=EDGE_CURVE('',#5531,#5464,#5532,.T.);
#4411=EDGE_CURVE('',#5526,#5531,#5533,.T.);
#4412=EDGE_CURVE('',#5534,#5491,#5535,.T.);
#4413=EDGE_CURVE('',#5534,#5536,#5537,.T.);
#4414=EDGE_CURVE('',#5536,#5493,#5538,.T.);
#4415=EDGE_CURVE('',#5485,#5539,#5540,.T.);
#4416=EDGE_CURVE('',#5483,#5541,#5542,.T.);
#4417=EDGE_CURVE('',#5541,#5539,#5543,.T.);
#4418=EDGE_CURVE('',#5544,#5545,#5546,.T.);
#4419=EDGE_CURVE('',#5544,#5547,#5548,.T.);
#4420=EDGE_CURVE('',#5547,#5549,#5550,.T.);
#4421=EDGE_CURVE('',#5549,#5545,#5551,.T.);
#4422=EDGE_CURVE('',#5552,#5553,#5554,.T.);
#4423=EDGE_CURVE('',#5552,#5555,#5556,.T.);
#4424=EDGE_CURVE('',#5555,#5557,#5558,.T.);
#4425=EDGE_CURVE('',#5557,#5553,#5559,.T.);
#4426=EDGE_CURVE('',#5473,#5560,#5561,.T.);
#4427=EDGE_CURVE('',#5471,#5562,#5563,.T.);
#4428=EDGE_CURVE('',#5562,#5560,#5564,.T.);
#4429=EDGE_CURVE('',#5565,#5566,#5567,.T.);
#4430=EDGE_CURVE('',#5566,#5568,#5569,.T.);
#4431=EDGE_CURVE('',#5568,#5570,#5571,.T.);
#4432=EDGE_CURVE('',#5321,#5570,#5572,.T.);
#4433=EDGE_CURVE('',#5325,#5339,#5573,.T.);
#4434=EDGE_CURVE('',#5574,#5336,#5575,.T.);
#4435=EDGE_CURVE('',#5574,#5576,#5577,.T.);
#4436=EDGE_CURVE('',#5345,#5576,#5578,.T.);
#4437=EDGE_CURVE('',#5349,#5371,#5579,.T.);
#4438=EDGE_CURVE('',#5580,#5368,#5581,.T.);
#4439=EDGE_CURVE('',#5580,#5582,#5583,.T.);
#4440=EDGE_CURVE('',#5377,#5582,#5584,.T.);
#4441=EDGE_CURVE('',#5381,#5403,#5585,.T.);
#4442=EDGE_CURVE('',#5586,#5400,#5587,.T.);
#4443=EDGE_CURVE('',#5586,#5588,#5589,.T.);
#4444=EDGE_CURVE('',#5409,#5588,#5590,.T.);
#4445=EDGE_CURVE('',#5413,#5435,#5591,.T.);
#4446=EDGE_CURVE('',#5592,#5432,#5593,.T.);
#4447=EDGE_CURVE('',#5592,#5594,#5595,.T.);
#4448=EDGE_CURVE('',#5441,#5594,#5596,.T.);
#4449=EDGE_CURVE('',#5445,#5536,#5597,.T.);
#4450=EDGE_CURVE('',#5598,#5534,#5599,.T.);
#4451=EDGE_CURVE('',#5598,#5600,#5601,.T.);
#4452=EDGE_CURVE('',#5539,#5600,#5602,.T.);
#4453=EDGE_CURVE('',#5541,#5603,#5604,.T.);
#4454=EDGE_CURVE('',#5605,#5603,#5606,.T.);
#4455=EDGE_CURVE('',#5607,#5605,#5608,.T.);
#4456=EDGE_CURVE('',#5607,#5609,#5610,.T.);
#4457=EDGE_CURVE('',#5560,#5609,#5611,.T.);
#4458=EDGE_CURVE('',#5562,#5612,#5613,.T.);
#4459=EDGE_CURVE('',#5565,#5612,#5614,.T.);
#4460=EDGE_CURVE('',#5615,#5616,#5617,.T.);
#4461=EDGE_CURVE('',#5615,#5566,#5618,.T.);
#4462=EDGE_CURVE('',#5616,#5565,#5619,.T.);
#4463=EDGE_CURVE('',#5605,#5479,#5620,.T.);
#4464=EDGE_CURVE('',#5603,#5481,#5621,.T.);
#4465=EDGE_CURVE('',#5622,#5531,#5623,.T.);
#4466=EDGE_CURVE('',#5522,#5624,#5625,.T.);
#4467=EDGE_CURVE('',#5624,#5622,#5626,.T.);
#4468=EDGE_CURVE('',#5627,#5628,#5629,.T.);
#4469=EDGE_CURVE('',#5627,#5526,#5630,.T.);
#4470=EDGE_CURVE('',#5622,#5628,#5631,.T.);
#4471=EDGE_CURVE('',#5528,#5632,#5633,.T.);
#4472=EDGE_CURVE('',#5525,#5634,#5635,.T.);
#4473=EDGE_CURVE('',#5634,#5636,#5637,.T.);
#4474=EDGE_CURVE('',#5636,#5632,#5638,.T.);
#4475=EDGE_CURVE('',#5639,#5467,#5640,.T.);
#4476=EDGE_CURVE('',#5639,#5641,#5642,.T.);
#4477=EDGE_CURVE('',#5641,#5469,#5643,.T.);
#4478=EDGE_CURVE('',#5632,#5639,#5644,.T.);
#4479=EDGE_CURVE('',#5636,#5645,#5646,.T.);
#4480=EDGE_CURVE('',#5645,#5616,#5647,.T.);
#4481=EDGE_CURVE('',#5612,#5641,#5648,.T.);
#4482=EDGE_CURVE('',#5309,#5634,#5649,.T.);
#4483=EDGE_CURVE('',#5645,#5307,#5650,.T.);
#4484=EDGE_CURVE('',#5628,#5651,#5652,.T.);
#4485=EDGE_CURVE('',#5651,#5653,#5654,.T.);
#4486=EDGE_CURVE('',#5653,#5627,#5655,.T.);
#4487=EDGE_CURVE('',#5624,#5568,#5656,.T.);
#4488=EDGE_CURVE('',#5657,#5615,#5658,.T.);
#4489=EDGE_CURVE('',#5657,#5651,#5659,.T.);
#4490=EDGE_CURVE('',#5570,#5520,#5660,.T.);
#4491=EDGE_CURVE('',#5477,#5607,#5661,.T.);
#4492=EDGE_CURVE('',#5662,#5304,#5663,.T.);
#4493=EDGE_CURVE('',#5662,#5664,#5665,.T.);
#4494=EDGE_CURVE('',#5313,#5664,#5666,.T.);
#4495=EDGE_CURVE('',#5317,#5555,#5667,.T.);
#4496=EDGE_CURVE('',#5668,#5552,#5669,.T.);
#4497=EDGE_CURVE('',#5668,#5670,#5671,.T.);
#4498=EDGE_CURVE('',#5545,#5670,#5672,.T.);
#4499=EDGE_CURVE('',#5549,#5459,#5673,.T.);
#4500=EDGE_CURVE('',#5674,#5456,#5675,.T.);
#4501=EDGE_CURVE('',#5674,#5676,#5677,.T.);
#4502=EDGE_CURVE('',#5449,#5676,#5678,.T.);
#4503=EDGE_CURVE('',#5453,#5427,#5679,.T.);
#4504=EDGE_CURVE('',#5680,#5424,#5681,.T.);
#4505=EDGE_CURVE('',#5680,#5682,#5683,.T.);
#4506=EDGE_CURVE('',#5417,#5682,#5684,.T.);
#4507=EDGE_CURVE('',#5421,#5395,#5685,.T.);
#4508=EDGE_CURVE('',#5686,#5392,#5687,.T.);
#4509=EDGE_CURVE('',#5686,#5688,#5689,.T.);
#4510=EDGE_CURVE('',#5385,#5688,#5690,.T.);
#4511=EDGE_CURVE('',#5389,#5363,#5691,.T.);
#4512=EDGE_CURVE('',#5692,#5360,#5693,.T.);
#4513=EDGE_CURVE('',#5692,#5694,#5695,.T.);
#4514=EDGE_CURVE('',#5353,#5694,#5696,.T.);
#4515=EDGE_CURVE('',#5357,#5331,#5697,.T.);
#4516=EDGE_CURVE('',#5698,#5328,#5699,.T.);
#4517=EDGE_CURVE('',#5698,#5657,#5700,.T.);
#4518=EDGE_CURVE('',#5609,#5475,#5701,.T.);
#4519=EDGE_CURVE('',#5553,#5702,#5703,.T.);
#4520=EDGE_CURVE('',#5702,#5668,#5704,.T.);
#4521=EDGE_CURVE('',#5705,#5702,#5706,.T.);
#4522=EDGE_CURVE('',#5670,#5705,#5707,.T.);
#4523=EDGE_CURVE('',#5705,#5544,#5708,.T.);
#4524=EDGE_CURVE('',#5600,#5487,#5709,.T.);
#4525=EDGE_CURVE('',#5489,#5598,#5710,.T.);
#4526=EDGE_CURVE('',#5653,#5711,#5712,.T.);
#4527=EDGE_CURVE('',#5329,#5711,#5713,.T.);
#4528=EDGE_CURVE('',#5333,#5355,#5714,.T.);
#4529=EDGE_CURVE('',#5715,#5352,#5716,.T.);
#4530=EDGE_CURVE('',#5715,#5717,#5718,.T.);
#4531=EDGE_CURVE('',#5361,#5717,#5719,.T.);
#4532=EDGE_CURVE('',#5365,#5387,#5720,.T.);
#4533=EDGE_CURVE('',#5721,#5384,#5722,.T.);
#4534=EDGE_CURVE('',#5721,#5723,#5724,.T.);
#4535=EDGE_CURVE('',#5393,#5723,#5725,.T.);
#4536=EDGE_CURVE('',#5397,#5419,#5726,.T.);
#4537=EDGE_CURVE('',#5727,#5416,#5728,.T.);
#4538=EDGE_CURVE('',#5727,#5729,#5730,.T.);
#4539=EDGE_CURVE('',#5425,#5729,#5731,.T.);
#4540=EDGE_CURVE('',#5429,#5451,#5732,.T.);
#4541=EDGE_CURVE('',#5733,#5448,#5734,.T.);
#4542=EDGE_CURVE('',#5733,#5735,#5736,.T.);
#4543=EDGE_CURVE('',#5457,#5735,#5737,.T.);
#4544=EDGE_CURVE('',#5461,#5547,#5738,.T.);
#4545=EDGE_CURVE('',#5557,#5315,#5739,.T.);
#4546=EDGE_CURVE('',#5740,#5312,#5741,.T.);
#4547=EDGE_CURVE('',#5740,#5742,#5743,.T.);
#4548=EDGE_CURVE('',#5305,#5742,#5744,.T.);
#4549=EDGE_CURVE('',#5735,#5674,#5745,.T.);
#4550=EDGE_CURVE('',#5676,#5733,#5746,.T.);
#4551=EDGE_CURVE('',#5594,#5496,#5747,.T.);
#4552=EDGE_CURVE('',#5498,#5592,#5748,.T.);
#4553=EDGE_CURVE('',#5729,#5680,#5749,.T.);
#4554=EDGE_CURVE('',#5682,#5727,#5750,.T.);
#4555=EDGE_CURVE('',#5588,#5502,#5751,.T.);
#4556=EDGE_CURVE('',#5504,#5586,#5752,.T.);
#4557=EDGE_CURVE('',#5723,#5686,#5753,.T.);
#4558=EDGE_CURVE('',#5688,#5721,#5754,.T.);
#4559=EDGE_CURVE('',#5582,#5508,#5755,.T.);
#4560=EDGE_CURVE('',#5510,#5580,#5756,.T.);
#4561=EDGE_CURVE('',#5717,#5692,#5757,.T.);
#4562=EDGE_CURVE('',#5694,#5715,#5758,.T.);
#4563=EDGE_CURVE('',#5576,#5514,#5759,.T.);
#4564=EDGE_CURVE('',#5516,#5574,#5760,.T.);
#4565=EDGE_CURVE('',#5711,#5698,#5761,.T.);
#4566=EDGE_CURVE('',#5664,#5740,#5762,.T.);
#4567=EDGE_CURVE('',#5742,#5662,#5763,.T.);
#4568=EDGE_CURVE('',#5764,#5765,#5766,.T.);
#4569=EDGE_CURVE('',#5764,#5767,#5768,.T.);
#4570=EDGE_CURVE('',#5767,#5769,#5770,.T.);
#4571=EDGE_CURVE('',#5769,#5765,#5771,.T.);
#4572=EDGE_CURVE('',#5772,#5773,#5774,.T.);
#4573=EDGE_CURVE('',#5772,#5775,#5776,.T.);
#4574=EDGE_CURVE('',#5775,#5777,#5778,.T.);
#4575=EDGE_CURVE('',#5777,#5773,#5779,.T.);
#4576=EDGE_CURVE('',#5780,#5781,#5782,.T.);
#4577=EDGE_CURVE('',#5780,#5783,#5784,.T.);
#4578=EDGE_CURVE('',#5783,#5785,#5786,.T.);
#4579=EDGE_CURVE('',#5785,#5781,#5787,.T.);
#4580=EDGE_CURVE('',#5788,#5789,#5790,.T.);
#4581=EDGE_CURVE('',#5788,#5791,#5792,.T.);
#4582=EDGE_CURVE('',#5791,#5793,#5794,.T.);
#4583=EDGE_CURVE('',#5793,#5789,#5795,.T.);
#4584=EDGE_CURVE('',#5796,#5797,#5798,.T.);
#4585=EDGE_CURVE('',#5796,#5799,#5800,.T.);
#4586=EDGE_CURVE('',#5799,#5801,#5802,.T.);
#4587=EDGE_CURVE('',#5801,#5797,#5803,.T.);
#4588=EDGE_CURVE('',#5804,#5805,#5806,.T.);
#4589=EDGE_CURVE('',#5804,#5807,#5808,.T.);
#4590=EDGE_CURVE('',#5807,#5809,#5810,.T.);
#4591=EDGE_CURVE('',#5809,#5805,#5811,.T.);
#4592=EDGE_CURVE('',#5812,#5813,#5814,.T.);
#4593=EDGE_CURVE('',#5812,#5815,#5816,.T.);
#4594=EDGE_CURVE('',#5815,#5817,#5818,.T.);
#4595=EDGE_CURVE('',#5817,#5813,#5819,.T.);
#4596=EDGE_CURVE('',#5820,#5821,#5822,.T.);
#4597=EDGE_CURVE('',#5820,#5823,#5824,.T.);
#4598=EDGE_CURVE('',#5823,#5825,#5826,.T.);
#4599=EDGE_CURVE('',#5825,#5821,#5827,.T.);
#4600=EDGE_CURVE('',#5828,#5829,#5830,.T.);
#4601=EDGE_CURVE('',#5828,#5831,#5832,.T.);
#4602=EDGE_CURVE('',#5831,#5833,#5834,.T.);
#4603=EDGE_CURVE('',#5833,#5829,#5835,.T.);
#4604=EDGE_CURVE('',#5836,#5837,#5838,.T.);
#4605=EDGE_CURVE('',#5836,#5839,#5840,.T.);
#4606=EDGE_CURVE('',#5839,#5841,#5842,.T.);
#4607=EDGE_CURVE('',#5841,#5837,#5843,.T.);
#4608=EDGE_CURVE('',#5844,#5845,#5846,.T.);
#4609=EDGE_CURVE('',#5844,#5847,#5848,.T.);
#4610=EDGE_CURVE('',#5847,#5849,#5850,.T.);
#4611=EDGE_CURVE('',#5849,#5845,#5851,.T.);
#4612=EDGE_CURVE('',#5852,#5853,#5854,.T.);
#4613=EDGE_CURVE('',#5852,#5855,#5856,.T.);
#4614=EDGE_CURVE('',#5855,#5857,#5858,.T.);
#4615=EDGE_CURVE('',#5857,#5853,#5859,.T.);
#4616=EDGE_CURVE('',#5860,#5861,#5862,.T.);
#4617=EDGE_CURVE('',#5860,#5863,#5864,.T.);
#4618=EDGE_CURVE('',#5863,#5865,#5866,.T.);
#4619=EDGE_CURVE('',#5865,#5861,#5867,.T.);
#4620=EDGE_CURVE('',#5868,#5869,#5870,.T.);
#4621=EDGE_CURVE('',#5868,#5871,#5872,.T.);
#4622=EDGE_CURVE('',#5871,#5873,#5874,.T.);
#4623=EDGE_CURVE('',#5873,#5869,#5875,.T.);
#4624=EDGE_CURVE('',#5876,#5877,#5878,.T.);
#4625=EDGE_CURVE('',#5876,#5879,#5880,.T.);
#4626=EDGE_CURVE('',#5879,#5881,#5882,.T.);
#4627=EDGE_CURVE('',#5881,#5877,#5883,.T.);
#4628=EDGE_CURVE('',#5884,#5885,#5886,.T.);
#4629=EDGE_CURVE('',#5884,#5887,#5888,.T.);
#4630=EDGE_CURVE('',#5887,#5889,#5890,.T.);
#4631=EDGE_CURVE('',#5889,#5885,#5891,.T.);
#4632=EDGE_CURVE('',#5892,#5893,#5894,.T.);
#4633=EDGE_CURVE('',#5892,#5895,#5896,.T.);
#4634=EDGE_CURVE('',#5895,#5897,#5898,.T.);
#4635=EDGE_CURVE('',#5897,#5893,#5899,.T.);
#4636=EDGE_CURVE('',#5900,#5901,#5902,.T.);
#4637=EDGE_CURVE('',#5900,#5903,#5904,.T.);
#4638=EDGE_CURVE('',#5903,#5905,#5906,.T.);
#4639=EDGE_CURVE('',#5905,#5901,#5907,.T.);
#4640=EDGE_CURVE('',#5908,#5909,#5910,.T.);
#4641=EDGE_CURVE('',#5908,#5911,#5912,.T.);
#4642=EDGE_CURVE('',#5911,#5913,#5914,.T.);
#4643=EDGE_CURVE('',#5913,#5909,#5915,.T.);
#4644=EDGE_CURVE('',#5916,#5917,#5918,.T.);
#4645=EDGE_CURVE('',#5916,#5919,#5920,.T.);
#4646=EDGE_CURVE('',#5919,#5921,#5922,.T.);
#4647=EDGE_CURVE('',#5921,#5917,#5923,.T.);
#4648=EDGE_CURVE('',#5924,#5925,#5926,.T.);
#4649=EDGE_CURVE('',#5927,#5925,#5928,.T.);
#4650=EDGE_CURVE('',#5929,#5927,#5930,.T.);
#4651=EDGE_CURVE('',#5929,#5931,#5932,.T.);
#4652=EDGE_CURVE('',#5933,#5931,#5934,.T.);
#4653=EDGE_CURVE('',#5935,#5933,#5936,.T.);
#4654=EDGE_CURVE('',#5935,#5937,#5938,.T.);
#4655=EDGE_CURVE('',#5939,#5937,#5940,.T.);
#4656=EDGE_CURVE('',#5941,#5939,#5942,.T.);
#4657=EDGE_CURVE('',#5941,#5943,#5944,.T.);
#4658=EDGE_CURVE('',#5945,#5943,#5946,.T.);
#4659=EDGE_CURVE('',#5947,#5945,#5948,.T.);
#4660=EDGE_CURVE('',#5947,#5949,#5950,.T.);
#4661=EDGE_CURVE('',#5951,#5949,#5952,.T.);
#4662=EDGE_CURVE('',#5953,#5951,#5954,.T.);
#4663=EDGE_CURVE('',#5953,#5903,#5955,.T.);
#4664=EDGE_CURVE('',#5956,#5900,#5957,.T.);
#4665=EDGE_CURVE('',#5956,#5958,#5959,.T.);
#4666=EDGE_CURVE('',#5893,#5958,#5960,.T.);
#4667=EDGE_CURVE('',#5897,#5871,#5961,.T.);
#4668=EDGE_CURVE('',#5962,#5868,#5963,.T.);
#4669=EDGE_CURVE('',#5962,#5964,#5965,.T.);
#4670=EDGE_CURVE('',#5861,#5964,#5966,.T.);
#4671=EDGE_CURVE('',#5865,#5839,#5967,.T.);
#4672=EDGE_CURVE('',#5968,#5836,#5969,.T.);
#4673=EDGE_CURVE('',#5968,#5970,#5971,.T.);
#4674=EDGE_CURVE('',#5829,#5970,#5972,.T.);
#4675=EDGE_CURVE('',#5833,#5807,#5973,.T.);
#4676=EDGE_CURVE('',#5974,#5804,#5975,.T.);
#4677=EDGE_CURVE('',#5974,#5976,#5977,.T.);
#4678=EDGE_CURVE('',#5797,#5976,#5978,.T.);
#4679=EDGE_CURVE('',#5801,#5783,#5979,.T.);
#4680=EDGE_CURVE('',#5980,#5780,#5981,.T.);
#4681=EDGE_CURVE('',#5980,#5982,#5983,.T.);
#4682=EDGE_CURVE('',#5924,#5982,#5984,.T.);
#4683=EDGE_CURVE('',#5985,#5986,#5987,.T.);
#4684=EDGE_CURVE('',#5988,#5985,#5989,.T.);
#4685=EDGE_CURVE('',#5925,#5988,#5990,.T.);
#4686=EDGE_CURVE('',#5991,#5924,#5992,.T.);
#4687=EDGE_CURVE('',#5986,#5991,#5993,.T.);
#4688=EDGE_CURVE('',#5994,#5951,#5995,.T.);
#4689=EDGE_CURVE('',#5994,#5996,#5997,.T.);
#4690=EDGE_CURVE('',#5996,#5953,#5998,.T.);
#4691=EDGE_CURVE('',#5945,#5999,#6000,.T.);
#4692=EDGE_CURVE('',#5943,#6001,#6002,.T.);
#4693=EDGE_CURVE('',#6001,#5999,#6003,.T.);
#4694=EDGE_CURVE('',#6004,#6005,#6006,.T.);
#4695=EDGE_CURVE('',#6004,#6007,#6008,.T.);
#4696=EDGE_CURVE('',#6007,#6009,#6010,.T.);
#4697=EDGE_CURVE('',#6009,#6005,#6011,.T.);
#4698=EDGE_CURVE('',#6012,#6013,#6014,.T.);
#4699=EDGE_CURVE('',#6012,#6015,#6016,.T.);
#4700=EDGE_CURVE('',#6015,#6017,#6018,.T.);
#4701=EDGE_CURVE('',#6017,#6013,#6019,.T.);
#4702=EDGE_CURVE('',#5933,#6020,#6021,.T.);
#4703=EDGE_CURVE('',#5931,#6022,#6023,.T.);
#4704=EDGE_CURVE('',#6022,#6020,#6024,.T.);
#4705=EDGE_CURVE('',#6025,#6026,#6027,.T.);
#4706=EDGE_CURVE('',#6026,#6028,#6029,.T.);
#4707=EDGE_CURVE('',#6028,#6030,#6031,.T.);
#4708=EDGE_CURVE('',#5781,#6030,#6032,.T.);
#4709=EDGE_CURVE('',#5785,#5799,#6033,.T.);
#4710=EDGE_CURVE('',#6034,#5796,#6035,.T.);
#4711=EDGE_CURVE('',#6034,#6036,#6037,.T.);
#4712=EDGE_CURVE('',#5805,#6036,#6038,.T.);
#4713=EDGE_CURVE('',#5809,#5831,#6039,.T.);
#4714=EDGE_CURVE('',#6040,#5828,#6041,.T.);
#4715=EDGE_CURVE('',#6040,#6042,#6043,.T.);
#4716=EDGE_CURVE('',#5837,#6042,#6044,.T.);
#4717=EDGE_CURVE('',#5841,#5863,#6045,.T.);
#4718=EDGE_CURVE('',#6046,#5860,#6047,.T.);
#4719=EDGE_CURVE('',#6046,#6048,#6049,.T.);
#4720=EDGE_CURVE('',#5869,#6048,#6050,.T.);
#4721=EDGE_CURVE('',#5873,#5895,#6051,.T.);
#4722=EDGE_CURVE('',#6052,#5892,#6053,.T.);
#4723=EDGE_CURVE('',#6052,#6054,#6055,.T.);
#4724=EDGE_CURVE('',#5901,#6054,#6056,.T.);
#4725=EDGE_CURVE('',#5905,#5996,#6057,.T.);
#4726=EDGE_CURVE('',#6058,#5994,#6059,.T.);
#4727=EDGE_CURVE('',#6058,#6060,#6061,.T.);
#4728=EDGE_CURVE('',#5999,#6060,#6062,.T.);
#4729=EDGE_CURVE('',#6001,#6063,#6064,.T.);
#4730=EDGE_CURVE('',#6065,#6063,#6066,.T.);
#4731=EDGE_CURVE('',#6067,#6065,#6068,.T.);
#4732=EDGE_CURVE('',#6067,#6069,#6070,.T.);
#4733=EDGE_CURVE('',#6020,#6069,#6071,.T.);
#4734=EDGE_CURVE('',#6022,#6072,#6073,.T.);
#4735=EDGE_CURVE('',#6025,#6072,#6074,.T.);
#4736=EDGE_CURVE('',#6075,#6076,#6077,.T.);
#4737=EDGE_CURVE('',#6075,#6026,#6078,.T.);
#4738=EDGE_CURVE('',#6076,#6025,#6079,.T.);
#4739=EDGE_CURVE('',#6065,#5939,#6080,.T.);
#4740=EDGE_CURVE('',#6063,#5941,#6081,.T.);
#4741=EDGE_CURVE('',#6082,#5991,#6083,.T.);
#4742=EDGE_CURVE('',#5982,#6084,#6085,.T.);
#4743=EDGE_CURVE('',#6084,#6082,#6086,.T.);
#4744=EDGE_CURVE('',#6087,#6088,#6089,.T.);
#4745=EDGE_CURVE('',#6087,#5986,#6090,.T.);
#4746=EDGE_CURVE('',#6082,#6088,#6091,.T.);
#4747=EDGE_CURVE('',#5988,#6092,#6093,.T.);
#4748=EDGE_CURVE('',#5985,#6094,#6095,.T.);
#4749=EDGE_CURVE('',#6094,#6096,#6097,.T.);
#4750=EDGE_CURVE('',#6096,#6092,#6098,.T.);
#4751=EDGE_CURVE('',#6099,#5927,#6100,.T.);
#4752=EDGE_CURVE('',#6099,#6101,#6102,.T.);
#4753=EDGE_CURVE('',#6101,#5929,#6103,.T.);
#4754=EDGE_CURVE('',#6092,#6099,#6104,.T.);
#4755=EDGE_CURVE('',#6096,#6105,#6106,.T.);
#4756=EDGE_CURVE('',#6105,#6076,#6107,.T.);
#4757=EDGE_CURVE('',#6072,#6101,#6108,.T.);
#4758=EDGE_CURVE('',#5769,#6094,#6109,.T.);
#4759=EDGE_CURVE('',#6105,#5767,#6110,.T.);
#4760=EDGE_CURVE('',#6088,#6111,#6112,.T.);
#4761=EDGE_CURVE('',#6111,#6113,#6114,.T.);
#4762=EDGE_CURVE('',#6113,#6087,#6115,.T.);
#4763=EDGE_CURVE('',#6084,#6028,#6116,.T.);
#4764=EDGE_CURVE('',#6117,#6075,#6118,.T.);
#4765=EDGE_CURVE('',#6117,#6111,#6119,.T.);
#4766=EDGE_CURVE('',#6030,#5980,#6120,.T.);
#4767=EDGE_CURVE('',#5937,#6067,#6121,.T.);
#4768=EDGE_CURVE('',#6122,#5764,#6123,.T.);
#4769=EDGE_CURVE('',#6122,#6124,#6125,.T.);
#4770=EDGE_CURVE('',#5773,#6124,#6126,.T.);
#4771=EDGE_CURVE('',#5777,#6015,#6127,.T.);
#4772=EDGE_CURVE('',#6128,#6012,#6129,.T.);
#4773=EDGE_CURVE('',#6128,#6130,#6131,.T.);
#4774=EDGE_CURVE('',#6005,#6130,#6132,.T.);
#4775=EDGE_CURVE('',#6009,#5919,#6133,.T.);
#4776=EDGE_CURVE('',#6134,#5916,#6135,.T.);
#4777=EDGE_CURVE('',#6134,#6136,#6137,.T.);
#4778=EDGE_CURVE('',#5909,#6136,#6138,.T.);
#4779=EDGE_CURVE('',#5913,#5887,#6139,.T.);
#4780=EDGE_CURVE('',#6140,#5884,#6141,.T.);
#4781=EDGE_CURVE('',#6140,#6142,#6143,.T.);
#4782=EDGE_CURVE('',#5877,#6142,#6144,.T.);
#4783=EDGE_CURVE('',#5881,#5855,#6145,.T.);
#4784=EDGE_CURVE('',#6146,#5852,#6147,.T.);
#4785=EDGE_CURVE('',#6146,#6148,#6149,.T.);
#4786=EDGE_CURVE('',#5845,#6148,#6150,.T.);
#4787=EDGE_CURVE('',#5849,#5823,#6151,.T.);
#4788=EDGE_CURVE('',#6152,#5820,#6153,.T.);
#4789=EDGE_CURVE('',#6152,#6154,#6155,.T.);
#4790=EDGE_CURVE('',#5813,#6154,#6156,.T.);
#4791=EDGE_CURVE('',#5817,#5791,#6157,.T.);
#4792=EDGE_CURVE('',#6158,#5788,#6159,.T.);
#4793=EDGE_CURVE('',#6158,#6117,#6160,.T.);
#4794=EDGE_CURVE('',#6069,#5935,#6161,.T.);
#4795=EDGE_CURVE('',#6013,#6162,#6163,.T.);
#4796=EDGE_CURVE('',#6162,#6128,#6164,.T.);
#4797=EDGE_CURVE('',#6165,#6162,#6166,.T.);
#4798=EDGE_CURVE('',#6130,#6165,#6167,.T.);
#4799=EDGE_CURVE('',#6165,#6004,#6168,.T.);
#4800=EDGE_CURVE('',#6060,#5947,#6169,.T.);
#4801=EDGE_CURVE('',#5949,#6058,#6170,.T.);
#4802=EDGE_CURVE('',#6113,#6171,#6172,.T.);
#4803=EDGE_CURVE('',#5789,#6171,#6173,.T.);
#4804=EDGE_CURVE('',#5793,#5815,#6174,.T.);
#4805=EDGE_CURVE('',#6175,#5812,#6176,.T.);
#4806=EDGE_CURVE('',#6175,#6177,#6178,.T.);
#4807=EDGE_CURVE('',#5821,#6177,#6179,.T.);
#4808=EDGE_CURVE('',#5825,#5847,#6180,.T.);
#4809=EDGE_CURVE('',#6181,#5844,#6182,.T.);
#4810=EDGE_CURVE('',#6181,#6183,#6184,.T.);
#4811=EDGE_CURVE('',#5853,#6183,#6185,.T.);
#4812=EDGE_CURVE('',#5857,#5879,#6186,.T.);
#4813=EDGE_CURVE('',#6187,#5876,#6188,.T.);
#4814=EDGE_CURVE('',#6187,#6189,#6190,.T.);
#4815=EDGE_CURVE('',#5885,#6189,#6191,.T.);
#4816=EDGE_CURVE('',#5889,#5911,#6192,.T.);
#4817=EDGE_CURVE('',#6193,#5908,#6194,.T.);
#4818=EDGE_CURVE('',#6193,#6195,#6196,.T.);
#4819=EDGE_CURVE('',#5917,#6195,#6197,.T.);
#4820=EDGE_CURVE('',#5921,#6007,#6198,.T.);
#4821=EDGE_CURVE('',#6017,#5775,#6199,.T.);
#4822=EDGE_CURVE('',#6200,#5772,#6201,.T.);
#4823=EDGE_CURVE('',#6200,#6202,#6203,.T.);
#4824=EDGE_CURVE('',#5765,#6202,#6204,.T.);
#4825=EDGE_CURVE('',#6195,#6134,#6205,.T.);
#4826=EDGE_CURVE('',#6136,#6193,#6206,.T.);
#4827=EDGE_CURVE('',#6054,#5956,#6207,.T.);
#4828=EDGE_CURVE('',#5958,#6052,#6208,.T.);
#4829=EDGE_CURVE('',#6189,#6140,#6209,.T.);
#4830=EDGE_CURVE('',#6142,#6187,#6210,.T.);
#4831=EDGE_CURVE('',#6048,#5962,#6211,.T.);
#4832=EDGE_CURVE('',#5964,#6046,#6212,.T.);
#4833=EDGE_CURVE('',#6183,#6146,#6213,.T.);
#4834=EDGE_CURVE('',#6148,#6181,#6214,.T.);
#4835=EDGE_CURVE('',#6042,#5968,#6215,.T.);
#4836=EDGE_CURVE('',#5970,#6040,#6216,.T.);
#4837=EDGE_CURVE('',#6177,#6152,#6217,.T.);
#4838=EDGE_CURVE('',#6154,#6175,#6218,.T.);
#4839=EDGE_CURVE('',#6036,#5974,#6219,.T.);
#4840=EDGE_CURVE('',#5976,#6034,#6220,.T.);
#4841=EDGE_CURVE('',#6171,#6158,#6221,.T.);
#4842=EDGE_CURVE('',#6124,#6200,#6222,.T.);
#4843=EDGE_CURVE('',#6202,#6122,#6223,.T.);
#4844=VERTEX_POINT('',#6224);
#4845=VERTEX_POINT('',#6225);
#4846=LINE('',#6226,#6227);
#4847=VERTEX_POINT('',#6228);
#4848=CIRCLE('',#6229,1.0);
#4849=VERTEX_POINT('',#6230);
#4850=LINE('',#6231,#6232);
#4851=CIRCLE('',#6233,1.0);
#4852=VERTEX_POINT('',#6234);
#4853=VERTEX_POINT('',#6235);
#4854=LINE('',#6236,#6237);
#4855=VERTEX_POINT('',#6238);
#4856=CIRCLE('',#6239,1.0);
#4857=VERTEX_POINT('',#6240);
#4858=LINE('',#6241,#6242);
#4859=CIRCLE('',#6243,1.0);
#4860=VERTEX_POINT('',#6244);
#4861=VERTEX_POINT('',#6245);
#4862=LINE('',#6246,#6247);
#4863=VERTEX_POINT('',#6248);
#4864=CIRCLE('',#6249,1.6);
#4865=VERTEX_POINT('',#6250);
#4866=LINE('',#6251,#6252);
#4867=CIRCLE('',#6253,1.6);
#4868=VERTEX_POINT('',#6254);
#4869=VERTEX_POINT('',#6255);
#4870=LINE('',#6256,#6257);
#4871=VERTEX_POINT('',#6258);
#4872=CIRCLE('',#6259,1.6);
#4873=VERTEX_POINT('',#6260);
#4874=LINE('',#6261,#6262);
#4875=CIRCLE('',#6263,1.6);
#4876=VERTEX_POINT('',#6264);
#4877=VERTEX_POINT('',#6265);
#4878=LINE('',#6266,#6267);
#4879=VERTEX_POINT('',#6268);
#4880=CIRCLE('',#6269,1.6);
#4881=VERTEX_POINT('',#6270);
#4882=LINE('',#6271,#6272);
#4883=CIRCLE('',#6273,1.6);
#4884=CIRCLE('',#6274,1.6);
#4885=CIRCLE('',#6275,1.6);
#4886=CIRCLE('',#6276,1.6);
#4887=CIRCLE('',#6277,1.6);
#4888=CIRCLE('',#6278,1.6);
#4889=CIRCLE('',#6279,1.6);
#4890=VERTEX_POINT('',#6280);
#4891=CIRCLE('',#6281,1.0);
#4892=VERTEX_POINT('',#6282);
#4893=LINE('',#6283,#6284);
#4894=CIRCLE('',#6285,1.0);
#4895=VERTEX_POINT('',#6286);
#4896=CIRCLE('',#6287,1.0);
#4897=VERTEX_POINT('',#6288);
#4898=LINE('',#6289,#6290);
#4899=CIRCLE('',#6291,1.0);
#4900=VERTEX_POINT('',#6292);
#4901=LINE('',#6293,#6294);
#4902=VERTEX_POINT('',#6295);
#4903=LINE('',#6296,#6297);
#4904=LINE('',#6298,#6299);
#4905=VERTEX_POINT('',#6300);
#4906=LINE('',#6301,#6302);
#4907=VERTEX_POINT('',#6303);
#4908=LINE('',#6304,#6305);
#4909=VERTEX_POINT('',#6306);
#4910=LINE('',#6307,#6308);
#4911=VERTEX_POINT('',#6309);
#4912=LINE('',#6310,#6311);
#4913=VERTEX_POINT('',#6312);
#4914=LINE('',#6313,#6314);
#4915=LINE('',#6315,#6316);
#4916=VERTEX_POINT('',#6317);
#4917=LINE('',#6318,#6319);
#4918=VERTEX_POINT('',#6320);
#4919=LINE('',#6321,#6322);
#4920=LINE('',#6323,#6324);
#4921=VERTEX_POINT('',#6325);
#4922=LINE('',#6326,#6327);
#4923=LINE('',#6328,#6329);
#4924=VERTEX_POINT('',#6330);
#4925=LINE('',#6331,#6332);
#4926=LINE('',#6333,#6334);
#4927=VERTEX_POINT('',#6335);
#4928=LINE('',#6336,#6337);
#4929=LINE('',#6338,#6339);
#4930=LINE('',#6340,#6341);
#4931=VERTEX_POINT('',#6342);
#4932=LINE('',#6343,#6344);
#4933=VERTEX_POINT('',#6345);
#4934=LINE('',#6346,#6347);
#4935=VERTEX_POINT('',#6348);
#4936=CIRCLE('',#6349,0.4);
#4937=VERTEX_POINT('',#6350);
#4938=LINE('',#6351,#6352);
#4939=VERTEX_POINT('',#6353);
#4940=CIRCLE('',#6354,0.4);
#4941=VERTEX_POINT('',#6355);
#4942=LINE('',#6356,#6357);
#4943=VERTEX_POINT('',#6358);
#4944=CIRCLE('',#6359,0.4);
#4945=VERTEX_POINT('',#6360);
#4946=LINE('',#6361,#6362);
#4947=VERTEX_POINT('',#6363);
#4948=CIRCLE('',#6364,0.4);
#4949=VERTEX_POINT('',#6365);
#4950=LINE('',#6366,#6367);
#4951=VERTEX_POINT('',#6368);
#4952=CIRCLE('',#6369,0.4);
#4953=VERTEX_POINT('',#6370);
#4954=LINE('',#6371,#6372);
#4955=VERTEX_POINT('',#6373);
#4956=CIRCLE('',#6374,0.4);
#4957=VERTEX_POINT('',#6375);
#4958=LINE('',#6376,#6377);
#4959=VERTEX_POINT('',#6378);
#4960=CIRCLE('',#6379,0.4);
#4961=VERTEX_POINT('',#6380);
#4962=LINE('',#6381,#6382);
#4963=VERTEX_POINT('',#6383);
#4964=CIRCLE('',#6384,0.3);
#4965=VERTEX_POINT('',#6385);
#4966=CIRCLE('',#6386,1.05);
#4967=VERTEX_POINT('',#6387);
#4968=LINE('',#6388,#6389);
#4969=VERTEX_POINT('',#6390);
#4970=LINE('',#6391,#6392);
#4971=VERTEX_POINT('',#6393);
#4972=LINE('',#6394,#6395);
#4973=VERTEX_POINT('',#6396);
#4974=CIRCLE('',#6397,1.05);
#4975=VERTEX_POINT('',#6398);
#4976=CIRCLE('',#6399,0.3);
#4977=VERTEX_POINT('',#6400);
#4978=LINE('',#6401,#6402);
#4979=VERTEX_POINT('',#6403);
#4980=CIRCLE('',#6404,0.4);
#4981=VERTEX_POINT('',#6405);
#4982=LINE('',#6406,#6407);
#4983=VERTEX_POINT('',#6408);
#4984=CIRCLE('',#6409,0.4);
#4985=VERTEX_POINT('',#6410);
#4986=LINE('',#6411,#6412);
#4987=VERTEX_POINT('',#6413);
#4988=CIRCLE('',#6414,0.4);
#4989=VERTEX_POINT('',#6415);
#4990=LINE('',#6416,#6417);
#4991=VERTEX_POINT('',#6418);
#4992=CIRCLE('',#6419,0.400000000000001);
#4993=VERTEX_POINT('',#6420);
#4994=LINE('',#6421,#6422);
#4995=VERTEX_POINT('',#6423);
#4996=CIRCLE('',#6424,0.4);
#4997=VERTEX_POINT('',#6425);
#4998=LINE('',#6426,#6427);
#4999=VERTEX_POINT('',#6428);
#5000=CIRCLE('',#6429,0.4);
#5001=VERTEX_POINT('',#6430);
#5002=LINE('',#6431,#6432);
#5003=VERTEX_POINT('',#6433);
#5004=CIRCLE('',#6434,0.4);
#5005=LINE('',#6435,#6436);
#5006=VERTEX_POINT('',#6437);
#5007=LINE('',#6438,#6439);
#5008=VERTEX_POINT('',#6440);
#5009=CIRCLE('',#6441,0.4);
#5010=VERTEX_POINT('',#6442);
#5011=LINE('',#6443,#6444);
#5012=VERTEX_POINT('',#6445);
#5013=CIRCLE('',#6446,0.4);
#5014=VERTEX_POINT('',#6447);
#5015=LINE('',#6448,#6449);
#5016=VERTEX_POINT('',#6450);
#5017=CIRCLE('',#6451,0.4);
#5018=VERTEX_POINT('',#6452);
#5019=LINE('',#6453,#6454);
#5020=VERTEX_POINT('',#6455);
#5021=CIRCLE('',#6456,0.4);
#5022=VERTEX_POINT('',#6457);
#5023=LINE('',#6458,#6459);
#5024=VERTEX_POINT('',#6460);
#5025=CIRCLE('',#6461,0.4);
#5026=VERTEX_POINT('',#6462);
#5027=LINE('',#6463,#6464);
#5028=VERTEX_POINT('',#6465);
#5029=CIRCLE('',#6466,0.4);
#5030=VERTEX_POINT('',#6467);
#5031=LINE('',#6468,#6469);
#5032=VERTEX_POINT('',#6470);
#5033=CIRCLE('',#6471,0.4);
#5034=VERTEX_POINT('',#6472);
#5035=LINE('',#6473,#6474);
#5036=VERTEX_POINT('',#6475);
#5037=CIRCLE('',#6476,0.3);
#5038=VERTEX_POINT('',#6477);
#5039=CIRCLE('',#6478,1.05);
#5040=VERTEX_POINT('',#6479);
#5041=LINE('',#6480,#6481);
#5042=VERTEX_POINT('',#6482);
#5043=LINE('',#6483,#6484);
#5044=VERTEX_POINT('',#6485);
#5045=LINE('',#6486,#6487);
#5046=VERTEX_POINT('',#6488);
#5047=CIRCLE('',#6489,1.05);
#5048=VERTEX_POINT('',#6490);
#5049=CIRCLE('',#6491,0.3);
#5050=VERTEX_POINT('',#6492);
#5051=LINE('',#6493,#6494);
#5052=VERTEX_POINT('',#6495);
#5053=CIRCLE('',#6496,0.4);
#5054=VERTEX_POINT('',#6497);
#5055=LINE('',#6498,#6499);
#5056=VERTEX_POINT('',#6500);
#5057=CIRCLE('',#6501,0.4);
#5058=VERTEX_POINT('',#6502);
#5059=LINE('',#6503,#6504);
#5060=VERTEX_POINT('',#6505);
#5061=CIRCLE('',#6506,0.4);
#5062=VERTEX_POINT('',#6507);
#5063=LINE('',#6508,#6509);
#5064=VERTEX_POINT('',#6510);
#5065=CIRCLE('',#6511,0.4);
#5066=VERTEX_POINT('',#6512);
#5067=LINE('',#6513,#6514);
#5068=VERTEX_POINT('',#6515);
#5069=CIRCLE('',#6516,0.4);
#5070=VERTEX_POINT('',#6517);
#5071=LINE('',#6518,#6519);
#5072=VERTEX_POINT('',#6520);
#5073=CIRCLE('',#6521,0.4);
#5074=VERTEX_POINT('',#6522);
#5075=LINE('',#6523,#6524);
#5076=VERTEX_POINT('',#6525);
#5077=CIRCLE('',#6526,0.4);
#5078=VERTEX_POINT('',#6527);
#5079=LINE('',#6528,#6529);
#5080=LINE('',#6530,#6531);
#5081=VERTEX_POINT('',#6532);
#5082=VERTEX_POINT('',#6533);
#5083=LINE('',#6534,#6535);
#5084=LINE('',#6536,#6537);
#5085=LINE('',#6538,#6539);
#5086=VERTEX_POINT('',#6540);
#5087=CIRCLE('',#6541,0.4);
#5088=LINE('',#6542,#6543);
#5089=VERTEX_POINT('',#6544);
#5090=LINE('',#6545,#6546);
#5091=LINE('',#6547,#6548);
#5092=VERTEX_POINT('',#6549);
#5093=LINE('',#6550,#6551);
#5094=LINE('',#6552,#6553);
#5095=VERTEX_POINT('',#6554);
#5096=LINE('',#6555,#6556);
#5097=LINE('',#6557,#6558);
#5098=VERTEX_POINT('',#6559);
#5099=CIRCLE('',#6560,0.4);
#5100=LINE('',#6561,#6562);
#5101=VERTEX_POINT('',#6563);
#5102=LINE('',#6564,#6565);
#5103=LINE('',#6566,#6567);
#5104=VERTEX_POINT('',#6568);
#5105=CIRCLE('',#6569,0.4);
#5106=LINE('',#6570,#6571);
#5107=VERTEX_POINT('',#6572);
#5108=LINE('',#6573,#6574);
#5109=LINE('',#6575,#6576);
#5110=VERTEX_POINT('',#6577);
#5111=CIRCLE('',#6578,0.4);
#5112=LINE('',#6579,#6580);
#5113=VERTEX_POINT('',#6581);
#5114=LINE('',#6582,#6583);
#5115=LINE('',#6584,#6585);
#5116=VERTEX_POINT('',#6586);
#5117=CIRCLE('',#6587,0.4);
#5118=LINE('',#6588,#6589);
#5119=VERTEX_POINT('',#6590);
#5120=LINE('',#6591,#6592);
#5121=LINE('',#6593,#6594);
#5122=VERTEX_POINT('',#6595);
#5123=CIRCLE('',#6596,0.400000000000001);
#5124=LINE('',#6597,#6598);
#5125=VERTEX_POINT('',#6599);
#5126=LINE('',#6600,#6601);
#5127=LINE('',#6602,#6603);
#5128=VERTEX_POINT('',#6604);
#5129=CIRCLE('',#6605,0.4);
#5130=LINE('',#6606,#6607);
#5131=VERTEX_POINT('',#6608);
#5132=LINE('',#6609,#6610);
#5133=LINE('',#6611,#6612);
#5134=VERTEX_POINT('',#6613);
#5135=CIRCLE('',#6614,0.4);
#5136=LINE('',#6615,#6616);
#5137=VERTEX_POINT('',#6617);
#5138=LINE('',#6618,#6619);
#5139=LINE('',#6620,#6621);
#5140=VERTEX_POINT('',#6622);
#5141=CIRCLE('',#6623,0.3);
#5142=LINE('',#6624,#6625);
#5143=VERTEX_POINT('',#6626);
#5144=CIRCLE('',#6627,1.05);
#5145=LINE('',#6628,#6629);
#5146=VERTEX_POINT('',#6630);
#5147=LINE('',#6631,#6632);
#5148=LINE('',#6633,#6634);
#5149=VERTEX_POINT('',#6635);
#5150=LINE('',#6636,#6637);
#5151=LINE('',#6638,#6639);
#5152=VERTEX_POINT('',#6640);
#5153=LINE('',#6641,#6642);
#5154=LINE('',#6643,#6644);
#5155=VERTEX_POINT('',#6645);
#5156=CIRCLE('',#6646,1.05);
#5157=LINE('',#6647,#6648);
#5158=VERTEX_POINT('',#6649);
#5159=CIRCLE('',#6650,0.3);
#5160=LINE('',#6651,#6652);
#5161=VERTEX_POINT('',#6653);
#5162=LINE('',#6654,#6655);
#5163=LINE('',#6656,#6657);
#5164=VERTEX_POINT('',#6658);
#5165=CIRCLE('',#6659,0.4);
#5166=LINE('',#6660,#6661);
#5167=VERTEX_POINT('',#6662);
#5168=LINE('',#6663,#6664);
#5169=LINE('',#6665,#6666);
#5170=VERTEX_POINT('',#6667);
#5171=CIRCLE('',#6668,0.4);
#5172=LINE('',#6669,#6670);
#5173=VERTEX_POINT('',#6671);
#5174=LINE('',#6672,#6673);
#5175=LINE('',#6674,#6675);
#5176=VERTEX_POINT('',#6676);
#5177=CIRCLE('',#6677,0.4);
#5178=LINE('',#6678,#6679);
#5179=VERTEX_POINT('',#6680);
#5180=LINE('',#6681,#6682);
#5181=LINE('',#6683,#6684);
#5182=VERTEX_POINT('',#6685);
#5183=CIRCLE('',#6686,0.4);
#5184=LINE('',#6687,#6688);
#5185=VERTEX_POINT('',#6689);
#5186=LINE('',#6690,#6691);
#5187=LINE('',#6692,#6693);
#5188=VERTEX_POINT('',#6694);
#5189=CIRCLE('',#6695,0.4);
#5190=LINE('',#6696,#6697);
#5191=VERTEX_POINT('',#6698);
#5192=LINE('',#6699,#6700);
#5193=LINE('',#6701,#6702);
#5194=VERTEX_POINT('',#6703);
#5195=CIRCLE('',#6704,0.4);
#5196=LINE('',#6705,#6706);
#5197=VERTEX_POINT('',#6707);
#5198=LINE('',#6708,#6709);
#5199=LINE('',#6710,#6711);
#5200=VERTEX_POINT('',#6712);
#5201=CIRCLE('',#6713,0.4);
#5202=LINE('',#6714,#6715);
#5203=LINE('',#6716,#6717);
#5204=VERTEX_POINT('',#6718);
#5205=LINE('',#6719,#6720);
#5206=LINE('',#6721,#6722);
#5207=VERTEX_POINT('',#6723);
#5208=CIRCLE('',#6724,0.4);
#5209=LINE('',#6725,#6726);
#5210=VERTEX_POINT('',#6727);
#5211=LINE('',#6728,#6729);
#5212=LINE('',#6730,#6731);
#5213=VERTEX_POINT('',#6732);
#5214=CIRCLE('',#6733,0.4);
#5215=LINE('',#6734,#6735);
#5216=VERTEX_POINT('',#6736);
#5217=LINE('',#6737,#6738);
#5218=LINE('',#6739,#6740);
#5219=VERTEX_POINT('',#6741);
#5220=CIRCLE('',#6742,0.4);
#5221=LINE('',#6743,#6744);
#5222=VERTEX_POINT('',#6745);
#5223=LINE('',#6746,#6747);
#5224=LINE('',#6748,#6749);
#5225=VERTEX_POINT('',#6750);
#5226=CIRCLE('',#6751,0.4);
#5227=LINE('',#6752,#6753);
#5228=VERTEX_POINT('',#6754);
#5229=LINE('',#6755,#6756);
#5230=LINE('',#6757,#6758);
#5231=VERTEX_POINT('',#6759);
#5232=CIRCLE('',#6760,0.400000000000001);
#5233=LINE('',#6761,#6762);
#5234=VERTEX_POINT('',#6763);
#5235=LINE('',#6764,#6765);
#5236=LINE('',#6766,#6767);
#5237=VERTEX_POINT('',#6768);
#5238=CIRCLE('',#6769,0.4);
#5239=LINE('',#6770,#6771);
#5240=VERTEX_POINT('',#6772);
#5241=LINE('',#6773,#6774);
#5242=LINE('',#6775,#6776);
#5243=VERTEX_POINT('',#6777);
#5244=CIRCLE('',#6778,0.4);
#5245=LINE('',#6779,#6780);
#5246=VERTEX_POINT('',#6781);
#5247=LINE('',#6782,#6783);
#5248=LINE('',#6784,#6785);
#5249=VERTEX_POINT('',#6786);
#5250=CIRCLE('',#6787,0.3);
#5251=LINE('',#6788,#6789);
#5252=VERTEX_POINT('',#6790);
#5253=CIRCLE('',#6791,1.05);
#5254=LINE('',#6792,#6793);
#5255=VERTEX_POINT('',#6794);
#5256=LINE('',#6795,#6796);
#5257=LINE('',#6797,#6798);
#5258=VERTEX_POINT('',#6799);
#5259=LINE('',#6800,#6801);
#5260=LINE('',#6802,#6803);
#5261=VERTEX_POINT('',#6804);
#5262=LINE('',#6805,#6806);
#5263=LINE('',#6807,#6808);
#5264=VERTEX_POINT('',#6809);
#5265=CIRCLE('',#6810,1.05);
#5266=LINE('',#6811,#6812);
#5267=VERTEX_POINT('',#6813);
#5268=CIRCLE('',#6814,0.3);
#5269=LINE('',#6815,#6816);
#5270=VERTEX_POINT('',#6817);
#5271=LINE('',#6818,#6819);
#5272=LINE('',#6820,#6821);
#5273=VERTEX_POINT('',#6822);
#5274=CIRCLE('',#6823,0.4);
#5275=LINE('',#6824,#6825);
#5276=VERTEX_POINT('',#6826);
#5277=LINE('',#6827,#6828);
#5278=LINE('',#6829,#6830);
#5279=VERTEX_POINT('',#6831);
#5280=CIRCLE('',#6832,0.4);
#5281=LINE('',#6833,#6834);
#5282=VERTEX_POINT('',#6835);
#5283=LINE('',#6836,#6837);
#5284=LINE('',#6838,#6839);
#5285=VERTEX_POINT('',#6840);
#5286=CIRCLE('',#6841,0.4);
#5287=LINE('',#6842,#6843);
#5288=VERTEX_POINT('',#6844);
#5289=LINE('',#6845,#6846);
#5290=LINE('',#6847,#6848);
#5291=VERTEX_POINT('',#6849);
#5292=CIRCLE('',#6850,0.4);
#5293=LINE('',#6851,#6852);
#5294=VERTEX_POINT('',#6853);
#5295=LINE('',#6854,#6855);
#5296=LINE('',#6856,#6857);
#5297=VERTEX_POINT('',#6858);
#5298=CIRCLE('',#6859,0.4);
#5299=LINE('',#6860,#6861);
#5300=VERTEX_POINT('',#6862);
#5301=LINE('',#6863,#6864);
#5302=LINE('',#6865,#6866);
#5303=CIRCLE('',#6867,0.4);
#5304=VERTEX_POINT('',#6868);
#5305=VERTEX_POINT('',#6869);
#5306=LINE('',#6870,#6871);
#5307=VERTEX_POINT('',#6872);
#5308=B_SPLINE_CURVE_WITH_KNOTS('',3,(#6873,#6874,#6875,#6876,#6877,#6878,#6879,#6880,#6881,#6882,#6883,#6884,#6885,#6886),.UNSPECIFIED.,.F.,.F.,(4,2,2,2,2,2,4),(-0.0769023696283947,-0.076118289792604,-0.068528369008358,-0.0609384482241135,-0.053348527439868,-0.045758606655623,-0.0449745268198324),.UNSPECIFIED.);
#5309=VERTEX_POINT('',#6887);
#5310=LINE('',#6888,#6889);
#5311=B_SPLINE_CURVE_WITH_KNOTS('',3,(#6890,#6891,#6892,#6893,#6894,#6895,#6896,#6897,#6898,#6899,#6900,#6901,#6902,#6903),.UNSPECIFIED.,.F.,.F.,(4,2,2,2,2,2,4),(-0.0764759630326886,-0.075757064424541,-0.068194646245429,-0.0606322280663158,-0.053069809887205,-0.045507391708093,-0.0447884930999425),.UNSPECIFIED.);
#5312=VERTEX_POINT('',#6904);
#5313=VERTEX_POINT('',#6905);
#5314=LINE('',#6906,#6907);
#5315=VERTEX_POINT('',#6908);
#5316=B_SPLINE_CURVE_WITH_KNOTS('',3,(#6909,#6910,#6911,#6912,#6913,#6914,#6915,#6916,#6917,#6918,#6919,#6920,#6921,#6922,#6923),.UNSPECIFIED.,.F.,.F.,(4,2,2,3,2,2,4),(-0.0158437349663728,-0.015124836358224,-0.007562418179112,1.05818132034585E-16,0.007562418179112,0.015124836358224,0.0158437349663732),.UNSPECIFIED.);
#5317=VERTEX_POINT('',#6924);
#5318=LINE('',#6925,#6926);
#5319=B_SPLINE_CURVE_WITH_KNOTS('',3,(#6927,#6928,#6929,#6930,#6931,#6932,#6933,#6934,#6935,#6936,#6937,#6938,#6939,#6940,#6941),.UNSPECIFIED.,.F.,.F.,(4,2,2,3,2,2,4),(-0.0159639214042807,-0.01517984156849,-0.007589920784245,-3.12250225675825E-17,0.007589920784245,0.01517984156849,0.0159639214042805),.UNSPECIFIED.);
#5320=VERTEX_POINT('',#6942);
#5321=VERTEX_POINT('',#6943);
#5322=LINE('',#6944,#6945);
#5323=VERTEX_POINT('',#6946);
#5324=B_SPLINE_CURVE_WITH_KNOTS('',3,(#6947,#6948,#6949,#6950,#6951,#6952,#6953,#6954,#6955,#6956,#6957,#6958,#6959,#6960),.UNSPECIFIED.,.F.,.F.,(4,2,2,2,2,2,4),(-0.07691900862638,-0.076115689878343,-0.068549318104212,-0.06098294633008,-0.053343608150147,-0.045704269970214,-0.0450443953696959),.UNSPECIFIED.);
#5325=VERTEX_POINT('',#6961);
#5326=LINE('',#6962,#6963);
#5327=B_SPLINE_CURVE_WITH_KNOTS('',3,(#6964,#6965,#6966,#6967,#6968,#6969,#6970,#6971,#6972,#6973,#6974,#6975,#6976,#6977),.UNSPECIFIED.,.F.,.F.,(4,2,2,2,2,2,4),(-0.0777765840000889,-0.076828531075312,-0.069223807092009,-0.061619083108707,-0.053875982638899,-0.046132882169091,-0.0454559358103981),.UNSPECIFIED.);
#5328=VERTEX_POINT('',#6978);
#5329=VERTEX_POINT('',#6979);
#5330=LINE('',#6980,#6981);
#5331=VERTEX_POINT('',#6982);
#5332=B_SPLINE_CURVE_WITH_KNOTS('',3,(#6983,#6984,#6985,#6986,#6987,#6988,#6989,#6990,#6991,#6992,#6993,#6994,#6995,#6996),.UNSPECIFIED.,.F.,.F.,(4,2,2,2,2,2,4),(-0.076904586090877,-0.076243576513996,-0.068591012369055,-0.060938448224113,-0.053348527439868,-0.045758606655623,-0.044974526819832),.UNSPECIFIED.);
#5333=VERTEX_POINT('',#6997);
#5334=LINE('',#6998,#6999);
#5335=B_SPLINE_CURVE_WITH_KNOTS('',3,(#7000,#7001,#7002,#7003,#7004,#7005,#7006,#7007,#7008,#7009,#7010,#7011,#7012,#7013),.UNSPECIFIED.,.F.,.F.,(4,2,2,2,2,2,4),(-0.076477046836124,-0.07582509437246,-0.068228661219388,-0.060632228066317,-0.053069809887205,-0.045507391708093,-0.044788493099944),.UNSPECIFIED.);
#5336=VERTEX_POINT('',#7014);
#5337=VERTEX_POINT('',#7015);
#5338=LINE('',#7016,#7017);
#5339=VERTEX_POINT('',#7018);
#5340=B_SPLINE_CURVE_WITH_KNOTS('',3,(#7019,#7020,#7021,#7022,#7023,#7024,#7025,#7026,#7027,#7028,#7029,#7030,#7031,#7032,#7033),.UNSPECIFIED.,.F.,.F.,(4,2,2,3,2,2,4),(-0.0158374471704359,-0.015157929849259,-0.007578964924629,3.46944695195361E-17,0.007578964924629,0.015157929849259,0.0158374471704361),.UNSPECIFIED.);
#5341=VERTEX_POINT('',#7034);
#5342=LINE('',#7035,#7036);
#5343=B_SPLINE_CURVE_WITH_KNOTS('',3,(#7037,#7038,#7039,#7040,#7041,#7042,#7043,#7044,#7045,#7046,#7047,#7048,#7049,#7050,#7051),.UNSPECIFIED.,.F.,.F.,(4,2,2,3,2,2,4),(-0.015779120369325,-0.015132653483103,-0.007566326741551,0.0,0.007558195785496,0.015116391570992,0.015778873189323),.UNSPECIFIED.);
#5344=VERTEX_POINT('',#7052);
#5345=VERTEX_POINT('',#7053);
#5346=LINE('',#7054,#7055);
#5347=VERTEX_POINT('',#7056);
#5348=B_SPLINE_CURVE_WITH_KNOTS('',3,(#7057,#7058,#7059,#7060,#7061,#7062,#7063,#7064,#7065,#7066,#7067,#7068,#7069,#7070),.UNSPECIFIED.,.F.,.F.,(4,2,2,2,2,2,4),(-0.076921089161581,-0.076261214561063,-0.06862187638113,-0.060982538201197,-0.053416166427065,-0.045849794652934,-0.0450464759048971),.UNSPECIFIED.);
#5349=VERTEX_POINT('',#7071);
#5350=LINE('',#7072,#7073);
#5351=B_SPLINE_CURVE_WITH_KNOTS('',3,(#7074,#7075,#7076,#7077,#7078,#7079,#7080,#7081,#7082,#7083,#7084,#7085,#7086,#7087),.UNSPECIFIED.,.F.,.F.,(4,2,2,2,2,2,4),(-0.077780485348527,-0.077103538989834,-0.069360438520027,-0.061617338050219,-0.054012614066916,-0.046407890083613,-0.0454598371588369),.UNSPECIFIED.);
#5352=VERTEX_POINT('',#7088);
#5353=VERTEX_POINT('',#7089);
#5354=LINE('',#7090,#7091);
#5355=VERTEX_POINT('',#7092);
#5356=B_SPLINE_CURVE_WITH_KNOTS('',3,(#7093,#7094,#7095,#7096,#7097,#7098,#7099,#7100,#7101,#7102,#7103,#7104,#7105,#7106,#7107),.UNSPECIFIED.,.F.,.F.,(4,2,2,3,2,2,4),(-0.015843734966373,-0.015124836358224,-0.007562418179112,0.0,0.007596433153072,0.015192866306143,0.0158448187698081),.UNSPECIFIED.);
#5357=VERTEX_POINT('',#7108);
#5358=LINE('',#7109,#7110);
#5359=B_SPLINE_CURVE_WITH_KNOTS('',3,(#7111,#7112,#7113,#7114,#7115,#7116,#7117,#7118,#7119,#7120,#7121,#7122,#7123,#7124,#7125),.UNSPECIFIED.,.F.,.F.,(4,2,2,3,2,2,4),(-0.015963921404281,-0.015179841568491,-0.007589920784245,2.25514051876985E-17,0.007589920784245,0.015179841568491,0.015963921404281),.UNSPECIFIED.);
#5360=VERTEX_POINT('',#7126);
#5361=VERTEX_POINT('',#7127);
#5362=LINE('',#7128,#7129);
#5363=VERTEX_POINT('',#7130);
#5364=B_SPLINE_CURVE_WITH_KNOTS('',3,(#7131,#7132,#7133,#7134,#7135,#7136,#7137,#7138,#7139,#7140,#7141,#7142,#7143,#7144),.UNSPECIFIED.,.F.,.F.,(4,2,2,2,2,2,4),(-0.0769027673278119,-0.076118687492022,-0.068528766707776,-0.060938845923531,-0.053286281778589,-0.045633717633648,-0.044972708056768),.UNSPECIFIED.);
#5365=VERTEX_POINT('',#7145);
#5366=LINE('',#7146,#7147);
#5367=B_SPLINE_CURVE_WITH_KNOTS('',3,(#7148,#7149,#7150,#7151,#7152,#7153,#7154,#7155,#7156,#7157,#7158,#7159,#7160,#7161),.UNSPECIFIED.,.F.,.F.,(4,2,2,2,2,2,4),(-0.0764760664697419,-0.075757167861594,-0.068194749682482,-0.06063233150337,-0.053035898350298,-0.045439465197226,-0.0447875127335619),.UNSPECIFIED.);
#5368=VERTEX_POINT('',#7162);
#5369=VERTEX_POINT('',#7163);
#5370=LINE('',#7164,#7165);
#5371=VERTEX_POINT('',#7166);
#5372=B_SPLINE_CURVE_WITH_KNOTS('',3,(#7167,#7168,#7169,#7170,#7171,#7172,#7173,#7174,#7175,#7176,#7177,#7178,#7179,#7180,#7181),.UNSPECIFIED.,.F.,.F.,(4,2,2,3,2,2,4),(-0.0158374471704359,-0.015157929849259,-0.007578964924629,0.0,0.007593661448487,0.015187322896975,0.015837920493879),.UNSPECIFIED.);
#5373=VERTEX_POINT('',#7182);
#5374=LINE('',#7183,#7184);
#5375=B_SPLINE_CURVE_WITH_KNOTS('',3,(#7185,#7186,#7187,#7188,#7189,#7190,#7191,#7192,#7193,#7194,#7195,#7196,#7197,#7198,#7199),.UNSPECIFIED.,.F.,.F.,(4,2,2,3,2,2,4),(-0.015778873189323,-0.015116391570992,-0.007558195785496,0.0,0.007566326741551,0.015132653483103,0.0157791203693249),.UNSPECIFIED.);
#5376=VERTEX_POINT('',#7200);
#5377=VERTEX_POINT('',#7201);
#5378=LINE('',#7202,#7203);
#5379=VERTEX_POINT('',#7204);
#5380=B_SPLINE_CURVE_WITH_KNOTS('',3,(#7205,#7206,#7207,#7208,#7209,#7210,#7211,#7212,#7213,#7214,#7215,#7216,#7217,#7218),.UNSPECIFIED.,.F.,.F.,(4,2,2,2,2,2,4),(-0.0769186004974969,-0.07611528174946,-0.068548909975329,-0.060982538201197,-0.053416166427065,-0.045849794652934,-0.0450464759048971),.UNSPECIFIED.);
#5381=VERTEX_POINT('',#7219);
#5382=LINE('',#7220,#7221);
#5383=B_SPLINE_CURVE_WITH_KNOTS('',3,(#7222,#7223,#7224,#7225,#7226,#7227,#7228,#7229,#7230,#7231,#7232,#7233,#7234,#7235),.UNSPECIFIED.,.F.,.F.,(4,2,2,2,2,2,4),(-0.0777748389416009,-0.076826786016825,-0.069222062033522,-0.061617338050219,-0.054012614066917,-0.046407890083614,-0.0454598371588371),.UNSPECIFIED.);
#5384=VERTEX_POINT('',#7236);
#5385=VERTEX_POINT('',#7237);
#5386=LINE('',#7238,#7239);
#5387=VERTEX_POINT('',#7240);
#5388=B_SPLINE_CURVE_WITH_KNOTS('',3,(#7241,#7242,#7243,#7244,#7245,#7246,#7247,#7248,#7249,#7250,#7251,#7252,#7253,#7254,#7255),.UNSPECIFIED.,.F.,.F.,(4,2,2,3,2,2,4),(-0.0158448187698069,-0.015192866306143,-0.007596433153072,0.0,0.007562418179112,0.015124836358224,0.0158437349663728),.UNSPECIFIED.);
#5389=VERTEX_POINT('',#7256);
#5390=LINE('',#7257,#7258);
#5391=B_SPLINE_CURVE_WITH_KNOTS('',3,(#7259,#7260,#7261,#7262,#7263,#7264,#7265,#7266,#7267,#7268,#7269,#7270,#7271,#7272,#7273),.UNSPECIFIED.,.F.,.F.,(4,2,2,3,2,2,4),(-0.0159661378667638,-0.015305128289883,-0.007652564144941,0.0,0.007589920784245,0.015179841568491,0.0159639214042809),.UNSPECIFIED.);
#5392=VERTEX_POINT('',#7274);
#5393=VERTEX_POINT('',#7275);
#5394=LINE('',#7276,#7277);
#5395=VERTEX_POINT('',#7278);
#5396=B_SPLINE_CURVE_WITH_KNOTS('',3,(#7279,#7280,#7281,#7282,#7283,#7284,#7285,#7286,#7287,#7288,#7289,#7290,#7291,#7292),.UNSPECIFIED.,.F.,.F.,(4,2,2,2,2,2,4),(-0.0769023696283949,-0.076118289792604,-0.068528369008358,-0.0609384482241135,-0.053348527439868,-0.045758606655623,-0.044974526819832),.UNSPECIFIED.);
#5397=VERTEX_POINT('',#7293);
#5398=LINE('',#7294,#7295);
#5399=B_SPLINE_CURVE_WITH_KNOTS('',3,(#7296,#7297,#7298,#7299,#7300,#7301,#7302,#7303,#7304,#7305,#7306,#7307,#7308,#7309),.UNSPECIFIED.,.F.,.F.,(4,2,2,2,2,2,4),(-0.0764759630326889,-0.075757064424541,-0.068194646245429,-0.0606322280663165,-0.053069809887205,-0.045507391708093,-0.044788493099944),.UNSPECIFIED.);
#5400=VERTEX_POINT('',#7310);
#5401=VERTEX_POINT('',#7311);
#5402=LINE('',#7312,#7313);
#5403=VERTEX_POINT('',#7314);
#5404=B_SPLINE_CURVE_WITH_KNOTS('',3,(#7315,#7316,#7317,#7318,#7319,#7320,#7321,#7322,#7323,#7324,#7325,#7326,#7327,#7328,#7329),.UNSPECIFIED.,.F.,.F.,(4,2,2,3,2,2,4),(-0.0158374471704359,-0.015157929849259,-0.007578964924629,2.77555756156289E-17,0.007578964924629,0.015157929849259,0.015837447170436),.UNSPECIFIED.);
#5405=VERTEX_POINT('',#7330);
#5406=LINE('',#7331,#7332);
#5407=B_SPLINE_CURVE_WITH_KNOTS('',3,(#7333,#7334,#7335,#7336,#7337,#7338,#7339,#7340,#7341,#7342,#7343,#7344,#7345,#7346,#7347),.UNSPECIFIED.,.F.,.F.,(4,2,2,3,2,2,4),(-0.015778873189323,-0.015116391570992,-0.007558195785496,-4.82253126321552E-16,0.007558195785496,0.015116391570992,0.015778873189322),.UNSPECIFIED.);
#5408=VERTEX_POINT('',#7348);
#5409=VERTEX_POINT('',#7349);
#5410=LINE('',#7350,#7351);
#5411=VERTEX_POINT('',#7352);
#5412=B_SPLINE_CURVE_WITH_KNOTS('',3,(#7353,#7354,#7355,#7356,#7357,#7358,#7359,#7360,#7361,#7362,#7363,#7364,#7365,#7366),.UNSPECIFIED.,.F.,.F.,(4,2,2,2,2,2,4),(-0.076918600497497,-0.07611528174946,-0.068548909975329,-0.060982538201197,-0.053416166427065,-0.045849794652934,-0.045046475904897),.UNSPECIFIED.);
#5413=VERTEX_POINT('',#7367);
#5414=LINE('',#7368,#7369);
#5415=B_SPLINE_CURVE_WITH_KNOTS('',3,(#7370,#7371,#7372,#7373,#7374,#7375,#7376,#7377,#7378,#7379,#7380,#7381,#7382,#7383),.UNSPECIFIED.,.F.,.F.,(4,2,2,2,2,2,4),(-0.0777748389416009,-0.076826786016825,-0.069222062033522,-0.0616173380502189,-0.054012614066917,-0.046407890083614,-0.0454598371588368),.UNSPECIFIED.);
#5416=VERTEX_POINT('',#7384);
#5417=VERTEX_POINT('',#7385);
#5418=LINE('',#7386,#7387);
#5419=VERTEX_POINT('',#7388);
#5420=B_SPLINE_CURVE_WITH_KNOTS('',3,(#7389,#7390,#7391,#7392,#7393,#7394,#7395,#7396,#7397,#7398,#7399,#7400,#7401,#7402,#7403),.UNSPECIFIED.,.F.,.F.,(4,2,2,3,2,2,4),(-0.0158437349663729,-0.015124836358224,-0.007562418179112,6.41847686111419E-17,0.007562418179112,0.015124836358224,0.0158437349663732),.UNSPECIFIED.);
#5421=VERTEX_POINT('',#7404);
#5422=LINE('',#7405,#7406);
#5423=B_SPLINE_CURVE_WITH_KNOTS('',3,(#7407,#7408,#7409,#7410,#7411,#7412,#7413,#7414,#7415,#7416,#7417,#7418,#7419,#7420,#7421),.UNSPECIFIED.,.F.,.F.,(4,2,2,3,2,2,4),(-0.015963921404281,-0.015179841568491,-0.007589920784245,-2.42861286636753E-17,0.007589920784245,0.015179841568491,0.0159639214042809),.UNSPECIFIED.);
#5424=VERTEX_POINT('',#7422);
#5425=VERTEX_POINT('',#7423);
#5426=LINE('',#7424,#7425);
#5427=VERTEX_POINT('',#7426);
#5428=B_SPLINE_CURVE_WITH_KNOTS('',3,(#7427,#7428,#7429,#7430,#7431,#7432,#7433,#7434,#7435,#7436,#7437,#7438,#7439,#7440),.UNSPECIFIED.,.F.,.F.,(4,2,2,2,2,2,4),(-0.0769023696283948,-0.076118289792604,-0.068528369008358,-0.0609384482241134,-0.053348527439868,-0.045758606655623,-0.044974526819832),.UNSPECIFIED.);
#5429=VERTEX_POINT('',#7441);
#5430=LINE('',#7442,#7443);
#5431=B_SPLINE_CURVE_WITH_KNOTS('',3,(#7444,#7445,#7446,#7447,#7448,#7449,#7450,#7451,#7452,#7453,#7454,#7455,#7456,#7457),.UNSPECIFIED.,.F.,.F.,(4,2,2,2,2,2,4),(-0.0764759630326889,-0.075757064424541,-0.068194646245429,-0.0606322280663164,-0.053069809887205,-0.045507391708093,-0.0447884930999438),.UNSPECIFIED.);
#5432=VERTEX_POINT('',#7458);
#5433=VERTEX_POINT('',#7459);
#5434=LINE('',#7460,#7461);
#5435=VERTEX_POINT('',#7462);
#5436=B_SPLINE_CURVE_WITH_KNOTS('',3,(#7463,#7464,#7465,#7466,#7467,#7468,#7469,#7470,#7471,#7472,#7473,#7474,#7475,#7476,#7477),.UNSPECIFIED.,.F.,.F.,(4,2,2,3,2,2,4),(-0.015837447170436,-0.015157929849259,-0.007578964924629,-3.46944695195361E-18,0.007578964924629,0.015157929849259,0.0158374471704359),.UNSPECIFIED.);
#5437=VERTEX_POINT('',#7478);
#5438=LINE('',#7479,#7480);
#5439=B_SPLINE_CURVE_WITH_KNOTS('',3,(#7481,#7482,#7483,#7484,#7485,#7486,#7487,#7488,#7489,#7490,#7491,#7492,#7493,#7494,#7495),.UNSPECIFIED.,.F.,.F.,(4,2,2,3,2,2,4),(-0.015778873189323,-0.015116391570992,-0.007558195785496,-4.77048955893622E-16,0.007558195785496,0.015116391570992,0.0157788731893221),.UNSPECIFIED.);
#5440=VERTEX_POINT('',#7496);
#5441=VERTEX_POINT('',#7497);
#5442=LINE('',#7498,#7499);
#5443=VERTEX_POINT('',#7500);
#5444=B_SPLINE_CURVE_WITH_KNOTS('',3,(#7501,#7502,#7503,#7504,#7505,#7506,#7507,#7508,#7509,#7510,#7511,#7512,#7513,#7514),.UNSPECIFIED.,.F.,.F.,(4,2,2,2,2,2,4),(-0.076918600497497,-0.07611528174946,-0.068548909975328,-0.0609825382011965,-0.053416166427065,-0.045849794652934,-0.045046475904896),.UNSPECIFIED.);
#5445=VERTEX_POINT('',#7515);
#5446=LINE('',#7516,#7517);
#5447=B_SPLINE_CURVE_WITH_KNOTS('',3,(#7518,#7519,#7520,#7521,#7522,#7523,#7524,#7525,#7526,#7527,#7528,#7529,#7530,#7531),.UNSPECIFIED.,.F.,.F.,(4,2,2,2,2,2,4),(-0.077774838941602,-0.076826786016825,-0.069222062033522,-0.0616173380502195,-0.054012614066916,-0.046407890083614,-0.045459837158837),.UNSPECIFIED.);
#5448=VERTEX_POINT('',#7532);
#5449=VERTEX_POINT('',#7533);
#5450=LINE('',#7534,#7535);
#5451=VERTEX_POINT('',#7536);
#5452=B_SPLINE_CURVE_WITH_KNOTS('',3,(#7537,#7538,#7539,#7540,#7541,#7542,#7543,#7544,#7545,#7546,#7547,#7548,#7549,#7550,#7551),.UNSPECIFIED.,.F.,.F.,(4,2,2,3,2,2,4),(-0.015843734966373,-0.015124836358224,-0.007562418179112,6.93889390390723E-18,0.007562418179112,0.015124836358224,0.015843734966373),.UNSPECIFIED.);
#5453=VERTEX_POINT('',#7552);
#5454=LINE('',#7553,#7554);
#5455=B_SPLINE_CURVE_WITH_KNOTS('',3,(#7555,#7556,#7557,#7558,#7559,#7560,#7561,#7562,#7563,#7564,#7565,#7566,#7567,#7568,#7569),.UNSPECIFIED.,.F.,.F.,(4,2,2,3,2,2,4),(-0.0159639214042809,-0.015179841568491,-0.007589920784245,-2.94902990916057E-17,0.007589920784245,0.01517984156849,0.0159639214042808),.UNSPECIFIED.);
#5456=VERTEX_POINT('',#7570);
#5457=VERTEX_POINT('',#7571);
#5458=LINE('',#7572,#7573);
#5459=VERTEX_POINT('',#7574);
#5460=B_SPLINE_CURVE_WITH_KNOTS('',3,(#7575,#7576,#7577,#7578,#7579,#7580,#7581,#7582,#7583,#7584,#7585,#7586,#7587,#7588),.UNSPECIFIED.,.F.,.F.,(4,2,2,2,2,2,4),(-0.0769023696283949,-0.076118289792604,-0.068528369008358,-0.0609384482241135,-0.053348527439868,-0.045758606655623,-0.0449745268198321),.UNSPECIFIED.);
#5461=VERTEX_POINT('',#7589);
#5462=LINE('',#7590,#7591);
#5463=B_SPLINE_CURVE_WITH_KNOTS('',3,(#7592,#7593,#7594,#7595,#7596,#7597,#7598,#7599,#7600,#7601,#7602,#7603,#7604,#7605),.UNSPECIFIED.,.F.,.F.,(4,2,2,2,2,2,4),(-0.0764759630326898,-0.075757064424541,-0.068194646245429,-0.060632228066317,-0.053069809887205,-0.045507391708093,-0.044788493099944),.UNSPECIFIED.);
#5464=VERTEX_POINT('',#7606);
#5465=VERTEX_POINT('',#7607);
#5466=LINE('',#7608,#7609);
#5467=VERTEX_POINT('',#7610);
#5468=CIRCLE('',#7611,0.999999999999999);
#5469=VERTEX_POINT('',#7612);
#5470=CIRCLE('',#7613,0.999999999999999);
#5471=VERTEX_POINT('',#7614);
#5472=ELLIPSE('',#7615,1.37073201246633,1.0);
#5473=VERTEX_POINT('',#7616);
#5474=B_SPLINE_CURVE_WITH_KNOTS('',3,(#7617,#7618,#7619,#7620,#7621,#7622,#7623,#7624,#7625,#7626,#7627,#7628,#7629,#7630),.UNSPECIFIED.,.F.,.F.,(4,2,2,2,2,2,4),(0.0450464759048962,0.045849794652934,0.053416166427065,0.0609825382011965,0.068548909975329,0.07611528174946,0.0769186004974967),.UNSPECIFIED.);
#5475=VERTEX_POINT('',#7631);
#5476=B_SPLINE_CURVE_WITH_KNOTS('',3,(#7632,#7633,#7634,#7635,#7636,#7637,#7638,#7639,#7640,#7641,#7642,#7643,#7644,#7645),.UNSPECIFIED.,.F.,.F.,(4,2,2,2,2,2,4),(0.0450464759048962,0.045849794652934,0.053416166427065,0.0609825382011965,0.068548909975329,0.07611528174946,0.0769186004974967),.UNSPECIFIED.);
#5477=VERTEX_POINT('',#7646);
#5478=ELLIPSE('',#7647,1.37073201246633,1.0);
#5479=VERTEX_POINT('',#7648);
#5480=B_SPLINE_CURVE_WITH_KNOTS('',3,(#7649,#7650,#7651,#7652,#7653,#7654,#7655,#7656,#7657,#7658,#7659,#7660,#7661,#7662,#7663),.UNSPECIFIED.,.F.,.F.,(4,2,2,3,2,2,4),(0.105150197392752,0.105812679011083,0.113370874796579,0.120929070582075,0.128487266367571,0.136045462153067,0.136707943771397),.UNSPECIFIED.);
#5481=VERTEX_POINT('',#7664);
#5482=B_SPLINE_CURVE_WITH_KNOTS('',3,(#7665,#7666,#7667,#7668,#7669,#7670,#7671,#7672,#7673,#7674,#7675,#7676,#7677,#7678,#7679),.UNSPECIFIED.,.F.,.F.,(4,2,2,3,2,2,4),(0.105150197392752,0.105812679011083,0.113370874796579,0.120929070582075,0.128487266367571,0.136045462153067,0.136707943771397),.UNSPECIFIED.);
#5483=VERTEX_POINT('',#7680);
#5484=ELLIPSE('',#7681,1.37073201246633,1.0);
#5485=VERTEX_POINT('',#7682);
#5486=B_SPLINE_CURVE_WITH_KNOTS('',3,(#7683,#7684,#7685,#7686,#7687,#7688,#7689,#7690,#7691,#7692,#7693,#7694,#7695,#7696),.UNSPECIFIED.,.F.,.F.,(4,2,2,2,2,2,4),(0.0450464759048973,0.045849794652934,0.053416166427065,0.0609825382011971,0.068548909975329,0.07611528174946,0.076918600497497),.UNSPECIFIED.);
#5487=VERTEX_POINT('',#7697);
#5488=B_SPLINE_CURVE_WITH_KNOTS('',3,(#7698,#7699,#7700,#7701,#7702,#7703,#7704,#7705,#7706,#7707,#7708,#7709,#7710,#7711),.UNSPECIFIED.,.F.,.F.,(4,2,2,2,2,2,4),(0.0450464759048973,0.045849794652934,0.053416166427065,0.0609825382011971,0.068548909975329,0.07611528174946,0.076918600497497),.UNSPECIFIED.);
#5489=VERTEX_POINT('',#7712);
#5490=ELLIPSE('',#7713,1.37073201246633,1.0);
#5491=VERTEX_POINT('',#7714);
#5492=B_SPLINE_CURVE_WITH_KNOTS('',3,(#7715,#7716,#7717,#7718,#7719,#7720,#7721,#7722,#7723,#7724,#7725,#7726,#7727,#7728,#7729),.UNSPECIFIED.,.F.,.F.,(4,2,2,3,2,2,4),(0.105150197392752,0.105812679011083,0.113370874796579,0.120929070582075,0.128487266367571,0.136045462153067,0.136707943771397),.UNSPECIFIED.);
#5493=VERTEX_POINT('',#7730);
#5494=B_SPLINE_CURVE_WITH_KNOTS('',3,(#7731,#7732,#7733,#7734,#7735,#7736,#7737,#7738,#7739,#7740,#7741,#7742,#7743,#7744,#7745),.UNSPECIFIED.,.F.,.F.,(4,2,2,3,2,2,4),(0.105150197392752,0.105812679011083,0.113370874796579,0.120929070582075,0.128487266367571,0.136045462153067,0.136707943771397),.UNSPECIFIED.);
#5495=ELLIPSE('',#7746,1.37073201246633,1.0);
#5496=VERTEX_POINT('',#7747);
#5497=B_SPLINE_CURVE_WITH_KNOTS('',3,(#7748,#7749,#7750,#7751,#7752,#7753,#7754,#7755,#7756,#7757,#7758,#7759,#7760,#7761),.UNSPECIFIED.,.F.,.F.,(4,2,2,2,2,2,4),(-0.076918600497497,-0.07611528174946,-0.068548909975328,-0.0609825382011965,-0.053416166427065,-0.045849794652934,-0.045046475904896),.UNSPECIFIED.);
#5498=VERTEX_POINT('',#7762);
#5499=ELLIPSE('',#7763,1.37073201246633,1.0);
#5500=B_SPLINE_CURVE_WITH_KNOTS('',3,(#7764,#7765,#7766,#7767,#7768,#7769,#7770,#7771,#7772,#7773,#7774,#7775,#7776,#7777,#7778),.UNSPECIFIED.,.F.,.F.,(4,2,2,3,2,2,4),(-0.015778873189323,-0.015116391570992,-0.007558195785496,-4.77048955893622E-16,0.007558195785496,0.015116391570992,0.0157788731893221),.UNSPECIFIED.);
#5501=ELLIPSE('',#7779,1.37073201246633,1.0);
#5502=VERTEX_POINT('',#7780);
#5503=B_SPLINE_CURVE_WITH_KNOTS('',3,(#7781,#7782,#7783,#7784,#7785,#7786,#7787,#7788,#7789,#7790,#7791,#7792,#7793,#7794),.UNSPECIFIED.,.F.,.F.,(4,2,2,2,2,2,4),(-0.076918600497497,-0.07611528174946,-0.068548909975329,-0.060982538201197,-0.053416166427065,-0.045849794652934,-0.045046475904897),.UNSPECIFIED.);
#5504=VERTEX_POINT('',#7795);
#5505=ELLIPSE('',#7796,1.37073201246633,1.0);
#5506=B_SPLINE_CURVE_WITH_KNOTS('',3,(#7797,#7798,#7799,#7800,#7801,#7802,#7803,#7804,#7805,#7806,#7807,#7808,#7809,#7810,#7811),.UNSPECIFIED.,.F.,.F.,(4,2,2,3,2,2,4),(-0.015778873189323,-0.015116391570992,-0.007558195785496,-4.82253126321552E-16,0.007558195785496,0.015116391570992,0.015778873189322),.UNSPECIFIED.);
#5507=ELLIPSE('',#7812,1.37073201246633,1.0);
#5508=VERTEX_POINT('',#7813);
#5509=B_SPLINE_CURVE_WITH_KNOTS('',3,(#7814,#7815,#7816,#7817,#7818,#7819,#7820,#7821,#7822,#7823,#7824,#7825,#7826,#7827),.UNSPECIFIED.,.F.,.F.,(4,2,2,2,2,2,4),(-0.0769186004974969,-0.07611528174946,-0.068548909975329,-0.060982538201197,-0.053416166427065,-0.045849794652934,-0.0450464759048971),.UNSPECIFIED.);
#5510=VERTEX_POINT('',#7828);
#5511=ELLIPSE('',#7829,1.37073201246633,1.0);
#5512=B_SPLINE_CURVE_WITH_KNOTS('',3,(#7830,#7831,#7832,#7833,#7834,#7835,#7836,#7837,#7838,#7839,#7840,#7841,#7842,#7843,#7844),.UNSPECIFIED.,.F.,.F.,(4,2,2,3,2,2,4),(-0.015778873189323,-0.015116391570992,-0.007558195785496,0.0,0.007566326741551,0.015132653483103,0.0157791203693249),.UNSPECIFIED.);
#5513=ELLIPSE('',#7845,1.37073201246633,1.0);
#5514=VERTEX_POINT('',#7846);
#5515=B_SPLINE_CURVE_WITH_KNOTS('',3,(#7847,#7848,#7849,#7850,#7851,#7852,#7853,#7854,#7855,#7856,#7857,#7858,#7859,#7860),.UNSPECIFIED.,.F.,.F.,(4,2,2,2,2,2,4),(-0.076921089161581,-0.076261214561063,-0.06862187638113,-0.060982538201197,-0.053416166427065,-0.045849794652934,-0.0450464759048971),.UNSPECIFIED.);
#5516=VERTEX_POINT('',#7861);
#5517=ELLIPSE('',#7862,1.37073201246633,1.0);
#5518=B_SPLINE_CURVE_WITH_KNOTS('',3,(#7863,#7864,#7865,#7866,#7867,#7868,#7869,#7870,#7871,#7872,#7873,#7874,#7875,#7876,#7877),.UNSPECIFIED.,.F.,.F.,(4,2,2,3,2,2,4),(-0.015779120369325,-0.015132653483103,-0.007566326741551,0.0,0.007558195785496,0.015116391570992,0.015778873189323),.UNSPECIFIED.);
#5519=ELLIPSE('',#7878,1.37073201246633,1.0);
#5520=VERTEX_POINT('',#7879);
#5521=B_SPLINE_CURVE_WITH_KNOTS('',3,(#7880,#7881,#7882,#7883,#7884,#7885,#7886,#7887,#7888,#7889,#7890,#7891,#7892,#7893),.UNSPECIFIED.,.F.,.F.,(4,2,2,2,2,2,4),(-0.07691900862638,-0.076115689878343,-0.068549318104212,-0.06098294633008,-0.053343608150147,-0.045704269970214,-0.0450443953696959),.UNSPECIFIED.);
#5522=VERTEX_POINT('',#7894);
#5523=ELLIPSE('',#7895,1.37073201246633,1.0);
#5524=CIRCLE('',#7896,1.0);
#5525=VERTEX_POINT('',#7897);
#5526=VERTEX_POINT('',#7898);
#5527=LINE('',#7899,#7900);
#5528=VERTEX_POINT('',#7901);
#5529=CIRCLE('',#7902,0.999999999999999);
#5530=CIRCLE('',#7903,0.999999999999999);
#5531=VERTEX_POINT('',#7904);
#5532=CIRCLE('',#7905,1.0);
#5533=CIRCLE('',#7906,1.0);
#5534=VERTEX_POINT('',#7907);
#5535=LINE('',#7908,#7909);
#5536=VERTEX_POINT('',#7910);
#5537=B_SPLINE_CURVE_WITH_KNOTS('',3,(#7911,#7912,#7913,#7914,#7915,#7916,#7917,#7918,#7919,#7920,#7921,#7922,#7923,#7924,#7925),.UNSPECIFIED.,.F.,.F.,(4,2,2,3,2,2,4),(-0.0158374471704356,-0.015157929849259,-0.007578964924629,1.59594559789866E-16,0.007578964924629,0.015157929849259,0.0158374471704363),.UNSPECIFIED.);
#5538=LINE('',#7926,#7927);
#5539=VERTEX_POINT('',#7928);
#5540=LINE('',#7929,#7930);
#5541=VERTEX_POINT('',#7931);
#5542=LINE('',#7932,#7933);
#5543=B_SPLINE_CURVE_WITH_KNOTS('',3,(#7934,#7935,#7936,#7937,#7938,#7939,#7940,#7941,#7942,#7943,#7944,#7945,#7946,#7947),.UNSPECIFIED.,.F.,.F.,(4,2,2,2,2,2,4),(-0.0777748389416008,-0.076826786016825,-0.069222062033522,-0.061617338050219,-0.054012614066916,-0.046407890083614,-0.0454598371588373),.UNSPECIFIED.);
#5544=VERTEX_POINT('',#7948);
#5545=VERTEX_POINT('',#7949);
#5546=LINE('',#7950,#7951);
#5547=VERTEX_POINT('',#7952);
#5548=B_SPLINE_CURVE_WITH_KNOTS('',3,(#7953,#7954,#7955,#7956,#7957,#7958,#7959,#7960,#7961,#7962,#7963,#7964,#7965,#7966,#7967),.UNSPECIFIED.,.F.,.F.,(4,2,2,3,2,2,4),(0.105420721166261,0.10613961977441,0.113702037953522,0.121264456132634,0.128826874311746,0.136389292490857,0.137108191099007),.UNSPECIFIED.);
#5549=VERTEX_POINT('',#7968);
#5550=LINE('',#7969,#7970);
#5551=B_SPLINE_CURVE_WITH_KNOTS('',3,(#7971,#7972,#7973,#7974,#7975,#7976,#7977,#7978,#7979,#7980,#7981,#7982,#7983,#7984,#7985),.UNSPECIFIED.,.F.,.F.,(4,2,2,3,2,2,4),(-0.0159639214042807,-0.01517984156849,-0.007589920784245,7.28583859910259E-17,0.007589920784245,0.01517984156849,0.0159639214042809),.UNSPECIFIED.);
#5552=VERTEX_POINT('',#7986);
#5553=VERTEX_POINT('',#7987);
#5554=LINE('',#7988,#7989);
#5555=VERTEX_POINT('',#7990);
#5556=B_SPLINE_CURVE_WITH_KNOTS('',3,(#7991,#7992,#7993,#7994,#7995,#7996,#7997,#7998,#7999,#8000,#8001,#8002,#8003,#8004),.UNSPECIFIED.,.F.,.F.,(4,2,2,2,2,2,4),(-0.0769023696283948,-0.076118289792604,-0.068528369008358,-0.0609384482241135,-0.053348527439868,-0.045758606655623,-0.0449745268198322),.UNSPECIFIED.);
#5557=VERTEX_POINT('',#8005);
#5558=LINE('',#8006,#8007);
#5559=B_SPLINE_CURVE_WITH_KNOTS('',3,(#8008,#8009,#8010,#8011,#8012,#8013,#8014,#8015,#8016,#8017,#8018,#8019,#8020,#8021),.UNSPECIFIED.,.F.,.F.,(4,2,2,2,2,2,4),(0.0447884930999445,0.045507391708093,0.053069809887205,0.0606322280663171,0.068194646245429,0.075757064424541,0.0764759630326899),.UNSPECIFIED.);
#5560=VERTEX_POINT('',#8022);
#5561=LINE('',#8023,#8024);
#5562=VERTEX_POINT('',#8025);
#5563=LINE('',#8026,#8027);
#5564=B_SPLINE_CURVE_WITH_KNOTS('',3,(#8028,#8029,#8030,#8031,#8032,#8033,#8034,#8035,#8036,#8037,#8038,#8039,#8040,#8041),.UNSPECIFIED.,.F.,.F.,(4,2,2,2,2,2,4),(-0.0777748389416018,-0.076826786016825,-0.069222062033522,-0.0616173380502195,-0.054012614066916,-0.046407890083614,-0.0454598371588371),.UNSPECIFIED.);
#5565=VERTEX_POINT('',#8042);
#5566=VERTEX_POINT('',#8043);
#5567=LINE('',#8044,#8045);
#5568=VERTEX_POINT('',#8046);
#5569=CIRCLE('',#8047,0.749999999999999);
#5570=VERTEX_POINT('',#8048);
#5571=ELLIPSE('',#8049,1.02804900934975,0.750000000000001);
#5572=B_SPLINE_CURVE_WITH_KNOTS('',3,(#8050,#8051,#8052,#8053,#8054,#8055,#8056,#8057,#8058,#8059,#8060,#8061,#8062,#8063),.UNSPECIFIED.,.F.,.F.,(4,2,2,2,2,2,4),(-0.0777765840000889,-0.076828531075312,-0.069223807092009,-0.061619083108707,-0.053875982638899,-0.046132882169091,-0.0454559358103981),.UNSPECIFIED.);
#5573=ELLIPSE('',#8064,1.02804900934975,0.75);
#5574=VERTEX_POINT('',#8065);
#5575=B_SPLINE_CURVE_WITH_KNOTS('',3,(#8066,#8067,#8068,#8069,#8070,#8071,#8072,#8073,#8074,#8075,#8076,#8077,#8078,#8079,#8080),.UNSPECIFIED.,.F.,.F.,(4,2,2,3,2,2,4),(-0.0158374471704359,-0.015157929849259,-0.007578964924629,3.46944695195361E-17,0.007578964924629,0.015157929849259,0.0158374471704361),.UNSPECIFIED.);
#5576=VERTEX_POINT('',#8081);
#5577=ELLIPSE('',#8082,1.02804900934975,0.750000000000001);
#5578=B_SPLINE_CURVE_WITH_KNOTS('',3,(#8083,#8084,#8085,#8086,#8087,#8088,#8089,#8090,#8091,#8092,#8093,#8094,#8095,#8096),.UNSPECIFIED.,.F.,.F.,(4,2,2,2,2,2,4),(-0.077780485348527,-0.077103538989834,-0.069360438520027,-0.061617338050219,-0.054012614066916,-0.046407890083613,-0.0454598371588369),.UNSPECIFIED.);
#5579=ELLIPSE('',#8097,1.02804900934975,0.75);
#5580=VERTEX_POINT('',#8098);
#5581=B_SPLINE_CURVE_WITH_KNOTS('',3,(#8099,#8100,#8101,#8102,#8103,#8104,#8105,#8106,#8107,#8108,#8109,#8110,#8111,#8112,#8113),.UNSPECIFIED.,.F.,.F.,(4,2,2,3,2,2,4),(-0.0158374471704359,-0.015157929849259,-0.007578964924629,0.0,0.007593661448487,0.015187322896975,0.015837920493879),.UNSPECIFIED.);
#5582=VERTEX_POINT('',#8114);
#5583=ELLIPSE('',#8115,1.02804900934975,0.750000000000001);
#5584=B_SPLINE_CURVE_WITH_KNOTS('',3,(#8116,#8117,#8118,#8119,#8120,#8121,#8122,#8123,#8124,#8125,#8126,#8127,#8128,#8129),.UNSPECIFIED.,.F.,.F.,(4,2,2,2,2,2,4),(-0.0777748389416009,-0.076826786016825,-0.069222062033522,-0.061617338050219,-0.054012614066917,-0.046407890083614,-0.0454598371588371),.UNSPECIFIED.);
#5585=ELLIPSE('',#8130,1.02804900934975,0.75);
#5586=VERTEX_POINT('',#8131);
#5587=B_SPLINE_CURVE_WITH_KNOTS('',3,(#8132,#8133,#8134,#8135,#8136,#8137,#8138,#8139,#8140,#8141,#8142,#8143,#8144,#8145,#8146),.UNSPECIFIED.,.F.,.F.,(4,2,2,3,2,2,4),(-0.0158374471704359,-0.015157929849259,-0.007578964924629,2.77555756156289E-17,0.007578964924629,0.015157929849259,0.015837447170436),.UNSPECIFIED.);
#5588=VERTEX_POINT('',#8147);
#5589=ELLIPSE('',#8148,1.02804900934975,0.750000000000001);
#5590=B_SPLINE_CURVE_WITH_KNOTS('',3,(#8149,#8150,#8151,#8152,#8153,#8154,#8155,#8156,#8157,#8158,#8159,#8160,#8161,#8162),.UNSPECIFIED.,.F.,.F.,(4,2,2,2,2,2,4),(-0.0777748389416009,-0.076826786016825,-0.069222062033522,-0.0616173380502189,-0.054012614066917,-0.046407890083614,-0.0454598371588368),.UNSPECIFIED.);
#5591=ELLIPSE('',#8163,1.02804900934975,0.75);
#5592=VERTEX_POINT('',#8164);
#5593=B_SPLINE_CURVE_WITH_KNOTS('',3,(#8165,#8166,#8167,#8168,#8169,#8170,#8171,#8172,#8173,#8174,#8175,#8176,#8177,#8178,#8179),.UNSPECIFIED.,.F.,.F.,(4,2,2,3,2,2,4),(-0.015837447170436,-0.015157929849259,-0.007578964924629,-3.46944695195361E-18,0.007578964924629,0.015157929849259,0.0158374471704359),.UNSPECIFIED.);
#5594=VERTEX_POINT('',#8180);
#5595=ELLIPSE('',#8181,1.02804900934975,0.750000000000001);
#5596=B_SPLINE_CURVE_WITH_KNOTS('',3,(#8182,#8183,#8184,#8185,#8186,#8187,#8188,#8189,#8190,#8191,#8192,#8193,#8194,#8195),.UNSPECIFIED.,.F.,.F.,(4,2,2,2,2,2,4),(-0.077774838941602,-0.076826786016825,-0.069222062033522,-0.0616173380502195,-0.054012614066916,-0.046407890083614,-0.045459837158837),.UNSPECIFIED.);
#5597=ELLIPSE('',#8196,1.02804900934975,0.75);
#5598=VERTEX_POINT('',#8197);
#5599=B_SPLINE_CURVE_WITH_KNOTS('',3,(#8198,#8199,#8200,#8201,#8202,#8203,#8204,#8205,#8206,#8207,#8208,#8209,#8210,#8211,#8212),.UNSPECIFIED.,.F.,.F.,(4,2,2,3,2,2,4),(-0.0158374471704356,-0.015157929849259,-0.007578964924629,1.59594559789866E-16,0.007578964924629,0.015157929849259,0.0158374471704363),.UNSPECIFIED.);
#5600=VERTEX_POINT('',#8213);
#5601=ELLIPSE('',#8214,1.02804900934975,0.750000000000001);
#5602=B_SPLINE_CURVE_WITH_KNOTS('',3,(#8215,#8216,#8217,#8218,#8219,#8220,#8221,#8222,#8223,#8224,#8225,#8226,#8227,#8228),.UNSPECIFIED.,.F.,.F.,(4,2,2,2,2,2,4),(-0.0777748389416008,-0.076826786016825,-0.069222062033522,-0.061617338050219,-0.054012614066916,-0.046407890083614,-0.0454598371588373),.UNSPECIFIED.);
#5603=VERTEX_POINT('',#8229);
#5604=ELLIPSE('',#8230,1.02804900934975,0.75);
#5605=VERTEX_POINT('',#8231);
#5606=B_SPLINE_CURVE_WITH_KNOTS('',3,(#8232,#8233,#8234,#8235,#8236,#8237,#8238,#8239,#8240,#8241,#8242,#8243,#8244,#8245,#8246),.UNSPECIFIED.,.F.,.F.,(4,2,2,3,2,2,4),(0.105407629035884,0.106087146357062,0.113666111281691,0.121245076206321,0.12882404113095,0.136403006055579,0.137082523376757),.UNSPECIFIED.);
#5607=VERTEX_POINT('',#8247);
#5608=B_SPLINE_CURVE_WITH_KNOTS('',3,(#8248,#8249,#8250,#8251,#8252,#8253,#8254,#8255,#8256,#8257,#8258,#8259,#8260,#8261,#8262),.UNSPECIFIED.,.F.,.F.,(4,2,2,3,2,2,4),(0.105407629035884,0.106087146357062,0.113666111281691,0.121245076206321,0.12882404113095,0.136403006055579,0.137082523376757),.UNSPECIFIED.);
#5609=VERTEX_POINT('',#8263);
#5610=ELLIPSE('',#8264,1.02804900934975,0.750000000000001);
#5611=B_SPLINE_CURVE_WITH_KNOTS('',3,(#8265,#8266,#8267,#8268,#8269,#8270,#8271,#8272,#8273,#8274,#8275,#8276,#8277,#8278),.UNSPECIFIED.,.F.,.F.,(4,2,2,2,2,2,4),(-0.0777748389416018,-0.076826786016825,-0.069222062033522,-0.0616173380502195,-0.054012614066916,-0.046407890083614,-0.0454598371588371),.UNSPECIFIED.);
#5612=VERTEX_POINT('',#8279);
#5613=ELLIPSE('',#8280,1.02804900934975,0.75);
#5614=CIRCLE('',#8281,0.75);
#5615=VERTEX_POINT('',#8282);
#5616=VERTEX_POINT('',#8283);
#5617=LINE('',#8284,#8285);
#5618=CIRCLE('',#8286,0.749999999999999);
#5619=CIRCLE('',#8287,0.75);
#5620=LINE('',#8288,#8289);
#5621=LINE('',#8290,#8291);
#5622=VERTEX_POINT('',#8292);
#5623=CIRCLE('',#8293,0.1);
#5624=VERTEX_POINT('',#8294);
#5625=B_SPLINE_CURVE_WITH_KNOTS('',3,(#8295,#8296,#8297,#8298,#8299,#8300,#8301,#8302,#8303,#8304),.UNSPECIFIED.,.F.,.F.,(4,2,2,2,4),(9.50164913133723E-17,0.006024816507556,0.010670345131546,0.01440094128456,0.017762941721405),.UNSPECIFIED.);
#5626=CIRCLE('',#8305,0.899999999999999);
#5627=VERTEX_POINT('',#8306);
#5628=VERTEX_POINT('',#8307);
#5629=CIRCLE('',#8308,0.1);
#5630=CIRCLE('',#8309,1.0);
#5631=CIRCLE('',#8310,0.899999999999999);
#5632=VERTEX_POINT('',#8311);
#5633=CIRCLE('',#8312,0.1);
#5634=VERTEX_POINT('',#8313);
#5635=CIRCLE('',#8314,0.999999999999999);
#5636=VERTEX_POINT('',#8315);
#5637=B_SPLINE_CURVE_WITH_KNOTS('',3,(#8316,#8317,#8318,#8319,#8320,#8321,#8322,#8323,#8324,#8325),.UNSPECIFIED.,.F.,.F.,(4,2,2,2,4),(3.28192968029682E-16,0.006031503591588,0.011986181906957,0.017146203230699,0.0210750468409912),.UNSPECIFIED.);
#5638=CIRCLE('',#8326,0.899999999999999);
#5639=VERTEX_POINT('',#8327);
#5640=CIRCLE('',#8328,0.1);
#5641=VERTEX_POINT('',#8329);
#5642=CIRCLE('',#8330,0.899999999999999);
#5643=B_SPLINE_CURVE_WITH_KNOTS('',3,(#8331,#8332,#8333,#8334,#8335,#8336,#8337,#8338,#8339,#8340),.UNSPECIFIED.,.F.,.F.,(4,2,2,2,4),(0.054847734245962,0.058573351354739,0.063440971715041,0.069164081638257,0.0751524587278764),.UNSPECIFIED.);
#5644=CIRCLE('',#8341,0.899999999999999);
#5645=VERTEX_POINT('',#8342);
#5646=LINE('',#8343,#8344);
#5647=CIRCLE('',#8345,0.75);
#5648=LINE('',#8346,#8347);
#5649=ELLIPSE('',#8348,1.37073201246633,1.0);
#5650=ELLIPSE('',#8349,1.02804900934975,0.75);
#5651=VERTEX_POINT('',#8350);
#5652=CIRCLE('',#8351,0.899999999999999);
#5653=VERTEX_POINT('',#8352);
#5654=B_SPLINE_CURVE_WITH_KNOTS('',3,(#8353,#8354,#8355,#8356,#8357,#8358,#8359,#8360,#8361,#8362),.UNSPECIFIED.,.F.,.F.,(4,2,2,2,4),(0.0575427740436042,0.060867752967742,0.064694066685878,0.069450038802283,0.0754308878747401),.UNSPECIFIED.);
#5655=CIRCLE('',#8363,1.0);
#5656=LINE('',#8364,#8365);
#5657=VERTEX_POINT('',#8366);
#5658=CIRCLE('',#8367,0.749999999999999);
#5659=LINE('',#8368,#8369);
#5660=LINE('',#8370,#8371);
#5661=LINE('',#8372,#8373);
#5662=VERTEX_POINT('',#8374);
#5663=B_SPLINE_CURVE_WITH_KNOTS('',3,(#8375,#8376,#8377,#8378,#8379,#8380,#8381,#8382,#8383,#8384,#8385,#8386,#8387,#8388),.UNSPECIFIED.,.F.,.F.,(4,2,2,2,2,2,4),(-0.0769023696283947,-0.076118289792604,-0.068528369008358,-0.0609384482241135,-0.053348527439868,-0.045758606655623,-0.0449745268198324),.UNSPECIFIED.);
#5664=VERTEX_POINT('',#8389);
#5665=ELLIPSE('',#8390,1.02804900934975,0.75);
#5666=B_SPLINE_CURVE_WITH_KNOTS('',3,(#8391,#8392,#8393,#8394,#8395,#8396,#8397,#8398,#8399,#8400,#8401,#8402,#8403,#8404,#8405),.UNSPECIFIED.,.F.,.F.,(4,2,2,3,2,2,4),(-0.0159639214042807,-0.01517984156849,-0.007589920784245,-3.12250225675825E-17,0.007589920784245,0.01517984156849,0.0159639214042805),.UNSPECIFIED.);
#5667=ELLIPSE('',#8406,1.02804900934975,0.75);
#5668=VERTEX_POINT('',#8407);
#5669=B_SPLINE_CURVE_WITH_KNOTS('',3,(#8408,#8409,#8410,#8411,#8412,#8413,#8414,#8415,#8416,#8417,#8418,#8419,#8420,#8421),.UNSPECIFIED.,.F.,.F.,(4,2,2,2,2,2,4),(-0.0769023696283948,-0.076118289792604,-0.068528369008358,-0.0609384482241135,-0.053348527439868,-0.045758606655623,-0.0449745268198322),.UNSPECIFIED.);
#5670=VERTEX_POINT('',#8422);
#5671=ELLIPSE('',#8423,1.02804900934975,0.75);
#5672=B_SPLINE_CURVE_WITH_KNOTS('',3,(#8424,#8425,#8426,#8427,#8428,#8429,#8430,#8431,#8432,#8433,#8434,#8435,#8436,#8437,#8438),.UNSPECIFIED.,.F.,.F.,(4,2,2,3,2,2,4),(-0.0159639214042807,-0.01517984156849,-0.007589920784245,7.28583859910259E-17,0.007589920784245,0.01517984156849,0.0159639214042809),.UNSPECIFIED.);
#5673=ELLIPSE('',#8439,1.02804900934975,0.75);
#5674=VERTEX_POINT('',#8440);
#5675=B_SPLINE_CURVE_WITH_KNOTS('',3,(#8441,#8442,#8443,#8444,#8445,#8446,#8447,#8448,#8449,#8450,#8451,#8452,#8453,#8454),.UNSPECIFIED.,.F.,.F.,(4,2,2,2,2,2,4),(-0.0769023696283949,-0.076118289792604,-0.068528369008358,-0.0609384482241135,-0.053348527439868,-0.045758606655623,-0.0449745268198321),.UNSPECIFIED.);
#5676=VERTEX_POINT('',#8455);
#5677=ELLIPSE('',#8456,1.02804900934975,0.75);
#5678=B_SPLINE_CURVE_WITH_KNOTS('',3,(#8457,#8458,#8459,#8460,#8461,#8462,#8463,#8464,#8465,#8466,#8467,#8468,#8469,#8470,#8471),.UNSPECIFIED.,.F.,.F.,(4,2,2,3,2,2,4),(-0.0159639214042809,-0.015179841568491,-0.007589920784245,-2.94902990916057E-17,0.007589920784245,0.01517984156849,0.0159639214042808),.UNSPECIFIED.);
#5679=ELLIPSE('',#8472,1.02804900934975,0.75);
#5680=VERTEX_POINT('',#8473);
#5681=B_SPLINE_CURVE_WITH_KNOTS('',3,(#8474,#8475,#8476,#8477,#8478,#8479,#8480,#8481,#8482,#8483,#8484,#8485,#8486,#8487),.UNSPECIFIED.,.F.,.F.,(4,2,2,2,2,2,4),(-0.0769023696283948,-0.076118289792604,-0.068528369008358,-0.0609384482241134,-0.053348527439868,-0.045758606655623,-0.044974526819832),.UNSPECIFIED.);
#5682=VERTEX_POINT('',#8488);
#5683=ELLIPSE('',#8489,1.02804900934975,0.75);
#5684=B_SPLINE_CURVE_WITH_KNOTS('',3,(#8490,#8491,#8492,#8493,#8494,#8495,#8496,#8497,#8498,#8499,#8500,#8501,#8502,#8503,#8504),.UNSPECIFIED.,.F.,.F.,(4,2,2,3,2,2,4),(-0.015963921404281,-0.015179841568491,-0.007589920784245,-2.42861286636753E-17,0.007589920784245,0.015179841568491,0.0159639214042809),.UNSPECIFIED.);
#5685=ELLIPSE('',#8505,1.02804900934975,0.75);
#5686=VERTEX_POINT('',#8506);
#5687=B_SPLINE_CURVE_WITH_KNOTS('',3,(#8507,#8508,#8509,#8510,#8511,#8512,#8513,#8514,#8515,#8516,#8517,#8518,#8519,#8520),.UNSPECIFIED.,.F.,.F.,(4,2,2,2,2,2,4),(-0.0769023696283949,-0.076118289792604,-0.068528369008358,-0.0609384482241135,-0.053348527439868,-0.045758606655623,-0.044974526819832),.UNSPECIFIED.);
#5688=VERTEX_POINT('',#8521);
#5689=ELLIPSE('',#8522,1.02804900934975,0.75);
#5690=B_SPLINE_CURVE_WITH_KNOTS('',3,(#8523,#8524,#8525,#8526,#8527,#8528,#8529,#8530,#8531,#8532,#8533,#8534,#8535,#8536,#8537),.UNSPECIFIED.,.F.,.F.,(4,2,2,3,2,2,4),(-0.0159661378667638,-0.015305128289883,-0.007652564144941,0.0,0.007589920784245,0.015179841568491,0.0159639214042809),.UNSPECIFIED.);
#5691=ELLIPSE('',#8538,1.02804900934975,0.75);
#5692=VERTEX_POINT('',#8539);
#5693=B_SPLINE_CURVE_WITH_KNOTS('',3,(#8540,#8541,#8542,#8543,#8544,#8545,#8546,#8547,#8548,#8549,#8550,#8551,#8552,#8553),.UNSPECIFIED.,.F.,.F.,(4,2,2,2,2,2,4),(-0.0769027673278119,-0.076118687492022,-0.068528766707776,-0.060938845923531,-0.053286281778589,-0.045633717633648,-0.044972708056768),.UNSPECIFIED.);
#5694=VERTEX_POINT('',#8554);
#5695=ELLIPSE('',#8555,1.02804900934975,0.75);
#5696=B_SPLINE_CURVE_WITH_KNOTS('',3,(#8556,#8557,#8558,#8559,#8560,#8561,#8562,#8563,#8564,#8565,#8566,#8567,#8568,#8569,#8570),.UNSPECIFIED.,.F.,.F.,(4,2,2,3,2,2,4),(-0.015963921404281,-0.015179841568491,-0.007589920784245,2.25514051876985E-17,0.007589920784245,0.015179841568491,0.015963921404281),.UNSPECIFIED.);
#5697=ELLIPSE('',#8571,1.02804900934975,0.75);
#5698=VERTEX_POINT('',#8572);
#5699=B_SPLINE_CURVE_WITH_KNOTS('',3,(#8573,#8574,#8575,#8576,#8577,#8578,#8579,#8580,#8581,#8582,#8583,#8584,#8585,#8586),.UNSPECIFIED.,.F.,.F.,(4,2,2,2,2,2,4),(-0.076904586090877,-0.076243576513996,-0.068591012369055,-0.060938448224113,-0.053348527439868,-0.045758606655623,-0.044974526819832),.UNSPECIFIED.);
#5700=ELLIPSE('',#8587,1.02804900934975,0.75);
#5701=LINE('',#8588,#8589);
#5702=VERTEX_POINT('',#8590);
#5703=B_SPLINE_CURVE_WITH_KNOTS('',3,(#8591,#8592,#8593,#8594,#8595,#8596,#8597,#8598,#8599,#8600,#8601,#8602,#8603,#8604),.UNSPECIFIED.,.F.,.F.,(4,2,2,2,2,2,4),(0.0447884930999445,0.045507391708093,0.053069809887205,0.0606322280663171,0.068194646245429,0.075757064424541,0.0764759630326899),.UNSPECIFIED.);
#5704=LINE('',#8605,#8606);
#5705=VERTEX_POINT('',#8607);
#5706=ELLIPSE('',#8608,1.37073201246633,1.0);
#5707=LINE('',#8609,#8610);
#5708=B_SPLINE_CURVE_WITH_KNOTS('',3,(#8611,#8612,#8613,#8614,#8615,#8616,#8617,#8618,#8619,#8620,#8621,#8622,#8623,#8624,#8625),.UNSPECIFIED.,.F.,.F.,(4,2,2,3,2,2,4),(0.105420721166261,0.10613961977441,0.113702037953522,0.121264456132634,0.128826874311746,0.136389292490857,0.137108191099007),.UNSPECIFIED.);
#5709=LINE('',#8626,#8627);
#5710=LINE('',#8628,#8629);
#5711=VERTEX_POINT('',#8630);
#5712=ELLIPSE('',#8631,1.37073201246633,1.0);
#5713=B_SPLINE_CURVE_WITH_KNOTS('',3,(#8632,#8633,#8634,#8635,#8636,#8637,#8638,#8639,#8640,#8641,#8642,#8643,#8644,#8645),.UNSPECIFIED.,.F.,.F.,(4,2,2,2,2,2,4),(-0.076477046836124,-0.07582509437246,-0.068228661219388,-0.060632228066317,-0.053069809887205,-0.045507391708093,-0.044788493099944),.UNSPECIFIED.);
#5714=ELLIPSE('',#8646,1.37073201246633,1.0);
#5715=VERTEX_POINT('',#8647);
#5716=B_SPLINE_CURVE_WITH_KNOTS('',3,(#8648,#8649,#8650,#8651,#8652,#8653,#8654,#8655,#8656,#8657,#8658,#8659,#8660,#8661,#8662),.UNSPECIFIED.,.F.,.F.,(4,2,2,3,2,2,4),(-0.015843734966373,-0.015124836358224,-0.007562418179112,0.0,0.007596433153072,0.015192866306143,0.0158448187698081),.UNSPECIFIED.);
#5717=VERTEX_POINT('',#8663);
#5718=ELLIPSE('',#8664,1.37073201246633,1.0);
#5719=B_SPLINE_CURVE_WITH_KNOTS('',3,(#8665,#8666,#8667,#8668,#8669,#8670,#8671,#8672,#8673,#8674,#8675,#8676,#8677,#8678),.UNSPECIFIED.,.F.,.F.,(4,2,2,2,2,2,4),(-0.0764760664697419,-0.075757167861594,-0.068194749682482,-0.06063233150337,-0.053035898350298,-0.045439465197226,-0.0447875127335619),.UNSPECIFIED.);
#5720=ELLIPSE('',#8679,1.37073201246633,1.0);
#5721=VERTEX_POINT('',#8680);
#5722=B_SPLINE_CURVE_WITH_KNOTS('',3,(#8681,#8682,#8683,#8684,#8685,#8686,#8687,#8688,#8689,#8690,#8691,#8692,#8693,#8694,#8695),.UNSPECIFIED.,.F.,.F.,(4,2,2,3,2,2,4),(-0.0158448187698069,-0.015192866306143,-0.007596433153072,0.0,0.007562418179112,0.015124836358224,0.0158437349663728),.UNSPECIFIED.);
#5723=VERTEX_POINT('',#8696);
#5724=ELLIPSE('',#8697,1.37073201246633,1.0);
#5725=B_SPLINE_CURVE_WITH_KNOTS('',3,(#8698,#8699,#8700,#8701,#8702,#8703,#8704,#8705,#8706,#8707,#8708,#8709,#8710,#8711),.UNSPECIFIED.,.F.,.F.,(4,2,2,2,2,2,4),(-0.0764759630326889,-0.075757064424541,-0.068194646245429,-0.0606322280663165,-0.053069809887205,-0.045507391708093,-0.044788493099944),.UNSPECIFIED.);
#5726=ELLIPSE('',#8712,1.37073201246633,1.0);
#5727=VERTEX_POINT('',#8713);
#5728=B_SPLINE_CURVE_WITH_KNOTS('',3,(#8714,#8715,#8716,#8717,#8718,#8719,#8720,#8721,#8722,#8723,#8724,#8725,#8726,#8727,#8728),.UNSPECIFIED.,.F.,.F.,(4,2,2,3,2,2,4),(-0.0158437349663729,-0.015124836358224,-0.007562418179112,6.41847686111419E-17,0.007562418179112,0.015124836358224,0.0158437349663732),.UNSPECIFIED.);
#5729=VERTEX_POINT('',#8729);
#5730=ELLIPSE('',#8730,1.37073201246633,1.0);
#5731=B_SPLINE_CURVE_WITH_KNOTS('',3,(#8731,#8732,#8733,#8734,#8735,#8736,#8737,#8738,#8739,#8740,#8741,#8742,#8743,#8744),.UNSPECIFIED.,.F.,.F.,(4,2,2,2,2,2,4),(-0.0764759630326889,-0.075757064424541,-0.068194646245429,-0.0606322280663164,-0.053069809887205,-0.045507391708093,-0.0447884930999438),.UNSPECIFIED.);
#5732=ELLIPSE('',#8745,1.37073201246633,1.0);
#5733=VERTEX_POINT('',#8746);
#5734=B_SPLINE_CURVE_WITH_KNOTS('',3,(#8747,#8748,#8749,#8750,#8751,#8752,#8753,#8754,#8755,#8756,#8757,#8758,#8759,#8760,#8761),.UNSPECIFIED.,.F.,.F.,(4,2,2,3,2,2,4),(-0.015843734966373,-0.015124836358224,-0.007562418179112,6.93889390390723E-18,0.007562418179112,0.015124836358224,0.015843734966373),.UNSPECIFIED.);
#5735=VERTEX_POINT('',#8762);
#5736=ELLIPSE('',#8763,1.37073201246633,1.0);
#5737=B_SPLINE_CURVE_WITH_KNOTS('',3,(#8764,#8765,#8766,#8767,#8768,#8769,#8770,#8771,#8772,#8773,#8774,#8775,#8776,#8777),.UNSPECIFIED.,.F.,.F.,(4,2,2,2,2,2,4),(-0.0764759630326898,-0.075757064424541,-0.068194646245429,-0.060632228066317,-0.053069809887205,-0.045507391708093,-0.044788493099944),.UNSPECIFIED.);
#5738=ELLIPSE('',#8778,1.37073201246633,1.0);
#5739=ELLIPSE('',#8779,1.37073201246633,1.0);
#5740=VERTEX_POINT('',#8780);
#5741=B_SPLINE_CURVE_WITH_KNOTS('',3,(#8781,#8782,#8783,#8784,#8785,#8786,#8787,#8788,#8789,#8790,#8791,#8792,#8793,#8794,#8795),.UNSPECIFIED.,.F.,.F.,(4,2,2,3,2,2,4),(-0.0158437349663728,-0.015124836358224,-0.007562418179112,1.05818132034585E-16,0.007562418179112,0.015124836358224,0.0158437349663732),.UNSPECIFIED.);
#5742=VERTEX_POINT('',#8796);
#5743=ELLIPSE('',#8797,1.37073201246633,1.0);
#5744=B_SPLINE_CURVE_WITH_KNOTS('',3,(#8798,#8799,#8800,#8801,#8802,#8803,#8804,#8805,#8806,#8807,#8808,#8809,#8810,#8811),.UNSPECIFIED.,.F.,.F.,(4,2,2,2,2,2,4),(-0.0764759630326886,-0.075757064424541,-0.068194646245429,-0.0606322280663158,-0.053069809887205,-0.045507391708093,-0.0447884930999425),.UNSPECIFIED.);
#5745=LINE('',#8812,#8813);
#5746=LINE('',#8814,#8815);
#5747=LINE('',#8816,#8817);
#5748=LINE('',#8818,#8819);
#5749=LINE('',#8820,#8821);
#5750=LINE('',#8822,#8823);
#5751=LINE('',#8824,#8825);
#5752=LINE('',#8826,#8827);
#5753=LINE('',#8828,#8829);
#5754=LINE('',#8830,#8831);
#5755=LINE('',#8832,#8833);
#5756=LINE('',#8834,#8835);
#5757=LINE('',#8836,#8837);
#5758=LINE('',#8838,#8839);
#5759=LINE('',#8840,#8841);
#5760=LINE('',#8842,#8843);
#5761=LINE('',#8844,#8845);
#5762=LINE('',#8846,#8847);
#5763=LINE('',#8848,#8849);
#5764=VERTEX_POINT('',#8850);
#5765=VERTEX_POINT('',#8851);
#5766=LINE('',#8852,#8853);
#5767=VERTEX_POINT('',#8854);
#5768=B_SPLINE_CURVE_WITH_KNOTS('',3,(#8855,#8856,#8857,#8858,#8859,#8860,#8861,#8862,#8863,#8864,#8865,#8866,#8867,#8868),.UNSPECIFIED.,.F.,.F.,(4,2,2,2,2,2,4),(-0.0769023696283947,-0.076118289792604,-0.068528369008358,-0.0609384482241135,-0.053348527439868,-0.045758606655623,-0.0449745268198324),.UNSPECIFIED.);
#5769=VERTEX_POINT('',#8869);
#5770=LINE('',#8870,#8871);
#5771=B_SPLINE_CURVE_WITH_KNOTS('',3,(#8872,#8873,#8874,#8875,#8876,#8877,#8878,#8879,#8880,#8881,#8882,#8883,#8884,#8885),.UNSPECIFIED.,.F.,.F.,(4,2,2,2,2,2,4),(-0.0764759630326886,-0.075757064424541,-0.068194646245429,-0.0606322280663158,-0.053069809887205,-0.045507391708093,-0.0447884930999425),.UNSPECIFIED.);
#5772=VERTEX_POINT('',#8886);
#5773=VERTEX_POINT('',#8887);
#5774=LINE('',#8888,#8889);
#5775=VERTEX_POINT('',#8890);
#5776=B_SPLINE_CURVE_WITH_KNOTS('',3,(#8891,#8892,#8893,#8894,#8895,#8896,#8897,#8898,#8899,#8900,#8901,#8902,#8903,#8904,#8905),.UNSPECIFIED.,.F.,.F.,(4,2,2,3,2,2,4),(-0.0158437349663728,-0.015124836358224,-0.007562418179112,1.05818132034585E-16,0.007562418179112,0.015124836358224,0.0158437349663732),.UNSPECIFIED.);
#5777=VERTEX_POINT('',#8906);
#5778=LINE('',#8907,#8908);
#5779=B_SPLINE_CURVE_WITH_KNOTS('',3,(#8909,#8910,#8911,#8912,#8913,#8914,#8915,#8916,#8917,#8918,#8919,#8920,#8921,#8922,#8923),.UNSPECIFIED.,.F.,.F.,(4,2,2,3,2,2,4),(-0.0159639214042807,-0.01517984156849,-0.007589920784245,-3.12250225675825E-17,0.007589920784245,0.01517984156849,0.0159639214042805),.UNSPECIFIED.);
#5780=VERTEX_POINT('',#8924);
#5781=VERTEX_POINT('',#8925);
#5782=LINE('',#8926,#8927);
#5783=VERTEX_POINT('',#8928);
#5784=B_SPLINE_CURVE_WITH_KNOTS('',3,(#8929,#8930,#8931,#8932,#8933,#8934,#8935,#8936,#8937,#8938,#8939,#8940,#8941,#8942),.UNSPECIFIED.,.F.,.F.,(4,2,2,2,2,2,4),(-0.07691900862638,-0.076115689878343,-0.068549318104212,-0.06098294633008,-0.053343608150147,-0.045704269970214,-0.0450443953696959),.UNSPECIFIED.);
#5785=VERTEX_POINT('',#8943);
#5786=LINE('',#8944,#8945);
#5787=B_SPLINE_CURVE_WITH_KNOTS('',3,(#8946,#8947,#8948,#8949,#8950,#8951,#8952,#8953,#8954,#8955,#8956,#8957,#8958,#8959),.UNSPECIFIED.,.F.,.F.,(4,2,2,2,2,2,4),(-0.0777765840000889,-0.076828531075312,-0.069223807092009,-0.061619083108707,-0.053875982638899,-0.046132882169091,-0.0454559358103981),.UNSPECIFIED.);
#5788=VERTEX_POINT('',#8960);
#5789=VERTEX_POINT('',#8961);
#5790=LINE('',#8962,#8963);
#5791=VERTEX_POINT('',#8964);
#5792=B_SPLINE_CURVE_WITH_KNOTS('',3,(#8965,#8966,#8967,#8968,#8969,#8970,#8971,#8972,#8973,#8974,#8975,#8976,#8977,#8978),.UNSPECIFIED.,.F.,.F.,(4,2,2,2,2,2,4),(-0.076904586090877,-0.076243576513996,-0.068591012369055,-0.060938448224113,-0.053348527439868,-0.045758606655623,-0.044974526819832),.UNSPECIFIED.);
#5793=VERTEX_POINT('',#8979);
#5794=LINE('',#8980,#8981);
#5795=B_SPLINE_CURVE_WITH_KNOTS('',3,(#8982,#8983,#8984,#8985,#8986,#8987,#8988,#8989,#8990,#8991,#8992,#8993,#8994,#8995),.UNSPECIFIED.,.F.,.F.,(4,2,2,2,2,2,4),(-0.076477046836124,-0.07582509437246,-0.068228661219388,-0.060632228066317,-0.053069809887205,-0.045507391708093,-0.044788493099944),.UNSPECIFIED.);
#5796=VERTEX_POINT('',#8996);
#5797=VERTEX_POINT('',#8997);
#5798=LINE('',#8998,#8999);
#5799=VERTEX_POINT('',#9000);
#5800=B_SPLINE_CURVE_WITH_KNOTS('',3,(#9001,#9002,#9003,#9004,#9005,#9006,#9007,#9008,#9009,#9010,#9011,#9012,#9013,#9014,#9015),.UNSPECIFIED.,.F.,.F.,(4,2,2,3,2,2,4),(-0.0158374471704359,-0.015157929849259,-0.007578964924629,3.46944695195361E-17,0.007578964924629,0.015157929849259,0.0158374471704361),.UNSPECIFIED.);
#5801=VERTEX_POINT('',#9016);
#5802=LINE('',#9017,#9018);
#5803=B_SPLINE_CURVE_WITH_KNOTS('',3,(#9019,#9020,#9021,#9022,#9023,#9024,#9025,#9026,#9027,#9028,#9029,#9030,#9031,#9032,#9033),.UNSPECIFIED.,.F.,.F.,(4,2,2,3,2,2,4),(-0.015779120369325,-0.015132653483103,-0.007566326741551,0.0,0.007558195785496,0.015116391570992,0.015778873189323),.UNSPECIFIED.);
#5804=VERTEX_POINT('',#9034);
#5805=VERTEX_POINT('',#9035);
#5806=LINE('',#9036,#9037);
#5807=VERTEX_POINT('',#9038);
#5808=B_SPLINE_CURVE_WITH_KNOTS('',3,(#9039,#9040,#9041,#9042,#9043,#9044,#9045,#9046,#9047,#9048,#9049,#9050,#9051,#9052),.UNSPECIFIED.,.F.,.F.,(4,2,2,2,2,2,4),(-0.076921089161581,-0.076261214561063,-0.06862187638113,-0.060982538201197,-0.053416166427065,-0.045849794652934,-0.0450464759048971),.UNSPECIFIED.);
#5809=VERTEX_POINT('',#9053);
#5810=LINE('',#9054,#9055);
#5811=B_SPLINE_CURVE_WITH_KNOTS('',3,(#9056,#9057,#9058,#9059,#9060,#9061,#9062,#9063,#9064,#9065,#9066,#9067,#9068,#9069),.UNSPECIFIED.,.F.,.F.,(4,2,2,2,2,2,4),(-0.077780485348527,-0.077103538989834,-0.069360438520027,-0.061617338050219,-0.054012614066916,-0.046407890083613,-0.0454598371588369),.UNSPECIFIED.);
#5812=VERTEX_POINT('',#9070);
#5813=VERTEX_POINT('',#9071);
#5814=LINE('',#9072,#9073);
#5815=VERTEX_POINT('',#9074);
#5816=B_SPLINE_CURVE_WITH_KNOTS('',3,(#9075,#9076,#9077,#9078,#9079,#9080,#9081,#9082,#9083,#9084,#9085,#9086,#9087,#9088,#9089),.UNSPECIFIED.,.F.,.F.,(4,2,2,3,2,2,4),(-0.015843734966373,-0.015124836358224,-0.007562418179112,0.0,0.007596433153072,0.015192866306143,0.0158448187698081),.UNSPECIFIED.);
#5817=VERTEX_POINT('',#9090);
#5818=LINE('',#9091,#9092);
#5819=B_SPLINE_CURVE_WITH_KNOTS('',3,(#9093,#9094,#9095,#9096,#9097,#9098,#9099,#9100,#9101,#9102,#9103,#9104,#9105,#9106,#9107),.UNSPECIFIED.,.F.,.F.,(4,2,2,3,2,2,4),(-0.015963921404281,-0.015179841568491,-0.007589920784245,2.25514051876985E-17,0.007589920784245,0.015179841568491,0.015963921404281),.UNSPECIFIED.);
#5820=VERTEX_POINT('',#9108);
#5821=VERTEX_POINT('',#9109);
#5822=LINE('',#9110,#9111);
#5823=VERTEX_POINT('',#9112);
#5824=B_SPLINE_CURVE_WITH_KNOTS('',3,(#9113,#9114,#9115,#9116,#9117,#9118,#9119,#9120,#9121,#9122,#9123,#9124,#9125,#9126),.UNSPECIFIED.,.F.,.F.,(4,2,2,2,2,2,4),(-0.0769027673278119,-0.076118687492022,-0.068528766707776,-0.060938845923531,-0.053286281778589,-0.045633717633648,-0.044972708056768),.UNSPECIFIED.);
#5825=VERTEX_POINT('',#9127);
#5826=LINE('',#9128,#9129);
#5827=B_SPLINE_CURVE_WITH_KNOTS('',3,(#9130,#9131,#9132,#9133,#9134,#9135,#9136,#9137,#9138,#9139,#9140,#9141,#9142,#9143),.UNSPECIFIED.,.F.,.F.,(4,2,2,2,2,2,4),(-0.0764760664697419,-0.075757167861594,-0.068194749682482,-0.06063233150337,-0.053035898350298,-0.045439465197226,-0.0447875127335619),.UNSPECIFIED.);
#5828=VERTEX_POINT('',#9144);
#5829=VERTEX_POINT('',#9145);
#5830=LINE('',#9146,#9147);
#5831=VERTEX_POINT('',#9148);
#5832=B_SPLINE_CURVE_WITH_KNOTS('',3,(#9149,#9150,#9151,#9152,#9153,#9154,#9155,#9156,#9157,#9158,#9159,#9160,#9161,#9162,#9163),.UNSPECIFIED.,.F.,.F.,(4,2,2,3,2,2,4),(-0.0158374471704359,-0.015157929849259,-0.007578964924629,0.0,0.007593661448487,0.015187322896975,0.015837920493879),.UNSPECIFIED.);
#5833=VERTEX_POINT('',#9164);
#5834=LINE('',#9165,#9166);
#5835=B_SPLINE_CURVE_WITH_KNOTS('',3,(#9167,#9168,#9169,#9170,#9171,#9172,#9173,#9174,#9175,#9176,#9177,#9178,#9179,#9180,#9181),.UNSPECIFIED.,.F.,.F.,(4,2,2,3,2,2,4),(-0.015778873189323,-0.015116391570992,-0.007558195785496,0.0,0.007566326741551,0.015132653483103,0.0157791203693249),.UNSPECIFIED.);
#5836=VERTEX_POINT('',#9182);
#5837=VERTEX_POINT('',#9183);
#5838=LINE('',#9184,#9185);
#5839=VERTEX_POINT('',#9186);
#5840=B_SPLINE_CURVE_WITH_KNOTS('',3,(#9187,#9188,#9189,#9190,#9191,#9192,#9193,#9194,#9195,#9196,#9197,#9198,#9199,#9200),.UNSPECIFIED.,.F.,.F.,(4,2,2,2,2,2,4),(-0.0769186004974969,-0.07611528174946,-0.068548909975329,-0.060982538201197,-0.053416166427065,-0.045849794652934,-0.0450464759048971),.UNSPECIFIED.);
#5841=VERTEX_POINT('',#9201);
#5842=LINE('',#9202,#9203);
#5843=B_SPLINE_CURVE_WITH_KNOTS('',3,(#9204,#9205,#9206,#9207,#9208,#9209,#9210,#9211,#9212,#9213,#9214,#9215,#9216,#9217),.UNSPECIFIED.,.F.,.F.,(4,2,2,2,2,2,4),(-0.0777748389416009,-0.076826786016825,-0.069222062033522,-0.061617338050219,-0.054012614066917,-0.046407890083614,-0.0454598371588371),.UNSPECIFIED.);
#5844=VERTEX_POINT('',#9218);
#5845=VERTEX_POINT('',#9219);
#5846=LINE('',#9220,#9221);
#5847=VERTEX_POINT('',#9222);
#5848=B_SPLINE_CURVE_WITH_KNOTS('',3,(#9223,#9224,#9225,#9226,#9227,#9228,#9229,#9230,#9231,#9232,#9233,#9234,#9235,#9236,#9237),.UNSPECIFIED.,.F.,.F.,(4,2,2,3,2,2,4),(-0.0158448187698069,-0.015192866306143,-0.007596433153072,0.0,0.007562418179112,0.015124836358224,0.0158437349663728),.UNSPECIFIED.);
#5849=VERTEX_POINT('',#9238);
#5850=LINE('',#9239,#9240);
#5851=B_SPLINE_CURVE_WITH_KNOTS('',3,(#9241,#9242,#9243,#9244,#9245,#9246,#9247,#9248,#9249,#9250,#9251,#9252,#9253,#9254,#9255),.UNSPECIFIED.,.F.,.F.,(4,2,2,3,2,2,4),(-0.0159661378667638,-0.015305128289883,-0.007652564144941,0.0,0.007589920784245,0.015179841568491,0.0159639214042809),.UNSPECIFIED.);
#5852=VERTEX_POINT('',#9256);
#5853=VERTEX_POINT('',#9257);
#5854=LINE('',#9258,#9259);
#5855=VERTEX_POINT('',#9260);
#5856=B_SPLINE_CURVE_WITH_KNOTS('',3,(#9261,#9262,#9263,#9264,#9265,#9266,#9267,#9268,#9269,#9270,#9271,#9272,#9273,#9274),.UNSPECIFIED.,.F.,.F.,(4,2,2,2,2,2,4),(-0.0769023696283949,-0.076118289792604,-0.068528369008358,-0.0609384482241135,-0.053348527439868,-0.045758606655623,-0.044974526819832),.UNSPECIFIED.);
#5857=VERTEX_POINT('',#9275);
#5858=LINE('',#9276,#9277);
#5859=B_SPLINE_CURVE_WITH_KNOTS('',3,(#9278,#9279,#9280,#9281,#9282,#9283,#9284,#9285,#9286,#9287,#9288,#9289,#9290,#9291),.UNSPECIFIED.,.F.,.F.,(4,2,2,2,2,2,4),(-0.0764759630326889,-0.075757064424541,-0.068194646245429,-0.0606322280663165,-0.053069809887205,-0.045507391708093,-0.044788493099944),.UNSPECIFIED.);
#5860=VERTEX_POINT('',#9292);
#5861=VERTEX_POINT('',#9293);
#5862=LINE('',#9294,#9295);
#5863=VERTEX_POINT('',#9296);
#5864=B_SPLINE_CURVE_WITH_KNOTS('',3,(#9297,#9298,#9299,#9300,#9301,#9302,#9303,#9304,#9305,#9306,#9307,#9308,#9309,#9310,#9311),.UNSPECIFIED.,.F.,.F.,(4,2,2,3,2,2,4),(-0.0158374471704359,-0.015157929849259,-0.007578964924629,2.77555756156289E-17,0.007578964924629,0.015157929849259,0.015837447170436),.UNSPECIFIED.);
#5865=VERTEX_POINT('',#9312);
#5866=LINE('',#9313,#9314);
#5867=B_SPLINE_CURVE_WITH_KNOTS('',3,(#9315,#9316,#9317,#9318,#9319,#9320,#9321,#9322,#9323,#9324,#9325,#9326,#9327,#9328,#9329),.UNSPECIFIED.,.F.,.F.,(4,2,2,3,2,2,4),(-0.015778873189323,-0.015116391570992,-0.007558195785496,-4.82253126321552E-16,0.007558195785496,0.015116391570992,0.015778873189322),.UNSPECIFIED.);
#5868=VERTEX_POINT('',#9330);
#5869=VERTEX_POINT('',#9331);
#5870=LINE('',#9332,#9333);
#5871=VERTEX_POINT('',#9334);
#5872=B_SPLINE_CURVE_WITH_KNOTS('',3,(#9335,#9336,#9337,#9338,#9339,#9340,#9341,#9342,#9343,#9344,#9345,#9346,#9347,#9348),.UNSPECIFIED.,.F.,.F.,(4,2,2,2,2,2,4),(-0.076918600497497,-0.07611528174946,-0.068548909975329,-0.060982538201197,-0.053416166427065,-0.045849794652934,-0.045046475904897),.UNSPECIFIED.);
#5873=VERTEX_POINT('',#9349);
#5874=LINE('',#9350,#9351);
#5875=B_SPLINE_CURVE_WITH_KNOTS('',3,(#9352,#9353,#9354,#9355,#9356,#9357,#9358,#9359,#9360,#9361,#9362,#9363,#9364,#9365),.UNSPECIFIED.,.F.,.F.,(4,2,2,2,2,2,4),(-0.0777748389416009,-0.076826786016825,-0.069222062033522,-0.0616173380502189,-0.054012614066917,-0.046407890083614,-0.0454598371588368),.UNSPECIFIED.);
#5876=VERTEX_POINT('',#9366);
#5877=VERTEX_POINT('',#9367);
#5878=LINE('',#9368,#9369);
#5879=VERTEX_POINT('',#9370);
#5880=B_SPLINE_CURVE_WITH_KNOTS('',3,(#9371,#9372,#9373,#9374,#9375,#9376,#9377,#9378,#9379,#9380,#9381,#9382,#9383,#9384,#9385),.UNSPECIFIED.,.F.,.F.,(4,2,2,3,2,2,4),(-0.0158437349663729,-0.015124836358224,-0.007562418179112,6.41847686111419E-17,0.007562418179112,0.015124836358224,0.0158437349663732),.UNSPECIFIED.);
#5881=VERTEX_POINT('',#9386);
#5882=LINE('',#9387,#9388);
#5883=B_SPLINE_CURVE_WITH_KNOTS('',3,(#9389,#9390,#9391,#9392,#9393,#9394,#9395,#9396,#9397,#9398,#9399,#9400,#9401,#9402,#9403),.UNSPECIFIED.,.F.,.F.,(4,2,2,3,2,2,4),(-0.015963921404281,-0.015179841568491,-0.007589920784245,-2.42861286636753E-17,0.007589920784245,0.015179841568491,0.0159639214042809),.UNSPECIFIED.);
#5884=VERTEX_POINT('',#9404);
#5885=VERTEX_POINT('',#9405);
#5886=LINE('',#9406,#9407);
#5887=VERTEX_POINT('',#9408);
#5888=B_SPLINE_CURVE_WITH_KNOTS('',3,(#9409,#9410,#9411,#9412,#9413,#9414,#9415,#9416,#9417,#9418,#9419,#9420,#9421,#9422),.UNSPECIFIED.,.F.,.F.,(4,2,2,2,2,2,4),(-0.0769023696283948,-0.076118289792604,-0.068528369008358,-0.0609384482241134,-0.053348527439868,-0.045758606655623,-0.044974526819832),.UNSPECIFIED.);
#5889=VERTEX_POINT('',#9423);
#5890=LINE('',#9424,#9425);
#5891=B_SPLINE_CURVE_WITH_KNOTS('',3,(#9426,#9427,#9428,#9429,#9430,#9431,#9432,#9433,#9434,#9435,#9436,#9437,#9438,#9439),.UNSPECIFIED.,.F.,.F.,(4,2,2,2,2,2,4),(-0.0764759630326889,-0.075757064424541,-0.068194646245429,-0.0606322280663164,-0.053069809887205,-0.045507391708093,-0.0447884930999438),.UNSPECIFIED.);
#5892=VERTEX_POINT('',#9440);
#5893=VERTEX_POINT('',#9441);
#5894=LINE('',#9442,#9443);
#5895=VERTEX_POINT('',#9444);
#5896=B_SPLINE_CURVE_WITH_KNOTS('',3,(#9445,#9446,#9447,#9448,#9449,#9450,#9451,#9452,#9453,#9454,#9455,#9456,#9457,#9458,#9459),.UNSPECIFIED.,.F.,.F.,(4,2,2,3,2,2,4),(-0.015837447170436,-0.015157929849259,-0.007578964924629,-3.46944695195361E-18,0.007578964924629,0.015157929849259,0.0158374471704359),.UNSPECIFIED.);
#5897=VERTEX_POINT('',#9460);
#5898=LINE('',#9461,#9462);
#5899=B_SPLINE_CURVE_WITH_KNOTS('',3,(#9463,#9464,#9465,#9466,#9467,#9468,#9469,#9470,#9471,#9472,#9473,#9474,#9475,#9476,#9477),.UNSPECIFIED.,.F.,.F.,(4,2,2,3,2,2,4),(-0.015778873189323,-0.015116391570992,-0.007558195785496,-4.77048955893622E-16,0.007558195785496,0.015116391570992,0.0157788731893221),.UNSPECIFIED.);
#5900=VERTEX_POINT('',#9478);
#5901=VERTEX_POINT('',#9479);
#5902=LINE('',#9480,#9481);
#5903=VERTEX_POINT('',#9482);
#5904=B_SPLINE_CURVE_WITH_KNOTS('',3,(#9483,#9484,#9485,#9486,#9487,#9488,#9489,#9490,#9491,#9492,#9493,#9494,#9495,#9496),.UNSPECIFIED.,.F.,.F.,(4,2,2,2,2,2,4),(-0.076918600497497,-0.07611528174946,-0.068548909975328,-0.0609825382011965,-0.053416166427065,-0.045849794652934,-0.045046475904896),.UNSPECIFIED.);
#5905=VERTEX_POINT('',#9497);
#5906=LINE('',#9498,#9499);
#5907=B_SPLINE_CURVE_WITH_KNOTS('',3,(#9500,#9501,#9502,#9503,#9504,#9505,#9506,#9507,#9508,#9509,#9510,#9511,#9512,#9513),.UNSPECIFIED.,.F.,.F.,(4,2,2,2,2,2,4),(-0.077774838941602,-0.076826786016825,-0.069222062033522,-0.0616173380502195,-0.054012614066916,-0.046407890083614,-0.045459837158837),.UNSPECIFIED.);
#5908=VERTEX_POINT('',#9514);
#5909=VERTEX_POINT('',#9515);
#5910=LINE('',#9516,#9517);
#5911=VERTEX_POINT('',#9518);
#5912=B_SPLINE_CURVE_WITH_KNOTS('',3,(#9519,#9520,#9521,#9522,#9523,#9524,#9525,#9526,#9527,#9528,#9529,#9530,#9531,#9532,#9533),.UNSPECIFIED.,.F.,.F.,(4,2,2,3,2,2,4),(-0.015843734966373,-0.015124836358224,-0.007562418179112,6.93889390390723E-18,0.007562418179112,0.015124836358224,0.015843734966373),.UNSPECIFIED.);
#5913=VERTEX_POINT('',#9534);
#5914=LINE('',#9535,#9536);
#5915=B_SPLINE_CURVE_WITH_KNOTS('',3,(#9537,#9538,#9539,#9540,#9541,#9542,#9543,#9544,#9545,#9546,#9547,#9548,#9549,#9550,#9551),.UNSPECIFIED.,.F.,.F.,(4,2,2,3,2,2,4),(-0.0159639214042809,-0.015179841568491,-0.007589920784245,-2.94902990916057E-17,0.007589920784245,0.01517984156849,0.0159639214042808),.UNSPECIFIED.);
#5916=VERTEX_POINT('',#9552);
#5917=VERTEX_POINT('',#9553);
#5918=LINE('',#9554,#9555);
#5919=VERTEX_POINT('',#9556);
#5920=B_SPLINE_CURVE_WITH_KNOTS('',3,(#9557,#9558,#9559,#9560,#9561,#9562,#9563,#9564,#9565,#9566,#9567,#9568,#9569,#9570),.UNSPECIFIED.,.F.,.F.,(4,2,2,2,2,2,4),(-0.0769023696283949,-0.076118289792604,-0.068528369008358,-0.0609384482241135,-0.053348527439868,-0.045758606655623,-0.0449745268198321),.UNSPECIFIED.);
#5921=VERTEX_POINT('',#9571);
#5922=LINE('',#9572,#9573);
#5923=B_SPLINE_CURVE_WITH_KNOTS('',3,(#9574,#9575,#9576,#9577,#9578,#9579,#9580,#9581,#9582,#9583,#9584,#9585,#9586,#9587),.UNSPECIFIED.,.F.,.F.,(4,2,2,2,2,2,4),(-0.0764759630326898,-0.075757064424541,-0.068194646245429,-0.060632228066317,-0.053069809887205,-0.045507391708093,-0.044788493099944),.UNSPECIFIED.);
#5924=VERTEX_POINT('',#9588);
#5925=VERTEX_POINT('',#9589);
#5926=LINE('',#9590,#9591);
#5927=VERTEX_POINT('',#9592);
#5928=CIRCLE('',#9593,0.999999999999999);
#5929=VERTEX_POINT('',#9594);
#5930=CIRCLE('',#9595,0.999999999999999);
#5931=VERTEX_POINT('',#9596);
#5932=ELLIPSE('',#9597,1.37073201246633,1.0);
#5933=VERTEX_POINT('',#9598);
#5934=B_SPLINE_CURVE_WITH_KNOTS('',3,(#9599,#9600,#9601,#9602,#9603,#9604,#9605,#9606,#9607,#9608,#9609,#9610,#9611,#9612),.UNSPECIFIED.,.F.,.F.,(4,2,2,2,2,2,4),(0.0450464759048962,0.045849794652934,0.053416166427065,0.0609825382011965,0.068548909975329,0.07611528174946,0.0769186004974967),.UNSPECIFIED.);
#5935=VERTEX_POINT('',#9613);
#5936=B_SPLINE_CURVE_WITH_KNOTS('',3,(#9614,#9615,#9616,#9617,#9618,#9619,#9620,#9621,#9622,#9623,#9624,#9625,#9626,#9627),.UNSPECIFIED.,.F.,.F.,(4,2,2,2,2,2,4),(0.0450464759048962,0.045849794652934,0.053416166427065,0.0609825382011965,0.068548909975329,0.07611528174946,0.0769186004974967),.UNSPECIFIED.);
#5937=VERTEX_POINT('',#9628);
#5938=ELLIPSE('',#9629,1.37073201246633,1.0);
#5939=VERTEX_POINT('',#9630);
#5940=B_SPLINE_CURVE_WITH_KNOTS('',3,(#9631,#9632,#9633,#9634,#9635,#9636,#9637,#9638,#9639,#9640,#9641,#9642,#9643,#9644,#9645),.UNSPECIFIED.,.F.,.F.,(4,2,2,3,2,2,4),(0.105150197392752,0.105812679011083,0.113370874796579,0.120929070582075,0.128487266367571,0.136045462153067,0.136707943771397),.UNSPECIFIED.);
#5941=VERTEX_POINT('',#9646);
#5942=B_SPLINE_CURVE_WITH_KNOTS('',3,(#9647,#9648,#9649,#9650,#9651,#9652,#9653,#9654,#9655,#9656,#9657,#9658,#9659,#9660,#9661),.UNSPECIFIED.,.F.,.F.,(4,2,2,3,2,2,4),(0.105150197392752,0.105812679011083,0.113370874796579,0.120929070582075,0.128487266367571,0.136045462153067,0.136707943771397),.UNSPECIFIED.);
#5943=VERTEX_POINT('',#9662);
#5944=ELLIPSE('',#9663,1.37073201246633,1.0);
#5945=VERTEX_POINT('',#9664);
#5946=B_SPLINE_CURVE_WITH_KNOTS('',3,(#9665,#9666,#9667,#9668,#9669,#9670,#9671,#9672,#9673,#9674,#9675,#9676,#9677,#9678),.UNSPECIFIED.,.F.,.F.,(4,2,2,2,2,2,4),(0.0450464759048973,0.045849794652934,0.053416166427065,0.0609825382011971,0.068548909975329,0.07611528174946,0.076918600497497),.UNSPECIFIED.);
#5947=VERTEX_POINT('',#9679);
#5948=B_SPLINE_CURVE_WITH_KNOTS('',3,(#9680,#9681,#9682,#9683,#9684,#9685,#9686,#9687,#9688,#9689,#9690,#9691,#9692,#9693),.UNSPECIFIED.,.F.,.F.,(4,2,2,2,2,2,4),(0.0450464759048973,0.045849794652934,0.053416166427065,0.0609825382011971,0.068548909975329,0.07611528174946,0.076918600497497),.UNSPECIFIED.);
#5949=VERTEX_POINT('',#9694);
#5950=ELLIPSE('',#9695,1.37073201246633,1.0);
#5951=VERTEX_POINT('',#9696);
#5952=B_SPLINE_CURVE_WITH_KNOTS('',3,(#9697,#9698,#9699,#9700,#9701,#9702,#9703,#9704,#9705,#9706,#9707,#9708,#9709,#9710,#9711),.UNSPECIFIED.,.F.,.F.,(4,2,2,3,2,2,4),(0.105150197392752,0.105812679011083,0.113370874796579,0.120929070582075,0.128487266367571,0.136045462153067,0.136707943771397),.UNSPECIFIED.);
#5953=VERTEX_POINT('',#9712);
#5954=B_SPLINE_CURVE_WITH_KNOTS('',3,(#9713,#9714,#9715,#9716,#9717,#9718,#9719,#9720,#9721,#9722,#9723,#9724,#9725,#9726,#9727),.UNSPECIFIED.,.F.,.F.,(4,2,2,3,2,2,4),(0.105150197392752,0.105812679011083,0.113370874796579,0.120929070582075,0.128487266367571,0.136045462153067,0.136707943771397),.UNSPECIFIED.);
#5955=ELLIPSE('',#9728,1.37073201246633,1.0);
#5956=VERTEX_POINT('',#9729);
#5957=B_SPLINE_CURVE_WITH_KNOTS('',3,(#9730,#9731,#9732,#9733,#9734,#9735,#9736,#9737,#9738,#9739,#9740,#9741,#9742,#9743),.UNSPECIFIED.,.F.,.F.,(4,2,2,2,2,2,4),(-0.076918600497497,-0.07611528174946,-0.068548909975328,-0.0609825382011965,-0.053416166427065,-0.045849794652934,-0.045046475904896),.UNSPECIFIED.);
#5958=VERTEX_POINT('',#9744);
#5959=ELLIPSE('',#9745,1.37073201246633,1.0);
#5960=B_SPLINE_CURVE_WITH_KNOTS('',3,(#9746,#9747,#9748,#9749,#9750,#9751,#9752,#9753,#9754,#9755,#9756,#9757,#9758,#9759,#9760),.UNSPECIFIED.,.F.,.F.,(4,2,2,3,2,2,4),(-0.015778873189323,-0.015116391570992,-0.007558195785496,-4.77048955893622E-16,0.007558195785496,0.015116391570992,0.0157788731893221),.UNSPECIFIED.);
#5961=ELLIPSE('',#9761,1.37073201246633,1.0);
#5962=VERTEX_POINT('',#9762);
#5963=B_SPLINE_CURVE_WITH_KNOTS('',3,(#9763,#9764,#9765,#9766,#9767,#9768,#9769,#9770,#9771,#9772,#9773,#9774,#9775,#9776),.UNSPECIFIED.,.F.,.F.,(4,2,2,2,2,2,4),(-0.076918600497497,-0.07611528174946,-0.068548909975329,-0.060982538201197,-0.053416166427065,-0.045849794652934,-0.045046475904897),.UNSPECIFIED.);
#5964=VERTEX_POINT('',#9777);
#5965=ELLIPSE('',#9778,1.37073201246633,1.0);
#5966=B_SPLINE_CURVE_WITH_KNOTS('',3,(#9779,#9780,#9781,#9782,#9783,#9784,#9785,#9786,#9787,#9788,#9789,#9790,#9791,#9792,#9793),.UNSPECIFIED.,.F.,.F.,(4,2,2,3,2,2,4),(-0.015778873189323,-0.015116391570992,-0.007558195785496,-4.82253126321552E-16,0.007558195785496,0.015116391570992,0.015778873189322),.UNSPECIFIED.);
#5967=ELLIPSE('',#9794,1.37073201246633,1.0);
#5968=VERTEX_POINT('',#9795);
#5969=B_SPLINE_CURVE_WITH_KNOTS('',3,(#9796,#9797,#9798,#9799,#9800,#9801,#9802,#9803,#9804,#9805,#9806,#9807,#9808,#9809),.UNSPECIFIED.,.F.,.F.,(4,2,2,2,2,2,4),(-0.0769186004974969,-0.07611528174946,-0.068548909975329,-0.060982538201197,-0.053416166427065,-0.045849794652934,-0.0450464759048971),.UNSPECIFIED.);
#5970=VERTEX_POINT('',#9810);
#5971=ELLIPSE('',#9811,1.37073201246633,1.0);
#5972=B_SPLINE_CURVE_WITH_KNOTS('',3,(#9812,#9813,#9814,#9815,#9816,#9817,#9818,#9819,#9820,#9821,#9822,#9823,#9824,#9825,#9826),.UNSPECIFIED.,.F.,.F.,(4,2,2,3,2,2,4),(-0.015778873189323,-0.015116391570992,-0.007558195785496,0.0,0.007566326741551,0.015132653483103,0.0157791203693249),.UNSPECIFIED.);
#5973=ELLIPSE('',#9827,1.37073201246633,1.0);
#5974=VERTEX_POINT('',#9828);
#5975=B_SPLINE_CURVE_WITH_KNOTS('',3,(#9829,#9830,#9831,#9832,#9833,#9834,#9835,#9836,#9837,#9838,#9839,#9840,#9841,#9842),.UNSPECIFIED.,.F.,.F.,(4,2,2,2,2,2,4),(-0.076921089161581,-0.076261214561063,-0.06862187638113,-0.060982538201197,-0.053416166427065,-0.045849794652934,-0.0450464759048971),.UNSPECIFIED.);
#5976=VERTEX_POINT('',#9843);
#5977=ELLIPSE('',#9844,1.37073201246633,1.0);
#5978=B_SPLINE_CURVE_WITH_KNOTS('',3,(#9845,#9846,#9847,#9848,#9849,#9850,#9851,#9852,#9853,#9854,#9855,#9856,#9857,#9858,#9859),.UNSPECIFIED.,.F.,.F.,(4,2,2,3,2,2,4),(-0.015779120369325,-0.015132653483103,-0.007566326741551,0.0,0.007558195785496,0.015116391570992,0.015778873189323),.UNSPECIFIED.);
#5979=ELLIPSE('',#9860,1.37073201246633,1.0);
#5980=VERTEX_POINT('',#9861);
#5981=B_SPLINE_CURVE_WITH_KNOTS('',3,(#9862,#9863,#9864,#9865,#9866,#9867,#9868,#9869,#9870,#9871,#9872,#9873,#9874,#9875),.UNSPECIFIED.,.F.,.F.,(4,2,2,2,2,2,4),(-0.07691900862638,-0.076115689878343,-0.068549318104212,-0.06098294633008,-0.053343608150147,-0.045704269970214,-0.0450443953696959),.UNSPECIFIED.);
#5982=VERTEX_POINT('',#9876);
#5983=ELLIPSE('',#9877,1.37073201246633,1.0);
#5984=CIRCLE('',#9878,1.0);
#5985=VERTEX_POINT('',#9879);
#5986=VERTEX_POINT('',#9880);
#5987=LINE('',#9881,#9882);
#5988=VERTEX_POINT('',#9883);
#5989=CIRCLE('',#9884,0.999999999999999);
#5990=CIRCLE('',#9885,0.999999999999999);
#5991=VERTEX_POINT('',#9886);
#5992=CIRCLE('',#9887,1.0);
#5993=CIRCLE('',#9888,1.0);
#5994=VERTEX_POINT('',#9889);
#5995=LINE('',#9890,#9891);
#5996=VERTEX_POINT('',#9892);
#5997=B_SPLINE_CURVE_WITH_KNOTS('',3,(#9893,#9894,#9895,#9896,#9897,#9898,#9899,#9900,#9901,#9902,#9903,#9904,#9905,#9906,#9907),.UNSPECIFIED.,.F.,.F.,(4,2,2,3,2,2,4),(-0.0158374471704356,-0.015157929849259,-0.007578964924629,1.59594559789866E-16,0.007578964924629,0.015157929849259,0.0158374471704363),.UNSPECIFIED.);
#5998=LINE('',#9908,#9909);
#5999=VERTEX_POINT('',#9910);
#6000=LINE('',#9911,#9912);
#6001=VERTEX_POINT('',#9913);
#6002=LINE('',#9914,#9915);
#6003=B_SPLINE_CURVE_WITH_KNOTS('',3,(#9916,#9917,#9918,#9919,#9920,#9921,#9922,#9923,#9924,#9925,#9926,#9927,#9928,#9929),.UNSPECIFIED.,.F.,.F.,(4,2,2,2,2,2,4),(-0.0777748389416008,-0.076826786016825,-0.069222062033522,-0.061617338050219,-0.054012614066916,-0.046407890083614,-0.0454598371588373),.UNSPECIFIED.);
#6004=VERTEX_POINT('',#9930);
#6005=VERTEX_POINT('',#9931);
#6006=LINE('',#9932,#9933);
#6007=VERTEX_POINT('',#9934);
#6008=B_SPLINE_CURVE_WITH_KNOTS('',3,(#9935,#9936,#9937,#9938,#9939,#9940,#9941,#9942,#9943,#9944,#9945,#9946,#9947,#9948,#9949),.UNSPECIFIED.,.F.,.F.,(4,2,2,3,2,2,4),(0.105420721166261,0.10613961977441,0.113702037953522,0.121264456132634,0.128826874311746,0.136389292490857,0.137108191099007),.UNSPECIFIED.);
#6009=VERTEX_POINT('',#9950);
#6010=LINE('',#9951,#9952);
#6011=B_SPLINE_CURVE_WITH_KNOTS('',3,(#9953,#9954,#9955,#9956,#9957,#9958,#9959,#9960,#9961,#9962,#9963,#9964,#9965,#9966,#9967),.UNSPECIFIED.,.F.,.F.,(4,2,2,3,2,2,4),(-0.0159639214042807,-0.01517984156849,-0.007589920784245,7.28583859910259E-17,0.007589920784245,0.01517984156849,0.0159639214042809),.UNSPECIFIED.);
#6012=VERTEX_POINT('',#9968);
#6013=VERTEX_POINT('',#9969);
#6014=LINE('',#9970,#9971);
#6015=VERTEX_POINT('',#9972);
#6016=B_SPLINE_CURVE_WITH_KNOTS('',3,(#9973,#9974,#9975,#9976,#9977,#9978,#9979,#9980,#9981,#9982,#9983,#9984,#9985,#9986),.UNSPECIFIED.,.F.,.F.,(4,2,2,2,2,2,4),(-0.0769023696283948,-0.076118289792604,-0.068528369008358,-0.0609384482241135,-0.053348527439868,-0.045758606655623,-0.0449745268198322),.UNSPECIFIED.);
#6017=VERTEX_POINT('',#9987);
#6018=LINE('',#9988,#9989);
#6019=B_SPLINE_CURVE_WITH_KNOTS('',3,(#9990,#9991,#9992,#9993,#9994,#9995,#9996,#9997,#9998,#9999,#10000,#10001,#10002,#10003),.UNSPECIFIED.,.F.,.F.,(4,2,2,2,2,2,4),(0.0447884930999445,0.045507391708093,0.053069809887205,0.0606322280663171,0.068194646245429,0.075757064424541,0.0764759630326899),.UNSPECIFIED.);
#6020=VERTEX_POINT('',#10004);
#6021=LINE('',#10005,#10006);
#6022=VERTEX_POINT('',#10007);
#6023=LINE('',#10008,#10009);
#6024=B_SPLINE_CURVE_WITH_KNOTS('',3,(#10010,#10011,#10012,#10013,#10014,#10015,#10016,#10017,#10018,#10019,#10020,#10021,#10022,#10023),.UNSPECIFIED.,.F.,.F.,(4,2,2,2,2,2,4),(-0.0777748389416018,-0.076826786016825,-0.069222062033522,-0.0616173380502195,-0.054012614066916,-0.046407890083614,-0.0454598371588371),.UNSPECIFIED.);
#6025=VERTEX_POINT('',#10024);
#6026=VERTEX_POINT('',#10025);
#6027=LINE('',#10026,#10027);
#6028=VERTEX_POINT('',#10028);
#6029=CIRCLE('',#10029,0.749999999999999);
#6030=VERTEX_POINT('',#10030);
#6031=ELLIPSE('',#10031,1.02804900934975,0.750000000000001);
#6032=B_SPLINE_CURVE_WITH_KNOTS('',3,(#10032,#10033,#10034,#10035,#10036,#10037,#10038,#10039,#10040,#10041,#10042,#10043,#10044,#10045),.UNSPECIFIED.,.F.,.F.,(4,2,2,2,2,2,4),(-0.0777765840000889,-0.076828531075312,-0.069223807092009,-0.061619083108707,-0.053875982638899,-0.046132882169091,-0.0454559358103981),.UNSPECIFIED.);
#6033=ELLIPSE('',#10046,1.02804900934975,0.75);
#6034=VERTEX_POINT('',#10047);
#6035=B_SPLINE_CURVE_WITH_KNOTS('',3,(#10048,#10049,#10050,#10051,#10052,#10053,#10054,#10055,#10056,#10057,#10058,#10059,#10060,#10061,#10062),.UNSPECIFIED.,.F.,.F.,(4,2,2,3,2,2,4),(-0.0158374471704359,-0.015157929849259,-0.007578964924629,3.46944695195361E-17,0.007578964924629,0.015157929849259,0.0158374471704361),.UNSPECIFIED.);
#6036=VERTEX_POINT('',#10063);
#6037=ELLIPSE('',#10064,1.02804900934975,0.750000000000001);
#6038=B_SPLINE_CURVE_WITH_KNOTS('',3,(#10065,#10066,#10067,#10068,#10069,#10070,#10071,#10072,#10073,#10074,#10075,#10076,#10077,#10078),.UNSPECIFIED.,.F.,.F.,(4,2,2,2,2,2,4),(-0.077780485348527,-0.077103538989834,-0.069360438520027,-0.061617338050219,-0.054012614066916,-0.046407890083613,-0.0454598371588369),.UNSPECIFIED.);
#6039=ELLIPSE('',#10079,1.02804900934975,0.75);
#6040=VERTEX_POINT('',#10080);
#6041=B_SPLINE_CURVE_WITH_KNOTS('',3,(#10081,#10082,#10083,#10084,#10085,#10086,#10087,#10088,#10089,#10090,#10091,#10092,#10093,#10094,#10095),.UNSPECIFIED.,.F.,.F.,(4,2,2,3,2,2,4),(-0.0158374471704359,-0.015157929849259,-0.007578964924629,0.0,0.007593661448487,0.015187322896975,0.015837920493879),.UNSPECIFIED.);
#6042=VERTEX_POINT('',#10096);
#6043=ELLIPSE('',#10097,1.02804900934975,0.750000000000001);
#6044=B_SPLINE_CURVE_WITH_KNOTS('',3,(#10098,#10099,#10100,#10101,#10102,#10103,#10104,#10105,#10106,#10107,#10108,#10109,#10110,#10111),.UNSPECIFIED.,.F.,.F.,(4,2,2,2,2,2,4),(-0.0777748389416009,-0.076826786016825,-0.069222062033522,-0.061617338050219,-0.054012614066917,-0.046407890083614,-0.0454598371588371),.UNSPECIFIED.);
#6045=ELLIPSE('',#10112,1.02804900934975,0.75);
#6046=VERTEX_POINT('',#10113);
#6047=B_SPLINE_CURVE_WITH_KNOTS('',3,(#10114,#10115,#10116,#10117,#10118,#10119,#10120,#10121,#10122,#10123,#10124,#10125,#10126,#10127,#10128),.UNSPECIFIED.,.F.,.F.,(4,2,2,3,2,2,4),(-0.0158374471704359,-0.015157929849259,-0.007578964924629,2.77555756156289E-17,0.007578964924629,0.015157929849259,0.015837447170436),.UNSPECIFIED.);
#6048=VERTEX_POINT('',#10129);
#6049=ELLIPSE('',#10130,1.02804900934975,0.750000000000001);
#6050=B_SPLINE_CURVE_WITH_KNOTS('',3,(#10131,#10132,#10133,#10134,#10135,#10136,#10137,#10138,#10139,#10140,#10141,#10142,#10143,#10144),.UNSPECIFIED.,.F.,.F.,(4,2,2,2,2,2,4),(-0.0777748389416009,-0.076826786016825,-0.069222062033522,-0.0616173380502189,-0.054012614066917,-0.046407890083614,-0.0454598371588368),.UNSPECIFIED.);
#6051=ELLIPSE('',#10145,1.02804900934975,0.75);
#6052=VERTEX_POINT('',#10146);
#6053=B_SPLINE_CURVE_WITH_KNOTS('',3,(#10147,#10148,#10149,#10150,#10151,#10152,#10153,#10154,#10155,#10156,#10157,#10158,#10159,#10160,#10161),.UNSPECIFIED.,.F.,.F.,(4,2,2,3,2,2,4),(-0.015837447170436,-0.015157929849259,-0.007578964924629,-3.46944695195361E-18,0.007578964924629,0.015157929849259,0.0158374471704359),.UNSPECIFIED.);
#6054=VERTEX_POINT('',#10162);
#6055=ELLIPSE('',#10163,1.02804900934975,0.750000000000001);
#6056=B_SPLINE_CURVE_WITH_KNOTS('',3,(#10164,#10165,#10166,#10167,#10168,#10169,#10170,#10171,#10172,#10173,#10174,#10175,#10176,#10177),.UNSPECIFIED.,.F.,.F.,(4,2,2,2,2,2,4),(-0.077774838941602,-0.076826786016825,-0.069222062033522,-0.0616173380502195,-0.054012614066916,-0.046407890083614,-0.045459837158837),.UNSPECIFIED.);
#6057=ELLIPSE('',#10178,1.02804900934975,0.75);
#6058=VERTEX_POINT('',#10179);
#6059=B_SPLINE_CURVE_WITH_KNOTS('',3,(#10180,#10181,#10182,#10183,#10184,#10185,#10186,#10187,#10188,#10189,#10190,#10191,#10192,#10193,#10194),.UNSPECIFIED.,.F.,.F.,(4,2,2,3,2,2,4),(-0.0158374471704356,-0.015157929849259,-0.007578964924629,1.59594559789866E-16,0.007578964924629,0.015157929849259,0.0158374471704363),.UNSPECIFIED.);
#6060=VERTEX_POINT('',#10195);
#6061=ELLIPSE('',#10196,1.02804900934975,0.750000000000001);
#6062=B_SPLINE_CURVE_WITH_KNOTS('',3,(#10197,#10198,#10199,#10200,#10201,#10202,#10203,#10204,#10205,#10206,#10207,#10208,#10209,#10210),.UNSPECIFIED.,.F.,.F.,(4,2,2,2,2,2,4),(-0.0777748389416008,-0.076826786016825,-0.069222062033522,-0.061617338050219,-0.054012614066916,-0.046407890083614,-0.0454598371588373),.UNSPECIFIED.);
#6063=VERTEX_POINT('',#10211);
#6064=ELLIPSE('',#10212,1.02804900934975,0.75);
#6065=VERTEX_POINT('',#10213);
#6066=B_SPLINE_CURVE_WITH_KNOTS('',3,(#10214,#10215,#10216,#10217,#10218,#10219,#10220,#10221,#10222,#10223,#10224,#10225,#10226,#10227,#10228),.UNSPECIFIED.,.F.,.F.,(4,2,2,3,2,2,4),(0.105407629035884,0.106087146357062,0.113666111281691,0.121245076206321,0.12882404113095,0.136403006055579,0.137082523376757),.UNSPECIFIED.);
#6067=VERTEX_POINT('',#10229);
#6068=B_SPLINE_CURVE_WITH_KNOTS('',3,(#10230,#10231,#10232,#10233,#10234,#10235,#10236,#10237,#10238,#10239,#10240,#10241,#10242,#10243,#10244),.UNSPECIFIED.,.F.,.F.,(4,2,2,3,2,2,4),(0.105407629035884,0.106087146357062,0.113666111281691,0.121245076206321,0.12882404113095,0.136403006055579,0.137082523376757),.UNSPECIFIED.);
#6069=VERTEX_POINT('',#10245);
#6070=ELLIPSE('',#10246,1.02804900934975,0.750000000000001);
#6071=B_SPLINE_CURVE_WITH_KNOTS('',3,(#10247,#10248,#10249,#10250,#10251,#10252,#10253,#10254,#10255,#10256,#10257,#10258,#10259,#10260),.UNSPECIFIED.,.F.,.F.,(4,2,2,2,2,2,4),(-0.0777748389416018,-0.076826786016825,-0.069222062033522,-0.0616173380502195,-0.054012614066916,-0.046407890083614,-0.0454598371588371),.UNSPECIFIED.);
#6072=VERTEX_POINT('',#10261);
#6073=ELLIPSE('',#10262,1.02804900934975,0.75);
#6074=CIRCLE('',#10263,0.75);
#6075=VERTEX_POINT('',#10264);
#6076=VERTEX_POINT('',#10265);
#6077=LINE('',#10266,#10267);
#6078=CIRCLE('',#10268,0.749999999999999);
#6079=CIRCLE('',#10269,0.75);
#6080=LINE('',#10270,#10271);
#6081=LINE('',#10272,#10273);
#6082=VERTEX_POINT('',#10274);
#6083=CIRCLE('',#10275,0.1);
#6084=VERTEX_POINT('',#10276);
#6085=B_SPLINE_CURVE_WITH_KNOTS('',3,(#10277,#10278,#10279,#10280,#10281,#10282,#10283,#10284,#10285,#10286),.UNSPECIFIED.,.F.,.F.,(4,2,2,2,4),(9.50164913133723E-17,0.006024816507556,0.010670345131546,0.01440094128456,0.017762941721405),.UNSPECIFIED.);
#6086=CIRCLE('',#10287,0.899999999999999);
#6087=VERTEX_POINT('',#10288);
#6088=VERTEX_POINT('',#10289);
#6089=CIRCLE('',#10290,0.1);
#6090=CIRCLE('',#10291,1.0);
#6091=CIRCLE('',#10292,0.899999999999999);
#6092=VERTEX_POINT('',#10293);
#6093=CIRCLE('',#10294,0.1);
#6094=VERTEX_POINT('',#10295);
#6095=CIRCLE('',#10296,0.999999999999999);
#6096=VERTEX_POINT('',#10297);
#6097=B_SPLINE_CURVE_WITH_KNOTS('',3,(#10298,#10299,#10300,#10301,#10302,#10303,#10304,#10305,#10306,#10307),.UNSPECIFIED.,.F.,.F.,(4,2,2,2,4),(3.28192968029682E-16,0.006031503591588,0.011986181906957,0.017146203230699,0.0210750468409912),.UNSPECIFIED.);
#6098=CIRCLE('',#10308,0.899999999999999);
#6099=VERTEX_POINT('',#10309);
#6100=CIRCLE('',#10310,0.1);
#6101=VERTEX_POINT('',#10311);
#6102=CIRCLE('',#10312,0.899999999999999);
#6103=B_SPLINE_CURVE_WITH_KNOTS('',3,(#10313,#10314,#10315,#10316,#10317,#10318,#10319,#10320,#10321,#10322),.UNSPECIFIED.,.F.,.F.,(4,2,2,2,4),(0.054847734245962,0.058573351354739,0.063440971715041,0.069164081638257,0.0751524587278764),.UNSPECIFIED.);
#6104=CIRCLE('',#10323,0.899999999999999);
#6105=VERTEX_POINT('',#10324);
#6106=LINE('',#10325,#10326);
#6107=CIRCLE('',#10327,0.75);
#6108=LINE('',#10328,#10329);
#6109=ELLIPSE('',#10330,1.37073201246633,1.0);
#6110=ELLIPSE('',#10331,1.02804900934975,0.75);
#6111=VERTEX_POINT('',#10332);
#6112=CIRCLE('',#10333,0.899999999999999);
#6113=VERTEX_POINT('',#10334);
#6114=B_SPLINE_CURVE_WITH_KNOTS('',3,(#10335,#10336,#10337,#10338,#10339,#10340,#10341,#10342,#10343,#10344),.UNSPECIFIED.,.F.,.F.,(4,2,2,2,4),(0.0575427740436042,0.060867752967742,0.064694066685878,0.069450038802283,0.0754308878747401),.UNSPECIFIED.);
#6115=CIRCLE('',#10345,1.0);
#6116=LINE('',#10346,#10347);
#6117=VERTEX_POINT('',#10348);
#6118=CIRCLE('',#10349,0.749999999999999);
#6119=LINE('',#10350,#10351);
#6120=LINE('',#10352,#10353);
#6121=LINE('',#10354,#10355);
#6122=VERTEX_POINT('',#10356);
#6123=B_SPLINE_CURVE_WITH_KNOTS('',3,(#10357,#10358,#10359,#10360,#10361,#10362,#10363,#10364,#10365,#10366,#10367,#10368,#10369,#10370),.UNSPECIFIED.,.F.,.F.,(4,2,2,2,2,2,4),(-0.0769023696283947,-0.076118289792604,-0.068528369008358,-0.0609384482241135,-0.053348527439868,-0.045758606655623,-0.0449745268198324),.UNSPECIFIED.);
#6124=VERTEX_POINT('',#10371);
#6125=ELLIPSE('',#10372,1.02804900934975,0.75);
#6126=B_SPLINE_CURVE_WITH_KNOTS('',3,(#10373,#10374,#10375,#10376,#10377,#10378,#10379,#10380,#10381,#10382,#10383,#10384,#10385,#10386,#10387),.UNSPECIFIED.,.F.,.F.,(4,2,2,3,2,2,4),(-0.0159639214042807,-0.01517984156849,-0.007589920784245,-3.12250225675825E-17,0.007589920784245,0.01517984156849,0.0159639214042805),.UNSPECIFIED.);
#6127=ELLIPSE('',#10388,1.02804900934975,0.75);
#6128=VERTEX_POINT('',#10389);
#6129=B_SPLINE_CURVE_WITH_KNOTS('',3,(#10390,#10391,#10392,#10393,#10394,#10395,#10396,#10397,#10398,#10399,#10400,#10401,#10402,#10403),.UNSPECIFIED.,.F.,.F.,(4,2,2,2,2,2,4),(-0.0769023696283948,-0.076118289792604,-0.068528369008358,-0.0609384482241135,-0.053348527439868,-0.045758606655623,-0.0449745268198322),.UNSPECIFIED.);
#6130=VERTEX_POINT('',#10404);
#6131=ELLIPSE('',#10405,1.02804900934975,0.75);
#6132=B_SPLINE_CURVE_WITH_KNOTS('',3,(#10406,#10407,#10408,#10409,#10410,#10411,#10412,#10413,#10414,#10415,#10416,#10417,#10418,#10419,#10420),.UNSPECIFIED.,.F.,.F.,(4,2,2,3,2,2,4),(-0.0159639214042807,-0.01517984156849,-0.007589920784245,7.28583859910259E-17,0.007589920784245,0.01517984156849,0.0159639214042809),.UNSPECIFIED.);
#6133=ELLIPSE('',#10421,1.02804900934975,0.75);
#6134=VERTEX_POINT('',#10422);
#6135=B_SPLINE_CURVE_WITH_KNOTS('',3,(#10423,#10424,#10425,#10426,#10427,#10428,#10429,#10430,#10431,#10432,#10433,#10434,#10435,#10436),.UNSPECIFIED.,.F.,.F.,(4,2,2,2,2,2,4),(-0.0769023696283949,-0.076118289792604,-0.068528369008358,-0.0609384482241135,-0.053348527439868,-0.045758606655623,-0.0449745268198321),.UNSPECIFIED.);
#6136=VERTEX_POINT('',#10437);
#6137=ELLIPSE('',#10438,1.02804900934975,0.75);
#6138=B_SPLINE_CURVE_WITH_KNOTS('',3,(#10439,#10440,#10441,#10442,#10443,#10444,#10445,#10446,#10447,#10448,#10449,#10450,#10451,#10452,#10453),.UNSPECIFIED.,.F.,.F.,(4,2,2,3,2,2,4),(-0.0159639214042809,-0.015179841568491,-0.007589920784245,-2.94902990916057E-17,0.007589920784245,0.01517984156849,0.0159639214042808),.UNSPECIFIED.);
#6139=ELLIPSE('',#10454,1.02804900934975,0.75);
#6140=VERTEX_POINT('',#10455);
#6141=B_SPLINE_CURVE_WITH_KNOTS('',3,(#10456,#10457,#10458,#10459,#10460,#10461,#10462,#10463,#10464,#10465,#10466,#10467,#10468,#10469),.UNSPECIFIED.,.F.,.F.,(4,2,2,2,2,2,4),(-0.0769023696283948,-0.076118289792604,-0.068528369008358,-0.0609384482241134,-0.053348527439868,-0.045758606655623,-0.044974526819832),.UNSPECIFIED.);
#6142=VERTEX_POINT('',#10470);
#6143=ELLIPSE('',#10471,1.02804900934975,0.75);
#6144=B_SPLINE_CURVE_WITH_KNOTS('',3,(#10472,#10473,#10474,#10475,#10476,#10477,#10478,#10479,#10480,#10481,#10482,#10483,#10484,#10485,#10486),.UNSPECIFIED.,.F.,.F.,(4,2,2,3,2,2,4),(-0.015963921404281,-0.015179841568491,-0.007589920784245,-2.42861286636753E-17,0.007589920784245,0.015179841568491,0.0159639214042809),.UNSPECIFIED.);
#6145=ELLIPSE('',#10487,1.02804900934975,0.75);
#6146=VERTEX_POINT('',#10488);
#6147=B_SPLINE_CURVE_WITH_KNOTS('',3,(#10489,#10490,#10491,#10492,#10493,#10494,#10495,#10496,#10497,#10498,#10499,#10500,#10501,#10502),.UNSPECIFIED.,.F.,.F.,(4,2,2,2,2,2,4),(-0.0769023696283949,-0.076118289792604,-0.068528369008358,-0.0609384482241135,-0.053348527439868,-0.045758606655623,-0.044974526819832),.UNSPECIFIED.);
#6148=VERTEX_POINT('',#10503);
#6149=ELLIPSE('',#10504,1.02804900934975,0.75);
#6150=B_SPLINE_CURVE_WITH_KNOTS('',3,(#10505,#10506,#10507,#10508,#10509,#10510,#10511,#10512,#10513,#10514,#10515,#10516,#10517,#10518,#10519),.UNSPECIFIED.,.F.,.F.,(4,2,2,3,2,2,4),(-0.0159661378667638,-0.015305128289883,-0.007652564144941,0.0,0.007589920784245,0.015179841568491,0.0159639214042809),.UNSPECIFIED.);
#6151=ELLIPSE('',#10520,1.02804900934975,0.75);
#6152=VERTEX_POINT('',#10521);
#6153=B_SPLINE_CURVE_WITH_KNOTS('',3,(#10522,#10523,#10524,#10525,#10526,#10527,#10528,#10529,#10530,#10531,#10532,#10533,#10534,#10535),.UNSPECIFIED.,.F.,.F.,(4,2,2,2,2,2,4),(-0.0769027673278119,-0.076118687492022,-0.068528766707776,-0.060938845923531,-0.053286281778589,-0.045633717633648,-0.044972708056768),.UNSPECIFIED.);
#6154=VERTEX_POINT('',#10536);
#6155=ELLIPSE('',#10537,1.02804900934975,0.75);
#6156=B_SPLINE_CURVE_WITH_KNOTS('',3,(#10538,#10539,#10540,#10541,#10542,#10543,#10544,#10545,#10546,#10547,#10548,#10549,#10550,#10551,#10552),.UNSPECIFIED.,.F.,.F.,(4,2,2,3,2,2,4),(-0.015963921404281,-0.015179841568491,-0.007589920784245,2.25514051876985E-17,0.007589920784245,0.015179841568491,0.015963921404281),.UNSPECIFIED.);
#6157=ELLIPSE('',#10553,1.02804900934975,0.75);
#6158=VERTEX_POINT('',#10554);
#6159=B_SPLINE_CURVE_WITH_KNOTS('',3,(#10555,#10556,#10557,#10558,#10559,#10560,#10561,#10562,#10563,#10564,#10565,#10566,#10567,#10568),.UNSPECIFIED.,.F.,.F.,(4,2,2,2,2,2,4),(-0.076904586090877,-0.076243576513996,-0.068591012369055,-0.060938448224113,-0.053348527439868,-0.045758606655623,-0.044974526819832),.UNSPECIFIED.);
#6160=ELLIPSE('',#10569,1.02804900934975,0.75);
#6161=LINE('',#10570,#10571);
#6162=VERTEX_POINT('',#10572);
#6163=B_SPLINE_CURVE_WITH_KNOTS('',3,(#10573,#10574,#10575,#10576,#10577,#10578,#10579,#10580,#10581,#10582,#10583,#10584,#10585,#10586),.UNSPECIFIED.,.F.,.F.,(4,2,2,2,2,2,4),(0.0447884930999445,0.045507391708093,0.053069809887205,0.0606322280663171,0.068194646245429,0.075757064424541,0.0764759630326899),.UNSPECIFIED.);
#6164=LINE('',#10587,#10588);
#6165=VERTEX_POINT('',#10589);
#6166=ELLIPSE('',#10590,1.37073201246633,1.0);
#6167=LINE('',#10591,#10592);
#6168=B_SPLINE_CURVE_WITH_KNOTS('',3,(#10593,#10594,#10595,#10596,#10597,#10598,#10599,#10600,#10601,#10602,#10603,#10604,#10605,#10606,#10607),.UNSPECIFIED.,.F.,.F.,(4,2,2,3,2,2,4),(0.105420721166261,0.10613961977441,0.113702037953522,0.121264456132634,0.128826874311746,0.136389292490857,0.137108191099007),.UNSPECIFIED.);
#6169=LINE('',#10608,#10609);
#6170=LINE('',#10610,#10611);
#6171=VERTEX_POINT('',#10612);
#6172=ELLIPSE('',#10613,1.37073201246633,1.0);
#6173=B_SPLINE_CURVE_WITH_KNOTS('',3,(#10614,#10615,#10616,#10617,#10618,#10619,#10620,#10621,#10622,#10623,#10624,#10625,#10626,#10627),.UNSPECIFIED.,.F.,.F.,(4,2,2,2,2,2,4),(-0.076477046836124,-0.07582509437246,-0.068228661219388,-0.060632228066317,-0.053069809887205,-0.045507391708093,-0.044788493099944),.UNSPECIFIED.);
#6174=ELLIPSE('',#10628,1.37073201246633,1.0);
#6175=VERTEX_POINT('',#10629);
#6176=B_SPLINE_CURVE_WITH_KNOTS('',3,(#10630,#10631,#10632,#10633,#10634,#10635,#10636,#10637,#10638,#10639,#10640,#10641,#10642,#10643,#10644),.UNSPECIFIED.,.F.,.F.,(4,2,2,3,2,2,4),(-0.015843734966373,-0.015124836358224,-0.007562418179112,0.0,0.007596433153072,0.015192866306143,0.0158448187698081),.UNSPECIFIED.);
#6177=VERTEX_POINT('',#10645);
#6178=ELLIPSE('',#10646,1.37073201246633,1.0);
#6179=B_SPLINE_CURVE_WITH_KNOTS('',3,(#10647,#10648,#10649,#10650,#10651,#10652,#10653,#10654,#10655,#10656,#10657,#10658,#10659,#10660),.UNSPECIFIED.,.F.,.F.,(4,2,2,2,2,2,4),(-0.0764760664697419,-0.075757167861594,-0.068194749682482,-0.06063233150337,-0.053035898350298,-0.045439465197226,-0.0447875127335619),.UNSPECIFIED.);
#6180=ELLIPSE('',#10661,1.37073201246633,1.0);
#6181=VERTEX_POINT('',#10662);
#6182=B_SPLINE_CURVE_WITH_KNOTS('',3,(#10663,#10664,#10665,#10666,#10667,#10668,#10669,#10670,#10671,#10672,#10673,#10674,#10675,#10676,#10677),.UNSPECIFIED.,.F.,.F.,(4,2,2,3,2,2,4),(-0.0158448187698069,-0.015192866306143,-0.007596433153072,0.0,0.007562418179112,0.015124836358224,0.0158437349663728),.UNSPECIFIED.);
#6183=VERTEX_POINT('',#10678);
#6184=ELLIPSE('',#10679,1.37073201246633,1.0);
#6185=B_SPLINE_CURVE_WITH_KNOTS('',3,(#10680,#10681,#10682,#10683,#10684,#10685,#10686,#10687,#10688,#10689,#10690,#10691,#10692,#10693),.UNSPECIFIED.,.F.,.F.,(4,2,2,2,2,2,4),(-0.0764759630326889,-0.075757064424541,-0.068194646245429,-0.0606322280663165,-0.053069809887205,-0.045507391708093,-0.044788493099944),.UNSPECIFIED.);
#6186=ELLIPSE('',#10694,1.37073201246633,1.0);
#6187=VERTEX_POINT('',#10695);
#6188=B_SPLINE_CURVE_WITH_KNOTS('',3,(#10696,#10697,#10698,#10699,#10700,#10701,#10702,#10703,#10704,#10705,#10706,#10707,#10708,#10709,#10710),.UNSPECIFIED.,.F.,.F.,(4,2,2,3,2,2,4),(-0.0158437349663729,-0.015124836358224,-0.007562418179112,6.41847686111419E-17,0.007562418179112,0.015124836358224,0.0158437349663732),.UNSPECIFIED.);
#6189=VERTEX_POINT('',#10711);
#6190=ELLIPSE('',#10712,1.37073201246633,1.0);
#6191=B_SPLINE_CURVE_WITH_KNOTS('',3,(#10713,#10714,#10715,#10716,#10717,#10718,#10719,#10720,#10721,#10722,#10723,#10724,#10725,#10726),.UNSPECIFIED.,.F.,.F.,(4,2,2,2,2,2,4),(-0.0764759630326889,-0.075757064424541,-0.068194646245429,-0.0606322280663164,-0.053069809887205,-0.045507391708093,-0.0447884930999438),.UNSPECIFIED.);
#6192=ELLIPSE('',#10727,1.37073201246633,1.0);
#6193=VERTEX_POINT('',#10728);
#6194=B_SPLINE_CURVE_WITH_KNOTS('',3,(#10729,#10730,#10731,#10732,#10733,#10734,#10735,#10736,#10737,#10738,#10739,#10740,#10741,#10742,#10743),.UNSPECIFIED.,.F.,.F.,(4,2,2,3,2,2,4),(-0.015843734966373,-0.015124836358224,-0.007562418179112,6.93889390390723E-18,0.007562418179112,0.015124836358224,0.015843734966373),.UNSPECIFIED.);
#6195=VERTEX_POINT('',#10744);
#6196=ELLIPSE('',#10745,1.37073201246633,1.0);
#6197=B_SPLINE_CURVE_WITH_KNOTS('',3,(#10746,#10747,#10748,#10749,#10750,#10751,#10752,#10753,#10754,#10755,#10756,#10757,#10758,#10759),.UNSPECIFIED.,.F.,.F.,(4,2,2,2,2,2,4),(-0.0764759630326898,-0.075757064424541,-0.068194646245429,-0.060632228066317,-0.053069809887205,-0.045507391708093,-0.044788493099944),.UNSPECIFIED.);
#6198=ELLIPSE('',#10760,1.37073201246633,1.0);
#6199=ELLIPSE('',#10761,1.37073201246633,1.0);
#6200=VERTEX_POINT('',#10762);
#6201=B_SPLINE_CURVE_WITH_KNOTS('',3,(#10763,#10764,#10765,#10766,#10767,#10768,#10769,#10770,#10771,#10772,#10773,#10774,#10775,#10776,#10777),.UNSPECIFIED.,.F.,.F.,(4,2,2,3,2,2,4),(-0.0158437349663728,-0.015124836358224,-0.007562418179112,1.05818132034585E-16,0.007562418179112,0.015124836358224,0.0158437349663732),.UNSPECIFIED.);
#6202=VERTEX_POINT('',#10778);
#6203=ELLIPSE('',#10779,1.37073201246633,1.0);
#6204=B_SPLINE_CURVE_WITH_KNOTS('',3,(#10780,#10781,#10782,#10783,#10784,#10785,#10786,#10787,#10788,#10789,#10790,#10791,#10792,#10793),.UNSPECIFIED.,.F.,.F.,(4,2,2,2,2,2,4),(-0.0764759630326886,-0.075757064424541,-0.068194646245429,-0.0606322280663158,-0.053069809887205,-0.045507391708093,-0.0447884930999425),.UNSPECIFIED.);
#6205=LINE('',#10794,#10795);
#6206=LINE('',#10796,#10797);
#6207=LINE('',#10798,#10799);
#6208=LINE('',#10800,#10801);
#6209=LINE('',#10802,#10803);
#6210=LINE('',#10804,#10805);
#6211=LINE('',#10806,#10807);
#6212=LINE('',#10808,#10809);
#6213=LINE('',#10810,#10811);
#6214=LINE('',#10812,#10813);
#6215=LINE('',#10814,#10815);
#6216=LINE('',#10816,#10817);
#6217=LINE('',#10818,#10819);
#6218=LINE('',#10820,#10821);
#6219=LINE('',#10822,#10823);
#6220=LINE('',#10824,#10825);
#6221=LINE('',#10826,#10827);
#6222=LINE('',#10828,#10829);
#6223=LINE('',#10830,#10831);
#6224=CARTESIAN_POINT('',(11.55,7.10000000000322,4.5));
#6225=CARTESIAN_POINT('',(11.55,5.6,4.5));
#6226=CARTESIAN_POINT('',(11.55,6.35000000000161,4.5));
#6227=VECTOR('',#10832,1.0);
#6228=CARTESIAN_POINT('',(12.05,7.10000000000322,5.36602540378444));
#6229=AXIS2_PLACEMENT_3D('',#10833,#10834,#10835);
#6230=CARTESIAN_POINT('',(12.05,5.6,5.36602540378444));
#6231=CARTESIAN_POINT('',(12.05,5.6,5.36602540378444));
#6232=VECTOR('',#10836,1.50000000000322);
#6233=AXIS2_PLACEMENT_3D('',#10837,#10838,#10839);
#6234=CARTESIAN_POINT('',(23.35,5.6,4.5));
#6235=CARTESIAN_POINT('',(23.35,7.10000000000322,4.5));
#6236=CARTESIAN_POINT('',(23.35,6.35000000000161,4.5));
#6237=VECTOR('',#10840,1.0);
#6238=CARTESIAN_POINT('',(22.85,5.6,5.36602540378444));
#6239=AXIS2_PLACEMENT_3D('',#10841,#10842,#10843);
#6240=CARTESIAN_POINT('',(22.85,7.10000000000322,5.36602540378444));
#6241=CARTESIAN_POINT('',(22.85,7.10000000000322,5.36602540378444));
#6242=VECTOR('',#10844,1.50000000000322);
#6243=AXIS2_PLACEMENT_3D('',#10845,#10846,#10847);
#6244=CARTESIAN_POINT('',(15.85,7.10000000000322,25.4));
#6245=CARTESIAN_POINT('',(15.85,5.6,25.4));
#6246=CARTESIAN_POINT('',(15.85,6.35000000000161,25.4));
#6247=VECTOR('',#10848,1.0);
#6248=CARTESIAN_POINT('',(19.05,7.10000000000322,25.4));
#6249=AXIS2_PLACEMENT_3D('',#10849,#10850,#10851);
#6250=CARTESIAN_POINT('',(19.05,5.6,25.4));
#6251=CARTESIAN_POINT('',(19.05,6.35000000000161,25.4));
#6252=VECTOR('',#10852,1.0);
#6253=AXIS2_PLACEMENT_3D('',#10853,#10854,#10855);
#6254=CARTESIAN_POINT('',(15.85,7.10000000000322,18.3));
#6255=CARTESIAN_POINT('',(15.85,5.6,18.3));
#6256=CARTESIAN_POINT('',(15.85,6.35000000000161,18.3));
#6257=VECTOR('',#10856,1.0);
#6258=CARTESIAN_POINT('',(19.05,7.10000000000322,18.3));
#6259=AXIS2_PLACEMENT_3D('',#10857,#10858,#10859);
#6260=CARTESIAN_POINT('',(19.05,5.6,18.3));
#6261=CARTESIAN_POINT('',(19.05,6.35000000000161,18.3));
#6262=VECTOR('',#10860,1.0);
#6263=AXIS2_PLACEMENT_3D('',#10861,#10862,#10863);
#6264=CARTESIAN_POINT('',(15.85,7.10000000000322,13.5));
#6265=CARTESIAN_POINT('',(15.85,5.6,13.5));
#6266=CARTESIAN_POINT('',(15.85,6.35000000000161,13.5));
#6267=VECTOR('',#10864,1.0);
#6268=CARTESIAN_POINT('',(19.05,7.10000000000322,13.5));
#6269=AXIS2_PLACEMENT_3D('',#10865,#10866,#10867);
#6270=CARTESIAN_POINT('',(19.05,5.6,13.5));
#6271=CARTESIAN_POINT('',(19.05,6.35000000000161,13.5));
#6272=VECTOR('',#10868,1.0);
#6273=AXIS2_PLACEMENT_3D('',#10869,#10870,#10871);
#6274=AXIS2_PLACEMENT_3D('',#10872,#10873,#10874);
#6275=AXIS2_PLACEMENT_3D('',#10875,#10876,#10877);
#6276=AXIS2_PLACEMENT_3D('',#10878,#10879,#10880);
#6277=AXIS2_PLACEMENT_3D('',#10881,#10882,#10883);
#6278=AXIS2_PLACEMENT_3D('',#10884,#10885,#10886);
#6279=AXIS2_PLACEMENT_3D('',#10887,#10888,#10889);
#6280=CARTESIAN_POINT('',(22.85,7.10000000000322,3.63397459621556));
#6281=AXIS2_PLACEMENT_3D('',#10890,#10891,#10892);
#6282=CARTESIAN_POINT('',(22.85,5.6,3.63397459621556));
#6283=CARTESIAN_POINT('',(22.85,5.6,3.63397459621556));
#6284=VECTOR('',#10893,1.50000000000322);
#6285=AXIS2_PLACEMENT_3D('',#10894,#10895,#10896);
#6286=CARTESIAN_POINT('',(12.05,5.6,3.63397459621556));
#6287=AXIS2_PLACEMENT_3D('',#10897,#10898,#10899);
#6288=CARTESIAN_POINT('',(12.05,7.10000000000322,3.63397459621556));
#6289=CARTESIAN_POINT('',(12.05,7.10000000000322,3.63397459621556));
#6290=VECTOR('',#10900,1.50000000000322);
#6291=AXIS2_PLACEMENT_3D('',#10901,#10902,#10903);
#6292=CARTESIAN_POINT('',(22.85,7.10000000000322,0.0));
#6293=CARTESIAN_POINT('',(22.85,7.10000000000322,0.0));
#6294=VECTOR('',#10904,3.63397459621556);
#6295=CARTESIAN_POINT('',(22.85,5.6,0.0));
#6296=CARTESIAN_POINT('',(22.85,5.6,0.0));
#6297=VECTOR('',#10905,1.50000000000322);
#6298=CARTESIAN_POINT('',(22.85,5.6,3.63397459621556));
#6299=VECTOR('',#10906,3.63397459621556);
#6300=CARTESIAN_POINT('',(25.3999999999998,5.6,0.0));
#6301=CARTESIAN_POINT('',(22.85,5.6,0.0));
#6302=VECTOR('',#10907,2.5499999999998);
#6303=CARTESIAN_POINT('',(25.3999999999998,5.6,38.1));
#6304=CARTESIAN_POINT('',(25.3999999999998,5.6,0.0));
#6305=VECTOR('',#10908,38.1);
#6306=CARTESIAN_POINT('',(9.50000000000019,5.6,38.1));
#6307=CARTESIAN_POINT('',(25.3999999999998,5.6,38.1));
#6308=VECTOR('',#10909,15.8999999999996);
#6309=CARTESIAN_POINT('',(9.50000000000019,5.6,0.0));
#6310=CARTESIAN_POINT('',(9.50000000000019,5.6,0.0));
#6311=VECTOR('',#10910,38.1);
#6312=CARTESIAN_POINT('',(12.05,5.6,0.0));
#6313=CARTESIAN_POINT('',(9.50000000000019,5.6,0.0));
#6314=VECTOR('',#10911,2.54999999999981);
#6315=CARTESIAN_POINT('',(12.05,5.6,0.0));
#6316=VECTOR('',#10912,3.63397459621556);
#6317=CARTESIAN_POINT('',(12.05,5.6,6.5));
#6318=CARTESIAN_POINT('',(12.05,5.6,5.36602540378444));
#6319=VECTOR('',#10913,1.13397459621556);
#6320=CARTESIAN_POINT('',(22.85,5.6,6.5));
#6321=CARTESIAN_POINT('',(12.05,5.6,6.5));
#6322=VECTOR('',#10914,10.8);
#6323=CARTESIAN_POINT('',(22.85,5.6,6.5));
#6324=VECTOR('',#10915,1.13397459621556);
#6325=CARTESIAN_POINT('',(12.05,7.10000000000322,0.0));
#6326=CARTESIAN_POINT('',(12.05,7.10000000000322,0.0));
#6327=VECTOR('',#10916,1.50000000000322);
#6328=CARTESIAN_POINT('',(12.05,7.10000000000322,3.63397459621556));
#6329=VECTOR('',#10917,3.63397459621556);
#6330=CARTESIAN_POINT('',(12.05,7.10000000000322,6.5));
#6331=CARTESIAN_POINT('',(12.05,7.10000000000322,6.5));
#6332=VECTOR('',#10918,1.13397459621556);
#6333=CARTESIAN_POINT('',(12.05,5.6,6.5));
#6334=VECTOR('',#10919,1.50000000000322);
#6335=CARTESIAN_POINT('',(22.85,7.10000000000322,6.5));
#6336=CARTESIAN_POINT('',(22.85,5.6,6.5));
#6337=VECTOR('',#10920,1.50000000000322);
#6338=CARTESIAN_POINT('',(22.85,7.10000000000322,5.36602540378444));
#6339=VECTOR('',#10921,1.13397459621556);
#6340=CARTESIAN_POINT('',(22.85,7.10000000000322,6.5));
#6341=VECTOR('',#10922,10.8);
#6342=CARTESIAN_POINT('',(25.4,7.10000000000322,0.0));
#6343=CARTESIAN_POINT('',(25.4,7.10000000000322,0.0));
#6344=VECTOR('',#10923,2.55);
#6345=CARTESIAN_POINT('',(25.7508983736514,12.3267935038003,0.0));
#6346=CARTESIAN_POINT('',(25.7508983736514,12.3267935038003,0.0));
#6347=VECTOR('',#10924,5.23855896215424);
#6348=CARTESIAN_POINT('',(26.548525597304,12.3343125092853,0.0));
#6349=AXIS2_PLACEMENT_3D('',#10925,#10926,#10927);
#6350=CARTESIAN_POINT('',(26.851474402696,8.81568749071466,0.0));
#6351=CARTESIAN_POINT('',(26.851474402696,8.81568749071466,0.0));
#6352=VECTOR('',#10928,3.53164267728201);
#6353=CARTESIAN_POINT('',(27.5931128511411,8.64439462219618,0.0));
#6354=AXIS2_PLACEMENT_3D('',#10929,#10930,#10931);
#6355=CARTESIAN_POINT('',(29.9068871488589,12.5056053778038,0.0));
#6356=CARTESIAN_POINT('',(29.9068871488589,12.5056053778038,0.0));
#6357=VECTOR('',#10932,4.50138867462026);
#6358=CARTESIAN_POINT('',(30.6060125965071,12.1176403796663,0.0));
#6359=AXIS2_PLACEMENT_3D('',#10933,#10934,#10935);
#6360=CARTESIAN_POINT('',(29.7939874034929,10.5323596203337,0.0));
#6361=CARTESIAN_POINT('',(29.7939874034929,10.5323596203337,0.0));
#6362=VECTOR('',#10936,1.78115131305566);
#6363=CARTESIAN_POINT('',(30.3725559992477,10.0176314888578,0.0));
#6364=AXIS2_PLACEMENT_3D('',#10937,#10938,#10939);
#6365=CARTESIAN_POINT('',(34.2774440007523,12.6323685111422,0.0));
#6366=CARTESIAN_POINT('',(34.2774440007523,12.6323685111422,0.0));
#6367=VECTOR('',#10940,4.6994680550036);
#6368=CARTESIAN_POINT('',(34.7518049461531,11.9892038142241,0.0));
#6369=AXIS2_PLACEMENT_3D('',#10941,#10942,#10943);
#6370=CARTESIAN_POINT('',(32.2481950538469,9.9607961857759,0.0));
#6371=CARTESIAN_POINT('',(32.2481950538469,9.9607961857759,0.0));
#6372=VECTOR('',#10944,3.22218869714365);
#6373=CARTESIAN_POINT('',(32.66,9.28339394440354,0.0));
#6374=AXIS2_PLACEMENT_3D('',#10945,#10946,#10947);
#6375=CARTESIAN_POINT('',(34.34,10.0166060555965,0.0));
#6376=CARTESIAN_POINT('',(34.34,10.0166060555965,0.0));
#6377=VECTOR('',#10948,1.83303027798235);
#6378=CARTESIAN_POINT('',(34.7105260658186,9.30988417324249,0.0));
#6379=AXIS2_PLACEMENT_3D('',#10949,#10950,#10951);
#6380=CARTESIAN_POINT('',(31.1805915185348,7.12491312993187,0.0));
#6381=CARTESIAN_POINT('',(31.1805915185348,7.12491312993187,0.0));
#6382=VECTOR('',#10952,4.15144991156265);
#6383=CARTESIAN_POINT('',(30.8287643093551,7.15111111111111,0.0));
#6384=AXIS2_PLACEMENT_3D('',#10953,#10954,#10955);
#6385=CARTESIAN_POINT('',(29.3952815094355,7.08,0.0));
#6386=AXIS2_PLACEMENT_3D('',#10956,#10957,#10958);
#6387=CARTESIAN_POINT('',(28.95,7.08,0.0));
#6388=CARTESIAN_POINT('',(28.95,7.08,0.0));
#6389=VECTOR('',#10959,0.445281509435503);
#6390=CARTESIAN_POINT('',(28.95,5.62,0.0));
#6391=CARTESIAN_POINT('',(28.95,5.62,0.0));
#6392=VECTOR('',#10960,1.46);
#6393=CARTESIAN_POINT('',(29.3952815094355,5.62,0.0));
#6394=CARTESIAN_POINT('',(29.3952815094355,5.62,0.0));
#6395=VECTOR('',#10961,0.445281509435503);
#6396=CARTESIAN_POINT('',(30.8287643093551,5.54888888888889,0.0));
#6397=AXIS2_PLACEMENT_3D('',#10962,#10963,#10964);
#6398=CARTESIAN_POINT('',(31.1805915185348,5.57508687006813,0.0));
#6399=AXIS2_PLACEMENT_3D('',#10965,#10966,#10967);
#6400=CARTESIAN_POINT('',(34.7105260658186,3.39011582675751,0.0));
#6401=CARTESIAN_POINT('',(34.7105260658186,3.39011582675751,0.0));
#6402=VECTOR('',#10968,4.15144991156266);
#6403=CARTESIAN_POINT('',(34.34,2.68339394440354,0.0));
#6404=AXIS2_PLACEMENT_3D('',#10969,#10970,#10971);
#6405=CARTESIAN_POINT('',(32.66,3.41660605559647,0.0));
#6406=CARTESIAN_POINT('',(32.66,3.41660605559647,0.0));
#6407=VECTOR('',#10972,1.83303027798234);
#6408=CARTESIAN_POINT('',(32.2481950538469,2.7392038142241,0.0));
#6409=AXIS2_PLACEMENT_3D('',#10973,#10974,#10975);
#6410=CARTESIAN_POINT('',(34.7518049461531,0.710796185775908,0.0));
#6411=CARTESIAN_POINT('',(34.7518049461531,0.710796185775908,0.0));
#6412=VECTOR('',#10976,3.22218869714364);
#6413=CARTESIAN_POINT('',(34.2774440007523,0.067631488857806,0.0));
#6414=AXIS2_PLACEMENT_3D('',#10977,#10978,#10979);
#6415=CARTESIAN_POINT('',(30.3725559992477,2.6823685111422,0.0));
#6416=CARTESIAN_POINT('',(30.3725559992477,2.6823685111422,0.0));
#6417=VECTOR('',#10980,4.6994680550036);
#6418=CARTESIAN_POINT('',(29.7939874034929,2.16764037966631,0.0));
#6419=AXIS2_PLACEMENT_3D('',#10981,#10982,#10983);
#6420=CARTESIAN_POINT('',(30.6060125965071,0.582359620333704,0.0));
#6421=CARTESIAN_POINT('',(30.6060125965071,0.582359620333704,0.0));
#6422=VECTOR('',#10984,1.78115131305566);
#6423=CARTESIAN_POINT('',(29.9068871488589,0.194394622196181,0.0));
#6424=AXIS2_PLACEMENT_3D('',#10985,#10986,#10987);
#6425=CARTESIAN_POINT('',(27.5931128511411,4.05560537780382,0.0));
#6426=CARTESIAN_POINT('',(27.5931128511411,4.05560537780382,0.0));
#6427=VECTOR('',#10988,4.50138867462027);
#6428=CARTESIAN_POINT('',(26.851474402696,3.88431250928535,0.0));
#6429=AXIS2_PLACEMENT_3D('',#10989,#10990,#10991);
#6430=CARTESIAN_POINT('',(26.548525597304,0.365687490714655,0.0));
#6431=CARTESIAN_POINT('',(26.548525597304,0.365687490714655,0.0));
#6432=VECTOR('',#10992,3.53164267728207);
#6433=CARTESIAN_POINT('',(25.7508983736514,0.373206496199707,0.0));
#6434=AXIS2_PLACEMENT_3D('',#10993,#10994,#10995);
#6435=CARTESIAN_POINT('',(25.3999999999998,5.6,0.0));
#6436=VECTOR('',#10996,5.23855896215746);
#6437=CARTESIAN_POINT('',(9.14910162634861,0.373206496199707,0.0));
#6438=CARTESIAN_POINT('',(9.14910162634861,0.373206496199707,0.0));
#6439=VECTOR('',#10997,5.23855896215746);
#6440=CARTESIAN_POINT('',(8.35147440269596,0.365687490714655,0.0));
#6441=AXIS2_PLACEMENT_3D('',#10998,#10999,#11000);
#6442=CARTESIAN_POINT('',(8.04852559730404,3.88431250928535,0.0));
#6443=CARTESIAN_POINT('',(8.04852559730404,3.88431250928535,0.0));
#6444=VECTOR('',#11001,3.53164267728206);
#6445=CARTESIAN_POINT('',(7.30688714885894,4.05560537780382,0.0));
#6446=AXIS2_PLACEMENT_3D('',#11002,#11003,#11004);
#6447=CARTESIAN_POINT('',(4.99311285114106,0.19439462219618,0.0));
#6448=CARTESIAN_POINT('',(4.99311285114106,0.19439462219618,0.0));
#6449=VECTOR('',#11005,4.50138867462031);
#6450=CARTESIAN_POINT('',(4.29398740349287,0.5823596203337,0.0));
#6451=AXIS2_PLACEMENT_3D('',#11006,#11007,#11008);
#6452=CARTESIAN_POINT('',(5.10601259650713,2.1676403796663,0.0));
#6453=CARTESIAN_POINT('',(5.10601259650713,2.1676403796663,0.0));
#6454=VECTOR('',#11009,1.78115131305569);
#6455=CARTESIAN_POINT('',(4.52744400075235,2.6823685111422,0.0));
#6456=AXIS2_PLACEMENT_3D('',#11010,#11011,#11012);
#6457=CARTESIAN_POINT('',(0.622555999247651,0.067631488857805,0.0));
#6458=CARTESIAN_POINT('',(0.622555999247651,0.067631488857805,0.0));
#6459=VECTOR('',#11013,4.69946805500367);
#6460=CARTESIAN_POINT('',(0.14819505384693,0.710796185775903,0.0));
#6461=AXIS2_PLACEMENT_3D('',#11014,#11015,#11016);
#6462=CARTESIAN_POINT('',(2.65180494615307,2.7392038142241,0.0));
#6463=CARTESIAN_POINT('',(2.65180494615307,2.7392038142241,0.0));
#6464=VECTOR('',#11017,3.22218869714361);
#6465=CARTESIAN_POINT('',(2.24,3.41660605559647,0.0));
#6466=AXIS2_PLACEMENT_3D('',#11018,#11019,#11020);
#6467=CARTESIAN_POINT('',(0.560000000000001,2.68339394440353,0.0));
#6468=CARTESIAN_POINT('',(0.560000000000001,2.68339394440353,0.0));
#6469=VECTOR('',#11021,1.83303027798234);
#6470=CARTESIAN_POINT('',(0.189473934181403,3.39011582675751,0.0));
#6471=AXIS2_PLACEMENT_3D('',#11022,#11023,#11024);
#6472=CARTESIAN_POINT('',(3.7194084814652,5.57508687006813,0.0));
#6473=CARTESIAN_POINT('',(3.7194084814652,5.57508687006813,0.0));
#6474=VECTOR('',#11025,4.15144991156265);
#6475=CARTESIAN_POINT('',(4.07123569064489,5.54888888888889,0.0));
#6476=AXIS2_PLACEMENT_3D('',#11026,#11027,#11028);
#6477=CARTESIAN_POINT('',(5.50471849056453,5.62,0.0));
#6478=AXIS2_PLACEMENT_3D('',#11029,#11030,#11031);
#6479=CARTESIAN_POINT('',(5.95,5.62,0.0));
#6480=CARTESIAN_POINT('',(5.95,5.62,0.0));
#6481=VECTOR('',#11032,0.445281509435471);
#6482=CARTESIAN_POINT('',(5.95,7.08,0.0));
#6483=CARTESIAN_POINT('',(5.95,7.08,0.0));
#6484=VECTOR('',#11033,1.46);
#6485=CARTESIAN_POINT('',(5.50471849056453,7.08,0.0));
#6486=CARTESIAN_POINT('',(5.50471849056453,7.08,0.0));
#6487=VECTOR('',#11034,0.445281509435471);
#6488=CARTESIAN_POINT('',(4.07123569064489,7.15111111111111,0.0));
#6489=AXIS2_PLACEMENT_3D('',#11035,#11036,#11037);
#6490=CARTESIAN_POINT('',(3.7194084814652,7.12491312993187,0.0));
#6491=AXIS2_PLACEMENT_3D('',#11038,#11039,#11040);
#6492=CARTESIAN_POINT('',(0.189473934181403,9.30988417324249,0.0));
#6493=CARTESIAN_POINT('',(0.189473934181403,9.30988417324249,0.0));
#6494=VECTOR('',#11041,4.15144991156265);
#6495=CARTESIAN_POINT('',(0.560000000000001,10.0166060555965,0.0));
#6496=AXIS2_PLACEMENT_3D('',#11042,#11043,#11044);
#6497=CARTESIAN_POINT('',(2.24,9.28339394440353,0.0));
#6498=CARTESIAN_POINT('',(2.24,9.28339394440353,0.0));
#6499=VECTOR('',#11045,1.83303027798235);
#6500=CARTESIAN_POINT('',(2.65180494615307,9.9607961857759,0.0));
#6501=AXIS2_PLACEMENT_3D('',#11046,#11047,#11048);
#6502=CARTESIAN_POINT('',(0.148195053846928,11.9892038142241,0.0));
#6503=CARTESIAN_POINT('',(0.148195053846928,11.9892038142241,0.0));
#6504=VECTOR('',#11049,3.22218869714361);
#6505=CARTESIAN_POINT('',(0.622555999247651,12.6323685111422,0.0));
#6506=AXIS2_PLACEMENT_3D('',#11050,#11051,#11052);
#6507=CARTESIAN_POINT('',(4.52744400075235,10.0176314888578,0.0));
#6508=CARTESIAN_POINT('',(4.52744400075235,10.0176314888578,0.0));
#6509=VECTOR('',#11053,4.69946805500368);
#6510=CARTESIAN_POINT('',(5.10601259650713,10.5323596203337,0.0));
#6511=AXIS2_PLACEMENT_3D('',#11054,#11055,#11056);
#6512=CARTESIAN_POINT('',(4.29398740349287,12.1176403796663,0.0));
#6513=CARTESIAN_POINT('',(4.29398740349287,12.1176403796663,0.0));
#6514=VECTOR('',#11057,1.78115131305569);
#6515=CARTESIAN_POINT('',(4.99311285114106,12.5056053778038,0.0));
#6516=AXIS2_PLACEMENT_3D('',#11058,#11059,#11060);
#6517=CARTESIAN_POINT('',(7.30688714885894,8.64439462219618,0.0));
#6518=CARTESIAN_POINT('',(7.30688714885894,8.64439462219618,0.0));
#6519=VECTOR('',#11061,4.50138867462029);
#6520=CARTESIAN_POINT('',(8.04852559730404,8.81568749071465,0.0));
#6521=AXIS2_PLACEMENT_3D('',#11062,#11063,#11064);
#6522=CARTESIAN_POINT('',(8.35147440269596,12.3343125092853,0.0));
#6523=CARTESIAN_POINT('',(8.35147440269595,12.3343125092853,0.0));
#6524=VECTOR('',#11065,3.53164267728202);
#6525=CARTESIAN_POINT('',(9.14910162634861,12.3267935038003,0.0));
#6526=AXIS2_PLACEMENT_3D('',#11066,#11067,#11068);
#6527=CARTESIAN_POINT('',(9.5,7.10000000000322,0.0));
#6528=CARTESIAN_POINT('',(9.5,7.10000000000322,0.0));
#6529=VECTOR('',#11069,5.23855896215424);
#6530=CARTESIAN_POINT('',(12.05,7.10000000000322,0.0));
#6531=VECTOR('',#11070,2.55);
#6532=CARTESIAN_POINT('',(8.04852559730404,8.81568749071465,38.1));
#6533=CARTESIAN_POINT('',(8.35147440269596,12.3343125092853,38.1));
#6534=CARTESIAN_POINT('',(8.04852559730402,8.81568749071465,38.1));
#6535=VECTOR('',#11071,3.53164267728202);
#6536=CARTESIAN_POINT('',(8.35147440269596,12.3343125092853,0.0));
#6537=VECTOR('',#11072,38.1);
#6538=CARTESIAN_POINT('',(8.04852559730404,8.81568749071465,0.0));
#6539=VECTOR('',#11073,38.1);
#6540=CARTESIAN_POINT('',(9.14910162634861,12.3267935038003,38.1));
#6541=AXIS2_PLACEMENT_3D('',#11074,#11075,#11076);
#6542=CARTESIAN_POINT('',(9.14910162634861,12.3267935038003,0.0));
#6543=VECTOR('',#11077,38.1);
#6544=CARTESIAN_POINT('',(9.5,7.10000000000322,38.1));
#6545=CARTESIAN_POINT('',(9.14910162634861,12.3267935038003,38.1));
#6546=VECTOR('',#11078,5.23855896215424);
#6547=CARTESIAN_POINT('',(9.5,7.10000000000322,0.0));
#6548=VECTOR('',#11079,38.1);
#6549=CARTESIAN_POINT('',(25.4,7.10000000000322,38.1));
#6550=CARTESIAN_POINT('',(9.5,7.10000000000322,38.1));
#6551=VECTOR('',#11080,15.9);
#6552=CARTESIAN_POINT('',(25.4,7.10000000000322,0.0));
#6553=VECTOR('',#11081,38.1);
#6554=CARTESIAN_POINT('',(25.7508983736514,12.3267935038003,38.1));
#6555=CARTESIAN_POINT('',(25.4,7.10000000000322,38.1));
#6556=VECTOR('',#11082,5.23855896215424);
#6557=CARTESIAN_POINT('',(25.7508983736514,12.3267935038003,0.0));
#6558=VECTOR('',#11083,38.1);
#6559=CARTESIAN_POINT('',(26.548525597304,12.3343125092853,38.1));
#6560=AXIS2_PLACEMENT_3D('',#11084,#11085,#11086);
#6561=CARTESIAN_POINT('',(26.548525597304,12.3343125092853,0.0));
#6562=VECTOR('',#11087,38.1);
#6563=CARTESIAN_POINT('',(26.851474402696,8.81568749071466,38.1));
#6564=CARTESIAN_POINT('',(26.548525597304,12.3343125092853,38.1));
#6565=VECTOR('',#11088,3.53164267728201);
#6566=CARTESIAN_POINT('',(26.851474402696,8.81568749071466,0.0));
#6567=VECTOR('',#11089,38.1);
#6568=CARTESIAN_POINT('',(27.5931128511411,8.64439462219618,38.1));
#6569=AXIS2_PLACEMENT_3D('',#11090,#11091,#11092);
#6570=CARTESIAN_POINT('',(27.5931128511411,8.64439462219618,0.0));
#6571=VECTOR('',#11093,38.1);
#6572=CARTESIAN_POINT('',(29.9068871488589,12.5056053778038,38.1));
#6573=CARTESIAN_POINT('',(27.5931128511411,8.64439462219618,38.1));
#6574=VECTOR('',#11094,4.50138867462026);
#6575=CARTESIAN_POINT('',(29.9068871488589,12.5056053778038,0.0));
#6576=VECTOR('',#11095,38.1);
#6577=CARTESIAN_POINT('',(30.6060125965071,12.1176403796663,38.1));
#6578=AXIS2_PLACEMENT_3D('',#11096,#11097,#11098);
#6579=CARTESIAN_POINT('',(30.6060125965071,12.1176403796663,0.0));
#6580=VECTOR('',#11099,38.1);
#6581=CARTESIAN_POINT('',(29.7939874034929,10.5323596203337,38.1));
#6582=CARTESIAN_POINT('',(30.6060125965071,12.1176403796663,38.1));
#6583=VECTOR('',#11100,1.78115131305566);
#6584=CARTESIAN_POINT('',(29.7939874034929,10.5323596203337,0.0));
#6585=VECTOR('',#11101,38.1);
#6586=CARTESIAN_POINT('',(30.3725559992477,10.0176314888578,38.1));
#6587=AXIS2_PLACEMENT_3D('',#11102,#11103,#11104);
#6588=CARTESIAN_POINT('',(30.3725559992477,10.0176314888578,0.0));
#6589=VECTOR('',#11105,38.1);
#6590=CARTESIAN_POINT('',(34.2774440007523,12.6323685111422,38.1));
#6591=CARTESIAN_POINT('',(30.3725559992477,10.0176314888578,38.1));
#6592=VECTOR('',#11106,4.6994680550036);
#6593=CARTESIAN_POINT('',(34.2774440007523,12.6323685111422,0.0));
#6594=VECTOR('',#11107,38.1);
#6595=CARTESIAN_POINT('',(34.7518049461531,11.9892038142241,38.1));
#6596=AXIS2_PLACEMENT_3D('',#11108,#11109,#11110);
#6597=CARTESIAN_POINT('',(34.7518049461531,11.9892038142241,0.0));
#6598=VECTOR('',#11111,38.1);
#6599=CARTESIAN_POINT('',(32.2481950538469,9.9607961857759,38.1));
#6600=CARTESIAN_POINT('',(34.7518049461531,11.9892038142241,38.1));
#6601=VECTOR('',#11112,3.22218869714365);
#6602=CARTESIAN_POINT('',(32.2481950538469,9.9607961857759,0.0));
#6603=VECTOR('',#11113,38.1);
#6604=CARTESIAN_POINT('',(32.66,9.28339394440354,38.1));
#6605=AXIS2_PLACEMENT_3D('',#11114,#11115,#11116);
#6606=CARTESIAN_POINT('',(32.66,9.28339394440354,0.0));
#6607=VECTOR('',#11117,38.1);
#6608=CARTESIAN_POINT('',(34.34,10.0166060555965,38.1));
#6609=CARTESIAN_POINT('',(32.66,9.28339394440354,38.1));
#6610=VECTOR('',#11118,1.83303027798235);
#6611=CARTESIAN_POINT('',(34.34,10.0166060555965,0.0));
#6612=VECTOR('',#11119,38.1);
#6613=CARTESIAN_POINT('',(34.7105260658186,9.30988417324249,38.1));
#6614=AXIS2_PLACEMENT_3D('',#11120,#11121,#11122);
#6615=CARTESIAN_POINT('',(34.7105260658186,9.30988417324249,0.0));
#6616=VECTOR('',#11123,38.1);
#6617=CARTESIAN_POINT('',(31.1805915185348,7.12491312993187,38.1));
#6618=CARTESIAN_POINT('',(34.7105260658186,9.30988417324249,38.1));
#6619=VECTOR('',#11124,4.15144991156266);
#6620=CARTESIAN_POINT('',(31.1805915185348,7.12491312993187,0.0));
#6621=VECTOR('',#11125,38.1);
#6622=CARTESIAN_POINT('',(30.8287643093551,7.15111111111111,38.1));
#6623=AXIS2_PLACEMENT_3D('',#11126,#11127,#11128);
#6624=CARTESIAN_POINT('',(30.8287643093551,7.15111111111111,0.0));
#6625=VECTOR('',#11129,38.1);
#6626=CARTESIAN_POINT('',(29.3952815094355,7.08,38.1));
#6627=AXIS2_PLACEMENT_3D('',#11130,#11131,#11132);
#6628=CARTESIAN_POINT('',(29.3952815094355,7.08,0.0));
#6629=VECTOR('',#11133,38.1);
#6630=CARTESIAN_POINT('',(28.95,7.08,38.1));
#6631=CARTESIAN_POINT('',(29.3952815094355,7.08,38.1));
#6632=VECTOR('',#11134,0.445281509435503);
#6633=CARTESIAN_POINT('',(28.95,7.08,0.0));
#6634=VECTOR('',#11135,38.1);
#6635=CARTESIAN_POINT('',(28.95,5.62,38.1));
#6636=CARTESIAN_POINT('',(28.95,7.08,38.1));
#6637=VECTOR('',#11136,1.46);
#6638=CARTESIAN_POINT('',(28.95,5.62,0.0));
#6639=VECTOR('',#11137,38.1);
#6640=CARTESIAN_POINT('',(29.3952815094355,5.62,38.1));
#6641=CARTESIAN_POINT('',(28.95,5.62,38.1));
#6642=VECTOR('',#11138,0.445281509435503);
#6643=CARTESIAN_POINT('',(29.3952815094355,5.62,0.0));
#6644=VECTOR('',#11139,38.1);
#6645=CARTESIAN_POINT('',(30.8287643093551,5.54888888888889,38.1));
#6646=AXIS2_PLACEMENT_3D('',#11140,#11141,#11142);
#6647=CARTESIAN_POINT('',(30.8287643093551,5.54888888888889,0.0));
#6648=VECTOR('',#11143,38.1);
#6649=CARTESIAN_POINT('',(31.1805915185348,5.57508687006813,38.1));
#6650=AXIS2_PLACEMENT_3D('',#11144,#11145,#11146);
#6651=CARTESIAN_POINT('',(31.1805915185348,5.57508687006813,0.0));
#6652=VECTOR('',#11147,38.1);
#6653=CARTESIAN_POINT('',(34.7105260658186,3.39011582675751,38.1));
#6654=CARTESIAN_POINT('',(31.1805915185348,5.57508687006813,38.1));
#6655=VECTOR('',#11148,4.15144991156265);
#6656=CARTESIAN_POINT('',(34.7105260658186,3.39011582675751,0.0));
#6657=VECTOR('',#11149,38.1);
#6658=CARTESIAN_POINT('',(34.34,2.68339394440354,38.1));
#6659=AXIS2_PLACEMENT_3D('',#11150,#11151,#11152);
#6660=CARTESIAN_POINT('',(34.34,2.68339394440354,0.0));
#6661=VECTOR('',#11153,38.1);
#6662=CARTESIAN_POINT('',(32.66,3.41660605559647,38.1));
#6663=CARTESIAN_POINT('',(34.34,2.68339394440353,38.1));
#6664=VECTOR('',#11154,1.83303027798234);
#6665=CARTESIAN_POINT('',(32.66,3.41660605559647,0.0));
#6666=VECTOR('',#11155,38.1);
#6667=CARTESIAN_POINT('',(32.2481950538469,2.7392038142241,38.1));
#6668=AXIS2_PLACEMENT_3D('',#11156,#11157,#11158);
#6669=CARTESIAN_POINT('',(32.2481950538469,2.7392038142241,0.0));
#6670=VECTOR('',#11159,38.1);
#6671=CARTESIAN_POINT('',(34.7518049461531,0.710796185775908,38.1));
#6672=CARTESIAN_POINT('',(32.2481950538469,2.7392038142241,38.1));
#6673=VECTOR('',#11160,3.22218869714364);
#6674=CARTESIAN_POINT('',(34.7518049461531,0.710796185775908,0.0));
#6675=VECTOR('',#11161,38.1);
#6676=CARTESIAN_POINT('',(34.2774440007523,0.067631488857806,38.1));
#6677=AXIS2_PLACEMENT_3D('',#11162,#11163,#11164);
#6678=CARTESIAN_POINT('',(34.2774440007523,0.067631488857806,0.0));
#6679=VECTOR('',#11165,38.1);
#6680=CARTESIAN_POINT('',(30.3725559992477,2.6823685111422,38.1));
#6681=CARTESIAN_POINT('',(34.2774440007523,0.067631488857807,38.1));
#6682=VECTOR('',#11166,4.6994680550036);
#6683=CARTESIAN_POINT('',(30.3725559992477,2.6823685111422,0.0));
#6684=VECTOR('',#11167,38.1);
#6685=CARTESIAN_POINT('',(29.7939874034929,2.16764037966631,38.1));
#6686=AXIS2_PLACEMENT_3D('',#11168,#11169,#11170);
#6687=CARTESIAN_POINT('',(29.7939874034929,2.16764037966631,0.0));
#6688=VECTOR('',#11171,38.1);
#6689=CARTESIAN_POINT('',(30.6060125965071,0.582359620333704,38.1));
#6690=CARTESIAN_POINT('',(29.7939874034929,2.16764037966631,38.1));
#6691=VECTOR('',#11172,1.78115131305566);
#6692=CARTESIAN_POINT('',(30.6060125965071,0.582359620333704,0.0));
#6693=VECTOR('',#11173,38.1);
#6694=CARTESIAN_POINT('',(29.9068871488589,0.194394622196181,38.1));
#6695=AXIS2_PLACEMENT_3D('',#11174,#11175,#11176);
#6696=CARTESIAN_POINT('',(29.9068871488589,0.194394622196181,0.0));
#6697=VECTOR('',#11177,38.1);
#6698=CARTESIAN_POINT('',(27.5931128511411,4.05560537780382,38.1));
#6699=CARTESIAN_POINT('',(29.9068871488589,0.194394622196181,38.1));
#6700=VECTOR('',#11178,4.50138867462027);
#6701=CARTESIAN_POINT('',(27.5931128511411,4.05560537780382,0.0));
#6702=VECTOR('',#11179,38.1);
#6703=CARTESIAN_POINT('',(26.851474402696,3.88431250928535,38.1));
#6704=AXIS2_PLACEMENT_3D('',#11180,#11181,#11182);
#6705=CARTESIAN_POINT('',(26.851474402696,3.88431250928535,0.0));
#6706=VECTOR('',#11183,38.1);
#6707=CARTESIAN_POINT('',(26.548525597304,0.365687490714655,38.1));
#6708=CARTESIAN_POINT('',(26.851474402696,3.88431250928535,38.1));
#6709=VECTOR('',#11184,3.53164267728207);
#6710=CARTESIAN_POINT('',(26.548525597304,0.365687490714655,0.0));
#6711=VECTOR('',#11185,38.1);
#6712=CARTESIAN_POINT('',(25.7508983736514,0.373206496199707,38.1));
#6713=AXIS2_PLACEMENT_3D('',#11186,#11187,#11188);
#6714=CARTESIAN_POINT('',(25.7508983736514,0.373206496199707,0.0));
#6715=VECTOR('',#11189,38.1);
#6716=CARTESIAN_POINT('',(25.7508983736514,0.373206496199707,38.1));
#6717=VECTOR('',#11190,5.23855896215746);
#6718=CARTESIAN_POINT('',(9.14910162634861,0.373206496199707,38.1));
#6719=CARTESIAN_POINT('',(9.50000000000019,5.6,38.1));
#6720=VECTOR('',#11191,5.23855896215746);
#6721=CARTESIAN_POINT('',(9.14910162634861,0.373206496199707,0.0));
#6722=VECTOR('',#11192,38.1);
#6723=CARTESIAN_POINT('',(8.35147440269596,0.365687490714655,38.1));
#6724=AXIS2_PLACEMENT_3D('',#11193,#11194,#11195);
#6725=CARTESIAN_POINT('',(8.35147440269596,0.365687490714655,0.0));
#6726=VECTOR('',#11196,38.1);
#6727=CARTESIAN_POINT('',(8.04852559730404,3.88431250928535,38.1));
#6728=CARTESIAN_POINT('',(8.35147440269596,0.365687490714655,38.1));
#6729=VECTOR('',#11197,3.53164267728206);
#6730=CARTESIAN_POINT('',(8.04852559730404,3.88431250928535,0.0));
#6731=VECTOR('',#11198,38.1);
#6732=CARTESIAN_POINT('',(7.30688714885894,4.05560537780382,38.1));
#6733=AXIS2_PLACEMENT_3D('',#11199,#11200,#11201);
#6734=CARTESIAN_POINT('',(7.30688714885894,4.05560537780382,0.0));
#6735=VECTOR('',#11202,38.1);
#6736=CARTESIAN_POINT('',(4.99311285114106,0.19439462219618,38.1));
#6737=CARTESIAN_POINT('',(7.30688714885894,4.05560537780382,38.1));
#6738=VECTOR('',#11203,4.50138867462031);
#6739=CARTESIAN_POINT('',(4.99311285114106,0.19439462219618,0.0));
#6740=VECTOR('',#11204,38.1);
#6741=CARTESIAN_POINT('',(4.29398740349287,0.5823596203337,38.1));
#6742=AXIS2_PLACEMENT_3D('',#11205,#11206,#11207);
#6743=CARTESIAN_POINT('',(4.29398740349287,0.5823596203337,0.0));
#6744=VECTOR('',#11208,38.1);
#6745=CARTESIAN_POINT('',(5.10601259650713,2.1676403796663,38.1));
#6746=CARTESIAN_POINT('',(4.29398740349287,0.5823596203337,38.1));
#6747=VECTOR('',#11209,1.78115131305568);
#6748=CARTESIAN_POINT('',(5.10601259650713,2.1676403796663,0.0));
#6749=VECTOR('',#11210,38.1);
#6750=CARTESIAN_POINT('',(4.52744400075235,2.6823685111422,38.1));
#6751=AXIS2_PLACEMENT_3D('',#11211,#11212,#11213);
#6752=CARTESIAN_POINT('',(4.52744400075235,2.6823685111422,0.0));
#6753=VECTOR('',#11214,38.1);
#6754=CARTESIAN_POINT('',(0.622555999247651,0.067631488857805,38.1));
#6755=CARTESIAN_POINT('',(4.52744400075235,2.6823685111422,38.1));
#6756=VECTOR('',#11215,4.69946805500368);
#6757=CARTESIAN_POINT('',(0.622555999247651,0.067631488857805,0.0));
#6758=VECTOR('',#11216,38.1);
#6759=CARTESIAN_POINT('',(0.14819505384693,0.710796185775903,38.1));
#6760=AXIS2_PLACEMENT_3D('',#11217,#11218,#11219);
#6761=CARTESIAN_POINT('',(0.14819505384693,0.710796185775903,0.0));
#6762=VECTOR('',#11220,38.1);
#6763=CARTESIAN_POINT('',(2.65180494615307,2.7392038142241,38.1));
#6764=CARTESIAN_POINT('',(0.14819505384693,0.710796185775903,38.1));
#6765=VECTOR('',#11221,3.2221886971436);
#6766=CARTESIAN_POINT('',(2.65180494615307,2.7392038142241,0.0));
#6767=VECTOR('',#11222,38.1);
#6768=CARTESIAN_POINT('',(2.24,3.41660605559647,38.1));
#6769=AXIS2_PLACEMENT_3D('',#11223,#11224,#11225);
#6770=CARTESIAN_POINT('',(2.24,3.41660605559647,0.0));
#6771=VECTOR('',#11226,38.1);
#6772=CARTESIAN_POINT('',(0.560000000000001,2.68339394440353,38.1));
#6773=CARTESIAN_POINT('',(2.24,3.41660605559647,38.1));
#6774=VECTOR('',#11227,1.83303027798234);
#6775=CARTESIAN_POINT('',(0.560000000000001,2.68339394440353,0.0));
#6776=VECTOR('',#11228,38.1);
#6777=CARTESIAN_POINT('',(0.189473934181403,3.39011582675751,38.1));
#6778=AXIS2_PLACEMENT_3D('',#11229,#11230,#11231);
#6779=CARTESIAN_POINT('',(0.189473934181403,3.39011582675751,0.0));
#6780=VECTOR('',#11232,38.1);
#6781=CARTESIAN_POINT('',(3.7194084814652,5.57508687006813,38.1));
#6782=CARTESIAN_POINT('',(0.189473934181403,3.39011582675751,38.1));
#6783=VECTOR('',#11233,4.15144991156265);
#6784=CARTESIAN_POINT('',(3.7194084814652,5.57508687006813,0.0));
#6785=VECTOR('',#11234,38.1);
#6786=CARTESIAN_POINT('',(4.07123569064489,5.54888888888889,38.1));
#6787=AXIS2_PLACEMENT_3D('',#11235,#11236,#11237);
#6788=CARTESIAN_POINT('',(4.07123569064489,5.54888888888889,0.0));
#6789=VECTOR('',#11238,38.1);
#6790=CARTESIAN_POINT('',(5.50471849056453,5.62,38.1));
#6791=AXIS2_PLACEMENT_3D('',#11239,#11240,#11241);
#6792=CARTESIAN_POINT('',(5.50471849056453,5.62,0.0));
#6793=VECTOR('',#11242,38.1);
#6794=CARTESIAN_POINT('',(5.95,5.62,38.1));
#6795=CARTESIAN_POINT('',(5.50471849056453,5.62,38.1));
#6796=VECTOR('',#11243,0.445281509435471);
#6797=CARTESIAN_POINT('',(5.95,5.62,0.0));
#6798=VECTOR('',#11244,38.1);
#6799=CARTESIAN_POINT('',(5.95,7.08,38.1));
#6800=CARTESIAN_POINT('',(5.95,5.62,38.1));
#6801=VECTOR('',#11245,1.46);
#6802=CARTESIAN_POINT('',(5.95,7.08,0.0));
#6803=VECTOR('',#11246,38.1);
#6804=CARTESIAN_POINT('',(5.50471849056453,7.08,38.1));
#6805=CARTESIAN_POINT('',(5.95,7.08,38.1));
#6806=VECTOR('',#11247,0.445281509435471);
#6807=CARTESIAN_POINT('',(5.50471849056453,7.08,0.0));
#6808=VECTOR('',#11248,38.1);
#6809=CARTESIAN_POINT('',(4.07123569064489,7.15111111111111,38.1));
#6810=AXIS2_PLACEMENT_3D('',#11249,#11250,#11251);
#6811=CARTESIAN_POINT('',(4.07123569064489,7.15111111111111,0.0));
#6812=VECTOR('',#11252,38.1);
#6813=CARTESIAN_POINT('',(3.7194084814652,7.12491312993187,38.1));
#6814=AXIS2_PLACEMENT_3D('',#11253,#11254,#11255);
#6815=CARTESIAN_POINT('',(3.7194084814652,7.12491312993187,0.0));
#6816=VECTOR('',#11256,38.1);
#6817=CARTESIAN_POINT('',(0.189473934181403,9.30988417324249,38.1));
#6818=CARTESIAN_POINT('',(3.7194084814652,7.12491312993187,38.1));
#6819=VECTOR('',#11257,4.15144991156265);
#6820=CARTESIAN_POINT('',(0.189473934181403,9.30988417324249,0.0));
#6821=VECTOR('',#11258,38.1);
#6822=CARTESIAN_POINT('',(0.560000000000001,10.0166060555965,38.1));
#6823=AXIS2_PLACEMENT_3D('',#11259,#11260,#11261);
#6824=CARTESIAN_POINT('',(0.560000000000001,10.0166060555965,0.0));
#6825=VECTOR('',#11262,38.1);
#6826=CARTESIAN_POINT('',(2.24,9.28339394440353,38.1));
#6827=CARTESIAN_POINT('',(0.560000000000001,10.0166060555965,38.1));
#6828=VECTOR('',#11263,1.83303027798235);
#6829=CARTESIAN_POINT('',(2.24,9.28339394440353,0.0));
#6830=VECTOR('',#11264,38.1);
#6831=CARTESIAN_POINT('',(2.65180494615307,9.9607961857759,38.1));
#6832=AXIS2_PLACEMENT_3D('',#11265,#11266,#11267);
#6833=CARTESIAN_POINT('',(2.65180494615307,9.9607961857759,0.0));
#6834=VECTOR('',#11268,38.1);
#6835=CARTESIAN_POINT('',(0.148195053846928,11.9892038142241,38.1));
#6836=CARTESIAN_POINT('',(2.65180494615307,9.9607961857759,38.1));
#6837=VECTOR('',#11269,3.22218869714361);
#6838=CARTESIAN_POINT('',(0.148195053846928,11.9892038142241,0.0));
#6839=VECTOR('',#11270,38.1);
#6840=CARTESIAN_POINT('',(0.622555999247651,12.6323685111422,38.1));
#6841=AXIS2_PLACEMENT_3D('',#11271,#11272,#11273);
#6842=CARTESIAN_POINT('',(0.622555999247651,12.6323685111422,0.0));
#6843=VECTOR('',#11274,38.1);
#6844=CARTESIAN_POINT('',(4.52744400075235,10.0176314888578,38.1));
#6845=CARTESIAN_POINT('',(0.622555999247651,12.6323685111422,38.1));
#6846=VECTOR('',#11275,4.69946805500368);
#6847=CARTESIAN_POINT('',(4.52744400075235,10.0176314888578,0.0));
#6848=VECTOR('',#11276,38.1);
#6849=CARTESIAN_POINT('',(5.10601259650713,10.5323596203337,38.1));
#6850=AXIS2_PLACEMENT_3D('',#11277,#11278,#11279);
#6851=CARTESIAN_POINT('',(5.10601259650713,10.5323596203337,0.0));
#6852=VECTOR('',#11280,38.1);
#6853=CARTESIAN_POINT('',(4.29398740349287,12.1176403796663,38.1));
#6854=CARTESIAN_POINT('',(5.10601259650713,10.5323596203337,38.1));
#6855=VECTOR('',#11281,1.78115131305569);
#6856=CARTESIAN_POINT('',(4.29398740349287,12.1176403796663,0.0));
#6857=VECTOR('',#11282,38.1);
#6858=CARTESIAN_POINT('',(4.99311285114106,12.5056053778038,38.1));
#6859=AXIS2_PLACEMENT_3D('',#11283,#11284,#11285);
#6860=CARTESIAN_POINT('',(4.99311285114106,12.5056053778038,0.0));
#6861=VECTOR('',#11286,38.1);
#6862=CARTESIAN_POINT('',(7.30688714885894,8.64439462219618,38.1));
#6863=CARTESIAN_POINT('',(4.99311285114106,12.5056053778038,38.1));
#6864=VECTOR('',#11287,4.50138867462029);
#6865=CARTESIAN_POINT('',(7.30688714885894,8.64439462219618,0.0));
#6866=VECTOR('',#11288,38.1);
#6867=AXIS2_PLACEMENT_3D('',#11289,#11290,#11291);
#6868=CARTESIAN_POINT('',(29.8424228293262,7.03402944679324,4.75));
#6869=CARTESIAN_POINT('',(29.8424228293262,7.30152313901464,4.75));
#6870=CARTESIAN_POINT('',(29.8424228293262,7.17685633490954,4.75));
#6871=VECTOR('',#11292,1.0);
#6872=CARTESIAN_POINT('',(29.9056346035499,7.05907372890115,4.89590744082801));
#6873=CARTESIAN_POINT('',(29.9056346035499,7.05907372890115,4.60409255917198));
#6874=CARTESIAN_POINT('',(29.9037612255552,7.05842811373064,4.60584885104207));
#6875=CARTESIAN_POINT('',(29.9019324256424,7.05778955453119,4.60763118096453));
#6876=CARTESIAN_POINT('',(29.8828925553282,7.05106247722394,4.62690250843515));
#6877=CARTESIAN_POINT('',(29.8677510614508,7.04493839936096,4.64904045208788));
#6878=CARTESIAN_POINT('',(29.8475214264417,7.03640016296091,4.69793770507419));
#6879=CARTESIAN_POINT('',(29.8424228293262,7.03402944679324,4.72470026405252));
#6880=CARTESIAN_POINT('',(29.8424228293262,7.03402944679324,4.77529973594748));
#6881=CARTESIAN_POINT('',(29.8475214264417,7.03640016296091,4.80206229492582));
#6882=CARTESIAN_POINT('',(29.8677510614508,7.04493839936096,4.85095954791212));
#6883=CARTESIAN_POINT('',(29.8828925553282,7.05106247722394,4.87309749156485));
#6884=CARTESIAN_POINT('',(29.9019324256424,7.05778955453119,4.89236881903547));
#6885=CARTESIAN_POINT('',(29.9037612255551,7.05842811373064,4.89415114895793));
#6886=CARTESIAN_POINT('',(29.9056346035499,7.05907372890115,4.89590744082802));
#6887=CARTESIAN_POINT('',(29.9056346035499,7.31968322302584,4.89590744082801));
#6888=CARTESIAN_POINT('',(29.9056346035499,7.05907372890115,4.89590744082801));
#6889=VECTOR('',#11293,0.260609494124691);
#6890=CARTESIAN_POINT('',(29.9056346035499,7.31968322302584,4.89590744082801));
#6891=CARTESIAN_POINT('',(29.9038944803651,7.31924470260821,4.89427607534225));
#6892=CARTESIAN_POINT('',(29.9021929889149,7.3188109359211,4.89262240711707));
#6893=CARTESIAN_POINT('',(29.8830517463788,7.31387989036887,4.87335326255743));
#6894=CARTESIAN_POINT('',(29.8677952855088,7.30940470363034,4.85105460363263));
#6895=CARTESIAN_POINT('',(29.8474835892112,7.30321224797157,4.8019826339899));
#6896=CARTESIAN_POINT('',(29.8424228293262,7.30152313901464,4.77520806059704));
#6897=CARTESIAN_POINT('',(29.8424228293262,7.30152313901464,4.72479193940296));
#6898=CARTESIAN_POINT('',(29.8474835892112,7.30321224797157,4.6980173660101));
#6899=CARTESIAN_POINT('',(29.8677952855088,7.30940470363034,4.64894539636737));
#6900=CARTESIAN_POINT('',(29.8830517463788,7.31387989036887,4.62664673744257));
#6901=CARTESIAN_POINT('',(29.9021929889149,7.3188109359211,4.60737759288293));
#6902=CARTESIAN_POINT('',(29.9038944803651,7.31924470260821,4.60572392465775));
#6903=CARTESIAN_POINT('',(29.9056346035499,7.31968322302584,4.60409255917198));
#6904=CARTESIAN_POINT('',(30.4575771706739,7.30152313901464,4.0));
#6905=CARTESIAN_POINT('',(30.4575771706739,7.03402944679325,4.0));
#6906=CARTESIAN_POINT('',(30.4575771706739,7.17685633490954,4.0));
#6907=VECTOR('',#11294,1.0);
#6908=CARTESIAN_POINT('',(30.3943653964501,7.31968322302584,3.85409255917198));
#6909=CARTESIAN_POINT('',(30.3943653964501,7.31968322302584,4.14590744082801));
#6910=CARTESIAN_POINT('',(30.396105519635,7.31924470260821,4.14427607534225));
#6911=CARTESIAN_POINT('',(30.3978070110852,7.3188109359211,4.14262240711707));
#6912=CARTESIAN_POINT('',(30.4169482536212,7.31387989036887,4.12335326255743));
#6913=CARTESIAN_POINT('',(30.4322047144913,7.30940470363034,4.10105460363263));
#6914=CARTESIAN_POINT('',(30.4525164107888,7.30321224797157,4.0519826339899));
#6915=CARTESIAN_POINT('',(30.4575771706739,7.30152313901464,4.02520806059704));
#6916=CARTESIAN_POINT('',(30.4575771706739,7.30152313901464,4.0));
#6917=CARTESIAN_POINT('',(30.4575771706739,7.30152313901464,3.97479193940296));
#6918=CARTESIAN_POINT('',(30.4525164107888,7.30321224797157,3.9480173660101));
#6919=CARTESIAN_POINT('',(30.4322047144913,7.30940470363034,3.89894539636737));
#6920=CARTESIAN_POINT('',(30.4169482536212,7.31387989036887,3.87664673744257));
#6921=CARTESIAN_POINT('',(30.3978070110852,7.3188109359211,3.85737759288293));
#6922=CARTESIAN_POINT('',(30.396105519635,7.31924470260821,3.85572392465774));
#6923=CARTESIAN_POINT('',(30.3943653964501,7.31968322302584,3.85409255917198));
#6924=CARTESIAN_POINT('',(30.3943653964501,7.05907372890115,3.85409255917198));
#6925=CARTESIAN_POINT('',(30.3943653964501,7.31968322302584,3.85409255917198));
#6926=VECTOR('',#11295,0.260609494124691);
#6927=CARTESIAN_POINT('',(30.3943653964501,7.05907372890115,3.85409255917198));
#6928=CARTESIAN_POINT('',(30.3962387744449,7.05842811373064,3.85584885104207));
#6929=CARTESIAN_POINT('',(30.3980675743576,7.05778955453119,3.85763118096453));
#6930=CARTESIAN_POINT('',(30.4171074446719,7.05106247722394,3.87690250843515));
#6931=CARTESIAN_POINT('',(30.4322489385493,7.04493839936096,3.89904045208788));
#6932=CARTESIAN_POINT('',(30.4524785735584,7.03640016296091,3.94793770507418));
#6933=CARTESIAN_POINT('',(30.4575771706739,7.03402944679325,3.97470026405252));
#6934=CARTESIAN_POINT('',(30.4575771706739,7.03402944679325,4.0));
#6935=CARTESIAN_POINT('',(30.4575771706739,7.03402944679325,4.02529973594748));
#6936=CARTESIAN_POINT('',(30.4524785735584,7.03640016296091,4.05206229492581));
#6937=CARTESIAN_POINT('',(30.4322489385493,7.04493839936096,4.10095954791212));
#6938=CARTESIAN_POINT('',(30.4171074446719,7.05106247722394,4.12309749156485));
#6939=CARTESIAN_POINT('',(30.3980675743576,7.05778955453119,4.14236881903547));
#6940=CARTESIAN_POINT('',(30.3962387744449,7.05842811373064,4.14415114895793));
#6941=CARTESIAN_POINT('',(30.3943653964501,7.05907372890115,4.14590744082801));
#6942=CARTESIAN_POINT('',(29.7693171219946,7.27470565392104,-4.25));
#6943=CARTESIAN_POINT('',(29.7693171219946,6.99620472483071,-4.25));
#6944=CARTESIAN_POINT('',(29.7693171219946,7.14723633564013,-4.25));
#6945=VECTOR('',#11296,1.0);
#6946=CARTESIAN_POINT('',(29.8325288962184,7.29826794644955,-4.10409255917199));
#6947=CARTESIAN_POINT('',(29.8325288962184,7.29826794644956,-4.39590744082802));
#6948=CARTESIAN_POINT('',(29.8306061231905,7.29762422029834,-4.39410484111436));
#6949=CARTESIAN_POINT('',(29.828729804092,7.29698954234074,-4.39227433597353));
#6950=CARTESIAN_POINT('',(29.8096815185983,7.29048627035376,-4.37295536313851));
#6951=CARTESIAN_POINT('',(29.794563980171,7.28475461508909,-4.35081008594783));
#6952=CARTESIAN_POINT('',(29.7743862003899,7.2768491679473,-4.30194364609549));
#6953=CARTESIAN_POINT('',(29.7693171219946,7.27470565392104,-4.27522123924711));
#6954=CARTESIAN_POINT('',(29.7693171219946,7.27470565392104,-4.22453553940023));
#6955=CARTESIAN_POINT('',(29.7744832244354,7.27689098359536,-4.19757610351837));
#6956=CARTESIAN_POINT('',(29.7950145672238,7.28492776854032,-4.14835154546393));
#6957=CARTESIAN_POINT('',(29.8103891933948,7.29074781887321,-4.12608521612522));
#6958=CARTESIAN_POINT('',(29.8294079572813,7.29721871475557,-4.10706645223876));
#6959=CARTESIAN_POINT('',(29.8309526360464,7.29774022951203,-4.10557030308325));
#6960=CARTESIAN_POINT('',(29.8325288962184,7.29826794644956,-4.10409255917199));
#6961=CARTESIAN_POINT('',(29.8325288962184,7.0294940016392,-4.10409255917199));
#6962=CARTESIAN_POINT('',(29.8325288962184,7.29826794644955,-4.10409255917199));
#6963=VECTOR('',#11297,0.268773944810352);
#6964=CARTESIAN_POINT('',(29.8325288962184,7.0294940016392,-4.10409255917198));
#6965=CARTESIAN_POINT('',(29.830313354395,7.02845886298243,-4.1061696296314));
#6966=CARTESIAN_POINT('',(29.8281586033888,7.02743892233658,-4.10828459477448));
#6967=CARTESIAN_POINT('',(29.8092893795736,7.01840280863363,-4.12765154445627));
#6968=CARTESIAN_POINT('',(29.7944153035523,7.01043359698818,-4.14949203401198));
#6969=CARTESIAN_POINT('',(29.774437729633,6.99930938822117,-4.19798948045398));
#6970=CARTESIAN_POINT('',(29.7693171219946,6.99620472483071,-4.22465092005566));
#6971=CARTESIAN_POINT('',(29.7693171219946,6.99620472483071,-4.27581033489936));
#6972=CARTESIAN_POINT('',(29.7746222948986,6.99942343096399,-4.30290956182737));
#6973=CARTESIAN_POINT('',(29.7952526773964,7.01088955143707,-4.3520634483922));
#6974=CARTESIAN_POINT('',(29.8105969908773,7.01908334546132,-4.37412258135731));
#6975=CARTESIAN_POINT('',(29.8294081241092,7.02802924245381,-4.39293371458918));
#6976=CARTESIAN_POINT('',(29.830952791364,7.02875761876227,-4.39442984252708));
#6977=CARTESIAN_POINT('',(29.8325288962184,7.0294940016392,-4.39590744082802));
#6978=CARTESIAN_POINT('',(29.8424228293262,7.03402944679324,-4.25));
#6979=CARTESIAN_POINT('',(29.8424228293262,7.30152313901464,-4.25));
#6980=CARTESIAN_POINT('',(29.8424228293262,7.17685633490954,-4.25));
#6981=VECTOR('',#11298,1.0);
#6982=CARTESIAN_POINT('',(29.9056346035499,7.05907372890115,-4.10409255917199));
#6983=CARTESIAN_POINT('',(29.9056346035499,7.05907372890114,-4.39590744082802));
#6984=CARTESIAN_POINT('',(29.9040580412033,7.05853040418446,-4.39442941362805));
#6985=CARTESIAN_POINT('',(29.9025133688328,7.05799218666818,-4.39293325198122));
#6986=CARTESIAN_POINT('',(29.8834981273502,7.05129955849106,-4.3739180104986));
#6987=CARTESIAN_POINT('',(29.868136911428,7.04509727847192,-4.35167660028893));
#6988=CARTESIAN_POINT('',(29.847604756735,7.03643981332564,-4.30247351342939));
#6989=CARTESIAN_POINT('',(29.8424228293262,7.03402944679324,-4.27550854714981));
#6990=CARTESIAN_POINT('',(29.8424228293262,7.03402944679324,-4.22470026405252));
#6991=CARTESIAN_POINT('',(29.8475214264417,7.0364001629609,-4.19793770507419));
#6992=CARTESIAN_POINT('',(29.8677510614508,7.04493839936095,-4.14904045208788));
#6993=CARTESIAN_POINT('',(29.8828925553282,7.05106247722394,-4.12690250843515));
#6994=CARTESIAN_POINT('',(29.9019324256424,7.05778955453119,-4.10763118096454));
#6995=CARTESIAN_POINT('',(29.9037612255551,7.05842811373063,-4.10584885104207));
#6996=CARTESIAN_POINT('',(29.9056346035499,7.05907372890114,-4.10409255917199));
#6997=CARTESIAN_POINT('',(29.9056346035499,7.31968322302584,-4.10409255917199));
#6998=CARTESIAN_POINT('',(29.9056346035499,7.05907372890115,-4.10409255917199));
#6999=VECTOR('',#11299,0.260609494124691);
#7000=CARTESIAN_POINT('',(29.9056346035499,7.31968322302584,-4.10409255917199));
#7001=CARTESIAN_POINT('',(29.9040580395365,7.3192859204006,-4.10557058793454));
#7002=CARTESIAN_POINT('',(29.902513359547,7.31889256354132,-4.10706675730454));
#7003=CARTESIAN_POINT('',(29.8833852432953,7.31397480022739,-4.12619487355629));
#7004=CARTESIAN_POINT('',(29.8680070914207,7.3094678273289,-4.14855127043823));
#7005=CARTESIAN_POINT('',(29.8475287238204,7.30322766388141,-4.19779247839946));
#7006=CARTESIAN_POINT('',(29.8424228293262,7.30152313901464,-4.22467855615643));
#7007=CARTESIAN_POINT('',(29.8424228293262,7.30152313901464,-4.27520806059704));
#7008=CARTESIAN_POINT('',(29.8474835892112,7.30321224797157,-4.30198263398991));
#7009=CARTESIAN_POINT('',(29.8677952855088,7.30940470363034,-4.35105460363263));
#7010=CARTESIAN_POINT('',(29.8830517463788,7.31387989036887,-4.37335326255744));
#7011=CARTESIAN_POINT('',(29.9021929889149,7.3188109359211,-4.39262240711707));
#7012=CARTESIAN_POINT('',(29.9038944803651,7.31924470260821,-4.39427607534226));
#7013=CARTESIAN_POINT('',(29.9056346035499,7.31968322302584,-4.39590744082802));
#7014=CARTESIAN_POINT('',(30.3844714633423,7.06240657835123,-3.5));
#7015=CARTESIAN_POINT('',(30.3844714633423,7.32212300295699,-3.5));
#7016=CARTESIAN_POINT('',(30.3844714633423,7.19881625055681,-3.5));
#7017=VECTOR('',#11300,1.0);
#7018=CARTESIAN_POINT('',(30.3212596891186,7.08018498949445,-3.64590744082802));
#7019=CARTESIAN_POINT('',(30.3212596891186,7.08018498949445,-3.35409255917199));
#7020=CARTESIAN_POINT('',(30.3229072901472,7.07979855640694,-3.35563718513626));
#7021=CARTESIAN_POINT('',(30.3245198854439,7.0794144501958,-3.35720145332245));
#7022=CARTESIAN_POINT('',(30.3436805656937,7.0747862306299,-3.37641743088904));
#7023=CARTESIAN_POINT('',(30.3589978878682,7.07035936781544,-3.39875590194917));
#7024=CARTESIAN_POINT('',(30.3793905427494,7.0641502940195,-3.44791431006505));
#7025=CARTESIAN_POINT('',(30.3844714633423,7.06240657835124,-3.47473678358457));
#7026=CARTESIAN_POINT('',(30.3844714633423,7.06240657835124,-3.5));
#7027=CARTESIAN_POINT('',(30.3844714633423,7.06240657835124,-3.52526321641544));
#7028=CARTESIAN_POINT('',(30.3793905427494,7.0641502940195,-3.55208568993496));
#7029=CARTESIAN_POINT('',(30.3589978878682,7.07035936781544,-3.60124409805084));
#7030=CARTESIAN_POINT('',(30.3436805656937,7.0747862306299,-3.62358256911097));
#7031=CARTESIAN_POINT('',(30.3245198854439,7.0794144501958,-3.64279854667756));
#7032=CARTESIAN_POINT('',(30.3229072901472,7.07979855640694,-3.64436281486375));
#7033=CARTESIAN_POINT('',(30.3212596891186,7.08018498949445,-3.64590744082802));
#7034=CARTESIAN_POINT('',(30.3212596891186,7.33522592276239,-3.64590744082802));
#7035=CARTESIAN_POINT('',(30.3212596891186,7.08018498949445,-3.64590744082802));
#7036=VECTOR('',#11301,0.255040933267943);
#7037=CARTESIAN_POINT('',(30.3212596891186,7.33522592276239,-3.64590744082802));
#7038=CARTESIAN_POINT('',(30.3228364181748,7.33495184336421,-3.64442925733785));
#7039=CARTESIAN_POINT('',(30.3243811005382,7.33467943516146,-3.64293307527873));
#7040=CARTESIAN_POINT('',(30.3435861623518,7.33124790277728,-3.6237280134652));
#7041=CARTESIAN_POINT('',(30.3589668206591,7.32797093323829,-3.60130775797286));
#7042=CARTESIAN_POINT('',(30.3794079625051,7.32339522488054,-3.55205489961329));
#7043=CARTESIAN_POINT('',(30.3844714633423,7.32212300295699,-3.52522108913851));
#7044=CARTESIAN_POINT('',(30.3844714633423,7.32212300295699,-3.5));
#7045=CARTESIAN_POINT('',(30.3844714633423,7.32212300295699,-3.47480601404835));
#7046=CARTESIAN_POINT('',(30.3794187334123,7.3233924375839,-3.44799902882463));
#7047=CARTESIAN_POINT('',(30.3590177461194,7.32795985773298,-3.39878701710475));
#7048=CARTESIAN_POINT('',(30.3436664904495,7.33123144187654,-3.37638078681923));
#7049=CARTESIAN_POINT('',(30.3244583918438,7.3346658022872,-3.35714181957256));
#7050=CARTESIAN_POINT('',(30.3228758533144,7.33494498843926,-3.3556077131056));
#7051=CARTESIAN_POINT('',(30.3212596891186,7.33522592276239,-3.35409255917199));
#7052=CARTESIAN_POINT('',(29.7693171219946,7.27470565392104,-2.75));
#7053=CARTESIAN_POINT('',(29.7693171219946,6.99620472483071,-2.75));
#7054=CARTESIAN_POINT('',(29.7693171219946,7.14723633564013,-2.75));
#7055=VECTOR('',#11302,1.0);
#7056=CARTESIAN_POINT('',(29.8325288962184,7.29826794644955,-2.60409255917199));
#7057=CARTESIAN_POINT('',(29.8325288962184,7.29826794644956,-2.89590744082802));
#7058=CARTESIAN_POINT('',(29.8309526360464,7.29774022951203,-2.89442969691675));
#7059=CARTESIAN_POINT('',(29.8294079572813,7.29721871475557,-2.89293354776124));
#7060=CARTESIAN_POINT('',(29.8103891933948,7.29074781887321,-2.87391478387479));
#7061=CARTESIAN_POINT('',(29.7950145672238,7.28492776854032,-2.85164845453607));
#7062=CARTESIAN_POINT('',(29.7744832244354,7.27689098359536,-2.80242389648163));
#7063=CARTESIAN_POINT('',(29.7693171219946,7.27470565392104,-2.77546446059978));
#7064=CARTESIAN_POINT('',(29.7693171219946,7.27470565392104,-2.7247787607529));
#7065=CARTESIAN_POINT('',(29.7743862003899,7.2768491679473,-2.69805635390451));
#7066=CARTESIAN_POINT('',(29.794563980171,7.28475461508909,-2.64918991405218));
#7067=CARTESIAN_POINT('',(29.8096815185983,7.29048627035376,-2.6270446368615));
#7068=CARTESIAN_POINT('',(29.828729804092,7.29698954234074,-2.60772566402648));
#7069=CARTESIAN_POINT('',(29.8306061231905,7.29762422029834,-2.60589515888564));
#7070=CARTESIAN_POINT('',(29.8325288962184,7.29826794644955,-2.60409255917199));
#7071=CARTESIAN_POINT('',(29.8325288962184,7.0294940016392,-2.60409255917199));
#7072=CARTESIAN_POINT('',(29.8325288962184,7.29826794644955,-2.60409255917199));
#7073=VECTOR('',#11303,0.268773944810352);
#7074=CARTESIAN_POINT('',(29.8325288962184,7.0294940016392,-2.60409255917199));
#7075=CARTESIAN_POINT('',(29.830952791364,7.02875761876227,-2.60557015747293));
#7076=CARTESIAN_POINT('',(29.8294081241092,7.02802924245381,-2.60706628541082));
#7077=CARTESIAN_POINT('',(29.8105969908773,7.01908334546132,-2.6258774186427));
#7078=CARTESIAN_POINT('',(29.7952526773964,7.01088955143707,-2.64793655160781));
#7079=CARTESIAN_POINT('',(29.7746222948986,6.99942343096399,-2.69709043817263));
#7080=CARTESIAN_POINT('',(29.7693171219946,6.99620472483071,-2.72418966510064));
#7081=CARTESIAN_POINT('',(29.7693171219946,6.99620472483071,-2.77534907994434));
#7082=CARTESIAN_POINT('',(29.774437729633,6.99930938822117,-2.80201051954603));
#7083=CARTESIAN_POINT('',(29.7944153035523,7.01043359698818,-2.85050796598802));
#7084=CARTESIAN_POINT('',(29.8092893795736,7.01840280863363,-2.87234845554374));
#7085=CARTESIAN_POINT('',(29.8281586033888,7.02743892233658,-2.89171540522552));
#7086=CARTESIAN_POINT('',(29.830313354395,7.02845886298243,-2.89383037036861));
#7087=CARTESIAN_POINT('',(29.8325288962184,7.0294940016392,-2.89590744082802));
#7088=CARTESIAN_POINT('',(30.4575771706739,7.30152313901464,-3.5));
#7089=CARTESIAN_POINT('',(30.4575771706739,7.03402944679324,-3.5));
#7090=CARTESIAN_POINT('',(30.4575771706739,7.17685633490954,-3.5));
#7091=VECTOR('',#11304,1.0);
#7092=CARTESIAN_POINT('',(30.3943653964501,7.31968322302584,-3.64590744082802));
#7093=CARTESIAN_POINT('',(30.3943653964501,7.31968322302584,-3.35409255917199));
#7094=CARTESIAN_POINT('',(30.3961055196349,7.31924470260821,-3.35572392465775));
#7095=CARTESIAN_POINT('',(30.3978070110852,7.3188109359211,-3.35737759288294));
#7096=CARTESIAN_POINT('',(30.4169482536212,7.31387989036887,-3.37664673744257));
#7097=CARTESIAN_POINT('',(30.4322047144912,7.30940470363034,-3.39894539636738));
#7098=CARTESIAN_POINT('',(30.4525164107888,7.30321224797157,-3.4480173660101));
#7099=CARTESIAN_POINT('',(30.4575771706739,7.30152313901464,-3.47479193940296));
#7100=CARTESIAN_POINT('',(30.4575771706739,7.30152313901464,-3.5));
#7101=CARTESIAN_POINT('',(30.4575771706739,7.30152313901464,-3.52532144384358));
#7102=CARTESIAN_POINT('',(30.4524712761796,7.30322766388141,-3.55220752160055));
#7103=CARTESIAN_POINT('',(30.4319929085794,7.3094678273289,-3.60144872956178));
#7104=CARTESIAN_POINT('',(30.4166147567048,7.31397480022739,-3.62380512644371));
#7105=CARTESIAN_POINT('',(30.397486640453,7.31889256354132,-3.64293324269547));
#7106=CARTESIAN_POINT('',(30.3959419604635,7.3192859204006,-3.64442941206547));
#7107=CARTESIAN_POINT('',(30.3943653964501,7.31968322302584,-3.64590744082802));
#7108=CARTESIAN_POINT('',(30.3943653964501,7.05907372890115,-3.64590744082802));
#7109=CARTESIAN_POINT('',(30.3943653964501,7.31968322302584,-3.64590744082802));
#7110=VECTOR('',#11305,0.260609494124691);
#7111=CARTESIAN_POINT('',(30.3943653964501,7.05907372890115,-3.64590744082802));
#7112=CARTESIAN_POINT('',(30.3962387744449,7.05842811373063,-3.64415114895794));
#7113=CARTESIAN_POINT('',(30.3980675743576,7.05778955453119,-3.64236881903547));
#7114=CARTESIAN_POINT('',(30.4171074446719,7.05106247722394,-3.62309749156486));
#7115=CARTESIAN_POINT('',(30.4322489385493,7.04493839936096,-3.60095954791213));
#7116=CARTESIAN_POINT('',(30.4524785735584,7.03640016296091,-3.55206229492582));
#7117=CARTESIAN_POINT('',(30.4575771706739,7.03402944679324,-3.52529973594749));
#7118=CARTESIAN_POINT('',(30.4575771706739,7.03402944679324,-3.5));
#7119=CARTESIAN_POINT('',(30.4575771706739,7.03402944679324,-3.47470026405252));
#7120=CARTESIAN_POINT('',(30.4524785735584,7.03640016296091,-3.44793770507419));
#7121=CARTESIAN_POINT('',(30.4322489385493,7.04493839936096,-3.39904045208788));
#7122=CARTESIAN_POINT('',(30.4171074446719,7.05106247722394,-3.37690250843515));
#7123=CARTESIAN_POINT('',(30.3980675743576,7.05778955453119,-3.35763118096454));
#7124=CARTESIAN_POINT('',(30.3962387744449,7.05842811373064,-3.35584885104207));
#7125=CARTESIAN_POINT('',(30.3943653964501,7.05907372890115,-3.35409255917199));
#7126=CARTESIAN_POINT('',(29.8424228293262,7.03402944679324,-2.75));
#7127=CARTESIAN_POINT('',(29.8424228293262,7.30152313901464,-2.75));
#7128=CARTESIAN_POINT('',(29.8424228293262,7.17685633490954,-2.75));
#7129=VECTOR('',#11306,1.0);
#7130=CARTESIAN_POINT('',(29.9056346035499,7.05907372890115,-2.60409255917199));
#7131=CARTESIAN_POINT('',(29.9056346035499,7.05907372890115,-2.89590744082802));
#7132=CARTESIAN_POINT('',(29.9037612255552,7.05842811373063,-2.89415114895793));
#7133=CARTESIAN_POINT('',(29.9019324256424,7.05778955453119,-2.89236881903547));
#7134=CARTESIAN_POINT('',(29.8828925553282,7.05106247722394,-2.87309749156485));
#7135=CARTESIAN_POINT('',(29.8677510614508,7.04493839936095,-2.85095954791212));
#7136=CARTESIAN_POINT('',(29.8475214264417,7.0364001629609,-2.80206229492582));
#7137=CARTESIAN_POINT('',(29.8424228293262,7.03402944679324,-2.77529973594748));
#7138=CARTESIAN_POINT('',(29.8424228293262,7.03402944679324,-2.7244914528502));
#7139=CARTESIAN_POINT('',(29.847604756735,7.03643981332564,-2.69752648657062));
#7140=CARTESIAN_POINT('',(29.868136911428,7.04509727847192,-2.64832339971107));
#7141=CARTESIAN_POINT('',(29.8834981273502,7.05129955849106,-2.6260819895014));
#7142=CARTESIAN_POINT('',(29.9025133688328,7.05799218666818,-2.60706674801878));
#7143=CARTESIAN_POINT('',(29.9040580412033,7.05853040418446,-2.60557058637196));
#7144=CARTESIAN_POINT('',(29.9056346035499,7.05907372890114,-2.60409255917199));
#7145=CARTESIAN_POINT('',(29.9056346035499,7.31968322302584,-2.60409255917199));
#7146=CARTESIAN_POINT('',(29.9056346035499,7.05907372890115,-2.60409255917199));
#7147=VECTOR('',#11307,0.260609494124691);
#7148=CARTESIAN_POINT('',(29.9056346035499,7.31968322302584,-2.60409255917199));
#7149=CARTESIAN_POINT('',(29.9038944803651,7.31924470260821,-2.60572392465775));
#7150=CARTESIAN_POINT('',(29.9021929889149,7.3188109359211,-2.60737759288293));
#7151=CARTESIAN_POINT('',(29.8830517463788,7.31387989036887,-2.62664673744257));
#7152=CARTESIAN_POINT('',(29.8677952855088,7.30940470363034,-2.64894539636737));
#7153=CARTESIAN_POINT('',(29.8474835892112,7.30321224797157,-2.6980173660101));
#7154=CARTESIAN_POINT('',(29.8424228293262,7.30152313901464,-2.72479193940296));
#7155=CARTESIAN_POINT('',(29.8424228293262,7.30152313901464,-2.77532144384357));
#7156=CARTESIAN_POINT('',(29.8475287238204,7.30322766388141,-2.80220752160054));
#7157=CARTESIAN_POINT('',(29.8680070914207,7.3094678273289,-2.85144872956178));
#7158=CARTESIAN_POINT('',(29.8833852432953,7.31397480022739,-2.87380512644371));
#7159=CARTESIAN_POINT('',(29.902513359547,7.31889256354132,-2.89293324269546));
#7160=CARTESIAN_POINT('',(29.9040580395365,7.3192859204006,-2.89442941206546));
#7161=CARTESIAN_POINT('',(29.9056346035499,7.31968322302584,-2.89590744082802));
#7162=CARTESIAN_POINT('',(30.3844714633423,7.06240657835124,-2.0));
#7163=CARTESIAN_POINT('',(30.3844714633423,7.32212300295699,-2.0));
#7164=CARTESIAN_POINT('',(30.3844714633423,7.19881625055681,-2.0));
#7165=VECTOR('',#11308,1.0);
#7166=CARTESIAN_POINT('',(30.3212596891186,7.08018498949445,-2.14590744082802));
#7167=CARTESIAN_POINT('',(30.3212596891186,7.08018498949445,-1.85409255917199));
#7168=CARTESIAN_POINT('',(30.3229072901472,7.07979855640694,-1.85563718513626));
#7169=CARTESIAN_POINT('',(30.3245198854439,7.0794144501958,-1.85720145332244));
#7170=CARTESIAN_POINT('',(30.3436805656937,7.0747862306299,-1.87641743088904));
#7171=CARTESIAN_POINT('',(30.3589978878682,7.07035936781544,-1.89875590194917));
#7172=CARTESIAN_POINT('',(30.3793905427494,7.0641502940195,-1.94791431006505));
#7173=CARTESIAN_POINT('',(30.3844714633423,7.06240657835124,-1.97473678358457));
#7174=CARTESIAN_POINT('',(30.3844714633423,7.06240657835124,-2.0));
#7175=CARTESIAN_POINT('',(30.3844714633423,7.06240657835124,-2.02531220482829));
#7176=CARTESIAN_POINT('',(30.3793710431985,7.06415718653874,-2.05218280094517));
#7177=CARTESIAN_POINT('',(30.3589063207284,7.07038641673847,-2.10141432716065));
#7178=CARTESIAN_POINT('',(30.3435363671585,7.07482624644061,-2.12377780865842));
#7179=CARTESIAN_POINT('',(30.3243811838906,7.07944747634276,-2.14293299192631));
#7180=CARTESIAN_POINT('',(30.3228365060384,7.07981515831553,-2.14442917496566));
#7181=CARTESIAN_POINT('',(30.3212596891186,7.08018498949445,-2.14590744082802));
#7182=CARTESIAN_POINT('',(30.3212596891186,7.33522592276239,-2.14590744082802));
#7183=CARTESIAN_POINT('',(30.3212596891186,7.08018498949445,-2.14590744082802));
#7184=VECTOR('',#11309,0.255040933267943);
#7185=CARTESIAN_POINT('',(30.3212596891186,7.33522592276239,-2.14590744082802));
#7186=CARTESIAN_POINT('',(30.3228758533144,7.33494498843926,-2.14439228689441));
#7187=CARTESIAN_POINT('',(30.3244583918438,7.3346658022872,-2.14285818042745));
#7188=CARTESIAN_POINT('',(30.3436664904495,7.33123144187654,-2.12361921318077));
#7189=CARTESIAN_POINT('',(30.3590177461194,7.32795985773298,-2.10121298289525));
#7190=CARTESIAN_POINT('',(30.3794187334123,7.3233924375839,-2.05200097117538));
#7191=CARTESIAN_POINT('',(30.3844714633423,7.32212300295699,-2.02519398595165));
#7192=CARTESIAN_POINT('',(30.3844714633423,7.32212300295699,-2.0));
#7193=CARTESIAN_POINT('',(30.3844714633423,7.32212300295699,-1.9747789108615));
#7194=CARTESIAN_POINT('',(30.3794079625051,7.32339522488054,-1.94794510038671));
#7195=CARTESIAN_POINT('',(30.3589668206591,7.32797093323829,-1.89869224202714));
#7196=CARTESIAN_POINT('',(30.3435861623518,7.33124790277728,-1.87627198653481));
#7197=CARTESIAN_POINT('',(30.3243811005382,7.33467943516146,-1.85706692472128));
#7198=CARTESIAN_POINT('',(30.3228364181748,7.33495184336421,-1.85557074266215));
#7199=CARTESIAN_POINT('',(30.3212596891186,7.33522592276239,-1.85409255917199));
#7200=CARTESIAN_POINT('',(29.7693171219946,7.27470565392104,-1.25));
#7201=CARTESIAN_POINT('',(29.7693171219946,6.99620472483071,-1.25));
#7202=CARTESIAN_POINT('',(29.7693171219946,7.14723633564013,-1.25));
#7203=VECTOR('',#11310,1.0);
#7204=CARTESIAN_POINT('',(29.8325288962184,7.29826794644955,-1.10409255917199));
#7205=CARTESIAN_POINT('',(29.8325288962184,7.29826794644956,-1.39590744082802));
#7206=CARTESIAN_POINT('',(29.8306061231905,7.29762422029834,-1.39410484111436));
#7207=CARTESIAN_POINT('',(29.828729804092,7.29698954234074,-1.39227433597352));
#7208=CARTESIAN_POINT('',(29.8096815185983,7.29048627035376,-1.3729553631385));
#7209=CARTESIAN_POINT('',(29.794563980171,7.28475461508909,-1.35081008594782));
#7210=CARTESIAN_POINT('',(29.7743862003899,7.2768491679473,-1.30194364609549));
#7211=CARTESIAN_POINT('',(29.7693171219946,7.27470565392104,-1.2752212392471));
#7212=CARTESIAN_POINT('',(29.7693171219946,7.27470565392104,-1.2247787607529));
#7213=CARTESIAN_POINT('',(29.7743862003899,7.2768491679473,-1.19805635390451));
#7214=CARTESIAN_POINT('',(29.794563980171,7.28475461508909,-1.14918991405217));
#7215=CARTESIAN_POINT('',(29.8096815185983,7.29048627035376,-1.1270446368615));
#7216=CARTESIAN_POINT('',(29.828729804092,7.29698954234074,-1.10772566402648));
#7217=CARTESIAN_POINT('',(29.8306061231905,7.29762422029834,-1.10589515888564));
#7218=CARTESIAN_POINT('',(29.8325288962184,7.29826794644955,-1.10409255917199));
#7219=CARTESIAN_POINT('',(29.8325288962184,7.0294940016392,-1.10409255917199));
#7220=CARTESIAN_POINT('',(29.8325288962184,7.29826794644955,-1.10409255917199));
#7221=VECTOR('',#11311,0.268773944810352);
#7222=CARTESIAN_POINT('',(29.8325288962184,7.0294940016392,-1.10409255917199));
#7223=CARTESIAN_POINT('',(29.830313354395,7.02845886298243,-1.10616962963139));
#7224=CARTESIAN_POINT('',(29.8281586033888,7.02743892233658,-1.10828459477448));
#7225=CARTESIAN_POINT('',(29.8092893795736,7.01840280863363,-1.12765154445626));
#7226=CARTESIAN_POINT('',(29.7944153035523,7.01043359698818,-1.14949203401198));
#7227=CARTESIAN_POINT('',(29.774437729633,6.99930938822117,-1.19798948045397));
#7228=CARTESIAN_POINT('',(29.7693171219946,6.99620472483071,-1.22465092005566));
#7229=CARTESIAN_POINT('',(29.7693171219946,6.99620472483071,-1.27534907994434));
#7230=CARTESIAN_POINT('',(29.774437729633,6.99930938822117,-1.30201051954603));
#7231=CARTESIAN_POINT('',(29.7944153035523,7.01043359698818,-1.35050796598802));
#7232=CARTESIAN_POINT('',(29.8092893795736,7.01840280863363,-1.37234845554374));
#7233=CARTESIAN_POINT('',(29.8281586033888,7.02743892233659,-1.39171540522552));
#7234=CARTESIAN_POINT('',(29.830313354395,7.02845886298243,-1.39383037036861));
#7235=CARTESIAN_POINT('',(29.8325288962184,7.0294940016392,-1.39590744082802));
#7236=CARTESIAN_POINT('',(30.4575771706739,7.30152313901464,-2.0));
#7237=CARTESIAN_POINT('',(30.4575771706739,7.03402944679324,-2.0));
#7238=CARTESIAN_POINT('',(30.4575771706739,7.17685633490954,-2.0));
#7239=VECTOR('',#11312,1.0);
#7240=CARTESIAN_POINT('',(30.3943653964501,7.31968322302584,-2.14590744082802));
#7241=CARTESIAN_POINT('',(30.3943653964501,7.31968322302584,-1.85409255917199));
#7242=CARTESIAN_POINT('',(30.3959419604635,7.3192859204006,-1.85557058793454));
#7243=CARTESIAN_POINT('',(30.397486640453,7.31889256354132,-1.85706675730454));
#7244=CARTESIAN_POINT('',(30.4166147567048,7.31397480022739,-1.87619487355629));
#7245=CARTESIAN_POINT('',(30.4319929085794,7.3094678273289,-1.89855127043822));
#7246=CARTESIAN_POINT('',(30.4524712761796,7.30322766388141,-1.94779247839946));
#7247=CARTESIAN_POINT('',(30.4575771706739,7.30152313901464,-1.97467855615643));
#7248=CARTESIAN_POINT('',(30.4575771706739,7.30152313901464,-2.0));
#7249=CARTESIAN_POINT('',(30.4575771706739,7.30152313901464,-2.02520806059704));
#7250=CARTESIAN_POINT('',(30.4525164107888,7.30321224797157,-2.0519826339899));
#7251=CARTESIAN_POINT('',(30.4322047144913,7.30940470363034,-2.10105460363263));
#7252=CARTESIAN_POINT('',(30.4169482536212,7.31387989036887,-2.12335326255743));
#7253=CARTESIAN_POINT('',(30.3978070110852,7.3188109359211,-2.14262240711707));
#7254=CARTESIAN_POINT('',(30.3961055196349,7.31924470260821,-2.14427607534226));
#7255=CARTESIAN_POINT('',(30.3943653964501,7.31968322302584,-2.14590744082802));
#7256=CARTESIAN_POINT('',(30.3943653964501,7.05907372890115,-2.14590744082802));
#7257=CARTESIAN_POINT('',(30.3943653964501,7.31968322302584,-2.14590744082802));
#7258=VECTOR('',#11313,0.260609494124691);
#7259=CARTESIAN_POINT('',(30.3943653964501,7.05907372890115,-2.14590744082802));
#7260=CARTESIAN_POINT('',(30.3959419587968,7.05853040418446,-2.14442941362804));
#7261=CARTESIAN_POINT('',(30.3974866311673,7.05799218666819,-2.14293325198122));
#7262=CARTESIAN_POINT('',(30.4165018726499,7.05129955849106,-2.1239180104986));
#7263=CARTESIAN_POINT('',(30.4318630885721,7.04509727847192,-2.10167660028893));
#7264=CARTESIAN_POINT('',(30.452395243265,7.03643981332565,-2.05247351342938));
#7265=CARTESIAN_POINT('',(30.4575771706739,7.03402944679324,-2.02550854714981));
#7266=CARTESIAN_POINT('',(30.4575771706739,7.03402944679324,-2.0));
#7267=CARTESIAN_POINT('',(30.4575771706739,7.03402944679324,-1.97470026405252));
#7268=CARTESIAN_POINT('',(30.4524785735584,7.03640016296091,-1.94793770507418));
#7269=CARTESIAN_POINT('',(30.4322489385493,7.04493839936096,-1.89904045208788));
#7270=CARTESIAN_POINT('',(30.4171074446719,7.05106247722394,-1.87690250843515));
#7271=CARTESIAN_POINT('',(30.3980675743576,7.05778955453119,-1.85763118096453));
#7272=CARTESIAN_POINT('',(30.3962387744449,7.05842811373063,-1.85584885104207));
#7273=CARTESIAN_POINT('',(30.3943653964501,7.05907372890115,-1.85409255917199));
#7274=CARTESIAN_POINT('',(29.8424228293262,7.03402944679324,-1.25));
#7275=CARTESIAN_POINT('',(29.8424228293262,7.30152313901464,-1.25));
#7276=CARTESIAN_POINT('',(29.8424228293262,7.17685633490954,-1.25));
#7277=VECTOR('',#11314,1.0);
#7278=CARTESIAN_POINT('',(29.9056346035499,7.05907372890115,-1.10409255917199));
#7279=CARTESIAN_POINT('',(29.9056346035499,7.05907372890115,-1.39590744082802));
#7280=CARTESIAN_POINT('',(29.9037612255552,7.05842811373063,-1.39415114895793));
#7281=CARTESIAN_POINT('',(29.9019324256424,7.05778955453119,-1.39236881903547));
#7282=CARTESIAN_POINT('',(29.8828925553282,7.05106247722394,-1.37309749156485));
#7283=CARTESIAN_POINT('',(29.8677510614508,7.04493839936095,-1.35095954791212));
#7284=CARTESIAN_POINT('',(29.8475214264417,7.0364001629609,-1.30206229492582));
#7285=CARTESIAN_POINT('',(29.8424228293262,7.03402944679324,-1.27529973594748));
#7286=CARTESIAN_POINT('',(29.8424228293262,7.03402944679324,-1.22470026405251));
#7287=CARTESIAN_POINT('',(29.8475214264417,7.0364001629609,-1.19793770507418));
#7288=CARTESIAN_POINT('',(29.8677510614508,7.04493839936095,-1.14904045208788));
#7289=CARTESIAN_POINT('',(29.8828925553282,7.05106247722394,-1.12690250843515));
#7290=CARTESIAN_POINT('',(29.9019324256424,7.05778955453119,-1.10763118096453));
#7291=CARTESIAN_POINT('',(29.9037612255551,7.05842811373063,-1.10584885104207));
#7292=CARTESIAN_POINT('',(29.9056346035499,7.05907372890114,-1.10409255917199));
#7293=CARTESIAN_POINT('',(29.9056346035499,7.31968322302584,-1.10409255917199));
#7294=CARTESIAN_POINT('',(29.9056346035499,7.05907372890115,-1.10409255917199));
#7295=VECTOR('',#11315,0.260609494124691);
#7296=CARTESIAN_POINT('',(29.9056346035499,7.31968322302584,-1.10409255917199));
#7297=CARTESIAN_POINT('',(29.9038944803651,7.31924470260821,-1.10572392465775));
#7298=CARTESIAN_POINT('',(29.9021929889149,7.3188109359211,-1.10737759288293));
#7299=CARTESIAN_POINT('',(29.8830517463788,7.31387989036887,-1.12664673744257));
#7300=CARTESIAN_POINT('',(29.8677952855088,7.30940470363034,-1.14894539636737));
#7301=CARTESIAN_POINT('',(29.8474835892112,7.30321224797157,-1.1980173660101));
#7302=CARTESIAN_POINT('',(29.8424228293262,7.30152313901464,-1.22479193940296));
#7303=CARTESIAN_POINT('',(29.8424228293262,7.30152313901464,-1.27520806059704));
#7304=CARTESIAN_POINT('',(29.8474835892112,7.30321224797157,-1.3019826339899));
#7305=CARTESIAN_POINT('',(29.8677952855088,7.30940470363034,-1.35105460363263));
#7306=CARTESIAN_POINT('',(29.8830517463788,7.31387989036887,-1.37335326255743));
#7307=CARTESIAN_POINT('',(29.9021929889149,7.3188109359211,-1.39262240711707));
#7308=CARTESIAN_POINT('',(29.9038944803651,7.31924470260821,-1.39427607534226));
#7309=CARTESIAN_POINT('',(29.9056346035499,7.31968322302584,-1.39590744082802));
#7310=CARTESIAN_POINT('',(30.3844714633423,7.06240657835124,-0.5));
#7311=CARTESIAN_POINT('',(30.3844714633423,7.32212300295699,-0.5));
#7312=CARTESIAN_POINT('',(30.3844714633423,7.19881625055682,-0.5));
#7313=VECTOR('',#11316,1.0);
#7314=CARTESIAN_POINT('',(30.3212596891186,7.08018498949445,-0.645907440828019));
#7315=CARTESIAN_POINT('',(30.3212596891186,7.08018498949445,-0.354092559171986));
#7316=CARTESIAN_POINT('',(30.3229072901472,7.07979855640694,-0.355637185136258));
#7317=CARTESIAN_POINT('',(30.3245198854439,7.0794144501958,-0.357201453322444));
#7318=CARTESIAN_POINT('',(30.3436805656937,7.0747862306299,-0.376417430889036));
#7319=CARTESIAN_POINT('',(30.3589978878682,7.07035936781544,-0.398755901949165));
#7320=CARTESIAN_POINT('',(30.3793905427494,7.0641502940195,-0.447914310065046));
#7321=CARTESIAN_POINT('',(30.3844714633423,7.06240657835124,-0.474736783584569));
#7322=CARTESIAN_POINT('',(30.3844714633423,7.06240657835124,-0.5));
#7323=CARTESIAN_POINT('',(30.3844714633423,7.06240657835124,-0.525263216415431));
#7324=CARTESIAN_POINT('',(30.3793905427494,7.0641502940195,-0.552085689934954));
#7325=CARTESIAN_POINT('',(30.3589978878682,7.07035936781544,-0.601244098050834));
#7326=CARTESIAN_POINT('',(30.3436805656937,7.0747862306299,-0.623582569110964));
#7327=CARTESIAN_POINT('',(30.3245198854439,7.0794144501958,-0.642798546677558));
#7328=CARTESIAN_POINT('',(30.3229072901472,7.07979855640694,-0.644362814863744));
#7329=CARTESIAN_POINT('',(30.3212596891186,7.08018498949445,-0.645907440828018));
#7330=CARTESIAN_POINT('',(30.3212596891186,7.33522592276239,-0.645907440828019));
#7331=CARTESIAN_POINT('',(30.3212596891186,7.08018498949445,-0.645907440828019));
#7332=VECTOR('',#11317,0.255040933267944);
#7333=CARTESIAN_POINT('',(30.3212596891186,7.33522592276239,-0.645907440828018));
#7334=CARTESIAN_POINT('',(30.3228758533144,7.33494498843926,-0.644392286894408));
#7335=CARTESIAN_POINT('',(30.3244583918438,7.3346658022872,-0.642858180427447));
#7336=CARTESIAN_POINT('',(30.3436664904495,7.33123144187654,-0.62361921318077));
#7337=CARTESIAN_POINT('',(30.3590177461194,7.32795985773298,-0.601212982895253));
#7338=CARTESIAN_POINT('',(30.3794187334123,7.3233924375839,-0.552000971175376));
#7339=CARTESIAN_POINT('',(30.3844714633423,7.32212300295699,-0.525193985951654));
#7340=CARTESIAN_POINT('',(30.3844714633423,7.32212300295699,-0.5));
#7341=CARTESIAN_POINT('',(30.3844714633423,7.32212300295699,-0.474806014048346));
#7342=CARTESIAN_POINT('',(30.3794187334123,7.3233924375839,-0.447999028824624));
#7343=CARTESIAN_POINT('',(30.3590177461194,7.32795985773298,-0.398787017104747));
#7344=CARTESIAN_POINT('',(30.3436664904495,7.33123144187654,-0.37638078681923));
#7345=CARTESIAN_POINT('',(30.3244583918438,7.3346658022872,-0.357141819572555));
#7346=CARTESIAN_POINT('',(30.3228758533145,7.33494498843926,-0.355607713105595));
#7347=CARTESIAN_POINT('',(30.3212596891186,7.33522592276239,-0.354092559171986));
#7348=CARTESIAN_POINT('',(29.7693171219946,7.27470565392104,0.249999999999999));
#7349=CARTESIAN_POINT('',(29.7693171219946,6.99620472483071,0.249999999999998));
#7350=CARTESIAN_POINT('',(29.7693171219946,7.14723633564013,0.249999999999999));
#7351=VECTOR('',#11318,1.0);
#7352=CARTESIAN_POINT('',(29.8325288962184,7.29826794644956,0.39590744082801));
#7353=CARTESIAN_POINT('',(29.8325288962184,7.29826794644956,0.104092559171981));
#7354=CARTESIAN_POINT('',(29.8306061231905,7.29762422029834,0.10589515888564));
#7355=CARTESIAN_POINT('',(29.828729804092,7.29698954234074,0.107725664026476));
#7356=CARTESIAN_POINT('',(29.8096815185983,7.29048627035376,0.127044636861498));
#7357=CARTESIAN_POINT('',(29.794563980171,7.28475461508909,0.149189914052174));
#7358=CARTESIAN_POINT('',(29.7743862003899,7.2768491679473,0.19805635390451));
#7359=CARTESIAN_POINT('',(29.7693171219946,7.27470565392104,0.224778760752894));
#7360=CARTESIAN_POINT('',(29.7693171219946,7.27470565392104,0.275221239247105));
#7361=CARTESIAN_POINT('',(29.7743862003899,7.2768491679473,0.301943646095488));
#7362=CARTESIAN_POINT('',(29.794563980171,7.28475461508909,0.350810085947825));
#7363=CARTESIAN_POINT('',(29.8096815185983,7.29048627035376,0.3729553631385));
#7364=CARTESIAN_POINT('',(29.828729804092,7.29698954234074,0.392274335973521));
#7365=CARTESIAN_POINT('',(29.8306061231905,7.29762422029834,0.394104841114357));
#7366=CARTESIAN_POINT('',(29.8325288962184,7.29826794644955,0.395907440828014));
#7367=CARTESIAN_POINT('',(29.8325288962184,7.0294940016392,0.39590744082801));
#7368=CARTESIAN_POINT('',(29.8325288962184,7.29826794644956,0.39590744082801));
#7369=VECTOR('',#11319,0.268773944810352);
#7370=CARTESIAN_POINT('',(29.8325288962184,7.0294940016392,0.395907440828014));
#7371=CARTESIAN_POINT('',(29.830313354395,7.02845886298243,0.393830370368604));
#7372=CARTESIAN_POINT('',(29.8281586033888,7.02743892233659,0.391715405225517));
#7373=CARTESIAN_POINT('',(29.8092893795736,7.01840280863363,0.372348455543738));
#7374=CARTESIAN_POINT('',(29.7944153035523,7.01043359698818,0.350507965988018));
#7375=CARTESIAN_POINT('',(29.774437729633,6.99930938822117,0.302010519546027));
#7376=CARTESIAN_POINT('',(29.7693171219946,6.99620472483071,0.275349079944342));
#7377=CARTESIAN_POINT('',(29.7693171219946,6.99620472483071,0.224650920055656));
#7378=CARTESIAN_POINT('',(29.774437729633,6.99930938822117,0.197989480453971));
#7379=CARTESIAN_POINT('',(29.7944153035523,7.01043359698818,0.14949203401198));
#7380=CARTESIAN_POINT('',(29.8092893795736,7.01840280863363,0.12765154445626));
#7381=CARTESIAN_POINT('',(29.8281586033888,7.02743892233659,0.10828459477448));
#7382=CARTESIAN_POINT('',(29.830313354395,7.02845886298243,0.106169629631393));
#7383=CARTESIAN_POINT('',(29.8325288962184,7.0294940016392,0.104092559171982));
#7384=CARTESIAN_POINT('',(30.4575771706739,7.30152313901464,-0.5));
#7385=CARTESIAN_POINT('',(30.4575771706739,7.03402944679324,-0.5));
#7386=CARTESIAN_POINT('',(30.4575771706739,7.17685633490954,-0.5));
#7387=VECTOR('',#11320,1.0);
#7388=CARTESIAN_POINT('',(30.3943653964501,7.31968322302584,-0.645907440828019));
#7389=CARTESIAN_POINT('',(30.3943653964501,7.31968322302584,-0.354092559171986));
#7390=CARTESIAN_POINT('',(30.396105519635,7.31924470260821,-0.355723924657747));
#7391=CARTESIAN_POINT('',(30.3978070110852,7.3188109359211,-0.357377592882933));
#7392=CARTESIAN_POINT('',(30.4169482536212,7.31387989036887,-0.376646737442568));
#7393=CARTESIAN_POINT('',(30.4322047144913,7.30940470363034,-0.398945396367372));
#7394=CARTESIAN_POINT('',(30.4525164107888,7.30321224797157,-0.448017366010098));
#7395=CARTESIAN_POINT('',(30.4575771706739,7.30152313901464,-0.47479193940296));
#7396=CARTESIAN_POINT('',(30.4575771706739,7.30152313901464,-0.5));
#7397=CARTESIAN_POINT('',(30.4575771706739,7.30152313901464,-0.525208060597039));
#7398=CARTESIAN_POINT('',(30.4525164107888,7.30321224797157,-0.551982633989902));
#7399=CARTESIAN_POINT('',(30.4322047144913,7.30940470363034,-0.601054603632628));
#7400=CARTESIAN_POINT('',(30.4169482536212,7.31387989036887,-0.623353262557432));
#7401=CARTESIAN_POINT('',(30.3978070110852,7.3188109359211,-0.642622407117068));
#7402=CARTESIAN_POINT('',(30.396105519635,7.31924470260821,-0.644276075342255));
#7403=CARTESIAN_POINT('',(30.3943653964501,7.31968322302584,-0.645907440828017));
#7404=CARTESIAN_POINT('',(30.3943653964501,7.05907372890115,-0.645907440828019));
#7405=CARTESIAN_POINT('',(30.3943653964501,7.31968322302584,-0.645907440828019));
#7406=VECTOR('',#11321,0.260609494124691);
#7407=CARTESIAN_POINT('',(30.3943653964501,7.05907372890115,-0.645907440828018));
#7408=CARTESIAN_POINT('',(30.3962387744449,7.05842811373064,-0.644151148957933));
#7409=CARTESIAN_POINT('',(30.3980675743576,7.05778955453119,-0.64236881903547));
#7410=CARTESIAN_POINT('',(30.4171074446719,7.05106247722394,-0.623097491564853));
#7411=CARTESIAN_POINT('',(30.4322489385493,7.04493839936096,-0.600959547912122));
#7412=CARTESIAN_POINT('',(30.4524785735584,7.03640016296091,-0.552062294925816));
#7413=CARTESIAN_POINT('',(30.4575771706739,7.03402944679324,-0.525299735947484));
#7414=CARTESIAN_POINT('',(30.4575771706739,7.03402944679324,-0.5));
#7415=CARTESIAN_POINT('',(30.4575771706739,7.03402944679324,-0.474700264052516));
#7416=CARTESIAN_POINT('',(30.4524785735584,7.03640016296091,-0.447937705074184));
#7417=CARTESIAN_POINT('',(30.4322489385493,7.04493839936096,-0.399040452087878));
#7418=CARTESIAN_POINT('',(30.4171074446719,7.05106247722394,-0.376902508435147));
#7419=CARTESIAN_POINT('',(30.3980675743576,7.05778955453119,-0.357631180964532));
#7420=CARTESIAN_POINT('',(30.3962387744449,7.05842811373064,-0.35584885104207));
#7421=CARTESIAN_POINT('',(30.3943653964501,7.05907372890115,-0.354092559171986));
#7422=CARTESIAN_POINT('',(29.8424228293262,7.03402944679324,0.249999999999998));
#7423=CARTESIAN_POINT('',(29.8424228293262,7.30152313901464,0.249999999999998));
#7424=CARTESIAN_POINT('',(29.8424228293262,7.17685633490954,0.249999999999999));
#7425=VECTOR('',#11322,1.0);
#7426=CARTESIAN_POINT('',(29.9056346035499,7.05907372890115,0.39590744082801));
#7427=CARTESIAN_POINT('',(29.9056346035499,7.05907372890115,0.104092559171982));
#7428=CARTESIAN_POINT('',(29.9037612255552,7.05842811373063,0.105848851042067));
#7429=CARTESIAN_POINT('',(29.9019324256424,7.05778955453119,0.10763118096453));
#7430=CARTESIAN_POINT('',(29.8828925553282,7.05106247722394,0.126902508435146));
#7431=CARTESIAN_POINT('',(29.8677510614508,7.04493839936096,0.149040452087876));
#7432=CARTESIAN_POINT('',(29.8475214264417,7.0364001629609,0.197937705074182));
#7433=CARTESIAN_POINT('',(29.8424228293262,7.03402944679324,0.224700264052515));
#7434=CARTESIAN_POINT('',(29.8424228293262,7.03402944679324,0.275299735947483));
#7435=CARTESIAN_POINT('',(29.8475214264417,7.0364001629609,0.302062294925816));
#7436=CARTESIAN_POINT('',(29.8677510614508,7.04493839936096,0.350959547912121));
#7437=CARTESIAN_POINT('',(29.8828925553282,7.05106247722394,0.373097491564852));
#7438=CARTESIAN_POINT('',(29.9019324256424,7.05778955453119,0.392368819035467));
#7439=CARTESIAN_POINT('',(29.9037612255551,7.05842811373063,0.39415114895793));
#7440=CARTESIAN_POINT('',(29.9056346035499,7.05907372890115,0.395907440828014));
#7441=CARTESIAN_POINT('',(29.9056346035499,7.31968322302584,0.39590744082801));
#7442=CARTESIAN_POINT('',(29.9056346035499,7.05907372890115,0.39590744082801));
#7443=VECTOR('',#11323,0.260609494124691);
#7444=CARTESIAN_POINT('',(29.9056346035499,7.31968322302584,0.395907440828014));
#7445=CARTESIAN_POINT('',(29.9038944803651,7.31924470260821,0.394276075342253));
#7446=CARTESIAN_POINT('',(29.9021929889149,7.3188109359211,0.392622407117066));
#7447=CARTESIAN_POINT('',(29.8830517463788,7.31387989036887,0.37335326255743));
#7448=CARTESIAN_POINT('',(29.8677952855088,7.30940470363034,0.351054603632627));
#7449=CARTESIAN_POINT('',(29.8474835892112,7.30321224797157,0.301982633989902));
#7450=CARTESIAN_POINT('',(29.8424228293262,7.30152313901464,0.275208060597039));
#7451=CARTESIAN_POINT('',(29.8424228293262,7.30152313901464,0.224791939402959));
#7452=CARTESIAN_POINT('',(29.8474835892112,7.30321224797157,0.198017366010097));
#7453=CARTESIAN_POINT('',(29.8677952855088,7.30940470363034,0.148945396367371));
#7454=CARTESIAN_POINT('',(29.8830517463788,7.31387989036887,0.126646737442568));
#7455=CARTESIAN_POINT('',(29.9021929889149,7.3188109359211,0.107377592882931));
#7456=CARTESIAN_POINT('',(29.9038944803651,7.31924470260821,0.105723924657744));
#7457=CARTESIAN_POINT('',(29.9056346035499,7.31968322302584,0.104092559171982));
#7458=CARTESIAN_POINT('',(30.3844714633423,7.06240657835124,0.999999999999999));
#7459=CARTESIAN_POINT('',(30.3844714633423,7.32212300295699,0.999999999999999));
#7460=CARTESIAN_POINT('',(30.3844714633423,7.19881625055682,0.999999999999998));
#7461=VECTOR('',#11324,1.0);
#7462=CARTESIAN_POINT('',(30.3212596891186,7.08018498949445,0.85409255917198));
#7463=CARTESIAN_POINT('',(30.3212596891186,7.08018498949445,1.14590744082801));
#7464=CARTESIAN_POINT('',(30.3229072901472,7.07979855640694,1.14436281486374));
#7465=CARTESIAN_POINT('',(30.3245198854439,7.0794144501958,1.14279854667756));
#7466=CARTESIAN_POINT('',(30.3436805656937,7.0747862306299,1.12358256911096));
#7467=CARTESIAN_POINT('',(30.3589978878682,7.07035936781545,1.10124409805083));
#7468=CARTESIAN_POINT('',(30.3793905427494,7.0641502940195,1.05208568993495));
#7469=CARTESIAN_POINT('',(30.3844714633423,7.06240657835124,1.02526321641543));
#7470=CARTESIAN_POINT('',(30.3844714633423,7.06240657835124,0.999999999999999));
#7471=CARTESIAN_POINT('',(30.3844714633423,7.06240657835124,0.974736783584568));
#7472=CARTESIAN_POINT('',(30.3793905427494,7.0641502940195,0.947914310065045));
#7473=CARTESIAN_POINT('',(30.3589978878682,7.07035936781545,0.898755901949164));
#7474=CARTESIAN_POINT('',(30.3436805656937,7.0747862306299,0.876417430889035));
#7475=CARTESIAN_POINT('',(30.3245198854439,7.0794144501958,0.857201453322442));
#7476=CARTESIAN_POINT('',(30.3229072901472,7.07979855640694,0.855637185136255));
#7477=CARTESIAN_POINT('',(30.3212596891186,7.08018498949445,0.854092559171981));
#7478=CARTESIAN_POINT('',(30.3212596891186,7.33522592276239,0.85409255917198));
#7479=CARTESIAN_POINT('',(30.3212596891186,7.08018498949445,0.85409255917198));
#7480=VECTOR('',#11325,0.255040933267944);
#7481=CARTESIAN_POINT('',(30.3212596891186,7.33522592276239,0.854092559171981));
#7482=CARTESIAN_POINT('',(30.3228758533145,7.33494498843926,0.855607713105592));
#7483=CARTESIAN_POINT('',(30.3244583918438,7.3346658022872,0.857141819572551));
#7484=CARTESIAN_POINT('',(30.3436664904495,7.33123144187654,0.876380786819229));
#7485=CARTESIAN_POINT('',(30.3590177461194,7.32795985773298,0.898787017104745));
#7486=CARTESIAN_POINT('',(30.3794187334123,7.3233924375839,0.947999028824623));
#7487=CARTESIAN_POINT('',(30.3844714633423,7.32212300295699,0.974806014048345));
#7488=CARTESIAN_POINT('',(30.3844714633423,7.32212300295699,0.999999999999999));
#7489=CARTESIAN_POINT('',(30.3844714633423,7.32212300295699,1.02519398595165));
#7490=CARTESIAN_POINT('',(30.3794187334123,7.3233924375839,1.05200097117537));
#7491=CARTESIAN_POINT('',(30.3590177461194,7.32795985773298,1.10121298289525));
#7492=CARTESIAN_POINT('',(30.3436664904495,7.33123144187654,1.12361921318077));
#7493=CARTESIAN_POINT('',(30.3244583918438,7.3346658022872,1.14285818042745));
#7494=CARTESIAN_POINT('',(30.3228758533145,7.33494498843926,1.1443922868944));
#7495=CARTESIAN_POINT('',(30.3212596891186,7.33522592276239,1.14590744082801));
#7496=CARTESIAN_POINT('',(29.7693171219946,7.27470565392104,1.75));
#7497=CARTESIAN_POINT('',(29.7693171219946,6.99620472483071,1.75));
#7498=CARTESIAN_POINT('',(29.7693171219946,7.14723633564013,1.75));
#7499=VECTOR('',#11326,1.0);
#7500=CARTESIAN_POINT('',(29.8325288962184,7.29826794644956,1.89590744082802));
#7501=CARTESIAN_POINT('',(29.8325288962184,7.29826794644956,1.60409255917198));
#7502=CARTESIAN_POINT('',(29.8306061231905,7.29762422029834,1.60589515888564));
#7503=CARTESIAN_POINT('',(29.828729804092,7.29698954234074,1.60772566402648));
#7504=CARTESIAN_POINT('',(29.8096815185983,7.29048627035376,1.6270446368615));
#7505=CARTESIAN_POINT('',(29.794563980171,7.28475461508909,1.64918991405217));
#7506=CARTESIAN_POINT('',(29.7743862003899,7.2768491679473,1.69805635390451));
#7507=CARTESIAN_POINT('',(29.7693171219946,7.27470565392104,1.72477876075289));
#7508=CARTESIAN_POINT('',(29.7693171219946,7.27470565392104,1.7752212392471));
#7509=CARTESIAN_POINT('',(29.7743862003899,7.2768491679473,1.80194364609549));
#7510=CARTESIAN_POINT('',(29.794563980171,7.28475461508909,1.85081008594783));
#7511=CARTESIAN_POINT('',(29.8096815185983,7.29048627035376,1.8729553631385));
#7512=CARTESIAN_POINT('',(29.828729804092,7.29698954234074,1.89227433597352));
#7513=CARTESIAN_POINT('',(29.8306061231905,7.29762422029834,1.89410484111436));
#7514=CARTESIAN_POINT('',(29.8325288962184,7.29826794644956,1.89590744082802));
#7515=CARTESIAN_POINT('',(29.8325288962184,7.0294940016392,1.89590744082802));
#7516=CARTESIAN_POINT('',(29.8325288962184,7.29826794644956,1.89590744082802));
#7517=VECTOR('',#11327,0.268773944810352);
#7518=CARTESIAN_POINT('',(29.8325288962184,7.0294940016392,1.89590744082802));
#7519=CARTESIAN_POINT('',(29.830313354395,7.02845886298243,1.89383037036861));
#7520=CARTESIAN_POINT('',(29.8281586033888,7.02743892233659,1.89171540522552));
#7521=CARTESIAN_POINT('',(29.8092893795736,7.01840280863363,1.87234845554374));
#7522=CARTESIAN_POINT('',(29.7944153035523,7.01043359698818,1.85050796598802));
#7523=CARTESIAN_POINT('',(29.774437729633,6.99930938822117,1.80201051954603));
#7524=CARTESIAN_POINT('',(29.7693171219946,6.99620472483071,1.77534907994434));
#7525=CARTESIAN_POINT('',(29.7693171219946,6.99620472483071,1.72465092005566));
#7526=CARTESIAN_POINT('',(29.774437729633,6.99930938822117,1.69798948045397));
#7527=CARTESIAN_POINT('',(29.7944153035523,7.01043359698818,1.64949203401198));
#7528=CARTESIAN_POINT('',(29.8092893795736,7.01840280863363,1.62765154445626));
#7529=CARTESIAN_POINT('',(29.8281586033888,7.02743892233659,1.60828459477448));
#7530=CARTESIAN_POINT('',(29.830313354395,7.02845886298243,1.60616962963139));
#7531=CARTESIAN_POINT('',(29.8325288962184,7.0294940016392,1.60409255917198));
#7532=CARTESIAN_POINT('',(30.4575771706739,7.30152313901464,0.999999999999999));
#7533=CARTESIAN_POINT('',(30.4575771706739,7.03402944679324,0.999999999999999));
#7534=CARTESIAN_POINT('',(30.4575771706739,7.17685633490954,0.999999999999998));
#7535=VECTOR('',#11328,1.0);
#7536=CARTESIAN_POINT('',(30.3943653964501,7.31968322302584,0.85409255917198));
#7537=CARTESIAN_POINT('',(30.3943653964501,7.31968322302584,1.14590744082801));
#7538=CARTESIAN_POINT('',(30.396105519635,7.31924470260821,1.14427607534225));
#7539=CARTESIAN_POINT('',(30.3978070110852,7.3188109359211,1.14262240711707));
#7540=CARTESIAN_POINT('',(30.4169482536212,7.31387989036887,1.12335326255743));
#7541=CARTESIAN_POINT('',(30.4322047144913,7.30940470363034,1.10105460363263));
#7542=CARTESIAN_POINT('',(30.4525164107888,7.30321224797157,1.0519826339899));
#7543=CARTESIAN_POINT('',(30.4575771706739,7.30152313901464,1.02520806059704));
#7544=CARTESIAN_POINT('',(30.4575771706739,7.30152313901464,0.999999999999999));
#7545=CARTESIAN_POINT('',(30.4575771706739,7.30152313901464,0.974791939402959));
#7546=CARTESIAN_POINT('',(30.4525164107888,7.30321224797157,0.948017366010098));
#7547=CARTESIAN_POINT('',(30.4322047144913,7.30940470363034,0.898945396367371));
#7548=CARTESIAN_POINT('',(30.4169482536212,7.31387989036887,0.876646737442567));
#7549=CARTESIAN_POINT('',(30.3978070110852,7.3188109359211,0.85737759288293));
#7550=CARTESIAN_POINT('',(30.396105519635,7.31924470260821,0.855723924657744));
#7551=CARTESIAN_POINT('',(30.3943653964501,7.31968322302584,0.854092559171981));
#7552=CARTESIAN_POINT('',(30.3943653964501,7.05907372890115,0.85409255917198));
#7553=CARTESIAN_POINT('',(30.3943653964501,7.31968322302584,0.85409255917198));
#7554=VECTOR('',#11329,0.260609494124691);
#7555=CARTESIAN_POINT('',(30.3943653964501,7.05907372890115,0.854092559171981));
#7556=CARTESIAN_POINT('',(30.3962387744449,7.05842811373064,0.855848851042067));
#7557=CARTESIAN_POINT('',(30.3980675743576,7.05778955453119,0.857631180964529));
#7558=CARTESIAN_POINT('',(30.4171074446719,7.05106247722394,0.876902508435146));
#7559=CARTESIAN_POINT('',(30.4322489385493,7.04493839936096,0.899040452087877));
#7560=CARTESIAN_POINT('',(30.4524785735584,7.03640016296091,0.947937705074183));
#7561=CARTESIAN_POINT('',(30.4575771706739,7.03402944679324,0.974700264052515));
#7562=CARTESIAN_POINT('',(30.4575771706739,7.03402944679324,0.999999999999999));
#7563=CARTESIAN_POINT('',(30.4575771706739,7.03402944679324,1.02529973594748));
#7564=CARTESIAN_POINT('',(30.4524785735584,7.03640016296091,1.05206229492582));
#7565=CARTESIAN_POINT('',(30.4322489385493,7.04493839936096,1.10095954791212));
#7566=CARTESIAN_POINT('',(30.4171074446719,7.05106247722394,1.12309749156485));
#7567=CARTESIAN_POINT('',(30.3980675743576,7.05778955453119,1.14236881903547));
#7568=CARTESIAN_POINT('',(30.3962387744449,7.05842811373064,1.14415114895793));
#7569=CARTESIAN_POINT('',(30.3943653964501,7.05907372890115,1.14590744082801));
#7570=CARTESIAN_POINT('',(29.8424228293262,7.03402944679325,1.75));
#7571=CARTESIAN_POINT('',(29.8424228293262,7.30152313901464,1.75));
#7572=CARTESIAN_POINT('',(29.8424228293262,7.17685633490954,1.75));
#7573=VECTOR('',#11330,1.0);
#7574=CARTESIAN_POINT('',(29.9056346035499,7.05907372890115,1.89590744082801));
#7575=CARTESIAN_POINT('',(29.9056346035499,7.05907372890115,1.60409255917198));
#7576=CARTESIAN_POINT('',(29.9037612255552,7.05842811373064,1.60584885104207));
#7577=CARTESIAN_POINT('',(29.9019324256424,7.05778955453119,1.60763118096453));
#7578=CARTESIAN_POINT('',(29.8828925553282,7.05106247722394,1.62690250843515));
#7579=CARTESIAN_POINT('',(29.8677510614508,7.04493839936096,1.64904045208788));
#7580=CARTESIAN_POINT('',(29.8475214264417,7.03640016296091,1.69793770507418));
#7581=CARTESIAN_POINT('',(29.8424228293262,7.03402944679324,1.72470026405251));
#7582=CARTESIAN_POINT('',(29.8424228293262,7.03402944679324,1.77529973594748));
#7583=CARTESIAN_POINT('',(29.8475214264417,7.03640016296091,1.80206229492581));
#7584=CARTESIAN_POINT('',(29.8677510614508,7.04493839936096,1.85095954791212));
#7585=CARTESIAN_POINT('',(29.8828925553282,7.05106247722394,1.87309749156485));
#7586=CARTESIAN_POINT('',(29.9019324256424,7.05778955453119,1.89236881903547));
#7587=CARTESIAN_POINT('',(29.9037612255551,7.05842811373064,1.89415114895793));
#7588=CARTESIAN_POINT('',(29.9056346035499,7.05907372890115,1.89590744082801));
#7589=CARTESIAN_POINT('',(29.9056346035499,7.31968322302584,1.89590744082801));
#7590=CARTESIAN_POINT('',(29.9056346035499,7.05907372890115,1.89590744082801));
#7591=VECTOR('',#11331,0.260609494124691);
#7592=CARTESIAN_POINT('',(29.9056346035499,7.31968322302584,1.89590744082801));
#7593=CARTESIAN_POINT('',(29.9038944803651,7.31924470260821,1.89427607534225));
#7594=CARTESIAN_POINT('',(29.9021929889149,7.3188109359211,1.89262240711707));
#7595=CARTESIAN_POINT('',(29.8830517463788,7.31387989036887,1.87335326255743));
#7596=CARTESIAN_POINT('',(29.8677952855088,7.30940470363034,1.85105460363263));
#7597=CARTESIAN_POINT('',(29.8474835892112,7.30321224797157,1.8019826339899));
#7598=CARTESIAN_POINT('',(29.8424228293262,7.30152313901464,1.77520806059704));
#7599=CARTESIAN_POINT('',(29.8424228293262,7.30152313901464,1.72479193940296));
#7600=CARTESIAN_POINT('',(29.8474835892112,7.30321224797157,1.6980173660101));
#7601=CARTESIAN_POINT('',(29.8677952855088,7.30940470363034,1.64894539636737));
#7602=CARTESIAN_POINT('',(29.8830517463788,7.31387989036887,1.62664673744257));
#7603=CARTESIAN_POINT('',(29.9021929889149,7.3188109359211,1.60737759288293));
#7604=CARTESIAN_POINT('',(29.9038944803651,7.31924470260821,1.60572392465774));
#7605=CARTESIAN_POINT('',(29.9056346035499,7.31968322302584,1.60409255917198));
#7606=CARTESIAN_POINT('',(29.15,6.35,-4.4));
#7607=CARTESIAN_POINT('',(29.15,6.35,5.4));
#7608=CARTESIAN_POINT('',(29.15,6.35,0.499999999999999));
#7609=VECTOR('',#11332,1.0);
#7610=CARTESIAN_POINT('',(30.15,7.35,5.4));
#7611=AXIS2_PLACEMENT_3D('',#11333,#11334,#11335);
#7612=CARTESIAN_POINT('',(30.3702276260018,7.3254485085055,5.39999999999999));
#7613=AXIS2_PLACEMENT_3D('',#11336,#11337,#11338);
#7614=CARTESIAN_POINT('',(29.8325288962184,7.29826794644956,4.89590744082802));
#7615=AXIS2_PLACEMENT_3D('',#11339,#11340,#11341);
#7616=CARTESIAN_POINT('',(29.7693171219946,7.27470565392104,4.75));
#7617=CARTESIAN_POINT('',(29.8325288962184,7.29826794644956,4.60409255917198));
#7618=CARTESIAN_POINT('',(29.8306061231905,7.29762422029834,4.60589515888564));
#7619=CARTESIAN_POINT('',(29.828729804092,7.29698954234074,4.60772566402648));
#7620=CARTESIAN_POINT('',(29.8096815185983,7.29048627035376,4.6270446368615));
#7621=CARTESIAN_POINT('',(29.794563980171,7.28475461508909,4.64918991405218));
#7622=CARTESIAN_POINT('',(29.7743862003899,7.2768491679473,4.69805635390451));
#7623=CARTESIAN_POINT('',(29.7693171219946,7.27470565392104,4.7247787607529));
#7624=CARTESIAN_POINT('',(29.7693171219946,7.27470565392104,4.77522123924711));
#7625=CARTESIAN_POINT('',(29.7743862003899,7.2768491679473,4.80194364609549));
#7626=CARTESIAN_POINT('',(29.794563980171,7.28475461508909,4.85081008594783));
#7627=CARTESIAN_POINT('',(29.8096815185983,7.29048627035376,4.8729553631385));
#7628=CARTESIAN_POINT('',(29.828729804092,7.29698954234074,4.89227433597353));
#7629=CARTESIAN_POINT('',(29.8306061231905,7.29762422029834,4.89410484111436));
#7630=CARTESIAN_POINT('',(29.8325288962184,7.29826794644956,4.89590744082802));
#7631=CARTESIAN_POINT('',(29.8325288962184,7.29826794644956,4.60409255917198));
#7632=CARTESIAN_POINT('',(29.8325288962184,7.29826794644956,4.60409255917198));
#7633=CARTESIAN_POINT('',(29.8306061231905,7.29762422029834,4.60589515888564));
#7634=CARTESIAN_POINT('',(29.828729804092,7.29698954234074,4.60772566402648));
#7635=CARTESIAN_POINT('',(29.8096815185983,7.29048627035376,4.6270446368615));
#7636=CARTESIAN_POINT('',(29.794563980171,7.28475461508909,4.64918991405218));
#7637=CARTESIAN_POINT('',(29.7743862003899,7.2768491679473,4.69805635390451));
#7638=CARTESIAN_POINT('',(29.7693171219946,7.27470565392104,4.7247787607529));
#7639=CARTESIAN_POINT('',(29.7693171219946,7.27470565392104,4.77522123924711));
#7640=CARTESIAN_POINT('',(29.7743862003899,7.2768491679473,4.80194364609549));
#7641=CARTESIAN_POINT('',(29.794563980171,7.28475461508909,4.85081008594783));
#7642=CARTESIAN_POINT('',(29.8096815185983,7.29048627035376,4.8729553631385));
#7643=CARTESIAN_POINT('',(29.828729804092,7.29698954234074,4.89227433597353));
#7644=CARTESIAN_POINT('',(29.8306061231905,7.29762422029834,4.89410484111436));
#7645=CARTESIAN_POINT('',(29.8325288962184,7.29826794644956,4.89590744082802));
#7646=CARTESIAN_POINT('',(30.3212596891186,7.33522592276239,4.14590744082801));
#7647=AXIS2_PLACEMENT_3D('',#11342,#11343,#11344);
#7648=CARTESIAN_POINT('',(30.3844714633423,7.32212300295699,4.0));
#7649=CARTESIAN_POINT('',(30.3212596891186,7.33522592276239,3.85409255917198));
#7650=CARTESIAN_POINT('',(30.3228758533145,7.33494498843926,3.85560771310559));
#7651=CARTESIAN_POINT('',(30.3244583918438,7.3346658022872,3.85714181957255));
#7652=CARTESIAN_POINT('',(30.3436664904495,7.33123144187654,3.87638078681923));
#7653=CARTESIAN_POINT('',(30.3590177461194,7.32795985773298,3.89878701710475));
#7654=CARTESIAN_POINT('',(30.3794187334123,7.3233924375839,3.94799902882462));
#7655=CARTESIAN_POINT('',(30.3844714633423,7.32212300295699,3.97480601404835));
#7656=CARTESIAN_POINT('',(30.3844714633423,7.32212300295699,4.0));
#7657=CARTESIAN_POINT('',(30.3844714633423,7.32212300295699,4.02519398595165));
#7658=CARTESIAN_POINT('',(30.3794187334123,7.3233924375839,4.05200097117537));
#7659=CARTESIAN_POINT('',(30.3590177461194,7.32795985773298,4.10121298289525));
#7660=CARTESIAN_POINT('',(30.3436664904495,7.33123144187654,4.12361921318077));
#7661=CARTESIAN_POINT('',(30.3244583918438,7.3346658022872,4.14285818042744));
#7662=CARTESIAN_POINT('',(30.3228758533145,7.33494498843926,4.1443922868944));
#7663=CARTESIAN_POINT('',(30.3212596891186,7.33522592276239,4.14590744082801));
#7664=CARTESIAN_POINT('',(30.3212596891186,7.33522592276239,3.85409255917198));
#7665=CARTESIAN_POINT('',(30.3212596891186,7.33522592276239,3.85409255917198));
#7666=CARTESIAN_POINT('',(30.3228758533145,7.33494498843926,3.85560771310559));
#7667=CARTESIAN_POINT('',(30.3244583918438,7.3346658022872,3.85714181957255));
#7668=CARTESIAN_POINT('',(30.3436664904495,7.33123144187654,3.87638078681923));
#7669=CARTESIAN_POINT('',(30.3590177461194,7.32795985773298,3.89878701710475));
#7670=CARTESIAN_POINT('',(30.3794187334123,7.3233924375839,3.94799902882462));
#7671=CARTESIAN_POINT('',(30.3844714633423,7.32212300295699,3.97480601404835));
#7672=CARTESIAN_POINT('',(30.3844714633423,7.32212300295699,4.0));
#7673=CARTESIAN_POINT('',(30.3844714633423,7.32212300295699,4.02519398595165));
#7674=CARTESIAN_POINT('',(30.3794187334123,7.3233924375839,4.05200097117537));
#7675=CARTESIAN_POINT('',(30.3590177461194,7.32795985773298,4.10121298289525));
#7676=CARTESIAN_POINT('',(30.3436664904495,7.33123144187654,4.12361921318077));
#7677=CARTESIAN_POINT('',(30.3244583918438,7.3346658022872,4.14285818042744));
#7678=CARTESIAN_POINT('',(30.3228758533145,7.33494498843926,4.1443922868944));
#7679=CARTESIAN_POINT('',(30.3212596891186,7.33522592276239,4.14590744082801));
#7680=CARTESIAN_POINT('',(29.8325288962184,7.29826794644956,3.39590744082801));
#7681=AXIS2_PLACEMENT_3D('',#11345,#11346,#11347);
#7682=CARTESIAN_POINT('',(29.7693171219946,7.27470565392104,3.25));
#7683=CARTESIAN_POINT('',(29.8325288962184,7.29826794644956,3.10409255917198));
#7684=CARTESIAN_POINT('',(29.8306061231905,7.29762422029834,3.10589515888564));
#7685=CARTESIAN_POINT('',(29.828729804092,7.29698954234074,3.10772566402648));
#7686=CARTESIAN_POINT('',(29.8096815185983,7.29048627035376,3.1270446368615));
#7687=CARTESIAN_POINT('',(29.794563980171,7.28475461508909,3.14918991405217));
#7688=CARTESIAN_POINT('',(29.7743862003899,7.2768491679473,3.19805635390451));
#7689=CARTESIAN_POINT('',(29.7693171219946,7.27470565392104,3.22477876075289));
#7690=CARTESIAN_POINT('',(29.7693171219946,7.27470565392104,3.27522123924711));
#7691=CARTESIAN_POINT('',(29.7743862003899,7.2768491679473,3.30194364609549));
#7692=CARTESIAN_POINT('',(29.794563980171,7.28475461508909,3.35081008594783));
#7693=CARTESIAN_POINT('',(29.8096815185983,7.29048627035376,3.3729553631385));
#7694=CARTESIAN_POINT('',(29.828729804092,7.29698954234074,3.39227433597352));
#7695=CARTESIAN_POINT('',(29.8306061231905,7.29762422029834,3.39410484111436));
#7696=CARTESIAN_POINT('',(29.8325288962184,7.29826794644955,3.39590744082801));
#7697=CARTESIAN_POINT('',(29.8325288962184,7.29826794644956,3.10409255917198));
#7698=CARTESIAN_POINT('',(29.8325288962184,7.29826794644956,3.10409255917198));
#7699=CARTESIAN_POINT('',(29.8306061231905,7.29762422029834,3.10589515888564));
#7700=CARTESIAN_POINT('',(29.828729804092,7.29698954234074,3.10772566402648));
#7701=CARTESIAN_POINT('',(29.8096815185983,7.29048627035376,3.1270446368615));
#7702=CARTESIAN_POINT('',(29.794563980171,7.28475461508909,3.14918991405217));
#7703=CARTESIAN_POINT('',(29.7743862003899,7.2768491679473,3.19805635390451));
#7704=CARTESIAN_POINT('',(29.7693171219946,7.27470565392104,3.22477876075289));
#7705=CARTESIAN_POINT('',(29.7693171219946,7.27470565392104,3.27522123924711));
#7706=CARTESIAN_POINT('',(29.7743862003899,7.2768491679473,3.30194364609549));
#7707=CARTESIAN_POINT('',(29.794563980171,7.28475461508909,3.35081008594783));
#7708=CARTESIAN_POINT('',(29.8096815185983,7.29048627035376,3.3729553631385));
#7709=CARTESIAN_POINT('',(29.828729804092,7.29698954234074,3.39227433597352));
#7710=CARTESIAN_POINT('',(29.8306061231905,7.29762422029834,3.39410484111436));
#7711=CARTESIAN_POINT('',(29.8325288962184,7.29826794644955,3.39590744082801));
#7712=CARTESIAN_POINT('',(30.3212596891186,7.33522592276239,2.64590744082801));
#7713=AXIS2_PLACEMENT_3D('',#11348,#11349,#11350);
#7714=CARTESIAN_POINT('',(30.3844714633423,7.32212300295699,2.5));
#7715=CARTESIAN_POINT('',(30.3212596891186,7.33522592276239,2.35409255917198));
#7716=CARTESIAN_POINT('',(30.3228758533144,7.33494498843926,2.35560771310559));
#7717=CARTESIAN_POINT('',(30.3244583918438,7.3346658022872,2.35714181957255));
#7718=CARTESIAN_POINT('',(30.3436664904495,7.33123144187654,2.37638078681923));
#7719=CARTESIAN_POINT('',(30.3590177461194,7.32795985773298,2.39878701710475));
#7720=CARTESIAN_POINT('',(30.3794187334123,7.3233924375839,2.44799902882463));
#7721=CARTESIAN_POINT('',(30.3844714633423,7.32212300295699,2.47480601404835));
#7722=CARTESIAN_POINT('',(30.3844714633423,7.32212300295699,2.5));
#7723=CARTESIAN_POINT('',(30.3844714633423,7.32212300295699,2.52519398595165));
#7724=CARTESIAN_POINT('',(30.3794187334123,7.3233924375839,2.55200097117538));
#7725=CARTESIAN_POINT('',(30.3590177461194,7.32795985773298,2.60121298289525));
#7726=CARTESIAN_POINT('',(30.3436664904495,7.33123144187654,2.62361921318077));
#7727=CARTESIAN_POINT('',(30.3244583918438,7.3346658022872,2.64285818042745));
#7728=CARTESIAN_POINT('',(30.3228758533145,7.33494498843926,2.64439228689441));
#7729=CARTESIAN_POINT('',(30.3212596891186,7.33522592276239,2.64590744082801));
#7730=CARTESIAN_POINT('',(30.3212596891186,7.33522592276239,2.35409255917198));
#7731=CARTESIAN_POINT('',(30.3212596891186,7.33522592276239,2.35409255917198));
#7732=CARTESIAN_POINT('',(30.3228758533144,7.33494498843926,2.35560771310559));
#7733=CARTESIAN_POINT('',(30.3244583918438,7.3346658022872,2.35714181957255));
#7734=CARTESIAN_POINT('',(30.3436664904495,7.33123144187654,2.37638078681923));
#7735=CARTESIAN_POINT('',(30.3590177461194,7.32795985773298,2.39878701710475));
#7736=CARTESIAN_POINT('',(30.3794187334123,7.3233924375839,2.44799902882463));
#7737=CARTESIAN_POINT('',(30.3844714633423,7.32212300295699,2.47480601404835));
#7738=CARTESIAN_POINT('',(30.3844714633423,7.32212300295699,2.5));
#7739=CARTESIAN_POINT('',(30.3844714633423,7.32212300295699,2.52519398595165));
#7740=CARTESIAN_POINT('',(30.3794187334123,7.3233924375839,2.55200097117538));
#7741=CARTESIAN_POINT('',(30.3590177461194,7.32795985773298,2.60121298289525));
#7742=CARTESIAN_POINT('',(30.3436664904495,7.33123144187654,2.62361921318077));
#7743=CARTESIAN_POINT('',(30.3244583918438,7.3346658022872,2.64285818042745));
#7744=CARTESIAN_POINT('',(30.3228758533145,7.33494498843926,2.64439228689441));
#7745=CARTESIAN_POINT('',(30.3212596891186,7.33522592276239,2.64590744082801));
#7746=AXIS2_PLACEMENT_3D('',#11351,#11352,#11353);
#7747=CARTESIAN_POINT('',(29.8325288962184,7.29826794644956,1.60409255917198));
#7748=CARTESIAN_POINT('',(29.8325288962184,7.29826794644956,1.60409255917198));
#7749=CARTESIAN_POINT('',(29.8306061231905,7.29762422029834,1.60589515888564));
#7750=CARTESIAN_POINT('',(29.828729804092,7.29698954234074,1.60772566402648));
#7751=CARTESIAN_POINT('',(29.8096815185983,7.29048627035376,1.6270446368615));
#7752=CARTESIAN_POINT('',(29.794563980171,7.28475461508909,1.64918991405217));
#7753=CARTESIAN_POINT('',(29.7743862003899,7.2768491679473,1.69805635390451));
#7754=CARTESIAN_POINT('',(29.7693171219946,7.27470565392104,1.72477876075289));
#7755=CARTESIAN_POINT('',(29.7693171219946,7.27470565392104,1.7752212392471));
#7756=CARTESIAN_POINT('',(29.7743862003899,7.2768491679473,1.80194364609549));
#7757=CARTESIAN_POINT('',(29.794563980171,7.28475461508909,1.85081008594783));
#7758=CARTESIAN_POINT('',(29.8096815185983,7.29048627035376,1.8729553631385));
#7759=CARTESIAN_POINT('',(29.828729804092,7.29698954234074,1.89227433597352));
#7760=CARTESIAN_POINT('',(29.8306061231905,7.29762422029834,1.89410484111436));
#7761=CARTESIAN_POINT('',(29.8325288962184,7.29826794644956,1.89590744082802));
#7762=CARTESIAN_POINT('',(30.3212596891186,7.33522592276239,1.14590744082801));
#7763=AXIS2_PLACEMENT_3D('',#11354,#11355,#11356);
#7764=CARTESIAN_POINT('',(30.3212596891186,7.33522592276239,0.854092559171981));
#7765=CARTESIAN_POINT('',(30.3228758533145,7.33494498843926,0.855607713105592));
#7766=CARTESIAN_POINT('',(30.3244583918438,7.3346658022872,0.857141819572551));
#7767=CARTESIAN_POINT('',(30.3436664904495,7.33123144187654,0.876380786819229));
#7768=CARTESIAN_POINT('',(30.3590177461194,7.32795985773298,0.898787017104745));
#7769=CARTESIAN_POINT('',(30.3794187334123,7.3233924375839,0.947999028824623));
#7770=CARTESIAN_POINT('',(30.3844714633423,7.32212300295699,0.974806014048345));
#7771=CARTESIAN_POINT('',(30.3844714633423,7.32212300295699,0.999999999999999));
#7772=CARTESIAN_POINT('',(30.3844714633423,7.32212300295699,1.02519398595165));
#7773=CARTESIAN_POINT('',(30.3794187334123,7.3233924375839,1.05200097117537));
#7774=CARTESIAN_POINT('',(30.3590177461194,7.32795985773298,1.10121298289525));
#7775=CARTESIAN_POINT('',(30.3436664904495,7.33123144187654,1.12361921318077));
#7776=CARTESIAN_POINT('',(30.3244583918438,7.3346658022872,1.14285818042745));
#7777=CARTESIAN_POINT('',(30.3228758533145,7.33494498843926,1.1443922868944));
#7778=CARTESIAN_POINT('',(30.3212596891186,7.33522592276239,1.14590744082801));
#7779=AXIS2_PLACEMENT_3D('',#11357,#11358,#11359);
#7780=CARTESIAN_POINT('',(29.8325288962184,7.29826794644956,0.10409255917198));
#7781=CARTESIAN_POINT('',(29.8325288962184,7.29826794644956,0.104092559171981));
#7782=CARTESIAN_POINT('',(29.8306061231905,7.29762422029834,0.10589515888564));
#7783=CARTESIAN_POINT('',(29.828729804092,7.29698954234074,0.107725664026476));
#7784=CARTESIAN_POINT('',(29.8096815185983,7.29048627035376,0.127044636861498));
#7785=CARTESIAN_POINT('',(29.794563980171,7.28475461508909,0.149189914052174));
#7786=CARTESIAN_POINT('',(29.7743862003899,7.2768491679473,0.19805635390451));
#7787=CARTESIAN_POINT('',(29.7693171219946,7.27470565392104,0.224778760752894));
#7788=CARTESIAN_POINT('',(29.7693171219946,7.27470565392104,0.275221239247105));
#7789=CARTESIAN_POINT('',(29.7743862003899,7.2768491679473,0.301943646095488));
#7790=CARTESIAN_POINT('',(29.794563980171,7.28475461508909,0.350810085947825));
#7791=CARTESIAN_POINT('',(29.8096815185983,7.29048627035376,0.3729553631385));
#7792=CARTESIAN_POINT('',(29.828729804092,7.29698954234074,0.392274335973521));
#7793=CARTESIAN_POINT('',(29.8306061231905,7.29762422029834,0.394104841114357));
#7794=CARTESIAN_POINT('',(29.8325288962184,7.29826794644955,0.395907440828014));
#7795=CARTESIAN_POINT('',(30.3212596891186,7.33522592276239,-0.35409255917199));
#7796=AXIS2_PLACEMENT_3D('',#11360,#11361,#11362);
#7797=CARTESIAN_POINT('',(30.3212596891186,7.33522592276239,-0.645907440828018));
#7798=CARTESIAN_POINT('',(30.3228758533144,7.33494498843926,-0.644392286894408));
#7799=CARTESIAN_POINT('',(30.3244583918438,7.3346658022872,-0.642858180427447));
#7800=CARTESIAN_POINT('',(30.3436664904495,7.33123144187654,-0.62361921318077));
#7801=CARTESIAN_POINT('',(30.3590177461194,7.32795985773298,-0.601212982895253));
#7802=CARTESIAN_POINT('',(30.3794187334123,7.3233924375839,-0.552000971175376));
#7803=CARTESIAN_POINT('',(30.3844714633423,7.32212300295699,-0.525193985951654));
#7804=CARTESIAN_POINT('',(30.3844714633423,7.32212300295699,-0.5));
#7805=CARTESIAN_POINT('',(30.3844714633423,7.32212300295699,-0.474806014048346));
#7806=CARTESIAN_POINT('',(30.3794187334123,7.3233924375839,-0.447999028824624));
#7807=CARTESIAN_POINT('',(30.3590177461194,7.32795985773298,-0.398787017104747));
#7808=CARTESIAN_POINT('',(30.3436664904495,7.33123144187654,-0.37638078681923));
#7809=CARTESIAN_POINT('',(30.3244583918438,7.3346658022872,-0.357141819572555));
#7810=CARTESIAN_POINT('',(30.3228758533145,7.33494498843926,-0.355607713105595));
#7811=CARTESIAN_POINT('',(30.3212596891186,7.33522592276239,-0.354092559171986));
#7812=AXIS2_PLACEMENT_3D('',#11363,#11364,#11365);
#7813=CARTESIAN_POINT('',(29.8325288962184,7.29826794644955,-1.39590744082802));
#7814=CARTESIAN_POINT('',(29.8325288962184,7.29826794644956,-1.39590744082802));
#7815=CARTESIAN_POINT('',(29.8306061231905,7.29762422029834,-1.39410484111436));
#7816=CARTESIAN_POINT('',(29.828729804092,7.29698954234074,-1.39227433597352));
#7817=CARTESIAN_POINT('',(29.8096815185983,7.29048627035376,-1.3729553631385));
#7818=CARTESIAN_POINT('',(29.794563980171,7.28475461508909,-1.35081008594782));
#7819=CARTESIAN_POINT('',(29.7743862003899,7.2768491679473,-1.30194364609549));
#7820=CARTESIAN_POINT('',(29.7693171219946,7.27470565392104,-1.2752212392471));
#7821=CARTESIAN_POINT('',(29.7693171219946,7.27470565392104,-1.2247787607529));
#7822=CARTESIAN_POINT('',(29.7743862003899,7.2768491679473,-1.19805635390451));
#7823=CARTESIAN_POINT('',(29.794563980171,7.28475461508909,-1.14918991405217));
#7824=CARTESIAN_POINT('',(29.8096815185983,7.29048627035376,-1.1270446368615));
#7825=CARTESIAN_POINT('',(29.828729804092,7.29698954234074,-1.10772566402648));
#7826=CARTESIAN_POINT('',(29.8306061231905,7.29762422029834,-1.10589515888564));
#7827=CARTESIAN_POINT('',(29.8325288962184,7.29826794644955,-1.10409255917199));
#7828=CARTESIAN_POINT('',(30.3212596891186,7.33522592276239,-1.85409255917199));
#7829=AXIS2_PLACEMENT_3D('',#11366,#11367,#11368);
#7830=CARTESIAN_POINT('',(30.3212596891186,7.33522592276239,-2.14590744082802));
#7831=CARTESIAN_POINT('',(30.3228758533144,7.33494498843926,-2.14439228689441));
#7832=CARTESIAN_POINT('',(30.3244583918438,7.3346658022872,-2.14285818042745));
#7833=CARTESIAN_POINT('',(30.3436664904495,7.33123144187654,-2.12361921318077));
#7834=CARTESIAN_POINT('',(30.3590177461194,7.32795985773298,-2.10121298289525));
#7835=CARTESIAN_POINT('',(30.3794187334123,7.3233924375839,-2.05200097117538));
#7836=CARTESIAN_POINT('',(30.3844714633423,7.32212300295699,-2.02519398595165));
#7837=CARTESIAN_POINT('',(30.3844714633423,7.32212300295699,-2.0));
#7838=CARTESIAN_POINT('',(30.3844714633423,7.32212300295699,-1.9747789108615));
#7839=CARTESIAN_POINT('',(30.3794079625051,7.32339522488054,-1.94794510038671));
#7840=CARTESIAN_POINT('',(30.3589668206591,7.32797093323829,-1.89869224202714));
#7841=CARTESIAN_POINT('',(30.3435861623518,7.33124790277728,-1.87627198653481));
#7842=CARTESIAN_POINT('',(30.3243811005382,7.33467943516146,-1.85706692472128));
#7843=CARTESIAN_POINT('',(30.3228364181748,7.33495184336421,-1.85557074266215));
#7844=CARTESIAN_POINT('',(30.3212596891186,7.33522592276239,-1.85409255917199));
#7845=AXIS2_PLACEMENT_3D('',#11369,#11370,#11371);
#7846=CARTESIAN_POINT('',(29.8325288962184,7.29826794644955,-2.89590744082802));
#7847=CARTESIAN_POINT('',(29.8325288962184,7.29826794644956,-2.89590744082802));
#7848=CARTESIAN_POINT('',(29.8309526360464,7.29774022951203,-2.89442969691675));
#7849=CARTESIAN_POINT('',(29.8294079572813,7.29721871475557,-2.89293354776124));
#7850=CARTESIAN_POINT('',(29.8103891933948,7.29074781887321,-2.87391478387479));
#7851=CARTESIAN_POINT('',(29.7950145672238,7.28492776854032,-2.85164845453607));
#7852=CARTESIAN_POINT('',(29.7744832244354,7.27689098359536,-2.80242389648163));
#7853=CARTESIAN_POINT('',(29.7693171219946,7.27470565392104,-2.77546446059978));
#7854=CARTESIAN_POINT('',(29.7693171219946,7.27470565392104,-2.7247787607529));
#7855=CARTESIAN_POINT('',(29.7743862003899,7.2768491679473,-2.69805635390451));
#7856=CARTESIAN_POINT('',(29.794563980171,7.28475461508909,-2.64918991405218));
#7857=CARTESIAN_POINT('',(29.8096815185983,7.29048627035376,-2.6270446368615));
#7858=CARTESIAN_POINT('',(29.828729804092,7.29698954234074,-2.60772566402648));
#7859=CARTESIAN_POINT('',(29.8306061231905,7.29762422029834,-2.60589515888564));
#7860=CARTESIAN_POINT('',(29.8325288962184,7.29826794644955,-2.60409255917199));
#7861=CARTESIAN_POINT('',(30.3212596891186,7.33522592276239,-3.35409255917199));
#7862=AXIS2_PLACEMENT_3D('',#11372,#11373,#11374);
#7863=CARTESIAN_POINT('',(30.3212596891186,7.33522592276239,-3.64590744082802));
#7864=CARTESIAN_POINT('',(30.3228364181748,7.33495184336421,-3.64442925733785));
#7865=CARTESIAN_POINT('',(30.3243811005382,7.33467943516146,-3.64293307527873));
#7866=CARTESIAN_POINT('',(30.3435861623518,7.33124790277728,-3.6237280134652));
#7867=CARTESIAN_POINT('',(30.3589668206591,7.32797093323829,-3.60130775797286));
#7868=CARTESIAN_POINT('',(30.3794079625051,7.32339522488054,-3.55205489961329));
#7869=CARTESIAN_POINT('',(30.3844714633423,7.32212300295699,-3.52522108913851));
#7870=CARTESIAN_POINT('',(30.3844714633423,7.32212300295699,-3.5));
#7871=CARTESIAN_POINT('',(30.3844714633423,7.32212300295699,-3.47480601404835));
#7872=CARTESIAN_POINT('',(30.3794187334123,7.3233924375839,-3.44799902882463));
#7873=CARTESIAN_POINT('',(30.3590177461194,7.32795985773298,-3.39878701710475));
#7874=CARTESIAN_POINT('',(30.3436664904495,7.33123144187654,-3.37638078681923));
#7875=CARTESIAN_POINT('',(30.3244583918438,7.3346658022872,-3.35714181957256));
#7876=CARTESIAN_POINT('',(30.3228758533144,7.33494498843926,-3.3556077131056));
#7877=CARTESIAN_POINT('',(30.3212596891186,7.33522592276239,-3.35409255917199));
#7878=AXIS2_PLACEMENT_3D('',#11375,#11376,#11377);
#7879=CARTESIAN_POINT('',(29.8325288962184,7.29826794644955,-4.39590744082802));
#7880=CARTESIAN_POINT('',(29.8325288962184,7.29826794644956,-4.39590744082802));
#7881=CARTESIAN_POINT('',(29.8306061231905,7.29762422029834,-4.39410484111436));
#7882=CARTESIAN_POINT('',(29.828729804092,7.29698954234074,-4.39227433597353));
#7883=CARTESIAN_POINT('',(29.8096815185983,7.29048627035376,-4.37295536313851));
#7884=CARTESIAN_POINT('',(29.794563980171,7.28475461508909,-4.35081008594783));
#7885=CARTESIAN_POINT('',(29.7743862003899,7.2768491679473,-4.30194364609549));
#7886=CARTESIAN_POINT('',(29.7693171219946,7.27470565392104,-4.27522123924711));
#7887=CARTESIAN_POINT('',(29.7693171219946,7.27470565392104,-4.22453553940023));
#7888=CARTESIAN_POINT('',(29.7744832244354,7.27689098359536,-4.19757610351837));
#7889=CARTESIAN_POINT('',(29.7950145672238,7.28492776854032,-4.14835154546393));
#7890=CARTESIAN_POINT('',(29.8103891933948,7.29074781887321,-4.12608521612522));
#7891=CARTESIAN_POINT('',(29.8294079572813,7.29721871475557,-4.10706645223876));
#7892=CARTESIAN_POINT('',(29.8309526360464,7.29774022951203,-4.10557030308325));
#7893=CARTESIAN_POINT('',(29.8325288962184,7.29826794644956,-4.10409255917199));
#7894=CARTESIAN_POINT('',(29.8368942926685,7.29971828245876,-4.4));
#7895=AXIS2_PLACEMENT_3D('',#11378,#11379,#11380);
#7896=AXIS2_PLACEMENT_3D('',#11381,#11382,#11383);
#7897=CARTESIAN_POINT('',(31.15,6.35,5.4));
#7898=CARTESIAN_POINT('',(31.15,6.35,-4.4));
#7899=CARTESIAN_POINT('',(31.15,6.35,0.499999999999998));
#7900=VECTOR('',#11384,1.0);
#7901=CARTESIAN_POINT('',(30.15,5.35,5.4));
#7902=AXIS2_PLACEMENT_3D('',#11385,#11386,#11387);
#7903=AXIS2_PLACEMENT_3D('',#11388,#11389,#11390);
#7904=CARTESIAN_POINT('',(30.15,5.35,-4.4));
#7905=AXIS2_PLACEMENT_3D('',#11391,#11392,#11393);
#7906=AXIS2_PLACEMENT_3D('',#11394,#11395,#11396);
#7907=CARTESIAN_POINT('',(30.3844714633423,7.06240657835124,2.5));
#7908=CARTESIAN_POINT('',(30.3844714633423,7.19881625055682,2.5));
#7909=VECTOR('',#11397,1.0);
#7910=CARTESIAN_POINT('',(30.3212596891186,7.08018498949445,2.35409255917198));
#7911=CARTESIAN_POINT('',(30.3212596891186,7.08018498949445,2.64590744082802));
#7912=CARTESIAN_POINT('',(30.3229072901472,7.07979855640694,2.64436281486374));
#7913=CARTESIAN_POINT('',(30.3245198854439,7.0794144501958,2.64279854667756));
#7914=CARTESIAN_POINT('',(30.3436805656937,7.0747862306299,2.62358256911097));
#7915=CARTESIAN_POINT('',(30.3589978878682,7.07035936781545,2.60124409805084));
#7916=CARTESIAN_POINT('',(30.3793905427494,7.0641502940195,2.55208568993495));
#7917=CARTESIAN_POINT('',(30.3844714633423,7.06240657835124,2.52526321641543));
#7918=CARTESIAN_POINT('',(30.3844714633423,7.06240657835124,2.5));
#7919=CARTESIAN_POINT('',(30.3844714633423,7.06240657835124,2.47473678358457));
#7920=CARTESIAN_POINT('',(30.3793905427494,7.0641502940195,2.44791431006505));
#7921=CARTESIAN_POINT('',(30.3589978878682,7.07035936781545,2.39875590194917));
#7922=CARTESIAN_POINT('',(30.3436805656937,7.0747862306299,2.37641743088904));
#7923=CARTESIAN_POINT('',(30.3245198854439,7.0794144501958,2.35720145332244));
#7924=CARTESIAN_POINT('',(30.3229072901472,7.07979855640694,2.35563718513626));
#7925=CARTESIAN_POINT('',(30.3212596891186,7.08018498949445,2.35409255917198));
#7926=CARTESIAN_POINT('',(30.3212596891186,7.08018498949445,2.35409255917198));
#7927=VECTOR('',#11398,0.255040933267944);
#7928=CARTESIAN_POINT('',(29.7693171219946,6.99620472483071,3.25));
#7929=CARTESIAN_POINT('',(29.7693171219946,7.14723633564013,3.25));
#7930=VECTOR('',#11399,1.0);
#7931=CARTESIAN_POINT('',(29.8325288962184,7.0294940016392,3.39590744082801));
#7932=CARTESIAN_POINT('',(29.8325288962184,7.29826794644956,3.39590744082801));
#7933=VECTOR('',#11400,0.268773944810352);
#7934=CARTESIAN_POINT('',(29.8325288962184,7.0294940016392,3.39590744082801));
#7935=CARTESIAN_POINT('',(29.830313354395,7.02845886298243,3.39383037036861));
#7936=CARTESIAN_POINT('',(29.8281586033888,7.02743892233659,3.39171540522552));
#7937=CARTESIAN_POINT('',(29.8092893795736,7.01840280863363,3.37234845554374));
#7938=CARTESIAN_POINT('',(29.7944153035523,7.01043359698818,3.35050796598802));
#7939=CARTESIAN_POINT('',(29.774437729633,6.99930938822117,3.30201051954603));
#7940=CARTESIAN_POINT('',(29.7693171219946,6.99620472483071,3.27534907994434));
#7941=CARTESIAN_POINT('',(29.7693171219946,6.99620472483071,3.22465092005566));
#7942=CARTESIAN_POINT('',(29.774437729633,6.99930938822117,3.19798948045397));
#7943=CARTESIAN_POINT('',(29.7944153035523,7.01043359698818,3.14949203401198));
#7944=CARTESIAN_POINT('',(29.8092893795736,7.01840280863363,3.12765154445626));
#7945=CARTESIAN_POINT('',(29.8281586033888,7.02743892233659,3.10828459477448));
#7946=CARTESIAN_POINT('',(29.830313354395,7.02845886298243,3.10616962963139));
#7947=CARTESIAN_POINT('',(29.8325288962184,7.02949400163921,3.10409255917198));
#7948=CARTESIAN_POINT('',(30.4575771706739,7.30152313901464,2.5));
#7949=CARTESIAN_POINT('',(30.4575771706739,7.03402944679324,2.5));
#7950=CARTESIAN_POINT('',(30.4575771706739,7.17685633490954,2.5));
#7951=VECTOR('',#11401,1.0);
#7952=CARTESIAN_POINT('',(30.3943653964501,7.31968322302584,2.35409255917198));
#7953=CARTESIAN_POINT('',(30.3943653964501,7.31968322302584,2.64590744082801));
#7954=CARTESIAN_POINT('',(30.396105519635,7.31924470260821,2.64427607534225));
#7955=CARTESIAN_POINT('',(30.3978070110852,7.3188109359211,2.64262240711707));
#7956=CARTESIAN_POINT('',(30.4169482536212,7.31387989036887,2.62335326255743));
#7957=CARTESIAN_POINT('',(30.4322047144913,7.30940470363034,2.60105460363263));
#7958=CARTESIAN_POINT('',(30.4525164107888,7.30321224797157,2.5519826339899));
#7959=CARTESIAN_POINT('',(30.4575771706739,7.30152313901464,2.52520806059704));
#7960=CARTESIAN_POINT('',(30.4575771706739,7.30152313901464,2.5));
#7961=CARTESIAN_POINT('',(30.4575771706739,7.30152313901464,2.47479193940296));
#7962=CARTESIAN_POINT('',(30.4525164107888,7.30321224797157,2.4480173660101));
#7963=CARTESIAN_POINT('',(30.4322047144913,7.30940470363034,2.39894539636737));
#7964=CARTESIAN_POINT('',(30.4169482536212,7.31387989036887,2.37664673744257));
#7965=CARTESIAN_POINT('',(30.3978070110852,7.3188109359211,2.35737759288293));
#7966=CARTESIAN_POINT('',(30.396105519635,7.31924470260821,2.35572392465774));
#7967=CARTESIAN_POINT('',(30.3943653964501,7.31968322302584,2.35409255917198));
#7968=CARTESIAN_POINT('',(30.3943653964501,7.05907372890115,2.35409255917198));
#7969=CARTESIAN_POINT('',(30.3943653964501,7.31968322302584,2.35409255917198));
#7970=VECTOR('',#11402,0.260609494124691);
#7971=CARTESIAN_POINT('',(30.3943653964501,7.05907372890115,2.35409255917198));
#7972=CARTESIAN_POINT('',(30.3962387744449,7.05842811373064,2.35584885104207));
#7973=CARTESIAN_POINT('',(30.3980675743576,7.05778955453119,2.35763118096453));
#7974=CARTESIAN_POINT('',(30.4171074446719,7.05106247722394,2.37690250843515));
#7975=CARTESIAN_POINT('',(30.4322489385493,7.04493839936096,2.39904045208788));
#7976=CARTESIAN_POINT('',(30.4524785735584,7.03640016296091,2.44793770507418));
#7977=CARTESIAN_POINT('',(30.4575771706739,7.03402944679324,2.47470026405252));
#7978=CARTESIAN_POINT('',(30.4575771706739,7.03402944679324,2.5));
#7979=CARTESIAN_POINT('',(30.4575771706739,7.03402944679324,2.52529973594748));
#7980=CARTESIAN_POINT('',(30.4524785735584,7.03640016296091,2.55206229492582));
#7981=CARTESIAN_POINT('',(30.4322489385493,7.04493839936096,2.60095954791212));
#7982=CARTESIAN_POINT('',(30.4171074446719,7.05106247722394,2.62309749156485));
#7983=CARTESIAN_POINT('',(30.3980675743576,7.05778955453119,2.64236881903547));
#7984=CARTESIAN_POINT('',(30.3962387744449,7.05842811373064,2.64415114895793));
#7985=CARTESIAN_POINT('',(30.3943653964501,7.05907372890115,2.64590744082801));
#7986=CARTESIAN_POINT('',(29.8424228293262,7.03402944679324,3.25));
#7987=CARTESIAN_POINT('',(29.8424228293262,7.30152313901464,3.25));
#7988=CARTESIAN_POINT('',(29.8424228293262,7.17685633490954,3.25));
#7989=VECTOR('',#11403,1.0);
#7990=CARTESIAN_POINT('',(29.9056346035499,7.05907372890115,3.39590744082801));
#7991=CARTESIAN_POINT('',(29.9056346035499,7.05907372890115,3.10409255917198));
#7992=CARTESIAN_POINT('',(29.9037612255552,7.05842811373064,3.10584885104207));
#7993=CARTESIAN_POINT('',(29.9019324256424,7.05778955453119,3.10763118096453));
#7994=CARTESIAN_POINT('',(29.8828925553282,7.05106247722394,3.12690250843515));
#7995=CARTESIAN_POINT('',(29.8677510614508,7.04493839936096,3.14904045208788));
#7996=CARTESIAN_POINT('',(29.8475214264417,7.03640016296091,3.19793770507418));
#7997=CARTESIAN_POINT('',(29.8424228293262,7.03402944679324,3.22470026405252));
#7998=CARTESIAN_POINT('',(29.8424228293262,7.03402944679324,3.27529973594748));
#7999=CARTESIAN_POINT('',(29.8475214264417,7.03640016296091,3.30206229492582));
#8000=CARTESIAN_POINT('',(29.8677510614508,7.04493839936096,3.35095954791212));
#8001=CARTESIAN_POINT('',(29.8828925553282,7.05106247722394,3.37309749156485));
#8002=CARTESIAN_POINT('',(29.9019324256424,7.05778955453119,3.39236881903547));
#8003=CARTESIAN_POINT('',(29.9037612255551,7.05842811373064,3.39415114895793));
#8004=CARTESIAN_POINT('',(29.9056346035499,7.05907372890115,3.39590744082801));
#8005=CARTESIAN_POINT('',(29.9056346035499,7.31968322302584,3.39590744082801));
#8006=CARTESIAN_POINT('',(29.9056346035499,7.05907372890115,3.39590744082801));
#8007=VECTOR('',#11404,0.260609494124691);
#8008=CARTESIAN_POINT('',(29.9056346035499,7.31968322302584,3.39590744082801));
#8009=CARTESIAN_POINT('',(29.9038944803651,7.31924470260821,3.39427607534225));
#8010=CARTESIAN_POINT('',(29.9021929889149,7.3188109359211,3.39262240711707));
#8011=CARTESIAN_POINT('',(29.8830517463788,7.31387989036887,3.37335326255743));
#8012=CARTESIAN_POINT('',(29.8677952855088,7.30940470363034,3.35105460363263));
#8013=CARTESIAN_POINT('',(29.8474835892112,7.30321224797157,3.3019826339899));
#8014=CARTESIAN_POINT('',(29.8424228293262,7.30152313901464,3.27520806059704));
#8015=CARTESIAN_POINT('',(29.8424228293262,7.30152313901464,3.22479193940296));
#8016=CARTESIAN_POINT('',(29.8474835892112,7.30321224797157,3.1980173660101));
#8017=CARTESIAN_POINT('',(29.8677952855088,7.30940470363034,3.14894539636737));
#8018=CARTESIAN_POINT('',(29.8830517463788,7.31387989036887,3.12664673744257));
#8019=CARTESIAN_POINT('',(29.9021929889149,7.3188109359211,3.10737759288293));
#8020=CARTESIAN_POINT('',(29.9038944803651,7.31924470260821,3.10572392465774));
#8021=CARTESIAN_POINT('',(29.9056346035499,7.31968322302584,3.10409255917198));
#8022=CARTESIAN_POINT('',(29.7693171219946,6.99620472483072,4.75));
#8023=CARTESIAN_POINT('',(29.7693171219946,7.14723633564013,4.75));
#8024=VECTOR('',#11405,1.0);
#8025=CARTESIAN_POINT('',(29.8325288962184,7.0294940016392,4.89590744082802));
#8026=CARTESIAN_POINT('',(29.8325288962184,7.29826794644956,4.89590744082802));
#8027=VECTOR('',#11406,0.268773944810352);
#8028=CARTESIAN_POINT('',(29.8325288962184,7.02949400163921,4.89590744082802));
#8029=CARTESIAN_POINT('',(29.830313354395,7.02845886298244,4.89383037036861));
#8030=CARTESIAN_POINT('',(29.8281586033888,7.02743892233659,4.89171540522552));
#8031=CARTESIAN_POINT('',(29.8092893795736,7.01840280863364,4.87234845554374));
#8032=CARTESIAN_POINT('',(29.7944153035523,7.01043359698818,4.85050796598802));
#8033=CARTESIAN_POINT('',(29.774437729633,6.99930938822117,4.80201051954603));
#8034=CARTESIAN_POINT('',(29.7693171219946,6.99620472483071,4.77534907994434));
#8035=CARTESIAN_POINT('',(29.7693171219946,6.99620472483071,4.72465092005566));
#8036=CARTESIAN_POINT('',(29.774437729633,6.99930938822117,4.69798948045397));
#8037=CARTESIAN_POINT('',(29.7944153035523,7.01043359698818,4.64949203401198));
#8038=CARTESIAN_POINT('',(29.8092893795736,7.01840280863364,4.62765154445626));
#8039=CARTESIAN_POINT('',(29.8281586033888,7.02743892233659,4.60828459477448));
#8040=CARTESIAN_POINT('',(29.830313354395,7.02845886298244,4.60616962963139));
#8041=CARTESIAN_POINT('',(29.8325288962184,7.02949400163921,4.60409255917198));
#8042=CARTESIAN_POINT('',(29.4,6.35,5.5));
#8043=CARTESIAN_POINT('',(29.4,6.35,-4.5));
#8044=CARTESIAN_POINT('',(29.4,6.35,0.500000000000002));
#8045=VECTOR('',#11407,1.0);
#8046=CARTESIAN_POINT('',(29.9435609593351,7.07102907187531,-4.5));
#8047=AXIS2_PLACEMENT_3D('',#11408,#11409,#11410);
#8048=CARTESIAN_POINT('',(29.8325288962184,7.0294940016392,-4.39590744082802));
#8049=AXIS2_PLACEMENT_3D('',#11411,#11412,#11413);
#8050=CARTESIAN_POINT('',(29.8325288962184,7.0294940016392,-4.10409255917198));
#8051=CARTESIAN_POINT('',(29.830313354395,7.02845886298243,-4.1061696296314));
#8052=CARTESIAN_POINT('',(29.8281586033888,7.02743892233658,-4.10828459477448));
#8053=CARTESIAN_POINT('',(29.8092893795736,7.01840280863363,-4.12765154445627));
#8054=CARTESIAN_POINT('',(29.7944153035523,7.01043359698818,-4.14949203401198));
#8055=CARTESIAN_POINT('',(29.774437729633,6.99930938822117,-4.19798948045398));
#8056=CARTESIAN_POINT('',(29.7693171219946,6.99620472483071,-4.22465092005566));
#8057=CARTESIAN_POINT('',(29.7693171219946,6.99620472483071,-4.27581033489936));
#8058=CARTESIAN_POINT('',(29.7746222948986,6.99942343096399,-4.30290956182737));
#8059=CARTESIAN_POINT('',(29.7952526773964,7.01088955143707,-4.3520634483922));
#8060=CARTESIAN_POINT('',(29.8105969908773,7.01908334546132,-4.37412258135731));
#8061=CARTESIAN_POINT('',(29.8294081241092,7.02802924245381,-4.39293371458918));
#8062=CARTESIAN_POINT('',(29.830952791364,7.02875761876227,-4.39442984252708));
#8063=CARTESIAN_POINT('',(29.8325288962184,7.0294940016392,-4.39590744082802));
#8064=AXIS2_PLACEMENT_3D('',#11414,#11415,#11416);
#8065=CARTESIAN_POINT('',(30.3212596891186,7.08018498949445,-3.35409255917199));
#8066=CARTESIAN_POINT('',(30.3212596891186,7.08018498949445,-3.35409255917199));
#8067=CARTESIAN_POINT('',(30.3229072901472,7.07979855640694,-3.35563718513626));
#8068=CARTESIAN_POINT('',(30.3245198854439,7.0794144501958,-3.35720145332245));
#8069=CARTESIAN_POINT('',(30.3436805656937,7.0747862306299,-3.37641743088904));
#8070=CARTESIAN_POINT('',(30.3589978878682,7.07035936781544,-3.39875590194917));
#8071=CARTESIAN_POINT('',(30.3793905427494,7.0641502940195,-3.44791431006505));
#8072=CARTESIAN_POINT('',(30.3844714633423,7.06240657835124,-3.47473678358457));
#8073=CARTESIAN_POINT('',(30.3844714633423,7.06240657835124,-3.5));
#8074=CARTESIAN_POINT('',(30.3844714633423,7.06240657835124,-3.52526321641544));
#8075=CARTESIAN_POINT('',(30.3793905427494,7.0641502940195,-3.55208568993496));
#8076=CARTESIAN_POINT('',(30.3589978878682,7.07035936781544,-3.60124409805084));
#8077=CARTESIAN_POINT('',(30.3436805656937,7.0747862306299,-3.62358256911097));
#8078=CARTESIAN_POINT('',(30.3245198854439,7.0794144501958,-3.64279854667756));
#8079=CARTESIAN_POINT('',(30.3229072901472,7.07979855640694,-3.64436281486375));
#8080=CARTESIAN_POINT('',(30.3212596891186,7.08018498949445,-3.64590744082802));
#8081=CARTESIAN_POINT('',(29.8325288962184,7.0294940016392,-2.89590744082802));
#8082=AXIS2_PLACEMENT_3D('',#11417,#11418,#11419);
#8083=CARTESIAN_POINT('',(29.8325288962184,7.0294940016392,-2.60409255917199));
#8084=CARTESIAN_POINT('',(29.830952791364,7.02875761876227,-2.60557015747293));
#8085=CARTESIAN_POINT('',(29.8294081241092,7.02802924245381,-2.60706628541082));
#8086=CARTESIAN_POINT('',(29.8105969908773,7.01908334546132,-2.6258774186427));
#8087=CARTESIAN_POINT('',(29.7952526773964,7.01088955143707,-2.64793655160781));
#8088=CARTESIAN_POINT('',(29.7746222948986,6.99942343096399,-2.69709043817263));
#8089=CARTESIAN_POINT('',(29.7693171219946,6.99620472483071,-2.72418966510064));
#8090=CARTESIAN_POINT('',(29.7693171219946,6.99620472483071,-2.77534907994434));
#8091=CARTESIAN_POINT('',(29.774437729633,6.99930938822117,-2.80201051954603));
#8092=CARTESIAN_POINT('',(29.7944153035523,7.01043359698818,-2.85050796598802));
#8093=CARTESIAN_POINT('',(29.8092893795736,7.01840280863363,-2.87234845554374));
#8094=CARTESIAN_POINT('',(29.8281586033888,7.02743892233658,-2.89171540522552));
#8095=CARTESIAN_POINT('',(29.830313354395,7.02845886298243,-2.89383037036861));
#8096=CARTESIAN_POINT('',(29.8325288962184,7.0294940016392,-2.89590744082802));
#8097=AXIS2_PLACEMENT_3D('',#11420,#11421,#11422);
#8098=CARTESIAN_POINT('',(30.3212596891186,7.08018498949445,-1.85409255917199));
#8099=CARTESIAN_POINT('',(30.3212596891186,7.08018498949445,-1.85409255917199));
#8100=CARTESIAN_POINT('',(30.3229072901472,7.07979855640694,-1.85563718513626));
#8101=CARTESIAN_POINT('',(30.3245198854439,7.0794144501958,-1.85720145332244));
#8102=CARTESIAN_POINT('',(30.3436805656937,7.0747862306299,-1.87641743088904));
#8103=CARTESIAN_POINT('',(30.3589978878682,7.07035936781544,-1.89875590194917));
#8104=CARTESIAN_POINT('',(30.3793905427494,7.0641502940195,-1.94791431006505));
#8105=CARTESIAN_POINT('',(30.3844714633423,7.06240657835124,-1.97473678358457));
#8106=CARTESIAN_POINT('',(30.3844714633423,7.06240657835124,-2.0));
#8107=CARTESIAN_POINT('',(30.3844714633423,7.06240657835124,-2.02531220482829));
#8108=CARTESIAN_POINT('',(30.3793710431985,7.06415718653874,-2.05218280094517));
#8109=CARTESIAN_POINT('',(30.3589063207284,7.07038641673847,-2.10141432716065));
#8110=CARTESIAN_POINT('',(30.3435363671585,7.07482624644061,-2.12377780865842));
#8111=CARTESIAN_POINT('',(30.3243811838906,7.07944747634276,-2.14293299192631));
#8112=CARTESIAN_POINT('',(30.3228365060384,7.07981515831553,-2.14442917496566));
#8113=CARTESIAN_POINT('',(30.3212596891186,7.08018498949445,-2.14590744082802));
#8114=CARTESIAN_POINT('',(29.8325288962184,7.0294940016392,-1.39590744082802));
#8115=AXIS2_PLACEMENT_3D('',#11423,#11424,#11425);
#8116=CARTESIAN_POINT('',(29.8325288962184,7.0294940016392,-1.10409255917199));
#8117=CARTESIAN_POINT('',(29.830313354395,7.02845886298243,-1.10616962963139));
#8118=CARTESIAN_POINT('',(29.8281586033888,7.02743892233658,-1.10828459477448));
#8119=CARTESIAN_POINT('',(29.8092893795736,7.01840280863363,-1.12765154445626));
#8120=CARTESIAN_POINT('',(29.7944153035523,7.01043359698818,-1.14949203401198));
#8121=CARTESIAN_POINT('',(29.774437729633,6.99930938822117,-1.19798948045397));
#8122=CARTESIAN_POINT('',(29.7693171219946,6.99620472483071,-1.22465092005566));
#8123=CARTESIAN_POINT('',(29.7693171219946,6.99620472483071,-1.27534907994434));
#8124=CARTESIAN_POINT('',(29.774437729633,6.99930938822117,-1.30201051954603));
#8125=CARTESIAN_POINT('',(29.7944153035523,7.01043359698818,-1.35050796598802));
#8126=CARTESIAN_POINT('',(29.8092893795736,7.01840280863363,-1.37234845554374));
#8127=CARTESIAN_POINT('',(29.8281586033888,7.02743892233659,-1.39171540522552));
#8128=CARTESIAN_POINT('',(29.830313354395,7.02845886298243,-1.39383037036861));
#8129=CARTESIAN_POINT('',(29.8325288962184,7.0294940016392,-1.39590744082802));
#8130=AXIS2_PLACEMENT_3D('',#11426,#11427,#11428);
#8131=CARTESIAN_POINT('',(30.3212596891186,7.08018498949445,-0.35409255917199));
#8132=CARTESIAN_POINT('',(30.3212596891186,7.08018498949445,-0.354092559171986));
#8133=CARTESIAN_POINT('',(30.3229072901472,7.07979855640694,-0.355637185136258));
#8134=CARTESIAN_POINT('',(30.3245198854439,7.0794144501958,-0.357201453322444));
#8135=CARTESIAN_POINT('',(30.3436805656937,7.0747862306299,-0.376417430889036));
#8136=CARTESIAN_POINT('',(30.3589978878682,7.07035936781544,-0.398755901949165));
#8137=CARTESIAN_POINT('',(30.3793905427494,7.0641502940195,-0.447914310065046));
#8138=CARTESIAN_POINT('',(30.3844714633423,7.06240657835124,-0.474736783584569));
#8139=CARTESIAN_POINT('',(30.3844714633423,7.06240657835124,-0.5));
#8140=CARTESIAN_POINT('',(30.3844714633423,7.06240657835124,-0.525263216415431));
#8141=CARTESIAN_POINT('',(30.3793905427494,7.0641502940195,-0.552085689934954));
#8142=CARTESIAN_POINT('',(30.3589978878682,7.07035936781544,-0.601244098050834));
#8143=CARTESIAN_POINT('',(30.3436805656937,7.0747862306299,-0.623582569110964));
#8144=CARTESIAN_POINT('',(30.3245198854439,7.0794144501958,-0.642798546677558));
#8145=CARTESIAN_POINT('',(30.3229072901472,7.07979855640694,-0.644362814863744));
#8146=CARTESIAN_POINT('',(30.3212596891186,7.08018498949445,-0.645907440828018));
#8147=CARTESIAN_POINT('',(29.8325288962184,7.0294940016392,0.10409255917198));
#8148=AXIS2_PLACEMENT_3D('',#11429,#11430,#11431);
#8149=CARTESIAN_POINT('',(29.8325288962184,7.0294940016392,0.395907440828014));
#8150=CARTESIAN_POINT('',(29.830313354395,7.02845886298243,0.393830370368604));
#8151=CARTESIAN_POINT('',(29.8281586033888,7.02743892233659,0.391715405225517));
#8152=CARTESIAN_POINT('',(29.8092893795736,7.01840280863363,0.372348455543738));
#8153=CARTESIAN_POINT('',(29.7944153035523,7.01043359698818,0.350507965988018));
#8154=CARTESIAN_POINT('',(29.774437729633,6.99930938822117,0.302010519546027));
#8155=CARTESIAN_POINT('',(29.7693171219946,6.99620472483071,0.275349079944342));
#8156=CARTESIAN_POINT('',(29.7693171219946,6.99620472483071,0.224650920055656));
#8157=CARTESIAN_POINT('',(29.774437729633,6.99930938822117,0.197989480453971));
#8158=CARTESIAN_POINT('',(29.7944153035523,7.01043359698818,0.14949203401198));
#8159=CARTESIAN_POINT('',(29.8092893795736,7.01840280863363,0.12765154445626));
#8160=CARTESIAN_POINT('',(29.8281586033888,7.02743892233659,0.10828459477448));
#8161=CARTESIAN_POINT('',(29.830313354395,7.02845886298243,0.106169629631393));
#8162=CARTESIAN_POINT('',(29.8325288962184,7.0294940016392,0.104092559171982));
#8163=AXIS2_PLACEMENT_3D('',#11432,#11433,#11434);
#8164=CARTESIAN_POINT('',(30.3212596891186,7.08018498949445,1.14590744082801));
#8165=CARTESIAN_POINT('',(30.3212596891186,7.08018498949445,1.14590744082801));
#8166=CARTESIAN_POINT('',(30.3229072901472,7.07979855640694,1.14436281486374));
#8167=CARTESIAN_POINT('',(30.3245198854439,7.0794144501958,1.14279854667756));
#8168=CARTESIAN_POINT('',(30.3436805656937,7.0747862306299,1.12358256911096));
#8169=CARTESIAN_POINT('',(30.3589978878682,7.07035936781545,1.10124409805083));
#8170=CARTESIAN_POINT('',(30.3793905427494,7.0641502940195,1.05208568993495));
#8171=CARTESIAN_POINT('',(30.3844714633423,7.06240657835124,1.02526321641543));
#8172=CARTESIAN_POINT('',(30.3844714633423,7.06240657835124,0.999999999999999));
#8173=CARTESIAN_POINT('',(30.3844714633423,7.06240657835124,0.974736783584568));
#8174=CARTESIAN_POINT('',(30.3793905427494,7.0641502940195,0.947914310065045));
#8175=CARTESIAN_POINT('',(30.3589978878682,7.07035936781545,0.898755901949164));
#8176=CARTESIAN_POINT('',(30.3436805656937,7.0747862306299,0.876417430889035));
#8177=CARTESIAN_POINT('',(30.3245198854439,7.0794144501958,0.857201453322442));
#8178=CARTESIAN_POINT('',(30.3229072901472,7.07979855640694,0.855637185136255));
#8179=CARTESIAN_POINT('',(30.3212596891186,7.08018498949445,0.854092559171981));
#8180=CARTESIAN_POINT('',(29.8325288962184,7.0294940016392,1.60409255917198));
#8181=AXIS2_PLACEMENT_3D('',#11435,#11436,#11437);
#8182=CARTESIAN_POINT('',(29.8325288962184,7.0294940016392,1.89590744082802));
#8183=CARTESIAN_POINT('',(29.830313354395,7.02845886298243,1.89383037036861));
#8184=CARTESIAN_POINT('',(29.8281586033888,7.02743892233659,1.89171540522552));
#8185=CARTESIAN_POINT('',(29.8092893795736,7.01840280863363,1.87234845554374));
#8186=CARTESIAN_POINT('',(29.7944153035523,7.01043359698818,1.85050796598802));
#8187=CARTESIAN_POINT('',(29.774437729633,6.99930938822117,1.80201051954603));
#8188=CARTESIAN_POINT('',(29.7693171219946,6.99620472483071,1.77534907994434));
#8189=CARTESIAN_POINT('',(29.7693171219946,6.99620472483071,1.72465092005566));
#8190=CARTESIAN_POINT('',(29.774437729633,6.99930938822117,1.69798948045397));
#8191=CARTESIAN_POINT('',(29.7944153035523,7.01043359698818,1.64949203401198));
#8192=CARTESIAN_POINT('',(29.8092893795736,7.01840280863363,1.62765154445626));
#8193=CARTESIAN_POINT('',(29.8281586033888,7.02743892233659,1.60828459477448));
#8194=CARTESIAN_POINT('',(29.830313354395,7.02845886298243,1.60616962963139));
#8195=CARTESIAN_POINT('',(29.8325288962184,7.0294940016392,1.60409255917198));
#8196=AXIS2_PLACEMENT_3D('',#11438,#11439,#11440);
#8197=CARTESIAN_POINT('',(30.3212596891186,7.08018498949445,2.64590744082801));
#8198=CARTESIAN_POINT('',(30.3212596891186,7.08018498949445,2.64590744082802));
#8199=CARTESIAN_POINT('',(30.3229072901472,7.07979855640694,2.64436281486374));
#8200=CARTESIAN_POINT('',(30.3245198854439,7.0794144501958,2.64279854667756));
#8201=CARTESIAN_POINT('',(30.3436805656937,7.0747862306299,2.62358256911097));
#8202=CARTESIAN_POINT('',(30.3589978878682,7.07035936781545,2.60124409805084));
#8203=CARTESIAN_POINT('',(30.3793905427494,7.0641502940195,2.55208568993495));
#8204=CARTESIAN_POINT('',(30.3844714633423,7.06240657835124,2.52526321641543));
#8205=CARTESIAN_POINT('',(30.3844714633423,7.06240657835124,2.5));
#8206=CARTESIAN_POINT('',(30.3844714633423,7.06240657835124,2.47473678358457));
#8207=CARTESIAN_POINT('',(30.3793905427494,7.0641502940195,2.44791431006505));
#8208=CARTESIAN_POINT('',(30.3589978878682,7.07035936781545,2.39875590194917));
#8209=CARTESIAN_POINT('',(30.3436805656937,7.0747862306299,2.37641743088904));
#8210=CARTESIAN_POINT('',(30.3245198854439,7.0794144501958,2.35720145332244));
#8211=CARTESIAN_POINT('',(30.3229072901472,7.07979855640694,2.35563718513626));
#8212=CARTESIAN_POINT('',(30.3212596891186,7.08018498949445,2.35409255917198));
#8213=CARTESIAN_POINT('',(29.8325288962184,7.0294940016392,3.10409255917198));
#8214=AXIS2_PLACEMENT_3D('',#11441,#11442,#11443);
#8215=CARTESIAN_POINT('',(29.8325288962184,7.0294940016392,3.39590744082801));
#8216=CARTESIAN_POINT('',(29.830313354395,7.02845886298243,3.39383037036861));
#8217=CARTESIAN_POINT('',(29.8281586033888,7.02743892233659,3.39171540522552));
#8218=CARTESIAN_POINT('',(29.8092893795736,7.01840280863363,3.37234845554374));
#8219=CARTESIAN_POINT('',(29.7944153035523,7.01043359698818,3.35050796598802));
#8220=CARTESIAN_POINT('',(29.774437729633,6.99930938822117,3.30201051954603));
#8221=CARTESIAN_POINT('',(29.7693171219946,6.99620472483071,3.27534907994434));
#8222=CARTESIAN_POINT('',(29.7693171219946,6.99620472483071,3.22465092005566));
#8223=CARTESIAN_POINT('',(29.774437729633,6.99930938822117,3.19798948045397));
#8224=CARTESIAN_POINT('',(29.7944153035523,7.01043359698818,3.14949203401198));
#8225=CARTESIAN_POINT('',(29.8092893795736,7.01840280863363,3.12765154445626));
#8226=CARTESIAN_POINT('',(29.8281586033888,7.02743892233659,3.10828459477448));
#8227=CARTESIAN_POINT('',(29.830313354395,7.02845886298243,3.10616962963139));
#8228=CARTESIAN_POINT('',(29.8325288962184,7.02949400163921,3.10409255917198));
#8229=CARTESIAN_POINT('',(30.3212596891186,7.08018498949445,3.85409255917198));
#8230=AXIS2_PLACEMENT_3D('',#11444,#11445,#11446);
#8231=CARTESIAN_POINT('',(30.3844714633423,7.06240657835124,4.0));
#8232=CARTESIAN_POINT('',(30.3212596891186,7.08018498949445,4.14590744082802));
#8233=CARTESIAN_POINT('',(30.3229072901472,7.07979855640694,4.14436281486374));
#8234=CARTESIAN_POINT('',(30.3245198854439,7.0794144501958,4.14279854667756));
#8235=CARTESIAN_POINT('',(30.3436805656937,7.0747862306299,4.12358256911096));
#8236=CARTESIAN_POINT('',(30.3589978878682,7.07035936781545,4.10124409805083));
#8237=CARTESIAN_POINT('',(30.3793905427494,7.0641502940195,4.05208568993495));
#8238=CARTESIAN_POINT('',(30.3844714633423,7.06240657835124,4.02526321641543));
#8239=CARTESIAN_POINT('',(30.3844714633423,7.06240657835124,4.0));
#8240=CARTESIAN_POINT('',(30.3844714633423,7.06240657835124,3.97473678358457));
#8241=CARTESIAN_POINT('',(30.3793905427494,7.0641502940195,3.94791431006505));
#8242=CARTESIAN_POINT('',(30.3589978878682,7.07035936781545,3.89875590194916));
#8243=CARTESIAN_POINT('',(30.3436805656937,7.0747862306299,3.87641743088904));
#8244=CARTESIAN_POINT('',(30.3245198854439,7.0794144501958,3.85720145332244));
#8245=CARTESIAN_POINT('',(30.3229072901472,7.07979855640694,3.85563718513625));
#8246=CARTESIAN_POINT('',(30.3212596891186,7.08018498949445,3.85409255917198));
#8247=CARTESIAN_POINT('',(30.3212596891186,7.08018498949445,4.14590744082801));
#8248=CARTESIAN_POINT('',(30.3212596891186,7.08018498949445,4.14590744082802));
#8249=CARTESIAN_POINT('',(30.3229072901472,7.07979855640694,4.14436281486374));
#8250=CARTESIAN_POINT('',(30.3245198854439,7.0794144501958,4.14279854667756));
#8251=CARTESIAN_POINT('',(30.3436805656937,7.0747862306299,4.12358256911096));
#8252=CARTESIAN_POINT('',(30.3589978878682,7.07035936781545,4.10124409805083));
#8253=CARTESIAN_POINT('',(30.3793905427494,7.0641502940195,4.05208568993495));
#8254=CARTESIAN_POINT('',(30.3844714633423,7.06240657835124,4.02526321641543));
#8255=CARTESIAN_POINT('',(30.3844714633423,7.06240657835124,4.0));
#8256=CARTESIAN_POINT('',(30.3844714633423,7.06240657835124,3.97473678358457));
#8257=CARTESIAN_POINT('',(30.3793905427494,7.0641502940195,3.94791431006505));
#8258=CARTESIAN_POINT('',(30.3589978878682,7.07035936781545,3.89875590194916));
#8259=CARTESIAN_POINT('',(30.3436805656937,7.0747862306299,3.87641743088904));
#8260=CARTESIAN_POINT('',(30.3245198854439,7.0794144501958,3.85720145332244));
#8261=CARTESIAN_POINT('',(30.3229072901472,7.07979855640694,3.85563718513625));
#8262=CARTESIAN_POINT('',(30.3212596891186,7.08018498949445,3.85409255917198));
#8263=CARTESIAN_POINT('',(29.8325288962184,7.0294940016392,4.60409255917198));
#8264=AXIS2_PLACEMENT_3D('',#11447,#11448,#11449);
#8265=CARTESIAN_POINT('',(29.8325288962184,7.02949400163921,4.89590744082802));
#8266=CARTESIAN_POINT('',(29.830313354395,7.02845886298244,4.89383037036861));
#8267=CARTESIAN_POINT('',(29.8281586033888,7.02743892233659,4.89171540522552));
#8268=CARTESIAN_POINT('',(29.8092893795736,7.01840280863364,4.87234845554374));
#8269=CARTESIAN_POINT('',(29.7944153035523,7.01043359698818,4.85050796598802));
#8270=CARTESIAN_POINT('',(29.774437729633,6.99930938822117,4.80201051954603));
#8271=CARTESIAN_POINT('',(29.7693171219946,6.99620472483071,4.77534907994434));
#8272=CARTESIAN_POINT('',(29.7693171219946,6.99620472483071,4.72465092005566));
#8273=CARTESIAN_POINT('',(29.774437729633,6.99930938822117,4.69798948045397));
#8274=CARTESIAN_POINT('',(29.7944153035523,7.01043359698818,4.64949203401198));
#8275=CARTESIAN_POINT('',(29.8092893795736,7.01840280863364,4.62765154445626));
#8276=CARTESIAN_POINT('',(29.8281586033888,7.02743892233659,4.60828459477448));
#8277=CARTESIAN_POINT('',(29.830313354395,7.02845886298244,4.60616962963139));
#8278=CARTESIAN_POINT('',(29.8325288962184,7.02949400163921,4.60409255917198));
#8279=CARTESIAN_POINT('',(30.4768942926685,7.0250112009595,5.5));
#8280=AXIS2_PLACEMENT_3D('',#11450,#11451,#11452);
#8281=AXIS2_PLACEMENT_3D('',#11453,#11454,#11455);
#8282=CARTESIAN_POINT('',(30.9,6.35,-4.5));
#8283=CARTESIAN_POINT('',(30.9,6.35,5.5));
#8284=CARTESIAN_POINT('',(30.9,6.35,0.500000000000001));
#8285=VECTOR('',#11456,1.0);
#8286=AXIS2_PLACEMENT_3D('',#11457,#11458,#11459);
#8287=AXIS2_PLACEMENT_3D('',#11460,#11461,#11462);
#8288=CARTESIAN_POINT('',(30.3844714633423,7.19881625055682,4.0));
#8289=VECTOR('',#11463,1.0);
#8290=CARTESIAN_POINT('',(30.3212596891186,7.08018498949445,3.85409255917198));
#8291=VECTOR('',#11464,0.255040933267944);
#8292=CARTESIAN_POINT('',(30.15,5.45,-4.5));
#8293=AXIS2_PLACEMENT_3D('',#11465,#11466,#11467);
#8294=CARTESIAN_POINT('',(29.9435609593351,7.22600395118365,-4.5));
#8295=CARTESIAN_POINT('',(29.8368942926685,7.29971828245876,-4.4));
#8296=CARTESIAN_POINT('',(29.8511391600183,7.30441456908375,-4.41335456314049));
#8297=CARTESIAN_POINT('',(29.8686717085771,7.30620820907944,-4.42979132741436));
#8298=CARTESIAN_POINT('',(29.8943762827235,7.30134723865228,-4.45388936567657));
#8299=CARTESIAN_POINT('',(29.9072985263762,7.29573056864326,-4.46600396910098));
#8300=CARTESIAN_POINT('',(29.9246251360485,7.28105131306244,-4.48224766566881));
#8301=CARTESIAN_POINT('',(29.9324756590769,7.27071307177671,-4.48960753100789));
#8302=CARTESIAN_POINT('',(29.9410763754275,7.2502202298834,-4.49767070258662));
#8303=CARTESIAN_POINT('',(29.9435609593351,7.23721061930646,-4.5));
#8304=CARTESIAN_POINT('',(29.9435609593351,7.22600395118365,-4.5));
#8305=AXIS2_PLACEMENT_3D('',#11468,#11469,#11470);
#8306=CARTESIAN_POINT('',(30.15,7.35,-4.4));
#8307=CARTESIAN_POINT('',(30.15,7.25,-4.5));
#8308=AXIS2_PLACEMENT_3D('',#11471,#11472,#11473);
#8309=AXIS2_PLACEMENT_3D('',#11474,#11475,#11476);
#8310=AXIS2_PLACEMENT_3D('',#11477,#11478,#11479);
#8311=CARTESIAN_POINT('',(30.15,5.45,5.5));
#8312=AXIS2_PLACEMENT_3D('',#11480,#11481,#11482);
#8313=CARTESIAN_POINT('',(30.4433333333334,7.30601022774631,5.4));
#8314=AXIS2_PLACEMENT_3D('',#11483,#11484,#11485);
#8315=CARTESIAN_POINT('',(30.55,7.15622577482985,5.5));
#8316=CARTESIAN_POINT('',(30.4433333333334,7.30601022774631,5.4));
#8317=CARTESIAN_POINT('',(30.4576464806446,7.30161851404971,5.41341857560426));
#8318=CARTESIAN_POINT('',(30.47398676155,7.29265259975422,5.42873758895312));
#8319=CARTESIAN_POINT('',(30.4991303614022,7.2724419190945,5.45230971381456));
#8320=CARTESIAN_POINT('',(30.5126641502542,7.25750256944499,5.46499764086326));
#8321=CARTESIAN_POINT('',(30.5306615802526,7.22986135907053,5.48187023148679));
#8322=CARTESIAN_POINT('',(30.5389663118275,7.21264428468855,5.48965591733826));
#8323=CARTESIAN_POINT('',(30.5473481523235,7.18461113105787,5.49751389280327));
#8324=CARTESIAN_POINT('',(30.55,7.1693219201975,5.5));
#8325=CARTESIAN_POINT('',(30.55,7.15622577482986,5.5));
#8326=AXIS2_PLACEMENT_3D('',#11486,#11487,#11488);
#8327=CARTESIAN_POINT('',(30.15,7.25,5.5));
#8328=AXIS2_PLACEMENT_3D('',#11489,#11490,#11491);
#8329=CARTESIAN_POINT('',(30.4768942926685,7.18853450818722,5.5));
#8330=AXIS2_PLACEMENT_3D('',#11492,#11493,#11494);
#8331=CARTESIAN_POINT('',(30.4768942926685,7.18853450818722,5.5));
#8332=CARTESIAN_POINT('',(30.4768942926685,7.20095323188314,5.5));
#8333=CARTESIAN_POINT('',(30.4742888918253,7.21542145003458,5.49755743670951));
#8334=CARTESIAN_POINT('',(30.4659777030169,7.24170259968873,5.48976569720164));
#8335=CARTESIAN_POINT('',(30.4577679396522,7.25759161989981,5.48206904404721));
#8336=CARTESIAN_POINT('',(30.4398990848572,7.28301473279314,5.46531699267696));
#8337=CARTESIAN_POINT('',(30.4264110020352,7.29651426716338,5.45267191503132));
#8338=CARTESIAN_POINT('',(30.4011597145451,7.31456823506907,5.42899883300937));
#8339=CARTESIAN_POINT('',(30.3845965049849,7.32220443761999,5.41347082404668));
#8340=CARTESIAN_POINT('',(30.3702276260018,7.3254485085055,5.4));
#8341=AXIS2_PLACEMENT_3D('',#11495,#11496,#11497);
#8342=CARTESIAN_POINT('',(30.55,6.98442887702248,5.5));
#8343=CARTESIAN_POINT('',(30.55,7.15622577482985,5.5));
#8344=VECTOR('',#11498,0.171796897807379);
#8345=AXIS2_PLACEMENT_3D('',#11499,#11500,#11501);
#8346=CARTESIAN_POINT('',(30.4768942926685,7.0250112009595,5.5));
#8347=VECTOR('',#11502,0.163523307227722);
#8348=AXIS2_PLACEMENT_3D('',#11503,#11504,#11505);
#8349=AXIS2_PLACEMENT_3D('',#11506,#11507,#11508);
#8350=CARTESIAN_POINT('',(30.0166666666667,7.24006866152124,-4.5));
#8351=AXIS2_PLACEMENT_3D('',#11509,#11510,#11511);
#8352=CARTESIAN_POINT('',(29.91,7.32077288796093,-4.4));
#8353=CARTESIAN_POINT('',(30.0166666666667,7.24006866152124,-4.5));
#8354=CARTESIAN_POINT('',(30.0166666666667,7.2511519246017,-4.5));
#8355=CARTESIAN_POINT('',(30.0141784330985,7.26400707428779,-4.49766728102983));
#8356=CARTESIAN_POINT('',(30.005698343423,7.28481854769077,-4.48971719695909));
#8357=CARTESIAN_POINT('',(29.9978217938621,7.2956667466651,-4.48233293174573));
#8358=CARTESIAN_POINT('',(29.9804482300887,7.31151810239878,-4.4660452157081));
#8359=CARTESIAN_POINT('',(29.9674232733472,7.31808718376772,-4.453834318763));
#8360=CARTESIAN_POINT('',(29.9417638741977,7.32470538658762,-4.42977863206031));
#8361=CARTESIAN_POINT('',(29.9243132324506,7.32431148677301,-4.41341865542243));
#8362=CARTESIAN_POINT('',(29.91,7.32077288796092,-4.4));
#8363=AXIS2_PLACEMENT_3D('',#11512,#11513,#11514);
#8364=CARTESIAN_POINT('',(29.9435609593351,7.22600395118365,-4.5));
#8365=VECTOR('',#11515,0.154974879308343);
#8366=CARTESIAN_POINT('',(30.0166666666667,7.08805299418282,-4.5));
#8367=AXIS2_PLACEMENT_3D('',#11516,#11517,#11518);
#8368=CARTESIAN_POINT('',(30.0166666666667,7.08805299418282,-4.5));
#8369=VECTOR('',#11519,0.152015667338429);
#8370=CARTESIAN_POINT('',(29.8325288962184,7.0294940016392,-4.39590744082802));
#8371=VECTOR('',#11520,0.268773944810352);
#8372=CARTESIAN_POINT('',(30.3212596891186,7.33522592276239,4.14590744082801));
#8373=VECTOR('',#11521,0.255040933267944);
#8374=CARTESIAN_POINT('',(29.9056346035499,7.05907372890115,4.60409255917198));
#8375=CARTESIAN_POINT('',(29.9056346035499,7.05907372890115,4.60409255917198));
#8376=CARTESIAN_POINT('',(29.9037612255552,7.05842811373064,4.60584885104207));
#8377=CARTESIAN_POINT('',(29.9019324256424,7.05778955453119,4.60763118096453));
#8378=CARTESIAN_POINT('',(29.8828925553282,7.05106247722394,4.62690250843515));
#8379=CARTESIAN_POINT('',(29.8677510614508,7.04493839936096,4.64904045208788));
#8380=CARTESIAN_POINT('',(29.8475214264417,7.03640016296091,4.69793770507419));
#8381=CARTESIAN_POINT('',(29.8424228293262,7.03402944679324,4.72470026405252));
#8382=CARTESIAN_POINT('',(29.8424228293262,7.03402944679324,4.77529973594748));
#8383=CARTESIAN_POINT('',(29.8475214264417,7.03640016296091,4.80206229492582));
#8384=CARTESIAN_POINT('',(29.8677510614508,7.04493839936096,4.85095954791212));
#8385=CARTESIAN_POINT('',(29.8828925553282,7.05106247722394,4.87309749156485));
#8386=CARTESIAN_POINT('',(29.9019324256424,7.05778955453119,4.89236881903547));
#8387=CARTESIAN_POINT('',(29.9037612255551,7.05842811373064,4.89415114895793));
#8388=CARTESIAN_POINT('',(29.9056346035499,7.05907372890115,4.89590744082802));
#8389=CARTESIAN_POINT('',(30.3943653964501,7.05907372890115,4.14590744082801));
#8390=AXIS2_PLACEMENT_3D('',#11522,#11523,#11524);
#8391=CARTESIAN_POINT('',(30.3943653964501,7.05907372890115,3.85409255917198));
#8392=CARTESIAN_POINT('',(30.3962387744449,7.05842811373064,3.85584885104207));
#8393=CARTESIAN_POINT('',(30.3980675743576,7.05778955453119,3.85763118096453));
#8394=CARTESIAN_POINT('',(30.4171074446719,7.05106247722394,3.87690250843515));
#8395=CARTESIAN_POINT('',(30.4322489385493,7.04493839936096,3.89904045208788));
#8396=CARTESIAN_POINT('',(30.4524785735584,7.03640016296091,3.94793770507418));
#8397=CARTESIAN_POINT('',(30.4575771706739,7.03402944679325,3.97470026405252));
#8398=CARTESIAN_POINT('',(30.4575771706739,7.03402944679325,4.0));
#8399=CARTESIAN_POINT('',(30.4575771706739,7.03402944679325,4.02529973594748));
#8400=CARTESIAN_POINT('',(30.4524785735584,7.03640016296091,4.05206229492581));
#8401=CARTESIAN_POINT('',(30.4322489385493,7.04493839936096,4.10095954791212));
#8402=CARTESIAN_POINT('',(30.4171074446719,7.05106247722394,4.12309749156485));
#8403=CARTESIAN_POINT('',(30.3980675743576,7.05778955453119,4.14236881903547));
#8404=CARTESIAN_POINT('',(30.3962387744449,7.05842811373064,4.14415114895793));
#8405=CARTESIAN_POINT('',(30.3943653964501,7.05907372890115,4.14590744082801));
#8406=AXIS2_PLACEMENT_3D('',#11525,#11526,#11527);
#8407=CARTESIAN_POINT('',(29.9056346035499,7.05907372890115,3.10409255917198));
#8408=CARTESIAN_POINT('',(29.9056346035499,7.05907372890115,3.10409255917198));
#8409=CARTESIAN_POINT('',(29.9037612255552,7.05842811373064,3.10584885104207));
#8410=CARTESIAN_POINT('',(29.9019324256424,7.05778955453119,3.10763118096453));
#8411=CARTESIAN_POINT('',(29.8828925553282,7.05106247722394,3.12690250843515));
#8412=CARTESIAN_POINT('',(29.8677510614508,7.04493839936096,3.14904045208788));
#8413=CARTESIAN_POINT('',(29.8475214264417,7.03640016296091,3.19793770507418));
#8414=CARTESIAN_POINT('',(29.8424228293262,7.03402944679324,3.22470026405252));
#8415=CARTESIAN_POINT('',(29.8424228293262,7.03402944679324,3.27529973594748));
#8416=CARTESIAN_POINT('',(29.8475214264417,7.03640016296091,3.30206229492582));
#8417=CARTESIAN_POINT('',(29.8677510614508,7.04493839936096,3.35095954791212));
#8418=CARTESIAN_POINT('',(29.8828925553282,7.05106247722394,3.37309749156485));
#8419=CARTESIAN_POINT('',(29.9019324256424,7.05778955453119,3.39236881903547));
#8420=CARTESIAN_POINT('',(29.9037612255551,7.05842811373064,3.39415114895793));
#8421=CARTESIAN_POINT('',(29.9056346035499,7.05907372890115,3.39590744082801));
#8422=CARTESIAN_POINT('',(30.3943653964501,7.05907372890115,2.64590744082801));
#8423=AXIS2_PLACEMENT_3D('',#11528,#11529,#11530);
#8424=CARTESIAN_POINT('',(30.3943653964501,7.05907372890115,2.35409255917198));
#8425=CARTESIAN_POINT('',(30.3962387744449,7.05842811373064,2.35584885104207));
#8426=CARTESIAN_POINT('',(30.3980675743576,7.05778955453119,2.35763118096453));
#8427=CARTESIAN_POINT('',(30.4171074446719,7.05106247722394,2.37690250843515));
#8428=CARTESIAN_POINT('',(30.4322489385493,7.04493839936096,2.39904045208788));
#8429=CARTESIAN_POINT('',(30.4524785735584,7.03640016296091,2.44793770507418));
#8430=CARTESIAN_POINT('',(30.4575771706739,7.03402944679324,2.47470026405252));
#8431=CARTESIAN_POINT('',(30.4575771706739,7.03402944679324,2.5));
#8432=CARTESIAN_POINT('',(30.4575771706739,7.03402944679324,2.52529973594748));
#8433=CARTESIAN_POINT('',(30.4524785735584,7.03640016296091,2.55206229492582));
#8434=CARTESIAN_POINT('',(30.4322489385493,7.04493839936096,2.60095954791212));
#8435=CARTESIAN_POINT('',(30.4171074446719,7.05106247722394,2.62309749156485));
#8436=CARTESIAN_POINT('',(30.3980675743576,7.05778955453119,2.64236881903547));
#8437=CARTESIAN_POINT('',(30.3962387744449,7.05842811373064,2.64415114895793));
#8438=CARTESIAN_POINT('',(30.3943653964501,7.05907372890115,2.64590744082801));
#8439=AXIS2_PLACEMENT_3D('',#11531,#11532,#11533);
#8440=CARTESIAN_POINT('',(29.9056346035499,7.05907372890115,1.60409255917198));
#8441=CARTESIAN_POINT('',(29.9056346035499,7.05907372890115,1.60409255917198));
#8442=CARTESIAN_POINT('',(29.9037612255552,7.05842811373064,1.60584885104207));
#8443=CARTESIAN_POINT('',(29.9019324256424,7.05778955453119,1.60763118096453));
#8444=CARTESIAN_POINT('',(29.8828925553282,7.05106247722394,1.62690250843515));
#8445=CARTESIAN_POINT('',(29.8677510614508,7.04493839936096,1.64904045208788));
#8446=CARTESIAN_POINT('',(29.8475214264417,7.03640016296091,1.69793770507418));
#8447=CARTESIAN_POINT('',(29.8424228293262,7.03402944679324,1.72470026405251));
#8448=CARTESIAN_POINT('',(29.8424228293262,7.03402944679324,1.77529973594748));
#8449=CARTESIAN_POINT('',(29.8475214264417,7.03640016296091,1.80206229492581));
#8450=CARTESIAN_POINT('',(29.8677510614508,7.04493839936096,1.85095954791212));
#8451=CARTESIAN_POINT('',(29.8828925553282,7.05106247722394,1.87309749156485));
#8452=CARTESIAN_POINT('',(29.9019324256424,7.05778955453119,1.89236881903547));
#8453=CARTESIAN_POINT('',(29.9037612255551,7.05842811373064,1.89415114895793));
#8454=CARTESIAN_POINT('',(29.9056346035499,7.05907372890115,1.89590744082801));
#8455=CARTESIAN_POINT('',(30.3943653964501,7.05907372890115,1.14590744082801));
#8456=AXIS2_PLACEMENT_3D('',#11534,#11535,#11536);
#8457=CARTESIAN_POINT('',(30.3943653964501,7.05907372890115,0.854092559171981));
#8458=CARTESIAN_POINT('',(30.3962387744449,7.05842811373064,0.855848851042067));
#8459=CARTESIAN_POINT('',(30.3980675743576,7.05778955453119,0.857631180964529));
#8460=CARTESIAN_POINT('',(30.4171074446719,7.05106247722394,0.876902508435146));
#8461=CARTESIAN_POINT('',(30.4322489385493,7.04493839936096,0.899040452087877));
#8462=CARTESIAN_POINT('',(30.4524785735584,7.03640016296091,0.947937705074183));
#8463=CARTESIAN_POINT('',(30.4575771706739,7.03402944679324,0.974700264052515));
#8464=CARTESIAN_POINT('',(30.4575771706739,7.03402944679324,0.999999999999999));
#8465=CARTESIAN_POINT('',(30.4575771706739,7.03402944679324,1.02529973594748));
#8466=CARTESIAN_POINT('',(30.4524785735584,7.03640016296091,1.05206229492582));
#8467=CARTESIAN_POINT('',(30.4322489385493,7.04493839936096,1.10095954791212));
#8468=CARTESIAN_POINT('',(30.4171074446719,7.05106247722394,1.12309749156485));
#8469=CARTESIAN_POINT('',(30.3980675743576,7.05778955453119,1.14236881903547));
#8470=CARTESIAN_POINT('',(30.3962387744449,7.05842811373064,1.14415114895793));
#8471=CARTESIAN_POINT('',(30.3943653964501,7.05907372890115,1.14590744082801));
#8472=AXIS2_PLACEMENT_3D('',#11537,#11538,#11539);
#8473=CARTESIAN_POINT('',(29.9056346035499,7.05907372890115,0.10409255917198));
#8474=CARTESIAN_POINT('',(29.9056346035499,7.05907372890115,0.104092559171982));
#8475=CARTESIAN_POINT('',(29.9037612255552,7.05842811373063,0.105848851042067));
#8476=CARTESIAN_POINT('',(29.9019324256424,7.05778955453119,0.10763118096453));
#8477=CARTESIAN_POINT('',(29.8828925553282,7.05106247722394,0.126902508435146));
#8478=CARTESIAN_POINT('',(29.8677510614508,7.04493839936096,0.149040452087876));
#8479=CARTESIAN_POINT('',(29.8475214264417,7.0364001629609,0.197937705074182));
#8480=CARTESIAN_POINT('',(29.8424228293262,7.03402944679324,0.224700264052515));
#8481=CARTESIAN_POINT('',(29.8424228293262,7.03402944679324,0.275299735947483));
#8482=CARTESIAN_POINT('',(29.8475214264417,7.0364001629609,0.302062294925816));
#8483=CARTESIAN_POINT('',(29.8677510614508,7.04493839936096,0.350959547912121));
#8484=CARTESIAN_POINT('',(29.8828925553282,7.05106247722394,0.373097491564852));
#8485=CARTESIAN_POINT('',(29.9019324256424,7.05778955453119,0.392368819035467));
#8486=CARTESIAN_POINT('',(29.9037612255551,7.05842811373063,0.39415114895793));
#8487=CARTESIAN_POINT('',(29.9056346035499,7.05907372890115,0.395907440828014));
#8488=CARTESIAN_POINT('',(30.3943653964501,7.05907372890115,-0.35409255917199));
#8489=AXIS2_PLACEMENT_3D('',#11540,#11541,#11542);
#8490=CARTESIAN_POINT('',(30.3943653964501,7.05907372890115,-0.645907440828018));
#8491=CARTESIAN_POINT('',(30.3962387744449,7.05842811373064,-0.644151148957933));
#8492=CARTESIAN_POINT('',(30.3980675743576,7.05778955453119,-0.64236881903547));
#8493=CARTESIAN_POINT('',(30.4171074446719,7.05106247722394,-0.623097491564853));
#8494=CARTESIAN_POINT('',(30.4322489385493,7.04493839936096,-0.600959547912122));
#8495=CARTESIAN_POINT('',(30.4524785735584,7.03640016296091,-0.552062294925816));
#8496=CARTESIAN_POINT('',(30.4575771706739,7.03402944679324,-0.525299735947484));
#8497=CARTESIAN_POINT('',(30.4575771706739,7.03402944679324,-0.5));
#8498=CARTESIAN_POINT('',(30.4575771706739,7.03402944679324,-0.474700264052516));
#8499=CARTESIAN_POINT('',(30.4524785735584,7.03640016296091,-0.447937705074184));
#8500=CARTESIAN_POINT('',(30.4322489385493,7.04493839936096,-0.399040452087878));
#8501=CARTESIAN_POINT('',(30.4171074446719,7.05106247722394,-0.376902508435147));
#8502=CARTESIAN_POINT('',(30.3980675743576,7.05778955453119,-0.357631180964532));
#8503=CARTESIAN_POINT('',(30.3962387744449,7.05842811373064,-0.35584885104207));
#8504=CARTESIAN_POINT('',(30.3943653964501,7.05907372890115,-0.354092559171986));
#8505=AXIS2_PLACEMENT_3D('',#11543,#11544,#11545);
#8506=CARTESIAN_POINT('',(29.9056346035499,7.05907372890115,-1.39590744082802));
#8507=CARTESIAN_POINT('',(29.9056346035499,7.05907372890115,-1.39590744082802));
#8508=CARTESIAN_POINT('',(29.9037612255552,7.05842811373063,-1.39415114895793));
#8509=CARTESIAN_POINT('',(29.9019324256424,7.05778955453119,-1.39236881903547));
#8510=CARTESIAN_POINT('',(29.8828925553282,7.05106247722394,-1.37309749156485));
#8511=CARTESIAN_POINT('',(29.8677510614508,7.04493839936095,-1.35095954791212));
#8512=CARTESIAN_POINT('',(29.8475214264417,7.0364001629609,-1.30206229492582));
#8513=CARTESIAN_POINT('',(29.8424228293262,7.03402944679324,-1.27529973594748));
#8514=CARTESIAN_POINT('',(29.8424228293262,7.03402944679324,-1.22470026405251));
#8515=CARTESIAN_POINT('',(29.8475214264417,7.0364001629609,-1.19793770507418));
#8516=CARTESIAN_POINT('',(29.8677510614508,7.04493839936095,-1.14904045208788));
#8517=CARTESIAN_POINT('',(29.8828925553282,7.05106247722394,-1.12690250843515));
#8518=CARTESIAN_POINT('',(29.9019324256424,7.05778955453119,-1.10763118096453));
#8519=CARTESIAN_POINT('',(29.9037612255551,7.05842811373063,-1.10584885104207));
#8520=CARTESIAN_POINT('',(29.9056346035499,7.05907372890114,-1.10409255917199));
#8521=CARTESIAN_POINT('',(30.3943653964501,7.05907372890115,-1.85409255917199));
#8522=AXIS2_PLACEMENT_3D('',#11546,#11547,#11548);
#8523=CARTESIAN_POINT('',(30.3943653964501,7.05907372890115,-2.14590744082802));
#8524=CARTESIAN_POINT('',(30.3959419587968,7.05853040418446,-2.14442941362804));
#8525=CARTESIAN_POINT('',(30.3974866311673,7.05799218666819,-2.14293325198122));
#8526=CARTESIAN_POINT('',(30.4165018726499,7.05129955849106,-2.1239180104986));
#8527=CARTESIAN_POINT('',(30.4318630885721,7.04509727847192,-2.10167660028893));
#8528=CARTESIAN_POINT('',(30.452395243265,7.03643981332565,-2.05247351342938));
#8529=CARTESIAN_POINT('',(30.4575771706739,7.03402944679324,-2.02550854714981));
#8530=CARTESIAN_POINT('',(30.4575771706739,7.03402944679324,-2.0));
#8531=CARTESIAN_POINT('',(30.4575771706739,7.03402944679324,-1.97470026405252));
#8532=CARTESIAN_POINT('',(30.4524785735584,7.03640016296091,-1.94793770507418));
#8533=CARTESIAN_POINT('',(30.4322489385493,7.04493839936096,-1.89904045208788));
#8534=CARTESIAN_POINT('',(30.4171074446719,7.05106247722394,-1.87690250843515));
#8535=CARTESIAN_POINT('',(30.3980675743576,7.05778955453119,-1.85763118096453));
#8536=CARTESIAN_POINT('',(30.3962387744449,7.05842811373063,-1.85584885104207));
#8537=CARTESIAN_POINT('',(30.3943653964501,7.05907372890115,-1.85409255917199));
#8538=AXIS2_PLACEMENT_3D('',#11549,#11550,#11551);
#8539=CARTESIAN_POINT('',(29.9056346035499,7.05907372890115,-2.89590744082802));
#8540=CARTESIAN_POINT('',(29.9056346035499,7.05907372890115,-2.89590744082802));
#8541=CARTESIAN_POINT('',(29.9037612255552,7.05842811373063,-2.89415114895793));
#8542=CARTESIAN_POINT('',(29.9019324256424,7.05778955453119,-2.89236881903547));
#8543=CARTESIAN_POINT('',(29.8828925553282,7.05106247722394,-2.87309749156485));
#8544=CARTESIAN_POINT('',(29.8677510614508,7.04493839936095,-2.85095954791212));
#8545=CARTESIAN_POINT('',(29.8475214264417,7.0364001629609,-2.80206229492582));
#8546=CARTESIAN_POINT('',(29.8424228293262,7.03402944679324,-2.77529973594748));
#8547=CARTESIAN_POINT('',(29.8424228293262,7.03402944679324,-2.7244914528502));
#8548=CARTESIAN_POINT('',(29.847604756735,7.03643981332564,-2.69752648657062));
#8549=CARTESIAN_POINT('',(29.868136911428,7.04509727847192,-2.64832339971107));
#8550=CARTESIAN_POINT('',(29.8834981273502,7.05129955849106,-2.6260819895014));
#8551=CARTESIAN_POINT('',(29.9025133688328,7.05799218666818,-2.60706674801878));
#8552=CARTESIAN_POINT('',(29.9040580412033,7.05853040418446,-2.60557058637196));
#8553=CARTESIAN_POINT('',(29.9056346035499,7.05907372890114,-2.60409255917199));
#8554=CARTESIAN_POINT('',(30.3943653964501,7.05907372890115,-3.35409255917199));
#8555=AXIS2_PLACEMENT_3D('',#11552,#11553,#11554);
#8556=CARTESIAN_POINT('',(30.3943653964501,7.05907372890115,-3.64590744082802));
#8557=CARTESIAN_POINT('',(30.3962387744449,7.05842811373063,-3.64415114895794));
#8558=CARTESIAN_POINT('',(30.3980675743576,7.05778955453119,-3.64236881903547));
#8559=CARTESIAN_POINT('',(30.4171074446719,7.05106247722394,-3.62309749156486));
#8560=CARTESIAN_POINT('',(30.4322489385493,7.04493839936096,-3.60095954791213));
#8561=CARTESIAN_POINT('',(30.4524785735584,7.03640016296091,-3.55206229492582));
#8562=CARTESIAN_POINT('',(30.4575771706739,7.03402944679324,-3.52529973594749));
#8563=CARTESIAN_POINT('',(30.4575771706739,7.03402944679324,-3.5));
#8564=CARTESIAN_POINT('',(30.4575771706739,7.03402944679324,-3.47470026405252));
#8565=CARTESIAN_POINT('',(30.4524785735584,7.03640016296091,-3.44793770507419));
#8566=CARTESIAN_POINT('',(30.4322489385493,7.04493839936096,-3.39904045208788));
#8567=CARTESIAN_POINT('',(30.4171074446719,7.05106247722394,-3.37690250843515));
#8568=CARTESIAN_POINT('',(30.3980675743576,7.05778955453119,-3.35763118096454));
#8569=CARTESIAN_POINT('',(30.3962387744449,7.05842811373064,-3.35584885104207));
#8570=CARTESIAN_POINT('',(30.3943653964501,7.05907372890115,-3.35409255917199));
#8571=AXIS2_PLACEMENT_3D('',#11555,#11556,#11557);
#8572=CARTESIAN_POINT('',(29.9056346035499,7.05907372890115,-4.39590744082802));
#8573=CARTESIAN_POINT('',(29.9056346035499,7.05907372890114,-4.39590744082802));
#8574=CARTESIAN_POINT('',(29.9040580412033,7.05853040418446,-4.39442941362805));
#8575=CARTESIAN_POINT('',(29.9025133688328,7.05799218666818,-4.39293325198122));
#8576=CARTESIAN_POINT('',(29.8834981273502,7.05129955849106,-4.3739180104986));
#8577=CARTESIAN_POINT('',(29.868136911428,7.04509727847192,-4.35167660028893));
#8578=CARTESIAN_POINT('',(29.847604756735,7.03643981332564,-4.30247351342939));
#8579=CARTESIAN_POINT('',(29.8424228293262,7.03402944679324,-4.27550854714981));
#8580=CARTESIAN_POINT('',(29.8424228293262,7.03402944679324,-4.22470026405252));
#8581=CARTESIAN_POINT('',(29.8475214264417,7.0364001629609,-4.19793770507419));
#8582=CARTESIAN_POINT('',(29.8677510614508,7.04493839936095,-4.14904045208788));
#8583=CARTESIAN_POINT('',(29.8828925553282,7.05106247722394,-4.12690250843515));
#8584=CARTESIAN_POINT('',(29.9019324256424,7.05778955453119,-4.10763118096454));
#8585=CARTESIAN_POINT('',(29.9037612255551,7.05842811373063,-4.10584885104207));
#8586=CARTESIAN_POINT('',(29.9056346035499,7.05907372890114,-4.10409255917199));
#8587=AXIS2_PLACEMENT_3D('',#11558,#11559,#11560);
#8588=CARTESIAN_POINT('',(29.8325288962184,7.0294940016392,4.60409255917198));
#8589=VECTOR('',#11561,0.268773944810352);
#8590=CARTESIAN_POINT('',(29.9056346035499,7.31968322302584,3.10409255917198));
#8591=CARTESIAN_POINT('',(29.9056346035499,7.31968322302584,3.39590744082801));
#8592=CARTESIAN_POINT('',(29.9038944803651,7.31924470260821,3.39427607534225));
#8593=CARTESIAN_POINT('',(29.9021929889149,7.3188109359211,3.39262240711707));
#8594=CARTESIAN_POINT('',(29.8830517463788,7.31387989036887,3.37335326255743));
#8595=CARTESIAN_POINT('',(29.8677952855088,7.30940470363034,3.35105460363263));
#8596=CARTESIAN_POINT('',(29.8474835892112,7.30321224797157,3.3019826339899));
#8597=CARTESIAN_POINT('',(29.8424228293262,7.30152313901464,3.27520806059704));
#8598=CARTESIAN_POINT('',(29.8424228293262,7.30152313901464,3.22479193940296));
#8599=CARTESIAN_POINT('',(29.8474835892112,7.30321224797157,3.1980173660101));
#8600=CARTESIAN_POINT('',(29.8677952855088,7.30940470363034,3.14894539636737));
#8601=CARTESIAN_POINT('',(29.8830517463788,7.31387989036887,3.12664673744257));
#8602=CARTESIAN_POINT('',(29.9021929889149,7.3188109359211,3.10737759288293));
#8603=CARTESIAN_POINT('',(29.9038944803651,7.31924470260821,3.10572392465774));
#8604=CARTESIAN_POINT('',(29.9056346035499,7.31968322302584,3.10409255917198));
#8605=CARTESIAN_POINT('',(29.9056346035499,7.31968322302584,3.10409255917198));
#8606=VECTOR('',#11562,0.260609494124691);
#8607=CARTESIAN_POINT('',(30.3943653964501,7.31968322302584,2.64590744082801));
#8608=AXIS2_PLACEMENT_3D('',#11563,#11564,#11565);
#8609=CARTESIAN_POINT('',(30.3943653964501,7.05907372890115,2.64590744082801));
#8610=VECTOR('',#11566,0.26060949412469);
#8611=CARTESIAN_POINT('',(30.3943653964501,7.31968322302584,2.64590744082801));
#8612=CARTESIAN_POINT('',(30.396105519635,7.31924470260821,2.64427607534225));
#8613=CARTESIAN_POINT('',(30.3978070110852,7.3188109359211,2.64262240711707));
#8614=CARTESIAN_POINT('',(30.4169482536212,7.31387989036887,2.62335326255743));
#8615=CARTESIAN_POINT('',(30.4322047144913,7.30940470363034,2.60105460363263));
#8616=CARTESIAN_POINT('',(30.4525164107888,7.30321224797157,2.5519826339899));
#8617=CARTESIAN_POINT('',(30.4575771706739,7.30152313901464,2.52520806059704));
#8618=CARTESIAN_POINT('',(30.4575771706739,7.30152313901464,2.5));
#8619=CARTESIAN_POINT('',(30.4575771706739,7.30152313901464,2.47479193940296));
#8620=CARTESIAN_POINT('',(30.4525164107888,7.30321224797157,2.4480173660101));
#8621=CARTESIAN_POINT('',(30.4322047144913,7.30940470363034,2.39894539636737));
#8622=CARTESIAN_POINT('',(30.4169482536212,7.31387989036887,2.37664673744257));
#8623=CARTESIAN_POINT('',(30.3978070110852,7.3188109359211,2.35737759288293));
#8624=CARTESIAN_POINT('',(30.396105519635,7.31924470260821,2.35572392465774));
#8625=CARTESIAN_POINT('',(30.3943653964501,7.31968322302584,2.35409255917198));
#8626=CARTESIAN_POINT('',(29.8325288962184,7.0294940016392,3.10409255917198));
#8627=VECTOR('',#11567,0.268773944810352);
#8628=CARTESIAN_POINT('',(30.3212596891186,7.33522592276239,2.64590744082801));
#8629=VECTOR('',#11568,0.255040933267944);
#8630=CARTESIAN_POINT('',(29.9056346035499,7.31968322302584,-4.39590744082802));
#8631=AXIS2_PLACEMENT_3D('',#11569,#11570,#11571);
#8632=CARTESIAN_POINT('',(29.9056346035499,7.31968322302584,-4.10409255917199));
#8633=CARTESIAN_POINT('',(29.9040580395365,7.3192859204006,-4.10557058793454));
#8634=CARTESIAN_POINT('',(29.902513359547,7.31889256354132,-4.10706675730454));
#8635=CARTESIAN_POINT('',(29.8833852432953,7.31397480022739,-4.12619487355629));
#8636=CARTESIAN_POINT('',(29.8680070914207,7.3094678273289,-4.14855127043823));
#8637=CARTESIAN_POINT('',(29.8475287238204,7.30322766388141,-4.19779247839946));
#8638=CARTESIAN_POINT('',(29.8424228293262,7.30152313901464,-4.22467855615643));
#8639=CARTESIAN_POINT('',(29.8424228293262,7.30152313901464,-4.27520806059704));
#8640=CARTESIAN_POINT('',(29.8474835892112,7.30321224797157,-4.30198263398991));
#8641=CARTESIAN_POINT('',(29.8677952855088,7.30940470363034,-4.35105460363263));
#8642=CARTESIAN_POINT('',(29.8830517463788,7.31387989036887,-4.37335326255744));
#8643=CARTESIAN_POINT('',(29.9021929889149,7.3188109359211,-4.39262240711707));
#8644=CARTESIAN_POINT('',(29.9038944803651,7.31924470260821,-4.39427607534226));
#8645=CARTESIAN_POINT('',(29.9056346035499,7.31968322302584,-4.39590744082802));
#8646=AXIS2_PLACEMENT_3D('',#11572,#11573,#11574);
#8647=CARTESIAN_POINT('',(30.3943653964501,7.31968322302584,-3.35409255917199));
#8648=CARTESIAN_POINT('',(30.3943653964501,7.31968322302584,-3.35409255917199));
#8649=CARTESIAN_POINT('',(30.3961055196349,7.31924470260821,-3.35572392465775));
#8650=CARTESIAN_POINT('',(30.3978070110852,7.3188109359211,-3.35737759288294));
#8651=CARTESIAN_POINT('',(30.4169482536212,7.31387989036887,-3.37664673744257));
#8652=CARTESIAN_POINT('',(30.4322047144912,7.30940470363034,-3.39894539636738));
#8653=CARTESIAN_POINT('',(30.4525164107888,7.30321224797157,-3.4480173660101));
#8654=CARTESIAN_POINT('',(30.4575771706739,7.30152313901464,-3.47479193940296));
#8655=CARTESIAN_POINT('',(30.4575771706739,7.30152313901464,-3.5));
#8656=CARTESIAN_POINT('',(30.4575771706739,7.30152313901464,-3.52532144384358));
#8657=CARTESIAN_POINT('',(30.4524712761796,7.30322766388141,-3.55220752160055));
#8658=CARTESIAN_POINT('',(30.4319929085794,7.3094678273289,-3.60144872956178));
#8659=CARTESIAN_POINT('',(30.4166147567048,7.31397480022739,-3.62380512644371));
#8660=CARTESIAN_POINT('',(30.397486640453,7.31889256354132,-3.64293324269547));
#8661=CARTESIAN_POINT('',(30.3959419604635,7.3192859204006,-3.64442941206547));
#8662=CARTESIAN_POINT('',(30.3943653964501,7.31968322302584,-3.64590744082802));
#8663=CARTESIAN_POINT('',(29.9056346035499,7.31968322302584,-2.89590744082802));
#8664=AXIS2_PLACEMENT_3D('',#11575,#11576,#11577);
#8665=CARTESIAN_POINT('',(29.9056346035499,7.31968322302584,-2.60409255917199));
#8666=CARTESIAN_POINT('',(29.9038944803651,7.31924470260821,-2.60572392465775));
#8667=CARTESIAN_POINT('',(29.9021929889149,7.3188109359211,-2.60737759288293));
#8668=CARTESIAN_POINT('',(29.8830517463788,7.31387989036887,-2.62664673744257));
#8669=CARTESIAN_POINT('',(29.8677952855088,7.30940470363034,-2.64894539636737));
#8670=CARTESIAN_POINT('',(29.8474835892112,7.30321224797157,-2.6980173660101));
#8671=CARTESIAN_POINT('',(29.8424228293262,7.30152313901464,-2.72479193940296));
#8672=CARTESIAN_POINT('',(29.8424228293262,7.30152313901464,-2.77532144384357));
#8673=CARTESIAN_POINT('',(29.8475287238204,7.30322766388141,-2.80220752160054));
#8674=CARTESIAN_POINT('',(29.8680070914207,7.3094678273289,-2.85144872956178));
#8675=CARTESIAN_POINT('',(29.8833852432953,7.31397480022739,-2.87380512644371));
#8676=CARTESIAN_POINT('',(29.902513359547,7.31889256354132,-2.89293324269546));
#8677=CARTESIAN_POINT('',(29.9040580395365,7.3192859204006,-2.89442941206546));
#8678=CARTESIAN_POINT('',(29.9056346035499,7.31968322302584,-2.89590744082802));
#8679=AXIS2_PLACEMENT_3D('',#11578,#11579,#11580);
#8680=CARTESIAN_POINT('',(30.3943653964501,7.31968322302584,-1.85409255917199));
#8681=CARTESIAN_POINT('',(30.3943653964501,7.31968322302584,-1.85409255917199));
#8682=CARTESIAN_POINT('',(30.3959419604635,7.3192859204006,-1.85557058793454));
#8683=CARTESIAN_POINT('',(30.397486640453,7.31889256354132,-1.85706675730454));
#8684=CARTESIAN_POINT('',(30.4166147567048,7.31397480022739,-1.87619487355629));
#8685=CARTESIAN_POINT('',(30.4319929085794,7.3094678273289,-1.89855127043822));
#8686=CARTESIAN_POINT('',(30.4524712761796,7.30322766388141,-1.94779247839946));
#8687=CARTESIAN_POINT('',(30.4575771706739,7.30152313901464,-1.97467855615643));
#8688=CARTESIAN_POINT('',(30.4575771706739,7.30152313901464,-2.0));
#8689=CARTESIAN_POINT('',(30.4575771706739,7.30152313901464,-2.02520806059704));
#8690=CARTESIAN_POINT('',(30.4525164107888,7.30321224797157,-2.0519826339899));
#8691=CARTESIAN_POINT('',(30.4322047144913,7.30940470363034,-2.10105460363263));
#8692=CARTESIAN_POINT('',(30.4169482536212,7.31387989036887,-2.12335326255743));
#8693=CARTESIAN_POINT('',(30.3978070110852,7.3188109359211,-2.14262240711707));
#8694=CARTESIAN_POINT('',(30.3961055196349,7.31924470260821,-2.14427607534226));
#8695=CARTESIAN_POINT('',(30.3943653964501,7.31968322302584,-2.14590744082802));
#8696=CARTESIAN_POINT('',(29.9056346035499,7.31968322302584,-1.39590744082802));
#8697=AXIS2_PLACEMENT_3D('',#11581,#11582,#11583);
#8698=CARTESIAN_POINT('',(29.9056346035499,7.31968322302584,-1.10409255917199));
#8699=CARTESIAN_POINT('',(29.9038944803651,7.31924470260821,-1.10572392465775));
#8700=CARTESIAN_POINT('',(29.9021929889149,7.3188109359211,-1.10737759288293));
#8701=CARTESIAN_POINT('',(29.8830517463788,7.31387989036887,-1.12664673744257));
#8702=CARTESIAN_POINT('',(29.8677952855088,7.30940470363034,-1.14894539636737));
#8703=CARTESIAN_POINT('',(29.8474835892112,7.30321224797157,-1.1980173660101));
#8704=CARTESIAN_POINT('',(29.8424228293262,7.30152313901464,-1.22479193940296));
#8705=CARTESIAN_POINT('',(29.8424228293262,7.30152313901464,-1.27520806059704));
#8706=CARTESIAN_POINT('',(29.8474835892112,7.30321224797157,-1.3019826339899));
#8707=CARTESIAN_POINT('',(29.8677952855088,7.30940470363034,-1.35105460363263));
#8708=CARTESIAN_POINT('',(29.8830517463788,7.31387989036887,-1.37335326255743));
#8709=CARTESIAN_POINT('',(29.9021929889149,7.3188109359211,-1.39262240711707));
#8710=CARTESIAN_POINT('',(29.9038944803651,7.31924470260821,-1.39427607534226));
#8711=CARTESIAN_POINT('',(29.9056346035499,7.31968322302584,-1.39590744082802));
#8712=AXIS2_PLACEMENT_3D('',#11584,#11585,#11586);
#8713=CARTESIAN_POINT('',(30.3943653964501,7.31968322302584,-0.35409255917199));
#8714=CARTESIAN_POINT('',(30.3943653964501,7.31968322302584,-0.354092559171986));
#8715=CARTESIAN_POINT('',(30.396105519635,7.31924470260821,-0.355723924657747));
#8716=CARTESIAN_POINT('',(30.3978070110852,7.3188109359211,-0.357377592882933));
#8717=CARTESIAN_POINT('',(30.4169482536212,7.31387989036887,-0.376646737442568));
#8718=CARTESIAN_POINT('',(30.4322047144913,7.30940470363034,-0.398945396367372));
#8719=CARTESIAN_POINT('',(30.4525164107888,7.30321224797157,-0.448017366010098));
#8720=CARTESIAN_POINT('',(30.4575771706739,7.30152313901464,-0.47479193940296));
#8721=CARTESIAN_POINT('',(30.4575771706739,7.30152313901464,-0.5));
#8722=CARTESIAN_POINT('',(30.4575771706739,7.30152313901464,-0.525208060597039));
#8723=CARTESIAN_POINT('',(30.4525164107888,7.30321224797157,-0.551982633989902));
#8724=CARTESIAN_POINT('',(30.4322047144913,7.30940470363034,-0.601054603632628));
#8725=CARTESIAN_POINT('',(30.4169482536212,7.31387989036887,-0.623353262557432));
#8726=CARTESIAN_POINT('',(30.3978070110852,7.3188109359211,-0.642622407117068));
#8727=CARTESIAN_POINT('',(30.396105519635,7.31924470260821,-0.644276075342255));
#8728=CARTESIAN_POINT('',(30.3943653964501,7.31968322302584,-0.645907440828017));
#8729=CARTESIAN_POINT('',(29.9056346035499,7.31968322302584,0.10409255917198));
#8730=AXIS2_PLACEMENT_3D('',#11587,#11588,#11589);
#8731=CARTESIAN_POINT('',(29.9056346035499,7.31968322302584,0.395907440828014));
#8732=CARTESIAN_POINT('',(29.9038944803651,7.31924470260821,0.394276075342253));
#8733=CARTESIAN_POINT('',(29.9021929889149,7.3188109359211,0.392622407117066));
#8734=CARTESIAN_POINT('',(29.8830517463788,7.31387989036887,0.37335326255743));
#8735=CARTESIAN_POINT('',(29.8677952855088,7.30940470363034,0.351054603632627));
#8736=CARTESIAN_POINT('',(29.8474835892112,7.30321224797157,0.301982633989902));
#8737=CARTESIAN_POINT('',(29.8424228293262,7.30152313901464,0.275208060597039));
#8738=CARTESIAN_POINT('',(29.8424228293262,7.30152313901464,0.224791939402959));
#8739=CARTESIAN_POINT('',(29.8474835892112,7.30321224797157,0.198017366010097));
#8740=CARTESIAN_POINT('',(29.8677952855088,7.30940470363034,0.148945396367371));
#8741=CARTESIAN_POINT('',(29.8830517463788,7.31387989036887,0.126646737442568));
#8742=CARTESIAN_POINT('',(29.9021929889149,7.3188109359211,0.107377592882931));
#8743=CARTESIAN_POINT('',(29.9038944803651,7.31924470260821,0.105723924657744));
#8744=CARTESIAN_POINT('',(29.9056346035499,7.31968322302584,0.104092559171982));
#8745=AXIS2_PLACEMENT_3D('',#11590,#11591,#11592);
#8746=CARTESIAN_POINT('',(30.3943653964501,7.31968322302584,1.14590744082801));
#8747=CARTESIAN_POINT('',(30.3943653964501,7.31968322302584,1.14590744082801));
#8748=CARTESIAN_POINT('',(30.396105519635,7.31924470260821,1.14427607534225));
#8749=CARTESIAN_POINT('',(30.3978070110852,7.3188109359211,1.14262240711707));
#8750=CARTESIAN_POINT('',(30.4169482536212,7.31387989036887,1.12335326255743));
#8751=CARTESIAN_POINT('',(30.4322047144913,7.30940470363034,1.10105460363263));
#8752=CARTESIAN_POINT('',(30.4525164107888,7.30321224797157,1.0519826339899));
#8753=CARTESIAN_POINT('',(30.4575771706739,7.30152313901464,1.02520806059704));
#8754=CARTESIAN_POINT('',(30.4575771706739,7.30152313901464,0.999999999999999));
#8755=CARTESIAN_POINT('',(30.4575771706739,7.30152313901464,0.974791939402959));
#8756=CARTESIAN_POINT('',(30.4525164107888,7.30321224797157,0.948017366010098));
#8757=CARTESIAN_POINT('',(30.4322047144913,7.30940470363034,0.898945396367371));
#8758=CARTESIAN_POINT('',(30.4169482536212,7.31387989036887,0.876646737442567));
#8759=CARTESIAN_POINT('',(30.3978070110852,7.3188109359211,0.85737759288293));
#8760=CARTESIAN_POINT('',(30.396105519635,7.31924470260821,0.855723924657744));
#8761=CARTESIAN_POINT('',(30.3943653964501,7.31968322302584,0.854092559171981));
#8762=CARTESIAN_POINT('',(29.9056346035499,7.31968322302584,1.60409255917198));
#8763=AXIS2_PLACEMENT_3D('',#11593,#11594,#11595);
#8764=CARTESIAN_POINT('',(29.9056346035499,7.31968322302584,1.89590744082801));
#8765=CARTESIAN_POINT('',(29.9038944803651,7.31924470260821,1.89427607534225));
#8766=CARTESIAN_POINT('',(29.9021929889149,7.3188109359211,1.89262240711707));
#8767=CARTESIAN_POINT('',(29.8830517463788,7.31387989036887,1.87335326255743));
#8768=CARTESIAN_POINT('',(29.8677952855088,7.30940470363034,1.85105460363263));
#8769=CARTESIAN_POINT('',(29.8474835892112,7.30321224797157,1.8019826339899));
#8770=CARTESIAN_POINT('',(29.8424228293262,7.30152313901464,1.77520806059704));
#8771=CARTESIAN_POINT('',(29.8424228293262,7.30152313901464,1.72479193940296));
#8772=CARTESIAN_POINT('',(29.8474835892112,7.30321224797157,1.6980173660101));
#8773=CARTESIAN_POINT('',(29.8677952855088,7.30940470363034,1.64894539636737));
#8774=CARTESIAN_POINT('',(29.8830517463788,7.31387989036887,1.62664673744257));
#8775=CARTESIAN_POINT('',(29.9021929889149,7.3188109359211,1.60737759288293));
#8776=CARTESIAN_POINT('',(29.9038944803651,7.31924470260821,1.60572392465774));
#8777=CARTESIAN_POINT('',(29.9056346035499,7.31968322302584,1.60409255917198));
#8778=AXIS2_PLACEMENT_3D('',#11596,#11597,#11598);
#8779=AXIS2_PLACEMENT_3D('',#11599,#11600,#11601);
#8780=CARTESIAN_POINT('',(30.3943653964501,7.31968322302584,4.14590744082801));
#8781=CARTESIAN_POINT('',(30.3943653964501,7.31968322302584,4.14590744082801));
#8782=CARTESIAN_POINT('',(30.396105519635,7.31924470260821,4.14427607534225));
#8783=CARTESIAN_POINT('',(30.3978070110852,7.3188109359211,4.14262240711707));
#8784=CARTESIAN_POINT('',(30.4169482536212,7.31387989036887,4.12335326255743));
#8785=CARTESIAN_POINT('',(30.4322047144913,7.30940470363034,4.10105460363263));
#8786=CARTESIAN_POINT('',(30.4525164107888,7.30321224797157,4.0519826339899));
#8787=CARTESIAN_POINT('',(30.4575771706739,7.30152313901464,4.02520806059704));
#8788=CARTESIAN_POINT('',(30.4575771706739,7.30152313901464,4.0));
#8789=CARTESIAN_POINT('',(30.4575771706739,7.30152313901464,3.97479193940296));
#8790=CARTESIAN_POINT('',(30.4525164107888,7.30321224797157,3.9480173660101));
#8791=CARTESIAN_POINT('',(30.4322047144913,7.30940470363034,3.89894539636737));
#8792=CARTESIAN_POINT('',(30.4169482536212,7.31387989036887,3.87664673744257));
#8793=CARTESIAN_POINT('',(30.3978070110852,7.3188109359211,3.85737759288293));
#8794=CARTESIAN_POINT('',(30.396105519635,7.31924470260821,3.85572392465774));
#8795=CARTESIAN_POINT('',(30.3943653964501,7.31968322302584,3.85409255917198));
#8796=CARTESIAN_POINT('',(29.9056346035499,7.31968322302584,4.60409255917198));
#8797=AXIS2_PLACEMENT_3D('',#11602,#11603,#11604);
#8798=CARTESIAN_POINT('',(29.9056346035499,7.31968322302584,4.89590744082801));
#8799=CARTESIAN_POINT('',(29.9038944803651,7.31924470260821,4.89427607534225));
#8800=CARTESIAN_POINT('',(29.9021929889149,7.3188109359211,4.89262240711707));
#8801=CARTESIAN_POINT('',(29.8830517463788,7.31387989036887,4.87335326255743));
#8802=CARTESIAN_POINT('',(29.8677952855088,7.30940470363034,4.85105460363263));
#8803=CARTESIAN_POINT('',(29.8474835892112,7.30321224797157,4.8019826339899));
#8804=CARTESIAN_POINT('',(29.8424228293262,7.30152313901464,4.77520806059704));
#8805=CARTESIAN_POINT('',(29.8424228293262,7.30152313901464,4.72479193940296));
#8806=CARTESIAN_POINT('',(29.8474835892112,7.30321224797157,4.6980173660101));
#8807=CARTESIAN_POINT('',(29.8677952855088,7.30940470363034,4.64894539636737));
#8808=CARTESIAN_POINT('',(29.8830517463788,7.31387989036887,4.62664673744257));
#8809=CARTESIAN_POINT('',(29.9021929889149,7.3188109359211,4.60737759288293));
#8810=CARTESIAN_POINT('',(29.9038944803651,7.31924470260821,4.60572392465775));
#8811=CARTESIAN_POINT('',(29.9056346035499,7.31968322302584,4.60409255917198));
#8812=CARTESIAN_POINT('',(29.9056346035499,7.31968322302584,1.60409255917198));
#8813=VECTOR('',#11605,0.260609494124691);
#8814=CARTESIAN_POINT('',(30.3943653964501,7.05907372890115,1.14590744082801));
#8815=VECTOR('',#11606,0.26060949412469);
#8816=CARTESIAN_POINT('',(29.8325288962184,7.0294940016392,1.60409255917198));
#8817=VECTOR('',#11607,0.268773944810352);
#8818=CARTESIAN_POINT('',(30.3212596891186,7.33522592276239,1.14590744082801));
#8819=VECTOR('',#11608,0.255040933267944);
#8820=CARTESIAN_POINT('',(29.9056346035499,7.31968322302584,0.10409255917198));
#8821=VECTOR('',#11609,0.260609494124691);
#8822=CARTESIAN_POINT('',(30.3943653964501,7.05907372890115,-0.35409255917199));
#8823=VECTOR('',#11610,0.26060949412469);
#8824=CARTESIAN_POINT('',(29.8325288962184,7.0294940016392,0.10409255917198));
#8825=VECTOR('',#11611,0.268773944810353);
#8826=CARTESIAN_POINT('',(30.3212596891186,7.33522592276239,-0.35409255917199));
#8827=VECTOR('',#11612,0.255040933267944);
#8828=CARTESIAN_POINT('',(29.9056346035499,7.31968322302584,-1.39590744082802));
#8829=VECTOR('',#11613,0.260609494124691);
#8830=CARTESIAN_POINT('',(30.3943653964501,7.05907372890115,-1.85409255917199));
#8831=VECTOR('',#11614,0.260609494124691);
#8832=CARTESIAN_POINT('',(29.8325288962184,7.0294940016392,-1.39590744082802));
#8833=VECTOR('',#11615,0.268773944810352);
#8834=CARTESIAN_POINT('',(30.3212596891186,7.33522592276239,-1.85409255917199));
#8835=VECTOR('',#11616,0.255040933267944);
#8836=CARTESIAN_POINT('',(29.9056346035499,7.31968322302584,-2.89590744082802));
#8837=VECTOR('',#11617,0.260609494124691);
#8838=CARTESIAN_POINT('',(30.3943653964501,7.05907372890115,-3.35409255917199));
#8839=VECTOR('',#11618,0.260609494124691);
#8840=CARTESIAN_POINT('',(29.8325288962184,7.0294940016392,-2.89590744082802));
#8841=VECTOR('',#11619,0.268773944810352);
#8842=CARTESIAN_POINT('',(30.3212596891186,7.33522592276239,-3.35409255917199));
#8843=VECTOR('',#11620,0.255040933267943);
#8844=CARTESIAN_POINT('',(29.9056346035499,7.31968322302584,-4.39590744082802));
#8845=VECTOR('',#11621,0.26060949412469);
#8846=CARTESIAN_POINT('',(30.3943653964501,7.05907372890115,4.14590744082801));
#8847=VECTOR('',#11622,0.260609494124691);
#8848=CARTESIAN_POINT('',(29.9056346035499,7.31968322302584,4.60409255917198));
#8849=VECTOR('',#11623,0.26060949412469);
#8850=CARTESIAN_POINT('',(4.44242282932615,7.03402944679324,4.75));
#8851=CARTESIAN_POINT('',(4.44242282932615,7.30152313901464,4.75));
#8852=CARTESIAN_POINT('',(4.44242282932615,7.17685633490954,4.75));
#8853=VECTOR('',#11624,1.0);
#8854=CARTESIAN_POINT('',(4.50563460354989,7.05907372890115,4.89590744082801));
#8855=CARTESIAN_POINT('',(4.50563460354989,7.05907372890115,4.60409255917198));
#8856=CARTESIAN_POINT('',(4.50376122555513,7.05842811373064,4.60584885104207));
#8857=CARTESIAN_POINT('',(4.50193242564239,7.05778955453119,4.60763118096453));
#8858=CARTESIAN_POINT('',(4.48289255532817,7.05106247722394,4.62690250843515));
#8859=CARTESIAN_POINT('',(4.46775106145077,7.04493839936096,4.64904045208788));
#8860=CARTESIAN_POINT('',(4.44752142644166,7.03640016296091,4.69793770507419));
#8861=CARTESIAN_POINT('',(4.44242282932615,7.03402944679324,4.72470026405252));
#8862=CARTESIAN_POINT('',(4.44242282932615,7.03402944679324,4.77529973594748));
#8863=CARTESIAN_POINT('',(4.44752142644166,7.03640016296091,4.80206229492582));
#8864=CARTESIAN_POINT('',(4.46775106145077,7.04493839936096,4.85095954791212));
#8865=CARTESIAN_POINT('',(4.48289255532817,7.05106247722394,4.87309749156485));
#8866=CARTESIAN_POINT('',(4.50193242564239,7.05778955453119,4.89236881903547));
#8867=CARTESIAN_POINT('',(4.50376122555513,7.05842811373064,4.89415114895793));
#8868=CARTESIAN_POINT('',(4.50563460354989,7.05907372890115,4.89590744082802));
#8869=CARTESIAN_POINT('',(4.50563460354989,7.31968322302584,4.89590744082801));
#8870=CARTESIAN_POINT('',(4.50563460354989,7.05907372890115,4.89590744082801));
#8871=VECTOR('',#11625,0.260609494124691);
#8872=CARTESIAN_POINT('',(4.50563460354988,7.31968322302584,4.89590744082801));
#8873=CARTESIAN_POINT('',(4.50389448036507,7.31924470260821,4.89427607534225));
#8874=CARTESIAN_POINT('',(4.50219298891487,7.3188109359211,4.89262240711707));
#8875=CARTESIAN_POINT('',(4.48305174637883,7.31387989036887,4.87335326255743));
#8876=CARTESIAN_POINT('',(4.46779528550877,7.30940470363034,4.85105460363263));
#8877=CARTESIAN_POINT('',(4.4474835892112,7.30321224797157,4.8019826339899));
#8878=CARTESIAN_POINT('',(4.44242282932615,7.30152313901464,4.77520806059704));
#8879=CARTESIAN_POINT('',(4.44242282932615,7.30152313901464,4.72479193940296));
#8880=CARTESIAN_POINT('',(4.4474835892112,7.30321224797157,4.6980173660101));
#8881=CARTESIAN_POINT('',(4.46779528550877,7.30940470363034,4.64894539636737));
#8882=CARTESIAN_POINT('',(4.48305174637883,7.31387989036887,4.62664673744257));
#8883=CARTESIAN_POINT('',(4.50219298891487,7.3188109359211,4.60737759288293));
#8884=CARTESIAN_POINT('',(4.50389448036508,7.31924470260821,4.60572392465775));
#8885=CARTESIAN_POINT('',(4.50563460354989,7.31968322302584,4.60409255917198));
#8886=CARTESIAN_POINT('',(5.05757717067385,7.30152313901464,4.0));
#8887=CARTESIAN_POINT('',(5.05757717067385,7.03402944679325,4.0));
#8888=CARTESIAN_POINT('',(5.05757717067385,7.17685633490954,4.0));
#8889=VECTOR('',#11626,1.0);
#8890=CARTESIAN_POINT('',(4.99436539645012,7.31968322302584,3.85409255917198));
#8891=CARTESIAN_POINT('',(4.99436539645012,7.31968322302584,4.14590744082801));
#8892=CARTESIAN_POINT('',(4.99610551963494,7.31924470260821,4.14427607534225));
#8893=CARTESIAN_POINT('',(4.99780701108514,7.3188109359211,4.14262240711707));
#8894=CARTESIAN_POINT('',(5.01694825362118,7.31387989036887,4.12335326255743));
#8895=CARTESIAN_POINT('',(5.03220471449124,7.30940470363034,4.10105460363263));
#8896=CARTESIAN_POINT('',(5.05251641078881,7.30321224797157,4.0519826339899));
#8897=CARTESIAN_POINT('',(5.05757717067385,7.30152313901464,4.02520806059704));
#8898=CARTESIAN_POINT('',(5.05757717067385,7.30152313901464,4.0));
#8899=CARTESIAN_POINT('',(5.05757717067385,7.30152313901464,3.97479193940296));
#8900=CARTESIAN_POINT('',(5.05251641078881,7.30321224797157,3.9480173660101));
#8901=CARTESIAN_POINT('',(5.03220471449123,7.30940470363034,3.89894539636737));
#8902=CARTESIAN_POINT('',(5.01694825362118,7.31387989036887,3.87664673744257));
#8903=CARTESIAN_POINT('',(4.99780701108514,7.3188109359211,3.85737759288293));
#8904=CARTESIAN_POINT('',(4.99610551963493,7.31924470260821,3.85572392465774));
#8905=CARTESIAN_POINT('',(4.99436539645012,7.31968322302584,3.85409255917198));
#8906=CARTESIAN_POINT('',(4.99436539645012,7.05907372890115,3.85409255917198));
#8907=CARTESIAN_POINT('',(4.99436539645012,7.31968322302584,3.85409255917198));
#8908=VECTOR('',#11627,0.260609494124691);
#8909=CARTESIAN_POINT('',(4.99436539645012,7.05907372890115,3.85409255917198));
#8910=CARTESIAN_POINT('',(4.99623877444488,7.05842811373064,3.85584885104207));
#8911=CARTESIAN_POINT('',(4.99806757435762,7.05778955453119,3.85763118096453));
#8912=CARTESIAN_POINT('',(5.01710744467184,7.05106247722394,3.87690250843515));
#8913=CARTESIAN_POINT('',(5.03224893854924,7.04493839936096,3.89904045208788));
#8914=CARTESIAN_POINT('',(5.05247857355835,7.03640016296091,3.94793770507418));
#8915=CARTESIAN_POINT('',(5.05757717067385,7.03402944679325,3.97470026405252));
#8916=CARTESIAN_POINT('',(5.05757717067385,7.03402944679325,4.0));
#8917=CARTESIAN_POINT('',(5.05757717067385,7.03402944679325,4.02529973594748));
#8918=CARTESIAN_POINT('',(5.05247857355835,7.03640016296091,4.05206229492581));
#8919=CARTESIAN_POINT('',(5.03224893854924,7.04493839936096,4.10095954791212));
#8920=CARTESIAN_POINT('',(5.01710744467184,7.05106247722394,4.12309749156485));
#8921=CARTESIAN_POINT('',(4.99806757435762,7.05778955453119,4.14236881903547));
#8922=CARTESIAN_POINT('',(4.99623877444488,7.05842811373064,4.14415114895793));
#8923=CARTESIAN_POINT('',(4.99436539645012,7.05907372890115,4.14590744082801));
#8924=CARTESIAN_POINT('',(4.36931712199461,7.27470565392104,-4.25));
#8925=CARTESIAN_POINT('',(4.36931712199461,6.99620472483071,-4.25));
#8926=CARTESIAN_POINT('',(4.36931712199461,7.14723633564013,-4.25));
#8927=VECTOR('',#11628,1.0);
#8928=CARTESIAN_POINT('',(4.43252889621835,7.29826794644955,-4.10409255917199));
#8929=CARTESIAN_POINT('',(4.43252889621835,7.29826794644956,-4.39590744082802));
#8930=CARTESIAN_POINT('',(4.43060612319045,7.29762422029834,-4.39410484111436));
#8931=CARTESIAN_POINT('',(4.428729804092,7.29698954234074,-4.39227433597353));
#8932=CARTESIAN_POINT('',(4.40968151859827,7.29048627035376,-4.37295536313851));
#8933=CARTESIAN_POINT('',(4.39456398017098,7.28475461508909,-4.35081008594783));
#8934=CARTESIAN_POINT('',(4.37438620038988,7.2768491679473,-4.30194364609549));
#8935=CARTESIAN_POINT('',(4.36931712199461,7.27470565392104,-4.27522123924711));
#8936=CARTESIAN_POINT('',(4.36931712199461,7.27470565392104,-4.22453553940023));
#8937=CARTESIAN_POINT('',(4.37448322443539,7.27689098359536,-4.19757610351837));
#8938=CARTESIAN_POINT('',(4.39501456722379,7.28492776854032,-4.14835154546393));
#8939=CARTESIAN_POINT('',(4.41038919339478,7.29074781887321,-4.12608521612522));
#8940=CARTESIAN_POINT('',(4.42940795728124,7.29721871475557,-4.10706645223876));
#8941=CARTESIAN_POINT('',(4.43095263604633,7.29774022951203,-4.10557030308325));
#8942=CARTESIAN_POINT('',(4.43252889621835,7.29826794644956,-4.10409255917199));
#8943=CARTESIAN_POINT('',(4.43252889621835,7.0294940016392,-4.10409255917199));
#8944=CARTESIAN_POINT('',(4.43252889621835,7.29826794644955,-4.10409255917199));
#8945=VECTOR('',#11629,0.268773944810352);
#8946=CARTESIAN_POINT('',(4.43252889621835,7.0294940016392,-4.10409255917198));
#8947=CARTESIAN_POINT('',(4.43031335439498,7.02845886298243,-4.1061696296314));
#8948=CARTESIAN_POINT('',(4.42815860338874,7.02743892233658,-4.10828459477448));
#8949=CARTESIAN_POINT('',(4.4092893795736,7.01840280863363,-4.12765154445627));
#8950=CARTESIAN_POINT('',(4.3944153035523,7.01043359698818,-4.14949203401198));
#8951=CARTESIAN_POINT('',(4.37443772963296,6.99930938822117,-4.19798948045398));
#8952=CARTESIAN_POINT('',(4.36931712199461,6.99620472483071,-4.22465092005566));
#8953=CARTESIAN_POINT('',(4.36931712199461,6.99620472483071,-4.27581033489936));
#8954=CARTESIAN_POINT('',(4.37462229489858,6.99942343096399,-4.30290956182737));
#8955=CARTESIAN_POINT('',(4.39525267739633,7.01088955143707,-4.3520634483922));
#8956=CARTESIAN_POINT('',(4.4105969908773,7.01908334546132,-4.37412258135731));
#8957=CARTESIAN_POINT('',(4.42940812410917,7.02802924245381,-4.39293371458918));
#8958=CARTESIAN_POINT('',(4.43095279136401,7.02875761876227,-4.39442984252708));
#8959=CARTESIAN_POINT('',(4.43252889621835,7.0294940016392,-4.39590744082802));
#8960=CARTESIAN_POINT('',(4.44242282932615,7.03402944679324,-4.25));
#8961=CARTESIAN_POINT('',(4.44242282932615,7.30152313901464,-4.25));
#8962=CARTESIAN_POINT('',(4.44242282932615,7.17685633490954,-4.25));
#8963=VECTOR('',#11630,1.0);
#8964=CARTESIAN_POINT('',(4.50563460354989,7.05907372890115,-4.10409255917199));
#8965=CARTESIAN_POINT('',(4.50563460354989,7.05907372890114,-4.39590744082802));
#8966=CARTESIAN_POINT('',(4.50405804120325,7.05853040418446,-4.39442941362805));
#8967=CARTESIAN_POINT('',(4.50251336883275,7.05799218666818,-4.39293325198122));
#8968=CARTESIAN_POINT('',(4.48349812735013,7.05129955849106,-4.3739180104986));
#8969=CARTESIAN_POINT('',(4.46813691142796,7.04509727847192,-4.35167660028893));
#8970=CARTESIAN_POINT('',(4.44760475673499,7.03643981332564,-4.30247351342939));
#8971=CARTESIAN_POINT('',(4.44242282932615,7.03402944679324,-4.27550854714981));
#8972=CARTESIAN_POINT('',(4.44242282932615,7.03402944679324,-4.22470026405252));
#8973=CARTESIAN_POINT('',(4.44752142644166,7.0364001629609,-4.19793770507419));
#8974=CARTESIAN_POINT('',(4.46775106145077,7.04493839936095,-4.14904045208788));
#8975=CARTESIAN_POINT('',(4.48289255532817,7.05106247722394,-4.12690250843515));
#8976=CARTESIAN_POINT('',(4.50193242564239,7.05778955453119,-4.10763118096454));
#8977=CARTESIAN_POINT('',(4.50376122555513,7.05842811373063,-4.10584885104207));
#8978=CARTESIAN_POINT('',(4.50563460354989,7.05907372890114,-4.10409255917199));
#8979=CARTESIAN_POINT('',(4.50563460354989,7.31968322302584,-4.10409255917199));
#8980=CARTESIAN_POINT('',(4.50563460354989,7.05907372890115,-4.10409255917199));
#8981=VECTOR('',#11631,0.260609494124691);
#8982=CARTESIAN_POINT('',(4.50563460354989,7.31968322302584,-4.10409255917199));
#8983=CARTESIAN_POINT('',(4.50405803953649,7.3192859204006,-4.10557058793454));
#8984=CARTESIAN_POINT('',(4.502513359547,7.31889256354132,-4.10706675730454));
#8985=CARTESIAN_POINT('',(4.48338524329524,7.31397480022739,-4.12619487355629));
#8986=CARTESIAN_POINT('',(4.46800709142065,7.3094678273289,-4.14855127043823));
#8987=CARTESIAN_POINT('',(4.44752872382039,7.30322766388141,-4.19779247839946));
#8988=CARTESIAN_POINT('',(4.44242282932615,7.30152313901464,-4.22467855615643));
#8989=CARTESIAN_POINT('',(4.44242282932615,7.30152313901464,-4.27520806059704));
#8990=CARTESIAN_POINT('',(4.4474835892112,7.30321224797157,-4.30198263398991));
#8991=CARTESIAN_POINT('',(4.46779528550877,7.30940470363034,-4.35105460363263));
#8992=CARTESIAN_POINT('',(4.48305174637883,7.31387989036887,-4.37335326255744));
#8993=CARTESIAN_POINT('',(4.50219298891487,7.3188109359211,-4.39262240711707));
#8994=CARTESIAN_POINT('',(4.50389448036507,7.31924470260821,-4.39427607534226));
#8995=CARTESIAN_POINT('',(4.50563460354989,7.31968322302584,-4.39590744082802));
#8996=CARTESIAN_POINT('',(4.98447146334231,7.06240657835123,-3.5));
#8997=CARTESIAN_POINT('',(4.98447146334231,7.32212300295699,-3.5));
#8998=CARTESIAN_POINT('',(4.98447146334231,7.19881625055681,-3.5));
#8999=VECTOR('',#11632,1.0);
#9000=CARTESIAN_POINT('',(4.92125968911858,7.08018498949445,-3.64590744082802));
#9001=CARTESIAN_POINT('',(4.92125968911858,7.08018498949445,-3.35409255917199));
#9002=CARTESIAN_POINT('',(4.92290729014714,7.07979855640694,-3.35563718513626));
#9003=CARTESIAN_POINT('',(4.92451988544386,7.0794144501958,-3.35720145332245));
#9004=CARTESIAN_POINT('',(4.94368056569367,7.0747862306299,-3.37641743088904));
#9005=CARTESIAN_POINT('',(4.95899788786814,7.07035936781544,-3.39875590194917));
#9006=CARTESIAN_POINT('',(4.97939054274942,7.0641502940195,-3.44791431006505));
#9007=CARTESIAN_POINT('',(4.98447146334231,7.06240657835124,-3.47473678358457));
#9008=CARTESIAN_POINT('',(4.98447146334231,7.06240657835124,-3.5));
#9009=CARTESIAN_POINT('',(4.98447146334231,7.06240657835124,-3.52526321641544));
#9010=CARTESIAN_POINT('',(4.97939054274942,7.0641502940195,-3.55208568993496));
#9011=CARTESIAN_POINT('',(4.95899788786814,7.07035936781544,-3.60124409805084));
#9012=CARTESIAN_POINT('',(4.94368056569367,7.0747862306299,-3.62358256911097));
#9013=CARTESIAN_POINT('',(4.92451988544386,7.0794144501958,-3.64279854667756));
#9014=CARTESIAN_POINT('',(4.92290729014714,7.07979855640694,-3.64436281486375));
#9015=CARTESIAN_POINT('',(4.92125968911858,7.08018498949445,-3.64590744082802));
#9016=CARTESIAN_POINT('',(4.92125968911858,7.33522592276239,-3.64590744082802));
#9017=CARTESIAN_POINT('',(4.92125968911858,7.08018498949445,-3.64590744082802));
#9018=VECTOR('',#11633,0.255040933267943);
#9019=CARTESIAN_POINT('',(4.92125968911858,7.33522592276239,-3.64590744082802));
#9020=CARTESIAN_POINT('',(4.92283641817476,7.33495184336421,-3.64442925733785));
#9021=CARTESIAN_POINT('',(4.92438110053821,7.33467943516146,-3.64293307527873));
#9022=CARTESIAN_POINT('',(4.94358616235174,7.33124790277728,-3.6237280134652));
#9023=CARTESIAN_POINT('',(4.95896682065913,7.32797093323829,-3.60130775797286));
#9024=CARTESIAN_POINT('',(4.97940796250512,7.32339522488054,-3.55205489961329));
#9025=CARTESIAN_POINT('',(4.98447146334231,7.32212300295699,-3.52522108913851));
#9026=CARTESIAN_POINT('',(4.98447146334231,7.32212300295699,-3.5));
#9027=CARTESIAN_POINT('',(4.98447146334231,7.32212300295699,-3.47480601404835));
#9028=CARTESIAN_POINT('',(4.97941873341223,7.3233924375839,-3.44799902882463));
#9029=CARTESIAN_POINT('',(4.95901774611936,7.32795985773298,-3.39878701710475));
#9030=CARTESIAN_POINT('',(4.94366649044949,7.33123144187654,-3.37638078681923));
#9031=CARTESIAN_POINT('',(4.92445839184373,7.3346658022872,-3.35714181957256));
#9032=CARTESIAN_POINT('',(4.92287585331443,7.33494498843926,-3.3556077131056));
#9033=CARTESIAN_POINT('',(4.92125968911858,7.33522592276239,-3.35409255917199));
#9034=CARTESIAN_POINT('',(4.36931712199462,7.27470565392104,-2.75));
#9035=CARTESIAN_POINT('',(4.36931712199462,6.99620472483071,-2.75));
#9036=CARTESIAN_POINT('',(4.36931712199462,7.14723633564013,-2.75));
#9037=VECTOR('',#11634,1.0);
#9038=CARTESIAN_POINT('',(4.43252889621835,7.29826794644955,-2.60409255917199));
#9039=CARTESIAN_POINT('',(4.43252889621835,7.29826794644956,-2.89590744082802));
#9040=CARTESIAN_POINT('',(4.43095263604633,7.29774022951203,-2.89442969691675));
#9041=CARTESIAN_POINT('',(4.42940795728124,7.29721871475557,-2.89293354776124));
#9042=CARTESIAN_POINT('',(4.41038919339478,7.29074781887321,-2.87391478387479));
#9043=CARTESIAN_POINT('',(4.3950145672238,7.28492776854032,-2.85164845453607));
#9044=CARTESIAN_POINT('',(4.37448322443539,7.27689098359536,-2.80242389648163));
#9045=CARTESIAN_POINT('',(4.36931712199462,7.27470565392104,-2.77546446059978));
#9046=CARTESIAN_POINT('',(4.36931712199462,7.27470565392104,-2.7247787607529));
#9047=CARTESIAN_POINT('',(4.37438620038988,7.2768491679473,-2.69805635390451));
#9048=CARTESIAN_POINT('',(4.39456398017099,7.28475461508909,-2.64918991405218));
#9049=CARTESIAN_POINT('',(4.40968151859827,7.29048627035376,-2.6270446368615));
#9050=CARTESIAN_POINT('',(4.428729804092,7.29698954234074,-2.60772566402648));
#9051=CARTESIAN_POINT('',(4.43060612319044,7.29762422029834,-2.60589515888564));
#9052=CARTESIAN_POINT('',(4.43252889621835,7.29826794644955,-2.60409255917199));
#9053=CARTESIAN_POINT('',(4.43252889621835,7.0294940016392,-2.60409255917199));
#9054=CARTESIAN_POINT('',(4.43252889621835,7.29826794644955,-2.60409255917199));
#9055=VECTOR('',#11635,0.268773944810352);
#9056=CARTESIAN_POINT('',(4.43252889621835,7.0294940016392,-2.60409255917199));
#9057=CARTESIAN_POINT('',(4.43095279136401,7.02875761876227,-2.60557015747293));
#9058=CARTESIAN_POINT('',(4.42940812410917,7.02802924245381,-2.60706628541082));
#9059=CARTESIAN_POINT('',(4.4105969908773,7.01908334546132,-2.6258774186427));
#9060=CARTESIAN_POINT('',(4.39525267739633,7.01088955143707,-2.64793655160781));
#9061=CARTESIAN_POINT('',(4.37462229489858,6.99942343096399,-2.69709043817263));
#9062=CARTESIAN_POINT('',(4.36931712199462,6.99620472483071,-2.72418966510064));
#9063=CARTESIAN_POINT('',(4.36931712199462,6.99620472483071,-2.77534907994434));
#9064=CARTESIAN_POINT('',(4.37443772963296,6.99930938822117,-2.80201051954603));
#9065=CARTESIAN_POINT('',(4.3944153035523,7.01043359698818,-2.85050796598802));
#9066=CARTESIAN_POINT('',(4.4092893795736,7.01840280863363,-2.87234845554374));
#9067=CARTESIAN_POINT('',(4.42815860338874,7.02743892233658,-2.89171540522552));
#9068=CARTESIAN_POINT('',(4.43031335439498,7.02845886298243,-2.89383037036861));
#9069=CARTESIAN_POINT('',(4.43252889621835,7.0294940016392,-2.89590744082802));
#9070=CARTESIAN_POINT('',(5.05757717067385,7.30152313901464,-3.5));
#9071=CARTESIAN_POINT('',(5.05757717067385,7.03402944679324,-3.5));
#9072=CARTESIAN_POINT('',(5.05757717067385,7.17685633490954,-3.5));
#9073=VECTOR('',#11636,1.0);
#9074=CARTESIAN_POINT('',(4.99436539645012,7.31968322302584,-3.64590744082802));
#9075=CARTESIAN_POINT('',(4.99436539645012,7.31968322302584,-3.35409255917199));
#9076=CARTESIAN_POINT('',(4.99610551963493,7.31924470260821,-3.35572392465775));
#9077=CARTESIAN_POINT('',(4.99780701108514,7.3188109359211,-3.35737759288294));
#9078=CARTESIAN_POINT('',(5.01694825362118,7.31387989036887,-3.37664673744257));
#9079=CARTESIAN_POINT('',(5.03220471449123,7.30940470363034,-3.39894539636738));
#9080=CARTESIAN_POINT('',(5.05251641078881,7.30321224797157,-3.4480173660101));
#9081=CARTESIAN_POINT('',(5.05757717067385,7.30152313901464,-3.47479193940296));
#9082=CARTESIAN_POINT('',(5.05757717067385,7.30152313901464,-3.5));
#9083=CARTESIAN_POINT('',(5.05757717067385,7.30152313901464,-3.52532144384358));
#9084=CARTESIAN_POINT('',(5.05247127617961,7.30322766388141,-3.55220752160055));
#9085=CARTESIAN_POINT('',(5.03199290857935,7.3094678273289,-3.60144872956178));
#9086=CARTESIAN_POINT('',(5.01661475670476,7.31397480022739,-3.62380512644371));
#9087=CARTESIAN_POINT('',(4.99748664045301,7.31889256354132,-3.64293324269547));
#9088=CARTESIAN_POINT('',(4.99594196046351,7.3192859204006,-3.64442941206547));
#9089=CARTESIAN_POINT('',(4.99436539645012,7.31968322302584,-3.64590744082802));
#9090=CARTESIAN_POINT('',(4.99436539645012,7.05907372890115,-3.64590744082802));
#9091=CARTESIAN_POINT('',(4.99436539645012,7.31968322302584,-3.64590744082802));
#9092=VECTOR('',#11637,0.260609494124691);
#9093=CARTESIAN_POINT('',(4.99436539645012,7.05907372890115,-3.64590744082802));
#9094=CARTESIAN_POINT('',(4.99623877444487,7.05842811373063,-3.64415114895794));
#9095=CARTESIAN_POINT('',(4.99806757435762,7.05778955453119,-3.64236881903547));
#9096=CARTESIAN_POINT('',(5.01710744467184,7.05106247722394,-3.62309749156486));
#9097=CARTESIAN_POINT('',(5.03224893854924,7.04493839936096,-3.60095954791213));
#9098=CARTESIAN_POINT('',(5.05247857355834,7.03640016296091,-3.55206229492582));
#9099=CARTESIAN_POINT('',(5.05757717067385,7.03402944679324,-3.52529973594749));
#9100=CARTESIAN_POINT('',(5.05757717067385,7.03402944679324,-3.5));
#9101=CARTESIAN_POINT('',(5.05757717067385,7.03402944679324,-3.47470026405252));
#9102=CARTESIAN_POINT('',(5.05247857355834,7.03640016296091,-3.44793770507419));
#9103=CARTESIAN_POINT('',(5.03224893854924,7.04493839936096,-3.39904045208788));
#9104=CARTESIAN_POINT('',(5.01710744467183,7.05106247722394,-3.37690250843515));
#9105=CARTESIAN_POINT('',(4.99806757435762,7.05778955453119,-3.35763118096454));
#9106=CARTESIAN_POINT('',(4.99623877444487,7.05842811373064,-3.35584885104207));
#9107=CARTESIAN_POINT('',(4.99436539645012,7.05907372890115,-3.35409255917199));
#9108=CARTESIAN_POINT('',(4.44242282932615,7.03402944679324,-2.75));
#9109=CARTESIAN_POINT('',(4.44242282932615,7.30152313901464,-2.75));
#9110=CARTESIAN_POINT('',(4.44242282932615,7.17685633490954,-2.75));
#9111=VECTOR('',#11638,1.0);
#9112=CARTESIAN_POINT('',(4.50563460354989,7.05907372890115,-2.60409255917199));
#9113=CARTESIAN_POINT('',(4.50563460354989,7.05907372890115,-2.89590744082802));
#9114=CARTESIAN_POINT('',(4.50376122555513,7.05842811373063,-2.89415114895793));
#9115=CARTESIAN_POINT('',(4.50193242564239,7.05778955453119,-2.89236881903547));
#9116=CARTESIAN_POINT('',(4.48289255532817,7.05106247722394,-2.87309749156485));
#9117=CARTESIAN_POINT('',(4.46775106145077,7.04493839936095,-2.85095954791212));
#9118=CARTESIAN_POINT('',(4.44752142644166,7.0364001629609,-2.80206229492582));
#9119=CARTESIAN_POINT('',(4.44242282932615,7.03402944679324,-2.77529973594748));
#9120=CARTESIAN_POINT('',(4.44242282932615,7.03402944679324,-2.7244914528502));
#9121=CARTESIAN_POINT('',(4.44760475673499,7.03643981332564,-2.69752648657062));
#9122=CARTESIAN_POINT('',(4.46813691142796,7.04509727847192,-2.64832339971107));
#9123=CARTESIAN_POINT('',(4.48349812735013,7.05129955849106,-2.6260819895014));
#9124=CARTESIAN_POINT('',(4.50251336883275,7.05799218666818,-2.60706674801878));
#9125=CARTESIAN_POINT('',(4.50405804120324,7.05853040418446,-2.60557058637196));
#9126=CARTESIAN_POINT('',(4.50563460354988,7.05907372890114,-2.60409255917199));
#9127=CARTESIAN_POINT('',(4.50563460354989,7.31968322302584,-2.60409255917199));
#9128=CARTESIAN_POINT('',(4.50563460354989,7.05907372890115,-2.60409255917199));
#9129=VECTOR('',#11639,0.260609494124691);
#9130=CARTESIAN_POINT('',(4.50563460354988,7.31968322302584,-2.60409255917199));
#9131=CARTESIAN_POINT('',(4.50389448036507,7.31924470260821,-2.60572392465775));
#9132=CARTESIAN_POINT('',(4.50219298891487,7.3188109359211,-2.60737759288293));
#9133=CARTESIAN_POINT('',(4.48305174637883,7.31387989036887,-2.62664673744257));
#9134=CARTESIAN_POINT('',(4.46779528550877,7.30940470363034,-2.64894539636737));
#9135=CARTESIAN_POINT('',(4.4474835892112,7.30321224797157,-2.6980173660101));
#9136=CARTESIAN_POINT('',(4.44242282932615,7.30152313901464,-2.72479193940296));
#9137=CARTESIAN_POINT('',(4.44242282932615,7.30152313901464,-2.77532144384357));
#9138=CARTESIAN_POINT('',(4.44752872382039,7.30322766388141,-2.80220752160054));
#9139=CARTESIAN_POINT('',(4.46800709142065,7.3094678273289,-2.85144872956178));
#9140=CARTESIAN_POINT('',(4.48338524329524,7.31397480022739,-2.87380512644371));
#9141=CARTESIAN_POINT('',(4.502513359547,7.31889256354132,-2.89293324269546));
#9142=CARTESIAN_POINT('',(4.5040580395365,7.3192859204006,-2.89442941206546));
#9143=CARTESIAN_POINT('',(4.50563460354989,7.31968322302584,-2.89590744082802));
#9144=CARTESIAN_POINT('',(4.98447146334231,7.06240657835124,-2.0));
#9145=CARTESIAN_POINT('',(4.98447146334231,7.32212300295699,-2.0));
#9146=CARTESIAN_POINT('',(4.98447146334231,7.19881625055681,-2.0));
#9147=VECTOR('',#11640,1.0);
#9148=CARTESIAN_POINT('',(4.92125968911858,7.08018498949445,-2.14590744082802));
#9149=CARTESIAN_POINT('',(4.92125968911858,7.08018498949445,-1.85409255917199));
#9150=CARTESIAN_POINT('',(4.92290729014714,7.07979855640694,-1.85563718513626));
#9151=CARTESIAN_POINT('',(4.92451988544386,7.0794144501958,-1.85720145332244));
#9152=CARTESIAN_POINT('',(4.94368056569367,7.0747862306299,-1.87641743088904));
#9153=CARTESIAN_POINT('',(4.95899788786814,7.07035936781544,-1.89875590194917));
#9154=CARTESIAN_POINT('',(4.97939054274942,7.0641502940195,-1.94791431006505));
#9155=CARTESIAN_POINT('',(4.98447146334231,7.06240657835124,-1.97473678358457));
#9156=CARTESIAN_POINT('',(4.98447146334231,7.06240657835124,-2.0));
#9157=CARTESIAN_POINT('',(4.98447146334231,7.06240657835124,-2.02531220482829));
#9158=CARTESIAN_POINT('',(4.97937104319851,7.06415718653874,-2.05218280094517));
#9159=CARTESIAN_POINT('',(4.95890632072842,7.07038641673847,-2.10141432716065));
#9160=CARTESIAN_POINT('',(4.94353636715852,7.07482624644061,-2.12377780865842));
#9161=CARTESIAN_POINT('',(4.92438118389063,7.07944747634276,-2.14293299192631));
#9162=CARTESIAN_POINT('',(4.92283650603843,7.07981515831553,-2.14442917496566));
#9163=CARTESIAN_POINT('',(4.92125968911858,7.08018498949445,-2.14590744082802));
#9164=CARTESIAN_POINT('',(4.92125968911858,7.33522592276239,-2.14590744082802));
#9165=CARTESIAN_POINT('',(4.92125968911858,7.08018498949445,-2.14590744082802));
#9166=VECTOR('',#11641,0.255040933267943);
#9167=CARTESIAN_POINT('',(4.92125968911858,7.33522592276239,-2.14590744082802));
#9168=CARTESIAN_POINT('',(4.92287585331443,7.33494498843926,-2.14439228689441));
#9169=CARTESIAN_POINT('',(4.92445839184373,7.3346658022872,-2.14285818042745));
#9170=CARTESIAN_POINT('',(4.94366649044949,7.33123144187654,-2.12361921318077));
#9171=CARTESIAN_POINT('',(4.95901774611936,7.32795985773298,-2.10121298289525));
#9172=CARTESIAN_POINT('',(4.97941873341224,7.3233924375839,-2.05200097117538));
#9173=CARTESIAN_POINT('',(4.98447146334231,7.32212300295699,-2.02519398595165));
#9174=CARTESIAN_POINT('',(4.98447146334231,7.32212300295699,-2.0));
#9175=CARTESIAN_POINT('',(4.98447146334231,7.32212300295699,-1.9747789108615));
#9176=CARTESIAN_POINT('',(4.97940796250512,7.32339522488054,-1.94794510038671));
#9177=CARTESIAN_POINT('',(4.95896682065913,7.32797093323829,-1.89869224202714));
#9178=CARTESIAN_POINT('',(4.94358616235174,7.33124790277728,-1.87627198653481));
#9179=CARTESIAN_POINT('',(4.92438110053821,7.33467943516146,-1.85706692472128));
#9180=CARTESIAN_POINT('',(4.92283641817476,7.33495184336421,-1.85557074266215));
#9181=CARTESIAN_POINT('',(4.92125968911858,7.33522592276239,-1.85409255917199));
#9182=CARTESIAN_POINT('',(4.36931712199461,7.27470565392104,-1.25));
#9183=CARTESIAN_POINT('',(4.36931712199461,6.99620472483071,-1.25));
#9184=CARTESIAN_POINT('',(4.36931712199461,7.14723633564013,-1.25));
#9185=VECTOR('',#11642,1.0);
#9186=CARTESIAN_POINT('',(4.43252889621835,7.29826794644955,-1.10409255917199));
#9187=CARTESIAN_POINT('',(4.43252889621835,7.29826794644956,-1.39590744082802));
#9188=CARTESIAN_POINT('',(4.43060612319045,7.29762422029834,-1.39410484111436));
#9189=CARTESIAN_POINT('',(4.428729804092,7.29698954234074,-1.39227433597352));
#9190=CARTESIAN_POINT('',(4.40968151859827,7.29048627035376,-1.3729553631385));
#9191=CARTESIAN_POINT('',(4.39456398017099,7.28475461508909,-1.35081008594782));
#9192=CARTESIAN_POINT('',(4.37438620038988,7.2768491679473,-1.30194364609549));
#9193=CARTESIAN_POINT('',(4.36931712199461,7.27470565392104,-1.2752212392471));
#9194=CARTESIAN_POINT('',(4.36931712199461,7.27470565392104,-1.2247787607529));
#9195=CARTESIAN_POINT('',(4.37438620038988,7.2768491679473,-1.19805635390451));
#9196=CARTESIAN_POINT('',(4.39456398017099,7.28475461508909,-1.14918991405217));
#9197=CARTESIAN_POINT('',(4.40968151859827,7.29048627035376,-1.1270446368615));
#9198=CARTESIAN_POINT('',(4.428729804092,7.29698954234074,-1.10772566402648));
#9199=CARTESIAN_POINT('',(4.43060612319045,7.29762422029834,-1.10589515888564));
#9200=CARTESIAN_POINT('',(4.43252889621835,7.29826794644955,-1.10409255917199));
#9201=CARTESIAN_POINT('',(4.43252889621835,7.0294940016392,-1.10409255917199));
#9202=CARTESIAN_POINT('',(4.43252889621835,7.29826794644955,-1.10409255917199));
#9203=VECTOR('',#11643,0.268773944810352);
#9204=CARTESIAN_POINT('',(4.43252889621835,7.0294940016392,-1.10409255917199));
#9205=CARTESIAN_POINT('',(4.43031335439498,7.02845886298243,-1.10616962963139));
#9206=CARTESIAN_POINT('',(4.42815860338874,7.02743892233658,-1.10828459477448));
#9207=CARTESIAN_POINT('',(4.4092893795736,7.01840280863363,-1.12765154445626));
#9208=CARTESIAN_POINT('',(4.3944153035523,7.01043359698818,-1.14949203401198));
#9209=CARTESIAN_POINT('',(4.37443772963296,6.99930938822117,-1.19798948045397));
#9210=CARTESIAN_POINT('',(4.36931712199461,6.99620472483071,-1.22465092005566));
#9211=CARTESIAN_POINT('',(4.36931712199461,6.99620472483071,-1.27534907994434));
#9212=CARTESIAN_POINT('',(4.37443772963296,6.99930938822117,-1.30201051954603));
#9213=CARTESIAN_POINT('',(4.3944153035523,7.01043359698818,-1.35050796598802));
#9214=CARTESIAN_POINT('',(4.4092893795736,7.01840280863363,-1.37234845554374));
#9215=CARTESIAN_POINT('',(4.42815860338874,7.02743892233659,-1.39171540522552));
#9216=CARTESIAN_POINT('',(4.43031335439498,7.02845886298243,-1.39383037036861));
#9217=CARTESIAN_POINT('',(4.43252889621835,7.0294940016392,-1.39590744082802));
#9218=CARTESIAN_POINT('',(5.05757717067385,7.30152313901464,-2.0));
#9219=CARTESIAN_POINT('',(5.05757717067385,7.03402944679324,-2.0));
#9220=CARTESIAN_POINT('',(5.05757717067385,7.17685633490954,-2.0));
#9221=VECTOR('',#11644,1.0);
#9222=CARTESIAN_POINT('',(4.99436539645012,7.31968322302584,-2.14590744082802));
#9223=CARTESIAN_POINT('',(4.99436539645012,7.31968322302584,-1.85409255917199));
#9224=CARTESIAN_POINT('',(4.99594196046351,7.3192859204006,-1.85557058793454));
#9225=CARTESIAN_POINT('',(4.99748664045301,7.31889256354132,-1.85706675730454));
#9226=CARTESIAN_POINT('',(5.01661475670476,7.31397480022739,-1.87619487355629));
#9227=CARTESIAN_POINT('',(5.03199290857935,7.3094678273289,-1.89855127043822));
#9228=CARTESIAN_POINT('',(5.05247127617961,7.30322766388141,-1.94779247839946));
#9229=CARTESIAN_POINT('',(5.05757717067385,7.30152313901464,-1.97467855615643));
#9230=CARTESIAN_POINT('',(5.05757717067385,7.30152313901464,-2.0));
#9231=CARTESIAN_POINT('',(5.05757717067385,7.30152313901464,-2.02520806059704));
#9232=CARTESIAN_POINT('',(5.05251641078881,7.30321224797157,-2.0519826339899));
#9233=CARTESIAN_POINT('',(5.03220471449123,7.30940470363034,-2.10105460363263));
#9234=CARTESIAN_POINT('',(5.01694825362118,7.31387989036887,-2.12335326255743));
#9235=CARTESIAN_POINT('',(4.99780701108514,7.3188109359211,-2.14262240711707));
#9236=CARTESIAN_POINT('',(4.99610551963493,7.31924470260821,-2.14427607534226));
#9237=CARTESIAN_POINT('',(4.99436539645012,7.31968322302584,-2.14590744082802));
#9238=CARTESIAN_POINT('',(4.99436539645012,7.05907372890115,-2.14590744082802));
#9239=CARTESIAN_POINT('',(4.99436539645012,7.31968322302584,-2.14590744082802));
#9240=VECTOR('',#11645,0.260609494124691);
#9241=CARTESIAN_POINT('',(4.99436539645012,7.05907372890115,-2.14590744082802));
#9242=CARTESIAN_POINT('',(4.99594195879676,7.05853040418446,-2.14442941362804));
#9243=CARTESIAN_POINT('',(4.99748663116725,7.05799218666819,-2.14293325198122));
#9244=CARTESIAN_POINT('',(5.01650187264987,7.05129955849106,-2.1239180104986));
#9245=CARTESIAN_POINT('',(5.03186308857204,7.04509727847192,-2.10167660028893));
#9246=CARTESIAN_POINT('',(5.05239524326502,7.03643981332565,-2.05247351342938));
#9247=CARTESIAN_POINT('',(5.05757717067385,7.03402944679324,-2.02550854714981));
#9248=CARTESIAN_POINT('',(5.05757717067385,7.03402944679324,-2.0));
#9249=CARTESIAN_POINT('',(5.05757717067385,7.03402944679324,-1.97470026405252));
#9250=CARTESIAN_POINT('',(5.05247857355834,7.03640016296091,-1.94793770507418));
#9251=CARTESIAN_POINT('',(5.03224893854924,7.04493839936096,-1.89904045208788));
#9252=CARTESIAN_POINT('',(5.01710744467183,7.05106247722394,-1.87690250843515));
#9253=CARTESIAN_POINT('',(4.99806757435762,7.05778955453119,-1.85763118096453));
#9254=CARTESIAN_POINT('',(4.99623877444488,7.05842811373063,-1.85584885104207));
#9255=CARTESIAN_POINT('',(4.99436539645012,7.05907372890115,-1.85409255917199));
#9256=CARTESIAN_POINT('',(4.44242282932615,7.03402944679324,-1.25));
#9257=CARTESIAN_POINT('',(4.44242282932615,7.30152313901464,-1.25));
#9258=CARTESIAN_POINT('',(4.44242282932615,7.17685633490954,-1.25));
#9259=VECTOR('',#11646,1.0);
#9260=CARTESIAN_POINT('',(4.50563460354989,7.05907372890115,-1.10409255917199));
#9261=CARTESIAN_POINT('',(4.50563460354989,7.05907372890115,-1.39590744082802));
#9262=CARTESIAN_POINT('',(4.50376122555513,7.05842811373063,-1.39415114895793));
#9263=CARTESIAN_POINT('',(4.50193242564239,7.05778955453119,-1.39236881903547));
#9264=CARTESIAN_POINT('',(4.48289255532817,7.05106247722394,-1.37309749156485));
#9265=CARTESIAN_POINT('',(4.46775106145077,7.04493839936095,-1.35095954791212));
#9266=CARTESIAN_POINT('',(4.44752142644166,7.0364001629609,-1.30206229492582));
#9267=CARTESIAN_POINT('',(4.44242282932615,7.03402944679324,-1.27529973594748));
#9268=CARTESIAN_POINT('',(4.44242282932615,7.03402944679324,-1.22470026405251));
#9269=CARTESIAN_POINT('',(4.44752142644166,7.0364001629609,-1.19793770507418));
#9270=CARTESIAN_POINT('',(4.46775106145077,7.04493839936095,-1.14904045208788));
#9271=CARTESIAN_POINT('',(4.48289255532817,7.05106247722394,-1.12690250843515));
#9272=CARTESIAN_POINT('',(4.50193242564239,7.05778955453119,-1.10763118096453));
#9273=CARTESIAN_POINT('',(4.50376122555513,7.05842811373063,-1.10584885104207));
#9274=CARTESIAN_POINT('',(4.50563460354988,7.05907372890114,-1.10409255917199));
#9275=CARTESIAN_POINT('',(4.50563460354989,7.31968322302584,-1.10409255917199));
#9276=CARTESIAN_POINT('',(4.50563460354989,7.05907372890115,-1.10409255917199));
#9277=VECTOR('',#11647,0.260609494124691);
#9278=CARTESIAN_POINT('',(4.50563460354988,7.31968322302584,-1.10409255917199));
#9279=CARTESIAN_POINT('',(4.50389448036507,7.31924470260821,-1.10572392465775));
#9280=CARTESIAN_POINT('',(4.50219298891487,7.3188109359211,-1.10737759288293));
#9281=CARTESIAN_POINT('',(4.48305174637883,7.31387989036887,-1.12664673744257));
#9282=CARTESIAN_POINT('',(4.46779528550877,7.30940470363034,-1.14894539636737));
#9283=CARTESIAN_POINT('',(4.4474835892112,7.30321224797157,-1.1980173660101));
#9284=CARTESIAN_POINT('',(4.44242282932615,7.30152313901464,-1.22479193940296));
#9285=CARTESIAN_POINT('',(4.44242282932615,7.30152313901464,-1.27520806059704));
#9286=CARTESIAN_POINT('',(4.4474835892112,7.30321224797157,-1.3019826339899));
#9287=CARTESIAN_POINT('',(4.46779528550877,7.30940470363034,-1.35105460363263));
#9288=CARTESIAN_POINT('',(4.48305174637883,7.31387989036887,-1.37335326255743));
#9289=CARTESIAN_POINT('',(4.50219298891487,7.3188109359211,-1.39262240711707));
#9290=CARTESIAN_POINT('',(4.50389448036508,7.31924470260821,-1.39427607534226));
#9291=CARTESIAN_POINT('',(4.50563460354989,7.31968322302584,-1.39590744082802));
#9292=CARTESIAN_POINT('',(4.98447146334231,7.06240657835124,-0.5));
#9293=CARTESIAN_POINT('',(4.98447146334231,7.32212300295699,-0.5));
#9294=CARTESIAN_POINT('',(4.98447146334231,7.19881625055682,-0.5));
#9295=VECTOR('',#11648,1.0);
#9296=CARTESIAN_POINT('',(4.92125968911858,7.08018498949445,-0.645907440828019));
#9297=CARTESIAN_POINT('',(4.92125968911858,7.08018498949445,-0.354092559171986));
#9298=CARTESIAN_POINT('',(4.92290729014714,7.07979855640694,-0.355637185136258));
#9299=CARTESIAN_POINT('',(4.92451988544386,7.0794144501958,-0.357201453322444));
#9300=CARTESIAN_POINT('',(4.94368056569368,7.0747862306299,-0.376417430889036));
#9301=CARTESIAN_POINT('',(4.95899788786814,7.07035936781544,-0.398755901949165));
#9302=CARTESIAN_POINT('',(4.97939054274942,7.0641502940195,-0.447914310065046));
#9303=CARTESIAN_POINT('',(4.98447146334231,7.06240657835124,-0.474736783584569));
#9304=CARTESIAN_POINT('',(4.98447146334231,7.06240657835124,-0.5));
#9305=CARTESIAN_POINT('',(4.98447146334231,7.06240657835124,-0.525263216415431));
#9306=CARTESIAN_POINT('',(4.97939054274942,7.0641502940195,-0.552085689934954));
#9307=CARTESIAN_POINT('',(4.95899788786814,7.07035936781544,-0.601244098050834));
#9308=CARTESIAN_POINT('',(4.94368056569368,7.0747862306299,-0.623582569110964));
#9309=CARTESIAN_POINT('',(4.92451988544386,7.0794144501958,-0.642798546677558));
#9310=CARTESIAN_POINT('',(4.92290729014714,7.07979855640694,-0.644362814863744));
#9311=CARTESIAN_POINT('',(4.92125968911858,7.08018498949445,-0.645907440828018));
#9312=CARTESIAN_POINT('',(4.92125968911858,7.33522592276239,-0.645907440828019));
#9313=CARTESIAN_POINT('',(4.92125968911858,7.08018498949445,-0.645907440828019));
#9314=VECTOR('',#11649,0.255040933267944);
#9315=CARTESIAN_POINT('',(4.92125968911858,7.33522592276239,-0.645907440828018));
#9316=CARTESIAN_POINT('',(4.92287585331443,7.33494498843926,-0.644392286894408));
#9317=CARTESIAN_POINT('',(4.92445839184374,7.3346658022872,-0.642858180427447));
#9318=CARTESIAN_POINT('',(4.9436664904495,7.33123144187654,-0.62361921318077));
#9319=CARTESIAN_POINT('',(4.95901774611936,7.32795985773298,-0.601212982895253));
#9320=CARTESIAN_POINT('',(4.97941873341224,7.3233924375839,-0.552000971175376));
#9321=CARTESIAN_POINT('',(4.98447146334231,7.32212300295699,-0.525193985951654));
#9322=CARTESIAN_POINT('',(4.98447146334231,7.32212300295699,-0.5));
#9323=CARTESIAN_POINT('',(4.98447146334231,7.32212300295699,-0.474806014048346));
#9324=CARTESIAN_POINT('',(4.97941873341224,7.3233924375839,-0.447999028824624));
#9325=CARTESIAN_POINT('',(4.95901774611936,7.32795985773298,-0.398787017104747));
#9326=CARTESIAN_POINT('',(4.9436664904495,7.33123144187654,-0.37638078681923));
#9327=CARTESIAN_POINT('',(4.92445839184374,7.3346658022872,-0.357141819572555));
#9328=CARTESIAN_POINT('',(4.92287585331443,7.33494498843926,-0.355607713105595));
#9329=CARTESIAN_POINT('',(4.92125968911858,7.33522592276239,-0.354092559171986));
#9330=CARTESIAN_POINT('',(4.36931712199462,7.27470565392104,0.249999999999999));
#9331=CARTESIAN_POINT('',(4.36931712199462,6.99620472483071,0.249999999999998));
#9332=CARTESIAN_POINT('',(4.36931712199462,7.14723633564013,0.249999999999999));
#9333=VECTOR('',#11650,1.0);
#9334=CARTESIAN_POINT('',(4.43252889621835,7.29826794644956,0.39590744082801));
#9335=CARTESIAN_POINT('',(4.43252889621835,7.29826794644956,0.104092559171981));
#9336=CARTESIAN_POINT('',(4.43060612319045,7.29762422029834,0.10589515888564));
#9337=CARTESIAN_POINT('',(4.428729804092,7.29698954234074,0.107725664026476));
#9338=CARTESIAN_POINT('',(4.40968151859827,7.29048627035376,0.127044636861498));
#9339=CARTESIAN_POINT('',(4.39456398017099,7.28475461508909,0.149189914052174));
#9340=CARTESIAN_POINT('',(4.37438620038988,7.2768491679473,0.19805635390451));
#9341=CARTESIAN_POINT('',(4.36931712199462,7.27470565392104,0.224778760752894));
#9342=CARTESIAN_POINT('',(4.36931712199462,7.27470565392104,0.275221239247105));
#9343=CARTESIAN_POINT('',(4.37438620038988,7.2768491679473,0.301943646095488));
#9344=CARTESIAN_POINT('',(4.39456398017099,7.28475461508909,0.350810085947825));
#9345=CARTESIAN_POINT('',(4.40968151859827,7.29048627035376,0.3729553631385));
#9346=CARTESIAN_POINT('',(4.428729804092,7.29698954234074,0.392274335973521));
#9347=CARTESIAN_POINT('',(4.43060612319045,7.29762422029834,0.394104841114357));
#9348=CARTESIAN_POINT('',(4.43252889621835,7.29826794644955,0.395907440828014));
#9349=CARTESIAN_POINT('',(4.43252889621835,7.0294940016392,0.39590744082801));
#9350=CARTESIAN_POINT('',(4.43252889621835,7.29826794644956,0.39590744082801));
#9351=VECTOR('',#11651,0.268773944810352);
#9352=CARTESIAN_POINT('',(4.43252889621835,7.0294940016392,0.395907440828014));
#9353=CARTESIAN_POINT('',(4.43031335439498,7.02845886298243,0.393830370368604));
#9354=CARTESIAN_POINT('',(4.42815860338874,7.02743892233659,0.391715405225517));
#9355=CARTESIAN_POINT('',(4.4092893795736,7.01840280863363,0.372348455543738));
#9356=CARTESIAN_POINT('',(4.3944153035523,7.01043359698818,0.350507965988018));
#9357=CARTESIAN_POINT('',(4.37443772963296,6.99930938822117,0.302010519546027));
#9358=CARTESIAN_POINT('',(4.36931712199462,6.99620472483071,0.275349079944342));
#9359=CARTESIAN_POINT('',(4.36931712199462,6.99620472483071,0.224650920055656));
#9360=CARTESIAN_POINT('',(4.37443772963296,6.99930938822117,0.197989480453971));
#9361=CARTESIAN_POINT('',(4.3944153035523,7.01043359698818,0.14949203401198));
#9362=CARTESIAN_POINT('',(4.4092893795736,7.01840280863363,0.12765154445626));
#9363=CARTESIAN_POINT('',(4.42815860338874,7.02743892233659,0.10828459477448));
#9364=CARTESIAN_POINT('',(4.43031335439498,7.02845886298243,0.106169629631393));
#9365=CARTESIAN_POINT('',(4.43252889621835,7.0294940016392,0.104092559171982));
#9366=CARTESIAN_POINT('',(5.05757717067385,7.30152313901464,-0.5));
#9367=CARTESIAN_POINT('',(5.05757717067385,7.03402944679324,-0.5));
#9368=CARTESIAN_POINT('',(5.05757717067385,7.17685633490954,-0.5));
#9369=VECTOR('',#11652,1.0);
#9370=CARTESIAN_POINT('',(4.99436539645012,7.31968322302584,-0.645907440828019));
#9371=CARTESIAN_POINT('',(4.99436539645012,7.31968322302584,-0.354092559171986));
#9372=CARTESIAN_POINT('',(4.99610551963493,7.31924470260821,-0.355723924657747));
#9373=CARTESIAN_POINT('',(4.99780701108514,7.3188109359211,-0.357377592882933));
#9374=CARTESIAN_POINT('',(5.01694825362118,7.31387989036887,-0.376646737442568));
#9375=CARTESIAN_POINT('',(5.03220471449123,7.30940470363034,-0.398945396367372));
#9376=CARTESIAN_POINT('',(5.05251641078881,7.30321224797157,-0.448017366010098));
#9377=CARTESIAN_POINT('',(5.05757717067385,7.30152313901464,-0.47479193940296));
#9378=CARTESIAN_POINT('',(5.05757717067385,7.30152313901464,-0.5));
#9379=CARTESIAN_POINT('',(5.05757717067385,7.30152313901464,-0.525208060597039));
#9380=CARTESIAN_POINT('',(5.05251641078881,7.30321224797157,-0.551982633989902));
#9381=CARTESIAN_POINT('',(5.03220471449123,7.30940470363034,-0.601054603632628));
#9382=CARTESIAN_POINT('',(5.01694825362118,7.31387989036887,-0.623353262557432));
#9383=CARTESIAN_POINT('',(4.99780701108514,7.3188109359211,-0.642622407117068));
#9384=CARTESIAN_POINT('',(4.99610551963493,7.31924470260821,-0.644276075342255));
#9385=CARTESIAN_POINT('',(4.99436539645012,7.31968322302584,-0.645907440828017));
#9386=CARTESIAN_POINT('',(4.99436539645012,7.05907372890115,-0.645907440828019));
#9387=CARTESIAN_POINT('',(4.99436539645012,7.31968322302584,-0.645907440828019));
#9388=VECTOR('',#11653,0.260609494124691);
#9389=CARTESIAN_POINT('',(4.99436539645012,7.05907372890115,-0.645907440828018));
#9390=CARTESIAN_POINT('',(4.99623877444487,7.05842811373064,-0.644151148957933));
#9391=CARTESIAN_POINT('',(4.99806757435762,7.05778955453119,-0.64236881903547));
#9392=CARTESIAN_POINT('',(5.01710744467184,7.05106247722394,-0.623097491564853));
#9393=CARTESIAN_POINT('',(5.03224893854924,7.04493839936096,-0.600959547912122));
#9394=CARTESIAN_POINT('',(5.05247857355834,7.03640016296091,-0.552062294925816));
#9395=CARTESIAN_POINT('',(5.05757717067385,7.03402944679324,-0.525299735947484));
#9396=CARTESIAN_POINT('',(5.05757717067385,7.03402944679324,-0.5));
#9397=CARTESIAN_POINT('',(5.05757717067385,7.03402944679324,-0.474700264052516));
#9398=CARTESIAN_POINT('',(5.05247857355834,7.03640016296091,-0.447937705074184));
#9399=CARTESIAN_POINT('',(5.03224893854924,7.04493839936096,-0.399040452087878));
#9400=CARTESIAN_POINT('',(5.01710744467184,7.05106247722394,-0.376902508435147));
#9401=CARTESIAN_POINT('',(4.99806757435762,7.05778955453119,-0.357631180964532));
#9402=CARTESIAN_POINT('',(4.99623877444488,7.05842811373064,-0.35584885104207));
#9403=CARTESIAN_POINT('',(4.99436539645012,7.05907372890115,-0.354092559171986));
#9404=CARTESIAN_POINT('',(4.44242282932615,7.03402944679324,0.249999999999998));
#9405=CARTESIAN_POINT('',(4.44242282932615,7.30152313901464,0.249999999999998));
#9406=CARTESIAN_POINT('',(4.44242282932615,7.17685633490954,0.249999999999999));
#9407=VECTOR('',#11654,1.0);
#9408=CARTESIAN_POINT('',(4.50563460354989,7.05907372890115,0.39590744082801));
#9409=CARTESIAN_POINT('',(4.50563460354989,7.05907372890115,0.104092559171982));
#9410=CARTESIAN_POINT('',(4.50376122555513,7.05842811373063,0.105848851042067));
#9411=CARTESIAN_POINT('',(4.50193242564239,7.05778955453119,0.10763118096453));
#9412=CARTESIAN_POINT('',(4.48289255532817,7.05106247722394,0.126902508435146));
#9413=CARTESIAN_POINT('',(4.46775106145077,7.04493839936096,0.149040452087876));
#9414=CARTESIAN_POINT('',(4.44752142644166,7.0364001629609,0.197937705074182));
#9415=CARTESIAN_POINT('',(4.44242282932615,7.03402944679324,0.224700264052515));
#9416=CARTESIAN_POINT('',(4.44242282932615,7.03402944679324,0.275299735947483));
#9417=CARTESIAN_POINT('',(4.44752142644166,7.0364001629609,0.302062294925816));
#9418=CARTESIAN_POINT('',(4.46775106145077,7.04493839936096,0.350959547912121));
#9419=CARTESIAN_POINT('',(4.48289255532817,7.05106247722394,0.373097491564852));
#9420=CARTESIAN_POINT('',(4.50193242564239,7.05778955453119,0.392368819035467));
#9421=CARTESIAN_POINT('',(4.50376122555513,7.05842811373063,0.39415114895793));
#9422=CARTESIAN_POINT('',(4.50563460354989,7.05907372890115,0.395907440828014));
#9423=CARTESIAN_POINT('',(4.50563460354989,7.31968322302584,0.39590744082801));
#9424=CARTESIAN_POINT('',(4.50563460354989,7.05907372890115,0.39590744082801));
#9425=VECTOR('',#11655,0.260609494124691);
#9426=CARTESIAN_POINT('',(4.50563460354989,7.31968322302584,0.395907440828014));
#9427=CARTESIAN_POINT('',(4.50389448036507,7.31924470260821,0.394276075342253));
#9428=CARTESIAN_POINT('',(4.50219298891487,7.3188109359211,0.392622407117066));
#9429=CARTESIAN_POINT('',(4.48305174637883,7.31387989036887,0.37335326255743));
#9430=CARTESIAN_POINT('',(4.46779528550877,7.30940470363034,0.351054603632627));
#9431=CARTESIAN_POINT('',(4.4474835892112,7.30321224797157,0.301982633989902));
#9432=CARTESIAN_POINT('',(4.44242282932615,7.30152313901464,0.275208060597039));
#9433=CARTESIAN_POINT('',(4.44242282932615,7.30152313901464,0.224791939402959));
#9434=CARTESIAN_POINT('',(4.4474835892112,7.30321224797157,0.198017366010097));
#9435=CARTESIAN_POINT('',(4.46779528550877,7.30940470363034,0.148945396367371));
#9436=CARTESIAN_POINT('',(4.48305174637883,7.31387989036887,0.126646737442568));
#9437=CARTESIAN_POINT('',(4.50219298891487,7.3188109359211,0.107377592882931));
#9438=CARTESIAN_POINT('',(4.50389448036508,7.31924470260821,0.105723924657744));
#9439=CARTESIAN_POINT('',(4.50563460354989,7.31968322302584,0.104092559171982));
#9440=CARTESIAN_POINT('',(4.98447146334232,7.06240657835124,0.999999999999999));
#9441=CARTESIAN_POINT('',(4.98447146334232,7.32212300295699,0.999999999999999));
#9442=CARTESIAN_POINT('',(4.98447146334232,7.19881625055682,0.999999999999998));
#9443=VECTOR('',#11656,1.0);
#9444=CARTESIAN_POINT('',(4.92125968911858,7.08018498949445,0.85409255917198));
#9445=CARTESIAN_POINT('',(4.92125968911858,7.08018498949445,1.14590744082801));
#9446=CARTESIAN_POINT('',(4.92290729014714,7.07979855640694,1.14436281486374));
#9447=CARTESIAN_POINT('',(4.92451988544386,7.0794144501958,1.14279854667756));
#9448=CARTESIAN_POINT('',(4.94368056569368,7.0747862306299,1.12358256911096));
#9449=CARTESIAN_POINT('',(4.95899788786815,7.07035936781545,1.10124409805083));
#9450=CARTESIAN_POINT('',(4.97939054274942,7.0641502940195,1.05208568993495));
#9451=CARTESIAN_POINT('',(4.98447146334231,7.06240657835124,1.02526321641543));
#9452=CARTESIAN_POINT('',(4.98447146334231,7.06240657835124,0.999999999999999));
#9453=CARTESIAN_POINT('',(4.98447146334231,7.06240657835124,0.974736783584568));
#9454=CARTESIAN_POINT('',(4.97939054274942,7.0641502940195,0.947914310065045));
#9455=CARTESIAN_POINT('',(4.95899788786814,7.07035936781545,0.898755901949164));
#9456=CARTESIAN_POINT('',(4.94368056569368,7.0747862306299,0.876417430889035));
#9457=CARTESIAN_POINT('',(4.92451988544386,7.0794144501958,0.857201453322442));
#9458=CARTESIAN_POINT('',(4.92290729014714,7.07979855640694,0.855637185136255));
#9459=CARTESIAN_POINT('',(4.92125968911858,7.08018498949445,0.854092559171981));
#9460=CARTESIAN_POINT('',(4.92125968911858,7.33522592276239,0.85409255917198));
#9461=CARTESIAN_POINT('',(4.92125968911858,7.08018498949445,0.85409255917198));
#9462=VECTOR('',#11657,0.255040933267944);
#9463=CARTESIAN_POINT('',(4.92125968911858,7.33522592276239,0.854092559171981));
#9464=CARTESIAN_POINT('',(4.92287585331443,7.33494498843926,0.855607713105592));
#9465=CARTESIAN_POINT('',(4.92445839184374,7.3346658022872,0.857141819572551));
#9466=CARTESIAN_POINT('',(4.9436664904495,7.33123144187654,0.876380786819229));
#9467=CARTESIAN_POINT('',(4.95901774611937,7.32795985773298,0.898787017104745));
#9468=CARTESIAN_POINT('',(4.97941873341224,7.3233924375839,0.947999028824623));
#9469=CARTESIAN_POINT('',(4.98447146334231,7.32212300295699,0.974806014048345));
#9470=CARTESIAN_POINT('',(4.98447146334231,7.32212300295699,0.999999999999999));
#9471=CARTESIAN_POINT('',(4.98447146334231,7.32212300295699,1.02519398595165));
#9472=CARTESIAN_POINT('',(4.97941873341224,7.3233924375839,1.05200097117537));
#9473=CARTESIAN_POINT('',(4.95901774611937,7.32795985773298,1.10121298289525));
#9474=CARTESIAN_POINT('',(4.9436664904495,7.33123144187654,1.12361921318077));
#9475=CARTESIAN_POINT('',(4.92445839184374,7.3346658022872,1.14285818042745));
#9476=CARTESIAN_POINT('',(4.92287585331443,7.33494498843926,1.1443922868944));
#9477=CARTESIAN_POINT('',(4.92125968911858,7.33522592276239,1.14590744082801));
#9478=CARTESIAN_POINT('',(4.36931712199462,7.27470565392104,1.75));
#9479=CARTESIAN_POINT('',(4.36931712199462,6.99620472483071,1.75));
#9480=CARTESIAN_POINT('',(4.36931712199462,7.14723633564013,1.75));
#9481=VECTOR('',#11658,1.0);
#9482=CARTESIAN_POINT('',(4.43252889621835,7.29826794644956,1.89590744082802));
#9483=CARTESIAN_POINT('',(4.43252889621835,7.29826794644956,1.60409255917198));
#9484=CARTESIAN_POINT('',(4.43060612319045,7.29762422029834,1.60589515888564));
#9485=CARTESIAN_POINT('',(4.42872980409201,7.29698954234074,1.60772566402648));
#9486=CARTESIAN_POINT('',(4.40968151859828,7.29048627035376,1.6270446368615));
#9487=CARTESIAN_POINT('',(4.39456398017099,7.28475461508909,1.64918991405217));
#9488=CARTESIAN_POINT('',(4.37438620038989,7.2768491679473,1.69805635390451));
#9489=CARTESIAN_POINT('',(4.36931712199462,7.27470565392104,1.72477876075289));
#9490=CARTESIAN_POINT('',(4.36931712199462,7.27470565392104,1.7752212392471));
#9491=CARTESIAN_POINT('',(4.37438620038989,7.2768491679473,1.80194364609549));
#9492=CARTESIAN_POINT('',(4.39456398017099,7.28475461508909,1.85081008594783));
#9493=CARTESIAN_POINT('',(4.40968151859828,7.29048627035376,1.8729553631385));
#9494=CARTESIAN_POINT('',(4.42872980409201,7.29698954234074,1.89227433597352));
#9495=CARTESIAN_POINT('',(4.43060612319045,7.29762422029834,1.89410484111436));
#9496=CARTESIAN_POINT('',(4.43252889621835,7.29826794644956,1.89590744082802));
#9497=CARTESIAN_POINT('',(4.43252889621835,7.0294940016392,1.89590744082802));
#9498=CARTESIAN_POINT('',(4.43252889621835,7.29826794644956,1.89590744082802));
#9499=VECTOR('',#11659,0.268773944810352);
#9500=CARTESIAN_POINT('',(4.43252889621835,7.0294940016392,1.89590744082802));
#9501=CARTESIAN_POINT('',(4.43031335439498,7.02845886298243,1.89383037036861));
#9502=CARTESIAN_POINT('',(4.42815860338874,7.02743892233659,1.89171540522552));
#9503=CARTESIAN_POINT('',(4.4092893795736,7.01840280863363,1.87234845554374));
#9504=CARTESIAN_POINT('',(4.39441530355231,7.01043359698818,1.85050796598802));
#9505=CARTESIAN_POINT('',(4.37443772963296,6.99930938822117,1.80201051954603));
#9506=CARTESIAN_POINT('',(4.36931712199462,6.99620472483071,1.77534907994434));
#9507=CARTESIAN_POINT('',(4.36931712199462,6.99620472483071,1.72465092005566));
#9508=CARTESIAN_POINT('',(4.37443772963296,6.99930938822117,1.69798948045397));
#9509=CARTESIAN_POINT('',(4.39441530355231,7.01043359698818,1.64949203401198));
#9510=CARTESIAN_POINT('',(4.4092893795736,7.01840280863363,1.62765154445626));
#9511=CARTESIAN_POINT('',(4.42815860338874,7.02743892233659,1.60828459477448));
#9512=CARTESIAN_POINT('',(4.43031335439498,7.02845886298243,1.60616962963139));
#9513=CARTESIAN_POINT('',(4.43252889621835,7.0294940016392,1.60409255917198));
#9514=CARTESIAN_POINT('',(5.05757717067385,7.30152313901464,0.999999999999999));
#9515=CARTESIAN_POINT('',(5.05757717067385,7.03402944679324,0.999999999999999));
#9516=CARTESIAN_POINT('',(5.05757717067385,7.17685633490954,0.999999999999998));
#9517=VECTOR('',#11660,1.0);
#9518=CARTESIAN_POINT('',(4.99436539645012,7.31968322302584,0.85409255917198));
#9519=CARTESIAN_POINT('',(4.99436539645012,7.31968322302584,1.14590744082801));
#9520=CARTESIAN_POINT('',(4.99610551963493,7.31924470260821,1.14427607534225));
#9521=CARTESIAN_POINT('',(4.99780701108514,7.3188109359211,1.14262240711707));
#9522=CARTESIAN_POINT('',(5.01694825362118,7.31387989036887,1.12335326255743));
#9523=CARTESIAN_POINT('',(5.03220471449123,7.30940470363034,1.10105460363263));
#9524=CARTESIAN_POINT('',(5.05251641078881,7.30321224797157,1.0519826339899));
#9525=CARTESIAN_POINT('',(5.05757717067385,7.30152313901464,1.02520806059704));
#9526=CARTESIAN_POINT('',(5.05757717067385,7.30152313901464,0.999999999999999));
#9527=CARTESIAN_POINT('',(5.05757717067385,7.30152313901464,0.974791939402959));
#9528=CARTESIAN_POINT('',(5.05251641078881,7.30321224797157,0.948017366010098));
#9529=CARTESIAN_POINT('',(5.03220471449123,7.30940470363034,0.898945396367371));
#9530=CARTESIAN_POINT('',(5.01694825362118,7.31387989036887,0.876646737442567));
#9531=CARTESIAN_POINT('',(4.99780701108514,7.3188109359211,0.85737759288293));
#9532=CARTESIAN_POINT('',(4.99610551963493,7.31924470260821,0.855723924657744));
#9533=CARTESIAN_POINT('',(4.99436539645012,7.31968322302584,0.854092559171981));
#9534=CARTESIAN_POINT('',(4.99436539645012,7.05907372890115,0.85409255917198));
#9535=CARTESIAN_POINT('',(4.99436539645012,7.31968322302584,0.85409255917198));
#9536=VECTOR('',#11661,0.260609494124691);
#9537=CARTESIAN_POINT('',(4.99436539645012,7.05907372890115,0.854092559171981));
#9538=CARTESIAN_POINT('',(4.99623877444488,7.05842811373064,0.855848851042067));
#9539=CARTESIAN_POINT('',(4.99806757435762,7.05778955453119,0.857631180964529));
#9540=CARTESIAN_POINT('',(5.01710744467184,7.05106247722394,0.876902508435146));
#9541=CARTESIAN_POINT('',(5.03224893854924,7.04493839936096,0.899040452087877));
#9542=CARTESIAN_POINT('',(5.05247857355834,7.03640016296091,0.947937705074183));
#9543=CARTESIAN_POINT('',(5.05757717067385,7.03402944679324,0.974700264052515));
#9544=CARTESIAN_POINT('',(5.05757717067385,7.03402944679324,0.999999999999999));
#9545=CARTESIAN_POINT('',(5.05757717067385,7.03402944679324,1.02529973594748));
#9546=CARTESIAN_POINT('',(5.05247857355834,7.03640016296091,1.05206229492582));
#9547=CARTESIAN_POINT('',(5.03224893854924,7.04493839936096,1.10095954791212));
#9548=CARTESIAN_POINT('',(5.01710744467184,7.05106247722394,1.12309749156485));
#9549=CARTESIAN_POINT('',(4.99806757435762,7.05778955453119,1.14236881903547));
#9550=CARTESIAN_POINT('',(4.99623877444488,7.05842811373064,1.14415114895793));
#9551=CARTESIAN_POINT('',(4.99436539645012,7.05907372890115,1.14590744082801));
#9552=CARTESIAN_POINT('',(4.44242282932615,7.03402944679324,1.75));
#9553=CARTESIAN_POINT('',(4.44242282932615,7.30152313901464,1.75));
#9554=CARTESIAN_POINT('',(4.44242282932615,7.17685633490954,1.75));
#9555=VECTOR('',#11662,1.0);
#9556=CARTESIAN_POINT('',(4.50563460354989,7.05907372890115,1.89590744082801));
#9557=CARTESIAN_POINT('',(4.50563460354989,7.05907372890115,1.60409255917198));
#9558=CARTESIAN_POINT('',(4.50376122555513,7.05842811373064,1.60584885104207));
#9559=CARTESIAN_POINT('',(4.50193242564239,7.05778955453119,1.60763118096453));
#9560=CARTESIAN_POINT('',(4.48289255532817,7.05106247722394,1.62690250843515));
#9561=CARTESIAN_POINT('',(4.46775106145077,7.04493839936096,1.64904045208788));
#9562=CARTESIAN_POINT('',(4.44752142644166,7.03640016296091,1.69793770507418));
#9563=CARTESIAN_POINT('',(4.44242282932615,7.03402944679324,1.72470026405251));
#9564=CARTESIAN_POINT('',(4.44242282932615,7.03402944679324,1.77529973594748));
#9565=CARTESIAN_POINT('',(4.44752142644166,7.03640016296091,1.80206229492581));
#9566=CARTESIAN_POINT('',(4.46775106145077,7.04493839936096,1.85095954791212));
#9567=CARTESIAN_POINT('',(4.48289255532817,7.05106247722394,1.87309749156485));
#9568=CARTESIAN_POINT('',(4.50193242564239,7.05778955453119,1.89236881903547));
#9569=CARTESIAN_POINT('',(4.50376122555513,7.05842811373064,1.89415114895793));
#9570=CARTESIAN_POINT('',(4.50563460354989,7.05907372890115,1.89590744082801));
#9571=CARTESIAN_POINT('',(4.50563460354989,7.31968322302584,1.89590744082801));
#9572=CARTESIAN_POINT('',(4.50563460354989,7.05907372890115,1.89590744082801));
#9573=VECTOR('',#11663,0.260609494124691);
#9574=CARTESIAN_POINT('',(4.50563460354989,7.31968322302584,1.89590744082801));
#9575=CARTESIAN_POINT('',(4.50389448036507,7.31924470260821,1.89427607534225));
#9576=CARTESIAN_POINT('',(4.50219298891487,7.3188109359211,1.89262240711707));
#9577=CARTESIAN_POINT('',(4.48305174637883,7.31387989036887,1.87335326255743));
#9578=CARTESIAN_POINT('',(4.46779528550877,7.30940470363034,1.85105460363263));
#9579=CARTESIAN_POINT('',(4.4474835892112,7.30321224797157,1.8019826339899));
#9580=CARTESIAN_POINT('',(4.44242282932615,7.30152313901464,1.77520806059704));
#9581=CARTESIAN_POINT('',(4.44242282932615,7.30152313901464,1.72479193940296));
#9582=CARTESIAN_POINT('',(4.4474835892112,7.30321224797157,1.6980173660101));
#9583=CARTESIAN_POINT('',(4.46779528550877,7.30940470363034,1.64894539636737));
#9584=CARTESIAN_POINT('',(4.48305174637883,7.31387989036887,1.62664673744257));
#9585=CARTESIAN_POINT('',(4.50219298891487,7.3188109359211,1.60737759288293));
#9586=CARTESIAN_POINT('',(4.50389448036508,7.31924470260821,1.60572392465774));
#9587=CARTESIAN_POINT('',(4.50563460354989,7.31968322302584,1.60409255917198));
#9588=CARTESIAN_POINT('',(3.75000000000001,6.35,-4.4));
#9589=CARTESIAN_POINT('',(3.75000000000001,6.35,5.4));
#9590=CARTESIAN_POINT('',(3.75000000000001,6.35,0.499999999999999));
#9591=VECTOR('',#11664,1.0);
#9592=CARTESIAN_POINT('',(4.75000000000001,7.35,5.4));
#9593=AXIS2_PLACEMENT_3D('',#11665,#11666,#11667);
#9594=CARTESIAN_POINT('',(4.9702276260018,7.3254485085055,5.39999999999999));
#9595=AXIS2_PLACEMENT_3D('',#11668,#11669,#11670);
#9596=CARTESIAN_POINT('',(4.43252889621835,7.29826794644956,4.89590744082802));
#9597=AXIS2_PLACEMENT_3D('',#11671,#11672,#11673);
#9598=CARTESIAN_POINT('',(4.36931712199462,7.27470565392104,4.75));
#9599=CARTESIAN_POINT('',(4.43252889621835,7.29826794644956,4.60409255917198));
#9600=CARTESIAN_POINT('',(4.43060612319045,7.29762422029834,4.60589515888564));
#9601=CARTESIAN_POINT('',(4.42872980409201,7.29698954234074,4.60772566402648));
#9602=CARTESIAN_POINT('',(4.40968151859828,7.29048627035376,4.6270446368615));
#9603=CARTESIAN_POINT('',(4.39456398017099,7.28475461508909,4.64918991405218));
#9604=CARTESIAN_POINT('',(4.37438620038989,7.2768491679473,4.69805635390451));
#9605=CARTESIAN_POINT('',(4.36931712199462,7.27470565392104,4.7247787607529));
#9606=CARTESIAN_POINT('',(4.36931712199462,7.27470565392104,4.77522123924711));
#9607=CARTESIAN_POINT('',(4.37438620038989,7.2768491679473,4.80194364609549));
#9608=CARTESIAN_POINT('',(4.39456398017099,7.28475461508909,4.85081008594783));
#9609=CARTESIAN_POINT('',(4.40968151859828,7.29048627035376,4.8729553631385));
#9610=CARTESIAN_POINT('',(4.42872980409201,7.29698954234074,4.89227433597353));
#9611=CARTESIAN_POINT('',(4.43060612319045,7.29762422029834,4.89410484111436));
#9612=CARTESIAN_POINT('',(4.43252889621835,7.29826794644956,4.89590744082802));
#9613=CARTESIAN_POINT('',(4.43252889621835,7.29826794644956,4.60409255917198));
#9614=CARTESIAN_POINT('',(4.43252889621835,7.29826794644956,4.60409255917198));
#9615=CARTESIAN_POINT('',(4.43060612319045,7.29762422029834,4.60589515888564));
#9616=CARTESIAN_POINT('',(4.42872980409201,7.29698954234074,4.60772566402648));
#9617=CARTESIAN_POINT('',(4.40968151859828,7.29048627035376,4.6270446368615));
#9618=CARTESIAN_POINT('',(4.39456398017099,7.28475461508909,4.64918991405218));
#9619=CARTESIAN_POINT('',(4.37438620038989,7.2768491679473,4.69805635390451));
#9620=CARTESIAN_POINT('',(4.36931712199462,7.27470565392104,4.7247787607529));
#9621=CARTESIAN_POINT('',(4.36931712199462,7.27470565392104,4.77522123924711));
#9622=CARTESIAN_POINT('',(4.37438620038989,7.2768491679473,4.80194364609549));
#9623=CARTESIAN_POINT('',(4.39456398017099,7.28475461508909,4.85081008594783));
#9624=CARTESIAN_POINT('',(4.40968151859828,7.29048627035376,4.8729553631385));
#9625=CARTESIAN_POINT('',(4.42872980409201,7.29698954234074,4.89227433597353));
#9626=CARTESIAN_POINT('',(4.43060612319045,7.29762422029834,4.89410484111436));
#9627=CARTESIAN_POINT('',(4.43252889621835,7.29826794644956,4.89590744082802));
#9628=CARTESIAN_POINT('',(4.92125968911858,7.33522592276239,4.14590744082801));
#9629=AXIS2_PLACEMENT_3D('',#11674,#11675,#11676);
#9630=CARTESIAN_POINT('',(4.98447146334232,7.32212300295699,4.0));
#9631=CARTESIAN_POINT('',(4.92125968911858,7.33522592276239,3.85409255917198));
#9632=CARTESIAN_POINT('',(4.92287585331443,7.33494498843926,3.85560771310559));
#9633=CARTESIAN_POINT('',(4.92445839184374,7.3346658022872,3.85714181957255));
#9634=CARTESIAN_POINT('',(4.9436664904495,7.33123144187654,3.87638078681923));
#9635=CARTESIAN_POINT('',(4.95901774611937,7.32795985773298,3.89878701710475));
#9636=CARTESIAN_POINT('',(4.97941873341224,7.3233924375839,3.94799902882462));
#9637=CARTESIAN_POINT('',(4.98447146334232,7.32212300295699,3.97480601404835));
#9638=CARTESIAN_POINT('',(4.98447146334232,7.32212300295699,4.0));
#9639=CARTESIAN_POINT('',(4.98447146334232,7.32212300295699,4.02519398595165));
#9640=CARTESIAN_POINT('',(4.97941873341224,7.3233924375839,4.05200097117537));
#9641=CARTESIAN_POINT('',(4.95901774611937,7.32795985773298,4.10121298289525));
#9642=CARTESIAN_POINT('',(4.9436664904495,7.33123144187654,4.12361921318077));
#9643=CARTESIAN_POINT('',(4.92445839184374,7.3346658022872,4.14285818042744));
#9644=CARTESIAN_POINT('',(4.92287585331443,7.33494498843926,4.1443922868944));
#9645=CARTESIAN_POINT('',(4.92125968911858,7.33522592276239,4.14590744082801));
#9646=CARTESIAN_POINT('',(4.92125968911858,7.33522592276239,3.85409255917198));
#9647=CARTESIAN_POINT('',(4.92125968911858,7.33522592276239,3.85409255917198));
#9648=CARTESIAN_POINT('',(4.92287585331443,7.33494498843926,3.85560771310559));
#9649=CARTESIAN_POINT('',(4.92445839184374,7.3346658022872,3.85714181957255));
#9650=CARTESIAN_POINT('',(4.9436664904495,7.33123144187654,3.87638078681923));
#9651=CARTESIAN_POINT('',(4.95901774611937,7.32795985773298,3.89878701710475));
#9652=CARTESIAN_POINT('',(4.97941873341224,7.3233924375839,3.94799902882462));
#9653=CARTESIAN_POINT('',(4.98447146334232,7.32212300295699,3.97480601404835));
#9654=CARTESIAN_POINT('',(4.98447146334232,7.32212300295699,4.0));
#9655=CARTESIAN_POINT('',(4.98447146334232,7.32212300295699,4.02519398595165));
#9656=CARTESIAN_POINT('',(4.97941873341224,7.3233924375839,4.05200097117537));
#9657=CARTESIAN_POINT('',(4.95901774611937,7.32795985773298,4.10121298289525));
#9658=CARTESIAN_POINT('',(4.9436664904495,7.33123144187654,4.12361921318077));
#9659=CARTESIAN_POINT('',(4.92445839184374,7.3346658022872,4.14285818042744));
#9660=CARTESIAN_POINT('',(4.92287585331443,7.33494498843926,4.1443922868944));
#9661=CARTESIAN_POINT('',(4.92125968911858,7.33522592276239,4.14590744082801));
#9662=CARTESIAN_POINT('',(4.43252889621835,7.29826794644956,3.39590744082801));
#9663=AXIS2_PLACEMENT_3D('',#11677,#11678,#11679);
#9664=CARTESIAN_POINT('',(4.36931712199462,7.27470565392104,3.25));
#9665=CARTESIAN_POINT('',(4.43252889621835,7.29826794644956,3.10409255917198));
#9666=CARTESIAN_POINT('',(4.43060612319045,7.29762422029834,3.10589515888564));
#9667=CARTESIAN_POINT('',(4.42872980409201,7.29698954234074,3.10772566402648));
#9668=CARTESIAN_POINT('',(4.40968151859828,7.29048627035376,3.1270446368615));
#9669=CARTESIAN_POINT('',(4.39456398017099,7.28475461508909,3.14918991405217));
#9670=CARTESIAN_POINT('',(4.37438620038989,7.2768491679473,3.19805635390451));
#9671=CARTESIAN_POINT('',(4.36931712199462,7.27470565392104,3.22477876075289));
#9672=CARTESIAN_POINT('',(4.36931712199462,7.27470565392104,3.27522123924711));
#9673=CARTESIAN_POINT('',(4.37438620038989,7.2768491679473,3.30194364609549));
#9674=CARTESIAN_POINT('',(4.39456398017099,7.28475461508909,3.35081008594783));
#9675=CARTESIAN_POINT('',(4.40968151859828,7.29048627035376,3.3729553631385));
#9676=CARTESIAN_POINT('',(4.428729804092,7.29698954234074,3.39227433597352));
#9677=CARTESIAN_POINT('',(4.43060612319045,7.29762422029834,3.39410484111436));
#9678=CARTESIAN_POINT('',(4.43252889621835,7.29826794644955,3.39590744082801));
#9679=CARTESIAN_POINT('',(4.43252889621835,7.29826794644956,3.10409255917198));
#9680=CARTESIAN_POINT('',(4.43252889621835,7.29826794644956,3.10409255917198));
#9681=CARTESIAN_POINT('',(4.43060612319045,7.29762422029834,3.10589515888564));
#9682=CARTESIAN_POINT('',(4.42872980409201,7.29698954234074,3.10772566402648));
#9683=CARTESIAN_POINT('',(4.40968151859828,7.29048627035376,3.1270446368615));
#9684=CARTESIAN_POINT('',(4.39456398017099,7.28475461508909,3.14918991405217));
#9685=CARTESIAN_POINT('',(4.37438620038989,7.2768491679473,3.19805635390451));
#9686=CARTESIAN_POINT('',(4.36931712199462,7.27470565392104,3.22477876075289));
#9687=CARTESIAN_POINT('',(4.36931712199462,7.27470565392104,3.27522123924711));
#9688=CARTESIAN_POINT('',(4.37438620038989,7.2768491679473,3.30194364609549));
#9689=CARTESIAN_POINT('',(4.39456398017099,7.28475461508909,3.35081008594783));
#9690=CARTESIAN_POINT('',(4.40968151859828,7.29048627035376,3.3729553631385));
#9691=CARTESIAN_POINT('',(4.428729804092,7.29698954234074,3.39227433597352));
#9692=CARTESIAN_POINT('',(4.43060612319045,7.29762422029834,3.39410484111436));
#9693=CARTESIAN_POINT('',(4.43252889621835,7.29826794644955,3.39590744082801));
#9694=CARTESIAN_POINT('',(4.92125968911858,7.33522592276239,2.64590744082801));
#9695=AXIS2_PLACEMENT_3D('',#11680,#11681,#11682);
#9696=CARTESIAN_POINT('',(4.98447146334231,7.32212300295699,2.5));
#9697=CARTESIAN_POINT('',(4.92125968911858,7.33522592276239,2.35409255917198));
#9698=CARTESIAN_POINT('',(4.92287585331443,7.33494498843926,2.35560771310559));
#9699=CARTESIAN_POINT('',(4.92445839184374,7.3346658022872,2.35714181957255));
#9700=CARTESIAN_POINT('',(4.9436664904495,7.33123144187654,2.37638078681923));
#9701=CARTESIAN_POINT('',(4.95901774611937,7.32795985773298,2.39878701710475));
#9702=CARTESIAN_POINT('',(4.97941873341224,7.3233924375839,2.44799902882463));
#9703=CARTESIAN_POINT('',(4.98447146334231,7.32212300295699,2.47480601404835));
#9704=CARTESIAN_POINT('',(4.98447146334231,7.32212300295699,2.5));
#9705=CARTESIAN_POINT('',(4.98447146334231,7.32212300295699,2.52519398595165));
#9706=CARTESIAN_POINT('',(4.97941873341224,7.3233924375839,2.55200097117538));
#9707=CARTESIAN_POINT('',(4.95901774611937,7.32795985773298,2.60121298289525));
#9708=CARTESIAN_POINT('',(4.9436664904495,7.33123144187654,2.62361921318077));
#9709=CARTESIAN_POINT('',(4.92445839184374,7.3346658022872,2.64285818042745));
#9710=CARTESIAN_POINT('',(4.92287585331443,7.33494498843926,2.64439228689441));
#9711=CARTESIAN_POINT('',(4.92125968911858,7.33522592276239,2.64590744082801));
#9712=CARTESIAN_POINT('',(4.92125968911858,7.33522592276239,2.35409255917198));
#9713=CARTESIAN_POINT('',(4.92125968911858,7.33522592276239,2.35409255917198));
#9714=CARTESIAN_POINT('',(4.92287585331443,7.33494498843926,2.35560771310559));
#9715=CARTESIAN_POINT('',(4.92445839184374,7.3346658022872,2.35714181957255));
#9716=CARTESIAN_POINT('',(4.9436664904495,7.33123144187654,2.37638078681923));
#9717=CARTESIAN_POINT('',(4.95901774611937,7.32795985773298,2.39878701710475));
#9718=CARTESIAN_POINT('',(4.97941873341224,7.3233924375839,2.44799902882463));
#9719=CARTESIAN_POINT('',(4.98447146334231,7.32212300295699,2.47480601404835));
#9720=CARTESIAN_POINT('',(4.98447146334231,7.32212300295699,2.5));
#9721=CARTESIAN_POINT('',(4.98447146334231,7.32212300295699,2.52519398595165));
#9722=CARTESIAN_POINT('',(4.97941873341224,7.3233924375839,2.55200097117538));
#9723=CARTESIAN_POINT('',(4.95901774611937,7.32795985773298,2.60121298289525));
#9724=CARTESIAN_POINT('',(4.9436664904495,7.33123144187654,2.62361921318077));
#9725=CARTESIAN_POINT('',(4.92445839184374,7.3346658022872,2.64285818042745));
#9726=CARTESIAN_POINT('',(4.92287585331443,7.33494498843926,2.64439228689441));
#9727=CARTESIAN_POINT('',(4.92125968911858,7.33522592276239,2.64590744082801));
#9728=AXIS2_PLACEMENT_3D('',#11683,#11684,#11685);
#9729=CARTESIAN_POINT('',(4.43252889621835,7.29826794644956,1.60409255917198));
#9730=CARTESIAN_POINT('',(4.43252889621835,7.29826794644956,1.60409255917198));
#9731=CARTESIAN_POINT('',(4.43060612319045,7.29762422029834,1.60589515888564));
#9732=CARTESIAN_POINT('',(4.42872980409201,7.29698954234074,1.60772566402648));
#9733=CARTESIAN_POINT('',(4.40968151859828,7.29048627035376,1.6270446368615));
#9734=CARTESIAN_POINT('',(4.39456398017099,7.28475461508909,1.64918991405217));
#9735=CARTESIAN_POINT('',(4.37438620038989,7.2768491679473,1.69805635390451));
#9736=CARTESIAN_POINT('',(4.36931712199462,7.27470565392104,1.72477876075289));
#9737=CARTESIAN_POINT('',(4.36931712199462,7.27470565392104,1.7752212392471));
#9738=CARTESIAN_POINT('',(4.37438620038989,7.2768491679473,1.80194364609549));
#9739=CARTESIAN_POINT('',(4.39456398017099,7.28475461508909,1.85081008594783));
#9740=CARTESIAN_POINT('',(4.40968151859828,7.29048627035376,1.8729553631385));
#9741=CARTESIAN_POINT('',(4.42872980409201,7.29698954234074,1.89227433597352));
#9742=CARTESIAN_POINT('',(4.43060612319045,7.29762422029834,1.89410484111436));
#9743=CARTESIAN_POINT('',(4.43252889621835,7.29826794644956,1.89590744082802));
#9744=CARTESIAN_POINT('',(4.92125968911858,7.33522592276239,1.14590744082801));
#9745=AXIS2_PLACEMENT_3D('',#11686,#11687,#11688);
#9746=CARTESIAN_POINT('',(4.92125968911858,7.33522592276239,0.854092559171981));
#9747=CARTESIAN_POINT('',(4.92287585331443,7.33494498843926,0.855607713105592));
#9748=CARTESIAN_POINT('',(4.92445839184374,7.3346658022872,0.857141819572551));
#9749=CARTESIAN_POINT('',(4.9436664904495,7.33123144187654,0.876380786819229));
#9750=CARTESIAN_POINT('',(4.95901774611937,7.32795985773298,0.898787017104745));
#9751=CARTESIAN_POINT('',(4.97941873341224,7.3233924375839,0.947999028824623));
#9752=CARTESIAN_POINT('',(4.98447146334231,7.32212300295699,0.974806014048345));
#9753=CARTESIAN_POINT('',(4.98447146334231,7.32212300295699,0.999999999999999));
#9754=CARTESIAN_POINT('',(4.98447146334231,7.32212300295699,1.02519398595165));
#9755=CARTESIAN_POINT('',(4.97941873341224,7.3233924375839,1.05200097117537));
#9756=CARTESIAN_POINT('',(4.95901774611937,7.32795985773298,1.10121298289525));
#9757=CARTESIAN_POINT('',(4.9436664904495,7.33123144187654,1.12361921318077));
#9758=CARTESIAN_POINT('',(4.92445839184374,7.3346658022872,1.14285818042745));
#9759=CARTESIAN_POINT('',(4.92287585331443,7.33494498843926,1.1443922868944));
#9760=CARTESIAN_POINT('',(4.92125968911858,7.33522592276239,1.14590744082801));
#9761=AXIS2_PLACEMENT_3D('',#11689,#11690,#11691);
#9762=CARTESIAN_POINT('',(4.43252889621835,7.29826794644956,0.10409255917198));
#9763=CARTESIAN_POINT('',(4.43252889621835,7.29826794644956,0.104092559171981));
#9764=CARTESIAN_POINT('',(4.43060612319045,7.29762422029834,0.10589515888564));
#9765=CARTESIAN_POINT('',(4.428729804092,7.29698954234074,0.107725664026476));
#9766=CARTESIAN_POINT('',(4.40968151859827,7.29048627035376,0.127044636861498));
#9767=CARTESIAN_POINT('',(4.39456398017099,7.28475461508909,0.149189914052174));
#9768=CARTESIAN_POINT('',(4.37438620038988,7.2768491679473,0.19805635390451));
#9769=CARTESIAN_POINT('',(4.36931712199462,7.27470565392104,0.224778760752894));
#9770=CARTESIAN_POINT('',(4.36931712199462,7.27470565392104,0.275221239247105));
#9771=CARTESIAN_POINT('',(4.37438620038988,7.2768491679473,0.301943646095488));
#9772=CARTESIAN_POINT('',(4.39456398017099,7.28475461508909,0.350810085947825));
#9773=CARTESIAN_POINT('',(4.40968151859827,7.29048627035376,0.3729553631385));
#9774=CARTESIAN_POINT('',(4.428729804092,7.29698954234074,0.392274335973521));
#9775=CARTESIAN_POINT('',(4.43060612319045,7.29762422029834,0.394104841114357));
#9776=CARTESIAN_POINT('',(4.43252889621835,7.29826794644955,0.395907440828014));
#9777=CARTESIAN_POINT('',(4.92125968911858,7.33522592276239,-0.35409255917199));
#9778=AXIS2_PLACEMENT_3D('',#11692,#11693,#11694);
#9779=CARTESIAN_POINT('',(4.92125968911858,7.33522592276239,-0.645907440828018));
#9780=CARTESIAN_POINT('',(4.92287585331443,7.33494498843926,-0.644392286894408));
#9781=CARTESIAN_POINT('',(4.92445839184374,7.3346658022872,-0.642858180427447));
#9782=CARTESIAN_POINT('',(4.9436664904495,7.33123144187654,-0.62361921318077));
#9783=CARTESIAN_POINT('',(4.95901774611936,7.32795985773298,-0.601212982895253));
#9784=CARTESIAN_POINT('',(4.97941873341224,7.3233924375839,-0.552000971175376));
#9785=CARTESIAN_POINT('',(4.98447146334231,7.32212300295699,-0.525193985951654));
#9786=CARTESIAN_POINT('',(4.98447146334231,7.32212300295699,-0.5));
#9787=CARTESIAN_POINT('',(4.98447146334231,7.32212300295699,-0.474806014048346));
#9788=CARTESIAN_POINT('',(4.97941873341224,7.3233924375839,-0.447999028824624));
#9789=CARTESIAN_POINT('',(4.95901774611936,7.32795985773298,-0.398787017104747));
#9790=CARTESIAN_POINT('',(4.9436664904495,7.33123144187654,-0.37638078681923));
#9791=CARTESIAN_POINT('',(4.92445839184374,7.3346658022872,-0.357141819572555));
#9792=CARTESIAN_POINT('',(4.92287585331443,7.33494498843926,-0.355607713105595));
#9793=CARTESIAN_POINT('',(4.92125968911858,7.33522592276239,-0.354092559171986));
#9794=AXIS2_PLACEMENT_3D('',#11695,#11696,#11697);
#9795=CARTESIAN_POINT('',(4.43252889621835,7.29826794644955,-1.39590744082802));
#9796=CARTESIAN_POINT('',(4.43252889621835,7.29826794644956,-1.39590744082802));
#9797=CARTESIAN_POINT('',(4.43060612319045,7.29762422029834,-1.39410484111436));
#9798=CARTESIAN_POINT('',(4.428729804092,7.29698954234074,-1.39227433597352));
#9799=CARTESIAN_POINT('',(4.40968151859827,7.29048627035376,-1.3729553631385));
#9800=CARTESIAN_POINT('',(4.39456398017099,7.28475461508909,-1.35081008594782));
#9801=CARTESIAN_POINT('',(4.37438620038988,7.2768491679473,-1.30194364609549));
#9802=CARTESIAN_POINT('',(4.36931712199461,7.27470565392104,-1.2752212392471));
#9803=CARTESIAN_POINT('',(4.36931712199461,7.27470565392104,-1.2247787607529));
#9804=CARTESIAN_POINT('',(4.37438620038988,7.2768491679473,-1.19805635390451));
#9805=CARTESIAN_POINT('',(4.39456398017099,7.28475461508909,-1.14918991405217));
#9806=CARTESIAN_POINT('',(4.40968151859827,7.29048627035376,-1.1270446368615));
#9807=CARTESIAN_POINT('',(4.428729804092,7.29698954234074,-1.10772566402648));
#9808=CARTESIAN_POINT('',(4.43060612319045,7.29762422029834,-1.10589515888564));
#9809=CARTESIAN_POINT('',(4.43252889621835,7.29826794644955,-1.10409255917199));
#9810=CARTESIAN_POINT('',(4.92125968911858,7.33522592276239,-1.85409255917199));
#9811=AXIS2_PLACEMENT_3D('',#11698,#11699,#11700);
#9812=CARTESIAN_POINT('',(4.92125968911858,7.33522592276239,-2.14590744082802));
#9813=CARTESIAN_POINT('',(4.92287585331443,7.33494498843926,-2.14439228689441));
#9814=CARTESIAN_POINT('',(4.92445839184373,7.3346658022872,-2.14285818042745));
#9815=CARTESIAN_POINT('',(4.94366649044949,7.33123144187654,-2.12361921318077));
#9816=CARTESIAN_POINT('',(4.95901774611936,7.32795985773298,-2.10121298289525));
#9817=CARTESIAN_POINT('',(4.97941873341224,7.3233924375839,-2.05200097117538));
#9818=CARTESIAN_POINT('',(4.98447146334231,7.32212300295699,-2.02519398595165));
#9819=CARTESIAN_POINT('',(4.98447146334231,7.32212300295699,-2.0));
#9820=CARTESIAN_POINT('',(4.98447146334231,7.32212300295699,-1.9747789108615));
#9821=CARTESIAN_POINT('',(4.97940796250512,7.32339522488054,-1.94794510038671));
#9822=CARTESIAN_POINT('',(4.95896682065913,7.32797093323829,-1.89869224202714));
#9823=CARTESIAN_POINT('',(4.94358616235174,7.33124790277728,-1.87627198653481));
#9824=CARTESIAN_POINT('',(4.92438110053821,7.33467943516146,-1.85706692472128));
#9825=CARTESIAN_POINT('',(4.92283641817476,7.33495184336421,-1.85557074266215));
#9826=CARTESIAN_POINT('',(4.92125968911858,7.33522592276239,-1.85409255917199));
#9827=AXIS2_PLACEMENT_3D('',#11701,#11702,#11703);
#9828=CARTESIAN_POINT('',(4.43252889621835,7.29826794644955,-2.89590744082802));
#9829=CARTESIAN_POINT('',(4.43252889621835,7.29826794644956,-2.89590744082802));
#9830=CARTESIAN_POINT('',(4.43095263604633,7.29774022951203,-2.89442969691675));
#9831=CARTESIAN_POINT('',(4.42940795728124,7.29721871475557,-2.89293354776124));
#9832=CARTESIAN_POINT('',(4.41038919339478,7.29074781887321,-2.87391478387479));
#9833=CARTESIAN_POINT('',(4.3950145672238,7.28492776854032,-2.85164845453607));
#9834=CARTESIAN_POINT('',(4.37448322443539,7.27689098359536,-2.80242389648163));
#9835=CARTESIAN_POINT('',(4.36931712199462,7.27470565392104,-2.77546446059978));
#9836=CARTESIAN_POINT('',(4.36931712199462,7.27470565392104,-2.7247787607529));
#9837=CARTESIAN_POINT('',(4.37438620038988,7.2768491679473,-2.69805635390451));
#9838=CARTESIAN_POINT('',(4.39456398017099,7.28475461508909,-2.64918991405218));
#9839=CARTESIAN_POINT('',(4.40968151859827,7.29048627035376,-2.6270446368615));
#9840=CARTESIAN_POINT('',(4.428729804092,7.29698954234074,-2.60772566402648));
#9841=CARTESIAN_POINT('',(4.43060612319044,7.29762422029834,-2.60589515888564));
#9842=CARTESIAN_POINT('',(4.43252889621835,7.29826794644955,-2.60409255917199));
#9843=CARTESIAN_POINT('',(4.92125968911858,7.33522592276239,-3.35409255917199));
#9844=AXIS2_PLACEMENT_3D('',#11704,#11705,#11706);
#9845=CARTESIAN_POINT('',(4.92125968911858,7.33522592276239,-3.64590744082802));
#9846=CARTESIAN_POINT('',(4.92283641817476,7.33495184336421,-3.64442925733785));
#9847=CARTESIAN_POINT('',(4.92438110053821,7.33467943516146,-3.64293307527873));
#9848=CARTESIAN_POINT('',(4.94358616235174,7.33124790277728,-3.6237280134652));
#9849=CARTESIAN_POINT('',(4.95896682065913,7.32797093323829,-3.60130775797286));
#9850=CARTESIAN_POINT('',(4.97940796250512,7.32339522488054,-3.55205489961329));
#9851=CARTESIAN_POINT('',(4.98447146334231,7.32212300295699,-3.52522108913851));
#9852=CARTESIAN_POINT('',(4.98447146334231,7.32212300295699,-3.5));
#9853=CARTESIAN_POINT('',(4.98447146334231,7.32212300295699,-3.47480601404835));
#9854=CARTESIAN_POINT('',(4.97941873341223,7.3233924375839,-3.44799902882463));
#9855=CARTESIAN_POINT('',(4.95901774611936,7.32795985773298,-3.39878701710475));
#9856=CARTESIAN_POINT('',(4.94366649044949,7.33123144187654,-3.37638078681923));
#9857=CARTESIAN_POINT('',(4.92445839184373,7.3346658022872,-3.35714181957256));
#9858=CARTESIAN_POINT('',(4.92287585331443,7.33494498843926,-3.3556077131056));
#9859=CARTESIAN_POINT('',(4.92125968911858,7.33522592276239,-3.35409255917199));
#9860=AXIS2_PLACEMENT_3D('',#11707,#11708,#11709);
#9861=CARTESIAN_POINT('',(4.43252889621835,7.29826794644955,-4.39590744082802));
#9862=CARTESIAN_POINT('',(4.43252889621835,7.29826794644956,-4.39590744082802));
#9863=CARTESIAN_POINT('',(4.43060612319045,7.29762422029834,-4.39410484111436));
#9864=CARTESIAN_POINT('',(4.428729804092,7.29698954234074,-4.39227433597353));
#9865=CARTESIAN_POINT('',(4.40968151859827,7.29048627035376,-4.37295536313851));
#9866=CARTESIAN_POINT('',(4.39456398017098,7.28475461508909,-4.35081008594783));
#9867=CARTESIAN_POINT('',(4.37438620038988,7.2768491679473,-4.30194364609549));
#9868=CARTESIAN_POINT('',(4.36931712199461,7.27470565392104,-4.27522123924711));
#9869=CARTESIAN_POINT('',(4.36931712199461,7.27470565392104,-4.22453553940023));
#9870=CARTESIAN_POINT('',(4.37448322443539,7.27689098359536,-4.19757610351837));
#9871=CARTESIAN_POINT('',(4.39501456722379,7.28492776854032,-4.14835154546393));
#9872=CARTESIAN_POINT('',(4.41038919339478,7.29074781887321,-4.12608521612522));
#9873=CARTESIAN_POINT('',(4.42940795728124,7.29721871475557,-4.10706645223876));
#9874=CARTESIAN_POINT('',(4.43095263604633,7.29774022951203,-4.10557030308325));
#9875=CARTESIAN_POINT('',(4.43252889621835,7.29826794644956,-4.10409255917199));
#9876=CARTESIAN_POINT('',(4.43689429266846,7.29971828245876,-4.4));
#9877=AXIS2_PLACEMENT_3D('',#11710,#11711,#11712);
#9878=AXIS2_PLACEMENT_3D('',#11713,#11714,#11715);
#9879=CARTESIAN_POINT('',(5.75,6.35,5.4));
#9880=CARTESIAN_POINT('',(5.75000000000001,6.35,-4.4));
#9881=CARTESIAN_POINT('',(5.75000000000001,6.35,0.499999999999998));
#9882=VECTOR('',#11716,1.0);
#9883=CARTESIAN_POINT('',(4.75000000000001,5.35,5.4));
#9884=AXIS2_PLACEMENT_3D('',#11717,#11718,#11719);
#9885=AXIS2_PLACEMENT_3D('',#11720,#11721,#11722);
#9886=CARTESIAN_POINT('',(4.75000000000001,5.35,-4.4));
#9887=AXIS2_PLACEMENT_3D('',#11723,#11724,#11725);
#9888=AXIS2_PLACEMENT_3D('',#11726,#11727,#11728);
#9889=CARTESIAN_POINT('',(4.98447146334231,7.06240657835124,2.5));
#9890=CARTESIAN_POINT('',(4.98447146334231,7.19881625055682,2.5));
#9891=VECTOR('',#11729,1.0);
#9892=CARTESIAN_POINT('',(4.92125968911858,7.08018498949445,2.35409255917198));
#9893=CARTESIAN_POINT('',(4.92125968911858,7.08018498949445,2.64590744082802));
#9894=CARTESIAN_POINT('',(4.92290729014714,7.07979855640694,2.64436281486374));
#9895=CARTESIAN_POINT('',(4.92451988544386,7.0794144501958,2.64279854667756));
#9896=CARTESIAN_POINT('',(4.94368056569368,7.0747862306299,2.62358256911097));
#9897=CARTESIAN_POINT('',(4.95899788786814,7.07035936781545,2.60124409805084));
#9898=CARTESIAN_POINT('',(4.97939054274942,7.0641502940195,2.55208568993495));
#9899=CARTESIAN_POINT('',(4.98447146334231,7.06240657835124,2.52526321641543));
#9900=CARTESIAN_POINT('',(4.98447146334231,7.06240657835124,2.5));
#9901=CARTESIAN_POINT('',(4.98447146334231,7.06240657835124,2.47473678358457));
#9902=CARTESIAN_POINT('',(4.97939054274942,7.0641502940195,2.44791431006505));
#9903=CARTESIAN_POINT('',(4.95899788786814,7.07035936781545,2.39875590194917));
#9904=CARTESIAN_POINT('',(4.94368056569368,7.0747862306299,2.37641743088904));
#9905=CARTESIAN_POINT('',(4.92451988544386,7.0794144501958,2.35720145332244));
#9906=CARTESIAN_POINT('',(4.92290729014714,7.07979855640694,2.35563718513626));
#9907=CARTESIAN_POINT('',(4.92125968911858,7.08018498949445,2.35409255917198));
#9908=CARTESIAN_POINT('',(4.92125968911858,7.08018498949445,2.35409255917198));
#9909=VECTOR('',#11730,0.255040933267944);
#9910=CARTESIAN_POINT('',(4.36931712199462,6.99620472483071,3.25));
#9911=CARTESIAN_POINT('',(4.36931712199462,7.14723633564013,3.25));
#9912=VECTOR('',#11731,1.0);
#9913=CARTESIAN_POINT('',(4.43252889621835,7.0294940016392,3.39590744082801));
#9914=CARTESIAN_POINT('',(4.43252889621835,7.29826794644956,3.39590744082801));
#9915=VECTOR('',#11732,0.268773944810352);
#9916=CARTESIAN_POINT('',(4.43252889621835,7.0294940016392,3.39590744082801));
#9917=CARTESIAN_POINT('',(4.43031335439498,7.02845886298243,3.39383037036861));
#9918=CARTESIAN_POINT('',(4.42815860338874,7.02743892233659,3.39171540522552));
#9919=CARTESIAN_POINT('',(4.4092893795736,7.01840280863363,3.37234845554374));
#9920=CARTESIAN_POINT('',(4.39441530355231,7.01043359698818,3.35050796598802));
#9921=CARTESIAN_POINT('',(4.37443772963296,6.99930938822117,3.30201051954603));
#9922=CARTESIAN_POINT('',(4.36931712199462,6.99620472483071,3.27534907994434));
#9923=CARTESIAN_POINT('',(4.36931712199462,6.99620472483071,3.22465092005566));
#9924=CARTESIAN_POINT('',(4.37443772963296,6.99930938822117,3.19798948045397));
#9925=CARTESIAN_POINT('',(4.39441530355231,7.01043359698818,3.14949203401198));
#9926=CARTESIAN_POINT('',(4.4092893795736,7.01840280863363,3.12765154445626));
#9927=CARTESIAN_POINT('',(4.42815860338874,7.02743892233659,3.10828459477448));
#9928=CARTESIAN_POINT('',(4.43031335439498,7.02845886298243,3.10616962963139));
#9929=CARTESIAN_POINT('',(4.43252889621835,7.02949400163921,3.10409255917198));
#9930=CARTESIAN_POINT('',(5.05757717067385,7.30152313901464,2.5));
#9931=CARTESIAN_POINT('',(5.05757717067385,7.03402944679325,2.5));
#9932=CARTESIAN_POINT('',(5.05757717067385,7.17685633490954,2.5));
#9933=VECTOR('',#11733,1.0);
#9934=CARTESIAN_POINT('',(4.99436539645012,7.31968322302584,2.35409255917198));
#9935=CARTESIAN_POINT('',(4.99436539645012,7.31968322302584,2.64590744082801));
#9936=CARTESIAN_POINT('',(4.99610551963494,7.31924470260821,2.64427607534225));
#9937=CARTESIAN_POINT('',(4.99780701108514,7.3188109359211,2.64262240711707));
#9938=CARTESIAN_POINT('',(5.01694825362118,7.31387989036887,2.62335326255743));
#9939=CARTESIAN_POINT('',(5.03220471449123,7.30940470363034,2.60105460363263));
#9940=CARTESIAN_POINT('',(5.05251641078881,7.30321224797157,2.5519826339899));
#9941=CARTESIAN_POINT('',(5.05757717067385,7.30152313901464,2.52520806059704));
#9942=CARTESIAN_POINT('',(5.05757717067385,7.30152313901464,2.5));
#9943=CARTESIAN_POINT('',(5.05757717067385,7.30152313901464,2.47479193940296));
#9944=CARTESIAN_POINT('',(5.05251641078881,7.30321224797157,2.4480173660101));
#9945=CARTESIAN_POINT('',(5.03220471449123,7.30940470363034,2.39894539636737));
#9946=CARTESIAN_POINT('',(5.01694825362118,7.31387989036887,2.37664673744257));
#9947=CARTESIAN_POINT('',(4.99780701108514,7.3188109359211,2.35737759288293));
#9948=CARTESIAN_POINT('',(4.99610551963493,7.31924470260821,2.35572392465774));
#9949=CARTESIAN_POINT('',(4.99436539645012,7.31968322302584,2.35409255917198));
#9950=CARTESIAN_POINT('',(4.99436539645012,7.05907372890115,2.35409255917198));
#9951=CARTESIAN_POINT('',(4.99436539645012,7.31968322302584,2.35409255917198));
#9952=VECTOR('',#11734,0.260609494124691);
#9953=CARTESIAN_POINT('',(4.99436539645012,7.05907372890115,2.35409255917198));
#9954=CARTESIAN_POINT('',(4.99623877444488,7.05842811373064,2.35584885104207));
#9955=CARTESIAN_POINT('',(4.99806757435762,7.05778955453119,2.35763118096453));
#9956=CARTESIAN_POINT('',(5.01710744467184,7.05106247722394,2.37690250843515));
#9957=CARTESIAN_POINT('',(5.03224893854924,7.04493839936096,2.39904045208788));
#9958=CARTESIAN_POINT('',(5.05247857355835,7.03640016296091,2.44793770507418));
#9959=CARTESIAN_POINT('',(5.05757717067385,7.03402944679324,2.47470026405252));
#9960=CARTESIAN_POINT('',(5.05757717067385,7.03402944679324,2.5));
#9961=CARTESIAN_POINT('',(5.05757717067385,7.03402944679324,2.52529973594748));
#9962=CARTESIAN_POINT('',(5.05247857355834,7.03640016296091,2.55206229492582));
#9963=CARTESIAN_POINT('',(5.03224893854924,7.04493839936096,2.60095954791212));
#9964=CARTESIAN_POINT('',(5.01710744467184,7.05106247722394,2.62309749156485));
#9965=CARTESIAN_POINT('',(4.99806757435762,7.05778955453119,2.64236881903547));
#9966=CARTESIAN_POINT('',(4.99623877444488,7.05842811373064,2.64415114895793));
#9967=CARTESIAN_POINT('',(4.99436539645012,7.05907372890115,2.64590744082801));
#9968=CARTESIAN_POINT('',(4.44242282932616,7.03402944679324,3.25));
#9969=CARTESIAN_POINT('',(4.44242282932616,7.30152313901464,3.25));
#9970=CARTESIAN_POINT('',(4.44242282932616,7.17685633490954,3.25));
#9971=VECTOR('',#11735,1.0);
#9972=CARTESIAN_POINT('',(4.50563460354989,7.05907372890115,3.39590744082801));
#9973=CARTESIAN_POINT('',(4.50563460354989,7.05907372890115,3.10409255917198));
#9974=CARTESIAN_POINT('',(4.50376122555513,7.05842811373064,3.10584885104207));
#9975=CARTESIAN_POINT('',(4.50193242564239,7.05778955453119,3.10763118096453));
#9976=CARTESIAN_POINT('',(4.48289255532817,7.05106247722394,3.12690250843515));
#9977=CARTESIAN_POINT('',(4.46775106145077,7.04493839936096,3.14904045208788));
#9978=CARTESIAN_POINT('',(4.44752142644166,7.03640016296091,3.19793770507418));
#9979=CARTESIAN_POINT('',(4.44242282932616,7.03402944679324,3.22470026405252));
#9980=CARTESIAN_POINT('',(4.44242282932616,7.03402944679324,3.27529973594748));
#9981=CARTESIAN_POINT('',(4.44752142644166,7.03640016296091,3.30206229492582));
#9982=CARTESIAN_POINT('',(4.46775106145077,7.04493839936096,3.35095954791212));
#9983=CARTESIAN_POINT('',(4.48289255532817,7.05106247722394,3.37309749156485));
#9984=CARTESIAN_POINT('',(4.50193242564239,7.05778955453119,3.39236881903547));
#9985=CARTESIAN_POINT('',(4.50376122555513,7.05842811373064,3.39415114895793));
#9986=CARTESIAN_POINT('',(4.50563460354989,7.05907372890115,3.39590744082801));
#9987=CARTESIAN_POINT('',(4.50563460354989,7.31968322302584,3.39590744082801));
#9988=CARTESIAN_POINT('',(4.50563460354989,7.05907372890115,3.39590744082801));
#9989=VECTOR('',#11736,0.260609494124691);
#9990=CARTESIAN_POINT('',(4.50563460354988,7.31968322302584,3.39590744082801));
#9991=CARTESIAN_POINT('',(4.50389448036507,7.31924470260821,3.39427607534225));
#9992=CARTESIAN_POINT('',(4.50219298891487,7.3188109359211,3.39262240711707));
#9993=CARTESIAN_POINT('',(4.48305174637883,7.31387989036887,3.37335326255743));
#9994=CARTESIAN_POINT('',(4.46779528550877,7.30940470363034,3.35105460363263));
#9995=CARTESIAN_POINT('',(4.4474835892112,7.30321224797157,3.3019826339899));
#9996=CARTESIAN_POINT('',(4.44242282932616,7.30152313901464,3.27520806059704));
#9997=CARTESIAN_POINT('',(4.44242282932616,7.30152313901464,3.22479193940296));
#9998=CARTESIAN_POINT('',(4.4474835892112,7.30321224797157,3.1980173660101));
#9999=CARTESIAN_POINT('',(4.46779528550877,7.30940470363034,3.14894539636737));
#10000=CARTESIAN_POINT('',(4.48305174637883,7.31387989036887,3.12664673744257));
#10001=CARTESIAN_POINT('',(4.50219298891487,7.3188109359211,3.10737759288293));
#10002=CARTESIAN_POINT('',(4.50389448036508,7.31924470260821,3.10572392465774));
#10003=CARTESIAN_POINT('',(4.50563460354989,7.31968322302584,3.10409255917198));
#10004=CARTESIAN_POINT('',(4.36931712199462,6.99620472483071,4.75));
#10005=CARTESIAN_POINT('',(4.36931712199462,7.14723633564013,4.75));
#10006=VECTOR('',#11737,1.0);
#10007=CARTESIAN_POINT('',(4.43252889621835,7.0294940016392,4.89590744082802));
#10008=CARTESIAN_POINT('',(4.43252889621835,7.29826794644956,4.89590744082802));
#10009=VECTOR('',#11738,0.268773944810352);
#10010=CARTESIAN_POINT('',(4.43252889621835,7.02949400163921,4.89590744082802));
#10011=CARTESIAN_POINT('',(4.43031335439498,7.02845886298244,4.89383037036861));
#10012=CARTESIAN_POINT('',(4.42815860338874,7.02743892233659,4.89171540522552));
#10013=CARTESIAN_POINT('',(4.4092893795736,7.01840280863364,4.87234845554374));
#10014=CARTESIAN_POINT('',(4.39441530355231,7.01043359698818,4.85050796598802));
#10015=CARTESIAN_POINT('',(4.37443772963296,6.99930938822117,4.80201051954603));
#10016=CARTESIAN_POINT('',(4.36931712199462,6.99620472483071,4.77534907994434));
#10017=CARTESIAN_POINT('',(4.36931712199462,6.99620472483071,4.72465092005566));
#10018=CARTESIAN_POINT('',(4.37443772963296,6.99930938822117,4.69798948045397));
#10019=CARTESIAN_POINT('',(4.39441530355231,7.01043359698818,4.64949203401198));
#10020=CARTESIAN_POINT('',(4.4092893795736,7.01840280863364,4.62765154445626));
#10021=CARTESIAN_POINT('',(4.42815860338874,7.02743892233659,4.60828459477448));
#10022=CARTESIAN_POINT('',(4.43031335439498,7.02845886298244,4.60616962963139));
#10023=CARTESIAN_POINT('',(4.43252889621835,7.02949400163921,4.60409255917198));
#10024=CARTESIAN_POINT('',(4.00000000000001,6.35,5.5));
#10025=CARTESIAN_POINT('',(4.00000000000001,6.35,-4.5));
#10026=CARTESIAN_POINT('',(4.00000000000001,6.35,0.500000000000002));
#10027=VECTOR('',#11739,1.0);
#10028=CARTESIAN_POINT('',(4.54356095933513,7.07102907187531,-4.5));
#10029=AXIS2_PLACEMENT_3D('',#11740,#11741,#11742);
#10030=CARTESIAN_POINT('',(4.43252889621835,7.0294940016392,-4.39590744082802));
#10031=AXIS2_PLACEMENT_3D('',#11743,#11744,#11745);
#10032=CARTESIAN_POINT('',(4.43252889621835,7.0294940016392,-4.10409255917198));
#10033=CARTESIAN_POINT('',(4.43031335439498,7.02845886298243,-4.1061696296314));
#10034=CARTESIAN_POINT('',(4.42815860338874,7.02743892233658,-4.10828459477448));
#10035=CARTESIAN_POINT('',(4.4092893795736,7.01840280863363,-4.12765154445627));
#10036=CARTESIAN_POINT('',(4.3944153035523,7.01043359698818,-4.14949203401198));
#10037=CARTESIAN_POINT('',(4.37443772963296,6.99930938822117,-4.19798948045398));
#10038=CARTESIAN_POINT('',(4.36931712199461,6.99620472483071,-4.22465092005566));
#10039=CARTESIAN_POINT('',(4.36931712199461,6.99620472483071,-4.27581033489936));
#10040=CARTESIAN_POINT('',(4.37462229489858,6.99942343096399,-4.30290956182737));
#10041=CARTESIAN_POINT('',(4.39525267739633,7.01088955143707,-4.3520634483922));
#10042=CARTESIAN_POINT('',(4.4105969908773,7.01908334546132,-4.37412258135731));
#10043=CARTESIAN_POINT('',(4.42940812410917,7.02802924245381,-4.39293371458918));
#10044=CARTESIAN_POINT('',(4.43095279136401,7.02875761876227,-4.39442984252708));
#10045=CARTESIAN_POINT('',(4.43252889621835,7.0294940016392,-4.39590744082802));
#10046=AXIS2_PLACEMENT_3D('',#11746,#11747,#11748);
#10047=CARTESIAN_POINT('',(4.92125968911858,7.08018498949445,-3.35409255917199));
#10048=CARTESIAN_POINT('',(4.92125968911858,7.08018498949445,-3.35409255917199));
#10049=CARTESIAN_POINT('',(4.92290729014714,7.07979855640694,-3.35563718513626));
#10050=CARTESIAN_POINT('',(4.92451988544386,7.0794144501958,-3.35720145332245));
#10051=CARTESIAN_POINT('',(4.94368056569367,7.0747862306299,-3.37641743088904));
#10052=CARTESIAN_POINT('',(4.95899788786814,7.07035936781544,-3.39875590194917));
#10053=CARTESIAN_POINT('',(4.97939054274942,7.0641502940195,-3.44791431006505));
#10054=CARTESIAN_POINT('',(4.98447146334231,7.06240657835124,-3.47473678358457));
#10055=CARTESIAN_POINT('',(4.98447146334231,7.06240657835124,-3.5));
#10056=CARTESIAN_POINT('',(4.98447146334231,7.06240657835124,-3.52526321641544));
#10057=CARTESIAN_POINT('',(4.97939054274942,7.0641502940195,-3.55208568993496));
#10058=CARTESIAN_POINT('',(4.95899788786814,7.07035936781544,-3.60124409805084));
#10059=CARTESIAN_POINT('',(4.94368056569367,7.0747862306299,-3.62358256911097));
#10060=CARTESIAN_POINT('',(4.92451988544386,7.0794144501958,-3.64279854667756));
#10061=CARTESIAN_POINT('',(4.92290729014714,7.07979855640694,-3.64436281486375));
#10062=CARTESIAN_POINT('',(4.92125968911858,7.08018498949445,-3.64590744082802));
#10063=CARTESIAN_POINT('',(4.43252889621835,7.0294940016392,-2.89590744082802));
#10064=AXIS2_PLACEMENT_3D('',#11749,#11750,#11751);
#10065=CARTESIAN_POINT('',(4.43252889621835,7.0294940016392,-2.60409255917199));
#10066=CARTESIAN_POINT('',(4.43095279136401,7.02875761876227,-2.60557015747293));
#10067=CARTESIAN_POINT('',(4.42940812410917,7.02802924245381,-2.60706628541082));
#10068=CARTESIAN_POINT('',(4.4105969908773,7.01908334546132,-2.6258774186427));
#10069=CARTESIAN_POINT('',(4.39525267739633,7.01088955143707,-2.64793655160781));
#10070=CARTESIAN_POINT('',(4.37462229489858,6.99942343096399,-2.69709043817263));
#10071=CARTESIAN_POINT('',(4.36931712199462,6.99620472483071,-2.72418966510064));
#10072=CARTESIAN_POINT('',(4.36931712199462,6.99620472483071,-2.77534907994434));
#10073=CARTESIAN_POINT('',(4.37443772963296,6.99930938822117,-2.80201051954603));
#10074=CARTESIAN_POINT('',(4.3944153035523,7.01043359698818,-2.85050796598802));
#10075=CARTESIAN_POINT('',(4.4092893795736,7.01840280863363,-2.87234845554374));
#10076=CARTESIAN_POINT('',(4.42815860338874,7.02743892233658,-2.89171540522552));
#10077=CARTESIAN_POINT('',(4.43031335439498,7.02845886298243,-2.89383037036861));
#10078=CARTESIAN_POINT('',(4.43252889621835,7.0294940016392,-2.89590744082802));
#10079=AXIS2_PLACEMENT_3D('',#11752,#11753,#11754);
#10080=CARTESIAN_POINT('',(4.92125968911858,7.08018498949445,-1.85409255917199));
#10081=CARTESIAN_POINT('',(4.92125968911858,7.08018498949445,-1.85409255917199));
#10082=CARTESIAN_POINT('',(4.92290729014714,7.07979855640694,-1.85563718513626));
#10083=CARTESIAN_POINT('',(4.92451988544386,7.0794144501958,-1.85720145332244));
#10084=CARTESIAN_POINT('',(4.94368056569367,7.0747862306299,-1.87641743088904));
#10085=CARTESIAN_POINT('',(4.95899788786814,7.07035936781544,-1.89875590194917));
#10086=CARTESIAN_POINT('',(4.97939054274942,7.0641502940195,-1.94791431006505));
#10087=CARTESIAN_POINT('',(4.98447146334231,7.06240657835124,-1.97473678358457));
#10088=CARTESIAN_POINT('',(4.98447146334231,7.06240657835124,-2.0));
#10089=CARTESIAN_POINT('',(4.98447146334231,7.06240657835124,-2.02531220482829));
#10090=CARTESIAN_POINT('',(4.97937104319851,7.06415718653874,-2.05218280094517));
#10091=CARTESIAN_POINT('',(4.95890632072842,7.07038641673847,-2.10141432716065));
#10092=CARTESIAN_POINT('',(4.94353636715852,7.07482624644061,-2.12377780865842));
#10093=CARTESIAN_POINT('',(4.92438118389063,7.07944747634276,-2.14293299192631));
#10094=CARTESIAN_POINT('',(4.92283650603843,7.07981515831553,-2.14442917496566));
#10095=CARTESIAN_POINT('',(4.92125968911858,7.08018498949445,-2.14590744082802));
#10096=CARTESIAN_POINT('',(4.43252889621835,7.0294940016392,-1.39590744082802));
#10097=AXIS2_PLACEMENT_3D('',#11755,#11756,#11757);
#10098=CARTESIAN_POINT('',(4.43252889621835,7.0294940016392,-1.10409255917199));
#10099=CARTESIAN_POINT('',(4.43031335439498,7.02845886298243,-1.10616962963139));
#10100=CARTESIAN_POINT('',(4.42815860338874,7.02743892233658,-1.10828459477448));
#10101=CARTESIAN_POINT('',(4.4092893795736,7.01840280863363,-1.12765154445626));
#10102=CARTESIAN_POINT('',(4.3944153035523,7.01043359698818,-1.14949203401198));
#10103=CARTESIAN_POINT('',(4.37443772963296,6.99930938822117,-1.19798948045397));
#10104=CARTESIAN_POINT('',(4.36931712199461,6.99620472483071,-1.22465092005566));
#10105=CARTESIAN_POINT('',(4.36931712199461,6.99620472483071,-1.27534907994434));
#10106=CARTESIAN_POINT('',(4.37443772963296,6.99930938822117,-1.30201051954603));
#10107=CARTESIAN_POINT('',(4.3944153035523,7.01043359698818,-1.35050796598802));
#10108=CARTESIAN_POINT('',(4.4092893795736,7.01840280863363,-1.37234845554374));
#10109=CARTESIAN_POINT('',(4.42815860338874,7.02743892233659,-1.39171540522552));
#10110=CARTESIAN_POINT('',(4.43031335439498,7.02845886298243,-1.39383037036861));
#10111=CARTESIAN_POINT('',(4.43252889621835,7.0294940016392,-1.39590744082802));
#10112=AXIS2_PLACEMENT_3D('',#11758,#11759,#11760);
#10113=CARTESIAN_POINT('',(4.92125968911858,7.08018498949445,-0.35409255917199));
#10114=CARTESIAN_POINT('',(4.92125968911858,7.08018498949445,-0.354092559171986));
#10115=CARTESIAN_POINT('',(4.92290729014714,7.07979855640694,-0.355637185136258));
#10116=CARTESIAN_POINT('',(4.92451988544386,7.0794144501958,-0.357201453322444));
#10117=CARTESIAN_POINT('',(4.94368056569368,7.0747862306299,-0.376417430889036));
#10118=CARTESIAN_POINT('',(4.95899788786814,7.07035936781544,-0.398755901949165));
#10119=CARTESIAN_POINT('',(4.97939054274942,7.0641502940195,-0.447914310065046));
#10120=CARTESIAN_POINT('',(4.98447146334231,7.06240657835124,-0.474736783584569));
#10121=CARTESIAN_POINT('',(4.98447146334231,7.06240657835124,-0.5));
#10122=CARTESIAN_POINT('',(4.98447146334231,7.06240657835124,-0.525263216415431));
#10123=CARTESIAN_POINT('',(4.97939054274942,7.0641502940195,-0.552085689934954));
#10124=CARTESIAN_POINT('',(4.95899788786814,7.07035936781544,-0.601244098050834));
#10125=CARTESIAN_POINT('',(4.94368056569368,7.0747862306299,-0.623582569110964));
#10126=CARTESIAN_POINT('',(4.92451988544386,7.0794144501958,-0.642798546677558));
#10127=CARTESIAN_POINT('',(4.92290729014714,7.07979855640694,-0.644362814863744));
#10128=CARTESIAN_POINT('',(4.92125968911858,7.08018498949445,-0.645907440828018));
#10129=CARTESIAN_POINT('',(4.43252889621835,7.0294940016392,0.10409255917198));
#10130=AXIS2_PLACEMENT_3D('',#11761,#11762,#11763);
#10131=CARTESIAN_POINT('',(4.43252889621835,7.0294940016392,0.395907440828014));
#10132=CARTESIAN_POINT('',(4.43031335439498,7.02845886298243,0.393830370368604));
#10133=CARTESIAN_POINT('',(4.42815860338874,7.02743892233659,0.391715405225517));
#10134=CARTESIAN_POINT('',(4.4092893795736,7.01840280863363,0.372348455543738));
#10135=CARTESIAN_POINT('',(4.3944153035523,7.01043359698818,0.350507965988018));
#10136=CARTESIAN_POINT('',(4.37443772963296,6.99930938822117,0.302010519546027));
#10137=CARTESIAN_POINT('',(4.36931712199462,6.99620472483071,0.275349079944342));
#10138=CARTESIAN_POINT('',(4.36931712199462,6.99620472483071,0.224650920055656));
#10139=CARTESIAN_POINT('',(4.37443772963296,6.99930938822117,0.197989480453971));
#10140=CARTESIAN_POINT('',(4.3944153035523,7.01043359698818,0.14949203401198));
#10141=CARTESIAN_POINT('',(4.4092893795736,7.01840280863363,0.12765154445626));
#10142=CARTESIAN_POINT('',(4.42815860338874,7.02743892233659,0.10828459477448));
#10143=CARTESIAN_POINT('',(4.43031335439498,7.02845886298243,0.106169629631393));
#10144=CARTESIAN_POINT('',(4.43252889621835,7.0294940016392,0.104092559171982));
#10145=AXIS2_PLACEMENT_3D('',#11764,#11765,#11766);
#10146=CARTESIAN_POINT('',(4.92125968911858,7.08018498949445,1.14590744082801));
#10147=CARTESIAN_POINT('',(4.92125968911858,7.08018498949445,1.14590744082801));
#10148=CARTESIAN_POINT('',(4.92290729014714,7.07979855640694,1.14436281486374));
#10149=CARTESIAN_POINT('',(4.92451988544386,7.0794144501958,1.14279854667756));
#10150=CARTESIAN_POINT('',(4.94368056569368,7.0747862306299,1.12358256911096));
#10151=CARTESIAN_POINT('',(4.95899788786815,7.07035936781545,1.10124409805083));
#10152=CARTESIAN_POINT('',(4.97939054274942,7.0641502940195,1.05208568993495));
#10153=CARTESIAN_POINT('',(4.98447146334231,7.06240657835124,1.02526321641543));
#10154=CARTESIAN_POINT('',(4.98447146334231,7.06240657835124,0.999999999999999));
#10155=CARTESIAN_POINT('',(4.98447146334231,7.06240657835124,0.974736783584568));
#10156=CARTESIAN_POINT('',(4.97939054274942,7.0641502940195,0.947914310065045));
#10157=CARTESIAN_POINT('',(4.95899788786814,7.07035936781545,0.898755901949164));
#10158=CARTESIAN_POINT('',(4.94368056569368,7.0747862306299,0.876417430889035));
#10159=CARTESIAN_POINT('',(4.92451988544386,7.0794144501958,0.857201453322442));
#10160=CARTESIAN_POINT('',(4.92290729014714,7.07979855640694,0.855637185136255));
#10161=CARTESIAN_POINT('',(4.92125968911858,7.08018498949445,0.854092559171981));
#10162=CARTESIAN_POINT('',(4.43252889621835,7.0294940016392,1.60409255917198));
#10163=AXIS2_PLACEMENT_3D('',#11767,#11768,#11769);
#10164=CARTESIAN_POINT('',(4.43252889621835,7.0294940016392,1.89590744082802));
#10165=CARTESIAN_POINT('',(4.43031335439498,7.02845886298243,1.89383037036861));
#10166=CARTESIAN_POINT('',(4.42815860338874,7.02743892233659,1.89171540522552));
#10167=CARTESIAN_POINT('',(4.4092893795736,7.01840280863363,1.87234845554374));
#10168=CARTESIAN_POINT('',(4.39441530355231,7.01043359698818,1.85050796598802));
#10169=CARTESIAN_POINT('',(4.37443772963296,6.99930938822117,1.80201051954603));
#10170=CARTESIAN_POINT('',(4.36931712199462,6.99620472483071,1.77534907994434));
#10171=CARTESIAN_POINT('',(4.36931712199462,6.99620472483071,1.72465092005566));
#10172=CARTESIAN_POINT('',(4.37443772963296,6.99930938822117,1.69798948045397));
#10173=CARTESIAN_POINT('',(4.39441530355231,7.01043359698818,1.64949203401198));
#10174=CARTESIAN_POINT('',(4.4092893795736,7.01840280863363,1.62765154445626));
#10175=CARTESIAN_POINT('',(4.42815860338874,7.02743892233659,1.60828459477448));
#10176=CARTESIAN_POINT('',(4.43031335439498,7.02845886298243,1.60616962963139));
#10177=CARTESIAN_POINT('',(4.43252889621835,7.0294940016392,1.60409255917198));
#10178=AXIS2_PLACEMENT_3D('',#11770,#11771,#11772);
#10179=CARTESIAN_POINT('',(4.92125968911858,7.08018498949445,2.64590744082801));
#10180=CARTESIAN_POINT('',(4.92125968911858,7.08018498949445,2.64590744082802));
#10181=CARTESIAN_POINT('',(4.92290729014714,7.07979855640694,2.64436281486374));
#10182=CARTESIAN_POINT('',(4.92451988544386,7.0794144501958,2.64279854667756));
#10183=CARTESIAN_POINT('',(4.94368056569368,7.0747862306299,2.62358256911097));
#10184=CARTESIAN_POINT('',(4.95899788786814,7.07035936781545,2.60124409805084));
#10185=CARTESIAN_POINT('',(4.97939054274942,7.0641502940195,2.55208568993495));
#10186=CARTESIAN_POINT('',(4.98447146334231,7.06240657835124,2.52526321641543));
#10187=CARTESIAN_POINT('',(4.98447146334231,7.06240657835124,2.5));
#10188=CARTESIAN_POINT('',(4.98447146334231,7.06240657835124,2.47473678358457));
#10189=CARTESIAN_POINT('',(4.97939054274942,7.0641502940195,2.44791431006505));
#10190=CARTESIAN_POINT('',(4.95899788786814,7.07035936781545,2.39875590194917));
#10191=CARTESIAN_POINT('',(4.94368056569368,7.0747862306299,2.37641743088904));
#10192=CARTESIAN_POINT('',(4.92451988544386,7.0794144501958,2.35720145332244));
#10193=CARTESIAN_POINT('',(4.92290729014714,7.07979855640694,2.35563718513626));
#10194=CARTESIAN_POINT('',(4.92125968911858,7.08018498949445,2.35409255917198));
#10195=CARTESIAN_POINT('',(4.43252889621835,7.0294940016392,3.10409255917198));
#10196=AXIS2_PLACEMENT_3D('',#11773,#11774,#11775);
#10197=CARTESIAN_POINT('',(4.43252889621835,7.0294940016392,3.39590744082801));
#10198=CARTESIAN_POINT('',(4.43031335439498,7.02845886298243,3.39383037036861));
#10199=CARTESIAN_POINT('',(4.42815860338874,7.02743892233659,3.39171540522552));
#10200=CARTESIAN_POINT('',(4.4092893795736,7.01840280863363,3.37234845554374));
#10201=CARTESIAN_POINT('',(4.39441530355231,7.01043359698818,3.35050796598802));
#10202=CARTESIAN_POINT('',(4.37443772963296,6.99930938822117,3.30201051954603));
#10203=CARTESIAN_POINT('',(4.36931712199462,6.99620472483071,3.27534907994434));
#10204=CARTESIAN_POINT('',(4.36931712199462,6.99620472483071,3.22465092005566));
#10205=CARTESIAN_POINT('',(4.37443772963296,6.99930938822117,3.19798948045397));
#10206=CARTESIAN_POINT('',(4.39441530355231,7.01043359698818,3.14949203401198));
#10207=CARTESIAN_POINT('',(4.4092893795736,7.01840280863363,3.12765154445626));
#10208=CARTESIAN_POINT('',(4.42815860338874,7.02743892233659,3.10828459477448));
#10209=CARTESIAN_POINT('',(4.43031335439498,7.02845886298243,3.10616962963139));
#10210=CARTESIAN_POINT('',(4.43252889621835,7.02949400163921,3.10409255917198));
#10211=CARTESIAN_POINT('',(4.92125968911858,7.08018498949445,3.85409255917198));
#10212=AXIS2_PLACEMENT_3D('',#11776,#11777,#11778);
#10213=CARTESIAN_POINT('',(4.98447146334232,7.06240657835124,4.0));
#10214=CARTESIAN_POINT('',(4.92125968911858,7.08018498949445,4.14590744082802));
#10215=CARTESIAN_POINT('',(4.92290729014714,7.07979855640694,4.14436281486374));
#10216=CARTESIAN_POINT('',(4.92451988544386,7.0794144501958,4.14279854667756));
#10217=CARTESIAN_POINT('',(4.94368056569368,7.0747862306299,4.12358256911096));
#10218=CARTESIAN_POINT('',(4.95899788786815,7.07035936781545,4.10124409805083));
#10219=CARTESIAN_POINT('',(4.97939054274942,7.0641502940195,4.05208568993495));
#10220=CARTESIAN_POINT('',(4.98447146334232,7.06240657835124,4.02526321641543));
#10221=CARTESIAN_POINT('',(4.98447146334232,7.06240657835124,4.0));
#10222=CARTESIAN_POINT('',(4.98447146334232,7.06240657835124,3.97473678358457));
#10223=CARTESIAN_POINT('',(4.97939054274942,7.0641502940195,3.94791431006505));
#10224=CARTESIAN_POINT('',(4.95899788786815,7.07035936781545,3.89875590194916));
#10225=CARTESIAN_POINT('',(4.94368056569368,7.0747862306299,3.87641743088904));
#10226=CARTESIAN_POINT('',(4.92451988544386,7.0794144501958,3.85720145332244));
#10227=CARTESIAN_POINT('',(4.92290729014714,7.07979855640694,3.85563718513625));
#10228=CARTESIAN_POINT('',(4.92125968911858,7.08018498949445,3.85409255917198));
#10229=CARTESIAN_POINT('',(4.92125968911858,7.08018498949445,4.14590744082801));
#10230=CARTESIAN_POINT('',(4.92125968911858,7.08018498949445,4.14590744082802));
#10231=CARTESIAN_POINT('',(4.92290729014714,7.07979855640694,4.14436281486374));
#10232=CARTESIAN_POINT('',(4.92451988544386,7.0794144501958,4.14279854667756));
#10233=CARTESIAN_POINT('',(4.94368056569368,7.0747862306299,4.12358256911096));
#10234=CARTESIAN_POINT('',(4.95899788786815,7.07035936781545,4.10124409805083));
#10235=CARTESIAN_POINT('',(4.97939054274942,7.0641502940195,4.05208568993495));
#10236=CARTESIAN_POINT('',(4.98447146334232,7.06240657835124,4.02526321641543));
#10237=CARTESIAN_POINT('',(4.98447146334232,7.06240657835124,4.0));
#10238=CARTESIAN_POINT('',(4.98447146334232,7.06240657835124,3.97473678358457));
#10239=CARTESIAN_POINT('',(4.97939054274942,7.0641502940195,3.94791431006505));
#10240=CARTESIAN_POINT('',(4.95899788786815,7.07035936781545,3.89875590194916));
#10241=CARTESIAN_POINT('',(4.94368056569368,7.0747862306299,3.87641743088904));
#10242=CARTESIAN_POINT('',(4.92451988544386,7.0794144501958,3.85720145332244));
#10243=CARTESIAN_POINT('',(4.92290729014714,7.07979855640694,3.85563718513625));
#10244=CARTESIAN_POINT('',(4.92125968911858,7.08018498949445,3.85409255917198));
#10245=CARTESIAN_POINT('',(4.43252889621835,7.0294940016392,4.60409255917198));
#10246=AXIS2_PLACEMENT_3D('',#11779,#11780,#11781);
#10247=CARTESIAN_POINT('',(4.43252889621835,7.02949400163921,4.89590744082802));
#10248=CARTESIAN_POINT('',(4.43031335439498,7.02845886298244,4.89383037036861));
#10249=CARTESIAN_POINT('',(4.42815860338874,7.02743892233659,4.89171540522552));
#10250=CARTESIAN_POINT('',(4.4092893795736,7.01840280863364,4.87234845554374));
#10251=CARTESIAN_POINT('',(4.39441530355231,7.01043359698818,4.85050796598802));
#10252=CARTESIAN_POINT('',(4.37443772963296,6.99930938822117,4.80201051954603));
#10253=CARTESIAN_POINT('',(4.36931712199462,6.99620472483071,4.77534907994434));
#10254=CARTESIAN_POINT('',(4.36931712199462,6.99620472483071,4.72465092005566));
#10255=CARTESIAN_POINT('',(4.37443772963296,6.99930938822117,4.69798948045397));
#10256=CARTESIAN_POINT('',(4.39441530355231,7.01043359698818,4.64949203401198));
#10257=CARTESIAN_POINT('',(4.4092893795736,7.01840280863364,4.62765154445626));
#10258=CARTESIAN_POINT('',(4.42815860338874,7.02743892233659,4.60828459477448));
#10259=CARTESIAN_POINT('',(4.43031335439498,7.02845886298244,4.60616962963139));
#10260=CARTESIAN_POINT('',(4.43252889621835,7.02949400163921,4.60409255917198));
#10261=CARTESIAN_POINT('',(5.07689429266847,7.0250112009595,5.5));
#10262=AXIS2_PLACEMENT_3D('',#11782,#11783,#11784);
#10263=AXIS2_PLACEMENT_3D('',#11785,#11786,#11787);
#10264=CARTESIAN_POINT('',(5.5,6.35,-4.5));
#10265=CARTESIAN_POINT('',(5.50000000000001,6.35,5.5));
#10266=CARTESIAN_POINT('',(5.50000000000001,6.35,0.500000000000001));
#10267=VECTOR('',#11788,1.0);
#10268=AXIS2_PLACEMENT_3D('',#11789,#11790,#11791);
#10269=AXIS2_PLACEMENT_3D('',#11792,#11793,#11794);
#10270=CARTESIAN_POINT('',(4.98447146334232,7.19881625055682,4.0));
#10271=VECTOR('',#11795,1.0);
#10272=CARTESIAN_POINT('',(4.92125968911858,7.08018498949445,3.85409255917198));
#10273=VECTOR('',#11796,0.255040933267944);
#10274=CARTESIAN_POINT('',(4.75000000000001,5.45,-4.5));
#10275=AXIS2_PLACEMENT_3D('',#11797,#11798,#11799);
#10276=CARTESIAN_POINT('',(4.54356095933513,7.22600395118365,-4.5));
#10277=CARTESIAN_POINT('',(4.43689429266846,7.29971828245876,-4.4));
#10278=CARTESIAN_POINT('',(4.45113916001832,7.30441456908375,-4.41335456314049));
#10279=CARTESIAN_POINT('',(4.46867170857711,7.30620820907944,-4.42979132741436));
#10280=CARTESIAN_POINT('',(4.49437628272347,7.30134723865228,-4.45388936567657));
#10281=CARTESIAN_POINT('',(4.50729852637618,7.29573056864326,-4.46600396910098));
#10282=CARTESIAN_POINT('',(4.52462513604853,7.28105131306244,-4.48224766566881));
#10283=CARTESIAN_POINT('',(4.53247565907688,7.27071307177671,-4.48960753100789));
#10284=CARTESIAN_POINT('',(4.54107637542753,7.2502202298834,-4.49767070258662));
#10285=CARTESIAN_POINT('',(4.54356095933513,7.23721061930646,-4.5));
#10286=CARTESIAN_POINT('',(4.54356095933513,7.22600395118365,-4.5));
#10287=AXIS2_PLACEMENT_3D('',#11800,#11801,#11802);
#10288=CARTESIAN_POINT('',(4.75000000000001,7.35,-4.4));
#10289=CARTESIAN_POINT('',(4.75000000000001,7.25,-4.5));
#10290=AXIS2_PLACEMENT_3D('',#11803,#11804,#11805);
#10291=AXIS2_PLACEMENT_3D('',#11806,#11807,#11808);
#10292=AXIS2_PLACEMENT_3D('',#11809,#11810,#11811);
#10293=CARTESIAN_POINT('',(4.75000000000001,5.45,5.5));
#10294=AXIS2_PLACEMENT_3D('',#11812,#11813,#11814);
#10295=CARTESIAN_POINT('',(5.04333333333334,7.30601022774631,5.4));
#10296=AXIS2_PLACEMENT_3D('',#11815,#11816,#11817);
#10297=CARTESIAN_POINT('',(5.15,7.15622577482985,5.5));
#10298=CARTESIAN_POINT('',(5.04333333333334,7.30601022774631,5.4));
#10299=CARTESIAN_POINT('',(5.05764648064455,7.30161851404971,5.41341857560426));
#10300=CARTESIAN_POINT('',(5.07398676154999,7.29265259975422,5.42873758895312));
#10301=CARTESIAN_POINT('',(5.0991303614022,7.2724419190945,5.45230971381456));
#10302=CARTESIAN_POINT('',(5.11266415025415,7.25750256944499,5.46499764086326));
#10303=CARTESIAN_POINT('',(5.13066158025258,7.22986135907053,5.48187023148679));
#10304=CARTESIAN_POINT('',(5.13896631182748,7.21264428468855,5.48965591733826));
#10305=CARTESIAN_POINT('',(5.14734815232349,7.18461113105787,5.49751389280327));
#10306=CARTESIAN_POINT('',(5.15,7.1693219201975,5.5));
#10307=CARTESIAN_POINT('',(5.15,7.15622577482986,5.5));
#10308=AXIS2_PLACEMENT_3D('',#11818,#11819,#11820);
#10309=CARTESIAN_POINT('',(4.75000000000001,7.25,5.5));
#10310=AXIS2_PLACEMENT_3D('',#11821,#11822,#11823);
#10311=CARTESIAN_POINT('',(5.07689429266847,7.18853450818722,5.5));
#10312=AXIS2_PLACEMENT_3D('',#11824,#11825,#11826);
#10313=CARTESIAN_POINT('',(5.07689429266847,7.18853450818722,5.5));
#10314=CARTESIAN_POINT('',(5.07689429266847,7.20095323188314,5.5));
#10315=CARTESIAN_POINT('',(5.07428889182528,7.21542145003458,5.49755743670951));
#10316=CARTESIAN_POINT('',(5.06597770301688,7.24170259968873,5.48976569720164));
#10317=CARTESIAN_POINT('',(5.05776793965215,7.25759161989981,5.48206904404721));
#10318=CARTESIAN_POINT('',(5.03989908485723,7.28301473279314,5.46531699267696));
#10319=CARTESIAN_POINT('',(5.02641100203521,7.29651426716338,5.45267191503132));
#10320=CARTESIAN_POINT('',(5.00115971454513,7.31456823506907,5.42899883300937));
#10321=CARTESIAN_POINT('',(4.98459650498492,7.32220443761999,5.41347082404668));
#10322=CARTESIAN_POINT('',(4.9702276260018,7.3254485085055,5.4));
#10323=AXIS2_PLACEMENT_3D('',#11827,#11828,#11829);
#10324=CARTESIAN_POINT('',(5.15000000000001,6.98442887702248,5.5));
#10325=CARTESIAN_POINT('',(5.15,7.15622577482985,5.5));
#10326=VECTOR('',#11830,0.171796897807379);
#10327=AXIS2_PLACEMENT_3D('',#11831,#11832,#11833);
#10328=CARTESIAN_POINT('',(5.07689429266847,7.0250112009595,5.5));
#10329=VECTOR('',#11834,0.163523307227722);
#10330=AXIS2_PLACEMENT_3D('',#11835,#11836,#11837);
#10331=AXIS2_PLACEMENT_3D('',#11838,#11839,#11840);
#10332=CARTESIAN_POINT('',(4.61666666666667,7.24006866152124,-4.5));
#10333=AXIS2_PLACEMENT_3D('',#11841,#11842,#11843);
#10334=CARTESIAN_POINT('',(4.51,7.32077288796093,-4.4));
#10335=CARTESIAN_POINT('',(4.61666666666666,7.24006866152124,-4.5));
#10336=CARTESIAN_POINT('',(4.61666666666666,7.2511519246017,-4.5));
#10337=CARTESIAN_POINT('',(4.61417843309848,7.26400707428779,-4.49766728102983));
#10338=CARTESIAN_POINT('',(4.60569834342303,7.28481854769077,-4.48971719695909));
#10339=CARTESIAN_POINT('',(4.5978217938621,7.2956667466651,-4.48233293174573));
#10340=CARTESIAN_POINT('',(4.58044823008863,7.31151810239878,-4.4660452157081));
#10341=CARTESIAN_POINT('',(4.56742327334719,7.31808718376772,-4.453834318763));
#10342=CARTESIAN_POINT('',(4.54176387419766,7.32470538658762,-4.42977863206031));
#10343=CARTESIAN_POINT('',(4.52431323245059,7.32431148677301,-4.41341865542243));
#10344=CARTESIAN_POINT('',(4.50999999999999,7.32077288796092,-4.4));
#10345=AXIS2_PLACEMENT_3D('',#11844,#11845,#11846);
#10346=CARTESIAN_POINT('',(4.54356095933513,7.22600395118365,-4.5));
#10347=VECTOR('',#11847,0.154974879308343);
#10348=CARTESIAN_POINT('',(4.61666666666667,7.08805299418282,-4.5));
#10349=AXIS2_PLACEMENT_3D('',#11848,#11849,#11850);
#10350=CARTESIAN_POINT('',(4.61666666666667,7.08805299418282,-4.5));
#10351=VECTOR('',#11851,0.152015667338429);
#10352=CARTESIAN_POINT('',(4.43252889621835,7.0294940016392,-4.39590744082802));
#10353=VECTOR('',#11852,0.268773944810352);
#10354=CARTESIAN_POINT('',(4.92125968911858,7.33522592276239,4.14590744082801));
#10355=VECTOR('',#11853,0.255040933267944);
#10356=CARTESIAN_POINT('',(4.50563460354989,7.05907372890115,4.60409255917198));
#10357=CARTESIAN_POINT('',(4.50563460354989,7.05907372890115,4.60409255917198));
#10358=CARTESIAN_POINT('',(4.50376122555513,7.05842811373064,4.60584885104207));
#10359=CARTESIAN_POINT('',(4.50193242564239,7.05778955453119,4.60763118096453));
#10360=CARTESIAN_POINT('',(4.48289255532817,7.05106247722394,4.62690250843515));
#10361=CARTESIAN_POINT('',(4.46775106145077,7.04493839936096,4.64904045208788));
#10362=CARTESIAN_POINT('',(4.44752142644166,7.03640016296091,4.69793770507419));
#10363=CARTESIAN_POINT('',(4.44242282932615,7.03402944679324,4.72470026405252));
#10364=CARTESIAN_POINT('',(4.44242282932615,7.03402944679324,4.77529973594748));
#10365=CARTESIAN_POINT('',(4.44752142644166,7.03640016296091,4.80206229492582));
#10366=CARTESIAN_POINT('',(4.46775106145077,7.04493839936096,4.85095954791212));
#10367=CARTESIAN_POINT('',(4.48289255532817,7.05106247722394,4.87309749156485));
#10368=CARTESIAN_POINT('',(4.50193242564239,7.05778955453119,4.89236881903547));
#10369=CARTESIAN_POINT('',(4.50376122555513,7.05842811373064,4.89415114895793));
#10370=CARTESIAN_POINT('',(4.50563460354989,7.05907372890115,4.89590744082802));
#10371=CARTESIAN_POINT('',(4.99436539645012,7.05907372890115,4.14590744082801));
#10372=AXIS2_PLACEMENT_3D('',#11854,#11855,#11856);
#10373=CARTESIAN_POINT('',(4.99436539645012,7.05907372890115,3.85409255917198));
#10374=CARTESIAN_POINT('',(4.99623877444488,7.05842811373064,3.85584885104207));
#10375=CARTESIAN_POINT('',(4.99806757435762,7.05778955453119,3.85763118096453));
#10376=CARTESIAN_POINT('',(5.01710744467184,7.05106247722394,3.87690250843515));
#10377=CARTESIAN_POINT('',(5.03224893854924,7.04493839936096,3.89904045208788));
#10378=CARTESIAN_POINT('',(5.05247857355835,7.03640016296091,3.94793770507418));
#10379=CARTESIAN_POINT('',(5.05757717067385,7.03402944679325,3.97470026405252));
#10380=CARTESIAN_POINT('',(5.05757717067385,7.03402944679325,4.0));
#10381=CARTESIAN_POINT('',(5.05757717067385,7.03402944679325,4.02529973594748));
#10382=CARTESIAN_POINT('',(5.05247857355835,7.03640016296091,4.05206229492581));
#10383=CARTESIAN_POINT('',(5.03224893854924,7.04493839936096,4.10095954791212));
#10384=CARTESIAN_POINT('',(5.01710744467184,7.05106247722394,4.12309749156485));
#10385=CARTESIAN_POINT('',(4.99806757435762,7.05778955453119,4.14236881903547));
#10386=CARTESIAN_POINT('',(4.99623877444488,7.05842811373064,4.14415114895793));
#10387=CARTESIAN_POINT('',(4.99436539645012,7.05907372890115,4.14590744082801));
#10388=AXIS2_PLACEMENT_3D('',#11857,#11858,#11859);
#10389=CARTESIAN_POINT('',(4.50563460354989,7.05907372890115,3.10409255917198));
#10390=CARTESIAN_POINT('',(4.50563460354989,7.05907372890115,3.10409255917198));
#10391=CARTESIAN_POINT('',(4.50376122555513,7.05842811373064,3.10584885104207));
#10392=CARTESIAN_POINT('',(4.50193242564239,7.05778955453119,3.10763118096453));
#10393=CARTESIAN_POINT('',(4.48289255532817,7.05106247722394,3.12690250843515));
#10394=CARTESIAN_POINT('',(4.46775106145077,7.04493839936096,3.14904045208788));
#10395=CARTESIAN_POINT('',(4.44752142644166,7.03640016296091,3.19793770507418));
#10396=CARTESIAN_POINT('',(4.44242282932616,7.03402944679324,3.22470026405252));
#10397=CARTESIAN_POINT('',(4.44242282932616,7.03402944679324,3.27529973594748));
#10398=CARTESIAN_POINT('',(4.44752142644166,7.03640016296091,3.30206229492582));
#10399=CARTESIAN_POINT('',(4.46775106145077,7.04493839936096,3.35095954791212));
#10400=CARTESIAN_POINT('',(4.48289255532817,7.05106247722394,3.37309749156485));
#10401=CARTESIAN_POINT('',(4.50193242564239,7.05778955453119,3.39236881903547));
#10402=CARTESIAN_POINT('',(4.50376122555513,7.05842811373064,3.39415114895793));
#10403=CARTESIAN_POINT('',(4.50563460354989,7.05907372890115,3.39590744082801));
#10404=CARTESIAN_POINT('',(4.99436539645012,7.05907372890115,2.64590744082801));
#10405=AXIS2_PLACEMENT_3D('',#11860,#11861,#11862);
#10406=CARTESIAN_POINT('',(4.99436539645012,7.05907372890115,2.35409255917198));
#10407=CARTESIAN_POINT('',(4.99623877444488,7.05842811373064,2.35584885104207));
#10408=CARTESIAN_POINT('',(4.99806757435762,7.05778955453119,2.35763118096453));
#10409=CARTESIAN_POINT('',(5.01710744467184,7.05106247722394,2.37690250843515));
#10410=CARTESIAN_POINT('',(5.03224893854924,7.04493839936096,2.39904045208788));
#10411=CARTESIAN_POINT('',(5.05247857355835,7.03640016296091,2.44793770507418));
#10412=CARTESIAN_POINT('',(5.05757717067385,7.03402944679324,2.47470026405252));
#10413=CARTESIAN_POINT('',(5.05757717067385,7.03402944679324,2.5));
#10414=CARTESIAN_POINT('',(5.05757717067385,7.03402944679324,2.52529973594748));
#10415=CARTESIAN_POINT('',(5.05247857355834,7.03640016296091,2.55206229492582));
#10416=CARTESIAN_POINT('',(5.03224893854924,7.04493839936096,2.60095954791212));
#10417=CARTESIAN_POINT('',(5.01710744467184,7.05106247722394,2.62309749156485));
#10418=CARTESIAN_POINT('',(4.99806757435762,7.05778955453119,2.64236881903547));
#10419=CARTESIAN_POINT('',(4.99623877444488,7.05842811373064,2.64415114895793));
#10420=CARTESIAN_POINT('',(4.99436539645012,7.05907372890115,2.64590744082801));
#10421=AXIS2_PLACEMENT_3D('',#11863,#11864,#11865);
#10422=CARTESIAN_POINT('',(4.50563460354989,7.05907372890115,1.60409255917198));
#10423=CARTESIAN_POINT('',(4.50563460354989,7.05907372890115,1.60409255917198));
#10424=CARTESIAN_POINT('',(4.50376122555513,7.05842811373064,1.60584885104207));
#10425=CARTESIAN_POINT('',(4.50193242564239,7.05778955453119,1.60763118096453));
#10426=CARTESIAN_POINT('',(4.48289255532817,7.05106247722394,1.62690250843515));
#10427=CARTESIAN_POINT('',(4.46775106145077,7.04493839936096,1.64904045208788));
#10428=CARTESIAN_POINT('',(4.44752142644166,7.03640016296091,1.69793770507418));
#10429=CARTESIAN_POINT('',(4.44242282932615,7.03402944679324,1.72470026405251));
#10430=CARTESIAN_POINT('',(4.44242282932615,7.03402944679324,1.77529973594748));
#10431=CARTESIAN_POINT('',(4.44752142644166,7.03640016296091,1.80206229492581));
#10432=CARTESIAN_POINT('',(4.46775106145077,7.04493839936096,1.85095954791212));
#10433=CARTESIAN_POINT('',(4.48289255532817,7.05106247722394,1.87309749156485));
#10434=CARTESIAN_POINT('',(4.50193242564239,7.05778955453119,1.89236881903547));
#10435=CARTESIAN_POINT('',(4.50376122555513,7.05842811373064,1.89415114895793));
#10436=CARTESIAN_POINT('',(4.50563460354989,7.05907372890115,1.89590744082801));
#10437=CARTESIAN_POINT('',(4.99436539645012,7.05907372890115,1.14590744082801));
#10438=AXIS2_PLACEMENT_3D('',#11866,#11867,#11868);
#10439=CARTESIAN_POINT('',(4.99436539645012,7.05907372890115,0.854092559171981));
#10440=CARTESIAN_POINT('',(4.99623877444488,7.05842811373064,0.855848851042067));
#10441=CARTESIAN_POINT('',(4.99806757435762,7.05778955453119,0.857631180964529));
#10442=CARTESIAN_POINT('',(5.01710744467184,7.05106247722394,0.876902508435146));
#10443=CARTESIAN_POINT('',(5.03224893854924,7.04493839936096,0.899040452087877));
#10444=CARTESIAN_POINT('',(5.05247857355834,7.03640016296091,0.947937705074183));
#10445=CARTESIAN_POINT('',(5.05757717067385,7.03402944679324,0.974700264052515));
#10446=CARTESIAN_POINT('',(5.05757717067385,7.03402944679324,0.999999999999999));
#10447=CARTESIAN_POINT('',(5.05757717067385,7.03402944679324,1.02529973594748));
#10448=CARTESIAN_POINT('',(5.05247857355834,7.03640016296091,1.05206229492582));
#10449=CARTESIAN_POINT('',(5.03224893854924,7.04493839936096,1.10095954791212));
#10450=CARTESIAN_POINT('',(5.01710744467184,7.05106247722394,1.12309749156485));
#10451=CARTESIAN_POINT('',(4.99806757435762,7.05778955453119,1.14236881903547));
#10452=CARTESIAN_POINT('',(4.99623877444488,7.05842811373064,1.14415114895793));
#10453=CARTESIAN_POINT('',(4.99436539645012,7.05907372890115,1.14590744082801));
#10454=AXIS2_PLACEMENT_3D('',#11869,#11870,#11871);
#10455=CARTESIAN_POINT('',(4.50563460354989,7.05907372890115,0.10409255917198));
#10456=CARTESIAN_POINT('',(4.50563460354989,7.05907372890115,0.104092559171982));
#10457=CARTESIAN_POINT('',(4.50376122555513,7.05842811373063,0.105848851042067));
#10458=CARTESIAN_POINT('',(4.50193242564239,7.05778955453119,0.10763118096453));
#10459=CARTESIAN_POINT('',(4.48289255532817,7.05106247722394,0.126902508435146));
#10460=CARTESIAN_POINT('',(4.46775106145077,7.04493839936096,0.149040452087876));
#10461=CARTESIAN_POINT('',(4.44752142644166,7.0364001629609,0.197937705074182));
#10462=CARTESIAN_POINT('',(4.44242282932615,7.03402944679324,0.224700264052515));
#10463=CARTESIAN_POINT('',(4.44242282932615,7.03402944679324,0.275299735947483));
#10464=CARTESIAN_POINT('',(4.44752142644166,7.0364001629609,0.302062294925816));
#10465=CARTESIAN_POINT('',(4.46775106145077,7.04493839936096,0.350959547912121));
#10466=CARTESIAN_POINT('',(4.48289255532817,7.05106247722394,0.373097491564852));
#10467=CARTESIAN_POINT('',(4.50193242564239,7.05778955453119,0.392368819035467));
#10468=CARTESIAN_POINT('',(4.50376122555513,7.05842811373063,0.39415114895793));
#10469=CARTESIAN_POINT('',(4.50563460354989,7.05907372890115,0.395907440828014));
#10470=CARTESIAN_POINT('',(4.99436539645012,7.05907372890115,-0.35409255917199));
#10471=AXIS2_PLACEMENT_3D('',#11872,#11873,#11874);
#10472=CARTESIAN_POINT('',(4.99436539645012,7.05907372890115,-0.645907440828018));
#10473=CARTESIAN_POINT('',(4.99623877444487,7.05842811373064,-0.644151148957933));
#10474=CARTESIAN_POINT('',(4.99806757435762,7.05778955453119,-0.64236881903547));
#10475=CARTESIAN_POINT('',(5.01710744467184,7.05106247722394,-0.623097491564853));
#10476=CARTESIAN_POINT('',(5.03224893854924,7.04493839936096,-0.600959547912122));
#10477=CARTESIAN_POINT('',(5.05247857355834,7.03640016296091,-0.552062294925816));
#10478=CARTESIAN_POINT('',(5.05757717067385,7.03402944679324,-0.525299735947484));
#10479=CARTESIAN_POINT('',(5.05757717067385,7.03402944679324,-0.5));
#10480=CARTESIAN_POINT('',(5.05757717067385,7.03402944679324,-0.474700264052516));
#10481=CARTESIAN_POINT('',(5.05247857355834,7.03640016296091,-0.447937705074184));
#10482=CARTESIAN_POINT('',(5.03224893854924,7.04493839936096,-0.399040452087878));
#10483=CARTESIAN_POINT('',(5.01710744467184,7.05106247722394,-0.376902508435147));
#10484=CARTESIAN_POINT('',(4.99806757435762,7.05778955453119,-0.357631180964532));
#10485=CARTESIAN_POINT('',(4.99623877444488,7.05842811373064,-0.35584885104207));
#10486=CARTESIAN_POINT('',(4.99436539645012,7.05907372890115,-0.354092559171986));
#10487=AXIS2_PLACEMENT_3D('',#11875,#11876,#11877);
#10488=CARTESIAN_POINT('',(4.50563460354989,7.05907372890115,-1.39590744082802));
#10489=CARTESIAN_POINT('',(4.50563460354989,7.05907372890115,-1.39590744082802));
#10490=CARTESIAN_POINT('',(4.50376122555513,7.05842811373063,-1.39415114895793));
#10491=CARTESIAN_POINT('',(4.50193242564239,7.05778955453119,-1.39236881903547));
#10492=CARTESIAN_POINT('',(4.48289255532817,7.05106247722394,-1.37309749156485));
#10493=CARTESIAN_POINT('',(4.46775106145077,7.04493839936095,-1.35095954791212));
#10494=CARTESIAN_POINT('',(4.44752142644166,7.0364001629609,-1.30206229492582));
#10495=CARTESIAN_POINT('',(4.44242282932615,7.03402944679324,-1.27529973594748));
#10496=CARTESIAN_POINT('',(4.44242282932615,7.03402944679324,-1.22470026405251));
#10497=CARTESIAN_POINT('',(4.44752142644166,7.0364001629609,-1.19793770507418));
#10498=CARTESIAN_POINT('',(4.46775106145077,7.04493839936095,-1.14904045208788));
#10499=CARTESIAN_POINT('',(4.48289255532817,7.05106247722394,-1.12690250843515));
#10500=CARTESIAN_POINT('',(4.50193242564239,7.05778955453119,-1.10763118096453));
#10501=CARTESIAN_POINT('',(4.50376122555513,7.05842811373063,-1.10584885104207));
#10502=CARTESIAN_POINT('',(4.50563460354988,7.05907372890114,-1.10409255917199));
#10503=CARTESIAN_POINT('',(4.99436539645012,7.05907372890115,-1.85409255917199));
#10504=AXIS2_PLACEMENT_3D('',#11878,#11879,#11880);
#10505=CARTESIAN_POINT('',(4.99436539645012,7.05907372890115,-2.14590744082802));
#10506=CARTESIAN_POINT('',(4.99594195879676,7.05853040418446,-2.14442941362804));
#10507=CARTESIAN_POINT('',(4.99748663116725,7.05799218666819,-2.14293325198122));
#10508=CARTESIAN_POINT('',(5.01650187264987,7.05129955849106,-2.1239180104986));
#10509=CARTESIAN_POINT('',(5.03186308857204,7.04509727847192,-2.10167660028893));
#10510=CARTESIAN_POINT('',(5.05239524326502,7.03643981332565,-2.05247351342938));
#10511=CARTESIAN_POINT('',(5.05757717067385,7.03402944679324,-2.02550854714981));
#10512=CARTESIAN_POINT('',(5.05757717067385,7.03402944679324,-2.0));
#10513=CARTESIAN_POINT('',(5.05757717067385,7.03402944679324,-1.97470026405252));
#10514=CARTESIAN_POINT('',(5.05247857355834,7.03640016296091,-1.94793770507418));
#10515=CARTESIAN_POINT('',(5.03224893854924,7.04493839936096,-1.89904045208788));
#10516=CARTESIAN_POINT('',(5.01710744467183,7.05106247722394,-1.87690250843515));
#10517=CARTESIAN_POINT('',(4.99806757435762,7.05778955453119,-1.85763118096453));
#10518=CARTESIAN_POINT('',(4.99623877444488,7.05842811373063,-1.85584885104207));
#10519=CARTESIAN_POINT('',(4.99436539645012,7.05907372890115,-1.85409255917199));
#10520=AXIS2_PLACEMENT_3D('',#11881,#11882,#11883);
#10521=CARTESIAN_POINT('',(4.50563460354989,7.05907372890115,-2.89590744082802));
#10522=CARTESIAN_POINT('',(4.50563460354989,7.05907372890115,-2.89590744082802));
#10523=CARTESIAN_POINT('',(4.50376122555513,7.05842811373063,-2.89415114895793));
#10524=CARTESIAN_POINT('',(4.50193242564239,7.05778955453119,-2.89236881903547));
#10525=CARTESIAN_POINT('',(4.48289255532817,7.05106247722394,-2.87309749156485));
#10526=CARTESIAN_POINT('',(4.46775106145077,7.04493839936095,-2.85095954791212));
#10527=CARTESIAN_POINT('',(4.44752142644166,7.0364001629609,-2.80206229492582));
#10528=CARTESIAN_POINT('',(4.44242282932615,7.03402944679324,-2.77529973594748));
#10529=CARTESIAN_POINT('',(4.44242282932615,7.03402944679324,-2.7244914528502));
#10530=CARTESIAN_POINT('',(4.44760475673499,7.03643981332564,-2.69752648657062));
#10531=CARTESIAN_POINT('',(4.46813691142796,7.04509727847192,-2.64832339971107));
#10532=CARTESIAN_POINT('',(4.48349812735013,7.05129955849106,-2.6260819895014));
#10533=CARTESIAN_POINT('',(4.50251336883275,7.05799218666818,-2.60706674801878));
#10534=CARTESIAN_POINT('',(4.50405804120324,7.05853040418446,-2.60557058637196));
#10535=CARTESIAN_POINT('',(4.50563460354988,7.05907372890114,-2.60409255917199));
#10536=CARTESIAN_POINT('',(4.99436539645012,7.05907372890115,-3.35409255917199));
#10537=AXIS2_PLACEMENT_3D('',#11884,#11885,#11886);
#10538=CARTESIAN_POINT('',(4.99436539645012,7.05907372890115,-3.64590744082802));
#10539=CARTESIAN_POINT('',(4.99623877444487,7.05842811373063,-3.64415114895794));
#10540=CARTESIAN_POINT('',(4.99806757435762,7.05778955453119,-3.64236881903547));
#10541=CARTESIAN_POINT('',(5.01710744467184,7.05106247722394,-3.62309749156486));
#10542=CARTESIAN_POINT('',(5.03224893854924,7.04493839936096,-3.60095954791213));
#10543=CARTESIAN_POINT('',(5.05247857355834,7.03640016296091,-3.55206229492582));
#10544=CARTESIAN_POINT('',(5.05757717067385,7.03402944679324,-3.52529973594749));
#10545=CARTESIAN_POINT('',(5.05757717067385,7.03402944679324,-3.5));
#10546=CARTESIAN_POINT('',(5.05757717067385,7.03402944679324,-3.47470026405252));
#10547=CARTESIAN_POINT('',(5.05247857355834,7.03640016296091,-3.44793770507419));
#10548=CARTESIAN_POINT('',(5.03224893854924,7.04493839936096,-3.39904045208788));
#10549=CARTESIAN_POINT('',(5.01710744467183,7.05106247722394,-3.37690250843515));
#10550=CARTESIAN_POINT('',(4.99806757435762,7.05778955453119,-3.35763118096454));
#10551=CARTESIAN_POINT('',(4.99623877444487,7.05842811373064,-3.35584885104207));
#10552=CARTESIAN_POINT('',(4.99436539645012,7.05907372890115,-3.35409255917199));
#10553=AXIS2_PLACEMENT_3D('',#11887,#11888,#11889);
#10554=CARTESIAN_POINT('',(4.50563460354989,7.05907372890115,-4.39590744082802));
#10555=CARTESIAN_POINT('',(4.50563460354989,7.05907372890114,-4.39590744082802));
#10556=CARTESIAN_POINT('',(4.50405804120325,7.05853040418446,-4.39442941362805));
#10557=CARTESIAN_POINT('',(4.50251336883275,7.05799218666818,-4.39293325198122));
#10558=CARTESIAN_POINT('',(4.48349812735013,7.05129955849106,-4.3739180104986));
#10559=CARTESIAN_POINT('',(4.46813691142796,7.04509727847192,-4.35167660028893));
#10560=CARTESIAN_POINT('',(4.44760475673499,7.03643981332564,-4.30247351342939));
#10561=CARTESIAN_POINT('',(4.44242282932615,7.03402944679324,-4.27550854714981));
#10562=CARTESIAN_POINT('',(4.44242282932615,7.03402944679324,-4.22470026405252));
#10563=CARTESIAN_POINT('',(4.44752142644166,7.0364001629609,-4.19793770507419));
#10564=CARTESIAN_POINT('',(4.46775106145077,7.04493839936095,-4.14904045208788));
#10565=CARTESIAN_POINT('',(4.48289255532817,7.05106247722394,-4.12690250843515));
#10566=CARTESIAN_POINT('',(4.50193242564239,7.05778955453119,-4.10763118096454));
#10567=CARTESIAN_POINT('',(4.50376122555513,7.05842811373063,-4.10584885104207));
#10568=CARTESIAN_POINT('',(4.50563460354989,7.05907372890114,-4.10409255917199));
#10569=AXIS2_PLACEMENT_3D('',#11890,#11891,#11892);
#10570=CARTESIAN_POINT('',(4.43252889621835,7.0294940016392,4.60409255917198));
#10571=VECTOR('',#11893,0.268773944810352);
#10572=CARTESIAN_POINT('',(4.50563460354989,7.31968322302584,3.10409255917198));
#10573=CARTESIAN_POINT('',(4.50563460354988,7.31968322302584,3.39590744082801));
#10574=CARTESIAN_POINT('',(4.50389448036507,7.31924470260821,3.39427607534225));
#10575=CARTESIAN_POINT('',(4.50219298891487,7.3188109359211,3.39262240711707));
#10576=CARTESIAN_POINT('',(4.48305174637883,7.31387989036887,3.37335326255743));
#10577=CARTESIAN_POINT('',(4.46779528550877,7.30940470363034,3.35105460363263));
#10578=CARTESIAN_POINT('',(4.4474835892112,7.30321224797157,3.3019826339899));
#10579=CARTESIAN_POINT('',(4.44242282932616,7.30152313901464,3.27520806059704));
#10580=CARTESIAN_POINT('',(4.44242282932616,7.30152313901464,3.22479193940296));
#10581=CARTESIAN_POINT('',(4.4474835892112,7.30321224797157,3.1980173660101));
#10582=CARTESIAN_POINT('',(4.46779528550877,7.30940470363034,3.14894539636737));
#10583=CARTESIAN_POINT('',(4.48305174637883,7.31387989036887,3.12664673744257));
#10584=CARTESIAN_POINT('',(4.50219298891487,7.3188109359211,3.10737759288293));
#10585=CARTESIAN_POINT('',(4.50389448036508,7.31924470260821,3.10572392465774));
#10586=CARTESIAN_POINT('',(4.50563460354989,7.31968322302584,3.10409255917198));
#10587=CARTESIAN_POINT('',(4.50563460354989,7.31968322302584,3.10409255917198));
#10588=VECTOR('',#11894,0.260609494124691);
#10589=CARTESIAN_POINT('',(4.99436539645012,7.31968322302584,2.64590744082801));
#10590=AXIS2_PLACEMENT_3D('',#11895,#11896,#11897);
#10591=CARTESIAN_POINT('',(4.99436539645012,7.05907372890115,2.64590744082801));
#10592=VECTOR('',#11898,0.26060949412469);
#10593=CARTESIAN_POINT('',(4.99436539645012,7.31968322302584,2.64590744082801));
#10594=CARTESIAN_POINT('',(4.99610551963494,7.31924470260821,2.64427607534225));
#10595=CARTESIAN_POINT('',(4.99780701108514,7.3188109359211,2.64262240711707));
#10596=CARTESIAN_POINT('',(5.01694825362118,7.31387989036887,2.62335326255743));
#10597=CARTESIAN_POINT('',(5.03220471449123,7.30940470363034,2.60105460363263));
#10598=CARTESIAN_POINT('',(5.05251641078881,7.30321224797157,2.5519826339899));
#10599=CARTESIAN_POINT('',(5.05757717067385,7.30152313901464,2.52520806059704));
#10600=CARTESIAN_POINT('',(5.05757717067385,7.30152313901464,2.5));
#10601=CARTESIAN_POINT('',(5.05757717067385,7.30152313901464,2.47479193940296));
#10602=CARTESIAN_POINT('',(5.05251641078881,7.30321224797157,2.4480173660101));
#10603=CARTESIAN_POINT('',(5.03220471449123,7.30940470363034,2.39894539636737));
#10604=CARTESIAN_POINT('',(5.01694825362118,7.31387989036887,2.37664673744257));
#10605=CARTESIAN_POINT('',(4.99780701108514,7.3188109359211,2.35737759288293));
#10606=CARTESIAN_POINT('',(4.99610551963493,7.31924470260821,2.35572392465774));
#10607=CARTESIAN_POINT('',(4.99436539645012,7.31968322302584,2.35409255917198));
#10608=CARTESIAN_POINT('',(4.43252889621835,7.0294940016392,3.10409255917198));
#10609=VECTOR('',#11899,0.268773944810352);
#10610=CARTESIAN_POINT('',(4.92125968911858,7.33522592276239,2.64590744082801));
#10611=VECTOR('',#11900,0.255040933267944);
#10612=CARTESIAN_POINT('',(4.50563460354989,7.31968322302584,-4.39590744082802));
#10613=AXIS2_PLACEMENT_3D('',#11901,#11902,#11903);
#10614=CARTESIAN_POINT('',(4.50563460354989,7.31968322302584,-4.10409255917199));
#10615=CARTESIAN_POINT('',(4.50405803953649,7.3192859204006,-4.10557058793454));
#10616=CARTESIAN_POINT('',(4.502513359547,7.31889256354132,-4.10706675730454));
#10617=CARTESIAN_POINT('',(4.48338524329524,7.31397480022739,-4.12619487355629));
#10618=CARTESIAN_POINT('',(4.46800709142065,7.3094678273289,-4.14855127043823));
#10619=CARTESIAN_POINT('',(4.44752872382039,7.30322766388141,-4.19779247839946));
#10620=CARTESIAN_POINT('',(4.44242282932615,7.30152313901464,-4.22467855615643));
#10621=CARTESIAN_POINT('',(4.44242282932615,7.30152313901464,-4.27520806059704));
#10622=CARTESIAN_POINT('',(4.4474835892112,7.30321224797157,-4.30198263398991));
#10623=CARTESIAN_POINT('',(4.46779528550877,7.30940470363034,-4.35105460363263));
#10624=CARTESIAN_POINT('',(4.48305174637883,7.31387989036887,-4.37335326255744));
#10625=CARTESIAN_POINT('',(4.50219298891487,7.3188109359211,-4.39262240711707));
#10626=CARTESIAN_POINT('',(4.50389448036507,7.31924470260821,-4.39427607534226));
#10627=CARTESIAN_POINT('',(4.50563460354989,7.31968322302584,-4.39590744082802));
#10628=AXIS2_PLACEMENT_3D('',#11904,#11905,#11906);
#10629=CARTESIAN_POINT('',(4.99436539645012,7.31968322302584,-3.35409255917199));
#10630=CARTESIAN_POINT('',(4.99436539645012,7.31968322302584,-3.35409255917199));
#10631=CARTESIAN_POINT('',(4.99610551963493,7.31924470260821,-3.35572392465775));
#10632=CARTESIAN_POINT('',(4.99780701108514,7.3188109359211,-3.35737759288294));
#10633=CARTESIAN_POINT('',(5.01694825362118,7.31387989036887,-3.37664673744257));
#10634=CARTESIAN_POINT('',(5.03220471449123,7.30940470363034,-3.39894539636738));
#10635=CARTESIAN_POINT('',(5.05251641078881,7.30321224797157,-3.4480173660101));
#10636=CARTESIAN_POINT('',(5.05757717067385,7.30152313901464,-3.47479193940296));
#10637=CARTESIAN_POINT('',(5.05757717067385,7.30152313901464,-3.5));
#10638=CARTESIAN_POINT('',(5.05757717067385,7.30152313901464,-3.52532144384358));
#10639=CARTESIAN_POINT('',(5.05247127617961,7.30322766388141,-3.55220752160055));
#10640=CARTESIAN_POINT('',(5.03199290857935,7.3094678273289,-3.60144872956178));
#10641=CARTESIAN_POINT('',(5.01661475670476,7.31397480022739,-3.62380512644371));
#10642=CARTESIAN_POINT('',(4.99748664045301,7.31889256354132,-3.64293324269547));
#10643=CARTESIAN_POINT('',(4.99594196046351,7.3192859204006,-3.64442941206547));
#10644=CARTESIAN_POINT('',(4.99436539645012,7.31968322302584,-3.64590744082802));
#10645=CARTESIAN_POINT('',(4.50563460354989,7.31968322302584,-2.89590744082802));
#10646=AXIS2_PLACEMENT_3D('',#11907,#11908,#11909);
#10647=CARTESIAN_POINT('',(4.50563460354988,7.31968322302584,-2.60409255917199));
#10648=CARTESIAN_POINT('',(4.50389448036507,7.31924470260821,-2.60572392465775));
#10649=CARTESIAN_POINT('',(4.50219298891487,7.3188109359211,-2.60737759288293));
#10650=CARTESIAN_POINT('',(4.48305174637883,7.31387989036887,-2.62664673744257));
#10651=CARTESIAN_POINT('',(4.46779528550877,7.30940470363034,-2.64894539636737));
#10652=CARTESIAN_POINT('',(4.4474835892112,7.30321224797157,-2.6980173660101));
#10653=CARTESIAN_POINT('',(4.44242282932615,7.30152313901464,-2.72479193940296));
#10654=CARTESIAN_POINT('',(4.44242282932615,7.30152313901464,-2.77532144384357));
#10655=CARTESIAN_POINT('',(4.44752872382039,7.30322766388141,-2.80220752160054));
#10656=CARTESIAN_POINT('',(4.46800709142065,7.3094678273289,-2.85144872956178));
#10657=CARTESIAN_POINT('',(4.48338524329524,7.31397480022739,-2.87380512644371));
#10658=CARTESIAN_POINT('',(4.502513359547,7.31889256354132,-2.89293324269546));
#10659=CARTESIAN_POINT('',(4.5040580395365,7.3192859204006,-2.89442941206546));
#10660=CARTESIAN_POINT('',(4.50563460354989,7.31968322302584,-2.89590744082802));
#10661=AXIS2_PLACEMENT_3D('',#11910,#11911,#11912);
#10662=CARTESIAN_POINT('',(4.99436539645012,7.31968322302584,-1.85409255917199));
#10663=CARTESIAN_POINT('',(4.99436539645012,7.31968322302584,-1.85409255917199));
#10664=CARTESIAN_POINT('',(4.99594196046351,7.3192859204006,-1.85557058793454));
#10665=CARTESIAN_POINT('',(4.99748664045301,7.31889256354132,-1.85706675730454));
#10666=CARTESIAN_POINT('',(5.01661475670476,7.31397480022739,-1.87619487355629));
#10667=CARTESIAN_POINT('',(5.03199290857935,7.3094678273289,-1.89855127043822));
#10668=CARTESIAN_POINT('',(5.05247127617961,7.30322766388141,-1.94779247839946));
#10669=CARTESIAN_POINT('',(5.05757717067385,7.30152313901464,-1.97467855615643));
#10670=CARTESIAN_POINT('',(5.05757717067385,7.30152313901464,-2.0));
#10671=CARTESIAN_POINT('',(5.05757717067385,7.30152313901464,-2.02520806059704));
#10672=CARTESIAN_POINT('',(5.05251641078881,7.30321224797157,-2.0519826339899));
#10673=CARTESIAN_POINT('',(5.03220471449123,7.30940470363034,-2.10105460363263));
#10674=CARTESIAN_POINT('',(5.01694825362118,7.31387989036887,-2.12335326255743));
#10675=CARTESIAN_POINT('',(4.99780701108514,7.3188109359211,-2.14262240711707));
#10676=CARTESIAN_POINT('',(4.99610551963493,7.31924470260821,-2.14427607534226));
#10677=CARTESIAN_POINT('',(4.99436539645012,7.31968322302584,-2.14590744082802));
#10678=CARTESIAN_POINT('',(4.50563460354989,7.31968322302584,-1.39590744082802));
#10679=AXIS2_PLACEMENT_3D('',#11913,#11914,#11915);
#10680=CARTESIAN_POINT('',(4.50563460354988,7.31968322302584,-1.10409255917199));
#10681=CARTESIAN_POINT('',(4.50389448036507,7.31924470260821,-1.10572392465775));
#10682=CARTESIAN_POINT('',(4.50219298891487,7.3188109359211,-1.10737759288293));
#10683=CARTESIAN_POINT('',(4.48305174637883,7.31387989036887,-1.12664673744257));
#10684=CARTESIAN_POINT('',(4.46779528550877,7.30940470363034,-1.14894539636737));
#10685=CARTESIAN_POINT('',(4.4474835892112,7.30321224797157,-1.1980173660101));
#10686=CARTESIAN_POINT('',(4.44242282932615,7.30152313901464,-1.22479193940296));
#10687=CARTESIAN_POINT('',(4.44242282932615,7.30152313901464,-1.27520806059704));
#10688=CARTESIAN_POINT('',(4.4474835892112,7.30321224797157,-1.3019826339899));
#10689=CARTESIAN_POINT('',(4.46779528550877,7.30940470363034,-1.35105460363263));
#10690=CARTESIAN_POINT('',(4.48305174637883,7.31387989036887,-1.37335326255743));
#10691=CARTESIAN_POINT('',(4.50219298891487,7.3188109359211,-1.39262240711707));
#10692=CARTESIAN_POINT('',(4.50389448036508,7.31924470260821,-1.39427607534226));
#10693=CARTESIAN_POINT('',(4.50563460354989,7.31968322302584,-1.39590744082802));
#10694=AXIS2_PLACEMENT_3D('',#11916,#11917,#11918);
#10695=CARTESIAN_POINT('',(4.99436539645012,7.31968322302584,-0.35409255917199));
#10696=CARTESIAN_POINT('',(4.99436539645012,7.31968322302584,-0.354092559171986));
#10697=CARTESIAN_POINT('',(4.99610551963493,7.31924470260821,-0.355723924657747));
#10698=CARTESIAN_POINT('',(4.99780701108514,7.3188109359211,-0.357377592882933));
#10699=CARTESIAN_POINT('',(5.01694825362118,7.31387989036887,-0.376646737442568));
#10700=CARTESIAN_POINT('',(5.03220471449123,7.30940470363034,-0.398945396367372));
#10701=CARTESIAN_POINT('',(5.05251641078881,7.30321224797157,-0.448017366010098));
#10702=CARTESIAN_POINT('',(5.05757717067385,7.30152313901464,-0.47479193940296));
#10703=CARTESIAN_POINT('',(5.05757717067385,7.30152313901464,-0.5));
#10704=CARTESIAN_POINT('',(5.05757717067385,7.30152313901464,-0.525208060597039));
#10705=CARTESIAN_POINT('',(5.05251641078881,7.30321224797157,-0.551982633989902));
#10706=CARTESIAN_POINT('',(5.03220471449123,7.30940470363034,-0.601054603632628));
#10707=CARTESIAN_POINT('',(5.01694825362118,7.31387989036887,-0.623353262557432));
#10708=CARTESIAN_POINT('',(4.99780701108514,7.3188109359211,-0.642622407117068));
#10709=CARTESIAN_POINT('',(4.99610551963493,7.31924470260821,-0.644276075342255));
#10710=CARTESIAN_POINT('',(4.99436539645012,7.31968322302584,-0.645907440828017));
#10711=CARTESIAN_POINT('',(4.50563460354989,7.31968322302584,0.10409255917198));
#10712=AXIS2_PLACEMENT_3D('',#11919,#11920,#11921);
#10713=CARTESIAN_POINT('',(4.50563460354989,7.31968322302584,0.395907440828014));
#10714=CARTESIAN_POINT('',(4.50389448036507,7.31924470260821,0.394276075342253));
#10715=CARTESIAN_POINT('',(4.50219298891487,7.3188109359211,0.392622407117066));
#10716=CARTESIAN_POINT('',(4.48305174637883,7.31387989036887,0.37335326255743));
#10717=CARTESIAN_POINT('',(4.46779528550877,7.30940470363034,0.351054603632627));
#10718=CARTESIAN_POINT('',(4.4474835892112,7.30321224797157,0.301982633989902));
#10719=CARTESIAN_POINT('',(4.44242282932615,7.30152313901464,0.275208060597039));
#10720=CARTESIAN_POINT('',(4.44242282932615,7.30152313901464,0.224791939402959));
#10721=CARTESIAN_POINT('',(4.4474835892112,7.30321224797157,0.198017366010097));
#10722=CARTESIAN_POINT('',(4.46779528550877,7.30940470363034,0.148945396367371));
#10723=CARTESIAN_POINT('',(4.48305174637883,7.31387989036887,0.126646737442568));
#10724=CARTESIAN_POINT('',(4.50219298891487,7.3188109359211,0.107377592882931));
#10725=CARTESIAN_POINT('',(4.50389448036508,7.31924470260821,0.105723924657744));
#10726=CARTESIAN_POINT('',(4.50563460354989,7.31968322302584,0.104092559171982));
#10727=AXIS2_PLACEMENT_3D('',#11922,#11923,#11924);
#10728=CARTESIAN_POINT('',(4.99436539645012,7.31968322302584,1.14590744082801));
#10729=CARTESIAN_POINT('',(4.99436539645012,7.31968322302584,1.14590744082801));
#10730=CARTESIAN_POINT('',(4.99610551963493,7.31924470260821,1.14427607534225));
#10731=CARTESIAN_POINT('',(4.99780701108514,7.3188109359211,1.14262240711707));
#10732=CARTESIAN_POINT('',(5.01694825362118,7.31387989036887,1.12335326255743));
#10733=CARTESIAN_POINT('',(5.03220471449123,7.30940470363034,1.10105460363263));
#10734=CARTESIAN_POINT('',(5.05251641078881,7.30321224797157,1.0519826339899));
#10735=CARTESIAN_POINT('',(5.05757717067385,7.30152313901464,1.02520806059704));
#10736=CARTESIAN_POINT('',(5.05757717067385,7.30152313901464,0.999999999999999));
#10737=CARTESIAN_POINT('',(5.05757717067385,7.30152313901464,0.974791939402959));
#10738=CARTESIAN_POINT('',(5.05251641078881,7.30321224797157,0.948017366010098));
#10739=CARTESIAN_POINT('',(5.03220471449123,7.30940470363034,0.898945396367371));
#10740=CARTESIAN_POINT('',(5.01694825362118,7.31387989036887,0.876646737442567));
#10741=CARTESIAN_POINT('',(4.99780701108514,7.3188109359211,0.85737759288293));
#10742=CARTESIAN_POINT('',(4.99610551963493,7.31924470260821,0.855723924657744));
#10743=CARTESIAN_POINT('',(4.99436539645012,7.31968322302584,0.854092559171981));
#10744=CARTESIAN_POINT('',(4.50563460354989,7.31968322302584,1.60409255917198));
#10745=AXIS2_PLACEMENT_3D('',#11925,#11926,#11927);
#10746=CARTESIAN_POINT('',(4.50563460354989,7.31968322302584,1.89590744082801));
#10747=CARTESIAN_POINT('',(4.50389448036507,7.31924470260821,1.89427607534225));
#10748=CARTESIAN_POINT('',(4.50219298891487,7.3188109359211,1.89262240711707));
#10749=CARTESIAN_POINT('',(4.48305174637883,7.31387989036887,1.87335326255743));
#10750=CARTESIAN_POINT('',(4.46779528550877,7.30940470363034,1.85105460363263));
#10751=CARTESIAN_POINT('',(4.4474835892112,7.30321224797157,1.8019826339899));
#10752=CARTESIAN_POINT('',(4.44242282932615,7.30152313901464,1.77520806059704));
#10753=CARTESIAN_POINT('',(4.44242282932615,7.30152313901464,1.72479193940296));
#10754=CARTESIAN_POINT('',(4.4474835892112,7.30321224797157,1.6980173660101));
#10755=CARTESIAN_POINT('',(4.46779528550877,7.30940470363034,1.64894539636737));
#10756=CARTESIAN_POINT('',(4.48305174637883,7.31387989036887,1.62664673744257));
#10757=CARTESIAN_POINT('',(4.50219298891487,7.3188109359211,1.60737759288293));
#10758=CARTESIAN_POINT('',(4.50389448036508,7.31924470260821,1.60572392465774));
#10759=CARTESIAN_POINT('',(4.50563460354989,7.31968322302584,1.60409255917198));
#10760=AXIS2_PLACEMENT_3D('',#11928,#11929,#11930);
#10761=AXIS2_PLACEMENT_3D('',#11931,#11932,#11933);
#10762=CARTESIAN_POINT('',(4.99436539645012,7.31968322302584,4.14590744082801));
#10763=CARTESIAN_POINT('',(4.99436539645012,7.31968322302584,4.14590744082801));
#10764=CARTESIAN_POINT('',(4.99610551963494,7.31924470260821,4.14427607534225));
#10765=CARTESIAN_POINT('',(4.99780701108514,7.3188109359211,4.14262240711707));
#10766=CARTESIAN_POINT('',(5.01694825362118,7.31387989036887,4.12335326255743));
#10767=CARTESIAN_POINT('',(5.03220471449124,7.30940470363034,4.10105460363263));
#10768=CARTESIAN_POINT('',(5.05251641078881,7.30321224797157,4.0519826339899));
#10769=CARTESIAN_POINT('',(5.05757717067385,7.30152313901464,4.02520806059704));
#10770=CARTESIAN_POINT('',(5.05757717067385,7.30152313901464,4.0));
#10771=CARTESIAN_POINT('',(5.05757717067385,7.30152313901464,3.97479193940296));
#10772=CARTESIAN_POINT('',(5.05251641078881,7.30321224797157,3.9480173660101));
#10773=CARTESIAN_POINT('',(5.03220471449123,7.30940470363034,3.89894539636737));
#10774=CARTESIAN_POINT('',(5.01694825362118,7.31387989036887,3.87664673744257));
#10775=CARTESIAN_POINT('',(4.99780701108514,7.3188109359211,3.85737759288293));
#10776=CARTESIAN_POINT('',(4.99610551963493,7.31924470260821,3.85572392465774));
#10777=CARTESIAN_POINT('',(4.99436539645012,7.31968322302584,3.85409255917198));
#10778=CARTESIAN_POINT('',(4.50563460354989,7.31968322302584,4.60409255917198));
#10779=AXIS2_PLACEMENT_3D('',#11934,#11935,#11936);
#10780=CARTESIAN_POINT('',(4.50563460354988,7.31968322302584,4.89590744082801));
#10781=CARTESIAN_POINT('',(4.50389448036507,7.31924470260821,4.89427607534225));
#10782=CARTESIAN_POINT('',(4.50219298891487,7.3188109359211,4.89262240711707));
#10783=CARTESIAN_POINT('',(4.48305174637883,7.31387989036887,4.87335326255743));
#10784=CARTESIAN_POINT('',(4.46779528550877,7.30940470363034,4.85105460363263));
#10785=CARTESIAN_POINT('',(4.4474835892112,7.30321224797157,4.8019826339899));
#10786=CARTESIAN_POINT('',(4.44242282932615,7.30152313901464,4.77520806059704));
#10787=CARTESIAN_POINT('',(4.44242282932615,7.30152313901464,4.72479193940296));
#10788=CARTESIAN_POINT('',(4.4474835892112,7.30321224797157,4.6980173660101));
#10789=CARTESIAN_POINT('',(4.46779528550877,7.30940470363034,4.64894539636737));
#10790=CARTESIAN_POINT('',(4.48305174637883,7.31387989036887,4.62664673744257));
#10791=CARTESIAN_POINT('',(4.50219298891487,7.3188109359211,4.60737759288293));
#10792=CARTESIAN_POINT('',(4.50389448036508,7.31924470260821,4.60572392465775));
#10793=CARTESIAN_POINT('',(4.50563460354989,7.31968322302584,4.60409255917198));
#10794=CARTESIAN_POINT('',(4.50563460354989,7.31968322302584,1.60409255917198));
#10795=VECTOR('',#11937,0.260609494124691);
#10796=CARTESIAN_POINT('',(4.99436539645012,7.05907372890115,1.14590744082801));
#10797=VECTOR('',#11938,0.26060949412469);
#10798=CARTESIAN_POINT('',(4.43252889621835,7.0294940016392,1.60409255917198));
#10799=VECTOR('',#11939,0.268773944810352);
#10800=CARTESIAN_POINT('',(4.92125968911858,7.33522592276239,1.14590744082801));
#10801=VECTOR('',#11940,0.255040933267944);
#10802=CARTESIAN_POINT('',(4.50563460354989,7.31968322302584,0.10409255917198));
#10803=VECTOR('',#11941,0.260609494124691);
#10804=CARTESIAN_POINT('',(4.99436539645012,7.05907372890115,-0.35409255917199));
#10805=VECTOR('',#11942,0.26060949412469);
#10806=CARTESIAN_POINT('',(4.43252889621835,7.0294940016392,0.10409255917198));
#10807=VECTOR('',#11943,0.268773944810353);
#10808=CARTESIAN_POINT('',(4.92125968911858,7.33522592276239,-0.35409255917199));
#10809=VECTOR('',#11944,0.255040933267944);
#10810=CARTESIAN_POINT('',(4.50563460354989,7.31968322302584,-1.39590744082802));
#10811=VECTOR('',#11945,0.260609494124691);
#10812=CARTESIAN_POINT('',(4.99436539645012,7.05907372890115,-1.85409255917199));
#10813=VECTOR('',#11946,0.260609494124691);
#10814=CARTESIAN_POINT('',(4.43252889621835,7.0294940016392,-1.39590744082802));
#10815=VECTOR('',#11947,0.268773944810352);
#10816=CARTESIAN_POINT('',(4.92125968911858,7.33522592276239,-1.85409255917199));
#10817=VECTOR('',#11948,0.255040933267944);
#10818=CARTESIAN_POINT('',(4.50563460354989,7.31968322302584,-2.89590744082802));
#10819=VECTOR('',#11949,0.260609494124691);
#10820=CARTESIAN_POINT('',(4.99436539645012,7.05907372890115,-3.35409255917199));
#10821=VECTOR('',#11950,0.260609494124691);
#10822=CARTESIAN_POINT('',(4.43252889621835,7.0294940016392,-2.89590744082802));
#10823=VECTOR('',#11951,0.268773944810352);
#10824=CARTESIAN_POINT('',(4.92125968911858,7.33522592276239,-3.35409255917199));
#10825=VECTOR('',#11952,0.255040933267943);
#10826=CARTESIAN_POINT('',(4.50563460354989,7.31968322302584,-4.39590744082802));
#10827=VECTOR('',#11953,0.26060949412469);
#10828=CARTESIAN_POINT('',(4.99436539645012,7.05907372890115,4.14590744082801));
#10829=VECTOR('',#11954,0.260609494124691);
#10830=CARTESIAN_POINT('',(4.50563460354989,7.31968322302584,4.60409255917198));
#10831=VECTOR('',#11955,0.26060949412469);
#10832=DIRECTION('',(-0.0,-1.0,-0.0));
#10833=CARTESIAN_POINT('',(12.55,7.10000000000322,4.5));
#10834=DIRECTION('',(0.0,-1.0,0.0));
#10835=DIRECTION('',(-1.0,0.0,0.0));
#10836=DIRECTION('',(0.0,1.0,0.0));
#10837=CARTESIAN_POINT('',(12.55,5.6,4.5));
#10838=DIRECTION('',(0.0,1.0,0.0));
#10839=DIRECTION('',(-1.0,0.0,0.0));
#10840=DIRECTION('',(0.0,1.0,0.0));
#10841=CARTESIAN_POINT('',(22.35,5.6,4.5));
#10842=DIRECTION('',(0.0,1.0,0.0));
#10843=DIRECTION('',(-1.0,0.0,0.0));
#10844=DIRECTION('',(0.0,-1.0,0.0));
#10845=CARTESIAN_POINT('',(22.35,7.10000000000322,4.5));
#10846=DIRECTION('',(0.0,-1.0,0.0));
#10847=DIRECTION('',(-1.0,0.0,0.0));
#10848=DIRECTION('',(-0.0,-1.0,-0.0));
#10849=CARTESIAN_POINT('',(17.45,7.10000000000322,25.4));
#10850=DIRECTION('',(0.0,-1.0,0.0));
#10851=DIRECTION('',(-1.0,0.0,0.0));
#10852=DIRECTION('',(0.0,1.0,0.0));
#10853=CARTESIAN_POINT('',(17.45,5.6,25.4));
#10854=DIRECTION('',(0.0,1.0,0.0));
#10855=DIRECTION('',(-1.0,0.0,0.0));
#10856=DIRECTION('',(-0.0,-1.0,-0.0));
#10857=CARTESIAN_POINT('',(17.45,7.10000000000322,18.3));
#10858=DIRECTION('',(0.0,-1.0,0.0));
#10859=DIRECTION('',(-1.0,0.0,0.0));
#10860=DIRECTION('',(0.0,1.0,0.0));
#10861=CARTESIAN_POINT('',(17.45,5.6,18.3));
#10862=DIRECTION('',(0.0,1.0,0.0));
#10863=DIRECTION('',(-1.0,0.0,0.0));
#10864=DIRECTION('',(-0.0,-1.0,-0.0));
#10865=CARTESIAN_POINT('',(17.45,7.10000000000322,13.5));
#10866=DIRECTION('',(0.0,-1.0,0.0));
#10867=DIRECTION('',(-1.0,0.0,0.0));
#10868=DIRECTION('',(0.0,1.0,0.0));
#10869=CARTESIAN_POINT('',(17.45,5.6,13.5));
#10870=DIRECTION('',(0.0,1.0,0.0));
#10871=DIRECTION('',(-1.0,0.0,0.0));
#10872=CARTESIAN_POINT('',(17.45,5.6,13.5));
#10873=DIRECTION('',(0.0,1.0,0.0));
#10874=DIRECTION('',(-1.0,0.0,0.0));
#10875=CARTESIAN_POINT('',(17.45,7.10000000000322,13.5));
#10876=DIRECTION('',(0.0,-1.0,0.0));
#10877=DIRECTION('',(-1.0,0.0,0.0));
#10878=CARTESIAN_POINT('',(17.45,5.6,18.3));
#10879=DIRECTION('',(0.0,1.0,0.0));
#10880=DIRECTION('',(-1.0,0.0,0.0));
#10881=CARTESIAN_POINT('',(17.45,7.10000000000322,18.3));
#10882=DIRECTION('',(0.0,-1.0,0.0));
#10883=DIRECTION('',(-1.0,0.0,0.0));
#10884=CARTESIAN_POINT('',(17.45,5.6,25.4));
#10885=DIRECTION('',(0.0,1.0,0.0));
#10886=DIRECTION('',(-1.0,0.0,0.0));
#10887=CARTESIAN_POINT('',(17.45,7.10000000000322,25.4));
#10888=DIRECTION('',(0.0,-1.0,0.0));
#10889=DIRECTION('',(-1.0,0.0,0.0));
#10890=CARTESIAN_POINT('',(22.35,7.10000000000322,4.5));
#10891=DIRECTION('',(0.0,-1.0,0.0));
#10892=DIRECTION('',(-1.0,0.0,0.0));
#10893=DIRECTION('',(0.0,1.0,0.0));
#10894=CARTESIAN_POINT('',(22.35,5.6,4.5));
#10895=DIRECTION('',(0.0,1.0,0.0));
#10896=DIRECTION('',(-1.0,0.0,0.0));
#10897=CARTESIAN_POINT('',(12.55,5.6,4.5));
#10898=DIRECTION('',(0.0,1.0,0.0));
#10899=DIRECTION('',(-1.0,0.0,0.0));
#10900=DIRECTION('',(0.0,-1.0,0.0));
#10901=CARTESIAN_POINT('',(12.55,7.10000000000322,4.5));
#10902=DIRECTION('',(0.0,-1.0,0.0));
#10903=DIRECTION('',(-1.0,0.0,0.0));
#10904=DIRECTION('',(0.0,0.0,1.0));
#10905=DIRECTION('',(0.0,1.0,0.0));
#10906=DIRECTION('',(0.0,0.0,-1.0));
#10907=DIRECTION('',(1.0,0.0,0.0));
#10908=DIRECTION('',(0.0,0.0,1.0));
#10909=DIRECTION('',(-1.0,0.0,0.0));
#10910=DIRECTION('',(0.0,0.0,1.0));
#10911=DIRECTION('',(1.0,0.0,0.0));
#10912=DIRECTION('',(0.0,0.0,1.0));
#10913=DIRECTION('',(0.0,0.0,1.0));
#10914=DIRECTION('',(1.0,0.0,0.0));
#10915=DIRECTION('',(0.0,0.0,-1.0));
#10916=DIRECTION('',(0.0,-1.0,0.0));
#10917=DIRECTION('',(0.0,0.0,-1.0));
#10918=DIRECTION('',(0.0,0.0,-1.0));
#10919=DIRECTION('',(0.0,1.0,0.0));
#10920=DIRECTION('',(0.0,1.0,0.0));
#10921=DIRECTION('',(0.0,0.0,1.0));
#10922=DIRECTION('',(-1.0,0.0,0.0));
#10923=DIRECTION('',(-1.0,0.0,0.0));
#10924=DIRECTION('',(-0.066983759500743,-0.997754065871519,0.0));
#10925=CARTESIAN_POINT('',(26.15,12.3,0.0));
#10926=DIRECTION('',(0.0,-0.0,1.0));
#10927=DIRECTION('',(0.996313993260104,0.085781273213364,0.0));
#10928=DIRECTION('',(-0.085781273213391,0.996313993260102,0.0));
#10929=CARTESIAN_POINT('',(27.25,8.85,0.0));
#10930=DIRECTION('',(0.0,0.0,-1.0));
#10931=DIRECTION('',(0.996313993260104,0.085781273213366,0.0));
#10932=DIRECTION('',(-0.514013444509543,-0.857782127852659,0.0));
#10933=CARTESIAN_POINT('',(30.25,12.3,0.0));
#10934=DIRECTION('',(0.0,0.0,1.0));
#10935=DIRECTION('',(0.890031491267828,-0.455899050834246,0.0));
#10936=DIRECTION('',(0.455899050834219,0.890031491267842,0.0));
#10937=CARTESIAN_POINT('',(30.15,10.35,0.0));
#10938=DIRECTION('',(0.0,0.0,-1.0));
#10939=DIRECTION('',(0.890031491267825,-0.455899050834251,0.0));
#10940=DIRECTION('',(-0.830921277855481,-0.556389998119138,0.0));
#10941=CARTESIAN_POINT('',(34.5,12.3,0.0));
#10942=DIRECTION('',(0.0,0.0,1.0));
#10943=DIRECTION('',(0.629512365382676,-0.776990464439756,0.0));
#10944=DIRECTION('',(0.776990464439762,0.629512365382669,0.0));
#10945=CARTESIAN_POINT('',(32.5,9.65,0.0));
#10946=DIRECTION('',(0.0,0.0,-1.0));
#10947=DIRECTION('',(0.629512365382674,-0.776990464439758,0.0));
#10948=DIRECTION('',(-0.916515138991163,-0.400000000000011,0.0));
#10949=CARTESIAN_POINT('',(34.5,9.65,0.0));
#10950=DIRECTION('',(0.0,0.0,1.0));
#10951=DIRECTION('',(0.52631516454649,-0.850289566893774,0.0));
#10952=DIRECTION('',(0.850289566893772,0.526315164546493,0.0));
#10953=CARTESIAN_POINT('',(31.0226969691709,7.38,0.0));
#10954=DIRECTION('',(0.0,0.0,1.0));
#10955=DIRECTION('',(-0.646442199385818,-0.762962962962965,0.0));
#10956=CARTESIAN_POINT('',(30.15,6.35,0.0));
#10957=DIRECTION('',(-0.0,0.0,-1.0));
#10958=DIRECTION('',(-0.646442199385819,-0.762962962962964,0.0));
#10959=DIRECTION('',(1.0,0.0,0.0));
#10960=DIRECTION('',(0.0,1.0,0.0));
#10961=DIRECTION('',(-1.0,0.0,0.0));
#10962=CARTESIAN_POINT('',(30.15,6.35,0.0));
#10963=DIRECTION('',(0.0,0.0,-1.0));
#10964=DIRECTION('',(0.718779514823361,0.695238095238094,0.0));
#10965=CARTESIAN_POINT('',(31.0226969691709,5.32,0.0));
#10966=DIRECTION('',(0.0,-0.0,1.0));
#10967=DIRECTION('',(0.526315164546491,0.850289566893773,0.0));
#10968=DIRECTION('',(-0.850289566893772,0.526315164546492,0.0));
#10969=CARTESIAN_POINT('',(34.5,3.05,0.0));
#10970=DIRECTION('',(0.0,0.0,1.0));
#10971=DIRECTION('',(-0.400000000000001,-0.916515138991168,0.0));
#10972=DIRECTION('',(0.916515138991167,-0.400000000000002,0.0));
#10973=CARTESIAN_POINT('',(32.5,3.05,0.0));
#10974=DIRECTION('',(-0.0,0.0,-1.0));
#10975=DIRECTION('',(-0.4,-0.916515138991168,0.0));
#10976=DIRECTION('',(-0.776990464439763,0.629512365382668,0.0));
#10977=CARTESIAN_POINT('',(34.5,0.400000000000002,0.0));
#10978=DIRECTION('',(0.0,0.0,1.0));
#10979=DIRECTION('',(-0.55638999811913,-0.830921277855487,0.0));
#10980=DIRECTION('',(0.830921277855482,-0.556389998119136,0.0));
#10981=CARTESIAN_POINT('',(30.15,2.35,0.0));
#10982=DIRECTION('',(-0.0,0.0,-1.0));
#10983=DIRECTION('',(-0.556389998119125,-0.83092127785549,0.0));
#10984=DIRECTION('',(-0.455899050834219,0.890031491267842,0.0));
#10985=CARTESIAN_POINT('',(30.25,0.400000000000002,0.0));
#10986=DIRECTION('',(0.0,0.0,1.0));
#10987=DIRECTION('',(-0.857782127852651,-0.514013444509556,0.0));
#10988=DIRECTION('',(0.514013444509542,-0.857782127852659,0.0));
#10989=CARTESIAN_POINT('',(27.25,3.85,0.0));
#10990=DIRECTION('',(-0.0,0.0,-1.0));
#10991=DIRECTION('',(-0.857782127852653,-0.514013444509553,0.0));
#10992=DIRECTION('',(0.085781273213389,0.996313993260102,0.0));
#10993=CARTESIAN_POINT('',(26.15,0.400000000000001,0.0));
#10994=DIRECTION('',(0.0,0.0,1.0));
#10995=DIRECTION('',(-0.997754065871519,-0.066983759500736,0.0));
#10996=DIRECTION('',(0.06698375950074,-0.997754065871519,0.0));
#10997=DIRECTION('',(0.066983759500736,0.997754065871519,0.0));
#10998=CARTESIAN_POINT('',(8.75,0.400000000000001,0.0));
#10999=DIRECTION('',(0.0,0.0,1.0));
#11000=DIRECTION('',(-0.996313993260104,-0.085781273213367,0.0));
#11001=DIRECTION('',(0.085781273213367,-0.996313993260104,0.0));
#11002=CARTESIAN_POINT('',(7.65,3.85,0.0));
#11003=DIRECTION('',(-0.0,0.0,-1.0));
#11004=DIRECTION('',(-0.996313993260104,-0.085781273213367,0.0));
#11005=DIRECTION('',(0.514013444509554,0.857782127852652,0.0));
#11006=CARTESIAN_POINT('',(4.65,0.400000000000001,0.0));
#11007=DIRECTION('',(0.0,0.0,1.0));
#11008=DIRECTION('',(-0.890031491267827,0.455899050834248,0.0));
#11009=DIRECTION('',(-0.455899050834247,-0.890031491267827,0.0));
#11010=CARTESIAN_POINT('',(4.75,2.35,0.0));
#11011=DIRECTION('',(0.0,0.0,-1.0));
#11012=DIRECTION('',(-0.890031491267827,0.455899050834248,0.0));
#11013=DIRECTION('',(0.830921277855488,0.556389998119127,0.0));
#11014=CARTESIAN_POINT('',(0.4,0.4,0.0));
#11015=DIRECTION('',(0.0,0.0,1.0));
#11016=DIRECTION('',(-0.629512365382676,0.776990464439756,0.0));
#11017=DIRECTION('',(-0.776990464439756,-0.629512365382677,0.0));
#11018=CARTESIAN_POINT('',(2.4,3.05,0.0));
#11019=DIRECTION('',(0.0,0.0,-1.0));
#11020=DIRECTION('',(-0.629512365382677,0.776990464439756,0.0));
#11021=DIRECTION('',(0.916515138991167,0.400000000000003,0.0));
#11022=CARTESIAN_POINT('',(0.4,3.05,0.0));
#11023=DIRECTION('',(0.0,0.0,1.0));
#11024=DIRECTION('',(-0.526315164546494,0.850289566893771,0.0));
#11025=DIRECTION('',(-0.850289566893772,-0.526315164546493,0.0));
#11026=CARTESIAN_POINT('',(3.87730303082914,5.32,0.0));
#11027=DIRECTION('',(0.0,-0.0,1.0));
#11028=DIRECTION('',(0.646442199385819,0.762962962962964,0.0));
#11029=CARTESIAN_POINT('',(4.75,6.35,0.0));
#11030=DIRECTION('',(0.0,0.0,-1.0));
#11031=DIRECTION('',(0.64644219938582,0.762962962962963,0.0));
#11032=DIRECTION('',(-1.0,0.0,0.0));
#11033=DIRECTION('',(0.0,-1.0,0.0));
#11034=DIRECTION('',(1.0,0.0,0.0));
#11035=CARTESIAN_POINT('',(4.75,6.35,0.0));
#11036=DIRECTION('',(-0.0,0.0,-1.0));
#11037=DIRECTION('',(-0.718779514823358,-0.695238095238098,0.0));
#11038=CARTESIAN_POINT('',(3.87730303082914,7.38,0.0));
#11039=DIRECTION('',(0.0,0.0,1.0));
#11040=DIRECTION('',(-0.526315164546494,-0.850289566893771,0.0));
#11041=DIRECTION('',(0.850289566893772,-0.526315164546493,0.0));
#11042=CARTESIAN_POINT('',(0.4,9.65,0.0));
#11043=DIRECTION('',(0.0,-0.0,1.0));
#11044=DIRECTION('',(0.400000000000001,0.916515138991168,0.0));
#11045=DIRECTION('',(-0.916515138991161,0.400000000000016,0.0));
#11046=CARTESIAN_POINT('',(2.4,9.65,0.0));
#11047=DIRECTION('',(0.0,0.0,-1.0));
#11048=DIRECTION('',(0.4,0.916515138991168,0.0));
#11049=DIRECTION('',(0.776990464439755,-0.629512365382677,0.0));
#11050=CARTESIAN_POINT('',(0.4,12.3,0.0));
#11051=DIRECTION('',(0.0,-0.0,1.0));
#11052=DIRECTION('',(0.556389998119127,0.830921277855489,0.0));
#11053=DIRECTION('',(-0.830921277855488,0.556389998119128,0.0));
#11054=CARTESIAN_POINT('',(4.75,10.35,0.0));
#11055=DIRECTION('',(0.0,0.0,-1.0));
#11056=DIRECTION('',(0.556389998119126,0.830921277855489,0.0));
#11057=DIRECTION('',(0.455899050834247,-0.890031491267828,0.0));
#11058=CARTESIAN_POINT('',(4.65,12.3,0.0));
#11059=DIRECTION('',(0.0,-0.0,1.0));
#11060=DIRECTION('',(0.857782127852653,0.514013444509552,0.0));
#11061=DIRECTION('',(-0.514013444509556,0.857782127852651,0.0));
#11062=CARTESIAN_POINT('',(7.65,8.85,0.0));
#11063=DIRECTION('',(0.0,0.0,-1.0));
#11064=DIRECTION('',(0.857782127852652,0.514013444509554,0.0));
#11065=DIRECTION('',(-0.085781273213365,-0.996313993260104,0.0));
#11066=CARTESIAN_POINT('',(8.75,12.3,0.0));
#11067=DIRECTION('',(0.0,-0.0,1.0));
#11068=DIRECTION('',(0.997754065871519,0.066983759500738,0.0));
#11069=DIRECTION('',(-0.066983759500741,0.997754065871519,0.0));
#11070=DIRECTION('',(-1.0,0.0,0.0));
#11071=DIRECTION('',(0.085781273213374,0.996313993260103,0.0));
#11072=DIRECTION('',(0.0,0.0,1.0));
#11073=DIRECTION('',(0.0,0.0,1.0));
#11074=CARTESIAN_POINT('',(8.75,12.3,38.1));
#11075=DIRECTION('',(0.0,0.0,-1.0));
#11076=DIRECTION('',(0.997754065871519,0.066983759500738,0.0));
#11077=DIRECTION('',(0.0,0.0,1.0));
#11078=DIRECTION('',(0.066983759500741,-0.997754065871519,0.0));
#11079=DIRECTION('',(0.0,0.0,1.0));
#11080=DIRECTION('',(1.0,0.0,0.0));
#11081=DIRECTION('',(0.0,0.0,1.0));
#11082=DIRECTION('',(0.066983759500743,0.997754065871519,0.0));
#11083=DIRECTION('',(0.0,0.0,1.0));
#11084=CARTESIAN_POINT('',(26.15,12.3,38.1));
#11085=DIRECTION('',(0.0,0.0,-1.0));
#11086=DIRECTION('',(0.996313993260104,0.085781273213364,0.0));
#11087=DIRECTION('',(0.0,0.0,1.0));
#11088=DIRECTION('',(0.085781273213391,-0.996313993260102,0.0));
#11089=DIRECTION('',(0.0,0.0,1.0));
#11090=CARTESIAN_POINT('',(27.25,8.85,38.1));
#11091=DIRECTION('',(0.0,-0.0,1.0));
#11092=DIRECTION('',(0.996313993260104,0.085781273213366,0.0));
#11093=DIRECTION('',(0.0,0.0,1.0));
#11094=DIRECTION('',(0.514013444509543,0.857782127852659,0.0));
#11095=DIRECTION('',(0.0,0.0,1.0));
#11096=CARTESIAN_POINT('',(30.25,12.3,38.1));
#11097=DIRECTION('',(0.0,0.0,-1.0));
#11098=DIRECTION('',(0.890031491267828,-0.455899050834246,0.0));
#11099=DIRECTION('',(0.0,0.0,1.0));
#11100=DIRECTION('',(-0.455899050834219,-0.890031491267842,0.0));
#11101=DIRECTION('',(0.0,0.0,1.0));
#11102=CARTESIAN_POINT('',(30.15,10.35,38.1));
#11103=DIRECTION('',(0.0,0.0,1.0));
#11104=DIRECTION('',(0.890031491267825,-0.455899050834251,0.0));
#11105=DIRECTION('',(0.0,0.0,1.0));
#11106=DIRECTION('',(0.830921277855481,0.556389998119138,0.0));
#11107=DIRECTION('',(0.0,0.0,1.0));
#11108=CARTESIAN_POINT('',(34.5,12.3,38.1));
#11109=DIRECTION('',(0.0,0.0,-1.0));
#11110=DIRECTION('',(0.629512365382676,-0.776990464439756,0.0));
#11111=DIRECTION('',(0.0,0.0,1.0));
#11112=DIRECTION('',(-0.776990464439762,-0.629512365382669,0.0));
#11113=DIRECTION('',(0.0,0.0,1.0));
#11114=CARTESIAN_POINT('',(32.5,9.65,38.1));
#11115=DIRECTION('',(0.0,0.0,1.0));
#11116=DIRECTION('',(0.629512365382674,-0.776990464439758,0.0));
#11117=DIRECTION('',(0.0,0.0,1.0));
#11118=DIRECTION('',(0.916515138991163,0.400000000000011,0.0));
#11119=DIRECTION('',(0.0,0.0,1.0));
#11120=CARTESIAN_POINT('',(34.5,9.65,38.1));
#11121=DIRECTION('',(0.0,0.0,-1.0));
#11122=DIRECTION('',(0.52631516454649,-0.850289566893774,0.0));
#11123=DIRECTION('',(0.0,0.0,1.0));
#11124=DIRECTION('',(-0.850289566893772,-0.526315164546492,0.0));
#11125=DIRECTION('',(0.0,0.0,1.0));
#11126=CARTESIAN_POINT('',(31.0226969691709,7.38,38.1));
#11127=DIRECTION('',(-0.0,0.0,-1.0));
#11128=DIRECTION('',(-0.646442199385818,-0.762962962962965,0.0));
#11129=DIRECTION('',(0.0,0.0,1.0));
#11130=CARTESIAN_POINT('',(30.15,6.35,38.1));
#11131=DIRECTION('',(0.0,0.0,1.0));
#11132=DIRECTION('',(-0.646442199385819,-0.762962962962964,0.0));
#11133=DIRECTION('',(0.0,0.0,1.0));
#11134=DIRECTION('',(-1.0,0.0,0.0));
#11135=DIRECTION('',(0.0,0.0,1.0));
#11136=DIRECTION('',(0.0,-1.0,0.0));
#11137=DIRECTION('',(0.0,0.0,1.0));
#11138=DIRECTION('',(1.0,0.0,0.0));
#11139=DIRECTION('',(0.0,0.0,1.0));
#11140=CARTESIAN_POINT('',(30.15,6.35,38.1));
#11141=DIRECTION('',(0.0,-0.0,1.0));
#11142=DIRECTION('',(0.718779514823361,0.695238095238094,0.0));
#11143=DIRECTION('',(0.0,0.0,1.0));
#11144=CARTESIAN_POINT('',(31.0226969691709,5.32,38.1));
#11145=DIRECTION('',(0.0,0.0,-1.0));
#11146=DIRECTION('',(0.526315164546491,0.850289566893773,0.0));
#11147=DIRECTION('',(0.0,0.0,1.0));
#11148=DIRECTION('',(0.850289566893772,-0.526315164546493,0.0));
#11149=DIRECTION('',(0.0,0.0,1.0));
#11150=CARTESIAN_POINT('',(34.5,3.05,38.1));
#11151=DIRECTION('',(-0.0,0.0,-1.0));
#11152=DIRECTION('',(-0.400000000000001,-0.916515138991168,0.0));
#11153=DIRECTION('',(0.0,0.0,1.0));
#11154=DIRECTION('',(-0.916515138991167,0.400000000000002,0.0));
#11155=DIRECTION('',(0.0,0.0,1.0));
#11156=CARTESIAN_POINT('',(32.5,3.05,38.1));
#11157=DIRECTION('',(0.0,0.0,1.0));
#11158=DIRECTION('',(-0.4,-0.916515138991168,0.0));
#11159=DIRECTION('',(0.0,0.0,1.0));
#11160=DIRECTION('',(0.776990464439763,-0.629512365382668,0.0));
#11161=DIRECTION('',(0.0,0.0,1.0));
#11162=CARTESIAN_POINT('',(34.5,0.400000000000002,38.1));
#11163=DIRECTION('',(-0.0,0.0,-1.0));
#11164=DIRECTION('',(-0.55638999811913,-0.830921277855487,0.0));
#11165=DIRECTION('',(0.0,0.0,1.0));
#11166=DIRECTION('',(-0.830921277855482,0.556389998119136,0.0));
#11167=DIRECTION('',(0.0,0.0,1.0));
#11168=CARTESIAN_POINT('',(30.15,2.35,38.1));
#11169=DIRECTION('',(0.0,0.0,1.0));
#11170=DIRECTION('',(-0.556389998119125,-0.83092127785549,0.0));
#11171=DIRECTION('',(0.0,0.0,1.0));
#11172=DIRECTION('',(0.455899050834219,-0.890031491267842,0.0));
#11173=DIRECTION('',(0.0,0.0,1.0));
#11174=CARTESIAN_POINT('',(30.25,0.400000000000002,38.1));
#11175=DIRECTION('',(-0.0,0.0,-1.0));
#11176=DIRECTION('',(-0.857782127852651,-0.514013444509556,0.0));
#11177=DIRECTION('',(0.0,0.0,1.0));
#11178=DIRECTION('',(-0.514013444509542,0.85778212785266,0.0));
#11179=DIRECTION('',(0.0,0.0,1.0));
#11180=CARTESIAN_POINT('',(27.25,3.85,38.1));
#11181=DIRECTION('',(0.0,0.0,1.0));
#11182=DIRECTION('',(-0.857782127852653,-0.514013444509553,0.0));
#11183=DIRECTION('',(0.0,0.0,1.0));
#11184=DIRECTION('',(-0.085781273213389,-0.996313993260102,0.0));
#11185=DIRECTION('',(0.0,0.0,1.0));
#11186=CARTESIAN_POINT('',(26.15,0.400000000000001,38.1));
#11187=DIRECTION('',(-0.0,0.0,-1.0));
#11188=DIRECTION('',(-0.997754065871519,-0.066983759500736,0.0));
#11189=DIRECTION('',(0.0,0.0,1.0));
#11190=DIRECTION('',(-0.06698375950074,0.997754065871519,0.0));
#11191=DIRECTION('',(-0.066983759500736,-0.997754065871519,0.0));
#11192=DIRECTION('',(0.0,0.0,1.0));
#11193=CARTESIAN_POINT('',(8.75,0.400000000000001,38.1));
#11194=DIRECTION('',(-0.0,0.0,-1.0));
#11195=DIRECTION('',(-0.996313993260104,-0.085781273213367,0.0));
#11196=DIRECTION('',(0.0,0.0,1.0));
#11197=DIRECTION('',(-0.085781273213367,0.996313993260104,0.0));
#11198=DIRECTION('',(0.0,0.0,1.0));
#11199=CARTESIAN_POINT('',(7.65,3.85,38.1));
#11200=DIRECTION('',(0.0,0.0,1.0));
#11201=DIRECTION('',(-0.996313993260104,-0.085781273213367,0.0));
#11202=DIRECTION('',(0.0,0.0,1.0));
#11203=DIRECTION('',(-0.514013444509554,-0.857782127852652,0.0));
#11204=DIRECTION('',(0.0,0.0,1.0));
#11205=CARTESIAN_POINT('',(4.65,0.400000000000001,38.1));
#11206=DIRECTION('',(0.0,0.0,-1.0));
#11207=DIRECTION('',(-0.890031491267827,0.455899050834248,0.0));
#11208=DIRECTION('',(0.0,0.0,1.0));
#11209=DIRECTION('',(0.455899050834247,0.890031491267827,0.0));
#11210=DIRECTION('',(0.0,0.0,1.0));
#11211=CARTESIAN_POINT('',(4.75,2.35,38.1));
#11212=DIRECTION('',(0.0,0.0,1.0));
#11213=DIRECTION('',(-0.890031491267827,0.455899050834248,0.0));
#11214=DIRECTION('',(0.0,0.0,1.0));
#11215=DIRECTION('',(-0.830921277855488,-0.556389998119128,0.0));
#11216=DIRECTION('',(0.0,0.0,1.0));
#11217=CARTESIAN_POINT('',(0.4,0.4,38.1));
#11218=DIRECTION('',(0.0,0.0,-1.0));
#11219=DIRECTION('',(-0.629512365382676,0.776990464439756,0.0));
#11220=DIRECTION('',(0.0,0.0,1.0));
#11221=DIRECTION('',(0.776990464439756,0.629512365382677,0.0));
#11222=DIRECTION('',(0.0,0.0,1.0));
#11223=CARTESIAN_POINT('',(2.4,3.05,38.1));
#11224=DIRECTION('',(0.0,0.0,1.0));
#11225=DIRECTION('',(-0.629512365382677,0.776990464439756,0.0));
#11226=DIRECTION('',(0.0,0.0,1.0));
#11227=DIRECTION('',(-0.916515138991167,-0.400000000000003,0.0));
#11228=DIRECTION('',(0.0,0.0,1.0));
#11229=CARTESIAN_POINT('',(0.4,3.05,38.1));
#11230=DIRECTION('',(0.0,0.0,-1.0));
#11231=DIRECTION('',(-0.526315164546494,0.850289566893771,0.0));
#11232=DIRECTION('',(0.0,0.0,1.0));
#11233=DIRECTION('',(0.850289566893772,0.526315164546493,0.0));
#11234=DIRECTION('',(0.0,0.0,1.0));
#11235=CARTESIAN_POINT('',(3.87730303082914,5.32,38.1));
#11236=DIRECTION('',(0.0,0.0,-1.0));
#11237=DIRECTION('',(0.646442199385819,0.762962962962964,0.0));
#11238=DIRECTION('',(0.0,0.0,1.0));
#11239=CARTESIAN_POINT('',(4.75,6.35,38.1));
#11240=DIRECTION('',(0.0,-0.0,1.0));
#11241=DIRECTION('',(0.64644219938582,0.762962962962963,0.0));
#11242=DIRECTION('',(0.0,0.0,1.0));
#11243=DIRECTION('',(1.0,0.0,0.0));
#11244=DIRECTION('',(0.0,0.0,1.0));
#11245=DIRECTION('',(0.0,1.0,0.0));
#11246=DIRECTION('',(0.0,0.0,1.0));
#11247=DIRECTION('',(-1.0,0.0,0.0));
#11248=DIRECTION('',(0.0,0.0,1.0));
#11249=CARTESIAN_POINT('',(4.75,6.35,38.1));
#11250=DIRECTION('',(0.0,0.0,1.0));
#11251=DIRECTION('',(-0.718779514823358,-0.695238095238098,0.0));
#11252=DIRECTION('',(0.0,0.0,1.0));
#11253=CARTESIAN_POINT('',(3.87730303082914,7.38,38.1));
#11254=DIRECTION('',(-0.0,0.0,-1.0));
#11255=DIRECTION('',(-0.526315164546494,-0.850289566893771,0.0));
#11256=DIRECTION('',(0.0,0.0,1.0));
#11257=DIRECTION('',(-0.850289566893772,0.526315164546493,0.0));
#11258=DIRECTION('',(0.0,0.0,1.0));
#11259=CARTESIAN_POINT('',(0.4,9.65,38.1));
#11260=DIRECTION('',(0.0,0.0,-1.0));
#11261=DIRECTION('',(0.400000000000001,0.916515138991168,0.0));
#11262=DIRECTION('',(0.0,0.0,1.0));
#11263=DIRECTION('',(0.916515138991161,-0.400000000000016,0.0));
#11264=DIRECTION('',(0.0,0.0,1.0));
#11265=CARTESIAN_POINT('',(2.4,9.65,38.1));
#11266=DIRECTION('',(0.0,-0.0,1.0));
#11267=DIRECTION('',(0.4,0.916515138991168,0.0));
#11268=DIRECTION('',(0.0,0.0,1.0));
#11269=DIRECTION('',(-0.776990464439755,0.629512365382677,0.0));
#11270=DIRECTION('',(0.0,0.0,1.0));
#11271=CARTESIAN_POINT('',(0.4,12.3,38.1));
#11272=DIRECTION('',(0.0,0.0,-1.0));
#11273=DIRECTION('',(0.556389998119127,0.830921277855489,0.0));
#11274=DIRECTION('',(0.0,0.0,1.0));
#11275=DIRECTION('',(0.830921277855487,-0.556389998119129,0.0));
#11276=DIRECTION('',(0.0,0.0,1.0));
#11277=CARTESIAN_POINT('',(4.75,10.35,38.1));
#11278=DIRECTION('',(0.0,-0.0,1.0));
#11279=DIRECTION('',(0.556389998119126,0.830921277855489,0.0));
#11280=DIRECTION('',(0.0,0.0,1.0));
#11281=DIRECTION('',(-0.455899050834247,0.890031491267828,0.0));
#11282=DIRECTION('',(0.0,0.0,1.0));
#11283=CARTESIAN_POINT('',(4.65,12.3,38.1));
#11284=DIRECTION('',(0.0,0.0,-1.0));
#11285=DIRECTION('',(0.857782127852653,0.514013444509552,0.0));
#11286=DIRECTION('',(0.0,0.0,1.0));
#11287=DIRECTION('',(0.514013444509556,-0.857782127852651,0.0));
#11288=DIRECTION('',(0.0,0.0,1.0));
#11289=CARTESIAN_POINT('',(7.65,8.85,38.1));
#11290=DIRECTION('',(0.0,-0.0,1.0));
#11291=DIRECTION('',(0.857782127852652,0.514013444509554,0.0));
#11292=DIRECTION('',(-3.035766E-16,1.0,-0.0));
#11293=DIRECTION('',(-3.035766E-16,1.0,0.0));
#11294=DIRECTION('',(3.035766E-16,-1.0,-0.0));
#11295=DIRECTION('',(3.035766E-16,-1.0,0.0));
#11296=DIRECTION('',(3.035766E-16,-1.0,-0.0));
#11297=DIRECTION('',(3.035766E-16,-1.0,0.0));
#11298=DIRECTION('',(-3.035766E-16,1.0,-0.0));
#11299=DIRECTION('',(-3.035766E-16,1.0,0.0));
#11300=DIRECTION('',(-3.035766E-16,1.0,-0.0));
#11301=DIRECTION('',(-3.035766E-16,1.0,0.0));
#11302=DIRECTION('',(3.035766E-16,-1.0,-0.0));
#11303=DIRECTION('',(3.035766E-16,-1.0,0.0));
#11304=DIRECTION('',(3.035766E-16,-1.0,-0.0));
#11305=DIRECTION('',(3.035766E-16,-1.0,0.0));
#11306=DIRECTION('',(-3.035766E-16,1.0,-0.0));
#11307=DIRECTION('',(-3.035766E-16,1.0,0.0));
#11308=DIRECTION('',(-3.035766E-16,1.0,-0.0));
#11309=DIRECTION('',(-3.035766E-16,1.0,0.0));
#11310=DIRECTION('',(3.035766E-16,-1.0,-0.0));
#11311=DIRECTION('',(3.035766E-16,-1.0,0.0));
#11312=DIRECTION('',(3.035766E-16,-1.0,-0.0));
#11313=DIRECTION('',(3.035766E-16,-1.0,0.0));
#11314=DIRECTION('',(-3.035766E-16,1.0,-0.0));
#11315=DIRECTION('',(-3.035766E-16,1.0,0.0));
#11316=DIRECTION('',(-3.035766E-16,1.0,-0.0));
#11317=DIRECTION('',(-3.035766E-16,1.0,0.0));
#11318=DIRECTION('',(3.035766E-16,-1.0,-0.0));
#11319=DIRECTION('',(3.035766E-16,-1.0,0.0));
#11320=DIRECTION('',(3.035766E-16,-1.0,0.0));
#11321=DIRECTION('',(3.035766E-16,-1.0,0.0));
#11322=DIRECTION('',(-3.035766E-16,1.0,-0.0));
#11323=DIRECTION('',(-3.035766E-16,1.0,0.0));
#11324=DIRECTION('',(-3.035766E-16,1.0,-0.0));
#11325=DIRECTION('',(-3.035766E-16,1.0,0.0));
#11326=DIRECTION('',(3.035766E-16,-1.0,-0.0));
#11327=DIRECTION('',(3.035766E-16,-1.0,0.0));
#11328=DIRECTION('',(3.035766E-16,-1.0,0.0));
#11329=DIRECTION('',(3.035766E-16,-1.0,0.0));
#11330=DIRECTION('',(-3.035766E-16,1.0,-0.0));
#11331=DIRECTION('',(-3.035766E-16,1.0,0.0));
#11332=DIRECTION('',(3.035766E-16,9.215875206756E-32,1.0));
#11333=CARTESIAN_POINT('',(30.15,6.35,5.4));
#11334=DIRECTION('',(2.65718625181325E-16,-9.69542567306282E-17,1.0));
#11335=DIRECTION('',(-0.363727292655619,-0.931505478554696,6.33569483159778E-18));
#11336=CARTESIAN_POINT('',(30.15,6.35,5.4));
#11337=DIRECTION('',(2.65718625181325E-16,-9.69542567306282E-17,1.0));
#11338=DIRECTION('',(-0.363727292655619,-0.931505478554696,6.33569483159778E-18));
#11339=CARTESIAN_POINT('',(30.15,6.35,5.19353660062331));
#11340=DIRECTION('',(-0.68394112888133,-2.07628522505956E-16,0.729537204140085));
#11341=DIRECTION('',(0.729537204140085,2.21470424006353E-16,0.68394112888133));
#11342=CARTESIAN_POINT('',(30.15,6.35,4.30646339937668));
#11343=DIRECTION('',(-0.683941128881331,-2.07628522505956E-16,-0.729537204140084));
#11344=DIRECTION('',(0.729537204140084,2.21470424006353E-16,-0.683941128881331));
#11345=CARTESIAN_POINT('',(30.15,6.35,3.69353660062331));
#11346=DIRECTION('',(-0.68394112888133,-2.07628522505956E-16,0.729537204140085));
#11347=DIRECTION('',(0.729537204140085,2.21470424006353E-16,0.68394112888133));
#11348=CARTESIAN_POINT('',(30.15,6.35,2.80646339937668));
#11349=DIRECTION('',(-0.683941128881331,-2.07628522505956E-16,-0.729537204140084));
#11350=DIRECTION('',(0.729537204140084,2.21470424006353E-16,-0.683941128881331));
#11351=CARTESIAN_POINT('',(30.15,6.35,2.19353660062331));
#11352=DIRECTION('',(-0.68394112888133,-2.07628522505956E-16,0.729537204140085));
#11353=DIRECTION('',(0.729537204140085,2.21470424006353E-16,0.68394112888133));
#11354=CARTESIAN_POINT('',(30.15,6.35,1.30646339937668));
#11355=DIRECTION('',(-0.683941128881331,-2.07628522505956E-16,-0.729537204140084));
#11356=DIRECTION('',(0.729537204140084,2.21470424006353E-16,-0.683941128881331));
#11357=CARTESIAN_POINT('',(30.15,6.35,0.69353660062332));
#11358=DIRECTION('',(-0.68394112888133,-2.07628522505956E-16,0.729537204140085));
#11359=DIRECTION('',(0.729537204140085,2.21470424006353E-16,0.68394112888133));
#11360=CARTESIAN_POINT('',(30.15,6.35,-0.19353660062332));
#11361=DIRECTION('',(-0.683941128881331,-2.07628522505956E-16,-0.729537204140084));
#11362=DIRECTION('',(0.729537204140084,2.21470424006353E-16,-0.683941128881331));
#11363=CARTESIAN_POINT('',(30.15,6.35,-0.80646339937668));
#11364=DIRECTION('',(-0.68394112888133,-2.07628522505956E-16,0.729537204140085));
#11365=DIRECTION('',(0.729537204140085,2.21470424006353E-16,0.68394112888133));
#11366=CARTESIAN_POINT('',(30.15,6.35,-1.69353660062332));
#11367=DIRECTION('',(-0.683941128881331,-2.07628522505956E-16,-0.729537204140084));
#11368=DIRECTION('',(0.729537204140084,2.21470424006353E-16,-0.683941128881331));
#11369=CARTESIAN_POINT('',(30.15,6.35,-2.30646339937668));
#11370=DIRECTION('',(-0.68394112888133,-2.07628522505956E-16,0.729537204140085));
#11371=DIRECTION('',(0.729537204140085,2.21470424006353E-16,0.68394112888133));
#11372=CARTESIAN_POINT('',(30.15,6.35,-3.19353660062332));
#11373=DIRECTION('',(-0.683941128881331,-2.07628522505956E-16,-0.729537204140084));
#11374=DIRECTION('',(0.729537204140084,2.21470424006353E-16,-0.683941128881331));
#11375=CARTESIAN_POINT('',(30.15,6.35,-3.80646339937668));
#11376=DIRECTION('',(-0.68394112888133,-2.07628522505956E-16,0.729537204140085));
#11377=DIRECTION('',(0.729537204140085,2.21470424006353E-16,0.68394112888133));
#11378=CARTESIAN_POINT('',(30.15,6.35,-4.69353660062332));
#11379=DIRECTION('',(-0.683941128881331,-2.07628522505956E-16,-0.729537204140084));
#11380=DIRECTION('',(0.729537204140084,2.21470424006353E-16,-0.683941128881331));
#11381=CARTESIAN_POINT('',(30.15,6.35,-4.4));
#11382=DIRECTION('',(-2.94729345733451E-16,-5.12841557484671E-17,-1.0));
#11383=DIRECTION('',(0.17000317885012,-0.985443513947326,4.32712975488672E-19));
#11384=DIRECTION('',(-3.035766E-16,-9.215875206756E-32,-1.0));
#11385=CARTESIAN_POINT('',(30.15,6.35,5.4));
#11386=DIRECTION('',(2.65718625181325E-16,-9.69542567306282E-17,1.0));
#11387=DIRECTION('',(-0.363727292655619,-0.931505478554696,6.33569483159778E-18));
#11388=CARTESIAN_POINT('',(30.15,6.35,5.4));
#11389=DIRECTION('',(2.65718625181325E-16,-9.69542567306282E-17,1.0));
#11390=DIRECTION('',(-0.363727292655619,-0.931505478554696,6.33569483159778E-18));
#11391=CARTESIAN_POINT('',(30.15,6.35,-4.4));
#11392=DIRECTION('',(-2.94729345733451E-16,-5.12841557484671E-17,-1.0));
#11393=DIRECTION('',(0.17000317885012,-0.985443513947326,4.32712975488672E-19));
#11394=CARTESIAN_POINT('',(30.15,6.35,-4.4));
#11395=DIRECTION('',(-2.94729345733451E-16,-5.12841557484671E-17,-1.0));
#11396=DIRECTION('',(0.17000317885012,-0.985443513947326,4.32712975488672E-19));
#11397=DIRECTION('',(-3.035766E-16,1.0,-0.0));
#11398=DIRECTION('',(-3.035766E-16,1.0,0.0));
#11399=DIRECTION('',(3.035766E-16,-1.0,-0.0));
#11400=DIRECTION('',(3.035766E-16,-1.0,0.0));
#11401=DIRECTION('',(3.035766E-16,-1.0,-0.0));
#11402=DIRECTION('',(3.035766E-16,-1.0,0.0));
#11403=DIRECTION('',(-3.035766E-16,1.0,-0.0));
#11404=DIRECTION('',(-3.035766E-16,1.0,0.0));
#11405=DIRECTION('',(3.035766E-16,-1.0,-0.0));
#11406=DIRECTION('',(3.035766E-16,-1.0,0.0));
#11407=DIRECTION('',(-3.035766E-16,-5.70205E-16,-1.0));
#11408=CARTESIAN_POINT('',(30.15,6.35,-4.5));
#11409=DIRECTION('',(-3.035766E-16,-9.215875206756E-32,-1.0));
#11410=DIRECTION('',(1.0,3.035766E-16,-3.035766E-16));
#11411=CARTESIAN_POINT('',(30.15,6.35,-4.69353660062332));
#11412=DIRECTION('',(0.683941128881331,2.07628522505956E-16,0.729537204140084));
#11413=DIRECTION('',(0.729537204140084,2.21470424006353E-16,-0.683941128881331));
#11414=CARTESIAN_POINT('',(30.15,6.35,-3.80646339937668));
#11415=DIRECTION('',(0.68394112888133,2.07628522505956E-16,-0.729537204140085));
#11416=DIRECTION('',(0.729537204140085,2.21470424006353E-16,0.68394112888133));
#11417=CARTESIAN_POINT('',(30.15,6.35,-3.19353660062332));
#11418=DIRECTION('',(0.683941128881331,2.07628522505956E-16,0.729537204140084));
#11419=DIRECTION('',(0.729537204140084,2.21470424006353E-16,-0.683941128881331));
#11420=CARTESIAN_POINT('',(30.15,6.35,-2.30646339937668));
#11421=DIRECTION('',(0.68394112888133,2.07628522505956E-16,-0.729537204140085));
#11422=DIRECTION('',(0.729537204140085,2.21470424006353E-16,0.68394112888133));
#11423=CARTESIAN_POINT('',(30.15,6.35,-1.69353660062332));
#11424=DIRECTION('',(0.683941128881331,2.07628522505956E-16,0.729537204140084));
#11425=DIRECTION('',(0.729537204140084,2.21470424006353E-16,-0.683941128881331));
#11426=CARTESIAN_POINT('',(30.15,6.35,-0.80646339937668));
#11427=DIRECTION('',(0.68394112888133,2.07628522505956E-16,-0.729537204140085));
#11428=DIRECTION('',(0.729537204140085,2.21470424006353E-16,0.68394112888133));
#11429=CARTESIAN_POINT('',(30.15,6.35,-0.19353660062332));
#11430=DIRECTION('',(0.683941128881331,2.07628522505956E-16,0.729537204140084));
#11431=DIRECTION('',(0.729537204140084,2.21470424006353E-16,-0.683941128881331));
#11432=CARTESIAN_POINT('',(30.15,6.35,0.69353660062332));
#11433=DIRECTION('',(0.68394112888133,2.07628522505956E-16,-0.729537204140085));
#11434=DIRECTION('',(0.729537204140085,2.21470424006353E-16,0.68394112888133));
#11435=CARTESIAN_POINT('',(30.15,6.35,1.30646339937668));
#11436=DIRECTION('',(0.683941128881331,2.07628522505956E-16,0.729537204140084));
#11437=DIRECTION('',(0.729537204140084,2.21470424006353E-16,-0.683941128881331));
#11438=CARTESIAN_POINT('',(30.15,6.35,2.19353660062331));
#11439=DIRECTION('',(0.68394112888133,2.07628522505956E-16,-0.729537204140085));
#11440=DIRECTION('',(0.729537204140085,2.21470424006353E-16,0.68394112888133));
#11441=CARTESIAN_POINT('',(30.15,6.35,2.80646339937668));
#11442=DIRECTION('',(0.683941128881331,2.07628522505956E-16,0.729537204140084));
#11443=DIRECTION('',(0.729537204140084,2.21470424006353E-16,-0.683941128881331));
#11444=CARTESIAN_POINT('',(30.15,6.35,3.69353660062331));
#11445=DIRECTION('',(0.68394112888133,2.07628522505956E-16,-0.729537204140085));
#11446=DIRECTION('',(0.729537204140085,2.21470424006353E-16,0.68394112888133));
#11447=CARTESIAN_POINT('',(30.15,6.35,4.30646339937668));
#11448=DIRECTION('',(0.683941128881331,2.07628522505956E-16,0.729537204140084));
#11449=DIRECTION('',(0.729537204140084,2.21470424006353E-16,-0.683941128881331));
#11450=CARTESIAN_POINT('',(30.15,6.35,5.19353660062331));
#11451=DIRECTION('',(0.68394112888133,2.07628522505956E-16,-0.729537204140085));
#11452=DIRECTION('',(0.729537204140085,2.21470424006353E-16,0.68394112888133));
#11453=CARTESIAN_POINT('',(30.15,6.35,5.5));
#11454=DIRECTION('',(-3.035766E-16,-9.215875206756E-32,-1.0));
#11455=DIRECTION('',(1.0,3.035766E-16,-3.035766E-16));
#11456=DIRECTION('',(3.035766E-16,5.70205E-16,1.0));
#11457=CARTESIAN_POINT('',(30.15,6.35,-4.5));
#11458=DIRECTION('',(-3.035766E-16,-9.215875206756E-32,-1.0));
#11459=DIRECTION('',(1.0,3.035766E-16,-3.035766E-16));
#11460=CARTESIAN_POINT('',(30.15,6.35,5.5));
#11461=DIRECTION('',(-3.035766E-16,-9.215875206756E-32,-1.0));
#11462=DIRECTION('',(1.0,3.035766E-16,-3.035766E-16));
#11463=DIRECTION('',(-3.035766E-16,1.0,-0.0));
#11464=DIRECTION('',(-3.035766E-16,1.0,0.0));
#11465=CARTESIAN_POINT('',(30.15,5.45,-4.4));
#11466=DIRECTION('',(-1.0,3.79822709830392E-63,3.035766E-16));
#11467=DIRECTION('',(2.79772406129128E-47,-1.0,9.215875206756E-32));
#11468=CARTESIAN_POINT('',(30.15,6.35,-4.5));
#11469=DIRECTION('',(2.94802907243022E-16,5.08577443879127E-17,1.0));
#11470=DIRECTION('',(0.17000317885012,-0.985443513947326,2.97548866433728E-24));
#11471=CARTESIAN_POINT('',(30.15,7.25,-4.4));
#11472=DIRECTION('',(-1.0,3.79822709830392E-63,3.035766E-16));
#11473=DIRECTION('',(-2.79772406129128E-47,1.0,-9.215875206756E-32));
#11474=CARTESIAN_POINT('',(30.15,6.35,-4.4));
#11475=DIRECTION('',(-2.94729345733451E-16,-5.12841557484671E-17,-1.0));
#11476=DIRECTION('',(0.17000317885012,-0.985443513947326,4.32712975488672E-19));
#11477=CARTESIAN_POINT('',(30.15,6.35,-4.5));
#11478=DIRECTION('',(2.94802907243022E-16,5.08577443879127E-17,1.0));
#11479=DIRECTION('',(0.17000317885012,-0.985443513947326,2.97548866433728E-24));
#11480=CARTESIAN_POINT('',(30.15,5.45,5.4));
#11481=DIRECTION('',(-1.0,3.79822709830392E-63,3.035766E-16));
#11482=DIRECTION('',(2.79772406129128E-47,-1.0,9.215875206756E-32));
#11483=CARTESIAN_POINT('',(30.15,6.35,5.4));
#11484=DIRECTION('',(2.65718625181325E-16,-9.69542567306282E-17,1.0));
#11485=DIRECTION('',(-0.363727292655619,-0.931505478554696,6.33569483159778E-18));
#11486=CARTESIAN_POINT('',(30.15,6.35,5.5));
#11487=DIRECTION('',(-2.63414161116594E-16,1.02855997140403E-16,-1.0));
#11488=DIRECTION('',(-0.363727292655619,-0.931505478554696,-5.16840224792698E-24));
#11489=CARTESIAN_POINT('',(30.15,7.25,5.4));
#11490=DIRECTION('',(-1.0,3.79822709830392E-63,3.035766E-16));
#11491=DIRECTION('',(-2.79772406129128E-47,1.0,-9.215875206756E-32));
#11492=CARTESIAN_POINT('',(30.15,6.35,5.5));
#11493=DIRECTION('',(-2.63414161116594E-16,1.02855997140403E-16,-1.0));
#11494=DIRECTION('',(-0.363727292655619,-0.931505478554696,-5.16840224792698E-24));
#11495=CARTESIAN_POINT('',(30.15,6.35,5.5));
#11496=DIRECTION('',(-2.63414161116594E-16,1.02855997140403E-16,-1.0));
#11497=DIRECTION('',(-0.363727292655619,-0.931505478554696,-5.16840224792698E-24));
#11498=DIRECTION('',(3.035766E-16,-1.0,0.0));
#11499=CARTESIAN_POINT('',(30.15,6.35,5.5));
#11500=DIRECTION('',(-3.035766E-16,-9.215875206756E-32,-1.0));
#11501=DIRECTION('',(1.0,3.035766E-16,-3.035766E-16));
#11502=DIRECTION('',(-3.035766E-16,1.0,0.0));
#11503=CARTESIAN_POINT('',(30.15,6.35,5.125));
#11504=DIRECTION('',(0.68394112888133,2.07628522505956E-16,-0.729537204140085));
#11505=DIRECTION('',(0.729537204140085,2.21470424006353E-16,0.68394112888133));
#11506=CARTESIAN_POINT('',(30.15,6.35,5.125));
#11507=DIRECTION('',(-0.68394112888133,-2.07628522505956E-16,0.729537204140085));
#11508=DIRECTION('',(0.729537204140085,2.21470424006353E-16,0.68394112888133));
#11509=CARTESIAN_POINT('',(30.15,6.35,-4.5));
#11510=DIRECTION('',(2.94802907243022E-16,5.08577443879127E-17,1.0));
#11511=DIRECTION('',(0.17000317885012,-0.985443513947326,2.97548866433728E-24));
#11512=CARTESIAN_POINT('',(30.15,6.35,-4.4));
#11513=DIRECTION('',(-2.94729345733451E-16,-5.12841557484671E-17,-1.0));
#11514=DIRECTION('',(0.17000317885012,-0.985443513947326,4.32712975488672E-19));
#11515=DIRECTION('',(3.035766E-16,-1.0,0.0));
#11516=CARTESIAN_POINT('',(30.15,6.35,-4.5));
#11517=DIRECTION('',(-3.035766E-16,-9.215875206756E-32,-1.0));
#11518=DIRECTION('',(1.0,3.035766E-16,-3.035766E-16));
#11519=DIRECTION('',(-3.035766E-16,1.0,0.0));
#11520=DIRECTION('',(-3.035766E-16,1.0,0.0));
#11521=DIRECTION('',(3.035766E-16,-1.0,0.0));
#11522=CARTESIAN_POINT('',(30.15,6.35,4.375));
#11523=DIRECTION('',(-0.68394112888133,-2.07628522505956E-16,-0.729537204140085));
#11524=DIRECTION('',(0.729537204140085,2.21470424006353E-16,-0.68394112888133));
#11525=CARTESIAN_POINT('',(30.15,6.35,3.625));
#11526=DIRECTION('',(-0.68394112888133,-2.07628522505956E-16,0.729537204140085));
#11527=DIRECTION('',(0.729537204140085,2.21470424006353E-16,0.68394112888133));
#11528=CARTESIAN_POINT('',(30.15,6.35,2.875));
#11529=DIRECTION('',(-0.68394112888133,-2.07628522505956E-16,-0.729537204140085));
#11530=DIRECTION('',(0.729537204140085,2.21470424006353E-16,-0.68394112888133));
#11531=CARTESIAN_POINT('',(30.15,6.35,2.125));
#11532=DIRECTION('',(-0.68394112888133,-2.07628522505956E-16,0.729537204140085));
#11533=DIRECTION('',(0.729537204140085,2.21470424006353E-16,0.68394112888133));
#11534=CARTESIAN_POINT('',(30.15,6.35,1.37499999999999));
#11535=DIRECTION('',(-0.68394112888133,-2.07628522505956E-16,-0.729537204140085));
#11536=DIRECTION('',(0.729537204140085,2.21470424006353E-16,-0.68394112888133));
#11537=CARTESIAN_POINT('',(30.15,6.35,0.624999999999999));
#11538=DIRECTION('',(-0.68394112888133,-2.07628522505956E-16,0.729537204140085));
#11539=DIRECTION('',(0.729537204140085,2.21470424006353E-16,0.68394112888133));
#11540=CARTESIAN_POINT('',(30.15,6.35,-0.12500000000001));
#11541=DIRECTION('',(-0.68394112888133,-2.07628522505956E-16,-0.729537204140085));
#11542=DIRECTION('',(0.729537204140085,2.21470424006353E-16,-0.68394112888133));
#11543=CARTESIAN_POINT('',(30.15,6.35,-0.874999999999999));
#11544=DIRECTION('',(-0.68394112888133,-2.07628522505956E-16,0.729537204140085));
#11545=DIRECTION('',(0.729537204140085,2.21470424006353E-16,0.68394112888133));
#11546=CARTESIAN_POINT('',(30.15,6.35,-1.62500000000001));
#11547=DIRECTION('',(-0.68394112888133,-2.07628522505956E-16,-0.729537204140085));
#11548=DIRECTION('',(0.729537204140085,2.21470424006353E-16,-0.68394112888133));
#11549=CARTESIAN_POINT('',(30.15,6.35,-2.375));
#11550=DIRECTION('',(-0.68394112888133,-2.07628522505956E-16,0.729537204140085));
#11551=DIRECTION('',(0.729537204140085,2.21470424006353E-16,0.68394112888133));
#11552=CARTESIAN_POINT('',(30.15,6.35,-3.12500000000001));
#11553=DIRECTION('',(-0.68394112888133,-2.07628522505956E-16,-0.729537204140085));
#11554=DIRECTION('',(0.729537204140085,2.21470424006353E-16,-0.68394112888133));
#11555=CARTESIAN_POINT('',(30.15,6.35,-3.875));
#11556=DIRECTION('',(-0.68394112888133,-2.07628522505956E-16,0.729537204140085));
#11557=DIRECTION('',(0.729537204140085,2.21470424006353E-16,0.68394112888133));
#11558=CARTESIAN_POINT('',(30.15,6.35,-4.62500000000001));
#11559=DIRECTION('',(-0.68394112888133,-2.07628522505956E-16,-0.729537204140085));
#11560=DIRECTION('',(0.729537204140085,2.21470424006353E-16,-0.68394112888133));
#11561=DIRECTION('',(-3.035766E-16,1.0,0.0));
#11562=DIRECTION('',(3.035766E-16,-1.0,0.0));
#11563=CARTESIAN_POINT('',(30.15,6.35,2.875));
#11564=DIRECTION('',(0.68394112888133,2.07628522505956E-16,0.729537204140085));
#11565=DIRECTION('',(0.729537204140085,2.21470424006353E-16,-0.68394112888133));
#11566=DIRECTION('',(-3.035766E-16,1.0,0.0));
#11567=DIRECTION('',(-3.035766E-16,1.0,0.0));
#11568=DIRECTION('',(3.035766E-16,-1.0,0.0));
#11569=CARTESIAN_POINT('',(30.15,6.35,-4.62500000000001));
#11570=DIRECTION('',(0.68394112888133,2.07628522505956E-16,0.729537204140085));
#11571=DIRECTION('',(0.729537204140085,2.21470424006353E-16,-0.68394112888133));
#11572=CARTESIAN_POINT('',(30.15,6.35,-3.875));
#11573=DIRECTION('',(0.68394112888133,2.07628522505956E-16,-0.729537204140085));
#11574=DIRECTION('',(0.729537204140085,2.21470424006353E-16,0.68394112888133));
#11575=CARTESIAN_POINT('',(30.15,6.35,-3.12500000000001));
#11576=DIRECTION('',(0.68394112888133,2.07628522505956E-16,0.729537204140085));
#11577=DIRECTION('',(0.729537204140085,2.21470424006353E-16,-0.68394112888133));
#11578=CARTESIAN_POINT('',(30.15,6.35,-2.375));
#11579=DIRECTION('',(0.68394112888133,2.07628522505956E-16,-0.729537204140085));
#11580=DIRECTION('',(0.729537204140085,2.21470424006353E-16,0.68394112888133));
#11581=CARTESIAN_POINT('',(30.15,6.35,-1.62500000000001));
#11582=DIRECTION('',(0.68394112888133,2.07628522505956E-16,0.729537204140085));
#11583=DIRECTION('',(0.729537204140085,2.21470424006353E-16,-0.68394112888133));
#11584=CARTESIAN_POINT('',(30.15,6.35,-0.874999999999999));
#11585=DIRECTION('',(0.68394112888133,2.07628522505956E-16,-0.729537204140085));
#11586=DIRECTION('',(0.729537204140085,2.21470424006353E-16,0.68394112888133));
#11587=CARTESIAN_POINT('',(30.15,6.35,-0.12500000000001));
#11588=DIRECTION('',(0.68394112888133,2.07628522505956E-16,0.729537204140085));
#11589=DIRECTION('',(0.729537204140085,2.21470424006353E-16,-0.68394112888133));
#11590=CARTESIAN_POINT('',(30.15,6.35,0.624999999999999));
#11591=DIRECTION('',(0.68394112888133,2.07628522505956E-16,-0.729537204140085));
#11592=DIRECTION('',(0.729537204140085,2.21470424006353E-16,0.68394112888133));
#11593=CARTESIAN_POINT('',(30.15,6.35,1.37499999999999));
#11594=DIRECTION('',(0.68394112888133,2.07628522505956E-16,0.729537204140085));
#11595=DIRECTION('',(0.729537204140085,2.21470424006353E-16,-0.68394112888133));
#11596=CARTESIAN_POINT('',(30.15,6.35,2.125));
#11597=DIRECTION('',(0.68394112888133,2.07628522505956E-16,-0.729537204140085));
#11598=DIRECTION('',(0.729537204140085,2.21470424006353E-16,0.68394112888133));
#11599=CARTESIAN_POINT('',(30.15,6.35,3.625));
#11600=DIRECTION('',(0.68394112888133,2.07628522505956E-16,-0.729537204140085));
#11601=DIRECTION('',(0.729537204140085,2.21470424006353E-16,0.68394112888133));
#11602=CARTESIAN_POINT('',(30.15,6.35,4.375));
#11603=DIRECTION('',(0.68394112888133,2.07628522505956E-16,0.729537204140085));
#11604=DIRECTION('',(0.729537204140085,2.21470424006353E-16,-0.68394112888133));
#11605=DIRECTION('',(3.035766E-16,-1.0,0.0));
#11606=DIRECTION('',(-3.035766E-16,1.0,0.0));
#11607=DIRECTION('',(-3.035766E-16,1.0,0.0));
#11608=DIRECTION('',(3.035766E-16,-1.0,0.0));
#11609=DIRECTION('',(3.035766E-16,-1.0,0.0));
#11610=DIRECTION('',(-3.035766E-16,1.0,0.0));
#11611=DIRECTION('',(-3.035766E-16,1.0,0.0));
#11612=DIRECTION('',(3.035766E-16,-1.0,0.0));
#11613=DIRECTION('',(3.035766E-16,-1.0,0.0));
#11614=DIRECTION('',(-3.035766E-16,1.0,0.0));
#11615=DIRECTION('',(-3.035766E-16,1.0,0.0));
#11616=DIRECTION('',(3.035766E-16,-1.0,0.0));
#11617=DIRECTION('',(3.035766E-16,-1.0,0.0));
#11618=DIRECTION('',(-3.035766E-16,1.0,0.0));
#11619=DIRECTION('',(-3.035766E-16,1.0,0.0));
#11620=DIRECTION('',(3.035766E-16,-1.0,0.0));
#11621=DIRECTION('',(3.035766E-16,-1.0,0.0));
#11622=DIRECTION('',(-3.035766E-16,1.0,0.0));
#11623=DIRECTION('',(3.035766E-16,-1.0,0.0));
#11624=DIRECTION('',(-3.035766E-16,1.0,-0.0));
#11625=DIRECTION('',(-3.035766E-16,1.0,0.0));
#11626=DIRECTION('',(3.035766E-16,-1.0,-0.0));
#11627=DIRECTION('',(3.035766E-16,-1.0,0.0));
#11628=DIRECTION('',(3.035766E-16,-1.0,-0.0));
#11629=DIRECTION('',(3.035766E-16,-1.0,0.0));
#11630=DIRECTION('',(-3.035766E-16,1.0,-0.0));
#11631=DIRECTION('',(-3.035766E-16,1.0,0.0));
#11632=DIRECTION('',(-3.035766E-16,1.0,-0.0));
#11633=DIRECTION('',(-3.035766E-16,1.0,0.0));
#11634=DIRECTION('',(3.035766E-16,-1.0,-0.0));
#11635=DIRECTION('',(3.035766E-16,-1.0,0.0));
#11636=DIRECTION('',(3.035766E-16,-1.0,-0.0));
#11637=DIRECTION('',(3.035766E-16,-1.0,0.0));
#11638=DIRECTION('',(-3.035766E-16,1.0,-0.0));
#11639=DIRECTION('',(-3.035766E-16,1.0,0.0));
#11640=DIRECTION('',(-3.035766E-16,1.0,-0.0));
#11641=DIRECTION('',(-3.035766E-16,1.0,0.0));
#11642=DIRECTION('',(3.035766E-16,-1.0,-0.0));
#11643=DIRECTION('',(3.035766E-16,-1.0,0.0));
#11644=DIRECTION('',(3.035766E-16,-1.0,-0.0));
#11645=DIRECTION('',(3.035766E-16,-1.0,0.0));
#11646=DIRECTION('',(-3.035766E-16,1.0,-0.0));
#11647=DIRECTION('',(-3.035766E-16,1.0,0.0));
#11648=DIRECTION('',(-3.035766E-16,1.0,-0.0));
#11649=DIRECTION('',(-3.035766E-16,1.0,0.0));
#11650=DIRECTION('',(3.035766E-16,-1.0,-0.0));
#11651=DIRECTION('',(3.035766E-16,-1.0,0.0));
#11652=DIRECTION('',(3.035766E-16,-1.0,0.0));
#11653=DIRECTION('',(3.035766E-16,-1.0,0.0));
#11654=DIRECTION('',(-3.035766E-16,1.0,-0.0));
#11655=DIRECTION('',(-3.035766E-16,1.0,0.0));
#11656=DIRECTION('',(-3.035766E-16,1.0,-0.0));
#11657=DIRECTION('',(-3.035766E-16,1.0,0.0));
#11658=DIRECTION('',(3.035766E-16,-1.0,-0.0));
#11659=DIRECTION('',(3.035766E-16,-1.0,0.0));
#11660=DIRECTION('',(3.035766E-16,-1.0,0.0));
#11661=DIRECTION('',(3.035766E-16,-1.0,0.0));
#11662=DIRECTION('',(-3.035766E-16,1.0,-0.0));
#11663=DIRECTION('',(-3.035766E-16,1.0,0.0));
#11664=DIRECTION('',(3.035766E-16,9.215875206756E-32,1.0));
#11665=CARTESIAN_POINT('',(4.75000000000001,6.35,5.4));
#11666=DIRECTION('',(2.65718625181325E-16,-9.69542567306282E-17,1.0));
#11667=DIRECTION('',(-0.363727292655619,-0.931505478554696,6.33569483159778E-18));
#11668=CARTESIAN_POINT('',(4.75000000000001,6.35,5.4));
#11669=DIRECTION('',(2.65718625181325E-16,-9.69542567306282E-17,1.0));
#11670=DIRECTION('',(-0.363727292655619,-0.931505478554696,6.33569483159778E-18));
#11671=CARTESIAN_POINT('',(4.75000000000001,6.35,5.19353660062331));
#11672=DIRECTION('',(-0.68394112888133,-2.07628522505956E-16,0.729537204140085));
#11673=DIRECTION('',(0.729537204140085,2.21470424006353E-16,0.68394112888133));
#11674=CARTESIAN_POINT('',(4.75000000000001,6.35,4.30646339937668));
#11675=DIRECTION('',(-0.683941128881331,-2.07628522505956E-16,-0.729537204140084));
#11676=DIRECTION('',(0.729537204140084,2.21470424006353E-16,-0.683941128881331));
#11677=CARTESIAN_POINT('',(4.75000000000001,6.35,3.69353660062331));
#11678=DIRECTION('',(-0.68394112888133,-2.07628522505956E-16,0.729537204140085));
#11679=DIRECTION('',(0.729537204140085,2.21470424006353E-16,0.68394112888133));
#11680=CARTESIAN_POINT('',(4.75000000000001,6.35,2.80646339937668));
#11681=DIRECTION('',(-0.683941128881331,-2.07628522505956E-16,-0.729537204140084));
#11682=DIRECTION('',(0.729537204140084,2.21470424006353E-16,-0.683941128881331));
#11683=CARTESIAN_POINT('',(4.75000000000001,6.35,2.19353660062331));
#11684=DIRECTION('',(-0.68394112888133,-2.07628522505956E-16,0.729537204140085));
#11685=DIRECTION('',(0.729537204140085,2.21470424006353E-16,0.68394112888133));
#11686=CARTESIAN_POINT('',(4.75000000000001,6.35,1.30646339937668));
#11687=DIRECTION('',(-0.683941128881331,-2.07628522505956E-16,-0.729537204140084));
#11688=DIRECTION('',(0.729537204140084,2.21470424006353E-16,-0.683941128881331));
#11689=CARTESIAN_POINT('',(4.75000000000001,6.35,0.69353660062332));
#11690=DIRECTION('',(-0.68394112888133,-2.07628522505956E-16,0.729537204140085));
#11691=DIRECTION('',(0.729537204140085,2.21470424006353E-16,0.68394112888133));
#11692=CARTESIAN_POINT('',(4.75000000000001,6.35,-0.19353660062332));
#11693=DIRECTION('',(-0.683941128881331,-2.07628522505956E-16,-0.729537204140084));
#11694=DIRECTION('',(0.729537204140084,2.21470424006353E-16,-0.683941128881331));
#11695=CARTESIAN_POINT('',(4.75000000000001,6.35,-0.80646339937668));
#11696=DIRECTION('',(-0.68394112888133,-2.07628522505956E-16,0.729537204140085));
#11697=DIRECTION('',(0.729537204140085,2.21470424006353E-16,0.68394112888133));
#11698=CARTESIAN_POINT('',(4.75000000000001,6.35,-1.69353660062332));
#11699=DIRECTION('',(-0.683941128881331,-2.07628522505956E-16,-0.729537204140084));
#11700=DIRECTION('',(0.729537204140084,2.21470424006353E-16,-0.683941128881331));
#11701=CARTESIAN_POINT('',(4.75000000000001,6.35,-2.30646339937668));
#11702=DIRECTION('',(-0.68394112888133,-2.07628522505956E-16,0.729537204140085));
#11703=DIRECTION('',(0.729537204140085,2.21470424006353E-16,0.68394112888133));
#11704=CARTESIAN_POINT('',(4.75000000000001,6.35,-3.19353660062332));
#11705=DIRECTION('',(-0.683941128881331,-2.07628522505956E-16,-0.729537204140084));
#11706=DIRECTION('',(0.729537204140084,2.21470424006353E-16,-0.683941128881331));
#11707=CARTESIAN_POINT('',(4.75000000000001,6.35,-3.80646339937668));
#11708=DIRECTION('',(-0.68394112888133,-2.07628522505956E-16,0.729537204140085));
#11709=DIRECTION('',(0.729537204140085,2.21470424006353E-16,0.68394112888133));
#11710=CARTESIAN_POINT('',(4.75000000000001,6.35,-4.69353660062332));
#11711=DIRECTION('',(-0.683941128881331,-2.07628522505956E-16,-0.729537204140084));
#11712=DIRECTION('',(0.729537204140084,2.21470424006353E-16,-0.683941128881331));
#11713=CARTESIAN_POINT('',(4.75000000000001,6.35,-4.4));
#11714=DIRECTION('',(-2.94729345733451E-16,-5.12841557484671E-17,-1.0));
#11715=DIRECTION('',(0.17000317885012,-0.985443513947326,4.32712975488672E-19));
#11716=DIRECTION('',(-3.035766E-16,-9.215875206756E-32,-1.0));
#11717=CARTESIAN_POINT('',(4.75000000000001,6.35,5.4));
#11718=DIRECTION('',(2.65718625181325E-16,-9.69542567306282E-17,1.0));
#11719=DIRECTION('',(-0.363727292655619,-0.931505478554696,6.33569483159778E-18));
#11720=CARTESIAN_POINT('',(4.75000000000001,6.35,5.4));
#11721=DIRECTION('',(2.65718625181325E-16,-9.69542567306282E-17,1.0));
#11722=DIRECTION('',(-0.363727292655619,-0.931505478554696,6.33569483159778E-18));
#11723=CARTESIAN_POINT('',(4.75000000000001,6.35,-4.4));
#11724=DIRECTION('',(-2.94729345733451E-16,-5.12841557484671E-17,-1.0));
#11725=DIRECTION('',(0.17000317885012,-0.985443513947326,4.32712975488672E-19));
#11726=CARTESIAN_POINT('',(4.75000000000001,6.35,-4.4));
#11727=DIRECTION('',(-2.94729345733451E-16,-5.12841557484671E-17,-1.0));
#11728=DIRECTION('',(0.17000317885012,-0.985443513947326,4.32712975488672E-19));
#11729=DIRECTION('',(-3.035766E-16,1.0,-0.0));
#11730=DIRECTION('',(-3.035766E-16,1.0,0.0));
#11731=DIRECTION('',(3.035766E-16,-1.0,-0.0));
#11732=DIRECTION('',(3.035766E-16,-1.0,0.0));
#11733=DIRECTION('',(3.035766E-16,-1.0,-0.0));
#11734=DIRECTION('',(3.035766E-16,-1.0,0.0));
#11735=DIRECTION('',(-3.035766E-16,1.0,-0.0));
#11736=DIRECTION('',(-3.035766E-16,1.0,0.0));
#11737=DIRECTION('',(3.035766E-16,-1.0,-0.0));
#11738=DIRECTION('',(3.035766E-16,-1.0,0.0));
#11739=DIRECTION('',(-3.035766E-16,-5.70205E-16,-1.0));
#11740=CARTESIAN_POINT('',(4.75000000000001,6.35,-4.5));
#11741=DIRECTION('',(-3.035766E-16,-9.215875206756E-32,-1.0));
#11742=DIRECTION('',(1.0,3.035766E-16,-3.035766E-16));
#11743=CARTESIAN_POINT('',(4.75000000000001,6.35,-4.69353660062332));
#11744=DIRECTION('',(0.683941128881331,2.07628522505956E-16,0.729537204140084));
#11745=DIRECTION('',(0.729537204140084,2.21470424006353E-16,-0.683941128881331));
#11746=CARTESIAN_POINT('',(4.75000000000001,6.35,-3.80646339937668));
#11747=DIRECTION('',(0.68394112888133,2.07628522505956E-16,-0.729537204140085));
#11748=DIRECTION('',(0.729537204140085,2.21470424006353E-16,0.68394112888133));
#11749=CARTESIAN_POINT('',(4.75000000000001,6.35,-3.19353660062332));
#11750=DIRECTION('',(0.683941128881331,2.07628522505956E-16,0.729537204140084));
#11751=DIRECTION('',(0.729537204140084,2.21470424006353E-16,-0.683941128881331));
#11752=CARTESIAN_POINT('',(4.75000000000001,6.35,-2.30646339937668));
#11753=DIRECTION('',(0.68394112888133,2.07628522505956E-16,-0.729537204140085));
#11754=DIRECTION('',(0.729537204140085,2.21470424006353E-16,0.68394112888133));
#11755=CARTESIAN_POINT('',(4.75000000000001,6.35,-1.69353660062332));
#11756=DIRECTION('',(0.683941128881331,2.07628522505956E-16,0.729537204140084));
#11757=DIRECTION('',(0.729537204140084,2.21470424006353E-16,-0.683941128881331));
#11758=CARTESIAN_POINT('',(4.75000000000001,6.35,-0.80646339937668));
#11759=DIRECTION('',(0.68394112888133,2.07628522505956E-16,-0.729537204140085));
#11760=DIRECTION('',(0.729537204140085,2.21470424006353E-16,0.68394112888133));
#11761=CARTESIAN_POINT('',(4.75000000000001,6.35,-0.19353660062332));
#11762=DIRECTION('',(0.683941128881331,2.07628522505956E-16,0.729537204140084));
#11763=DIRECTION('',(0.729537204140084,2.21470424006353E-16,-0.683941128881331));
#11764=CARTESIAN_POINT('',(4.75000000000001,6.35,0.69353660062332));
#11765=DIRECTION('',(0.68394112888133,2.07628522505956E-16,-0.729537204140085));
#11766=DIRECTION('',(0.729537204140085,2.21470424006353E-16,0.68394112888133));
#11767=CARTESIAN_POINT('',(4.75000000000001,6.35,1.30646339937668));
#11768=DIRECTION('',(0.683941128881331,2.07628522505956E-16,0.729537204140084));
#11769=DIRECTION('',(0.729537204140084,2.21470424006353E-16,-0.683941128881331));
#11770=CARTESIAN_POINT('',(4.75000000000001,6.35,2.19353660062331));
#11771=DIRECTION('',(0.68394112888133,2.07628522505956E-16,-0.729537204140085));
#11772=DIRECTION('',(0.729537204140085,2.21470424006353E-16,0.68394112888133));
#11773=CARTESIAN_POINT('',(4.75000000000001,6.35,2.80646339937668));
#11774=DIRECTION('',(0.683941128881331,2.07628522505956E-16,0.729537204140084));
#11775=DIRECTION('',(0.729537204140084,2.21470424006353E-16,-0.683941128881331));
#11776=CARTESIAN_POINT('',(4.75000000000001,6.35,3.69353660062331));
#11777=DIRECTION('',(0.68394112888133,2.07628522505956E-16,-0.729537204140085));
#11778=DIRECTION('',(0.729537204140085,2.21470424006353E-16,0.68394112888133));
#11779=CARTESIAN_POINT('',(4.75000000000001,6.35,4.30646339937668));
#11780=DIRECTION('',(0.683941128881331,2.07628522505956E-16,0.729537204140084));
#11781=DIRECTION('',(0.729537204140084,2.21470424006353E-16,-0.683941128881331));
#11782=CARTESIAN_POINT('',(4.75000000000001,6.35,5.19353660062331));
#11783=DIRECTION('',(0.68394112888133,2.07628522505956E-16,-0.729537204140085));
#11784=DIRECTION('',(0.729537204140085,2.21470424006353E-16,0.68394112888133));
#11785=CARTESIAN_POINT('',(4.75000000000001,6.35,5.5));
#11786=DIRECTION('',(-3.035766E-16,-9.215875206756E-32,-1.0));
#11787=DIRECTION('',(1.0,3.035766E-16,-3.035766E-16));
#11788=DIRECTION('',(3.035766E-16,5.70205E-16,1.0));
#11789=CARTESIAN_POINT('',(4.75000000000001,6.35,-4.5));
#11790=DIRECTION('',(-3.035766E-16,-9.215875206756E-32,-1.0));
#11791=DIRECTION('',(1.0,3.035766E-16,-3.035766E-16));
#11792=CARTESIAN_POINT('',(4.75000000000001,6.35,5.5));
#11793=DIRECTION('',(-3.035766E-16,-9.215875206756E-32,-1.0));
#11794=DIRECTION('',(1.0,3.035766E-16,-3.035766E-16));
#11795=DIRECTION('',(-3.035766E-16,1.0,-0.0));
#11796=DIRECTION('',(-3.035766E-16,1.0,0.0));
#11797=CARTESIAN_POINT('',(4.75000000000001,5.45,-4.4));
#11798=DIRECTION('',(-1.0,3.79822709830392E-63,3.035766E-16));
#11799=DIRECTION('',(2.79772406129128E-47,-1.0,9.215875206756E-32));
#11800=CARTESIAN_POINT('',(4.75000000000001,6.35,-4.5));
#11801=DIRECTION('',(2.94802907243022E-16,5.08577443879127E-17,1.0));
#11802=DIRECTION('',(0.17000317885012,-0.985443513947326,2.97548866433728E-24));
#11803=CARTESIAN_POINT('',(4.75000000000001,7.25,-4.4));
#11804=DIRECTION('',(-1.0,3.79822709830392E-63,3.035766E-16));
#11805=DIRECTION('',(-2.79772406129128E-47,1.0,-9.215875206756E-32));
#11806=CARTESIAN_POINT('',(4.75000000000001,6.35,-4.4));
#11807=DIRECTION('',(-2.94729345733451E-16,-5.12841557484671E-17,-1.0));
#11808=DIRECTION('',(0.17000317885012,-0.985443513947326,4.32712975488672E-19));
#11809=CARTESIAN_POINT('',(4.75000000000001,6.35,-4.5));
#11810=DIRECTION('',(2.94802907243022E-16,5.08577443879127E-17,1.0));
#11811=DIRECTION('',(0.17000317885012,-0.985443513947326,2.97548866433728E-24));
#11812=CARTESIAN_POINT('',(4.75000000000001,5.45,5.4));
#11813=DIRECTION('',(-1.0,3.79822709830392E-63,3.035766E-16));
#11814=DIRECTION('',(2.79772406129128E-47,-1.0,9.215875206756E-32));
#11815=CARTESIAN_POINT('',(4.75000000000001,6.35,5.4));
#11816=DIRECTION('',(2.65718625181325E-16,-9.69542567306282E-17,1.0));
#11817=DIRECTION('',(-0.363727292655619,-0.931505478554696,6.33569483159778E-18));
#11818=CARTESIAN_POINT('',(4.75000000000001,6.35,5.5));
#11819=DIRECTION('',(-2.63414161116594E-16,1.02855997140403E-16,-1.0));
#11820=DIRECTION('',(-0.363727292655619,-0.931505478554696,-5.16840224792698E-24));
#11821=CARTESIAN_POINT('',(4.75000000000001,7.25,5.4));
#11822=DIRECTION('',(-1.0,3.79822709830392E-63,3.035766E-16));
#11823=DIRECTION('',(-2.79772406129128E-47,1.0,-9.215875206756E-32));
#11824=CARTESIAN_POINT('',(4.75000000000001,6.35,5.5));
#11825=DIRECTION('',(-2.63414161116594E-16,1.02855997140403E-16,-1.0));
#11826=DIRECTION('',(-0.363727292655619,-0.931505478554696,-5.16840224792698E-24));
#11827=CARTESIAN_POINT('',(4.75000000000001,6.35,5.5));
#11828=DIRECTION('',(-2.63414161116594E-16,1.02855997140403E-16,-1.0));
#11829=DIRECTION('',(-0.363727292655619,-0.931505478554696,-5.16840224792698E-24));
#11830=DIRECTION('',(3.035766E-16,-1.0,0.0));
#11831=CARTESIAN_POINT('',(4.75000000000001,6.35,5.5));
#11832=DIRECTION('',(-3.035766E-16,-9.215875206756E-32,-1.0));
#11833=DIRECTION('',(1.0,3.035766E-16,-3.035766E-16));
#11834=DIRECTION('',(-3.035766E-16,1.0,0.0));
#11835=CARTESIAN_POINT('',(4.75000000000001,6.35,5.125));
#11836=DIRECTION('',(0.68394112888133,2.07628522505956E-16,-0.729537204140085));
#11837=DIRECTION('',(0.729537204140085,2.21470424006353E-16,0.68394112888133));
#11838=CARTESIAN_POINT('',(4.75000000000001,6.35,5.125));
#11839=DIRECTION('',(-0.68394112888133,-2.07628522505956E-16,0.729537204140085));
#11840=DIRECTION('',(0.729537204140085,2.21470424006353E-16,0.68394112888133));
#11841=CARTESIAN_POINT('',(4.75000000000001,6.35,-4.5));
#11842=DIRECTION('',(2.94802907243022E-16,5.08577443879127E-17,1.0));
#11843=DIRECTION('',(0.17000317885012,-0.985443513947326,2.97548866433728E-24));
#11844=CARTESIAN_POINT('',(4.75000000000001,6.35,-4.4));
#11845=DIRECTION('',(-2.94729345733451E-16,-5.12841557484671E-17,-1.0));
#11846=DIRECTION('',(0.17000317885012,-0.985443513947326,4.32712975488672E-19));
#11847=DIRECTION('',(3.035766E-16,-1.0,0.0));
#11848=CARTESIAN_POINT('',(4.75000000000001,6.35,-4.5));
#11849=DIRECTION('',(-3.035766E-16,-9.215875206756E-32,-1.0));
#11850=DIRECTION('',(1.0,3.035766E-16,-3.035766E-16));
#11851=DIRECTION('',(-3.035766E-16,1.0,0.0));
#11852=DIRECTION('',(-3.035766E-16,1.0,0.0));
#11853=DIRECTION('',(3.035766E-16,-1.0,0.0));
#11854=CARTESIAN_POINT('',(4.75000000000001,6.35,4.375));
#11855=DIRECTION('',(-0.68394112888133,-2.07628522505956E-16,-0.729537204140085));
#11856=DIRECTION('',(0.729537204140085,2.21470424006353E-16,-0.68394112888133));
#11857=CARTESIAN_POINT('',(4.75000000000001,6.35,3.625));
#11858=DIRECTION('',(-0.68394112888133,-2.07628522505956E-16,0.729537204140085));
#11859=DIRECTION('',(0.729537204140085,2.21470424006353E-16,0.68394112888133));
#11860=CARTESIAN_POINT('',(4.75000000000001,6.35,2.875));
#11861=DIRECTION('',(-0.68394112888133,-2.07628522505956E-16,-0.729537204140085));
#11862=DIRECTION('',(0.729537204140085,2.21470424006353E-16,-0.68394112888133));
#11863=CARTESIAN_POINT('',(4.75000000000001,6.35,2.125));
#11864=DIRECTION('',(-0.68394112888133,-2.07628522505956E-16,0.729537204140085));
#11865=DIRECTION('',(0.729537204140085,2.21470424006353E-16,0.68394112888133));
#11866=CARTESIAN_POINT('',(4.75000000000001,6.35,1.37499999999999));
#11867=DIRECTION('',(-0.68394112888133,-2.07628522505956E-16,-0.729537204140085));
#11868=DIRECTION('',(0.729537204140085,2.21470424006353E-16,-0.68394112888133));
#11869=CARTESIAN_POINT('',(4.75000000000001,6.35,0.624999999999999));
#11870=DIRECTION('',(-0.68394112888133,-2.07628522505956E-16,0.729537204140085));
#11871=DIRECTION('',(0.729537204140085,2.21470424006353E-16,0.68394112888133));
#11872=CARTESIAN_POINT('',(4.75000000000001,6.35,-0.12500000000001));
#11873=DIRECTION('',(-0.68394112888133,-2.07628522505956E-16,-0.729537204140085));
#11874=DIRECTION('',(0.729537204140085,2.21470424006353E-16,-0.68394112888133));
#11875=CARTESIAN_POINT('',(4.75000000000001,6.35,-0.874999999999999));
#11876=DIRECTION('',(-0.68394112888133,-2.07628522505956E-16,0.729537204140085));
#11877=DIRECTION('',(0.729537204140085,2.21470424006353E-16,0.68394112888133));
#11878=CARTESIAN_POINT('',(4.75000000000001,6.35,-1.62500000000001));
#11879=DIRECTION('',(-0.68394112888133,-2.07628522505956E-16,-0.729537204140085));
#11880=DIRECTION('',(0.729537204140085,2.21470424006353E-16,-0.68394112888133));
#11881=CARTESIAN_POINT('',(4.75000000000001,6.35,-2.375));
#11882=DIRECTION('',(-0.68394112888133,-2.07628522505956E-16,0.729537204140085));
#11883=DIRECTION('',(0.729537204140085,2.21470424006353E-16,0.68394112888133));
#11884=CARTESIAN_POINT('',(4.75,6.35,-3.12500000000001));
#11885=DIRECTION('',(-0.68394112888133,-2.07628522505956E-16,-0.729537204140085));
#11886=DIRECTION('',(0.729537204140085,2.21470424006353E-16,-0.68394112888133));
#11887=CARTESIAN_POINT('',(4.75000000000001,6.35,-3.875));
#11888=DIRECTION('',(-0.68394112888133,-2.07628522505956E-16,0.729537204140085));
#11889=DIRECTION('',(0.729537204140085,2.21470424006353E-16,0.68394112888133));
#11890=CARTESIAN_POINT('',(4.75000000000001,6.35,-4.62500000000001));
#11891=DIRECTION('',(-0.68394112888133,-2.07628522505956E-16,-0.729537204140085));
#11892=DIRECTION('',(0.729537204140085,2.21470424006353E-16,-0.68394112888133));
#11893=DIRECTION('',(-3.035766E-16,1.0,0.0));
#11894=DIRECTION('',(3.035766E-16,-1.0,0.0));
#11895=CARTESIAN_POINT('',(4.75000000000001,6.35,2.875));
#11896=DIRECTION('',(0.68394112888133,2.07628522505956E-16,0.729537204140085));
#11897=DIRECTION('',(0.729537204140085,2.21470424006353E-16,-0.68394112888133));
#11898=DIRECTION('',(-3.035766E-16,1.0,0.0));
#11899=DIRECTION('',(-3.035766E-16,1.0,0.0));
#11900=DIRECTION('',(3.035766E-16,-1.0,0.0));
#11901=CARTESIAN_POINT('',(4.75000000000001,6.35,-4.62500000000001));
#11902=DIRECTION('',(0.68394112888133,2.07628522505956E-16,0.729537204140085));
#11903=DIRECTION('',(0.729537204140085,2.21470424006353E-16,-0.68394112888133));
#11904=CARTESIAN_POINT('',(4.75000000000001,6.35,-3.875));
#11905=DIRECTION('',(0.68394112888133,2.07628522505956E-16,-0.729537204140085));
#11906=DIRECTION('',(0.729537204140085,2.21470424006353E-16,0.68394112888133));
#11907=CARTESIAN_POINT('',(4.75,6.35,-3.12500000000001));
#11908=DIRECTION('',(0.68394112888133,2.07628522505956E-16,0.729537204140085));
#11909=DIRECTION('',(0.729537204140085,2.21470424006353E-16,-0.68394112888133));
#11910=CARTESIAN_POINT('',(4.75000000000001,6.35,-2.375));
#11911=DIRECTION('',(0.68394112888133,2.07628522505956E-16,-0.729537204140085));
#11912=DIRECTION('',(0.729537204140085,2.21470424006353E-16,0.68394112888133));
#11913=CARTESIAN_POINT('',(4.75000000000001,6.35,-1.62500000000001));
#11914=DIRECTION('',(0.68394112888133,2.07628522505956E-16,0.729537204140085));
#11915=DIRECTION('',(0.729537204140085,2.21470424006353E-16,-0.68394112888133));
#11916=CARTESIAN_POINT('',(4.75000000000001,6.35,-0.874999999999999));
#11917=DIRECTION('',(0.68394112888133,2.07628522505956E-16,-0.729537204140085));
#11918=DIRECTION('',(0.729537204140085,2.21470424006353E-16,0.68394112888133));
#11919=CARTESIAN_POINT('',(4.75000000000001,6.35,-0.12500000000001));
#11920=DIRECTION('',(0.68394112888133,2.07628522505956E-16,0.729537204140085));
#11921=DIRECTION('',(0.729537204140085,2.21470424006353E-16,-0.68394112888133));
#11922=CARTESIAN_POINT('',(4.75000000000001,6.35,0.624999999999999));
#11923=DIRECTION('',(0.68394112888133,2.07628522505956E-16,-0.729537204140085));
#11924=DIRECTION('',(0.729537204140085,2.21470424006353E-16,0.68394112888133));
#11925=CARTESIAN_POINT('',(4.75000000000001,6.35,1.37499999999999));
#11926=DIRECTION('',(0.68394112888133,2.07628522505956E-16,0.729537204140085));
#11927=DIRECTION('',(0.729537204140085,2.21470424006353E-16,-0.68394112888133));
#11928=CARTESIAN_POINT('',(4.75000000000001,6.35,2.125));
#11929=DIRECTION('',(0.68394112888133,2.07628522505956E-16,-0.729537204140085));
#11930=DIRECTION('',(0.729537204140085,2.21470424006353E-16,0.68394112888133));
#11931=CARTESIAN_POINT('',(4.75000000000001,6.35,3.625));
#11932=DIRECTION('',(0.68394112888133,2.07628522505956E-16,-0.729537204140085));
#11933=DIRECTION('',(0.729537204140085,2.21470424006353E-16,0.68394112888133));
#11934=CARTESIAN_POINT('',(4.75000000000001,6.35,4.375));
#11935=DIRECTION('',(0.68394112888133,2.07628522505956E-16,0.729537204140085));
#11936=DIRECTION('',(0.729537204140085,2.21470424006353E-16,-0.68394112888133));
#11937=DIRECTION('',(3.035766E-16,-1.0,0.0));
#11938=DIRECTION('',(-3.035766E-16,1.0,0.0));
#11939=DIRECTION('',(-3.035766E-16,1.0,0.0));
#11940=DIRECTION('',(3.035766E-16,-1.0,0.0));
#11941=DIRECTION('',(3.035766E-16,-1.0,0.0));
#11942=DIRECTION('',(-3.035766E-16,1.0,0.0));
#11943=DIRECTION('',(-3.035766E-16,1.0,0.0));
#11944=DIRECTION('',(3.035766E-16,-1.0,0.0));
#11945=DIRECTION('',(3.035766E-16,-1.0,0.0));
#11946=DIRECTION('',(-3.035766E-16,1.0,0.0));
#11947=DIRECTION('',(-3.035766E-16,1.0,0.0));
#11948=DIRECTION('',(3.035766E-16,-1.0,0.0));
#11949=DIRECTION('',(3.035766E-16,-1.0,0.0));
#11950=DIRECTION('',(-3.035766E-16,1.0,0.0));
#11951=DIRECTION('',(-3.035766E-16,1.0,0.0));
#11952=DIRECTION('',(3.035766E-16,-1.0,0.0));
#11953=DIRECTION('',(3.035766E-16,-1.0,0.0));
#11954=DIRECTION('',(-3.035766E-16,1.0,0.0));
#11955=DIRECTION('',(3.035766E-16,-1.0,0.0));
ENDSEC;
END-ISO-10303-21;
