ISO-10303-21;
HEADER;
FILE_DESCRIPTION (( 'STEP AP214' ),
    '1' );
FILE_NAME ('Heatsink_Fischer_SK104-STCB_35x13mm.STEP',
    '2022-10-30T16:11:49',
    ( 'Windows User' ),
    ( '' ),
    'SwSTEP 2.0',
    'SolidWorks 2020',
    '' );
FILE_SCHEMA (( 'AUTOMOTIVE_DESIGN' ));
ENDSEC;

DATA;
#1 = CARTESIAN_POINT ( 'NONE',  ( 17.44999999999999929, 7.100000000003220180, 18.30000000000000071 ) ) ;
#2 = PLANE ( 'NONE',  #2342 ) ;
#3 = ADVANCED_FACE ( 'NONE', ( #1503 ), #2982, .F. ) ;
#4 = ORIENTED_EDGE ( 'NONE', *, *, #82, .F. ) ;
#5 = CARTESIAN_POINT ( 'NONE',  ( 4.527444000752350206, 2.682368511142200429, 0.000000000000000000 ) ) ;
#6 = ORIENTED_EDGE ( 'NONE', *, *, #3186, .T. ) ;
#7 = DIRECTION ( 'NONE',  ( 0.000000000000000000, 0.000000000000000000, 1.000000000000000000 ) ) ;
#8 = ORIENTED_EDGE ( 'NONE', *, *, #56, .F. ) ;
#9 = CARTESIAN_POINT ( 'NONE',  ( 3.877303030829140074, 7.379999999999999893, 0.000000000000000000 ) ) ;
#10 = EDGE_CURVE ( 'NONE', #2244, #2766, #2003, .T. ) ;
#11 = ORIENTED_EDGE ( 'NONE', *, *, #1455, .F. ) ;
#12 = ORIENTED_EDGE ( 'NONE', *, *, #2337, .F. ) ;
#13 = ORIENTED_EDGE ( 'NONE', *, *, #2634, .F. ) ;
#14 = LINE ( 'NONE', #1858, #365 ) ;
#15 = LINE ( 'NONE', #484, #2219 ) ;
#16 = LINE ( 'NONE', #60, #506 ) ;
#17 = CARTESIAN_POINT ( 'NONE',  ( 31.02269696917090158, 7.379999999999999893, 0.000000000000000000 ) ) ;
#18 = DIRECTION ( 'NONE',  ( 0.000000000000000000, 0.000000000000000000, 1.000000000000000000 ) ) ;
#19 = VECTOR ( 'NONE', #2675, 1000.000000000000000 ) ;
#20 = ORIENTED_EDGE ( 'NONE', *, *, #1913, .F. ) ;
#21 = EDGE_CURVE ( 'NONE', #2489, #2883, #953, .T. ) ;
#22 = VECTOR ( 'NONE', #2130, 1000.000000000000000 ) ;
#23 = ORIENTED_EDGE ( 'NONE', *, *, #2917, .T. ) ;
#24 = FACE_OUTER_BOUND ( 'NONE', #1205, .T. ) ;
#25 = VERTEX_POINT ( 'NONE', #2740 ) ;
#26 = EDGE_LOOP ( 'NONE', ( #936, #2429, #405, #638 ) ) ;
#27 = ORIENTED_EDGE ( 'NONE', *, *, #2528, .F. ) ;
#28 = DIRECTION ( 'NONE',  ( -1.000000000000000000, 0.000000000000000000, 0.000000000000000000 ) ) ;
#29 = EDGE_CURVE ( 'NONE', #611, #1936, #2394, .T. ) ;
#30 = ORIENTED_EDGE ( 'NONE', *, *, #1343, .F. ) ;
#31 = LINE ( 'NONE', #3013, #2120 ) ;
#32 = DIRECTION ( 'NONE',  ( 0.000000000000000000, 0.000000000000000000, 1.000000000000000000 ) ) ;
#33 = VECTOR ( 'NONE', #7, 1000.000000000000000 ) ;
#34 = PLANE ( 'NONE',  #2307 ) ;
#35 = CARTESIAN_POINT ( 'NONE',  ( 34.71052606581859834, 3.390115826757510220, 0.000000000000000000 ) ) ;
#36 = AXIS2_PLACEMENT_3D ( 'NONE', #52, #232, #1040 ) ;
#37 = VECTOR ( 'NONE', #1676, 999.9999999999998863 ) ;
#38 = ORIENTED_EDGE ( 'NONE', *, *, #2831, .T. ) ;
#39 = EDGE_CURVE ( 'NONE', #215, #2259, #1728, .T. ) ;
#40 = VECTOR ( 'NONE', #2890, 1000.000000000000114 ) ;
#41 = ORIENTED_EDGE ( 'NONE', *, *, #3165, .F. ) ;
#42 = EDGE_CURVE ( 'NONE', #415, #2497, #1931, .T. ) ;
#43 = ORIENTED_EDGE ( 'NONE', *, *, #1687, .T. ) ;
#44 = ORIENTED_EDGE ( 'NONE', *, *, #2297, .F. ) ;
#45 = CYLINDRICAL_SURFACE ( 'NONE', #2461, 0.9999999999999991118 ) ;
#46 = ORIENTED_EDGE ( 'NONE', *, *, #2749, .F. ) ;
#47 = DIRECTION ( 'NONE',  ( 0.000000000000000000, 1.000000000000000000, 0.000000000000000000 ) ) ;
#48 = DIRECTION ( 'NONE',  ( 0.000000000000000000, 0.000000000000000000, 1.000000000000000000 ) ) ;
#49 = CARTESIAN_POINT ( 'NONE',  ( 5.950000000000000178, 5.620000000000000107, 0.000000000000000000 ) ) ;
#50 = VERTEX_POINT ( 'NONE', #216 ) ;
#51 = ADVANCED_FACE ( 'NONE', ( #2210 ), #1966, .T. ) ;
#52 = CARTESIAN_POINT ( 'NONE',  ( 12.05000000000000071, 5.599999999999999645, 6.500000000000000000 ) ) ;
#53 = ORIENTED_EDGE ( 'NONE', *, *, #221, .T. ) ;
#54 = ORIENTED_EDGE ( 'NONE', *, *, #1270, .F. ) ;
#55 = DIRECTION ( 'NONE',  ( 0.4000000000000004108, 0.9165151389911678770, 0.000000000000000000 ) ) ;
#56 = EDGE_CURVE ( 'NONE', #1984, #2489, #2662, .T. ) ;
#57 = ADVANCED_FACE ( 'NONE', ( #446 ), #1429, .F. ) ;
#58 = ORIENTED_EDGE ( 'NONE', *, *, #970, .F. ) ;
#59 = CARTESIAN_POINT ( 'NONE',  ( 0.1894739341814030142, 3.390115826757510220, 38.10000000000000142 ) ) ;
#60 = CARTESIAN_POINT ( 'NONE',  ( 29.79398740349289909, 2.167640379666309958, 38.10000000000000142 ) ) ;
#61 = CARTESIAN_POINT ( 'NONE',  ( 34.71052606581859834, 9.309884173242489069, 38.10000000000000142 ) ) ;
#62 = ORIENTED_EDGE ( 'NONE', *, *, #2582, .F. ) ;
#63 = CARTESIAN_POINT ( 'NONE',  ( 8.351474402695959753, 0.3656874907146550058, 0.000000000000000000 ) ) ;
#64 = EDGE_CURVE ( 'NONE', #2226, #2113, #1273, .T. ) ;
#65 = CYLINDRICAL_SURFACE ( 'NONE', #1729, 0.4000000000000004108 ) ;
#66 = CIRCLE ( 'NONE', #2646, 1.600000000000000755 ) ;
#67 = EDGE_CURVE ( 'NONE', #1486, #2476, #1948, .T. ) ;
#68 = AXIS2_PLACEMENT_3D ( 'NONE', #357, #2343, #1804 ) ;
#69 = ORIENTED_EDGE ( 'NONE', *, *, #2626, .F. ) ;
#70 = ORIENTED_EDGE ( 'NONE', *, *, #3039, .T. ) ;
#71 = CARTESIAN_POINT ( 'NONE',  ( 34.71052606581859834, 9.309884173242489069, 0.000000000000000000 ) ) ;
#72 = ORIENTED_EDGE ( 'NONE', *, *, #1552, .F. ) ;
#73 = PLANE ( 'NONE',  #2179 ) ;
#74 = CARTESIAN_POINT ( 'NONE',  ( 0.1894739341814030142, 3.390115826757510220, 0.000000000000000000 ) ) ;
#75 = DIRECTION ( 'NONE',  ( 0.000000000000000000, 0.000000000000000000, -1.000000000000000000 ) ) ;
#76 = LINE ( 'NONE', #1295, #1993 ) ;
#77 = VECTOR ( 'NONE', #625, 1000.000000000000000 ) ;
#78 = AXIS2_PLACEMENT_3D ( 'NONE', #3029, #807, #2989 ) ;
#79 = CARTESIAN_POINT ( 'NONE',  ( 12.05000000000000071, 7.100000000003220180, 3.633974596215560293 ) ) ;
#80 = AXIS2_PLACEMENT_3D ( 'NONE', #2412, #2678, #1943 ) ;
#81 = AXIS2_PLACEMENT_3D ( 'NONE', #1509, #245, #1233 ) ;
#82 = EDGE_CURVE ( 'NONE', #682, #1665, #549, .T. ) ;
#83 = CIRCLE ( 'NONE', #127, 0.4000000000000004108 ) ;
#84 = CARTESIAN_POINT ( 'NONE',  ( 2.651804946153069942, 2.739203814224099975, 0.000000000000000000 ) ) ;
#85 = ORIENTED_EDGE ( 'NONE', *, *, #1610, .F. ) ;
#86 = VERTEX_POINT ( 'NONE', #1228 ) ;
#87 = DIRECTION ( 'NONE',  ( 0.000000000000000000, 0.000000000000000000, 1.000000000000000000 ) ) ;
#88 = DIRECTION ( 'NONE',  ( 0.000000000000000000, 0.000000000000000000, 1.000000000000000000 ) ) ;
#89 = DIRECTION ( 'NONE',  ( 0.000000000000000000, 0.000000000000000000, -1.000000000000000000 ) ) ;
#90 = DIRECTION ( 'NONE',  ( -0.9165151389911678770, -0.4000000000000004108, 0.000000000000000000 ) ) ;
#91 = DIRECTION ( 'NONE',  ( 0.8577821278526512883, 0.5140134445095551063, 0.000000000000000000 ) ) ;
#92 = EDGE_CURVE ( 'NONE', #2167, #1661, #2965, .T. ) ;
#93 = CARTESIAN_POINT ( 'NONE',  ( 31.18059151853480060, 7.124913129931869982, 0.000000000000000000 ) ) ;
#94 = VECTOR ( 'NONE', #1313, 1000.000000000000000 ) ;
#95 = FACE_BOUND ( 'NONE', #2425, .T. ) ;
#96 = EDGE_CURVE ( 'NONE', #1770, #246, #1760, .T. ) ;
#97 = VERTEX_POINT ( 'NONE', #1772 ) ;
#98 = ORIENTED_EDGE ( 'NONE', *, *, #2703, .F. ) ;
#99 = DIRECTION ( 'NONE',  ( 0.000000000000000000, 0.000000000000000000, -1.000000000000000000 ) ) ;
#100 = DIRECTION ( 'NONE',  ( -1.000000000000000000, 0.000000000000000000, 0.000000000000000000 ) ) ;
#101 = EDGE_CURVE ( 'NONE', #2900, #1195, #498, .T. ) ;
#102 = CARTESIAN_POINT ( 'NONE',  ( 5.950000000000000178, 7.080000000000000071, 0.000000000000000000 ) ) ;
#103 = FACE_OUTER_BOUND ( 'NONE', #2368, .T. ) ;
#104 = DIRECTION ( 'NONE',  ( -0.5140134445095548843, 0.8577821278526516213, 0.000000000000000000 ) ) ;
#105 = DIRECTION ( 'NONE',  ( 0.000000000000000000, 0.000000000000000000, -1.000000000000000000 ) ) ;
#106 = EDGE_CURVE ( 'NONE', #2185, #1420, #1475, .T. ) ;
#107 = VECTOR ( 'NONE', #490, 1000.000000000000000 ) ;
#108 = CARTESIAN_POINT ( 'NONE',  ( 9.500000000000000000, 7.100000000003220180, 0.000000000000000000 ) ) ;
#109 = CIRCLE ( 'NONE', #1917, 0.4000000000000001332 ) ;
#110 = ORIENTED_EDGE ( 'NONE', *, *, #1113, .F. ) ;
#111 = EDGE_LOOP ( 'NONE', ( #1240, #1201, #1501, #582 ) ) ;
#112 = CARTESIAN_POINT ( 'NONE',  ( 34.34000000000000341, 2.683393944403540399, 0.000000000000000000 ) ) ;
#113 = DIRECTION ( 'NONE',  ( -0.5563899981191261501, 0.8309212778554890821, 0.000000000000000000 ) ) ;
#114 = AXIS2_PLACEMENT_3D ( 'NONE', #1596, #1365, #1625 ) ;
#115 = EDGE_LOOP ( 'NONE', ( #2169, #3009, #1897, #1180 ) ) ;
#116 = EDGE_CURVE ( 'NONE', #3051, #1662, #2316, .T. ) ;
#117 = CARTESIAN_POINT ( 'NONE',  ( 30.25000000000000000, 12.30000000000000071, 0.000000000000000000 ) ) ;
#118 = FACE_BOUND ( 'NONE', #1771, .T. ) ;
#119 = CARTESIAN_POINT ( 'NONE',  ( 8.048525597304038826, 3.884312509285349879, 0.000000000000000000 ) ) ;
#120 = CIRCLE ( 'NONE', #2926, 0.4000000000000002442 ) ;
#121 = EDGE_CURVE ( 'NONE', #1275, #86, #2397, .T. ) ;
#122 = CARTESIAN_POINT ( 'NONE',  ( 0.1481950538469299916, 0.7107961857759029778, 0.000000000000000000 ) ) ;
#123 = VECTOR ( 'NONE', #2103, 1000.000000000000000 ) ;
#124 = ORIENTED_EDGE ( 'NONE', *, *, #2290, .F. ) ;
#125 = ORIENTED_EDGE ( 'NONE', *, *, #2763, .T. ) ;
#126 = DIRECTION ( 'NONE',  ( 0.000000000000000000, 0.000000000000000000, -1.000000000000000000 ) ) ;
#127 = AXIS2_PLACEMENT_3D ( 'NONE', #1508, #2264, #2787 ) ;
#128 = DIRECTION ( 'NONE',  ( 0.4558990508342189441, 0.8900314912678418677, 0.000000000000000000 ) ) ;
#129 = ADVANCED_FACE ( 'NONE', ( #530 ), #1033, .F. ) ;
#130 = CIRCLE ( 'NONE', #2826, 0.3999999999999996891 ) ;
#131 = ORIENTED_EDGE ( 'NONE', *, *, #1708, .F. ) ;
#132 = CARTESIAN_POINT ( 'NONE',  ( 7.649999999999999467, 8.849999999999999645, 19.05000000000000071 ) ) ;
#133 = CARTESIAN_POINT ( 'NONE',  ( 34.50000000000000000, 0.4000000000000000222, 0.000000000000000000 ) ) ;
#134 = PLANE ( 'NONE',  #810 ) ;
#135 = CARTESIAN_POINT ( 'NONE',  ( 0.4000000000000000222, 3.050000000000000266, 0.000000000000000000 ) ) ;
#136 = ADVANCED_FACE ( 'NONE', ( #2520 ), #2546, .T. ) ;
#137 = DIRECTION ( 'NONE',  ( 0.6464421993858175952, 0.7629629629629648413, 0.000000000000000000 ) ) ;
#138 = ORIENTED_EDGE ( 'NONE', *, *, #628, .F. ) ;
#139 = ORIENTED_EDGE ( 'NONE', *, *, #646, .T. ) ;
#140 = DIRECTION ( 'NONE',  ( 0.8309212778554883050, 0.5563899981191272603, 0.000000000000000000 ) ) ;
#141 = VECTOR ( 'NONE', #2666, 1000.000000000000000 ) ;
#142 = FACE_OUTER_BOUND ( 'NONE', #2000, .T. ) ;
#143 = CARTESIAN_POINT ( 'NONE',  ( 17.44999999999999929, 7.100000000003220180, 25.39999999999999858 ) ) ;
#144 = EDGE_CURVE ( 'NONE', #1081, #2240, #1299, .T. ) ;
#145 = ORIENTED_EDGE ( 'NONE', *, *, #1802, .T. ) ;
#146 = EDGE_CURVE ( 'NONE', #615, #2026, #2028, .T. ) ;
#147 = DIRECTION ( 'NONE',  ( 0.000000000000000000, 0.000000000000000000, 1.000000000000000000 ) ) ;
#148 = CARTESIAN_POINT ( 'NONE',  ( 9.149101626348610239, 0.3732064961997069719, 0.000000000000000000 ) ) ;
#149 = DIRECTION ( 'NONE',  ( 0.000000000000000000, 0.000000000000000000, 1.000000000000000000 ) ) ;
#150 = CARTESIAN_POINT ( 'NONE',  ( 9.500000000000000000, 7.100000000003220180, 0.000000000000000000 ) ) ;
#151 = EDGE_CURVE ( 'NONE', #86, #2326, #497, .T. ) ;
#152 = EDGE_CURVE ( 'NONE', #2238, #2278, #3011, .T. ) ;
#153 = CARTESIAN_POINT ( 'NONE',  ( 3.877303030829140074, 7.379999999999999893, 0.000000000000000000 ) ) ;
#154 = ORIENTED_EDGE ( 'NONE', *, *, #393, .F. ) ;
#155 = VERTEX_POINT ( 'NONE', #71 ) ;
#156 = DIRECTION ( 'NONE',  ( 0.8309212778554870837, -0.5563899981191290367, 0.000000000000000000 ) ) ;
#157 = CARTESIAN_POINT ( 'NONE',  ( 32.50000000000000000, 3.050000000000000266, 19.05000000000000071 ) ) ;
#158 = ORIENTED_EDGE ( 'NONE', *, *, #2941, .F. ) ;
#159 = CARTESIAN_POINT ( 'NONE',  ( 0.5599999999999999423, 10.01660605559650108, 0.000000000000000000 ) ) ;
#160 = CIRCLE ( 'NONE', #1047, 0.4000000000000017986 ) ;
#161 = VERTEX_POINT ( 'NONE', #287 ) ;
#162 = AXIS2_PLACEMENT_3D ( 'NONE', #1602, #346, #1342 ) ;
#163 = LINE ( 'NONE', #2874, #1424 ) ;
#164 = CARTESIAN_POINT ( 'NONE',  ( 0.4000000000000000222, 3.050000000000000266, 38.10000000000000142 ) ) ;
#165 = CARTESIAN_POINT ( 'NONE',  ( 17.44999999999999929, 6.350000000001609912, 18.30000000000000071 ) ) ;
#166 = CARTESIAN_POINT ( 'NONE',  ( 30.60601259650710304, 0.5823596203337039201, 0.000000000000000000 ) ) ;
#167 = CYLINDRICAL_SURFACE ( 'NONE', #2819, 1.050000000000000044 ) ;
#168 = PRESENTATION_STYLE_ASSIGNMENT (( #634 ) ) ;
#169 = ORIENTED_EDGE ( 'NONE', *, *, #2832, .F. ) ;
#170 = CLOSED_SHELL ( 'NONE', ( #57, #129, #1257, #1949, #3138, #837, #3129, #1849, #1905, #200, #51, #1779, #1175, #619, #2016, #1250, #2988, #860, #3006, #2313, #1606, #2162, #136, #394, #1752, #553, #2440, #1087, #2255, #3177, #2827, #2092, #3041, #1025, #2512, #541, #2452, #1310, #744, #229, #913, #2652, #3, #1193, #2577, #1821, #349, #1278, #259, #1731, #1294, #613, #3030, #893, #712, #2847, #3142, #1512, #2378, #1925, #979, #566, #3071, #1620, #427, #1964, #1038, #1335, #362, #2151, #2040, #681, #474, #971, #1598, #543, #1828, #1716, #1757, #1436, #2221, #462, #1414, #2351, #2071, #704, #1267, #1793, #773, #740, #2758, #2024, #1046, #1136 ) ) ;
#171 = CARTESIAN_POINT ( 'NONE',  ( 0.5599999999999999423, 10.01660605559650108, 0.000000000000000000 ) ) ;
#172 = VERTEX_POINT ( 'NONE', #2057 ) ;
#173 = ORIENTED_EDGE ( 'NONE', *, *, #29, .F. ) ;
#174 = CARTESIAN_POINT ( 'NONE',  ( 0.1894739341814030142, 3.390115826757510220, 0.000000000000000000 ) ) ;
#175 = DIRECTION ( 'NONE',  ( 0.06698375950073999496, -0.9977540658715188249, 0.000000000000000000 ) ) ;
#176 = CIRCLE ( 'NONE', #2871, 1.050000000000000711 ) ;
#177 = ORIENTED_EDGE ( 'NONE', *, *, #538, .F. ) ;
#178 = DIRECTION ( 'NONE',  ( -0.9963139932601036142, -0.08578127321336696809, 0.000000000000000000 ) ) ;
#179 = AXIS2_PLACEMENT_3D ( 'NONE', #2801, #2034, #2007 ) ;
#180 = ORIENTED_EDGE ( 'NONE', *, *, #152, .T. ) ;
#181 = EDGE_LOOP ( 'NONE', ( #1269, #861, #513, #2782 ) ) ;
#182 = DIRECTION ( 'NONE',  ( -1.000000000000000000, 0.000000000000000000, 0.000000000000000000 ) ) ;
#183 = DIRECTION ( 'NONE',  ( 0.9963139932601037252, 0.08578127321336566358, 0.000000000000000000 ) ) ;
#184 = CARTESIAN_POINT ( 'NONE',  ( 22.34999999999999787, 6.350000000001609912, 4.500000000000000000 ) ) ;
#185 = CIRCLE ( 'NONE', #2001, 0.3999999999999997446 ) ;
#186 = FACE_OUTER_BOUND ( 'NONE', #1339, .T. ) ;
#187 = CARTESIAN_POINT ( 'NONE',  ( 30.60601259650710304, 0.5823596203337039201, 0.000000000000000000 ) ) ;
#188 = ORIENTED_EDGE ( 'NONE', *, *, #1143, .T. ) ;
#189 = EDGE_CURVE ( 'NONE', #2688, #1165, #1787, .T. ) ;
#190 = FACE_OUTER_BOUND ( 'NONE', #2608, .T. ) ;
#191 = ORIENTED_EDGE ( 'NONE', *, *, #1507, .F. ) ;
#192 = VERTEX_POINT ( 'NONE', #2783 ) ;
#193 = LINE ( 'NONE', #2471, #294 ) ;
#194 = CARTESIAN_POINT ( 'NONE',  ( 22.84999999999999787, 5.599999999999999645, 0.000000000000000000 ) ) ;
#195 = ORIENTED_EDGE ( 'NONE', *, *, #2333, .T. ) ;
#196 = DIRECTION ( 'NONE',  ( 0.000000000000000000, 0.000000000000000000, -1.000000000000000000 ) ) ;
#197 = VERTEX_POINT ( 'NONE', #1058 ) ;
#198 = DIRECTION ( 'NONE',  ( 0.000000000000000000, -1.000000000000000000, 0.000000000000000000 ) ) ;
#199 = CARTESIAN_POINT ( 'NONE',  ( 30.25000000000000000, 12.30000000000000071, 0.000000000000000000 ) ) ;
#200 = ADVANCED_FACE ( 'NONE', ( #557 ), #45, .F. ) ;
#201 = CARTESIAN_POINT ( 'NONE',  ( 29.39528150943549889, 7.080000000000000071, 0.000000000000000000 ) ) ;
#202 = DIRECTION ( 'NONE',  ( 1.000000000000000000, 0.000000000000000000, 0.000000000000000000 ) ) ;
#203 = EDGE_CURVE ( 'NONE', #3184, #671, #786, .T. ) ;
#204 = DIRECTION ( 'NONE',  ( -0.4558990508342479209, 0.8900314912678268797, 0.000000000000000000 ) ) ;
#205 = LINE ( 'NONE', #1133, #1578 ) ;
#206 = ORIENTED_EDGE ( 'NONE', *, *, #1863, .F. ) ;
#207 = CARTESIAN_POINT ( 'NONE',  ( 5.504718490564530775, 7.080000000000000071, 38.10000000000000142 ) ) ;
#208 = EDGE_CURVE ( 'NONE', #3156, #2055, #1361, .T. ) ;
#209 = ORIENTED_EDGE ( 'NONE', *, *, #3085, .F. ) ;
#210 = ORIENTED_EDGE ( 'NONE', *, *, #2741, .T. ) ;
#211 = DIRECTION ( 'NONE',  ( 0.000000000000000000, 0.000000000000000000, 1.000000000000000000 ) ) ;
#212 = DIRECTION ( 'NONE',  ( -0.3999999999999846456, -0.9165151389911748714, 0.000000000000000000 ) ) ;
#213 = ORIENTED_EDGE ( 'NONE', *, *, #2583, .T. ) ;
#214 = DIRECTION ( 'NONE',  ( -0.8577821278526506221, -0.5140134445095564386, 0.000000000000000000 ) ) ;
#215 = VERTEX_POINT ( 'NONE', #829 ) ;
#216 = CARTESIAN_POINT ( 'NONE',  ( 29.79398740349289909, 10.53235962033370043, 0.000000000000000000 ) ) ;
#217 = DIRECTION ( 'NONE',  ( 0.000000000000000000, 0.000000000000000000, 1.000000000000000000 ) ) ;
#218 = DIRECTION ( 'NONE',  ( 0.6464421993858175952, 0.7629629629629648413, 0.000000000000000000 ) ) ;
#219 = AXIS2_PLACEMENT_3D ( 'NONE', #1431, #1671, #2645 ) ;
#220 = CYLINDRICAL_SURFACE ( 'NONE', #1498, 1.000000000000000888 ) ;
#221 = EDGE_CURVE ( 'NONE', #197, #25, #2809, .T. ) ;
#222 = AXIS2_PLACEMENT_3D ( 'NONE', #2887, #660, #1388 ) ;
#223 = DIRECTION ( 'NONE',  ( 0.000000000000000000, 0.000000000000000000, 1.000000000000000000 ) ) ;
#224 = CARTESIAN_POINT ( 'NONE',  ( 12.05000000000000071, 5.599999999999999645, 6.500000000000000000 ) ) ;
#225 = PRODUCT_CONTEXT ( 'NONE', #2498, 'mechanical' ) ;
#226 = CIRCLE ( 'NONE', #1465, 0.4000000000000001332 ) ;
#227 = ORIENTED_EDGE ( 'NONE', *, *, #844, .F. ) ;
#228 = DIRECTION ( 'NONE',  ( -1.000000000000000000, 0.000000000000000000, 0.000000000000000000 ) ) ;
#229 = ADVANCED_FACE ( 'NONE', ( #2562 ), #345, .T. ) ;
#230 = ORIENTED_EDGE ( 'NONE', *, *, #208, .T. ) ;
#231 = DIRECTION ( 'NONE',  ( 1.000000000000000000, 0.000000000000000000, 0.000000000000000000 ) ) ;
#232 = DIRECTION ( 'NONE',  ( 1.000000000000000000, 0.000000000000000000, 0.000000000000000000 ) ) ;
#233 = ORIENTED_EDGE ( 'NONE', *, *, #248, .F. ) ;
#234 = CARTESIAN_POINT ( 'NONE',  ( 5.950000000000000178, 5.620000000000000107, 0.000000000000000000 ) ) ;
#235 = ORIENTED_EDGE ( 'NONE', *, *, #151, .F. ) ;
#236 = DIRECTION ( 'NONE',  ( 0.000000000000000000, 0.000000000000000000, -1.000000000000000000 ) ) ;
#237 = AXIS2_PLACEMENT_3D ( 'NONE', #1471, #523, #551 ) ;
#238 = PLANE ( 'NONE',  #1994 ) ;
#239 = EDGE_CURVE ( 'NONE', #1156, #570, #120, .T. ) ;
#240 = CARTESIAN_POINT ( 'NONE',  ( 34.71052606581859834, 9.309884173242489069, 0.000000000000000000 ) ) ;
#241 = PLANE ( 'NONE',  #983 ) ;
#242 = AXIS2_PLACEMENT_3D ( 'NONE', #2205, #1422, #3160 ) ;
#243 = CARTESIAN_POINT ( 'NONE',  ( 34.27744400075229692, 0.06763148885780700947, 38.10000000000000142 ) ) ;
#244 = AXIS2_PLACEMENT_3D ( 'NONE', #2571, #2321, #104 ) ;
#245 = DIRECTION ( 'NONE',  ( 0.000000000000000000, 0.000000000000000000, -1.000000000000000000 ) ) ;
#246 = VERTEX_POINT ( 'NONE', #1843 ) ;
#247 = DIRECTION ( 'NONE',  ( 0.000000000000000000, -1.000000000000000000, 0.000000000000000000 ) ) ;
#248 = EDGE_CURVE ( 'NONE', #1572, #552, #1385, .T. ) ;
#249 = ORIENTED_EDGE ( 'NONE', *, *, #1536, .T. ) ;
#250 = DIRECTION ( 'NONE',  ( 0.000000000000000000, 0.000000000000000000, -1.000000000000000000 ) ) ;
#251 = CYLINDRICAL_SURFACE ( 'NONE', #1576, 0.3999999999999673816 ) ;
#252 = VERTEX_POINT ( 'NONE', #2389 ) ;
#253 = CARTESIAN_POINT ( 'NONE',  ( 26.85147440269599883, 8.815687490714658736, 0.000000000000000000 ) ) ;
#254 = ORIENTED_EDGE ( 'NONE', *, *, #3061, .T. ) ;
#255 = DIRECTION ( 'NONE',  ( 0.000000000000000000, 0.000000000000000000, -1.000000000000000000 ) ) ;
#256 = ORIENTED_EDGE ( 'NONE', *, *, #1226, .F. ) ;
#257 = DIRECTION ( 'NONE',  ( -1.000000000000000000, 0.000000000000000000, 0.000000000000000000 ) ) ;
#258 = DIRECTION ( 'NONE',  ( 0.000000000000000000, 0.000000000000000000, 1.000000000000000000 ) ) ;
#259 = ADVANCED_FACE ( 'NONE', ( #857 ), #3083, .T. ) ;
#260 = DIRECTION ( 'NONE',  ( 0.000000000000000000, 0.000000000000000000, -1.000000000000000000 ) ) ;
#261 = AXIS2_PLACEMENT_3D ( 'NONE', #581, #1247, #1969 ) ;
#262 = PRODUCT_DEFINITION_CONTEXT ( 'detailed design', #1009, 'design' ) ;
#263 = CARTESIAN_POINT ( 'NONE',  ( 4.293987403492869781, 12.11764037966630170, 38.10000000000000142 ) ) ;
#264 = ORIENTED_EDGE ( 'NONE', *, *, #1915, .T. ) ;
#265 = DIRECTION ( 'NONE',  ( -0.06698375950073501284, 0.9977540658715190469, 0.000000000000000000 ) ) ;
#266 = ORIENTED_EDGE ( 'NONE', *, *, #2463, .T. ) ;
#267 = EDGE_CURVE ( 'NONE', #2714, #1825, #1355, .T. ) ;
#268 = LINE ( 'NONE', #1181, #339 ) ;
#269 = ORIENTED_EDGE ( 'NONE', *, *, #2530, .T. ) ;
#270 = ORIENTED_EDGE ( 'NONE', *, *, #805, .F. ) ;
#271 = ORIENTED_EDGE ( 'NONE', *, *, #2786, .T. ) ;
#272 = CARTESIAN_POINT ( 'NONE',  ( 5.950000000000000178, 7.080000000000000071, 38.10000000000000142 ) ) ;
#273 = VERTEX_POINT ( 'NONE', #2096 ) ;
#274 = DIRECTION ( 'NONE',  ( 0.5140134445095421167, -0.8577821278526592819, 0.000000000000000000 ) ) ;
#275 = CARTESIAN_POINT ( 'NONE',  ( 9.149101626348610239, 12.32679350380030137, 0.000000000000000000 ) ) ;
#276 = AXIS2_PLACEMENT_3D ( 'NONE', #731, #2916, #3157 ) ;
#277 = CYLINDRICAL_SURFACE ( 'NONE', #1066, 0.3999999999999996891 ) ;
#278 = CARTESIAN_POINT ( 'NONE',  ( 7.306887148858939973, 4.055605377803820133, 0.000000000000000000 ) ) ;
#279 = AXIS2_PLACEMENT_3D ( 'NONE', #3147, #420, #2946 ) ;
#280 = ORIENTED_EDGE ( 'NONE', *, *, #3154, .F. ) ;
#281 = AXIS2_PLACEMENT_3D ( 'NONE', #2572, #1809, #1743 ) ;
#282 = EDGE_CURVE ( 'NONE', #1081, #781, #1402, .T. ) ;
#283 = AXIS2_PLACEMENT_3D ( 'NONE', #595, #514, #2718 ) ;
#284 = EDGE_LOOP ( 'NONE', ( #2011, #2538, #2411, #209 ) ) ;
#285 = EDGE_LOOP ( 'NONE', ( #569, #2511, #2979, #366 ) ) ;
#286 = ORIENTED_EDGE ( 'NONE', *, *, #2843, .F. ) ;
#287 = CARTESIAN_POINT ( 'NONE',  ( 4.527444000752350206, 2.682368511142200429, 38.10000000000000142 ) ) ;
#288 = ORIENTED_EDGE ( 'NONE', *, *, #1684, .T. ) ;
#289 = CARTESIAN_POINT ( 'NONE',  ( 17.44999999999999929, 7.100000000003220180, 25.39999999999999858 ) ) ;
#290 = EDGE_CURVE ( 'NONE', #1421, #457, #2775, .T. ) ;
#291 = AXIS2_PLACEMENT_3D ( 'NONE', #1378, #396, #1954 ) ;
#292 = PLANE ( 'NONE',  #179 ) ;
#293 = DIRECTION ( 'NONE',  ( 0.000000000000000000, 0.000000000000000000, 1.000000000000000000 ) ) ;
#294 = VECTOR ( 'NONE', #2656, 1000.000000000000000 ) ;
#295 = AXIS2_PLACEMENT_3D ( 'NONE', #3070, #1064, #2050 ) ;
#296 = ORIENTED_EDGE ( 'NONE', *, *, #1839, .F. ) ;
#297 = VECTOR ( 'NONE', #2380, 1000.000000000000000 ) ;
#298 = AXIS2_PLACEMENT_3D ( 'NONE', #1208, #2436, #182 ) ;
#299 = EDGE_CURVE ( 'NONE', #3119, #643, #904, .T. ) ;
#300 = ORIENTED_EDGE ( 'NONE', *, *, #2770, .T. ) ;
#301 = ORIENTED_EDGE ( 'NONE', *, *, #2174, .T. ) ;
#302 = CARTESIAN_POINT ( 'NONE',  ( 9.149101626348610239, 0.3732064961997069719, 0.000000000000000000 ) ) ;
#303 = ORIENTED_EDGE ( 'NONE', *, *, #267, .T. ) ;
#304 = DIRECTION ( 'NONE',  ( 0.5140134445095558835, -0.8577821278526509552, 0.000000000000000000 ) ) ;
#305 = EDGE_CURVE ( 'NONE', #1980, #2997, #1601, .T. ) ;
#306 = DIRECTION ( 'NONE',  ( 0.000000000000000000, 0.000000000000000000, 1.000000000000000000 ) ) ;
#307 = EDGE_CURVE ( 'NONE', #941, #611, #400, .T. ) ;
#308 = DIRECTION ( 'NONE',  ( -0.8502895668937723306, 0.5263151645464921868, 0.000000000000000000 ) ) ;
#309 = ORIENTED_EDGE ( 'NONE', *, *, #2592, .F. ) ;
#310 = CYLINDRICAL_SURFACE ( 'NONE', #2252, 0.3999999999999606648 ) ;
#311 = CARTESIAN_POINT ( 'NONE',  ( 27.59311285114109680, 8.644394622196180933, 38.10000000000000142 ) ) ;
#312 = EDGE_CURVE ( 'NONE', #2302, #3184, #1142, .T. ) ;
#313 = VERTEX_POINT ( 'NONE', #1590 ) ;
#314 = ORIENTED_EDGE ( 'NONE', *, *, #869, .T. ) ;
#315 = DIRECTION ( 'NONE',  ( -0.9977540658715186028, 0.06698375950074206275, 0.000000000000000000 ) ) ;
#316 = ORIENTED_EDGE ( 'NONE', *, *, #2364, .T. ) ;
#317 = FACE_OUTER_BOUND ( 'NONE', #3094, .T. ) ;
#318 = DIRECTION ( 'NONE',  ( 0.5263151645464898554, -0.8502895668937737739, 0.000000000000000000 ) ) ;
#319 = CARTESIAN_POINT ( 'NONE',  ( 25.39999999999999858, 5.599999999999999645, 0.000000000000000000 ) ) ;
#320 = EDGE_CURVE ( 'NONE', #1683, #976, #2588, .T. ) ;
#321 = VERTEX_POINT ( 'NONE', #657 ) ;
#322 = CARTESIAN_POINT ( 'NONE',  ( 27.25000000000000000, 8.849999999999999645, 19.05000000000000071 ) ) ;
#323 = DIRECTION ( 'NONE',  ( -1.000000000000000000, 0.000000000000000000, 0.000000000000000000 ) ) ;
#324 = AXIS2_PLACEMENT_3D ( 'NONE', #954, #247, #750 ) ;
#325 = CARTESIAN_POINT ( 'NONE',  ( 29.90688714885889965, 12.50560537780379988, 0.000000000000000000 ) ) ;
#326 =( GEOMETRIC_REPRESENTATION_CONTEXT ( 3 ) GLOBAL_UNCERTAINTY_ASSIGNED_CONTEXT ( ( #2231 ) ) GLOBAL_UNIT_ASSIGNED_CONTEXT ( ( #2616, #2091, #2076 ) ) REPRESENTATION_CONTEXT ( 'NONE', 'WORKASPACE' ) );
#327 = ORIENTED_EDGE ( 'NONE', *, *, #797, .F. ) ;
#328 = EDGE_LOOP ( 'NONE', ( #2094, #3167, #1488, #925 ) ) ;
#329 = CARTESIAN_POINT ( 'NONE',  ( 12.55000000000000071, 6.350000000001609912, 4.500000000000000000 ) ) ;
#330 = ORIENTED_EDGE ( 'NONE', *, *, #2703, .T. ) ;
#331 = CARTESIAN_POINT ( 'NONE',  ( 29.39528150943549889, 5.620000000000000107, 38.10000000000000142 ) ) ;
#332 = EDGE_CURVE ( 'NONE', #529, #2314, #1341, .T. ) ;
#333 = CARTESIAN_POINT ( 'NONE',  ( 27.59311285114109680, 8.644394622196180933, 38.10000000000000142 ) ) ;
#334 = DIRECTION ( 'NONE',  ( 0.9963139932601036142, 0.08578127321336696809, 0.000000000000000000 ) ) ;
#335 = CYLINDRICAL_SURFACE ( 'NONE', #2778, 0.4000000000000004663 ) ;
#336 = AXIS2_PLACEMENT_3D ( 'NONE', #1329, #2836, #126 ) ;
#337 = VECTOR ( 'NONE', #1928, 1000.000000000000000 ) ;
#338 = DIRECTION ( 'NONE',  ( 0.000000000000000000, 0.000000000000000000, -1.000000000000000000 ) ) ;
#339 = VECTOR ( 'NONE', #231, 1000.000000000000000 ) ;
#340 = EDGE_CURVE ( 'NONE', #944, #1642, #2556, .T. ) ;
#341 = CIRCLE ( 'NONE', #701, 0.3999999999999987454 ) ;
#342 = FACE_OUTER_BOUND ( 'NONE', #181, .T. ) ;
#343 = ORIENTED_EDGE ( 'NONE', *, *, #2565, .F. ) ;
#344 = VERTEX_POINT ( 'NONE', #174 ) ;
#345 = PLANE ( 'NONE',  #336 ) ;
#346 = DIRECTION ( 'NONE',  ( 0.000000000000000000, 0.000000000000000000, -1.000000000000000000 ) ) ;
#347 = DIRECTION ( 'NONE',  ( 0.8502895668937718865, 0.5263151645464928530, 0.000000000000000000 ) ) ;
#348 = CARTESIAN_POINT ( 'NONE',  ( 9.149101626348610239, 0.3732064961997069719, 0.000000000000000000 ) ) ;
#349 = ADVANCED_FACE ( 'NONE', ( #2850 ), #386, .T. ) ;
#350 = DIRECTION ( 'NONE',  ( 0.000000000000000000, 0.000000000000000000, 1.000000000000000000 ) ) ;
#351 = CARTESIAN_POINT ( 'NONE',  ( 26.85147440269599883, 8.815687490714658736, 0.000000000000000000 ) ) ;
#352 = PLANE ( 'NONE',  #879 ) ;
#353 = EDGE_CURVE ( 'NONE', #683, #2241, #1855, .T. ) ;
#354 = ORIENTED_EDGE ( 'NONE', *, *, #2104, .T. ) ;
#355 = ORIENTED_EDGE ( 'NONE', *, *, #1507, .T. ) ;
#356 = DIRECTION ( 'NONE',  ( -0.9165151389911609936, 0.4000000000000160649, 0.000000000000000000 ) ) ;
#357 = CARTESIAN_POINT ( 'NONE',  ( 4.649999999999999467, 12.30000000000000071, 0.000000000000000000 ) ) ;
#358 = FACE_OUTER_BOUND ( 'NONE', #1057, .T. ) ;
#359 = CARTESIAN_POINT ( 'NONE',  ( 5.504718490564530775, 7.080000000000000071, 0.000000000000000000 ) ) ;
#360 = PLANE ( 'NONE',  #244 ) ;
#361 = DIRECTION ( 'NONE',  ( -0.5263151645464938522, 0.8502895668937711093, 0.000000000000000000 ) ) ;
#362 = ADVANCED_FACE ( 'NONE', ( #1125 ), #2109, .T. ) ;
#363 = VECTOR ( 'NONE', #2629, 1000.000000000000000 ) ;
#364 = CARTESIAN_POINT ( 'NONE',  ( 4.293987403492869781, 0.5823596203336999233, 0.000000000000000000 ) ) ;
#365 = VECTOR ( 'NONE', #1330, 1000.000000000000000 ) ;
#366 = ORIENTED_EDGE ( 'NONE', *, *, #2800, .T. ) ;
#367 = VERTEX_POINT ( 'NONE', #2639 ) ;
#368 = DIRECTION ( 'NONE',  ( 0.000000000000000000, -1.000000000000000000, 0.000000000000000000 ) ) ;
#369 = CARTESIAN_POINT ( 'NONE',  ( 12.55000000000000071, 7.100000000003220180, 4.500000000000000000 ) ) ;
#370 = AXIS2_PLACEMENT_3D ( 'NONE', #1989, #18, #2955 ) ;
#371 = ORIENTED_EDGE ( 'NONE', *, *, #1992, .T. ) ;
#372 = DIRECTION ( 'NONE',  ( 0.000000000000000000, 0.000000000000000000, 1.000000000000000000 ) ) ;
#373 = CARTESIAN_POINT ( 'NONE',  ( 22.84999999999999787, 5.599999999999999645, 3.633974596215560293 ) ) ;
#374 = EDGE_CURVE ( 'NONE', #2387, #556, #417, .T. ) ;
#375 = AXIS2_PLACEMENT_3D ( 'NONE', #3152, #912, #648 ) ;
#376 = CARTESIAN_POINT ( 'NONE',  ( 32.66000000000000369, 9.283393944403540488, 38.10000000000000142 ) ) ;
#377 = DIRECTION ( 'NONE',  ( 0.000000000000000000, 0.000000000000000000, 1.000000000000000000 ) ) ;
#378 = AXIS2_PLACEMENT_3D ( 'NONE', #2128, #658, #3124 ) ;
#379 = DIRECTION ( 'NONE',  ( -0.6295123653826761867, 0.7769904644397562787, 0.000000000000000000 ) ) ;
#380 = AXIS2_PLACEMENT_3D ( 'NONE', #2268, #2960, #2527 ) ;
#381 = EDGE_CURVE ( 'NONE', #2226, #2897, #2736, .T. ) ;
#382 = AXIS2_PLACEMENT_3D ( 'NONE', #17, #2746, #2460 ) ;
#383 = EDGE_CURVE ( 'NONE', #926, #2900, #2147, .T. ) ;
#384 = ORIENTED_EDGE ( 'NONE', *, *, #290, .T. ) ;
#385 = ORIENTED_EDGE ( 'NONE', *, *, #3014, .T. ) ;
#386 = PLANE ( 'NONE',  #2251 ) ;
#388 = VECTOR ( 'NONE', #347, 999.9999999999998863 ) ;
#387 = DIRECTION ( 'NONE',  ( 0.5563899981191268163, -0.8309212778554885270, 0.000000000000000000 ) ) ;
#389 = CARTESIAN_POINT ( 'NONE',  ( 8.351474402695959753, 0.3656874907146550058, 0.000000000000000000 ) ) ;
#390 = ORIENTED_EDGE ( 'NONE', *, *, #1396, .T. ) ;
#391 = DIRECTION ( 'NONE',  ( -0.8900314912678255475, 0.4558990508342504189, 0.000000000000000000 ) ) ;
#392 = CARTESIAN_POINT ( 'NONE',  ( 4.527444000752350206, 2.682368511142200429, 38.10000000000000142 ) ) ;
#393 = EDGE_CURVE ( 'NONE', #1529, #1044, #434, .T. ) ;
#394 = ADVANCED_FACE ( 'NONE', ( #1921 ), #978, .T. ) ;
#395 = DIRECTION ( 'NONE',  ( 0.000000000000000000, 0.000000000000000000, 1.000000000000000000 ) ) ;
#396 = DIRECTION ( 'NONE',  ( 0.000000000000000000, 0.000000000000000000, -1.000000000000000000 ) ) ;
#397 = CARTESIAN_POINT ( 'NONE',  ( 25.39999999999999858, 7.100000000003220180, 38.10000000000000142 ) ) ;
#398 = VERTEX_POINT ( 'NONE', #2486 ) ;
#399 = EDGE_LOOP ( 'NONE', ( #2610, #2810, #1082, #995 ) ) ;
#400 = LINE ( 'NONE', #3107, #2136 ) ;
#401 = VECTOR ( 'NONE', #2631, 1000.000000000000114 ) ;
#402 = CARTESIAN_POINT ( 'NONE',  ( 12.55000000000000071, 5.599999999999999645, 4.500000000000000000 ) ) ;
#403 = ORIENTED_EDGE ( 'NONE', *, *, #2749, .T. ) ;
#404 = CARTESIAN_POINT ( 'NONE',  ( 30.25000000000000000, 0.4000000000000000222, 0.000000000000000000 ) ) ;
#405 = ORIENTED_EDGE ( 'NONE', *, *, #1783, .T. ) ;
#406 = CYLINDRICAL_SURFACE ( 'NONE', #1274, 1.600000000000000755 ) ;
#407 = LINE ( 'NONE', #466, #1137 ) ;
#408 = DIRECTION ( 'NONE',  ( -0.5563899981191237076, -0.8309212778554907475, 0.000000000000000000 ) ) ;
#409 =( LENGTH_UNIT ( ) NAMED_UNIT ( * ) SI_UNIT ( .MILLI., .METRE. ) );
#410 = UNCERTAINTY_MEASURE_WITH_UNIT (LENGTH_MEASURE( 1.000000000000000082E-05 ), #1641, 'distance_accuracy_value', 'NONE');
#411 = LINE ( 'NONE', #2381, #37 ) ;
#412 =( NAMED_UNIT ( * ) PLANE_ANGLE_UNIT ( ) SI_UNIT ( $, .RADIAN. ) );
#413 = ORIENTED_EDGE ( 'NONE', *, *, #1055, .F. ) ;
#414 = DIRECTION ( 'NONE',  ( 0.000000000000000000, 0.000000000000000000, 1.000000000000000000 ) ) ;
#415 = VERTEX_POINT ( 'NONE', #1901 ) ;
#416 = VERTEX_POINT ( 'NONE', #994 ) ;
#417 = LINE ( 'NONE', #1686, #1621 ) ;
#418 = DIRECTION ( 'NONE',  ( 0.9165151389911678770, -0.4000000000000004108, 0.000000000000000000 ) ) ;
#419 = ORIENTED_EDGE ( 'NONE', *, *, #121, .F. ) ;
#420 = DIRECTION ( 'NONE',  ( 0.000000000000000000, 0.000000000000000000, -1.000000000000000000 ) ) ;
#421 = VECTOR ( 'NONE', #3060, 1000.000000000000227 ) ;
#422 = ORIENTED_EDGE ( 'NONE', *, *, #2191, .T. ) ;
#423 = CIRCLE ( 'NONE', #1660, 0.4000000000000004663 ) ;
#424 = DIRECTION ( 'NONE',  ( -0.9963139932601036142, -0.08578127321336709299, 0.000000000000000000 ) ) ;
#425 = DIRECTION ( 'NONE',  ( 0.000000000000000000, 0.000000000000000000, 1.000000000000000000 ) ) ;
#426 = DIRECTION ( 'NONE',  ( -1.000000000000000000, 0.000000000000000000, 0.000000000000000000 ) ) ;
#427 = ADVANCED_FACE ( 'NONE', ( #458 ), #1440, .T. ) ;
#428 = EDGE_CURVE ( 'NONE', #1617, #1854, #2466, .T. ) ;
#429 = CARTESIAN_POINT ( 'NONE',  ( 9.500000000000000000, 7.100000000003220180, 0.000000000000000000 ) ) ;
#430 = DIRECTION ( 'NONE',  ( 0.06698375950074098029, -0.9977540658715186028, 0.000000000000000000 ) ) ;
#431 = ORIENTED_EDGE ( 'NONE', *, *, #537, .F. ) ;
#432 = AXIS2_PLACEMENT_3D ( 'NONE', #1746, #255, #2188 ) ;
#433 = DIRECTION ( 'NONE',  ( 0.9165151389911609936, -0.4000000000000160649, 0.000000000000000000 ) ) ;
#434 = CIRCLE ( 'NONE', #847, 0.3999999999999997446 ) ;
#435 = ORIENTED_EDGE ( 'NONE', *, *, #721, .T. ) ;
#436 = VERTEX_POINT ( 'NONE', #2430 ) ;
#437 = CYLINDRICAL_SURFACE ( 'NONE', #1065, 0.4000000000000001332 ) ;
#438 = EDGE_CURVE ( 'NONE', #2755, #1642, #1975, .T. ) ;
#439 = DIRECTION ( 'NONE',  ( 0.000000000000000000, 0.000000000000000000, -1.000000000000000000 ) ) ;
#440 = CIRCLE ( 'NONE', #2139, 1.000000000000000888 ) ;
#441 = VECTOR ( 'NONE', #2970, 1000.000000000000000 ) ;
#442 = ORIENTED_EDGE ( 'NONE', *, *, #605, .F. ) ;
#443 = DIRECTION ( 'NONE',  ( 0.000000000000000000, -1.000000000000000000, 0.000000000000000000 ) ) ;
#444 = VECTOR ( 'NONE', #223, 1000.000000000000000 ) ;
#445 = ORIENTED_EDGE ( 'NONE', *, *, #1638, .F. ) ;
#446 = FACE_OUTER_BOUND ( 'NONE', #111, .T. ) ;
#447 = CARTESIAN_POINT ( 'NONE',  ( 12.05000000000000071, 5.599999999999999645, 6.500000000000000000 ) ) ;
#448 = CARTESIAN_POINT ( 'NONE',  ( 34.27744400075229692, 12.63236851114220016, 0.000000000000000000 ) ) ;
#449 = LINE ( 'NONE', #892, #1549 ) ;
#450 = AXIS2_PLACEMENT_3D ( 'NONE', #946, #2628, #465 ) ;
#451 = DIRECTION ( 'NONE',  ( 0.8900314912678252144, -0.4558990508342512515, 0.000000000000000000 ) ) ;
#452 = EDGE_CURVE ( 'NONE', #1773, #2534, #193, .T. ) ;
#453 = DIRECTION ( 'NONE',  ( 0.000000000000000000, 0.000000000000000000, -1.000000000000000000 ) ) ;
#454 = ORIENTED_EDGE ( 'NONE', *, *, #1543, .F. ) ;
#455 = LINE ( 'NONE', #1177, #1397 ) ;
#456 = ORIENTED_EDGE ( 'NONE', *, *, #1915, .F. ) ;
#457 = VERTEX_POINT ( 'NONE', #752 ) ;
#458 = FACE_OUTER_BOUND ( 'NONE', #1178, .T. ) ;
#459 = DIRECTION ( 'NONE',  ( 0.000000000000000000, 1.000000000000000000, 0.000000000000000000 ) ) ;
#460 = VERTEX_POINT ( 'NONE', #921 ) ;
#461 = CARTESIAN_POINT ( 'NONE',  ( 4.071235690644890326, 5.548888888888889426, 0.000000000000000000 ) ) ;
#462 = ADVANCED_FACE ( 'NONE', ( #1663 ), #1741, .T. ) ;
#463 = ORIENTED_EDGE ( 'NONE', *, *, #2521, .T. ) ;
#464 = CARTESIAN_POINT ( 'NONE',  ( 28.94999999999999929, 5.620000000000000107, 38.10000000000000142 ) ) ;
#465 = DIRECTION ( 'NONE',  ( -0.9963139932601036142, -0.08578127321336696809, 0.000000000000000000 ) ) ;
#466 = CARTESIAN_POINT ( 'NONE',  ( 26.54852559730399975, 12.33431250928529899, 0.000000000000000000 ) ) ;
#467 = CARTESIAN_POINT ( 'NONE',  ( 5.106012596507130574, 10.53235962033370043, 38.10000000000000142 ) ) ;
#468 = CARTESIAN_POINT ( 'NONE',  ( 4.750000000000000000, 10.34999999999999964, 19.05000000000000071 ) ) ;
#469 = DIRECTION ( 'NONE',  ( 0.000000000000000000, 0.000000000000000000, 1.000000000000000000 ) ) ;
#470 = EDGE_CURVE ( 'NONE', #2233, #1683, #440, .T. ) ;
#471 = ORIENTED_EDGE ( 'NONE', *, *, #332, .F. ) ;
#472 = CARTESIAN_POINT ( 'NONE',  ( 34.34000000000000341, 10.01660605559650108, 0.000000000000000000 ) ) ;
#473 = EDGE_LOOP ( 'NONE', ( #384, #2453, #1923, #1648 ) ) ;
#474 = ADVANCED_FACE ( 'NONE', ( #696 ), #437, .T. ) ;
#475 = CARTESIAN_POINT ( 'NONE',  ( 0.4000000000000000222, 3.050000000000000266, 0.000000000000000000 ) ) ;
#476 = DIRECTION ( 'NONE',  ( 0.5263151645464898554, -0.8502895668937737739, 0.000000000000000000 ) ) ;
#477 = ORIENTED_EDGE ( 'NONE', *, *, #878, .F. ) ;
#478 = CARTESIAN_POINT ( 'NONE',  ( 4.293987403492869781, 0.5823596203336999233, 38.10000000000000142 ) ) ;
#479 = ORIENTED_EDGE ( 'NONE', *, *, #690, .F. ) ;
#480 = DIRECTION ( 'NONE',  ( 0.000000000000000000, 0.000000000000000000, -1.000000000000000000 ) ) ;
#481 = CARTESIAN_POINT ( 'NONE',  ( 27.59311285114109680, 4.055605377803820133, 0.000000000000000000 ) ) ;
#482 = LINE ( 'NONE', #1929, #2070 ) ;
#483 = CIRCLE ( 'NONE', #1976, 0.3999999999999998557 ) ;
#484 = CARTESIAN_POINT ( 'NONE',  ( 5.504718490564530775, 7.080000000000000071, 0.000000000000000000 ) ) ;
#485 = AXIS2_PLACEMENT_3D ( 'NONE', #2328, #113, #2609 ) ;
#486 = DIRECTION ( 'NONE',  ( 0.000000000000000000, 0.000000000000000000, 1.000000000000000000 ) ) ;
#487 = EDGE_CURVE ( 'NONE', #890, #702, #503, .T. ) ;
#488 = CARTESIAN_POINT ( 'NONE',  ( 19.05000000000000071, 5.599999999999999645, 13.50000000000000000 ) ) ;
#489 = ORIENTED_EDGE ( 'NONE', *, *, #977, .T. ) ;
#490 = DIRECTION ( 'NONE',  ( 0.000000000000000000, -1.000000000000000000, 0.000000000000000000 ) ) ;
#491 = ORIENTED_EDGE ( 'NONE', *, *, #2977, .F. ) ;
#492 = DIRECTION ( 'NONE',  ( 0.000000000000000000, 0.000000000000000000, 1.000000000000000000 ) ) ;
#493 = DIRECTION ( 'NONE',  ( 0.6464421993858211479, 0.7629629629629622878, 0.000000000000000000 ) ) ;
#494 = ORIENTED_EDGE ( 'NONE', *, *, #3176, .F. ) ;
#495 = CARTESIAN_POINT ( 'NONE',  ( 12.05000000000000071, 7.100000000003220180, 6.500000000000000000 ) ) ;
#496 = ORIENTED_EDGE ( 'NONE', *, *, #629, .F. ) ;
#497 = LINE ( 'NONE', #772, #803 ) ;
#498 = CIRCLE ( 'NONE', #1101, 0.4000000000000004108 ) ;
#499 = VECTOR ( 'NONE', #430, 1000.000000000000114 ) ;
#500 = DIRECTION ( 'NONE',  ( 0.000000000000000000, -1.000000000000000000, 0.000000000000000000 ) ) ;
#501 = DIRECTION ( 'NONE',  ( 0.000000000000000000, 0.000000000000000000, 1.000000000000000000 ) ) ;
#502 = CARTESIAN_POINT ( 'NONE',  ( 28.94999999999999929, 7.080000000000000071, 0.000000000000000000 ) ) ;
#503 = CIRCLE ( 'NONE', #1105, 0.3999999999999973577 ) ;
#504 = AXIS2_PLACEMENT_3D ( 'NONE', #49, #2525, #2216 ) ;
#505 = CARTESIAN_POINT ( 'NONE',  ( 7.306887148858939973, 4.055605377803820133, 0.000000000000000000 ) ) ;
#506 = VECTOR ( 'NONE', #821, 999.9999999999998863 ) ;
#507 = LINE ( 'NONE', #1492, #441 ) ;
#508 = EDGE_CURVE ( 'NONE', #1758, #3204, #268, .T. ) ;
#509 = ORIENTED_EDGE ( 'NONE', *, *, #2104, .F. ) ;
#510 = CARTESIAN_POINT ( 'NONE',  ( 25.75089837365139900, 0.3732064961997069719, 0.000000000000000000 ) ) ;
#511 = ORIENTED_EDGE ( 'NONE', *, *, #1070, .T. ) ;
#512 = DIRECTION ( 'NONE',  ( 0.000000000000000000, 0.000000000000000000, 1.000000000000000000 ) ) ;
#513 = ORIENTED_EDGE ( 'NONE', *, *, #82, .T. ) ;
#514 = DIRECTION ( 'NONE',  ( 0.6295123653826767418, -0.7769904644397557236, 0.000000000000000000 ) ) ;
#515 = ORIENTED_EDGE ( 'NONE', *, *, #635, .F. ) ;
#516 = ORIENTED_EDGE ( 'NONE', *, *, #730, .T. ) ;
#517 = VERTEX_POINT ( 'NONE', #675 ) ;
#518 = ORIENTED_EDGE ( 'NONE', *, *, #2953, .F. ) ;
#519 = DIRECTION ( 'NONE',  ( -1.000000000000000000, 0.000000000000000000, 0.000000000000000000 ) ) ;
#520 = CARTESIAN_POINT ( 'NONE',  ( 0.1481950538469299916, 0.7107961857759029778, 0.000000000000000000 ) ) ;
#521 = EDGE_CURVE ( 'NONE', #2259, #993, #176, .T. ) ;
#522 = CARTESIAN_POINT ( 'NONE',  ( 30.37255599924770166, 10.01763148885780019, 38.10000000000000142 ) ) ;
#523 = DIRECTION ( 'NONE',  ( 0.000000000000000000, 0.000000000000000000, -1.000000000000000000 ) ) ;
#524 = ORIENTED_EDGE ( 'NONE', *, *, #1684, .F. ) ;
#525 = EDGE_LOOP ( 'NONE', ( #2066, #2808, #1395, #1977 ) ) ;
#526 = EDGE_CURVE ( 'NONE', #2027, #2869, #763, .T. ) ;
#527 = ORIENTED_EDGE ( 'NONE', *, *, #2464, .T. ) ;
#528 = ORIENTED_EDGE ( 'NONE', *, *, #307, .T. ) ;
#529 = VERTEX_POINT ( 'NONE', #938 ) ;
#530 = FACE_OUTER_BOUND ( 'NONE', #1815, .T. ) ;
#531 = ORIENTED_EDGE ( 'NONE', *, *, #869, .F. ) ;
#532 = DIRECTION ( 'NONE',  ( 0.000000000000000000, 0.000000000000000000, 1.000000000000000000 ) ) ;
#533 = DIRECTION ( 'NONE',  ( 0.3999999999999700462, 0.9165151389911810886, 0.000000000000000000 ) ) ;
#534 = AXIS2_PLACEMENT_3D ( 'NONE', #171, #1159, #3140 ) ;
#535 = DIRECTION ( 'NONE',  ( -0.8577821278526506221, -0.5140134445095564386, 0.000000000000000000 ) ) ;
#536 = DIRECTION ( 'NONE',  ( -0.6464421993858188165, -0.7629629629629640641, 0.000000000000000000 ) ) ;
#537 = EDGE_CURVE ( 'NONE', #2326, #517, #698, .T. ) ;
#538 = EDGE_CURVE ( 'NONE', #699, #993, #2996, .T. ) ;
#539 = CIRCLE ( 'NONE', #622, 0.4000000000000017986 ) ;
#540 = ORIENTED_EDGE ( 'NONE', *, *, #290, .F. ) ;
#541 = ADVANCED_FACE ( 'NONE', ( #24 ), #335, .T. ) ;
#542 = ORIENTED_EDGE ( 'NONE', *, *, #955, .T. ) ;
#543 = ADVANCED_FACE ( 'NONE', ( #959 ), #1308, .F. ) ;
#544 = ORIENTED_EDGE ( 'NONE', *, *, #2777, .T. ) ;
#545 = CARTESIAN_POINT ( 'NONE',  ( 27.25000000000000000, 3.850000000000000089, 38.10000000000000142 ) ) ;
#546 = VECTOR ( 'NONE', #2490, 1000.000000000000000 ) ;
#547 = VERTEX_POINT ( 'NONE', #2540 ) ;
#548 = CARTESIAN_POINT ( 'NONE',  ( 5.106012596507130574, 2.167640379666299744, 0.000000000000000000 ) ) ;
#549 = CIRCLE ( 'NONE', #2299, 0.3999999999999973577 ) ;
#550 = DIRECTION ( 'NONE',  ( 0.7187795148233606657, 0.6952380952380948775, 0.000000000000000000 ) ) ;
#551 = DIRECTION ( 'NONE',  ( 0.6464421993858175952, 0.7629629629629648413, 0.000000000000000000 ) ) ;
#552 = VERTEX_POINT ( 'NONE', #2790 ) ;
#553 = ADVANCED_FACE ( 'NONE', ( #2294 ), #310, .F. ) ;
#554 = FACE_OUTER_BOUND ( 'NONE', #2593, .T. ) ;
#555 = ORIENTED_EDGE ( 'NONE', *, *, #1536, .F. ) ;
#556 = VERTEX_POINT ( 'NONE', #1555 ) ;
#557 = FACE_OUTER_BOUND ( 'NONE', #722, .T. ) ;
#558 = EDGE_CURVE ( 'NONE', #1665, #890, #76, .T. ) ;
#559 = ORIENTED_EDGE ( 'NONE', *, *, #2350, .F. ) ;
#560 = DIRECTION ( 'NONE',  ( -1.000000000000000000, 0.000000000000000000, 0.000000000000000000 ) ) ;
#561 = DIRECTION ( 'NONE',  ( 0.4000000000000002998, 0.9165151389911679880, 0.000000000000000000 ) ) ;
#562 = DIRECTION ( 'NONE',  ( 0.000000000000000000, 0.000000000000000000, -1.000000000000000000 ) ) ;
#563 = ORIENTED_EDGE ( 'NONE', *, *, #2112, .F. ) ;
#564 = VECTOR ( 'NONE', #969, 1000.000000000000000 ) ;
#565 = DIRECTION ( 'NONE',  ( 0.000000000000000000, 0.000000000000000000, -1.000000000000000000 ) ) ;
#566 = ADVANCED_FACE ( 'NONE', ( #2022 ), #811, .T. ) ;
#567 = LINE ( 'NONE', #2791, #2975 ) ;
#568 = EDGE_CURVE ( 'NONE', #2907, #749, #3079, .T. ) ;
#569 = ORIENTED_EDGE ( 'NONE', *, *, #2539, .T. ) ;
#570 = VERTEX_POINT ( 'NONE', #3032 ) ;
#571 = DIRECTION ( 'NONE',  ( 0.06698375950073601204, 0.9977540658715190469, 0.000000000000000000 ) ) ;
#572 = DIRECTION ( 'NONE',  ( -0.8309212778554878609, 0.5563899981191279265, 0.000000000000000000 ) ) ;
#573 = EDGE_CURVE ( 'NONE', #1642, #1056, #2037, .T. ) ;
#574 = CARTESIAN_POINT ( 'NONE',  ( 26.54852559730399975, 0.3656874907146550058, 0.000000000000000000 ) ) ;
#575 = DIRECTION ( 'NONE',  ( -0.06698375950073601204, -0.9977540658715190469, 0.000000000000000000 ) ) ;
#576 = EDGE_CURVE ( 'NONE', #3063, #3081, #1239, .T. ) ;
#577 = CARTESIAN_POINT ( 'NONE',  ( 31.02269696917090158, 5.320000000000000284, 38.10000000000000142 ) ) ;
#578 = DIRECTION ( 'NONE',  ( 0.000000000000000000, -1.000000000000000000, 0.000000000000000000 ) ) ;
#579 = CIRCLE ( 'NONE', #1914, 0.4000000000000002442 ) ;
#580 = VECTOR ( 'NONE', #1816, 1000.000000000000000 ) ;
#581 = CARTESIAN_POINT ( 'NONE',  ( 4.649999999999999467, 0.4000000000000000222, 38.10000000000000142 ) ) ;
#582 = ORIENTED_EDGE ( 'NONE', *, *, #1344, .F. ) ;
#583 = ORIENTED_EDGE ( 'NONE', *, *, #3162, .F. ) ;
#584 = CARTESIAN_POINT ( 'NONE',  ( 25.39999999999999858, 5.599999999999999645, 38.10000000000000142 ) ) ;
#585 = EDGE_CURVE ( 'NONE', #1307, #1800, #2344, .T. ) ;
#586 = EDGE_LOOP ( 'NONE', ( #2773, #69, #737, #2067 ) ) ;
#587 = DIRECTION ( 'NONE',  ( 0.000000000000000000, -1.000000000000000000, 0.000000000000000000 ) ) ;
#588 = CYLINDRICAL_SURFACE ( 'NONE', #2567, 0.4000000000000001332 ) ;
#589 = CARTESIAN_POINT ( 'NONE',  ( 9.500000000000190070, 5.599999999999999645, 38.10000000000000142 ) ) ;
#590 = VECTOR ( 'NONE', #723, 1000.000000000000000 ) ;
#591 = DIRECTION ( 'NONE',  ( 0.000000000000000000, 0.000000000000000000, 1.000000000000000000 ) ) ;
#592 = VECTOR ( 'NONE', #2803, 1000.000000000000000 ) ;
#593 = AXIS2_PLACEMENT_3D ( 'NONE', #2413, #626, #1200 ) ;
#594 = EDGE_CURVE ( 'NONE', #1632, #313, #1808, .T. ) ;
#595 = CARTESIAN_POINT ( 'NONE',  ( 34.75180494615310778, 11.98920381422409953, 0.000000000000000000 ) ) ;
#596 = VECTOR ( 'NONE', #1876, 1000.000000000000000 ) ;
#597 = VECTOR ( 'NONE', #2086, 1000.000000000000000 ) ;
#598 = LINE ( 'NONE', #609, #2116 ) ;
#599 = ORIENTED_EDGE ( 'NONE', *, *, #2893, .T. ) ;
#600 = ORIENTED_EDGE ( 'NONE', *, *, #438, .T. ) ;
#601 = CARTESIAN_POINT ( 'NONE',  ( 32.50000000000000000, 3.050000000000000266, 0.000000000000000000 ) ) ;
#602 = FACE_OUTER_BOUND ( 'NONE', #2998, .T. ) ;
#603 = DIRECTION ( 'NONE',  ( 0.000000000000000000, 0.000000000000000000, 1.000000000000000000 ) ) ;
#604 = LINE ( 'NONE', #1835, #2860 ) ;
#605 = EDGE_CURVE ( 'NONE', #1389, #398, #1222, .T. ) ;
#606 = DIRECTION ( 'NONE',  ( 0.4000000000000000222, -0.9165151389911679880, 0.000000000000000000 ) ) ;
#607 = FILL_AREA_STYLE_COLOUR ( '', #1866 ) ;
#608 = EDGE_CURVE ( 'NONE', #699, #965, #1680, .T. ) ;
#609 = CARTESIAN_POINT ( 'NONE',  ( 2.239999999999999769, 3.416606055596469904, 0.000000000000000000 ) ) ;
#610 = ORIENTED_EDGE ( 'NONE', *, *, #393, .T. ) ;
#611 = VERTEX_POINT ( 'NONE', #1459 ) ;
#612 = CARTESIAN_POINT ( 'NONE',  ( 3.719408481465199756, 5.575086870068130196, 0.000000000000000000 ) ) ;
#613 = ADVANCED_FACE ( 'NONE', ( #1944 ), #251, .F. ) ;
#614 = DIRECTION ( 'NONE',  ( 0.000000000000000000, 0.000000000000000000, 1.000000000000000000 ) ) ;
#615 = VERTEX_POINT ( 'NONE', #1705 ) ;
#616 = DIRECTION ( 'NONE',  ( 0.6295123653827217058, -0.7769904644397193083, 0.000000000000000000 ) ) ;
#617 = LINE ( 'NONE', #1605, #894 ) ;
#618 = FILL_AREA_STYLE_COLOUR ( '', #1937 ) ;
#619 = ADVANCED_FACE ( 'NONE', ( #554 ), #2449, .T. ) ;
#620 = VECTOR ( 'NONE', #1398, 1000.000000000000000 ) ;
#621 = PLANE ( 'NONE',  #2237 ) ;
#622 = AXIS2_PLACEMENT_3D ( 'NONE', #2451, #2373, #1166 ) ;
#623 = EDGE_LOOP ( 'NONE', ( #249, #1237, #390, #920 ) ) ;
#624 = ORIENTED_EDGE ( 'NONE', *, *, #10, .F. ) ;
#625 = DIRECTION ( 'NONE',  ( 0.000000000000000000, 1.000000000000000000, 0.000000000000000000 ) ) ;
#626 = DIRECTION ( 'NONE',  ( -0.5563899981191268163, -0.8309212778554885270, 0.000000000000000000 ) ) ;
#627 = LINE ( 'NONE', #1084, #3172 ) ;
#628 = EDGE_CURVE ( 'NONE', #3031, #2641, #2731, .T. ) ;
#629 = EDGE_CURVE ( 'NONE', #1031, #3166, #3203, .T. ) ;
#630 = ORIENTED_EDGE ( 'NONE', *, *, #1179, .T. ) ;
#631 = CARTESIAN_POINT ( 'NONE',  ( 31.18059151853480060, 7.124913129931869982, 0.000000000000000000 ) ) ;
#632 = PLANE ( 'NONE',  #1958 ) ;
#633 = CARTESIAN_POINT ( 'NONE',  ( 31.02269696917090158, 5.320000000000000284, 0.000000000000000000 ) ) ;
#634 = SURFACE_STYLE_USAGE ( .BOTH. , #2859 ) ;
#635 = EDGE_CURVE ( 'NONE', #2544, #1389, #865, .T. ) ;
#636 = VECTOR ( 'NONE', #3190, 1000.000000000000114 ) ;
#637 = FACE_BOUND ( 'NONE', #2761, .T. ) ;
#638 = ORIENTED_EDGE ( 'NONE', *, *, #661, .T. ) ;
#639 = ORIENTED_EDGE ( 'NONE', *, *, #1344, .T. ) ;
#640 = CARTESIAN_POINT ( 'NONE',  ( 32.24819505384689933, 2.739203814224099975, 0.000000000000000000 ) ) ;
#642 = VECTOR ( 'NONE', #1152, 1000.000000000000114 ) ;
#641 = FACE_OUTER_BOUND ( 'NONE', #3052, .T. ) ;
#643 = VERTEX_POINT ( 'NONE', #3073 ) ;
#644 = CARTESIAN_POINT ( 'NONE',  ( 4.293987403492869781, 12.11764037966630170, 0.000000000000000000 ) ) ;
#645 = EDGE_LOOP ( 'NONE', ( #330, #1853, #2956, #2719 ) ) ;
#646 = EDGE_CURVE ( 'NONE', #3127, #2544, #1624, .T. ) ;
#647 = DIRECTION ( 'NONE',  ( 0.000000000000000000, 0.000000000000000000, -1.000000000000000000 ) ) ;
#648 = DIRECTION ( 'NONE',  ( -1.000000000000000000, 0.000000000000000000, 0.000000000000000000 ) ) ;
#649 = CARTESIAN_POINT ( 'NONE',  ( 7.649999999999999467, 8.849999999999999645, 38.10000000000000142 ) ) ;
#650 = CARTESIAN_POINT ( 'NONE',  ( 25.75089837365139900, 0.3732064961997069719, 0.000000000000000000 ) ) ;
#651 = FACE_OUTER_BOUND ( 'NONE', #1493, .T. ) ;
#652 = ORIENTED_EDGE ( 'NONE', *, *, #1992, .F. ) ;
#653 = CARTESIAN_POINT ( 'NONE',  ( 29.79398740349289909, 2.167640379666309958, 0.000000000000000000 ) ) ;
#654 = AXIS2_PLACEMENT_3D ( 'NONE', #2229, #1570, #1022 ) ;
#655 = VERTEX_POINT ( 'NONE', #1119 ) ;
#656 = VERTEX_POINT ( 'NONE', #2117 ) ;
#657 = CARTESIAN_POINT ( 'NONE',  ( 23.34999999999999787, 7.100000000003220180, 4.500000000000000000 ) ) ;
#658 = DIRECTION ( 'NONE',  ( 0.000000000000000000, 0.000000000000000000, -1.000000000000000000 ) ) ;
#659 = ORIENTED_EDGE ( 'NONE', *, *, #1495, .F. ) ;
#660 = DIRECTION ( 'NONE',  ( 0.000000000000000000, 1.000000000000000000, 0.000000000000000000 ) ) ;
#661 = EDGE_CURVE ( 'NONE', #1156, #2574, #1078, .T. ) ;
#662 = ORIENTED_EDGE ( 'NONE', *, *, #2405, .T. ) ;
#663 = FACE_OUTER_BOUND ( 'NONE', #2223, .T. ) ;
#664 = DIRECTION ( 'NONE',  ( 0.000000000000000000, 0.000000000000000000, 1.000000000000000000 ) ) ;
#665 = DIRECTION ( 'NONE',  ( 0.000000000000000000, -1.000000000000000000, 0.000000000000000000 ) ) ;
#666 = MANIFOLD_SOLID_BREP ( 'Heatsink_Fischer_SK104-STCB_35x13mm.stp[1]', #170 ) ;
#667 = CYLINDRICAL_SURFACE ( 'NONE', #3084, 1.050000000000000711 ) ;
#668 = FACE_OUTER_BOUND ( 'NONE', #1972, .T. ) ;
#669 = CARTESIAN_POINT ( 'NONE',  ( 32.66000000000000369, 9.283393944403540488, 0.000000000000000000 ) ) ;
#670 = EDGE_CURVE ( 'NONE', #2676, #2244, #3103, .T. ) ;
#671 = VERTEX_POINT ( 'NONE', #376 ) ;
#672 = LINE ( 'NONE', #1659, #1656 ) ;
#673 = ORIENTED_EDGE ( 'NONE', *, *, #2893, .F. ) ;
#674 = VERTEX_POINT ( 'NONE', #1132 ) ;
#675 = CARTESIAN_POINT ( 'NONE',  ( 4.527444000752350206, 10.01763148885780019, 0.000000000000000000 ) ) ;
#676 = CIRCLE ( 'NONE', #1817, 0.4000000000000001332 ) ;
#677 = DIRECTION ( 'NONE',  ( 0.5563899981191265942, 0.8309212778554887491, 0.000000000000000000 ) ) ;
#678 = EDGE_LOOP ( 'NONE', ( #1842, #1014, #43, #1859 ) ) ;
#679 = LINE ( 'NONE', #234, #2855 ) ;
#680 = CIRCLE ( 'NONE', #162, 1.049999999999998934 ) ;
#681 = ADVANCED_FACE ( 'NONE', ( #2632 ), #1377, .T. ) ;
#682 = VERTEX_POINT ( 'NONE', #2363 ) ;
#683 = VERTEX_POINT ( 'NONE', #895 ) ;
#684 = DIRECTION ( 'NONE',  ( 0.000000000000000000, 0.000000000000000000, -1.000000000000000000 ) ) ;
#685 = LINE ( 'NONE', #448, #1199 ) ;
#686 = FACE_OUTER_BOUND ( 'NONE', #2698, .T. ) ;
#687 = LINE ( 'NONE', #746, #2614 ) ;
#688 = LINE ( 'NONE', #150, #1019 ) ;
#689 = ORIENTED_EDGE ( 'NONE', *, *, #2503, .T. ) ;
#690 = EDGE_CURVE ( 'NONE', #1251, #2491, #2199, .T. ) ;
#691 = DIRECTION ( 'NONE',  ( 0.000000000000000000, 0.000000000000000000, -1.000000000000000000 ) ) ;
#692 = AXIS2_PLACEMENT_3D ( 'NONE', #545, #1073, #1531 ) ;
#693 = CIRCLE ( 'NONE', #1528, 1.000000000000000888 ) ;
#694 = VERTEX_POINT ( 'NONE', #2844 ) ;
#695 = ORIENTED_EDGE ( 'NONE', *, *, #730, .F. ) ;
#696 = FACE_OUTER_BOUND ( 'NONE', #285, .T. ) ;
#697 = DIRECTION ( 'NONE',  ( 0.000000000000000000, 0.000000000000000000, -1.000000000000000000 ) ) ;
#698 = CIRCLE ( 'NONE', #1480, 0.3999999999999999667 ) ;
#699 = VERTEX_POINT ( 'NONE', #2352 ) ;
#700 = LINE ( 'NONE', #3128, #838 ) ;
#701 = AXIS2_PLACEMENT_3D ( 'NONE', #2759, #306, #1765 ) ;
#702 = VERTEX_POINT ( 'NONE', #1822 ) ;
#703 = ORIENTED_EDGE ( 'NONE', *, *, #121, .T. ) ;
#704 = ADVANCED_FACE ( 'NONE', ( #1639 ), #134, .T. ) ;
#705 = CARTESIAN_POINT ( 'NONE',  ( 2.651804946153069942, 9.960796185775901534, 0.000000000000000000 ) ) ;
#706 = DIRECTION ( 'NONE',  ( 0.5263151645464928530, -0.8502895668937718865, 0.000000000000000000 ) ) ;
#707 = DIRECTION ( 'NONE',  ( 0.000000000000000000, -1.000000000000000000, 0.000000000000000000 ) ) ;
#708 = VECTOR ( 'NONE', #147, 1000.000000000000000 ) ;
#709 = ORIENTED_EDGE ( 'NONE', *, *, #381, .F. ) ;
#710 = DIRECTION ( 'NONE',  ( 0.000000000000000000, -1.000000000000000000, 0.000000000000000000 ) ) ;
#711 = LINE ( 'NONE', #1715, #499 ) ;
#712 = ADVANCED_FACE ( 'NONE', ( #1584 ), #360, .T. ) ;
#713 = ORIENTED_EDGE ( 'NONE', *, *, #585, .T. ) ;
#714 = LINE ( 'NONE', #992, #620 ) ;
#715 = ORIENTED_EDGE ( 'NONE', *, *, #947, .F. ) ;
#716 = DIRECTION ( 'NONE',  ( -0.8502895668937718865, 0.5263151645464928530, 0.000000000000000000 ) ) ;
#717 = DIRECTION ( 'NONE',  ( -0.5563899981190468802, -0.8309212778555421508, 0.000000000000000000 ) ) ;
#718 = ORIENTED_EDGE ( 'NONE', *, *, #797, .T. ) ;
#719 = CARTESIAN_POINT ( 'NONE',  ( 17.44999999999999929, 6.350000000000240341, 0.000000000000000000 ) ) ;
#720 = VECTOR ( 'NONE', #32, 1000.000000000000000 ) ;
#721 = EDGE_CURVE ( 'NONE', #1044, #415, #1089, .T. ) ;
#722 = EDGE_LOOP ( 'NONE', ( #1499, #158, #1110, #2751 ) ) ;
#723 = DIRECTION ( 'NONE',  ( 0.000000000000000000, 1.000000000000000000, 0.000000000000000000 ) ) ;
#724 = CARTESIAN_POINT ( 'NONE',  ( 30.37255599924770166, 10.01763148885780019, 38.10000000000000142 ) ) ;
#725 = DIRECTION ( 'NONE',  ( -0.8502895668937718865, -0.5263151645464928530, 0.000000000000000000 ) ) ;
#726 = DIRECTION ( 'NONE',  ( 0.000000000000000000, 0.000000000000000000, -1.000000000000000000 ) ) ;
#727 = DIRECTION ( 'NONE',  ( 0.000000000000000000, 0.000000000000000000, 1.000000000000000000 ) ) ;
#728 = DIRECTION ( 'NONE',  ( -0.7187795148233565579, -0.6952380952380990964, 0.000000000000000000 ) ) ;
#729 = VERTEX_POINT ( 'NONE', #1838 ) ;
#730 = EDGE_CURVE ( 'NONE', #1195, #1275, #2581, .T. ) ;
#731 = CARTESIAN_POINT ( 'NONE',  ( 30.60601259650710304, 12.11764037966630170, 0.000000000000000000 ) ) ;
#732 = VERTEX_POINT ( 'NONE', #1894 ) ;
#733 = CARTESIAN_POINT ( 'NONE',  ( 22.34999999999999787, 5.599999999999999645, 4.500000000000000000 ) ) ;
#734 = CARTESIAN_POINT ( 'NONE',  ( 34.50000000000000000, 9.650000000000000355, 38.10000000000000142 ) ) ;
#735 = ORIENTED_EDGE ( 'NONE', *, *, #1699, .F. ) ;
#736 = CARTESIAN_POINT ( 'NONE',  ( 17.44999999999999929, 6.350000000001609912, 13.50000000000000000 ) ) ;
#737 = ORIENTED_EDGE ( 'NONE', *, *, #67, .T. ) ;
#738 = CARTESIAN_POINT ( 'NONE',  ( 29.90688714885889965, 12.50560537780379988, 0.000000000000000000 ) ) ;
#739 = DIRECTION ( 'NONE',  ( 0.000000000000000000, 0.000000000000000000, -1.000000000000000000 ) ) ;
#740 = ADVANCED_FACE ( 'NONE', ( #1212 ), #2194, .T. ) ;
#741 = LINE ( 'NONE', #1548, #2650 ) ;
#742 = AXIS2_PLACEMENT_3D ( 'NONE', #1418, #3200, #2426 ) ;
#743 = CARTESIAN_POINT ( 'NONE',  ( 26.85147440269599883, 3.884312509285349879, 38.10000000000000142 ) ) ;
#744 = ADVANCED_FACE ( 'NONE', ( #1433 ), #667, .F. ) ;
#745 = AXIS2_PLACEMENT_3D ( 'NONE', #2723, #501, #1519 ) ;
#746 = CARTESIAN_POINT ( 'NONE',  ( 0.1894739341814030142, 3.390115826757510220, 38.10000000000000142 ) ) ;
#747 = PLANE ( 'NONE',  #2041 ) ;
#748 = PRESENTATION_LAYER_ASSIGNMENT (  '', '', ( #1982 ) ) ;
#749 = VERTEX_POINT ( 'NONE', #2952 ) ;
#750 = DIRECTION ( 'NONE',  ( -1.000000000000000000, 0.000000000000000000, 0.000000000000000000 ) ) ;
#751 = VERTEX_POINT ( 'NONE', #505 ) ;
#752 = CARTESIAN_POINT ( 'NONE',  ( 2.239999999999999769, 3.416606055596469904, 38.10000000000000142 ) ) ;
#753 = ORIENTED_EDGE ( 'NONE', *, *, #64, .F. ) ;
#754 = LINE ( 'NONE', #1725, #2549 ) ;
#755 = VECTOR ( 'NONE', #368, 1000.000000000000000 ) ;
#756 = VERTEX_POINT ( 'NONE', #166 ) ;
#757 = ORIENTED_EDGE ( 'NONE', *, *, #2692, .F. ) ;
#758 = VECTOR ( 'NONE', #2127, 1000.000000000000000 ) ;
#759 = VECTOR ( 'NONE', #2148, 999.9999999999998863 ) ;
#760 = VERTEX_POINT ( 'NONE', #1953 ) ;
#761 = CARTESIAN_POINT ( 'NONE',  ( 4.993112851141060737, 0.1943946221961800058, 0.000000000000000000 ) ) ;
#762 = CARTESIAN_POINT ( 'NONE',  ( 4.993112851141060737, 12.50560537780379988, 0.000000000000000000 ) ) ;
#763 = CIRCLE ( 'NONE', #242, 1.049999999999999822 ) ;
#764 = CARTESIAN_POINT ( 'NONE',  ( 0.6225559992476510374, 12.63236851114220016, 38.10000000000000142 ) ) ;
#765 = AXIS2_PLACEMENT_3D ( 'NONE', #132, #2595, #3114 ) ;
#766 = DIRECTION ( 'NONE',  ( -0.4558990508342471437, -0.8900314912678273238, 0.000000000000000000 ) ) ;
#767 = ORIENTED_EDGE ( 'NONE', *, *, #1300, .T. ) ;
#768 = EDGE_LOOP ( 'NONE', ( #1279, #1162, #1289, #1008 ) ) ;
#769 = EDGE_LOOP ( 'NONE', ( #195, #2315, #1011, #2560, #907, #1353, #343, #1795, #2602, #2889, #2427, #1558, #1767, #2840, #2004, #583, #1559, #509, #1613, #30, #413, #3023, #2418, #1900, #2338, #3158, #1463, #1830, #2720, #3044, #1284, #431, #235, #419, #695, #1754, #1888, #1544, #818, #1561 ) ) ;
#770 = ORIENTED_EDGE ( 'NONE', *, *, #1796, .T. ) ;
#771 = ORIENTED_EDGE ( 'NONE', *, *, #2909, .F. ) ;
#772 = CARTESIAN_POINT ( 'NONE',  ( 4.293987403492869781, 12.11764037966630170, 0.000000000000000000 ) ) ;
#773 = ADVANCED_FACE ( 'NONE', ( #186 ), #1734, .F. ) ;
#774 = EDGE_CURVE ( 'NONE', #3127, #398, #2934, .T. ) ;
#775 = EDGE_LOOP ( 'NONE', ( #1140, #898, #180, #875 ) ) ;
#776 = DIRECTION ( 'NONE',  ( 0.000000000000000000, -1.000000000000000000, 0.000000000000000000 ) ) ;
#777 = FACE_OUTER_BOUND ( 'NONE', #473, .T. ) ;
#778 = VECTOR ( 'NONE', #1557, 1000.000000000000000 ) ;
#779 = CARTESIAN_POINT ( 'NONE',  ( 2.399999999999999911, 9.650000000000000355, 38.10000000000000142 ) ) ;
#780 = CARTESIAN_POINT ( 'NONE',  ( 25.39999999999999858, 5.599999999999999645, 0.000000000000000000 ) ) ;
#781 = VERTEX_POINT ( 'NONE', #3135 ) ;
#782 = EDGE_CURVE ( 'NONE', #50, #1056, #2215, .T. ) ;
#783 = VERTEX_POINT ( 'NONE', #1714 ) ;
#784 = ORIENTED_EDGE ( 'NONE', *, *, #1226, .T. ) ;
#785 = ORIENTED_EDGE ( 'NONE', *, *, #2323, .T. ) ;
#786 = LINE ( 'NONE', #817, #1061 ) ;
#787 = VERTEX_POINT ( 'NONE', #1911 ) ;
#788 = LINE ( 'NONE', #2756, #2711 ) ;
#789 = EDGE_CURVE ( 'NONE', #246, #1742, #2707, .T. ) ;
#790 = CIRCLE ( 'NONE', #2379, 1.049999999999999822 ) ;
#791 = LINE ( 'NONE', #1063, #2203 ) ;
#792 = DIRECTION ( 'NONE',  ( 0.9977540658715187138, 0.06698375950074099416, 0.000000000000000000 ) ) ;
#793 = CIRCLE ( 'NONE', #1306, 1.000000000000000888 ) ;
#794 = ORIENTED_EDGE ( 'NONE', *, *, #307, .F. ) ;
#795 = CARTESIAN_POINT ( 'NONE',  ( 12.05000000000000071, 5.599999999999999645, 5.366025403784440151 ) ) ;
#796 = VECTOR ( 'NONE', #1851, 1000.000000000000000 ) ;
#797 = EDGE_CURVE ( 'NONE', #952, #2209, #2648, .T. ) ;
#798 = ORIENTED_EDGE ( 'NONE', *, *, #594, .F. ) ;
#799 = ORIENTED_EDGE ( 'NONE', *, *, #1586, .T. ) ;
#800 = DIRECTION ( 'NONE',  ( 0.000000000000000000, 0.000000000000000000, 1.000000000000000000 ) ) ;
#801 = ORIENTED_EDGE ( 'NONE', *, *, #374, .F. ) ;
#802 = LINE ( 'NONE', #1535, #3113 ) ;
#803 = VECTOR ( 'NONE', #2285, 1000.000000000000000 ) ;
#804 = VECTOR ( 'NONE', #2671, 1000.000000000000000 ) ;
#805 = EDGE_CURVE ( 'NONE', #1056, #945, #3038, .T. ) ;
#806 = DIRECTION ( 'NONE',  ( -0.5563899981191248179, -0.8309212778554898593, 0.000000000000000000 ) ) ;
#807 = DIRECTION ( 'NONE',  ( 0.000000000000000000, 0.000000000000000000, -1.000000000000000000 ) ) ;
#808 = AXIS2_PLACEMENT_3D ( 'NONE', #649, #834, #91 ) ;
#809 = EDGE_LOOP ( 'NONE', ( #2945, #1589, #3040, #511 ) ) ;
#810 = AXIS2_PLACEMENT_3D ( 'NONE', #1348, #2075, #2815 ) ;
#811 = PLANE ( 'NONE',  #2563 ) ;
#812 = EDGE_CURVE ( 'NONE', #436, #2688, #1484, .T. ) ;
#813 = DIRECTION ( 'NONE',  ( -1.000000000000000000, 0.000000000000000000, 0.000000000000000000 ) ) ;
#814 = EDGE_CURVE ( 'NONE', #2641, #367, #2913, .T. ) ;
#815 = ORIENTED_EDGE ( 'NONE', *, *, #1579, .F. ) ;
#816 = ORIENTED_EDGE ( 'NONE', *, *, #383, .T. ) ;
#817 = CARTESIAN_POINT ( 'NONE',  ( 32.66000000000000369, 9.283393944403540488, 0.000000000000000000 ) ) ;
#818 = ORIENTED_EDGE ( 'NONE', *, *, #1450, .F. ) ;
#819 = DIRECTION ( 'NONE',  ( 0.000000000000000000, -1.000000000000000000, 0.000000000000000000 ) ) ;
#820 = EDGE_CURVE ( 'NONE', #2621, #1825, #687, .T. ) ;
#821 = DIRECTION ( 'NONE',  ( 0.4558990508342189441, -0.8900314912678418677, 0.000000000000000000 ) ) ;
#822 = DIRECTION ( 'NONE',  ( 0.000000000000000000, 0.000000000000000000, -1.000000000000000000 ) ) ;
#823 = PRODUCT_DEFINITION_SHAPE ( 'NONE', 'NONE',  #2214 ) ;
#824 = DIRECTION ( 'NONE',  ( -0.4558990508342189441, -0.8900314912678418677, 0.000000000000000000 ) ) ;
#825 = CARTESIAN_POINT ( 'NONE',  ( 31.18059151853480060, 5.575086870068130196, 0.000000000000000000 ) ) ;
#826 = CARTESIAN_POINT ( 'NONE',  ( 17.44999999999999929, 7.100000000003220180, 18.30000000000000071 ) ) ;
#827 = ORIENTED_EDGE ( 'NONE', *, *, #3102, .T. ) ;
#828 = ORIENTED_EDGE ( 'NONE', *, *, #1203, .F. ) ;
#829 = CARTESIAN_POINT ( 'NONE',  ( 5.950000000000000178, 7.080000000000000071, 38.10000000000000142 ) ) ;
#830 = DIRECTION ( 'NONE',  ( 0.000000000000000000, 0.000000000000000000, 1.000000000000000000 ) ) ;
#831 = EDGE_CURVE ( 'NONE', #2997, #1420, #2669, .T. ) ;
#832 = LINE ( 'NONE', #2073, #597 ) ;
#833 = CYLINDRICAL_SURFACE ( 'NONE', #1364, 0.3999999999999986344 ) ;
#834 = DIRECTION ( 'NONE',  ( 0.000000000000000000, 0.000000000000000000, 1.000000000000000000 ) ) ;
#835 = DIRECTION ( 'NONE',  ( 0.000000000000000000, -1.000000000000000000, 0.000000000000000000 ) ) ;
#836 = VECTOR ( 'NONE', #2336, 1000.000000000000000 ) ;
#837 = ADVANCED_FACE ( 'NONE', ( #914 ), #1451, .F. ) ;
#838 = VECTOR ( 'NONE', #2393, 999.9999999999998863 ) ;
#839 = CARTESIAN_POINT ( 'NONE',  ( 7.306887148858939973, 4.055605377803820133, 0.000000000000000000 ) ) ;
#840 = ORIENTED_EDGE ( 'NONE', *, *, #605, .T. ) ;
#841 = ORIENTED_EDGE ( 'NONE', *, *, #1720, .F. ) ;
#842 = DIRECTION ( 'NONE',  ( 0.000000000000000000, 0.000000000000000000, 1.000000000000000000 ) ) ;
#843 = LINE ( 'NONE', #2825, #2032 ) ;
#844 = EDGE_CURVE ( 'NONE', #1044, #760, #2175, .T. ) ;
#845 = FACE_OUTER_BOUND ( 'NONE', #3198, .T. ) ;
#846 = CARTESIAN_POINT ( 'NONE',  ( 34.50000000000000000, 3.050000000000000266, 0.000000000000000000 ) ) ;
#847 = AXIS2_PLACEMENT_3D ( 'NONE', #2978, #512, #1198 ) ;
#848 = VECTOR ( 'NONE', #1640, 999.9999999999998863 ) ;
#849 = DIRECTION ( 'NONE',  ( 0.08578127321338896438, 0.9963139932601017268, 0.000000000000000000 ) ) ;
#850 = VECTOR ( 'NONE', #766, 1000.000000000000114 ) ;
#851 = LINE ( 'NONE', #351, #1521 ) ;
#852 = EDGE_CURVE ( 'NONE', #97, #2476, #2823, .T. ) ;
#853 = AXIS2_PLACEMENT_3D ( 'NONE', #2536, #2494, #550 ) ;
#854 = CYLINDRICAL_SURFACE ( 'NONE', #2335, 0.3999999999999973577 ) ;
#855 = ORIENTED_EDGE ( 'NONE', *, *, #381, .T. ) ;
#856 = ORIENTED_EDGE ( 'NONE', *, *, #1495, .T. ) ;
#857 = FACE_OUTER_BOUND ( 'NONE', #26, .T. ) ;
#858 = ORIENTED_EDGE ( 'NONE', *, *, #3176, .T. ) ;
#859 = DIRECTION ( 'NONE',  ( -1.000000000000000000, 0.000000000000000000, 0.000000000000000000 ) ) ;
#860 = ADVANCED_FACE ( 'NONE', ( #1970 ), #292, .T. ) ;
#861 = ORIENTED_EDGE ( 'NONE', *, *, #1336, .F. ) ;
#862 = EDGE_CURVE ( 'NONE', #155, #2302, #1225, .T. ) ;
#863 = CARTESIAN_POINT ( 'NONE',  ( 4.071235690644890326, 7.151111111111110752, 38.10000000000000142 ) ) ;
#864 = DIRECTION ( 'NONE',  ( 0.000000000000000000, 0.000000000000000000, 1.000000000000000000 ) ) ;
#865 = LINE ( 'NONE', #2334, #1532 ) ;
#866 = PLANE ( 'NONE',  #114 ) ;
#867 = AXIS2_PLACEMENT_3D ( 'NONE', #949, #1506, #3210 ) ;
#868 = EDGE_CURVE ( 'NONE', #313, #671, #341, .T. ) ;
#869 = EDGE_CURVE ( 'NONE', #2766, #1389, #1107, .T. ) ;
#870 = FACE_OUTER_BOUND ( 'NONE', #3017, .T. ) ;
#871 = ORIENTED_EDGE ( 'NONE', *, *, #239, .F. ) ;
#872 = ORIENTED_EDGE ( 'NONE', *, *, #1708, .T. ) ;
#873 = DIRECTION ( 'NONE',  ( -0.4000000000000000222, -0.9165151389911679880, 0.000000000000000000 ) ) ;
#874 = LINE ( 'NONE', #2578, #2594 ) ;
#875 = ORIENTED_EDGE ( 'NONE', *, *, #1856, .T. ) ;
#876 = DIRECTION ( 'NONE',  ( 0.5140134445095428939, 0.8577821278526588378, 0.000000000000000000 ) ) ;
#877 = CARTESIAN_POINT ( 'NONE',  ( 5.504718490564530775, 5.620000000000000107, 0.000000000000000000 ) ) ;
#878 = EDGE_CURVE ( 'NONE', #3099, #2293, #1419, .T. ) ;
#879 = AXIS2_PLACEMENT_3D ( 'NONE', #122, #379, #414 ) ;
#880 = CARTESIAN_POINT ( 'NONE',  ( 3.877303030829140074, 5.320000000000000284, 0.000000000000000000 ) ) ;
#881 = EDGE_CURVE ( 'NONE', #1165, #1980, #906, .T. ) ;
#882 = AXIS2_PLACEMENT_3D ( 'NONE', #826, #2805, #2557 ) ;
#883 = AXIS2_PLACEMENT_3D ( 'NONE', #1115, #1074, #1591 ) ;
#884 = EDGE_LOOP ( 'NONE', ( #2099, #491, #1258, #85 ) ) ;
#885 = EDGE_LOOP ( 'NONE', ( #3148, #1510, #2273, #2250 ) ) ;
#886 = CARTESIAN_POINT ( 'NONE',  ( 25.39999999999999858, 7.100000000003220180, 0.000000000000000000 ) ) ;
#887 = LINE ( 'NONE', #1386, #2668 ) ;
#888 = CYLINDRICAL_SURFACE ( 'NONE', #1820, 0.4000000000000284994 ) ;
#889 = VECTOR ( 'NONE', #1349, 1000.000000000000114 ) ;
#890 = VERTEX_POINT ( 'NONE', #2480 ) ;
#891 = LINE ( 'NONE', #2568, #1626 ) ;
#892 = CARTESIAN_POINT ( 'NONE',  ( 0.1481950538469299916, 0.7107961857759029778, 38.10000000000000142 ) ) ;
#893 = ADVANCED_FACE ( 'NONE', ( #1987 ), #277, .T. ) ;
#894 = VECTOR ( 'NONE', #3057, 1000.000000000000114 ) ;
#895 = CARTESIAN_POINT ( 'NONE',  ( 0.6225559992476510374, 0.06763148885780499719, 0.000000000000000000 ) ) ;
#896 = LINE ( 'NONE', #1394, #1678 ) ;
#897 = CARTESIAN_POINT ( 'NONE',  ( 5.950000000000000178, 5.620000000000000107, 38.10000000000000142 ) ) ;
#898 = ORIENTED_EDGE ( 'NONE', *, *, #1873, .F. ) ;
#899 = EDGE_CURVE ( 'NONE', #1936, #1617, #1266, .T. ) ;
#900 = LINE ( 'NONE', #397, #421 ) ;
#901 = AXIS2_PLACEMENT_3D ( 'NONE', #577, #1961, #1781 ) ;
#902 = ORIENTED_EDGE ( 'NONE', *, *, #3154, .T. ) ;
#903 = ORIENTED_EDGE ( 'NONE', *, *, #2297, .T. ) ;
#904 = LINE ( 'NONE', #2622, #1991 ) ;
#906 = CIRCLE ( 'NONE', #2256, 0.3999999999999996336 ) ;
#905 = LINE ( 'NONE', #1887, #759 ) ;
#907 = ORIENTED_EDGE ( 'NONE', *, *, #2861, .F. ) ;
#908 = DIRECTION ( 'NONE',  ( 0.000000000000000000, 1.000000000000000000, 0.000000000000000000 ) ) ;
#909 = VERTEX_POINT ( 'NONE', #1004 ) ;
#910 = PLANE ( 'NONE',  #2407 ) ;
#911 = CARTESIAN_POINT ( 'NONE',  ( 34.34000000000000341, 10.01660605559650108, 0.000000000000000000 ) ) ;
#912 = DIRECTION ( 'NONE',  ( 0.000000000000000000, -1.000000000000000000, 0.000000000000000000 ) ) ;
#913 = ADVANCED_FACE ( 'NONE', ( #2987 ), #2509, .T. ) ;
#914 = FACE_OUTER_BOUND ( 'NONE', #284, .T. ) ;
#915 = DIRECTION ( 'NONE',  ( 0.000000000000000000, 0.000000000000000000, -1.000000000000000000 ) ) ;
#916 =( NAMED_UNIT ( * ) SI_UNIT ( $, .STERADIAN. ) SOLID_ANGLE_UNIT ( ) );
#917 = VERTEX_POINT ( 'NONE', #2275 ) ;
#918 = FACE_OUTER_BOUND ( 'NONE', #3201, .T. ) ;
#919 = ORIENTED_EDGE ( 'NONE', *, *, #1373, .F. ) ;
#920 = ORIENTED_EDGE ( 'NONE', *, *, #2839, .T. ) ;
#921 = CARTESIAN_POINT ( 'NONE',  ( 34.34000000000000341, 2.683393944403540399, 0.000000000000000000 ) ) ;
#922 = DIRECTION ( 'NONE',  ( 0.000000000000000000, 0.000000000000000000, -1.000000000000000000 ) ) ;
#923 = ORIENTED_EDGE ( 'NONE', *, *, #814, .F. ) ;
#924 = CARTESIAN_POINT ( 'NONE',  ( 11.54999999999999893, 5.599999999999999645, 4.500000000000000000 ) ) ;
#925 = ORIENTED_EDGE ( 'NONE', *, *, #774, .T. ) ;
#926 = VERTEX_POINT ( 'NONE', #1551 ) ;
#927 = CARTESIAN_POINT ( 'NONE',  ( 31.02269696917090158, 5.320000000000000284, 0.000000000000000000 ) ) ;
#928 = DIRECTION ( 'NONE',  ( -0.3999999999999996336, 0.9165151389911682100, 0.000000000000000000 ) ) ;
#929 = CARTESIAN_POINT ( 'NONE',  ( 9.500000000000190070, 5.599999999999999645, 0.000000000000000000 ) ) ;
#930 = EDGE_CURVE ( 'NONE', #2897, #547, #16, .T. ) ;
#931 = CARTESIAN_POINT ( 'NONE',  ( 0.4000000000000000222, 12.30000000000000071, 0.000000000000000000 ) ) ;
#932 = DIRECTION ( 'NONE',  ( 0.7769904644397620519, 0.6295123653826689702, 0.000000000000000000 ) ) ;
#933 = ORIENTED_EDGE ( 'NONE', *, *, #1143, .F. ) ;
#934 = CARTESIAN_POINT ( 'NONE',  ( 8.351474402695959753, 0.3656874907146550058, 38.10000000000000142 ) ) ;
#935 = EDGE_CURVE ( 'NONE', #702, #313, #2745, .T. ) ;
#936 = ORIENTED_EDGE ( 'NONE', *, *, #1487, .T. ) ;
#937 = ORIENTED_EDGE ( 'NONE', *, *, #56, .T. ) ;
#938 = CARTESIAN_POINT ( 'NONE',  ( 15.84999999999999964, 7.100000000003220180, 13.50000000000000000 ) ) ;
#939 = VECTOR ( 'NONE', #2898, 1000.000000000000000 ) ;
#940 = PLANE ( 'NONE',  #593 ) ;
#941 = VERTEX_POINT ( 'NONE', #764 ) ;
#942 = DIRECTION ( 'NONE',  ( 0.000000000000000000, 0.000000000000000000, 1.000000000000000000 ) ) ;
#943 = AXIS2_PLACEMENT_3D ( 'NONE', #369, #587, #100 ) ;
#944 = VERTEX_POINT ( 'NONE', #1750 ) ;
#945 = VERTEX_POINT ( 'NONE', #522 ) ;
#946 = CARTESIAN_POINT ( 'NONE',  ( 8.750000000000000000, 0.4000000000000000222, 38.10000000000000142 ) ) ;
#947 = EDGE_CURVE ( 'NONE', #2326, #1936, #2049, .T. ) ;
#948 = CARTESIAN_POINT ( 'NONE',  ( 3.877303030829140074, 5.320000000000000284, 38.10000000000000142 ) ) ;
#949 = CARTESIAN_POINT ( 'NONE',  ( 4.293987403492869781, 0.5823596203336999233, 0.000000000000000000 ) ) ;
#950 = CARTESIAN_POINT ( 'NONE',  ( 26.54852559730399975, 0.3656874907146550058, 0.000000000000000000 ) ) ;
#951 = CARTESIAN_POINT ( 'NONE',  ( 29.90688714885889965, 0.1943946221961810328, 38.10000000000000142 ) ) ;
#952 = VERTEX_POINT ( 'NONE', #1777 ) ;
#953 = CIRCLE ( 'NONE', #432, 1.049999999999999378 ) ;
#954 = CARTESIAN_POINT ( 'NONE',  ( 17.44999999999999929, 7.100000000003220180, 13.50000000000000000 ) ) ;
#955 = EDGE_CURVE ( 'NONE', #2217, #674, #83, .T. ) ;
#956 = VECTOR ( 'NONE', #1043, 1000.000000000000227 ) ;
#957 = ORIENTED_EDGE ( 'NONE', *, *, #1594, .T. ) ;
#958 = CARTESIAN_POINT ( 'NONE',  ( 4.649999999999999467, 0.4000000000000000222, 0.000000000000000000 ) ) ;
#959 = FACE_OUTER_BOUND ( 'NONE', #2674, .T. ) ;
#960 = MECHANICAL_DESIGN_GEOMETRIC_PRESENTATION_REPRESENTATION (  '', ( #1832 ), #1363 ) ;
#961 = AXIS2_PLACEMENT_3D ( 'NONE', #2857, #1653, #408 ) ;
#962 = ORIENTED_EDGE ( 'NONE', *, *, #2023, .F. ) ;
#963 = PLANE ( 'NONE',  #2288 ) ;
#964 = VECTOR ( 'NONE', #603, 1000.000000000000000 ) ;
#965 = VERTEX_POINT ( 'NONE', #2247 ) ;
#966 = DIRECTION ( 'NONE',  ( -0.5563899981191237076, -0.8309212778554907475, 0.000000000000000000 ) ) ;
#967 = CARTESIAN_POINT ( 'NONE',  ( 17.44999999999999929, 6.350000000000240341, 38.10000000000000142 ) ) ;
#968 = PLANE ( 'NONE',  #2806 ) ;
#969 = DIRECTION ( 'NONE',  ( 0.000000000000000000, 0.000000000000000000, 1.000000000000000000 ) ) ;
#970 = EDGE_CURVE ( 'NONE', #1502, #1406, #1791, .T. ) ;
#971 = ADVANCED_FACE ( 'NONE', ( #2291 ), #34, .T. ) ;
#972 = CARTESIAN_POINT ( 'NONE',  ( 7.306887148858939973, 8.644394622196180933, 0.000000000000000000 ) ) ;
#973 = FACE_OUTER_BOUND ( 'NONE', #2932, .T. ) ;
#974 = ORIENTED_EDGE ( 'NONE', *, *, #670, .F. ) ;
#975 = CARTESIAN_POINT ( 'NONE',  ( 3.719408481465199756, 7.124913129931869982, 0.000000000000000000 ) ) ;
#976 = VERTEX_POINT ( 'NONE', #3015 ) ;
#977 = EDGE_CURVE ( 'NONE', #3099, #2641, #791, .T. ) ;
#978 = CYLINDRICAL_SURFACE ( 'NONE', #2045, 0.4000000000000017986 ) ;
#979 = ADVANCED_FACE ( 'NONE', ( #2856 ), #588, .T. ) ;
#980 = DIRECTION ( 'NONE',  ( 0.5263151645464898554, -0.8502895668937737739, 0.000000000000000000 ) ) ;
#981 = VERTEX_POINT ( 'NONE', #2828 ) ;
#982 = FACE_OUTER_BOUND ( 'NONE', #1438, .T. ) ;
#983 = AXIS2_PLACEMENT_3D ( 'NONE', #762, #1263, #726 ) ;
#984 = EDGE_LOOP ( 'NONE', ( #6, #1780, #1965, #2880 ) ) ;
#985 = DIRECTION ( 'NONE',  ( 0.5563899981191251509, 0.8309212778554896373, 0.000000000000000000 ) ) ;
#986 = FACE_OUTER_BOUND ( 'NONE', #1094, .T. ) ;
#987 = FACE_OUTER_BOUND ( 'NONE', #2507, .T. ) ;
#988 = LINE ( 'NONE', #1490, #2794 ) ;
#989 = DIRECTION ( 'NONE',  ( 0.5563899981191265942, 0.8309212778554887491, 0.000000000000000000 ) ) ;
#990 = PLANE ( 'NONE',  #504 ) ;
#991 = ORIENTED_EDGE ( 'NONE', *, *, #67, .F. ) ;
#992 = CARTESIAN_POINT ( 'NONE',  ( 15.84999999999999964, 6.350000000001609912, 18.30000000000000071 ) ) ;
#993 = VERTEX_POINT ( 'NONE', #863 ) ;
#994 = CARTESIAN_POINT ( 'NONE',  ( 22.84999999999999787, 5.599999999999999645, 6.500000000000000000 ) ) ;
#995 = ORIENTED_EDGE ( 'NONE', *, *, #203, .T. ) ;
#996 = CARTESIAN_POINT ( 'NONE',  ( 30.60601259650710304, 0.5823596203337039201, 0.000000000000000000 ) ) ;
#997 = ORIENTED_EDGE ( 'NONE', *, *, #2048, .T. ) ;
#998 = ORIENTED_EDGE ( 'NONE', *, *, #282, .F. ) ;
#999 = EDGE_LOOP ( 'NONE', ( #1020, #2152, #2795, #1445 ) ) ;
#1000 = CARTESIAN_POINT ( 'NONE',  ( 17.44999999999999929, 5.599999999999999645, 18.30000000000000071 ) ) ;
#1001 = AXIS2_PLACEMENT_3D ( 'NONE', #1338, #1122, #1643 ) ;
#1002 = CARTESIAN_POINT ( 'NONE',  ( 2.399999999999999911, 9.650000000000000355, 19.05000000000000071 ) ) ;
#1003 = VECTOR ( 'NONE', #572, 1000.000000000000114 ) ;
#1004 = CARTESIAN_POINT ( 'NONE',  ( 0.1481950538469279932, 11.98920381422409953, 38.10000000000000142 ) ) ;
#1005 = DIRECTION ( 'NONE',  ( 0.000000000000000000, 0.000000000000000000, -1.000000000000000000 ) ) ;
#1006 = APPLICATION_PROTOCOL_DEFINITION ( 'draft international standard', 'automotive_design', 1998, #1009 ) ;
#1007 = PRODUCT_DEFINITION_FORMATION_WITH_SPECIFIED_SOURCE ( 'ANY', '', #2552, .NOT_KNOWN. ) ;
#1008 = ORIENTED_EDGE ( 'NONE', *, *, #1844, .T. ) ;
#1009 = APPLICATION_CONTEXT ( 'automotive_design' ) ;
#1010 = EDGE_CURVE ( 'NONE', #1907, #155, #2813, .T. ) ;
#1011 = ORIENTED_EDGE ( 'NONE', *, *, #96, .F. ) ;
#1012 = EDGE_CURVE ( 'NONE', #3012, #1644, #1117, .T. ) ;
#1013 = DIRECTION ( 'NONE',  ( 0.5563899981191251509, 0.8309212778554896373, 0.000000000000000000 ) ) ;
#1014 = ORIENTED_EDGE ( 'NONE', *, *, #3199, .F. ) ;
#1015 = VECTOR ( 'NONE', #2506, 1000.000000000000000 ) ;
#1016 = ORIENTED_EDGE ( 'NONE', *, *, #2277, .F. ) ;
#1017 = ORIENTED_EDGE ( 'NONE', *, *, #1579, .T. ) ;
#1018 = DIRECTION ( 'NONE',  ( -1.000000000000000000, 0.000000000000000000, 0.000000000000000000 ) ) ;
#1019 = VECTOR ( 'NONE', #3174, 1000.000000000000114 ) ;
#1020 = ORIENTED_EDGE ( 'NONE', *, *, #2105, .T. ) ;
#1021 = DIRECTION ( 'NONE',  ( 0.5140134445095541071, 0.8577821278526520654, 0.000000000000000000 ) ) ;
#1022 = DIRECTION ( 'NONE',  ( 0.000000000000000000, 0.000000000000000000, 1.000000000000000000 ) ) ;
#1023 = AXIS2_PLACEMENT_3D ( 'NONE', #3028, #1291, #806 ) ;
#1024 = DIRECTION ( 'NONE',  ( -0.5263151645464940742, 0.8502895668937711093, 0.000000000000000000 ) ) ;
#1025 = ADVANCED_FACE ( 'NONE', ( #2841 ), #1818, .F. ) ;
#1026 = CIRCLE ( 'NONE', #2518, 0.4000000000000001332 ) ;
#1027 = CARTESIAN_POINT ( 'NONE',  ( 22.84999999999999787, 5.599999999999999645, 3.633974596215560293 ) ) ;
#1028 = ORIENTED_EDGE ( 'NONE', *, *, #2010, .F. ) ;
#1029 = ORIENTED_EDGE ( 'NONE', *, *, #2634, .T. ) ;
#1030 = EDGE_CURVE ( 'NONE', #415, #2055, #891, .T. ) ;
#1031 = VERTEX_POINT ( 'NONE', #2347 ) ;
#1032 = ORIENTED_EDGE ( 'NONE', *, *, #64, .T. ) ;
#1033 = CYLINDRICAL_SURFACE ( 'NONE', #2867, 1.000000000000000888 ) ;
#1034 = ORIENTED_EDGE ( 'NONE', *, *, #3108, .F. ) ;
#1035 = CARTESIAN_POINT ( 'NONE',  ( 28.94999999999999929, 5.620000000000000107, 0.000000000000000000 ) ) ;
#1036 = DIRECTION ( 'NONE',  ( 0.000000000000000000, 0.000000000000000000, 1.000000000000000000 ) ) ;
#1037 = CARTESIAN_POINT ( 'NONE',  ( 12.05000000000000071, 7.100000000003220180, 3.633974596215560293 ) ) ;
#1038 = ADVANCED_FACE ( 'NONE', ( #1580 ), #1332, .F. ) ;
#1039 = EDGE_LOOP ( 'NONE', ( #266, #1016, #354, #303 ) ) ;
#1040 = DIRECTION ( 'NONE',  ( 0.000000000000000000, 1.000000000000000000, 0.000000000000000000 ) ) ;
#1041 = ORIENTED_EDGE ( 'NONE', *, *, #1687, .F. ) ;
#1042 = ORIENTED_EDGE ( 'NONE', *, *, #320, .T. ) ;
#1043 = DIRECTION ( 'NONE',  ( 0.7769904644397552795, -0.6295123653826771859, 0.000000000000000000 ) ) ;
#1044 = VERTEX_POINT ( 'NONE', #574 ) ;
#1045 = CARTESIAN_POINT ( 'NONE',  ( 0.1481950538469279932, 11.98920381422409953, 0.000000000000000000 ) ) ;
#1046 = ADVANCED_FACE ( 'NONE', ( #845 ), #2319, .F. ) ;
#1047 = AXIS2_PLACEMENT_3D ( 'NONE', #1968, #425, #183 ) ;
#1048 = CARTESIAN_POINT ( 'NONE',  ( 34.75180494615310778, 11.98920381422409953, 38.10000000000000142 ) ) ;
#1049 = CARTESIAN_POINT ( 'NONE',  ( 12.05000000000000071, 7.100000000003220180, 5.366025403784440151 ) ) ;
#1050 = VECTOR ( 'NONE', #1202, 1000.000000000000000 ) ;
#1051 = ORIENTED_EDGE ( 'NONE', *, *, #39, .T. ) ;
#1052 = DIRECTION ( 'NONE',  ( -0.08578127321336595501, 0.9963139932601036142, 0.000000000000000000 ) ) ;
#1053 = VECTOR ( 'NONE', #2980, 1000.000000000000000 ) ;
#1054 = CARTESIAN_POINT ( 'NONE',  ( 2.239999999999999769, 3.416606055596469904, 0.000000000000000000 ) ) ;
#1055 = EDGE_CURVE ( 'NONE', #694, #732, #2061, .T. ) ;
#1056 = VERTEX_POINT ( 'NONE', #3069 ) ;
#1057 = EDGE_LOOP ( 'NONE', ( #1511, #2009, #188, #1297 ) ) ;
#1058 = CARTESIAN_POINT ( 'NONE',  ( 25.39999999999999858, 5.599999999999999645, 38.10000000000000142 ) ) ;
#1059 = EDGE_LOOP ( 'NONE', ( #3082, #2408, #1962, #2981 ) ) ;
#1060 = CARTESIAN_POINT ( 'NONE',  ( 28.94999999999999929, 5.620000000000000107, 0.000000000000000000 ) ) ;
#1061 = VECTOR ( 'NONE', #87, 1000.000000000000000 ) ;
#1062 = CIRCLE ( 'NONE', #1878, 0.4000000000000004663 ) ;
#1063 = CARTESIAN_POINT ( 'NONE',  ( 34.27744400075229692, 0.06763148885780601027, 0.000000000000000000 ) ) ;
#1064 = DIRECTION ( 'NONE',  ( 0.5563899981191268163, 0.8309212778554885270, 0.000000000000000000 ) ) ;
#1065 = AXIS2_PLACEMENT_3D ( 'NONE', #475, #1457, #2448 ) ;
#1066 = AXIS2_PLACEMENT_3D ( 'NONE', #1491, #260, #535 ) ;
#1067 = DIRECTION ( 'NONE',  ( -0.9963139932601037252, -0.08578127321336596889, 0.000000000000000000 ) ) ;
#1068 = CARTESIAN_POINT ( 'NONE',  ( 29.79398740349289909, 2.167640379666309958, 0.000000000000000000 ) ) ;
#1069 = CARTESIAN_POINT ( 'NONE',  ( 5.504718490564530775, 5.620000000000000107, 0.000000000000000000 ) ) ;
#1070 = EDGE_CURVE ( 'NONE', #1369, #945, #1847, .T. ) ;
#1071 = ORIENTED_EDGE ( 'NONE', *, *, #1720, .T. ) ;
#1072 = ORIENTED_EDGE ( 'NONE', *, *, #2060, .F. ) ;
#1073 = DIRECTION ( 'NONE',  ( 0.000000000000000000, 0.000000000000000000, 1.000000000000000000 ) ) ;
#1074 = DIRECTION ( 'NONE',  ( 0.000000000000000000, 0.000000000000000000, -1.000000000000000000 ) ) ;
#1075 = DIRECTION ( 'NONE',  ( 0.000000000000000000, 0.000000000000000000, -1.000000000000000000 ) ) ;
#1076 = DIRECTION ( 'NONE',  ( 0.000000000000000000, -1.000000000000000000, 0.000000000000000000 ) ) ;
#1077 = EDGE_CURVE ( 'NONE', #1662, #197, #3056, .T. ) ;
#1078 = LINE ( 'NONE', #1623, #123 ) ;
#1079 = FACE_OUTER_BOUND ( 'NONE', #586, .T. ) ;
#1080 = DIRECTION ( 'NONE',  ( 0.000000000000000000, 0.000000000000000000, 1.000000000000000000 ) ) ;
#1081 = VERTEX_POINT ( 'NONE', #2579 ) ;
#1082 = ORIENTED_EDGE ( 'NONE', *, *, #312, .T. ) ;
#1083 = DIRECTION ( 'NONE',  ( -1.000000000000000000, 0.000000000000000000, 0.000000000000000000 ) ) ;
#1084 = CARTESIAN_POINT ( 'NONE',  ( 29.79398740349289909, 10.53235962033370043, 0.000000000000000000 ) ) ;
#1085 = LINE ( 'NONE', #333, #1539 ) ;
#1086 = CARTESIAN_POINT ( 'NONE',  ( 26.54852559730399975, 12.33431250928529899, 0.000000000000000000 ) ) ;
#1087 = ADVANCED_FACE ( 'NONE', ( #358 ), #2114, .T. ) ;
#1088 = VECTOR ( 'NONE', #274, 1000.000000000000000 ) ;
#1089 = LINE ( 'NONE', #1595, #2734 ) ;
#1090 = DIRECTION ( 'NONE',  ( 0.8900314912678088941, -0.4558990508342829484, 0.000000000000000000 ) ) ;
#1091 = VECTOR ( 'NONE', #2811, 1000.000000000000000 ) ;
#1092 = DIRECTION ( 'NONE',  ( 0.6295123653826714127, -0.7769904644397600535, 0.000000000000000000 ) ) ;
#1093 = EDGE_CURVE ( 'NONE', #2997, #2238, #1689, .T. ) ;
#1094 = EDGE_LOOP ( 'NONE', ( #1124, #62, #13, #1701 ) ) ;
#1095 = ORIENTED_EDGE ( 'NONE', *, *, #1450, .T. ) ;
#1096 = DIRECTION ( 'NONE',  ( 0.8900314912678286561, -0.4558990508342443682, 0.000000000000000000 ) ) ;
#1097 = LINE ( 'NONE', #1845, #1204 ) ;
#1098 = ORIENTED_EDGE ( 'NONE', *, *, #1550, .F. ) ;
#1099 = DIRECTION ( 'NONE',  ( 0.000000000000000000, 0.000000000000000000, 1.000000000000000000 ) ) ;
#1100 = DIRECTION ( 'NONE',  ( 0.000000000000000000, 1.000000000000000000, 0.000000000000000000 ) ) ;
#1101 = AXIS2_PLACEMENT_3D ( 'NONE', #1288, #1814, #2767 ) ;
#1102 = VECTOR ( 'NONE', #308, 1000.000000000000000 ) ;
#1103 = EDGE_CURVE ( 'NONE', #3112, #944, #1085, .T. ) ;
#1104 = EDGE_CURVE ( 'NONE', #2834, #2284, #2361, .T. ) ;
#1105 = AXIS2_PLACEMENT_3D ( 'NONE', #1238, #250, #2902 ) ;
#1106 = LINE ( 'NONE', #2382, #796 ) ;
#1107 = CIRCLE ( 'NONE', #853, 1.049999999999998934 ) ;
#1108 = AXIS2_PLACEMENT_3D ( 'NONE', #1375, #1099, #3100 ) ;
#1109 = DIRECTION ( 'NONE',  ( -0.9165151389911678770, 0.4000000000000004108, 0.000000000000000000 ) ) ;
#1110 = ORIENTED_EDGE ( 'NONE', *, *, #299, .F. ) ;
#1111 = VERTEX_POINT ( 'NONE', #2308 ) ;
#1112 = CARTESIAN_POINT ( 'NONE',  ( 19.05000000000000071, 6.350000000001609912, 13.50000000000000000 ) ) ;
#1113 = EDGE_CURVE ( 'NONE', #2900, #2491, #832, .T. ) ;
#1114 = VERTEX_POINT ( 'NONE', #3089 ) ;
#1115 = CARTESIAN_POINT ( 'NONE',  ( 30.14999999999999858, 10.34999999999999964, 0.000000000000000000 ) ) ;
#1116 = ORIENTED_EDGE ( 'NONE', *, *, #2693, .F. ) ;
#1117 = LINE ( 'NONE', #1604, #596 ) ;
#1118 = CARTESIAN_POINT ( 'NONE',  ( 5.950000000000000178, 7.080000000000000071, 0.000000000000000000 ) ) ;
#1119 = CARTESIAN_POINT ( 'NONE',  ( 29.39528150943549889, 7.080000000000000071, 38.10000000000000142 ) ) ;
#1120 = EDGE_CURVE ( 'NONE', #945, #890, #2664, .T. ) ;
#1121 = SURFACE_STYLE_FILL_AREA ( #2584 ) ;
#1122 = DIRECTION ( 'NONE',  ( 0.000000000000000000, 0.000000000000000000, 1.000000000000000000 ) ) ;
#1123 = ORIENTED_EDGE ( 'NONE', *, *, #1407, .T. ) ;
#1124 = ORIENTED_EDGE ( 'NONE', *, *, #452, .F. ) ;
#1125 = FACE_OUTER_BOUND ( 'NONE', #1223, .T. ) ;
#1126 = LINE ( 'NONE', #1164, #2559 ) ;
#1127 = LINE ( 'NONE', #3086, #1726 ) ;
#1128 = ORIENTED_EDGE ( 'NONE', *, *, #1010, .T. ) ;
#1129 = CARTESIAN_POINT ( 'NONE',  ( 32.50000000000000000, 9.650000000000000355, 19.05000000000000071 ) ) ;
#1130 = DIRECTION ( 'NONE',  ( 0.000000000000000000, 0.000000000000000000, 1.000000000000000000 ) ) ;
#1131 = EDGE_CURVE ( 'NONE', #751, #1745, #1026, .T. ) ;
#1132 = CARTESIAN_POINT ( 'NONE',  ( 4.993112851141060737, 0.1943946221961800058, 0.000000000000000000 ) ) ;
#1133 = CARTESIAN_POINT ( 'NONE',  ( 9.149101626348610239, 12.32679350380030137, 0.000000000000000000 ) ) ;
#1134 = CARTESIAN_POINT ( 'NONE',  ( 12.05000000000000071, 5.599999999999999645, 6.500000000000000000 ) ) ;
#1135 = EDGE_LOOP ( 'NONE', ( #2748, #125 ) ) ;
#1136 = ADVANCED_FACE ( 'NONE', ( #3150 ), #1950, .T. ) ;
#1137 = VECTOR ( 'NONE', #2929, 1000.000000000000000 ) ;
#1138 = CARTESIAN_POINT ( 'NONE',  ( 0.1894739341814030142, 9.309884173242489069, 0.000000000000000000 ) ) ;
#1139 = CIRCLE ( 'NONE', #2973, 1.600000000000000755 ) ;
#1140 = ORIENTED_EDGE ( 'NONE', *, *, #2909, .T. ) ;
#1141 = ORIENTED_EDGE ( 'NONE', *, *, #1235, .T. ) ;
#1142 = LINE ( 'NONE', #2822, #2132 ) ;
#1143 = EDGE_CURVE ( 'NONE', #2755, #2167, #130, .T. ) ;
#1144 = LINE ( 'NONE', #2623, #1622 ) ;
#1145 = ORIENTED_EDGE ( 'NONE', *, *, #1214, .T. ) ;
#1146 = FACE_OUTER_BOUND ( 'NONE', #2097, .T. ) ;
#1147 = CIRCLE ( 'NONE', #2713, 1.600000000000000755 ) ;
#1148 = ORIENTED_EDGE ( 'NONE', *, *, #2554, .F. ) ;
#1149 = DIRECTION ( 'NONE',  ( 0.000000000000000000, 0.000000000000000000, -1.000000000000000000 ) ) ;
#1150 = CARTESIAN_POINT ( 'NONE',  ( 8.048525597304038826, 8.815687490714649854, 38.10000000000000142 ) ) ;
#1151 = CARTESIAN_POINT ( 'NONE',  ( 3.719408481465199756, 7.124913129931869982, 0.000000000000000000 ) ) ;
#1152 = DIRECTION ( 'NONE',  ( -0.8309212778554821988, 0.5563899981191362532, 0.000000000000000000 ) ) ;
#1153 = EDGE_CURVE ( 'NONE', #760, #252, #185, .T. ) ;
#1154 = LINE ( 'NONE', #3136, #2082 ) ;
#1155 = AXIS2_PLACEMENT_3D ( 'NONE', #3188, #236, #966 ) ;
#1156 = VERTEX_POINT ( 'NONE', #2455 ) ;
#1157 = VECTOR ( 'NONE', #492, 1000.000000000000000 ) ;
#1158 = VECTOR ( 'NONE', #175, 999.9999999999998863 ) ;
#1159 = DIRECTION ( 'NONE',  ( 0.4000000000000000222, 0.9165151389911679880, 0.000000000000000000 ) ) ;
#1160 = AXIS2_PLACEMENT_3D ( 'NONE', #958, #2183, #3144 ) ;
#1161 = ORIENTED_EDGE ( 'NONE', *, *, #646, .F. ) ;
#1162 = ORIENTED_EDGE ( 'NONE', *, *, #977, .F. ) ;
#1163 = DIRECTION ( 'NONE',  ( -0.4000000000000007994, -0.9165151389911676549, 0.000000000000000000 ) ) ;
#1164 = CARTESIAN_POINT ( 'NONE',  ( 5.950000000000000178, 5.620000000000000107, 0.000000000000000000 ) ) ;
#1165 = VERTEX_POINT ( 'NONE', #2398 ) ;
#1166 = DIRECTION ( 'NONE',  ( 0.9963139932601037252, 0.08578127321336566358, 0.000000000000000000 ) ) ;
#1167 = EDGE_CURVE ( 'NONE', #2055, #760, #163, .T. ) ;
#1168 = ORIENTED_EDGE ( 'NONE', *, *, #2582, .T. ) ;
#1169 = ORIENTED_EDGE ( 'NONE', *, *, #2839, .F. ) ;
#1170 = DIRECTION ( 'NONE',  ( 1.000000000000000000, 0.000000000000000000, 0.000000000000000000 ) ) ;
#1171 = CARTESIAN_POINT ( 'NONE',  ( 30.82876430935509759, 5.548888888888889426, 0.000000000000000000 ) ) ;
#1172 = CARTESIAN_POINT ( 'NONE',  ( 34.71052606581859834, 3.390115826757510220, 0.000000000000000000 ) ) ;
#1173 = DIRECTION ( 'NONE',  ( 0.5563899981191201549, 0.8309212778554929679, 0.000000000000000000 ) ) ;
#1174 = LINE ( 'NONE', #2649, #3189 ) ;
#1175 = ADVANCED_FACE ( 'NONE', ( #2685 ), #910, .T. ) ;
#1176 = ORIENTED_EDGE ( 'NONE', *, *, #1381, .F. ) ;
#1177 = CARTESIAN_POINT ( 'NONE',  ( 12.05000000000000071, 7.100000000003220180, 0.000000000000000000 ) ) ;
#1178 = EDGE_LOOP ( 'NONE', ( #997, #309, #542, #1747 ) ) ;
#1179 = EDGE_CURVE ( 'NONE', #2485, #2284, #1837, .T. ) ;
#1180 = ORIENTED_EDGE ( 'NONE', *, *, #2693, .T. ) ;
#1181 = CARTESIAN_POINT ( 'NONE',  ( 5.504718490564530775, 5.620000000000000107, 38.10000000000000142 ) ) ;
#1182 = DIRECTION ( 'NONE',  ( -0.6464421993858159299, -0.7629629629629662846, 0.000000000000000000 ) ) ;
#1183 = ORIENTED_EDGE ( 'NONE', *, *, #2941, .T. ) ;
#1184 = CARTESIAN_POINT ( 'NONE',  ( 8.048525597304038826, 3.884312509285349879, 0.000000000000000000 ) ) ;
#1185 = CIRCLE ( 'NONE', #1001, 0.4000000000000002442 ) ;
#1186 = ORIENTED_EDGE ( 'NONE', *, *, #1802, .F. ) ;
#1187 = CARTESIAN_POINT ( 'NONE',  ( 4.750000000000000000, 10.34999999999999964, 38.10000000000000142 ) ) ;
#1188 = DIRECTION ( 'NONE',  ( 0.000000000000000000, 0.000000000000000000, 1.000000000000000000 ) ) ;
#1189 = EDGE_CURVE ( 'NONE', #2021, #2534, #2258, .T. ) ;
#1190 = CARTESIAN_POINT ( 'NONE',  ( 22.34999999999999787, 7.100000000003220180, 4.500000000000000000 ) ) ;
#1191 = CARTESIAN_POINT ( 'NONE',  ( 34.75180494615310778, 0.7107961857759079738, 0.000000000000000000 ) ) ;
#1192 = DIRECTION ( 'NONE',  ( -1.000000000000000000, 0.000000000000000000, 0.000000000000000000 ) ) ;
#1193 = ADVANCED_FACE ( 'NONE', ( #1711 ), #2154, .T. ) ;
#1194 = CARTESIAN_POINT ( 'NONE',  ( 4.750000000000000000, 6.349999999999999645, 19.05000000000000071 ) ) ;
#1195 = VERTEX_POINT ( 'NONE', #1908 ) ;
#1196 = LINE ( 'NONE', #1236, #1607 ) ;
#1197 = EDGE_LOOP ( 'NONE', ( #2691, #3088 ) ) ;
#1198 = DIRECTION ( 'NONE',  ( -0.9977540658715190469, -0.06698375950073603979, 0.000000000000000000 ) ) ;
#1199 = VECTOR ( 'NONE', #1489, 1000.000000000000114 ) ;
#1200 = DIRECTION ( 'NONE',  ( -0.8309212778554885270, 0.5563899981191268163, 0.000000000000000000 ) ) ;
#1201 = ORIENTED_EDGE ( 'NONE', *, *, #2725, .F. ) ;
#1202 = DIRECTION ( 'NONE',  ( 0.000000000000000000, 0.000000000000000000, 1.000000000000000000 ) ) ;
#1203 = EDGE_CURVE ( 'NONE', #547, #2789, #2673, .T. ) ;
#1204 = VECTOR ( 'NONE', #830, 1000.000000000000000 ) ;
#1205 = EDGE_LOOP ( 'NONE', ( #2683, #1028, #1271, #662 ) ) ;
#1206 = CARTESIAN_POINT ( 'NONE',  ( 28.94999999999999929, 7.080000000000000071, 0.000000000000000000 ) ) ;
#1207 = VECTOR ( 'NONE', #1823, 1000.000000000000000 ) ;
#1208 = CARTESIAN_POINT ( 'NONE',  ( 17.44999999999999929, 5.599999999999999645, 25.39999999999999858 ) ) ;
#1209 = FACE_OUTER_BOUND ( 'NONE', #399, .T. ) ;
#1210 = DIRECTION ( 'NONE',  ( 0.000000000000000000, 0.000000000000000000, 1.000000000000000000 ) ) ;
#1211 = VECTOR ( 'NONE', #1367, 1000.000000000000000 ) ;
#1212 = FACE_OUTER_BOUND ( 'NONE', #2742, .T. ) ;
#1213 = DIRECTION ( 'NONE',  ( 0.000000000000000000, 0.000000000000000000, 1.000000000000000000 ) ) ;
#1214 = EDGE_CURVE ( 'NONE', #1165, #1406, #2702, .T. ) ;
#1215 = EDGE_CURVE ( 'NONE', #3121, #2233, #693, .T. ) ;
#1216 = ORIENTED_EDGE ( 'NONE', *, *, #1768, .T. ) ;
#1217 = PLANE ( 'NONE',  #276 ) ;
#1218 = CIRCLE ( 'NONE', #2402, 0.9999999999999991118 ) ;
#1219 = ORIENTED_EDGE ( 'NONE', *, *, #2033, .T. ) ;
#1220 = DIRECTION ( 'NONE',  ( 0.000000000000000000, 0.000000000000000000, 1.000000000000000000 ) ) ;
#1221 = CARTESIAN_POINT ( 'NONE',  ( 34.50000000000000000, 0.4000000000000000222, 38.10000000000000142 ) ) ;
#1222 = CIRCLE ( 'NONE', #901, 0.3000000000000008771 ) ;
#1223 = EDGE_LOOP ( 'NONE', ( #3054, #2564, #2824, #1719 ) ) ;
#1224 = DIRECTION ( 'NONE',  ( 0.000000000000000000, 0.000000000000000000, 1.000000000000000000 ) ) ;
#1225 = CIRCLE ( 'NONE', #1537, 0.4000000000000004663 ) ;
#1226 = EDGE_CURVE ( 'NONE', #3008, #3105, #1430, .T. ) ;
#1227 = ORIENTED_EDGE ( 'NONE', *, *, #1525, .T. ) ;
#1228 = CARTESIAN_POINT ( 'NONE',  ( 4.293987403492869781, 12.11764037966630170, 0.000000000000000000 ) ) ;
#1229 = DIRECTION ( 'NONE',  ( -0.08578127321338896438, -0.9963139932601017268, 0.000000000000000000 ) ) ;
#1230 = CARTESIAN_POINT ( 'NONE',  ( 9.149101626348610239, 0.3732064961997069719, 38.10000000000000142 ) ) ;
#1231 = DIRECTION ( 'NONE',  ( 0.000000000000000000, 1.000000000000000000, 0.000000000000000000 ) ) ;
#1232 = CARTESIAN_POINT ( 'NONE',  ( 0.5599999999999999423, 10.01660605559650108, 0.000000000000000000 ) ) ;
#1233 = DIRECTION ( 'NONE',  ( -0.5263151645464938522, -0.8502895668937712204, 0.000000000000000000 ) ) ;
#1234 = EDGE_LOOP ( 'NONE', ( #1456, #1545, #516, #210 ) ) ;
#1235 = EDGE_CURVE ( 'NONE', #2497, #3156, #1891, .T. ) ;
#1236 = CARTESIAN_POINT ( 'NONE',  ( 30.37255599924770166, 2.682368511142200429, 0.000000000000000000 ) ) ;
#1237 = ORIENTED_EDGE ( 'NONE', *, *, #1077, .F. ) ;
#1238 = CARTESIAN_POINT ( 'NONE',  ( 34.50000000000000000, 12.30000000000000071, 38.10000000000000142 ) ) ;
#1239 = LINE ( 'NONE', #2472, #2931 ) ;
#1240 = ORIENTED_EDGE ( 'NONE', *, *, #2100, .F. ) ;
#1241 = DIRECTION ( 'NONE',  ( -1.000000000000000000, 0.000000000000000000, 0.000000000000000000 ) ) ;
#1242 = ADVANCED_BREP_SHAPE_REPRESENTATION ( 'Heatsink_Fischer_SK104-STCB_35x13mm', ( #666, #370 ), #326 ) ;
#1243 = ORIENTED_EDGE ( 'NONE', *, *, #1407, .F. ) ;
#1244 = CARTESIAN_POINT ( 'NONE',  ( 22.84999999999999787, 5.599999999999999645, 0.000000000000000000 ) ) ;
#1245 = ORIENTED_EDGE ( 'NONE', *, *, #312, .F. ) ;
#1246 = CARTESIAN_POINT ( 'NONE',  ( 29.90688714885889965, 0.1943946221961810328, 0.000000000000000000 ) ) ;
#1247 = DIRECTION ( 'NONE',  ( 0.000000000000000000, 0.000000000000000000, -1.000000000000000000 ) ) ;
#1248 = CARTESIAN_POINT ( 'NONE',  ( 28.94999999999999929, 7.080000000000000071, 0.000000000000000000 ) ) ;
#1249 = CARTESIAN_POINT ( 'NONE',  ( 32.24819505384689933, 9.960796185775901534, 0.000000000000000000 ) ) ;
#1250 = ADVANCED_FACE ( 'NONE', ( #663 ), #238, .T. ) ;
#1251 = VERTEX_POINT ( 'NONE', #1651 ) ;
#1252 = CARTESIAN_POINT ( 'NONE',  ( 4.993112851141060737, 0.1943946221961800058, 38.10000000000000142 ) ) ;
#1253 = EDGE_LOOP ( 'NONE', ( #2204, #798, #2046, #2434 ) ) ;
#1254 = CARTESIAN_POINT ( 'NONE',  ( 4.071235690644890326, 7.151111111111110752, 0.000000000000000000 ) ) ;
#1255 = ORIENTED_EDGE ( 'NONE', *, *, #146, .F. ) ;
#1256 = VERTEX_POINT ( 'NONE', #2171 ) ;
#1257 = ADVANCED_FACE ( 'NONE', ( #986 ), #406, .F. ) ;
#1258 = ORIENTED_EDGE ( 'NONE', *, *, #2333, .F. ) ;
#1259 = CARTESIAN_POINT ( 'NONE',  ( 27.25000000000000000, 3.850000000000000089, 0.000000000000000000 ) ) ;
#1260 = ORIENTED_EDGE ( 'NONE', *, *, #2786, .F. ) ;
#1261 = DIRECTION ( 'NONE',  ( 0.000000000000000000, -1.000000000000000000, 0.000000000000000000 ) ) ;
#1262 = AXIS2_PLACEMENT_3D ( 'NONE', #3179, #691, #1957 ) ;
#1263 = DIRECTION ( 'NONE',  ( 0.8577821278526528426, 0.5140134445095529969, 0.000000000000000000 ) ) ;
#1264 = AXIS2_PLACEMENT_3D ( 'NONE', #1002, #2493, #533 ) ;
#1265 = AXIS2_PLACEMENT_3D ( 'NONE', #289, #776, #519 ) ;
#1266 = LINE ( 'NONE', #1281, #1366 ) ;
#1267 = ADVANCED_FACE ( 'NONE', ( #1730 ), #1967, .T. ) ;
#1268 = FACE_OUTER_BOUND ( 'NONE', #1599, .T. ) ;
#1269 = ORIENTED_EDGE ( 'NONE', *, *, #487, .T. ) ;
#1270 = EDGE_CURVE ( 'NONE', #656, #1482, #3126, .T. ) ;
#1271 = ORIENTED_EDGE ( 'NONE', *, *, #862, .T. ) ;
#1272 = AXIS2_PLACEMENT_3D ( 'NONE', #1259, #480, #3000 ) ;
#1273 = CIRCLE ( 'NONE', #1155, 0.3999999999999994671 ) ;
#1274 = AXIS2_PLACEMENT_3D ( 'NONE', #1390, #500, #2721 ) ;
#1275 = VERTEX_POINT ( 'NONE', #2866 ) ;
#1276 = EDGE_LOOP ( 'NONE', ( #230, #2396, #2532, #1141 ) ) ;
#1277 = DIRECTION ( 'NONE',  ( 0.8502895668937718865, -0.5263151645464928530, 0.000000000000000000 ) ) ;
#1278 = ADVANCED_FACE ( 'NONE', ( #1371 ), #2640, .F. ) ;
#1279 = ORIENTED_EDGE ( 'NONE', *, *, #628, .T. ) ;
#1280 = DIRECTION ( 'NONE',  ( 0.000000000000000000, -1.000000000000000000, 0.000000000000000000 ) ) ;
#1281 = CARTESIAN_POINT ( 'NONE',  ( 5.106012596507130574, 10.53235962033370043, 38.10000000000000142 ) ) ;
#1282 = AXIS2_PLACEMENT_3D ( 'NONE', #927, #684, #2375 ) ;
#1283 = DIRECTION ( 'NONE',  ( 0.000000000000000000, 0.000000000000000000, -1.000000000000000000 ) ) ;
#1284 = ORIENTED_EDGE ( 'NONE', *, *, #2792, .F. ) ;
#1285 = EDGE_CURVE ( 'NONE', #2113, #3099, #1144, .T. ) ;
#1286 = ORIENTED_EDGE ( 'NONE', *, *, #1189, .F. ) ;
#1287 = VERTEX_POINT ( 'NONE', #2903 ) ;
#1288 = CARTESIAN_POINT ( 'NONE',  ( 7.649999999999999467, 8.849999999999999645, 0.000000000000000000 ) ) ;
#1289 = ORIENTED_EDGE ( 'NONE', *, *, #878, .T. ) ;
#1290 = CARTESIAN_POINT ( 'NONE',  ( 29.90688714885889965, 0.1943946221961810328, 0.000000000000000000 ) ) ;
#1291 = DIRECTION ( 'NONE',  ( 0.000000000000000000, 0.000000000000000000, 1.000000000000000000 ) ) ;
#1292 = CARTESIAN_POINT ( 'NONE',  ( 8.351474402695959753, 12.33431250928529899, 38.10000000000000142 ) ) ;
#1293 = ORIENTED_EDGE ( 'NONE', *, *, #106, .F. ) ;
#1294 = ADVANCED_FACE ( 'NONE', ( #142 ), #940, .T. ) ;
#1295 = CARTESIAN_POINT ( 'NONE',  ( 34.27744400075229692, 12.63236851114220016, 0.000000000000000000 ) ) ;
#1296 = CARTESIAN_POINT ( 'NONE',  ( 22.84999999999999787, 5.599999999999999645, 5.366025403784440151 ) ) ;
#1297 = ORIENTED_EDGE ( 'NONE', *, *, #2023, .T. ) ;
#1298 = ORIENTED_EDGE ( 'NONE', *, *, #1103, .F. ) ;
#1299 = LINE ( 'NONE', #2068, #2341 ) ;
#1300 = EDGE_CURVE ( 'NONE', #3051, #2240, #1664, .T. ) ;
#1301 = VERTEX_POINT ( 'NONE', #3183 ) ;
#1302 = DIRECTION ( 'NONE',  ( 1.000000000000000000, 0.000000000000000000, 0.000000000000000000 ) ) ;
#1303 = CIRCLE ( 'NONE', #1722, 1.600000000000000755 ) ;
#1304 = DIRECTION ( 'NONE',  ( 0.000000000000000000, 0.000000000000000000, 1.000000000000000000 ) ) ;
#1305 = CARTESIAN_POINT ( 'NONE',  ( 15.84999999999999964, 7.100000000003220180, 25.39999999999999858 ) ) ;
#1306 = AXIS2_PLACEMENT_3D ( 'NONE', #3002, #1280, #1762 ) ;
#1307 = VERTEX_POINT ( 'NONE', #1423 ) ;
#1308 = CYLINDRICAL_SURFACE ( 'NONE', #3036, 1.049999999999999600 ) ;
#1309 = AXIS2_PLACEMENT_3D ( 'NONE', #1068, #2474, #2039 ) ;
#1310 = ADVANCED_FACE ( 'NONE', ( #641 ), #2184, .T. ) ;
#1311 = LINE ( 'NONE', #996, #1207 ) ;
#1312 = EDGE_CURVE ( 'NONE', #2676, #1984, #2166, .T. ) ;
#1313 = DIRECTION ( 'NONE',  ( 0.000000000000000000, -1.000000000000000000, 0.000000000000000000 ) ) ;
#1314 = AXIS2_PLACEMENT_3D ( 'NONE', #1118, #1076, #75 ) ;
#1315 = ORIENTED_EDGE ( 'NONE', *, *, #537, .T. ) ;
#1316 = ORIENTED_EDGE ( 'NONE', *, *, #96, .T. ) ;
#1317 = CARTESIAN_POINT ( 'NONE',  ( 0.1894739341814030142, 9.309884173242489069, 0.000000000000000000 ) ) ;
#1318 = CARTESIAN_POINT ( 'NONE',  ( 29.39528150943549889, 7.080000000000000071, 0.000000000000000000 ) ) ;
#1319 = VECTOR ( 'NONE', #1560, 1000.000000000000000 ) ;
#1320 = AXIS2_PLACEMENT_3D ( 'NONE', #2966, #739, #677 ) ;
#1321 = CARTESIAN_POINT ( 'NONE',  ( 8.351474402695959753, 0.3656874907146550058, 0.000000000000000000 ) ) ;
#1322 = FACE_OUTER_BOUND ( 'NONE', #2095, .T. ) ;
#1323 = AXIS2_PLACEMENT_3D ( 'NONE', #633, #350, #2830 ) ;
#1324 = DIRECTION ( 'NONE',  ( 0.000000000000000000, 0.000000000000000000, -1.000000000000000000 ) ) ;
#1325 = DIRECTION ( 'NONE',  ( -0.9963139932601029480, -0.08578127321337356004, 0.000000000000000000 ) ) ;
#1326 = DIRECTION ( 'NONE',  ( 0.000000000000000000, 0.000000000000000000, 1.000000000000000000 ) ) ;
#1327 = ORIENTED_EDGE ( 'NONE', *, *, #930, .F. ) ;
#1328 = ORIENTED_EDGE ( 'NONE', *, *, #3061, .F. ) ;
#1329 = CARTESIAN_POINT ( 'NONE',  ( 29.39528150943549889, 7.080000000000000071, 0.000000000000000000 ) ) ;
#1330 = DIRECTION ( 'NONE',  ( 0.000000000000000000, 1.000000000000000000, 0.000000000000000000 ) ) ;
#1331 = AXIS2_PLACEMENT_3D ( 'NONE', #880, #2618, #137 ) ;
#1332 = CYLINDRICAL_SURFACE ( 'NONE', #1583, 0.4000000000000000777 ) ;
#1333 = LINE ( 'NONE', #1360, #3080 ) ;
#1334 = CARTESIAN_POINT ( 'NONE',  ( 2.239999999999999769, 3.416606055596469904, 0.000000000000000000 ) ) ;
#1335 = ADVANCED_FACE ( 'NONE', ( #3161 ), #2605, .T. ) ;
#1336 = EDGE_CURVE ( 'NONE', #682, #702, #2357, .T. ) ;
#1337 = CARTESIAN_POINT ( 'NONE',  ( 27.59311285114109680, 4.055605377803820133, 38.10000000000000142 ) ) ;
#1338 = CARTESIAN_POINT ( 'NONE',  ( 32.50000000000000000, 3.050000000000000266, 38.10000000000000142 ) ) ;
#1339 = EDGE_LOOP ( 'NONE', ( #1387, #715, #1315, #2821 ) ) ;
#1340 = ORIENTED_EDGE ( 'NONE', *, *, #2899, .T. ) ;
#1341 = LINE ( 'NONE', #2356, #755 ) ;
#1342 = DIRECTION ( 'NONE',  ( 0.7187795148233606657, 0.6952380952380948775, 0.000000000000000000 ) ) ;
#1343 = EDGE_CURVE ( 'NONE', #732, #2027, #1126, .T. ) ;
#1344 = EDGE_CURVE ( 'NONE', #2999, #1031, #1218, .T. ) ;
#1345 = CARTESIAN_POINT ( 'NONE',  ( 4.750000000000000000, 2.350000000000000089, 19.05000000000000071 ) ) ;
#1346 = DIRECTION ( 'NONE',  ( 0.000000000000000000, 0.000000000000000000, 1.000000000000000000 ) ) ;
#1347 = CIRCLE ( 'NONE', #1563, 0.3000000000000001554 ) ;
#1348 = CARTESIAN_POINT ( 'NONE',  ( 2.651804946153069942, 9.960796185775901534, 0.000000000000000000 ) ) ;
#1349 = DIRECTION ( 'NONE',  ( -0.5140134445095541071, -0.8577821278526520654, 0.000000000000000000 ) ) ;
#1350 = CIRCLE ( 'NONE', #943, 0.9999999999999991118 ) ;
#1351 = EDGE_CURVE ( 'NONE', #517, #611, #1441, .T. ) ;
#1352 = DIRECTION ( 'NONE',  ( 0.000000000000000000, 0.000000000000000000, 1.000000000000000000 ) ) ;
#1353 = ORIENTED_EDGE ( 'NONE', *, *, #1131, .F. ) ;
#1354 = ORIENTED_EDGE ( 'NONE', *, *, #3085, .T. ) ;
#1355 = LINE ( 'NONE', #612, #1527 ) ;
#1356 = CARTESIAN_POINT ( 'NONE',  ( 30.60601259650710304, 12.11764037966630170, 0.000000000000000000 ) ) ;
#1357 = ORIENTED_EDGE ( 'NONE', *, *, #2052, .F. ) ;
#1358 = EDGE_CURVE ( 'NONE', #570, #460, #887, .T. ) ;
#1359 = CARTESIAN_POINT ( 'NONE',  ( 8.750000000000000000, 0.4000000000000000222, 0.000000000000000000 ) ) ;
#1360 = CARTESIAN_POINT ( 'NONE',  ( 2.239999999999999769, 3.416606055596469904, 38.10000000000000142 ) ) ;
#1361 = CIRCLE ( 'NONE', #692, 0.3999999999999991895 ) ;
#1362 = VECTOR ( 'NONE', #1857, 1000.000000000000000 ) ;
#1363 =( GEOMETRIC_REPRESENTATION_CONTEXT ( 3 ) GLOBAL_UNCERTAINTY_ASSIGNED_CONTEXT ( ( #2727 ) ) GLOBAL_UNIT_ASSIGNED_CONTEXT ( ( #409, #2878, #1608 ) ) REPRESENTATION_CONTEXT ( 'NONE', 'WORKASPACE' ) );
#1364 = AXIS2_PLACEMENT_3D ( 'NONE', #133, #2829, #2348 ) ;
#1365 = DIRECTION ( 'NONE',  ( 0.9963139932601036142, -0.08578127321336696809, 0.000000000000000000 ) ) ;
#1366 = VECTOR ( 'NONE', #1522, 1000.000000000000000 ) ;
#1367 = DIRECTION ( 'NONE',  ( 0.000000000000000000, -1.000000000000000000, 0.000000000000000000 ) ) ;
#1368 = ORIENTED_EDGE ( 'NONE', *, *, #805, .T. ) ;
#1369 = VERTEX_POINT ( 'NONE', #2371 ) ;
#1370 = CARTESIAN_POINT ( 'NONE',  ( 0.6225559992476510374, 0.06763148885780499719, 0.000000000000000000 ) ) ;
#1371 = FACE_OUTER_BOUND ( 'NONE', #999, .T. ) ;
#1372 = LINE ( 'NONE', #2359, #22 ) ;
#1373 = EDGE_CURVE ( 'NONE', #1717, #1803, #2776, .T. ) ;
#1374 = ORIENTED_EDGE ( 'NONE', *, *, #2503, .F. ) ;
#1375 = CARTESIAN_POINT ( 'NONE',  ( 0.4000000000000000222, 9.650000000000000355, 0.000000000000000000 ) ) ;
#1376 = CARTESIAN_POINT ( 'NONE',  ( 31.18059151853480060, 7.124913129931869982, 0.000000000000000000 ) ) ;
#1377 = PLANE ( 'NONE',  #1788 ) ;
#1378 = CARTESIAN_POINT ( 'NONE',  ( 26.14999999999999858, 0.4000000000000000222, 0.000000000000000000 ) ) ;
#1379 = LINE ( 'NONE', #2119, #889 ) ;
#1380 = CIRCLE ( 'NONE', #261, 0.4000000000000004108 ) ;
#1381 = EDGE_CURVE ( 'NONE', #398, #917, #905, .T. ) ;
#1382 = DIRECTION ( 'NONE',  ( -0.4000000000000007994, -0.9165151389911676549, 0.000000000000000000 ) ) ;
#1383 = EDGE_LOOP ( 'NONE', ( #422, #801, #2036, #1668 ) ) ;
#1384 = ORIENTED_EDGE ( 'NONE', *, *, #208, .F. ) ;
#1385 = LINE ( 'NONE', #1112, #77 ) ;
#1386 = CARTESIAN_POINT ( 'NONE',  ( 32.66000000000000369, 3.416606055596469904, 0.000000000000000000 ) ) ;
#1387 = ORIENTED_EDGE ( 'NONE', *, *, #29, .T. ) ;
#1388 = DIRECTION ( 'NONE',  ( -1.000000000000000000, 0.000000000000000000, 0.000000000000000000 ) ) ;
#1389 = VERTEX_POINT ( 'NONE', #1647 ) ;
#1390 = CARTESIAN_POINT ( 'NONE',  ( 17.44999999999999929, 6.350000000001609912, 25.39999999999999858 ) ) ;
#1391 = DIRECTION ( 'NONE',  ( 0.6464421993858202597, 0.7629629629629629539, 0.000000000000000000 ) ) ;
#1392 = DIRECTION ( 'NONE',  ( 0.000000000000000000, 0.000000000000000000, 1.000000000000000000 ) ) ;
#1393 = PRESENTATION_STYLE_ASSIGNMENT (( #2063 ) ) ;
#1394 = CARTESIAN_POINT ( 'NONE',  ( 32.24819505384689933, 2.739203814224099975, 38.10000000000000142 ) ) ;
#1395 = ORIENTED_EDGE ( 'NONE', *, *, #2052, .T. ) ;
#1396 = EDGE_CURVE ( 'NONE', #1662, #1529, #1403, .T. ) ;
#1397 = VECTOR ( 'NONE', #2445, 1000.000000000000000 ) ;
#1398 = DIRECTION ( 'NONE',  ( 0.000000000000000000, -1.000000000000000000, 0.000000000000000000 ) ) ;
#1399 = VECTOR ( 'NONE', #88, 1000.000000000000000 ) ;
#1400 = ORIENTED_EDGE ( 'NONE', *, *, #1856, .F. ) ;
#1401 = ORIENTED_EDGE ( 'NONE', *, *, #2265, .T. ) ;
#1402 = LINE ( 'NONE', #886, #3125 ) ;
#1403 = LINE ( 'NONE', #2391, #1158 ) ;
#1404 = ORIENTED_EDGE ( 'NONE', *, *, #3014, .F. ) ;
#1405 = DIRECTION ( 'NONE',  ( 0.000000000000000000, 0.000000000000000000, 1.000000000000000000 ) ) ;
#1406 = VERTEX_POINT ( 'NONE', #3145 ) ;
#1407 = EDGE_CURVE ( 'NONE', #3105, #161, #1062, .T. ) ;
#1408 = CARTESIAN_POINT ( 'NONE',  ( 26.14999999999999858, 0.4000000000000000222, 38.10000000000000142 ) ) ;
#1409 = LINE ( 'NONE', #911, #363 ) ;
#1410 = DIRECTION ( 'NONE',  ( -0.000000000000000000, 1.000000000000000000, 0.000000000000000000 ) ) ;
#1411 = CARTESIAN_POINT ( 'NONE',  ( 17.44999999999999929, 6.350000000001609912, 13.50000000000000000 ) ) ;
#1412 = DIRECTION ( 'NONE',  ( 0.000000000000000000, 0.000000000000000000, 1.000000000000000000 ) ) ;
#1413 = VECTOR ( 'NONE', #140, 1000.000000000000000 ) ;
#1414 = ADVANCED_FACE ( 'NONE', ( #1895 ), #2365, .T. ) ;
#1415 = EDGE_LOOP ( 'NONE', ( #2220, #1328, #2964, #1145 ) ) ;
#1416 = VECTOR ( 'NONE', #2236, 1000.000000000000000 ) ;
#1417 = VECTOR ( 'NONE', #1213, 1000.000000000000000 ) ;
#1418 = CARTESIAN_POINT ( 'NONE',  ( 2.399999999999999911, 3.050000000000000266, 0.000000000000000000 ) ) ;
#1419 = CIRCLE ( 'NONE', #1023, 0.3999999999999986344 ) ;
#1420 = VERTEX_POINT ( 'NONE', #2423 ) ;
#1421 = VERTEX_POINT ( 'NONE', #3117 ) ;
#1422 = DIRECTION ( 'NONE',  ( 0.000000000000000000, 0.000000000000000000, -1.000000000000000000 ) ) ;
#1424 = VECTOR ( 'NONE', #1229, 999.9999999999998863 ) ;
#1423 = CARTESIAN_POINT ( 'NONE',  ( 8.048525597304038826, 3.884312509285349879, 38.10000000000000142 ) ) ;
#1425 = ORIENTED_EDGE ( 'NONE', *, *, #267, .F. ) ;
#1426 = CARTESIAN_POINT ( 'NONE',  ( 15.84999999999999964, 5.599999999999999645, 18.30000000000000071 ) ) ;
#1427 = EDGE_CURVE ( 'NONE', #2078, #1803, #205, .T. ) ;
#1428 = EDGE_LOOP ( 'NONE', ( #2864, #479, #1789, #2121, #2863, #173, #794, #1903, #559, #58, #2504, #1293, #771, #131, #1869, #2654, #652, #1906, #2651, #2886, #1920, #1473, #3131, #540, #456, #54, #20, #1243, #256, #2752, #2225, #2325, #2257, #2017, #1186, #2487, #555, #1496, #1477, #1384, #2012, #828, #1327, #206, #923, #138, #2267, #2187, #1945, #2873, #1176, #442, #531, #624, #1072, #2901, #3095, #3149, #815, #1603, #1981, #1690, #1645, #2784, #2369, #270, #1916, #2695, #1298, #563, #27, #518, #2710, #2904, #11, #919 ) ) ;
#1429 = CYLINDRICAL_SURFACE ( 'NONE', #1934, 0.9999999999999991118 ) ;
#1430 = LINE ( 'NONE', #3132, #636 ) ;
#1431 = CARTESIAN_POINT ( 'NONE',  ( 27.59311285114109680, 8.644394622196180933, 0.000000000000000000 ) ) ;
#1432 = PLANE ( 'NONE',  #867 ) ;
#1433 = FACE_OUTER_BOUND ( 'NONE', #2392, .T. ) ;
#1434 = DIRECTION ( 'NONE',  ( 0.4000000000000004108, 0.9165151389911678770, 0.000000000000000000 ) ) ;
#1435 = ORIENTED_EDGE ( 'NONE', *, *, #101, .T. ) ;
#1436 = ADVANCED_FACE ( 'NONE', ( #668 ), #167, .F. ) ;
#1437 = LINE ( 'NONE', #1898, #939 ) ;
#1438 = EDGE_LOOP ( 'NONE', ( #471, #1685, #233, #1404 ) ) ;
#1439 = ORIENTED_EDGE ( 'NONE', *, *, #2831, .F. ) ;
#1440 = CYLINDRICAL_SURFACE ( 'NONE', #1160, 0.4000000000000004108 ) ;
#1441 = LINE ( 'NONE', #2110, #2300 ) ;
#1442 = ORIENTED_EDGE ( 'NONE', *, *, #2528, .T. ) ;
#1443 = CARTESIAN_POINT ( 'NONE',  ( 8.750000000000000000, 0.4000000000000000222, 0.000000000000000000 ) ) ;
#1444 = EDGE_LOOP ( 'NONE', ( #264, #2587, #1524, #3010 ) ) ;
#1445 = ORIENTED_EDGE ( 'NONE', *, *, #2181, .T. ) ;
#1446 = DIRECTION ( 'NONE',  ( 0.000000000000000000, 1.000000000000000000, 0.000000000000000000 ) ) ;
#1447 = EDGE_CURVE ( 'NONE', #3166, #416, #2936, .T. ) ;
#1448 = DIRECTION ( 'NONE',  ( 0.000000000000000000, 1.000000000000000000, 0.000000000000000000 ) ) ;
#1449 = FACE_OUTER_BOUND ( 'NONE', #645, .T. ) ;
#1450 = EDGE_CURVE ( 'NONE', #952, #2078, #688, .T. ) ;
#1451 = CYLINDRICAL_SURFACE ( 'NONE', #1881, 1.600000000000000755 ) ;
#1452 = CARTESIAN_POINT ( 'NONE',  ( 8.351474402695959753, 12.33431250928529899, 0.000000000000000000 ) ) ;
#1453 = ORIENTED_EDGE ( 'NONE', *, *, #820, .T. ) ;
#1454 = CARTESIAN_POINT ( 'NONE',  ( 15.84999999999999964, 5.599999999999999645, 13.50000000000000000 ) ) ;
#1455 = EDGE_CURVE ( 'NONE', #1803, #2209, #711, .T. ) ;
#1456 = ORIENTED_EDGE ( 'NONE', *, *, #2682, .T. ) ;
#1457 = DIRECTION ( 'NONE',  ( 0.000000000000000000, 0.000000000000000000, -1.000000000000000000 ) ) ;
#1458 = VECTOR ( 'NONE', #1080, 1000.000000000000000 ) ;
#1459 = CARTESIAN_POINT ( 'NONE',  ( 4.527444000752350206, 10.01763148885780019, 38.10000000000000142 ) ) ;
#1460 = ORIENTED_EDGE ( 'NONE', *, *, #470, .T. ) ;
#1461 = DIRECTION ( 'NONE',  ( 0.000000000000000000, 0.000000000000000000, 1.000000000000000000 ) ) ;
#1462 = AXIS2_PLACEMENT_3D ( 'NONE', #719, #3185, #443 ) ;
#1463 = ORIENTED_EDGE ( 'NONE', *, *, #305, .F. ) ;
#1464 = DIRECTION ( 'NONE',  ( 0.6295123653826714127, -0.7769904644397600535, 0.000000000000000000 ) ) ;
#1465 = AXIS2_PLACEMENT_3D ( 'NONE', #135, #377, #361 ) ;
#1466 = DIRECTION ( 'NONE',  ( -0.9977540658715190469, -0.06698375950073603979, 0.000000000000000000 ) ) ;
#1467 = DIRECTION ( 'NONE',  ( -1.000000000000000000, 0.000000000000000000, 0.000000000000000000 ) ) ;
#1468 = CARTESIAN_POINT ( 'NONE',  ( 34.71052606581859834, 9.309884173242489069, 0.000000000000000000 ) ) ;
#1469 = EDGE_CURVE ( 'NONE', #2789, #3156, #1655, .T. ) ;
#1470 = DIRECTION ( 'NONE',  ( 0.000000000000000000, 0.000000000000000000, -1.000000000000000000 ) ) ;
#1471 = CARTESIAN_POINT ( 'NONE',  ( 3.877303030829140074, 5.320000000000000284, 0.000000000000000000 ) ) ;
#1472 = VECTOR ( 'NONE', #1346, 1000.000000000000000 ) ;
#1473 = ORIENTED_EDGE ( 'NONE', *, *, #2539, .F. ) ;
#1474 = DIRECTION ( 'NONE',  ( -1.000000000000000000, 0.000000000000000000, 0.000000000000000000 ) ) ;
#1475 = CIRCLE ( 'NONE', #2196, 0.3999999999999996891 ) ;
#1476 = EDGE_CURVE ( 'NONE', #2883, #787, #1174, .T. ) ;
#1477 = ORIENTED_EDGE ( 'NONE', *, *, #1167, .F. ) ;
#1478 = DIRECTION ( 'NONE',  ( -0.08578127321336496969, -0.9963139932601037252, 0.000000000000000000 ) ) ;
#1479 = DIRECTION ( 'NONE',  ( 0.9963139932601021709, 0.08578127321338314959, 0.000000000000000000 ) ) ;
#1480 = AXIS2_PLACEMENT_3D ( 'NONE', #2920, #1996, #1013 ) ;
#1481 = AXIS2_PLACEMENT_3D ( 'NONE', #877, #1410, #202 ) ;
#1482 = VERTEX_POINT ( 'NONE', #2140 ) ;
#1483 = DIRECTION ( 'NONE',  ( 0.000000000000000000, -1.000000000000000000, 0.000000000000000000 ) ) ;
#1484 = CIRCLE ( 'NONE', #1582, 0.4000000000000004108 ) ;
#1485 = ORIENTED_EDGE ( 'NONE', *, *, #1215, .T. ) ;
#1486 = VERTEX_POINT ( 'NONE', #1700 ) ;
#1487 = EDGE_CURVE ( 'NONE', #2574, #3031, #896, .T. ) ;
#1488 = ORIENTED_EDGE ( 'NONE', *, *, #1552, .T. ) ;
#1489 = DIRECTION ( 'NONE',  ( -0.8309212778554810885, -0.5563899981191380295, 0.000000000000000000 ) ) ;
#1490 = CARTESIAN_POINT ( 'NONE',  ( 22.84999999999999787, 7.100000000003220180, 0.000000000000000000 ) ) ;
#1491 = CARTESIAN_POINT ( 'NONE',  ( 30.25000000000000000, 0.4000000000000000222, 0.000000000000000000 ) ) ;
#1492 = CARTESIAN_POINT ( 'NONE',  ( 5.950000000000000178, 7.080000000000000071, 0.000000000000000000 ) ) ;
#1493 = EDGE_LOOP ( 'NONE', ( #1368, #1868, #1513, #1799 ) ) ;
#1494 = FACE_OUTER_BOUND ( 'NONE', #623, .T. ) ;
#1495 = EDGE_CURVE ( 'NONE', #926, #1717, #1933, .T. ) ;
#1496 = ORIENTED_EDGE ( 'NONE', *, *, #1153, .F. ) ;
#1497 = DIRECTION ( 'NONE',  ( -1.000000000000000000, 0.000000000000000000, 0.000000000000000000 ) ) ;
#1498 = AXIS2_PLACEMENT_3D ( 'NONE', #184, #707, #1910 ) ;
#1499 = ORIENTED_EDGE ( 'NONE', *, *, #2100, .T. ) ;
#1500 = FACE_OUTER_BOUND ( 'NONE', #1253, .T. ) ;
#1501 = ORIENTED_EDGE ( 'NONE', *, *, #1735, .F. ) ;
#1502 = VERTEX_POINT ( 'NONE', #2879 ) ;
#1503 = FACE_OUTER_BOUND ( 'NONE', #1534, .T. ) ;
#1504 = ORIENTED_EDGE ( 'NONE', *, *, #521, .T. ) ;
#1505 = DIRECTION ( 'NONE',  ( -0.06698375950074297869, -0.9977540658715184918, 0.000000000000000000 ) ) ;
#1506 = DIRECTION ( 'NONE',  ( -0.8900314912678273238, 0.4558990508342471437, 0.000000000000000000 ) ) ;
#1507 = EDGE_CURVE ( 'NONE', #756, #2226, #3197, .T. ) ;
#1508 = CARTESIAN_POINT ( 'NONE',  ( 4.649999999999999467, 0.4000000000000000222, 0.000000000000000000 ) ) ;
#1509 = CARTESIAN_POINT ( 'NONE',  ( 3.877303030829140074, 7.379999999999999893, 38.10000000000000142 ) ) ;
#1510 = ORIENTED_EDGE ( 'NONE', *, *, #831, .F. ) ;
#1511 = ORIENTED_EDGE ( 'NONE', *, *, #340, .T. ) ;
#1512 = ADVANCED_FACE ( 'NONE', ( #973 ), #1880, .T. ) ;
#1513 = ORIENTED_EDGE ( 'NONE', *, *, #2793, .T. ) ;
#1514 = CIRCLE ( 'NONE', #1265, 1.600000000000000755 ) ;
#1515 = ORIENTED_EDGE ( 'NONE', *, *, #92, .F. ) ;
#1516 = ORIENTED_EDGE ( 'NONE', *, *, #2943, .T. ) ;
#1517 = DIRECTION ( 'NONE',  ( -1.000000000000000000, 0.000000000000000000, 0.000000000000000000 ) ) ;
#1518 = ORIENTED_EDGE ( 'NONE', *, *, #1030, .T. ) ;
#1519 = DIRECTION ( 'NONE',  ( -0.6295123653826760757, 0.7769904644397562787, 0.000000000000000000 ) ) ;
#1520 = CIRCLE ( 'NONE', #222, 0.9999999999999991118 ) ;
#1521 = VECTOR ( 'NONE', #1896, 1000.000000000000114 ) ;
#1522 = DIRECTION ( 'NONE',  ( -0.4558990508342467551, 0.8900314912678275459, 0.000000000000000000 ) ) ;
#1523 = CARTESIAN_POINT ( 'NONE',  ( 27.59311285114109680, 8.644394622196180933, 0.000000000000000000 ) ) ;
#1524 = ORIENTED_EDGE ( 'NONE', *, *, #2496, .T. ) ;
#1525 = EDGE_CURVE ( 'NONE', #273, #787, #2663, .T. ) ;
#1526 = AXIS2_PLACEMENT_3D ( 'NONE', #1669, #2925, #2242 ) ;
#1527 = VECTOR ( 'NONE', #842, 1000.000000000000000 ) ;
#1528 = AXIS2_PLACEMENT_3D ( 'NONE', #2189, #1635, #1670 ) ;
#1529 = VERTEX_POINT ( 'NONE', #650 ) ;
#1530 = ORIENTED_EDGE ( 'NONE', *, *, #1783, .F. ) ;
#1531 = DIRECTION ( 'NONE',  ( -0.8577821278526517323, -0.5140134445095545512, 0.000000000000000000 ) ) ;
#1532 = VECTOR ( 'NONE', #149, 1000.000000000000000 ) ;
#1533 = VECTOR ( 'NONE', #1553, 999.9999999999998863 ) ;
#1534 = EDGE_LOOP ( 'NONE', ( #314, #515, #2384, #38 ) ) ;
#1535 = CARTESIAN_POINT ( 'NONE',  ( 25.75089837365139900, 12.32679350380030137, 0.000000000000000000 ) ) ;
#1536 = EDGE_CURVE ( 'NONE', #252, #197, #411, .T. ) ;
#1537 = AXIS2_PLACEMENT_3D ( 'NONE', #1806, #48, #318 ) ;
#1538 = DIRECTION ( 'NONE',  ( 0.000000000000000000, 0.000000000000000000, -1.000000000000000000 ) ) ;
#1539 = VECTOR ( 'NONE', #876, 1000.000000000000000 ) ;
#1540 = CARTESIAN_POINT ( 'NONE',  ( 34.27744400075229692, 12.63236851114220016, 0.000000000000000000 ) ) ;
#1541 = ORIENTED_EDGE ( 'NONE', *, *, #452, .T. ) ;
#1542 = DIRECTION ( 'NONE',  ( 0.000000000000000000, 0.000000000000000000, -1.000000000000000000 ) ) ;
#1543 = EDGE_CURVE ( 'NONE', #1984, #172, #1154, .T. ) ;
#1544 = ORIENTED_EDGE ( 'NONE', *, *, #2521, .F. ) ;
#1545 = ORIENTED_EDGE ( 'NONE', *, *, #2124, .F. ) ;
#1546 = CARTESIAN_POINT ( 'NONE',  ( 0.4000000000000000222, 9.650000000000000355, 38.10000000000000142 ) ) ;
#1547 = ORIENTED_EDGE ( 'NONE', *, *, #2424, .T. ) ;
#1548 = CARTESIAN_POINT ( 'NONE',  ( 0.6225559992476510374, 0.06763148885780499719, 0.000000000000000000 ) ) ;
#1549 = VECTOR ( 'NONE', #1893, 999.9999999999998863 ) ;
#1550 = EDGE_CURVE ( 'NONE', #1632, #682, #2159, .T. ) ;
#1551 = CARTESIAN_POINT ( 'NONE',  ( 8.351474402695959753, 12.33431250928529899, 0.000000000000000000 ) ) ;
#1552 = EDGE_CURVE ( 'NONE', #1761, #3127, #1912, .T. ) ;
#1553 = DIRECTION ( 'NONE',  ( -0.7769904644397629401, 0.6295123653826679710, 0.000000000000000000 ) ) ;
#1554 = ORIENTED_EDGE ( 'NONE', *, *, #2060, .T. ) ;
#1555 = CARTESIAN_POINT ( 'NONE',  ( 25.75089837365139900, 12.32679350380030137, 38.10000000000000142 ) ) ;
#1556 = CARTESIAN_POINT ( 'NONE',  ( 22.84999999999999787, 5.599999999999999645, 0.000000000000000000 ) ) ;
#1557 = DIRECTION ( 'NONE',  ( 0.000000000000000000, 0.000000000000000000, 1.000000000000000000 ) ) ;
#1558 = ORIENTED_EDGE ( 'NONE', *, *, #2611, .F. ) ;
#1559 = ORIENTED_EDGE ( 'NONE', *, *, #2428, .F. ) ;
#1560 = DIRECTION ( 'NONE',  ( 1.000000000000000000, 0.000000000000000000, 0.000000000000000000 ) ) ;
#1561 = ORIENTED_EDGE ( 'NONE', *, *, #2269, .F. ) ;
#1562 = DIRECTION ( 'NONE',  ( 0.000000000000000000, 0.000000000000000000, 1.000000000000000000 ) ) ;
#1563 = AXIS2_PLACEMENT_3D ( 'NONE', #948, #2437, #218 ) ;
#1564 = CARTESIAN_POINT ( 'NONE',  ( 30.37255599924770166, 10.01763148885780019, 0.000000000000000000 ) ) ;
#1565 = PLANE ( 'NONE',  #2872 ) ;
#1566 = VECTOR ( 'NONE', #2478, 1000.000000000000000 ) ;
#1567 = CARTESIAN_POINT ( 'NONE',  ( 4.750000000000000000, 6.349999999999999645, 0.000000000000000000 ) ) ;
#1568 = VECTOR ( 'NONE', #1224, 1000.000000000000000 ) ;
#1569 = DIRECTION ( 'NONE',  ( 0.000000000000000000, 0.000000000000000000, 1.000000000000000000 ) ) ;
#1570 = DIRECTION ( 'NONE',  ( -1.000000000000000000, 0.000000000000000000, 0.000000000000000000 ) ) ;
#1571 = EDGE_LOOP ( 'NONE', ( #713, #1942, #1947, #858 ) ) ;
#1572 = VERTEX_POINT ( 'NONE', #488 ) ;
#1573 = DIRECTION ( 'NONE',  ( -1.000000000000000000, 0.000000000000000000, 0.000000000000000000 ) ) ;
#1574 = VECTOR ( 'NONE', #571, 1000.000000000000114 ) ;
#1575 = LINE ( 'NONE', #2852, #580 ) ;
#1576 = AXIS2_PLACEMENT_3D ( 'NONE', #2944, #2774, #717 ) ;
#1577 = PRODUCT_RELATED_PRODUCT_CATEGORY ( 'part', '', ( #2552 ) ) ;
#1578 = VECTOR ( 'NONE', #2895, 1000.000000000000000 ) ;
#1579 = EDGE_CURVE ( 'NONE', #749, #273, #2020, .T. ) ;
#1580 = FACE_OUTER_BOUND ( 'NONE', #2160, .T. ) ;
#1581 = CARTESIAN_POINT ( 'NONE',  ( 9.149101626348610239, 12.32679350380030137, 38.10000000000000142 ) ) ;
#1582 = AXIS2_PLACEMENT_3D ( 'NONE', #931, #1932, #989 ) ;
#1583 = AXIS2_PLACEMENT_3D ( 'NONE', #1345, #89, #391 ) ;
#1584 = FACE_OUTER_BOUND ( 'NONE', #115, .T. ) ;
#1585 = DIRECTION ( 'NONE',  ( -1.000000000000000000, 0.000000000000000000, 0.000000000000000000 ) ) ;
#1586 = EDGE_CURVE ( 'NONE', #694, #215, #507, .T. ) ;
#1587 = DIRECTION ( 'NONE',  ( 0.000000000000000000, 0.000000000000000000, -1.000000000000000000 ) ) ;
#1588 = ORIENTED_EDGE ( 'NONE', *, *, #2390, .T. ) ;
#1589 = ORIENTED_EDGE ( 'NONE', *, *, #558, .F. ) ;
#1590 = CARTESIAN_POINT ( 'NONE',  ( 32.24819505384689933, 9.960796185775901534, 38.10000000000000142 ) ) ;
#1591 = DIRECTION ( 'NONE',  ( 0.8900314912678252144, -0.4558990508342512515, 0.000000000000000000 ) ) ;
#1592 = DIRECTION ( 'NONE',  ( 0.000000000000000000, 0.000000000000000000, -1.000000000000000000 ) ) ;
#1593 = FACE_OUTER_BOUND ( 'NONE', #2043, .T. ) ;
#1594 = EDGE_CURVE ( 'NONE', #2619, #2217, #2772, .T. ) ;
#1595 = CARTESIAN_POINT ( 'NONE',  ( 26.54852559730399975, 0.3656874907146550058, 0.000000000000000000 ) ) ;
#1596 = CARTESIAN_POINT ( 'NONE',  ( 26.85147440269599883, 3.884312509285349879, 0.000000000000000000 ) ) ;
#1597 = DIRECTION ( 'NONE',  ( 0.000000000000000000, 0.000000000000000000, 1.000000000000000000 ) ) ;
#1598 = ADVANCED_FACE ( 'NONE', ( #2035 ), #1766, .T. ) ;
#1599 = EDGE_LOOP ( 'NONE', ( #1899, #327, #1095, #1634 ) ) ;
#1600 = ORIENTED_EDGE ( 'NONE', *, *, #144, .T. ) ;
#1601 = LINE ( 'NONE', #2340, #2817 ) ;
#1602 = CARTESIAN_POINT ( 'NONE',  ( 30.14999999999999858, 6.349999999999999645, 0.000000000000000000 ) ) ;
#1603 = ORIENTED_EDGE ( 'NONE', *, *, #568, .F. ) ;
#1604 = CARTESIAN_POINT ( 'NONE',  ( 12.05000000000000071, 7.100000000003220180, 6.500000000000000000 ) ) ;
#1605 = CARTESIAN_POINT ( 'NONE',  ( 8.048525597304019286, 8.815687490714649854, 38.10000000000000142 ) ) ;
#1606 = ADVANCED_FACE ( 'NONE', ( #1268 ), #2, .T. ) ;
#1607 = VECTOR ( 'NONE', #1918, 1000.000000000000000 ) ;
#1608 =( NAMED_UNIT ( * ) SI_UNIT ( $, .STERADIAN. ) SOLID_ANGLE_UNIT ( ) );
#1609 = CIRCLE ( 'NONE', #279, 0.4000000000000004108 ) ;
#1610 = EDGE_CURVE ( 'NONE', #3119, #729, #2481, .T. ) ;
#1611 = FACE_BOUND ( 'NONE', #1197, .T. ) ;
#1612 = ORIENTED_EDGE ( 'NONE', *, *, #1764, .F. ) ;
#1613 = ORIENTED_EDGE ( 'NONE', *, *, #526, .F. ) ;
#1614 = CARTESIAN_POINT ( 'NONE',  ( 22.84999999999999787, 5.599999999999999645, 3.633974596215560293 ) ) ;
#1615 = CARTESIAN_POINT ( 'NONE',  ( 31.02269696917090158, 7.379999999999999893, 0.000000000000000000 ) ) ;
#1616 = CARTESIAN_POINT ( 'NONE',  ( 29.90688714885889965, 0.1943946221961810328, 38.10000000000000142 ) ) ;
#1617 = VERTEX_POINT ( 'NONE', #263 ) ;
#1618 = DIRECTION ( 'NONE',  ( -0.9963139932601036142, -0.08578127321336696809, 0.000000000000000000 ) ) ;
#1619 = LINE ( 'NONE', #1191, #2732 ) ;
#1620 = ADVANCED_FACE ( 'NONE', ( #2760 ), #747, .T. ) ;
#1621 = VECTOR ( 'NONE', #211, 1000.000000000000000 ) ;
#1622 = VECTOR ( 'NONE', #2851, 1000.000000000000114 ) ;
#1623 = CARTESIAN_POINT ( 'NONE',  ( 32.24819505384689933, 2.739203814224099975, 0.000000000000000000 ) ) ;
#1624 = CIRCLE ( 'NONE', #1323, 0.3000000000000008771 ) ;
#1625 = DIRECTION ( 'NONE',  ( 0.000000000000000000, 0.000000000000000000, -1.000000000000000000 ) ) ;
#1626 = VECTOR ( 'NONE', #2612, 1000.000000000000000 ) ;
#1627 = DIRECTION ( 'NONE',  ( -0.000000000000000000, 1.000000000000000000, 0.000000000000000000 ) ) ;
#1628 = ORIENTED_EDGE ( 'NONE', *, *, #635, .T. ) ;
#1629 = ORIENTED_EDGE ( 'NONE', *, *, #3072, .T. ) ;
#1630 = DIRECTION ( 'NONE',  ( 0.000000000000000000, 0.000000000000000000, -1.000000000000000000 ) ) ;
#1631 = DIRECTION ( 'NONE',  ( -1.000000000000000000, 0.000000000000000000, 0.000000000000000000 ) ) ;
#1632 = VERTEX_POINT ( 'NONE', #1249 ) ;
#1633 = LINE ( 'NONE', #2905, #1050 ) ;
#1634 = ORIENTED_EDGE ( 'NONE', *, *, #1427, .T. ) ;
#1635 = DIRECTION ( 'NONE',  ( 0.000000000000000000, 1.000000000000000000, 0.000000000000000000 ) ) ;
#1636 = DIRECTION ( 'NONE',  ( -1.000000000000000000, 0.000000000000000000, 0.000000000000000000 ) ) ;
#1637 = LINE ( 'NONE', #2438, #3194 ) ;
#1638 = EDGE_CURVE ( 'NONE', #1661, #3106, #2868, .T. ) ;
#1639 = FACE_OUTER_BOUND ( 'NONE', #1415, .T. ) ;
#1640 = DIRECTION ( 'NONE',  ( -0.4558990508342189441, 0.8900314912678418677, 0.000000000000000000 ) ) ;
#1641 =( LENGTH_UNIT ( ) NAMED_UNIT ( * ) SI_UNIT ( .MILLI., .METRE. ) );
#1642 = VERTEX_POINT ( 'NONE', #1736 ) ;
#1643 = DIRECTION ( 'NONE',  ( -0.4000000000000007994, -0.9165151389911676549, 0.000000000000000000 ) ) ;
#1644 = VERTEX_POINT ( 'NONE', #1049 ) ;
#1645 = ORIENTED_EDGE ( 'NONE', *, *, #935, .F. ) ;
#1646 = DIRECTION ( 'NONE',  ( -0.6295123653826760757, 0.7769904644397562787, 0.000000000000000000 ) ) ;
#1647 = CARTESIAN_POINT ( 'NONE',  ( 30.82876430935509759, 5.548888888888889426, 38.10000000000000142 ) ) ;
#1648 = ORIENTED_EDGE ( 'NONE', *, *, #1983, .T. ) ;
#1649 = CARTESIAN_POINT ( 'NONE',  ( 2.239999999999999769, 9.283393944403529829, 0.000000000000000000 ) ) ;
#1650 = ORIENTED_EDGE ( 'NONE', *, *, #774, .F. ) ;
#1651 = CARTESIAN_POINT ( 'NONE',  ( 7.306887148858939973, 8.644394622196180933, 38.10000000000000142 ) ) ;
#1652 = CARTESIAN_POINT ( 'NONE',  ( 17.44999999999999929, 5.599999999999999645, 13.50000000000000000 ) ) ;
#1653 = DIRECTION ( 'NONE',  ( 0.000000000000000000, 0.000000000000000000, 1.000000000000000000 ) ) ;
#1654 = CARTESIAN_POINT ( 'NONE',  ( 30.14999999999999858, 6.349999999999999645, 19.05000000000000071 ) ) ;
#1655 = LINE ( 'NONE', #951, #2253 ) ;
#1656 = VECTOR ( 'NONE', #433, 999.9999999999998863 ) ;
#1657 = ORIENTED_EDGE ( 'NONE', *, *, #508, .T. ) ;
#1658 = CIRCLE ( 'NONE', #883, 0.4000000000000012434 ) ;
#1659 = CARTESIAN_POINT ( 'NONE',  ( 0.5599999999999999423, 10.01660605559650108, 38.10000000000000142 ) ) ;
#1660 = AXIS2_PLACEMENT_3D ( 'NONE', #2168, #3164, #1691 ) ;
#1661 = VERTEX_POINT ( 'NONE', #2008 ) ;
#1662 = VERTEX_POINT ( 'NONE', #780 ) ;
#1663 = FACE_OUTER_BOUND ( 'NONE', #775, .T. ) ;
#1664 = LINE ( 'NONE', #194, #1362 ) ;
#1665 = VERTEX_POINT ( 'NONE', #1540 ) ;
#1666 = DIRECTION ( 'NONE',  ( 0.08578127321336695421, -0.9963139932601035031, 0.000000000000000000 ) ) ;
#1667 = AXIS2_PLACEMENT_3D ( 'NONE', #9, #1569, #2529 ) ;
#1668 = ORIENTED_EDGE ( 'NONE', *, *, #282, .T. ) ;
#1669 = CARTESIAN_POINT ( 'NONE',  ( 30.14999999999999858, 6.349999999999999645, 19.05000000000000071 ) ) ;
#1670 = DIRECTION ( 'NONE',  ( -1.000000000000000000, 0.000000000000000000, 0.000000000000000000 ) ) ;
#1671 = DIRECTION ( 'NONE',  ( -0.8577821278526532867, 0.5140134445095522198, 0.000000000000000000 ) ) ;
#1672 = DIRECTION ( 'NONE',  ( 0.000000000000000000, 0.000000000000000000, 1.000000000000000000 ) ) ;
#1673 = VECTOR ( 'NONE', #2454, 1000.000000000000000 ) ;
#1674 = EDGE_CURVE ( 'NONE', #787, #655, #3027, .T. ) ;
#1675 = DIRECTION ( 'NONE',  ( 0.8502895668937718865, 0.5263151645464928530, 0.000000000000000000 ) ) ;
#1676 = DIRECTION ( 'NONE',  ( -0.06698375950073999496, 0.9977540658715188249, 0.000000000000000000 ) ) ;
#1677 = VECTOR ( 'NONE', #1277, 999.9999999999998863 ) ;
#1678 = VECTOR ( 'NONE', #2690, 999.9999999999998863 ) ;
#1679 = ORIENTED_EDGE ( 'NONE', *, *, #1735, .T. ) ;
#1680 = CIRCLE ( 'NONE', #2401, 1.050000000000000711 ) ;
#1681 = VECTOR ( 'NONE', #293, 1000.000000000000000 ) ;
#1682 = LINE ( 'NONE', #1973, #2591 ) ;
#1683 = VERTEX_POINT ( 'NONE', #1027 ) ;
#1684 = EDGE_CURVE ( 'NONE', #1661, #3112, #2728, .T. ) ;
#1685 = ORIENTED_EDGE ( 'NONE', *, *, #2323, .F. ) ;
#1686 = CARTESIAN_POINT ( 'NONE',  ( 25.75089837365139900, 12.32679350380030137, 0.000000000000000000 ) ) ;
#1687 = EDGE_CURVE ( 'NONE', #460, #1761, #2038, .T. ) ;
#1689 = CIRCLE ( 'NONE', #1108, 0.3999999999999996891 ) ;
#1688 = CARTESIAN_POINT ( 'NONE',  ( 34.75180494615310778, 11.98920381422409953, 0.000000000000000000 ) ) ;
#1690 = ORIENTED_EDGE ( 'NONE', *, *, #868, .F. ) ;
#1691 = DIRECTION ( 'NONE',  ( -0.8900314912678268797, 0.4558990508342478098, 0.000000000000000000 ) ) ;
#1692 = ORIENTED_EDGE ( 'NONE', *, *, #2337, .T. ) ;
#1693 = CARTESIAN_POINT ( 'NONE',  ( 12.55000000000000071, 6.350000000001609912, 4.500000000000000000 ) ) ;
#1694 = DIRECTION ( 'NONE',  ( 1.000000000000000000, 0.000000000000000000, 0.000000000000000000 ) ) ;
#1695 = DIRECTION ( 'NONE',  ( 0.9977540658715187138, 0.06698375950073885698, 0.000000000000000000 ) ) ;
#1696 = LINE ( 'NONE', #1151, #2779 ) ;
#1697 = EDGE_LOOP ( 'NONE', ( #1541, #1286, #1029, #46 ) ) ;
#1698 = DIRECTION ( 'NONE',  ( -1.000000000000000000, 0.000000000000000000, 0.000000000000000000 ) ) ;
#1699 = EDGE_CURVE ( 'NONE', #2883, #1907, #2456, .T. ) ;
#1700 = CARTESIAN_POINT ( 'NONE',  ( 19.05000000000000071, 5.599999999999999645, 18.30000000000000071 ) ) ;
#1701 = ORIENTED_EDGE ( 'NONE', *, *, #2281, .F. ) ;
#1702 = LINE ( 'NONE', #2694, #2543 ) ;
#1703 = ORIENTED_EDGE ( 'NONE', *, *, #2181, .F. ) ;
#1704 = CARTESIAN_POINT ( 'NONE',  ( 8.351474402695949095, 12.33431250928529899, 0.000000000000000000 ) ) ;
#1705 = CARTESIAN_POINT ( 'NONE',  ( 22.84999999999999787, 7.100000000003220180, 5.366025403784440151 ) ) ;
#1706 = ORIENTED_EDGE ( 'NONE', *, *, #1153, .T. ) ;
#1707 = DIRECTION ( 'NONE',  ( -0.9963139932601030591, 0.08578127321337300493, 0.000000000000000000 ) ) ;
#1708 = EDGE_CURVE ( 'NONE', #993, #1114, #2600, .T. ) ;
#1709 = ORIENTED_EDGE ( 'NONE', *, *, #1167, .T. ) ;
#1710 = CARTESIAN_POINT ( 'NONE',  ( 34.50000000000000000, 12.30000000000000071, 0.000000000000000000 ) ) ;
#1711 = FACE_OUTER_BOUND ( 'NONE', #1990, .T. ) ;
#1712 = DIRECTION ( 'NONE',  ( 0.000000000000000000, 0.000000000000000000, 1.000000000000000000 ) ) ;
#1713 = CARTESIAN_POINT ( 'NONE',  ( 5.504718490564530775, 5.620000000000000107, 0.000000000000000000 ) ) ;
#1714 = CARTESIAN_POINT ( 'NONE',  ( 26.85147440269599883, 8.815687490714658736, 38.10000000000000142 ) ) ;
#1715 = CARTESIAN_POINT ( 'NONE',  ( 9.149101626348610239, 12.32679350380030137, 38.10000000000000142 ) ) ;
#1716 = ADVANCED_FACE ( 'NONE', ( #2495 ), #990, .T. ) ;
#1717 = VERTEX_POINT ( 'NONE', #1292 ) ;
#1718 = DIRECTION ( 'NONE',  ( 0.000000000000000000, 1.000000000000000000, 0.000000000000000000 ) ) ;
#1719 = ORIENTED_EDGE ( 'NONE', *, *, #2599, .T. ) ;
#1720 = EDGE_CURVE ( 'NONE', #3106, #783, #2276, .T. ) ;
#1721 = CARTESIAN_POINT ( 'NONE',  ( 4.750000000000000000, 6.349999999999999645, 38.10000000000000142 ) ) ;
#1722 = AXIS2_PLACEMENT_3D ( 'NONE', #2218, #1718, #1474 ) ;
#1723 = CARTESIAN_POINT ( 'NONE',  ( 32.24819505384689933, 9.960796185775901534, 0.000000000000000000 ) ) ;
#1724 = ORIENTED_EDGE ( 'NONE', *, *, #3092, .T. ) ;
#1725 = CARTESIAN_POINT ( 'NONE',  ( 0.1481950538469279932, 11.98920381422409953, 0.000000000000000000 ) ) ;
#1726 = VECTOR ( 'NONE', #614, 1000.000000000000000 ) ;
#1727 = ORIENTED_EDGE ( 'NONE', *, *, #2792, .T. ) ;
#1728 = LINE ( 'NONE', #272, #2660 ) ;
#1729 = AXIS2_PLACEMENT_3D ( 'NONE', #3035, #338, #1325 ) ;
#1730 = FACE_OUTER_BOUND ( 'NONE', #2473, .T. ) ;
#1731 = ADVANCED_FACE ( 'NONE', ( #2551 ), #833, .T. ) ;
#1732 = PLANE ( 'NONE',  #2911 ) ;
#1733 = DIRECTION ( 'NONE',  ( 0.000000000000000000, 0.000000000000000000, -1.000000000000000000 ) ) ;
#1734 = CYLINDRICAL_SURFACE ( 'NONE', #3196, 0.4000000000000004663 ) ;
#1735 = EDGE_CURVE ( 'NONE', #1031, #1644, #604, .T. ) ;
#1736 = CARTESIAN_POINT ( 'NONE',  ( 30.60601259650710304, 12.11764037966630170, 38.10000000000000142 ) ) ;
#1737 = ORIENTED_EDGE ( 'NONE', *, *, #2933, .F. ) ;
#1738 = DIRECTION ( 'NONE',  ( 1.000000000000000000, 0.000000000000000000, 0.000000000000000000 ) ) ;
#1739 = AXIS2_PLACEMENT_3D ( 'NONE', #1870, #1827, #3065 ) ;
#1740 = ORIENTED_EDGE ( 'NONE', *, *, #538, .T. ) ;
#1741 = PLANE ( 'NONE',  #2667 ) ;
#1742 = VERTEX_POINT ( 'NONE', #2788 ) ;
#1743 = DIRECTION ( 'NONE',  ( -1.000000000000000000, 0.000000000000000000, 0.000000000000000000 ) ) ;
#1744 = AXIS2_PLACEMENT_3D ( 'NONE', #2459, #2969, #451 ) ;
#1745 = VERTEX_POINT ( 'NONE', #3101 ) ;
#1746 = CARTESIAN_POINT ( 'NONE',  ( 30.14999999999999858, 6.349999999999999645, 0.000000000000000000 ) ) ;
#1747 = ORIENTED_EDGE ( 'NONE', *, *, #2672, .T. ) ;
#1748 = CARTESIAN_POINT ( 'NONE',  ( 31.18059151853480060, 5.575086870068130196, 0.000000000000000000 ) ) ;
#1749 = CARTESIAN_POINT ( 'NONE',  ( 32.50000000000000000, 9.650000000000000355, 0.000000000000000000 ) ) ;
#1750 = CARTESIAN_POINT ( 'NONE',  ( 29.90688714885889965, 12.50560537780379988, 38.10000000000000142 ) ) ;
#1751 = CARTESIAN_POINT ( 'NONE',  ( 30.14999999999999858, 6.349999999999999645, 38.10000000000000142 ) ) ;
#1752 = ADVANCED_FACE ( 'NONE', ( #1593 ), #2309, .T. ) ;
#1753 = ORIENTED_EDGE ( 'NONE', *, *, #1012, .F. ) ;
#1754 = ORIENTED_EDGE ( 'NONE', *, *, #101, .F. ) ;
#1755 = VECTOR ( 'NONE', #2912, 1000.000000000000000 ) ;
#1756 = ORIENTED_EDGE ( 'NONE', *, *, #3021, .F. ) ;
#1757 = ADVANCED_FACE ( 'NONE', ( #2062 ), #2580, .T. ) ;
#1758 = VERTEX_POINT ( 'NONE', #2842 ) ;
#1759 = ORIENTED_EDGE ( 'NONE', *, *, #2015, .F. ) ;
#1760 = LINE ( 'NONE', #302, #1574 ) ;
#1761 = VERTEX_POINT ( 'NONE', #1848 ) ;
#1762 = DIRECTION ( 'NONE',  ( -1.000000000000000000, 0.000000000000000000, 0.000000000000000000 ) ) ;
#1763 = DIRECTION ( 'NONE',  ( 0.6295123653826693033, -0.7769904644397616078, 0.000000000000000000 ) ) ;
#1764 = EDGE_CURVE ( 'NONE', #965, #2259, #1819, .T. ) ;
#1765 = DIRECTION ( 'NONE',  ( 0.6295123653826693033, -0.7769904644397616078, 0.000000000000000000 ) ) ;
#1766 = CYLINDRICAL_SURFACE ( 'NONE', #237, 0.3000000000000001554 ) ;
#1767 = ORIENTED_EDGE ( 'NONE', *, *, #2496, .F. ) ;
#1768 = EDGE_CURVE ( 'NONE', #344, #2621, #3047, .T. ) ;
#1769 = VECTOR ( 'NONE', #1738, 1000.000000000000000 ) ;
#1770 = VERTEX_POINT ( 'NONE', #348 ) ;
#1771 = EDGE_LOOP ( 'NONE', ( #2643, #2270 ) ) ;
#1772 = CARTESIAN_POINT ( 'NONE',  ( 15.84999999999999964, 7.100000000003220180, 18.30000000000000071 ) ) ;
#1773 = VERTEX_POINT ( 'NONE', #1305 ) ;
#1774 = CARTESIAN_POINT ( 'NONE',  ( 4.993112851141060737, 12.50560537780379988, 38.10000000000000142 ) ) ;
#1775 = CIRCLE ( 'NONE', #1865, 1.600000000000000755 ) ;
#1776 =( GEOMETRIC_REPRESENTATION_CONTEXT ( 3 ) GLOBAL_UNCERTAINTY_ASSIGNED_CONTEXT ( ( #410 ) ) GLOBAL_UNIT_ASSIGNED_CONTEXT ( ( #1641, #412, #916 ) ) REPRESENTATION_CONTEXT ( 'NONE', 'WORKASPACE' ) );
#1777 = CARTESIAN_POINT ( 'NONE',  ( 9.500000000000000000, 7.100000000003220180, 0.000000000000000000 ) ) ;
#1778 = DIRECTION ( 'NONE',  ( -0.8502895668937723306, -0.5263151645464921868, 0.000000000000000000 ) ) ;
#1779 = ADVANCED_FACE ( 'NONE', ( #103, #118, #1794, #2102 ), #1565, .T. ) ;
#1780 = ORIENTED_EDGE ( 'NONE', *, *, #2672, .F. ) ;
#1781 = DIRECTION ( 'NONE',  ( 0.5263151645464946293, 0.8502895668937707763, 0.000000000000000000 ) ) ;
#1782 = VECTOR ( 'NONE', #932, 1000.000000000000000 ) ;
#1783 = EDGE_CURVE ( 'NONE', #2293, #1156, #2537, .T. ) ;
#1784 = ORIENTED_EDGE ( 'NONE', *, *, #3021, .T. ) ;
#1785 = EDGE_CURVE ( 'NONE', #2491, #1717, #617, .T. ) ;
#1786 = ORIENTED_EDGE ( 'NONE', *, *, #2590, .T. ) ;
#1787 = LINE ( 'NONE', #2260, #956 ) ;
#1788 = AXIS2_PLACEMENT_3D ( 'NONE', #1334, #606, #3091 ) ;
#1789 = ORIENTED_EDGE ( 'NONE', *, *, #2682, .F. ) ;
#1790 = CARTESIAN_POINT ( 'NONE',  ( 27.59311285114109680, 4.055605377803820133, 0.000000000000000000 ) ) ;
#1791 = CIRCLE ( 'NONE', #1836, 0.3999999999999996336 ) ;
#1792 = DIRECTION ( 'NONE',  ( 0.000000000000000000, 0.000000000000000000, 1.000000000000000000 ) ) ;
#1793 = ADVANCED_FACE ( 'NONE', ( #1322 ), #2814, .T. ) ;
#1794 = FACE_BOUND ( 'NONE', #1135, .T. ) ;
#1795 = ORIENTED_EDGE ( 'NONE', *, *, #955, .F. ) ;
#1796 = EDGE_CURVE ( 'NONE', #1683, #3051, #2596, .T. ) ;
#1797 = CARTESIAN_POINT ( 'NONE',  ( 4.750000000000000000, 6.349999999999999645, 19.05000000000000071 ) ) ;
#1798 = DIRECTION ( 'NONE',  ( 0.000000000000000000, -1.000000000000000000, 0.000000000000000000 ) ) ;
#1799 = ORIENTED_EDGE ( 'NONE', *, *, #782, .T. ) ;
#1800 = VERTEX_POINT ( 'NONE', #1807 ) ;
#1801 = CARTESIAN_POINT ( 'NONE',  ( 22.84999999999999787, 5.599999999999999645, 0.000000000000000000 ) ) ;
#1802 = EDGE_CURVE ( 'NONE', #25, #2485, #2802, .T. ) ;
#1803 = VERTEX_POINT ( 'NONE', #1581 ) ;
#1804 = DIRECTION ( 'NONE',  ( 0.8577821278526533977, 0.5140134445095519977, 0.000000000000000000 ) ) ;
#1805 = AXIS2_PLACEMENT_3D ( 'NONE', #3050, #1733, #3003 ) ;
#1806 = CARTESIAN_POINT ( 'NONE',  ( 34.50000000000000000, 9.650000000000000355, 0.000000000000000000 ) ) ;
#1807 = CARTESIAN_POINT ( 'NONE',  ( 7.306887148858939973, 4.055605377803820133, 38.10000000000000142 ) ) ;
#1808 = LINE ( 'NONE', #1723, #592 ) ;
#1809 = DIRECTION ( 'NONE',  ( 0.000000000000000000, 1.000000000000000000, 0.000000000000000000 ) ) ;
#1810 = LINE ( 'NONE', #325, #2483 ) ;
#1811 = EDGE_CURVE ( 'NONE', #457, #1287, #1333, .T. ) ;
#1812 = ORIENTED_EDGE ( 'NONE', *, *, #1104, .F. ) ;
#1813 = ORIENTED_EDGE ( 'NONE', *, *, #721, .F. ) ;
#1814 = DIRECTION ( 'NONE',  ( 0.000000000000000000, 0.000000000000000000, -1.000000000000000000 ) ) ;
#1815 = EDGE_LOOP ( 'NONE', ( #98, #3042, #757, #1374 ) ) ;
#1816 = DIRECTION ( 'NONE',  ( 0.000000000000000000, 0.000000000000000000, 1.000000000000000000 ) ) ;
#1817 = AXIS2_PLACEMENT_3D ( 'NONE', #164, #3133, #2891 ) ;
#1818 = CYLINDRICAL_SURFACE ( 'NONE', #2877, 0.4000000000000205613 ) ;
#1819 = LINE ( 'NONE', #359, #1472 ) ;
#1820 = AXIS2_PLACEMENT_3D ( 'NONE', #2681, #196, #2111 ) ;
#1821 = ADVANCED_FACE ( 'NONE', ( #2320 ), #2074, .T. ) ;
#1822 = CARTESIAN_POINT ( 'NONE',  ( 34.75180494615310778, 11.98920381422409953, 38.10000000000000142 ) ) ;
#1823 = DIRECTION ( 'NONE',  ( 0.000000000000000000, 0.000000000000000000, 1.000000000000000000 ) ) ;
#1824 = CYLINDRICAL_SURFACE ( 'NONE', #2853, 0.2999999999999997113 ) ;
#1825 = VERTEX_POINT ( 'NONE', #2421 ) ;
#1826 = EDGE_LOOP ( 'NONE', ( #3163, #2854, #2178, #1340 ) ) ;
#1827 = DIRECTION ( 'NONE',  ( 0.000000000000000000, 0.000000000000000000, 1.000000000000000000 ) ) ;
#1828 = ADVANCED_FACE ( 'NONE', ( #3134 ), #1861, .T. ) ;
#1829 = VECTOR ( 'NONE', #1478, 1000.000000000000114 ) ;
#1830 = ORIENTED_EDGE ( 'NONE', *, *, #881, .F. ) ;
#1831 = FACE_OUTER_BOUND ( 'NONE', #809, .T. ) ;
#1832 = STYLED_ITEM ( 'NONE', ( #1393 ), #666 ) ;
#1833 = AXIS2_PLACEMENT_3D ( 'NONE', #1615, #922, #1182 ) ;
#1834 = CARTESIAN_POINT ( 'NONE',  ( 25.39999999999999858, 5.599999999999999645, 0.000000000000000000 ) ) ;
#1835 = CARTESIAN_POINT ( 'NONE',  ( 12.05000000000000071, 5.599999999999999645, 5.366025403784440151 ) ) ;
#1836 = AXIS2_PLACEMENT_3D ( 'NONE', #779, #1304, #3046 ) ;
#1837 = CIRCLE ( 'NONE', #450, 0.4000000000000001332 ) ;
#1838 = CARTESIAN_POINT ( 'NONE',  ( 12.05000000000000071, 7.100000000003220180, 0.000000000000000000 ) ) ;
#1839 = EDGE_CURVE ( 'NONE', #246, #25, #2193, .T. ) ;
#1840 = CARTESIAN_POINT ( 'NONE',  ( 29.90688714885889965, 12.50560537780379988, 0.000000000000000000 ) ) ;
#1841 = EDGE_LOOP ( 'NONE', ( #767, #2627, #2603, #1995, #280, #445, #1515, #933, #1260, #1974, #1148, #4, #1098, #1357, #1245, #1882, #2447, #735, #3187, #8, #3025, #44, #2395, #1161, #72, #1041, #2750, #871, #1530, #477, #2235, #753, #191, #2271, #2680, #3206, #1813, #154, #2198, #2765 ) ) ;
#1842 = ORIENTED_EDGE ( 'NONE', *, *, #2143, .T. ) ;
#1843 = CARTESIAN_POINT ( 'NONE',  ( 9.500000000000190070, 5.599999999999999645, 0.000000000000000000 ) ) ;
#1844 = EDGE_CURVE ( 'NONE', #2293, #3031, #1619, .T. ) ;
#1845 = CARTESIAN_POINT ( 'NONE',  ( 29.39528150943549889, 5.620000000000000107, 0.000000000000000000 ) ) ;
#1846 = ORIENTED_EDGE ( 'NONE', *, *, #1012, .T. ) ;
#1847 = LINE ( 'NONE', #1564, #2349 ) ;
#1848 = CARTESIAN_POINT ( 'NONE',  ( 34.71052606581859834, 3.390115826757510220, 0.000000000000000000 ) ) ;
#1849 = ADVANCED_FACE ( 'NONE', ( #1877 ), #2875, .F. ) ;
#1850 = CARTESIAN_POINT ( 'NONE',  ( 28.94999999999999929, 5.620000000000000107, 0.000000000000000000 ) ) ;
#1851 = DIRECTION ( 'NONE',  ( 0.000000000000000000, 0.000000000000000000, 1.000000000000000000 ) ) ;
#1852 = LINE ( 'NONE', #2312, #2442 ) ;
#1853 = ORIENTED_EDGE ( 'NONE', *, *, #2590, .F. ) ;
#1854 = VERTEX_POINT ( 'NONE', #2930 ) ;
#1855 = LINE ( 'NONE', #1370, #1413 ) ;
#1856 = EDGE_CURVE ( 'NONE', #2278, #1114, #1696, .T. ) ;
#1857 = DIRECTION ( 'NONE',  ( 0.000000000000000000, 1.000000000000000000, 0.000000000000000000 ) ) ;
#1858 = CARTESIAN_POINT ( 'NONE',  ( 23.34999999999999787, 6.350000000001609912, 4.500000000000000000 ) ) ;
#1859 = ORIENTED_EDGE ( 'NONE', *, *, #1955, .T. ) ;
#1860 = DIRECTION ( 'NONE',  ( 0.000000000000000000, 0.000000000000000000, -1.000000000000000000 ) ) ;
#1861 = PLANE ( 'NONE',  #1481 ) ;
#1862 = CIRCLE ( 'NONE', #3170, 1.000000000000000888 ) ;
#1863 = EDGE_CURVE ( 'NONE', #367, #2897, #2190, .T. ) ;
#1864 = DIRECTION ( 'NONE',  ( 0.000000000000000000, 0.000000000000000000, 1.000000000000000000 ) ) ;
#1865 = AXIS2_PLACEMENT_3D ( 'NONE', #1000, #47, #560 ) ;
#1866 = COLOUR_RGB ( '',0.7921568627450980005, 0.8196078431372548767, 0.9333333333333333481 ) ;
#1867 = DIRECTION ( 'NONE',  ( 0.000000000000000000, 0.000000000000000000, -1.000000000000000000 ) ) ;
#1868 = ORIENTED_EDGE ( 'NONE', *, *, #1070, .F. ) ;
#1869 = ORIENTED_EDGE ( 'NONE', *, *, #521, .F. ) ;
#1870 = CARTESIAN_POINT ( 'NONE',  ( 2.399999999999999911, 3.050000000000000266, 38.10000000000000142 ) ) ;
#1871 = CARTESIAN_POINT ( 'NONE',  ( 0.4000000000000000222, 0.4000000000000000222, 38.10000000000000142 ) ) ;
#1872 = CARTESIAN_POINT ( 'NONE',  ( 29.79398740349289909, 2.167640379666309958, 38.10000000000000142 ) ) ;
#1873 = EDGE_CURVE ( 'NONE', #2238, #2185, #1637, .T. ) ;
#1874 = EDGE_CURVE ( 'NONE', #1998, #1482, #2135, .T. ) ;
#1875 = EDGE_LOOP ( 'NONE', ( #2286, #709, #1032, #1692 ) ) ;
#1876 = DIRECTION ( 'NONE',  ( 0.000000000000000000, 0.000000000000000000, -1.000000000000000000 ) ) ;
#1877 = FACE_OUTER_BOUND ( 'NONE', #1697, .T. ) ;
#1878 = AXIS2_PLACEMENT_3D ( 'NONE', #2954, #2914, #2441 ) ;
#1879 = FILL_AREA_STYLE ('',( #618 ) ) ;
#1880 = CYLINDRICAL_SURFACE ( 'NONE', #291, 0.3999999999999997446 ) ;
#1881 = AXIS2_PLACEMENT_3D ( 'NONE', #1411, #2439, #1192 ) ;
#1882 = ORIENTED_EDGE ( 'NONE', *, *, #862, .F. ) ;
#1883 = CARTESIAN_POINT ( 'NONE',  ( 9.500000000000000000, 7.100000000003220180, 38.10000000000000142 ) ) ;
#1884 = ORIENTED_EDGE ( 'NONE', *, *, #2953, .T. ) ;
#1885 = ORIENTED_EDGE ( 'NONE', *, *, #2084, .F. ) ;
#1886 = CARTESIAN_POINT ( 'NONE',  ( 0.4000000000000000222, 0.4000000000000000222, 0.000000000000000000 ) ) ;
#1887 = CARTESIAN_POINT ( 'NONE',  ( 31.18059151853480060, 5.575086870068130196, 38.10000000000000142 ) ) ;
#1888 = ORIENTED_EDGE ( 'NONE', *, *, #383, .F. ) ;
#1889 = LINE ( 'NONE', #1946, #2239 ) ;
#1890 = ORIENTED_EDGE ( 'NONE', *, *, #151, .T. ) ;
#1891 = LINE ( 'NONE', #481, #2462 ) ;
#1892 = CARTESIAN_POINT ( 'NONE',  ( 25.75089837365139900, 12.32679350380030137, 0.000000000000000000 ) ) ;
#1893 = DIRECTION ( 'NONE',  ( 0.7769904644397557236, 0.6295123653826767418, 0.000000000000000000 ) ) ;
#1894 = CARTESIAN_POINT ( 'NONE',  ( 5.950000000000000178, 5.620000000000000107, 0.000000000000000000 ) ) ;
#1895 = FACE_OUTER_BOUND ( 'NONE', #885, .T. ) ;
#1896 = DIRECTION ( 'NONE',  ( -0.08578127321339093503, 0.9963139932601015047, 0.000000000000000000 ) ) ;
#1897 = ORIENTED_EDGE ( 'NONE', *, *, #2570, .T. ) ;
#1898 = CARTESIAN_POINT ( 'NONE',  ( 12.05000000000000071, 5.599999999999999645, 6.500000000000000000 ) ) ;
#1899 = ORIENTED_EDGE ( 'NONE', *, *, #1455, .T. ) ;
#1900 = ORIENTED_EDGE ( 'NONE', *, *, #3092, .F. ) ;
#1901 = CARTESIAN_POINT ( 'NONE',  ( 26.85147440269599883, 3.884312509285349879, 0.000000000000000000 ) ) ;
#1902 = DIRECTION ( 'NONE',  ( -1.000000000000000000, 0.000000000000000000, 0.000000000000000000 ) ) ;
#1903 = ORIENTED_EDGE ( 'NONE', *, *, #2917, .F. ) ;
#1904 = CARTESIAN_POINT ( 'NONE',  ( 8.348529094563399866, 12.30010397405369993, 0.000000000000000000 ) ) ;
#1905 = ADVANCED_FACE ( 'NONE', ( #1449 ), #220, .F. ) ;
#1906 = ORIENTED_EDGE ( 'NONE', *, *, #508, .F. ) ;
#1907 = VERTEX_POINT ( 'NONE', #1376 ) ;
#1908 = CARTESIAN_POINT ( 'NONE',  ( 7.306887148858939973, 8.644394622196180933, 0.000000000000000000 ) ) ;
#1909 = PLANE ( 'NONE',  #219 ) ;
#1910 = DIRECTION ( 'NONE',  ( -1.000000000000000000, 0.000000000000000000, 0.000000000000000000 ) ) ;
#1911 = CARTESIAN_POINT ( 'NONE',  ( 30.82876430935509759, 7.151111111111110752, 38.10000000000000142 ) ) ;
#1912 = LINE ( 'NONE', #35, #1102 ) ;
#1913 = EDGE_CURVE ( 'NONE', #161, #656, #2613, .T. ) ;
#1914 = AXIS2_PLACEMENT_3D ( 'NONE', #2846, #1867, #1382 ) ;
#1915 = EDGE_CURVE ( 'NONE', #1482, #1421, #449, .T. ) ;
#1916 = ORIENTED_EDGE ( 'NONE', *, *, #573, .F. ) ;
#1917 = AXIS2_PLACEMENT_3D ( 'NONE', #1443, #1405, #178 ) ;
#1918 = DIRECTION ( 'NONE',  ( 0.000000000000000000, 0.000000000000000000, 1.000000000000000000 ) ) ;
#1919 = ORIENTED_EDGE ( 'NONE', *, *, #2770, .F. ) ;
#1920 = ORIENTED_EDGE ( 'NONE', *, *, #820, .F. ) ;
#1921 = FACE_OUTER_BOUND ( 'NONE', #3001, .T. ) ;
#1922 = DIRECTION ( 'NONE',  ( 0.000000000000000000, 1.000000000000000000, 0.000000000000000000 ) ) ;
#1923 = ORIENTED_EDGE ( 'NONE', *, *, #2263, .T. ) ;
#1924 = DIRECTION ( 'NONE',  ( 0.000000000000000000, 0.000000000000000000, 1.000000000000000000 ) ) ;
#1925 = ADVANCED_FACE ( 'NONE', ( #2892 ), #632, .T. ) ;
#1926 = EDGE_LOOP ( 'NONE', ( #544, #494, #2918, #2517 ) ) ;
#1927 = ORIENTED_EDGE ( 'NONE', *, *, #3039, .F. ) ;
#1928 = DIRECTION ( 'NONE',  ( 0.000000000000000000, 0.000000000000000000, 1.000000000000000000 ) ) ;
#1929 = CARTESIAN_POINT ( 'NONE',  ( 26.54852559730399975, 12.33431250928529899, 38.10000000000000142 ) ) ;
#1930 = DIRECTION ( 'NONE',  ( 0.000000000000000000, 0.000000000000000000, -1.000000000000000000 ) ) ;
#1931 = CIRCLE ( 'NONE', #1272, 0.3999999999999991895 ) ;
#1932 = DIRECTION ( 'NONE',  ( 0.000000000000000000, 0.000000000000000000, 1.000000000000000000 ) ) ;
#1933 = LINE ( 'NONE', #1452, #1417 ) ;
#1934 = AXIS2_PLACEMENT_3D ( 'NONE', #1693, #198, #2684 ) ;
#1935 = AXIS2_PLACEMENT_3D ( 'NONE', #2118, #915, #2633 ) ;
#1936 = VERTEX_POINT ( 'NONE', #467 ) ;
#1937 = COLOUR_RGB ( '',0.7921568627450980005, 0.8196078431372548767, 0.9333333333333333481 ) ;
#1938 = VECTOR ( 'NONE', #822, 1000.000000000000000 ) ;
#1939 = EDGE_CURVE ( 'NONE', #1770, #2485, #2377, .T. ) ;
#1940 = LINE ( 'NONE', #2939, #19 ) ;
#1941 = VECTOR ( 'NONE', #2894, 1000.000000000000000 ) ;
#1942 = ORIENTED_EDGE ( 'NONE', *, *, #2202, .F. ) ;
#1943 = DIRECTION ( 'NONE',  ( 0.8577821278526533977, 0.5140134445095519977, 0.000000000000000000 ) ) ;
#1944 = FACE_OUTER_BOUND ( 'NONE', #1875, .T. ) ;
#1945 = ORIENTED_EDGE ( 'NONE', *, *, #2157, .F. ) ;
#1946 = CARTESIAN_POINT ( 'NONE',  ( 22.84999999999999787, 5.599999999999999645, 6.500000000000000000 ) ) ;
#1947 = ORIENTED_EDGE ( 'NONE', *, *, #1131, .T. ) ;
#1948 = LINE ( 'NONE', #2948, #590 ) ;
#1949 = ADVANCED_FACE ( 'NONE', ( #2115 ), #2156, .F. ) ;
#1950 = PLANE ( 'NONE',  #2937 ) ;
#1951 = LINE ( 'NONE', #2686, #2971 ) ;
#1952 = CARTESIAN_POINT ( 'NONE',  ( 19.05000000000000071, 5.599999999999999645, 25.39999999999999858 ) ) ;
#1953 = CARTESIAN_POINT ( 'NONE',  ( 26.54852559730399975, 0.3656874907146550058, 38.10000000000000142 ) ) ;
#1954 = DIRECTION ( 'NONE',  ( -0.9977540658715190469, -0.06698375950073603979, 0.000000000000000000 ) ) ;
#1955 = EDGE_CURVE ( 'NONE', #1761, #917, #2400, .T. ) ;
#1956 = ORIENTED_EDGE ( 'NONE', *, *, #1103, .T. ) ;
#1957 = DIRECTION ( 'NONE',  ( 0.9977540658715187138, 0.06698375950073885698, 0.000000000000000000 ) ) ;
#1958 = AXIS2_PLACEMENT_3D ( 'NONE', #2647, #2687, #2362 ) ;
#1959 = ORIENTED_EDGE ( 'NONE', *, *, #1113, .T. ) ;
#1960 = DIRECTION ( 'NONE',  ( -0.5263151645464928530, -0.8502895668937718865, 0.000000000000000000 ) ) ;
#1961 = DIRECTION ( 'NONE',  ( 0.000000000000000000, 0.000000000000000000, -1.000000000000000000 ) ) ;
#1962 = ORIENTED_EDGE ( 'NONE', *, *, #353, .T. ) ;
#1963 = DIRECTION ( 'NONE',  ( 0.000000000000000000, 0.000000000000000000, 1.000000000000000000 ) ) ;
#1964 = ADVANCED_FACE ( 'NONE', ( #686 ), #1432, .T. ) ;
#1965 = ORIENTED_EDGE ( 'NONE', *, *, #2565, .T. ) ;
#1966 = PLANE ( 'NONE',  #3074 ) ;
#1967 = CYLINDRICAL_SURFACE ( 'NONE', #1320, 0.4000000000000004108 ) ;
#1968 = CARTESIAN_POINT ( 'NONE',  ( 26.14999999999999858, 12.30000000000000071, 0.000000000000000000 ) ) ;
#1969 = DIRECTION ( 'NONE',  ( -0.8900314912678271018, 0.4558990508342474768, 0.000000000000000000 ) ) ;
#1970 = FACE_OUTER_BOUND ( 'NONE', #769, .T. ) ;
#1971 = CARTESIAN_POINT ( 'NONE',  ( 26.85147440269599883, 8.815687490714658736, 0.000000000000000000 ) ) ;
#1972 = EDGE_LOOP ( 'NONE', ( #1504, #177, #3122, #2346 ) ) ;
#1973 = CARTESIAN_POINT ( 'NONE',  ( 2.651804946153069942, 9.960796185775901534, 38.10000000000000142 ) ) ;
#1974 = ORIENTED_EDGE ( 'NONE', *, *, #2793, .F. ) ;
#1975 = LINE ( 'NONE', #2715, #1157 ) ;
#1976 = AXIS2_PLACEMENT_3D ( 'NONE', #2399, #2704, #1695 ) ;
#1977 = ORIENTED_EDGE ( 'NONE', *, *, #594, .T. ) ;
#1978 = CARTESIAN_POINT ( 'NONE',  ( 22.84999999999999787, 5.599999999999999645, 6.500000000000000000 ) ) ;
#1979 = AXIS2_PLACEMENT_3D ( 'NONE', #143, #819, #859 ) ;
#1980 = VERTEX_POINT ( 'NONE', #3192 ) ;
#1981 = ORIENTED_EDGE ( 'NONE', *, *, #2416, .F. ) ;
#1982 = STYLED_ITEM ( 'NONE', ( #168 ), #1242 ) ;
#1983 = EDGE_CURVE ( 'NONE', #192, #1421, #2298, .T. ) ;
#1984 = VERTEX_POINT ( 'NONE', #502 ) ;
#1985 = CARTESIAN_POINT ( 'NONE',  ( 4.993112851141060737, 0.1943946221961800058, 0.000000000000000000 ) ) ;
#1986 = CARTESIAN_POINT ( 'NONE',  ( 5.950000000000000178, 5.620000000000000107, 38.10000000000000142 ) ) ;
#1987 = FACE_OUTER_BOUND ( 'NONE', #2906, .T. ) ;
#1988 = DIRECTION ( 'NONE',  ( 0.8577821278526528426, -0.5140134445095529969, 0.000000000000000000 ) ) ;
#1989 = CARTESIAN_POINT ( 'NONE',  ( 0.000000000000000000, 0.000000000000000000, 0.000000000000000000 ) ) ;
#1990 = EDGE_LOOP ( 'NONE', ( #840, #1650, #139, #1628 ) ) ;
#1991 = VECTOR ( 'NONE', #3096, 1000.000000000000000 ) ;
#1992 = EDGE_CURVE ( 'NONE', #3204, #215, #2542, .T. ) ;
#1993 = VECTOR ( 'NONE', #2310, 1000.000000000000000 ) ;
#1994 = AXIS2_PLACEMENT_3D ( 'NONE', #2211, #647, #3208 ) ;
#1995 = ORIENTED_EDGE ( 'NONE', *, *, #2464, .F. ) ;
#1996 = DIRECTION ( 'NONE',  ( 0.000000000000000000, 0.000000000000000000, -1.000000000000000000 ) ) ;
#1997 = VECTOR ( 'NONE', #2771, 1000.000000000000000 ) ;
#1998 = VERTEX_POINT ( 'NONE', #520 ) ;
#1999 = EDGE_CURVE ( 'NONE', #965, #694, #15, .T. ) ;
#2000 = EDGE_LOOP ( 'NONE', ( #2922, #12, #3143, #489 ) ) ;
#2001 = AXIS2_PLACEMENT_3D ( 'NONE', #1408, #2419, #1466 ) ;
#2002 = ORIENTED_EDGE ( 'NONE', *, *, #2725, .T. ) ;
#2003 = LINE ( 'NONE', #464, #546 ) ;
#2004 = ORIENTED_EDGE ( 'NONE', *, *, #576, .F. ) ;
#2005 = CARTESIAN_POINT ( 'NONE',  ( 32.24819505384689933, 2.739203814224099975, 38.10000000000000142 ) ) ;
#2006 = DIRECTION ( 'NONE',  ( 0.000000000000000000, 0.000000000000000000, -1.000000000000000000 ) ) ;
#2007 = DIRECTION ( 'NONE',  ( 0.000000000000000000, -1.000000000000000000, 0.000000000000000000 ) ) ;
#2008 = CARTESIAN_POINT ( 'NONE',  ( 27.59311285114109680, 8.644394622196180933, 0.000000000000000000 ) ) ;
#2009 = ORIENTED_EDGE ( 'NONE', *, *, #438, .F. ) ;
#2010 = EDGE_CURVE ( 'NONE', #155, #749, #2985, .T. ) ;
#2011 = ORIENTED_EDGE ( 'NONE', *, *, #332, .T. ) ;
#2012 = ORIENTED_EDGE ( 'NONE', *, *, #1469, .F. ) ;
#2013 = ORIENTED_EDGE ( 'NONE', *, *, #1476, .F. ) ;
#2014 = CARTESIAN_POINT ( 'NONE',  ( 25.39999999999999858, 7.100000000003220180, 0.000000000000000000 ) ) ;
#2015 = EDGE_CURVE ( 'NONE', #2027, #1758, #2968, .T. ) ;
#2016 = ADVANCED_FACE ( 'NONE', ( #2054 ), #2458, .T. ) ;
#2017 = ORIENTED_EDGE ( 'NONE', *, *, #1179, .F. ) ;
#2018 = LINE ( 'NONE', #1774, #2548 ) ;
#2019 = CARTESIAN_POINT ( 'NONE',  ( 2.399999999999999911, 9.650000000000000355, 0.000000000000000000 ) ) ;
#2020 = LINE ( 'NONE', #61, #3034 ) ;
#2021 = VERTEX_POINT ( 'NONE', #1952 ) ;
#2022 = FACE_OUTER_BOUND ( 'NONE', #1926, .T. ) ;
#2023 = EDGE_CURVE ( 'NONE', #2167, #944, #1810, .T. ) ;
#2024 = ADVANCED_FACE ( 'NONE', ( #2951 ), #241, .T. ) ;
#2025 = AXIS2_PLACEMENT_3D ( 'NONE', #2353, #1352, #2077 ) ;
#2026 = VERTEX_POINT ( 'NONE', #2213 ) ;
#2027 = VERTEX_POINT ( 'NONE', #1713 ) ;
#2028 = LINE ( 'NONE', #3053, #1015 ) ;
#2029 = CIRCLE ( 'NONE', #882, 1.600000000000000755 ) ;
#2030 = ORIENTED_EDGE ( 'NONE', *, *, #2843, .T. ) ;
#2031 = LINE ( 'NONE', #3026, #2383 ) ;
#2032 = VECTOR ( 'NONE', #2566, 1000.000000000000114 ) ;
#2033 = EDGE_CURVE ( 'NONE', #2240, #976, #988, .T. ) ;
#2034 = DIRECTION ( 'NONE',  ( 0.000000000000000000, 0.000000000000000000, -1.000000000000000000 ) ) ;
#2035 = FACE_OUTER_BOUND ( 'NONE', #1039, .T. ) ;
#2036 = ORIENTED_EDGE ( 'NONE', *, *, #2617, .T. ) ;
#2037 = LINE ( 'NONE', #3048, #2304 ) ;
#2038 = CIRCLE ( 'NONE', #3037, 0.4000000000000002442 ) ;
#2039 = DIRECTION ( 'NONE',  ( 0.000000000000000000, 0.000000000000000000, -1.000000000000000000 ) ) ;
#2040 = ADVANCED_FACE ( 'NONE', ( #777 ), #2479, .F. ) ;
#2041 = AXIS2_PLACEMENT_3D ( 'NONE', #278, #1988, #1283 ) ;
#2042 = ORIENTED_EDGE ( 'NONE', *, *, #1055, .T. ) ;
#2043 = EDGE_LOOP ( 'NONE', ( #1442, #841, #902, #1588 ) ) ;
#2044 = DIRECTION ( 'NONE',  ( 0.000000000000000000, -1.000000000000000000, 0.000000000000000000 ) ) ;
#2045 = AXIS2_PLACEMENT_3D ( 'NONE', #2165, #2959, #3182 ) ;
#2046 = ORIENTED_EDGE ( 'NONE', *, *, #1550, .T. ) ;
#2047 = LINE ( 'NONE', #1790, #1088 ) ;
#2048 = EDGE_CURVE ( 'NONE', #2372, #3008, #1380, .T. ) ;
#2049 = LINE ( 'NONE', #3004, #2670 ) ;
#2050 = DIRECTION ( 'NONE',  ( 0.000000000000000000, 0.000000000000000000, -1.000000000000000000 ) ) ;
#2051 = DIRECTION ( 'NONE',  ( 0.000000000000000000, 0.000000000000000000, -1.000000000000000000 ) ) ;
#2052 = EDGE_CURVE ( 'NONE', #3184, #1632, #2630, .T. ) ;
#2053 = FACE_OUTER_BOUND ( 'NONE', #1571, .T. ) ;
#2054 = FACE_OUTER_BOUND ( 'NONE', #2164, .T. ) ;
#2055 = VERTEX_POINT ( 'NONE', #743 ) ;
#2056 = ORIENTED_EDGE ( 'NONE', *, *, #1699, .T. ) ;
#2057 = CARTESIAN_POINT ( 'NONE',  ( 28.94999999999999929, 7.080000000000000071, 38.10000000000000142 ) ) ;
#2058 = VECTOR ( 'NONE', #1231, 1000.000000000000000 ) ;
#2059 = PLANE ( 'NONE',  #485 ) ;
#2060 = EDGE_CURVE ( 'NONE', #172, #2244, #2724, .T. ) ;
#2061 = LINE ( 'NONE', #102, #2141 ) ;
#2062 = FACE_OUTER_BOUND ( 'NONE', #2505, .T. ) ;
#2063 = SURFACE_STYLE_USAGE ( .BOTH. , #2090 ) ;
#2064 = CYLINDRICAL_SURFACE ( 'NONE', #2289, 1.600000000000000755 ) ;
#2065 = DIRECTION ( 'NONE',  ( 0.000000000000000000, 0.000000000000000000, 1.000000000000000000 ) ) ;
#2066 = ORIENTED_EDGE ( 'NONE', *, *, #868, .T. ) ;
#2067 = ORIENTED_EDGE ( 'NONE', *, *, #852, .F. ) ;
#2068 = CARTESIAN_POINT ( 'NONE',  ( 25.39999999999999858, 7.100000000003220180, 0.000000000000000000 ) ) ;
#2069 = CARTESIAN_POINT ( 'NONE',  ( 3.719408481465199756, 5.575086870068130196, 0.000000000000000000 ) ) ;
#2070 = VECTOR ( 'NONE', #2457, 1000.000000000000114 ) ;
#2071 = ADVANCED_FACE ( 'NONE', ( #2757 ), #2246, .F. ) ;
#2072 = VECTOR ( 'NONE', #942, 1000.000000000000000 ) ;
#2073 = CARTESIAN_POINT ( 'NONE',  ( 8.048525597304038826, 8.815687490714649854, 0.000000000000000000 ) ) ;
#2074 = CYLINDRICAL_SURFACE ( 'NONE', #2345, 0.4000000000000002442 ) ;
#2075 = DIRECTION ( 'NONE',  ( -0.6295123653826761867, -0.7769904644397562787, 0.000000000000000000 ) ) ;
#2076 =( NAMED_UNIT ( * ) SI_UNIT ( $, .STERADIAN. ) SOLID_ANGLE_UNIT ( ) );
#2077 = DIRECTION ( 'NONE',  ( 0.9963139932601037252, 0.08578127321336566358, 0.000000000000000000 ) ) ;
#2078 = VERTEX_POINT ( 'NONE', #275 ) ;
#2079 = ORIENTED_EDGE ( 'NONE', *, *, #2157, .T. ) ;
#2080 = DIRECTION ( 'NONE',  ( -0.9165151389911679880, 0.4000000000000000222, 0.000000000000000000 ) ) ;
#2081 = AXIS2_PLACEMENT_3D ( 'NONE', #2272, #3024, #2797 ) ;
#2082 = VECTOR ( 'NONE', #1412, 1000.000000000000000 ) ;
#2083 = LINE ( 'NONE', #1318, #1091 ) ;
#2084 = EDGE_CURVE ( 'NONE', #2476, #97, #2029, .T. ) ;
#2085 = ORIENTED_EDGE ( 'NONE', *, *, #2428, .T. ) ;
#2086 = DIRECTION ( 'NONE',  ( 0.000000000000000000, 0.000000000000000000, 1.000000000000000000 ) ) ;
#2087 = DIRECTION ( 'NONE',  ( 0.000000000000000000, 0.000000000000000000, -1.000000000000000000 ) ) ;
#2088 = VECTOR ( 'NONE', #486, 1000.000000000000000 ) ;
#2089 = AXIS2_PLACEMENT_3D ( 'NONE', #117, #1860, #2101 ) ;
#2090 = SURFACE_SIDE_STYLE ('',( #2615 ) ) ;
#2091 =( NAMED_UNIT ( * ) PLANE_ANGLE_UNIT ( ) SI_UNIT ( $, .RADIAN. ) );
#2092 = ADVANCED_FACE ( 'NONE', ( #342 ), #854, .T. ) ;
#2093 = FACE_OUTER_BOUND ( 'NONE', #2360, .T. ) ;
#2094 = ORIENTED_EDGE ( 'NONE', *, *, #1381, .T. ) ;
#2095 = EDGE_LOOP ( 'NONE', ( #528, #3159, #1727, #300 ) ) ;
#2096 = CARTESIAN_POINT ( 'NONE',  ( 31.18059151853480060, 7.124913129931869982, 38.10000000000000142 ) ) ;
#2097 = EDGE_LOOP ( 'NONE', ( #2374, #659, #816, #1959 ) ) ;
#2098 = LINE ( 'NONE', #3098, #1399 ) ;
#2099 = ORIENTED_EDGE ( 'NONE', *, *, #299, .T. ) ;
#2100 = EDGE_CURVE ( 'NONE', #2261, #2999, #2636, .T. ) ;
#2101 = DIRECTION ( 'NONE',  ( 0.8900314912678286561, -0.4558990508342443682, 0.000000000000000000 ) ) ;
#2102 = FACE_BOUND ( 'NONE', #2354, .T. ) ;
#2103 = DIRECTION ( 'NONE',  ( 0.000000000000000000, 0.000000000000000000, 1.000000000000000000 ) ) ;
#2104 = EDGE_CURVE ( 'NONE', #2869, #2714, #2620, .T. ) ;
#2105 = EDGE_CURVE ( 'NONE', #2798, #2574, #1185, .T. ) ;
#2106 = CARTESIAN_POINT ( 'NONE',  ( 34.50000000000000000, 12.30000000000000071, 0.000000000000000000 ) ) ;
#2107 = ORIENTED_EDGE ( 'NONE', *, *, #2899, .F. ) ;
#2108 = EDGE_LOOP ( 'NONE', ( #1042, #3139, #2924, #2575 ) ) ;
#2109 = CYLINDRICAL_SURFACE ( 'NONE', #3033, 0.3999999999999999112 ) ;
#2110 = CARTESIAN_POINT ( 'NONE',  ( 4.527444000752350206, 10.01763148885780019, 0.000000000000000000 ) ) ;
#2111 = DIRECTION ( 'NONE',  ( -0.8577821278526756021, -0.5140134445095146942, 0.000000000000000000 ) ) ;
#2112 = EDGE_CURVE ( 'NONE', #783, #3112, #2329, .T. ) ;
#2113 = VERTEX_POINT ( 'NONE', #3078 ) ;
#2114 = CYLINDRICAL_SURFACE ( 'NONE', #2089, 0.3999999999999996891 ) ;
#2115 = FACE_OUTER_BOUND ( 'NONE', #2561, .T. ) ;
#2116 = VECTOR ( 'NONE', #1597, 1000.000000000000000 ) ;
#2117 = CARTESIAN_POINT ( 'NONE',  ( 0.6225559992476510374, 0.06763148885780499719, 38.10000000000000142 ) ) ;
#2118 = CARTESIAN_POINT ( 'NONE',  ( 31.02269696917090158, 7.379999999999999893, 38.10000000000000142 ) ) ;
#2119 = CARTESIAN_POINT ( 'NONE',  ( 7.306887148858939973, 4.055605377803820133, 38.10000000000000142 ) ) ;
#2120 = VECTOR ( 'NONE', #257, 1000.000000000000000 ) ;
#2121 = ORIENTED_EDGE ( 'NONE', *, *, #428, .F. ) ;
#2122 = AXIS2_PLACEMENT_3D ( 'NONE', #3049, #1798, #813 ) ;
#2123 = DIRECTION ( 'NONE',  ( 1.000000000000000000, 0.000000000000000000, 0.000000000000000000 ) ) ;
#2124 = EDGE_CURVE ( 'NONE', #1195, #1251, #3104, .T. ) ;
#2125 = EDGE_LOOP ( 'NONE', ( #2796, #2919, #2531, #301 ) ) ;
#2126 = EDGE_LOOP ( 'NONE', ( #1657, #286, #3146, #3064 ) ) ;
#2127 = DIRECTION ( 'NONE',  ( 0.000000000000000000, 1.000000000000000000, 0.000000000000000000 ) ) ;
#2128 = CARTESIAN_POINT ( 'NONE',  ( 8.750000000000000000, 12.30000000000000071, 38.10000000000000142 ) ) ;
#2129 = ORIENTED_EDGE ( 'NONE', *, *, #2358, .F. ) ;
#2130 = DIRECTION ( 'NONE',  ( 0.000000000000000000, 0.000000000000000000, 1.000000000000000000 ) ) ;
#2131 = EDGE_LOOP ( 'NONE', ( #371, #2145, #2042, #2030 ) ) ;
#2132 = VECTOR ( 'NONE', #2604, 1000.000000000000114 ) ;
#2133 = DIRECTION ( 'NONE',  ( -0.8577821278526506221, -0.5140134445095564386, 0.000000000000000000 ) ) ;
#2134 = DIRECTION ( 'NONE',  ( 0.000000000000000000, -1.000000000000000000, 0.000000000000000000 ) ) ;
#2135 = LINE ( 'NONE', #3171, #141 ) ;
#2136 = VECTOR ( 'NONE', #156, 1000.000000000000114 ) ;
#2137 = AXIS2_PLACEMENT_3D ( 'NONE', #1871, #2657, #2885 ) ;
#2138 = DIRECTION ( 'NONE',  ( 0.000000000000000000, 0.000000000000000000, 1.000000000000000000 ) ) ;
#2139 = AXIS2_PLACEMENT_3D ( 'NONE', #733, #2696, #1497 ) ;
#2140 = CARTESIAN_POINT ( 'NONE',  ( 0.1481950538469299916, 0.7107961857759029778, 38.10000000000000142 ) ) ;
#2141 = VECTOR ( 'NONE', #2331, 1000.000000000000000 ) ;
#2142 = ORIENTED_EDGE ( 'NONE', *, *, #3072, .F. ) ;
#2143 = EDGE_CURVE ( 'NONE', #917, #981, #579, .T. ) ;
#2144 = CARTESIAN_POINT ( 'NONE',  ( 5.106012596507130574, 10.53235962033370043, 0.000000000000000000 ) ) ;
#2145 = ORIENTED_EDGE ( 'NONE', *, *, #1586, .F. ) ;
#2146 = ORIENTED_EDGE ( 'NONE', *, *, #146, .T. ) ;
#2147 = LINE ( 'NONE', #1704, #1829 ) ;
#2148 = DIRECTION ( 'NONE',  ( 0.8502895668937718865, -0.5263151645464928530, 0.000000000000000000 ) ) ;
#2149 = ORIENTED_EDGE ( 'NONE', *, *, #2963, .T. ) ;
#2150 = FACE_OUTER_BOUND ( 'NONE', #1841, .T. ) ;
#2151 = ADVANCED_FACE ( 'NONE', ( #2324 ), #352, .T. ) ;
#2152 = ORIENTED_EDGE ( 'NONE', *, *, #661, .F. ) ;
#2153 = ORIENTED_EDGE ( 'NONE', *, *, #2977, .T. ) ;
#2154 = CYLINDRICAL_SURFACE ( 'NONE', #1282, 0.3000000000000008771 ) ;
#2155 = FACE_OUTER_BOUND ( 'NONE', #2737, .T. ) ;
#2156 = CYLINDRICAL_SURFACE ( 'NONE', #3097, 1.600000000000000755 ) ;
#2157 = EDGE_CURVE ( 'NONE', #981, #2798, #2833, .T. ) ;
#2158 = CARTESIAN_POINT ( 'NONE',  ( 31.18059151853480060, 5.575086870068130196, 0.000000000000000000 ) ) ;
#2159 = LINE ( 'NONE', #3155, #1782 ) ;
#2160 = EDGE_LOOP ( 'NONE', ( #1123, #169, #2526, #2301 ) ) ;
#2161 = CARTESIAN_POINT ( 'NONE',  ( 12.05000000000000071, 7.100000000003220180, 0.000000000000000000 ) ) ;
#2162 = ADVANCED_FACE ( 'NONE', ( #870, #95, #1611, #637 ), #621, .T. ) ;
#2163 = EDGE_LOOP ( 'NONE', ( #316, #2107, #2993, #2661 ) ) ;
#2164 = EDGE_LOOP ( 'NONE', ( #2848, #2142, #599, #1255 ) ) ;
#2165 = CARTESIAN_POINT ( 'NONE',  ( 26.14999999999999858, 12.30000000000000071, 0.000000000000000000 ) ) ;
#2166 = LINE ( 'NONE', #2431, #2607 ) ;
#2167 = VERTEX_POINT ( 'NONE', #1840 ) ;
#2168 = CARTESIAN_POINT ( 'NONE',  ( 4.750000000000000000, 2.350000000000000089, 0.000000000000000000 ) ) ;
#2169 = ORIENTED_EDGE ( 'NONE', *, *, #1469, .T. ) ;
#2170 = DIRECTION ( 'NONE',  ( 0.000000000000000000, 0.000000000000000000, 1.000000000000000000 ) ) ;
#2171 = CARTESIAN_POINT ( 'NONE',  ( 19.05000000000000071, 7.100000000003220180, 25.39999999999999858 ) ) ;
#2172 = DIRECTION ( 'NONE',  ( 0.9165151389911631030, 0.4000000000000110689, 0.000000000000000000 ) ) ;
#2173 = DIRECTION ( 'NONE',  ( 0.000000000000000000, 0.000000000000000000, 1.000000000000000000 ) ) ;
#2174 = EDGE_CURVE ( 'NONE', #3081, #457, #598, .T. ) ;
#2175 = LINE ( 'NONE', #950, #444 ) ;
#2176 = DIRECTION ( 'NONE',  ( 0.000000000000000000, 0.000000000000000000, -1.000000000000000000 ) ) ;
#2177 = AXIS2_PLACEMENT_3D ( 'NONE', #2192, #928, #1712 ) ;
#2178 = ORIENTED_EDGE ( 'NONE', *, *, #881, .T. ) ;
#2179 = AXIS2_PLACEMENT_3D ( 'NONE', #1060, #2245, #1302 ) ;
#2180 = CARTESIAN_POINT ( 'NONE',  ( 9.500000000000000000, 7.100000000003220180, 38.10000000000000142 ) ) ;
#2181 = EDGE_CURVE ( 'NONE', #570, #2798, #1852, .T. ) ;
#2182 = EDGE_LOOP ( 'NONE', ( #213, #454, #937, #2355 ) ) ;
#2183 = DIRECTION ( 'NONE',  ( 0.000000000000000000, 0.000000000000000000, -1.000000000000000000 ) ) ;
#2184 = CYLINDRICAL_SURFACE ( 'NONE', #1833, 0.2999999999999996003 ) ;
#2185 = VERTEX_POINT ( 'NONE', #3120 ) ;
#2186 = PLANE ( 'NONE',  #1462 ) ;
#2187 = ORIENTED_EDGE ( 'NONE', *, *, #2105, .F. ) ;
#2188 = DIRECTION ( 'NONE',  ( -0.6464421993858188165, -0.7629629629629640641, 0.000000000000000000 ) ) ;
#2189 = CARTESIAN_POINT ( 'NONE',  ( 22.34999999999999787, 5.599999999999999645, 4.500000000000000000 ) ) ;
#2190 = CIRCLE ( 'NONE', #961, 0.3999999999999994671 ) ;
#2191 = EDGE_CURVE ( 'NONE', #781, #556, #900, .T. ) ;
#2192 = CARTESIAN_POINT ( 'NONE',  ( 32.66000000000000369, 9.283393944403540488, 0.000000000000000000 ) ) ;
#2193 = LINE ( 'NONE', #929, #3181 ) ;
#2194 = PLANE ( 'NONE',  #2469 ) ;
#2195 = CARTESIAN_POINT ( 'NONE',  ( 0.4000000000000000222, 9.650000000000000355, 0.000000000000000000 ) ) ;
#2196 = AXIS2_PLACEMENT_3D ( 'NONE', #1546, #99, #55 ) ;
#2197 = VECTOR ( 'NONE', #2708, 1000.000000000000000 ) ;
#2198 = ORIENTED_EDGE ( 'NONE', *, *, #1396, .F. ) ;
#2199 = CIRCLE ( 'NONE', #808, 0.4000000000000004108 ) ;
#2200 = VECTOR ( 'NONE', #2292, 1000.000000000000000 ) ;
#2201 = CARTESIAN_POINT ( 'NONE',  ( 28.94999999999999929, 5.620000000000000107, 38.10000000000000142 ) ) ;
#2202 = EDGE_CURVE ( 'NONE', #751, #1800, #2367, .T. ) ;
#2203 = VECTOR ( 'NONE', #2550, 1000.000000000000000 ) ;
#2204 = ORIENTED_EDGE ( 'NONE', *, *, #935, .T. ) ;
#2205 = CARTESIAN_POINT ( 'NONE',  ( 4.750000000000000000, 6.349999999999999645, 0.000000000000000000 ) ) ;
#2206 = DIRECTION ( 'NONE',  ( -0.5563899981191248179, -0.8309212778554898593, 0.000000000000000000 ) ) ;
#2207 = ORIENTED_EDGE ( 'NONE', *, *, #947, .T. ) ;
#2208 = PLANE ( 'NONE',  #1309 ) ;
#2209 = VERTEX_POINT ( 'NONE', #1883 ) ;
#2210 = FACE_OUTER_BOUND ( 'NONE', #2108, .T. ) ;
#2211 = CARTESIAN_POINT ( 'NONE',  ( 22.84999999999999787, 5.599999999999999645, 6.500000000000000000 ) ) ;
#2212 = CARTESIAN_POINT ( 'NONE',  ( 4.750000000000000000, 6.349999999999999645, 38.10000000000000142 ) ) ;
#2213 = CARTESIAN_POINT ( 'NONE',  ( 22.84999999999999787, 7.100000000003220180, 6.500000000000000000 ) ) ;
#2214 = PRODUCT_DEFINITION ( 'UNKNOWN', '', #1007, #262 ) ;
#2215 = LINE ( 'NONE', #3153, #2404 ) ;
#2216 = DIRECTION ( 'NONE',  ( 0.000000000000000000, 0.000000000000000000, 1.000000000000000000 ) ) ;
#2217 = VERTEX_POINT ( 'NONE', #364 ) ;
#2218 = CARTESIAN_POINT ( 'NONE',  ( 17.44999999999999929, 5.599999999999999645, 25.39999999999999858 ) ) ;
#2219 = VECTOR ( 'NONE', #2705, 1000.000000000000000 ) ;
#2220 = ORIENTED_EDGE ( 'NONE', *, *, #2350, .T. ) ;
#2221 = ADVANCED_FACE ( 'NONE', ( #2093 ), #1824, .T. ) ;
#2222 = CARTESIAN_POINT ( 'NONE',  ( 29.79398740349289909, 2.167640379666309958, 0.000000000000000000 ) ) ;
#2223 = EDGE_LOOP ( 'NONE', ( #1756, #673, #2658, #2807 ) ) ;
#2224 = LINE ( 'NONE', #93, #1568 ) ;
#2225 = ORIENTED_EDGE ( 'NONE', *, *, #3186, .F. ) ;
#2226 = VERTEX_POINT ( 'NONE', #653 ) ;
#2227 = ORIENTED_EDGE ( 'NONE', *, *, #1373, .T. ) ;
#2228 = DIRECTION ( 'NONE',  ( 0.000000000000000000, 0.000000000000000000, 1.000000000000000000 ) ) ;
#2229 = CARTESIAN_POINT ( 'NONE',  ( 22.84999999999999787, 5.599999999999999645, 0.000000000000000000 ) ) ;
#2230 = DIRECTION ( 'NONE',  ( 1.000000000000000000, 0.000000000000000000, 0.000000000000000000 ) ) ;
#2231 = UNCERTAINTY_MEASURE_WITH_UNIT (LENGTH_MEASURE( 1.000000000000000082E-05 ), #2616, 'distance_accuracy_value', 'NONE');
#2232 = CARTESIAN_POINT ( 'NONE',  ( 34.50000000000000000, 3.050000000000000266, 0.000000000000000000 ) ) ;
#2233 = VERTEX_POINT ( 'NONE', #2573 ) ;
#2234 = PLANE ( 'NONE',  #2762 ) ;
#2235 = ORIENTED_EDGE ( 'NONE', *, *, #1285, .F. ) ;
#2236 = DIRECTION ( 'NONE',  ( 0.000000000000000000, 0.000000000000000000, 1.000000000000000000 ) ) ;
#2237 = AXIS2_PLACEMENT_3D ( 'NONE', #108, #1627, #2123 ) ;
#2238 = VERTEX_POINT ( 'NONE', #1138 ) ;
#2239 = VECTOR ( 'NONE', #908, 1000.000000000000000 ) ;
#2240 = VERTEX_POINT ( 'NONE', #2601 ) ;
#2241 = VERTEX_POINT ( 'NONE', #5 ) ;
#2242 = DIRECTION ( 'NONE',  ( 0.7187795148233466769, 0.6952380952381094215, 0.000000000000000000 ) ) ;
#2243 = MECHANICAL_DESIGN_GEOMETRIC_PRESENTATION_REPRESENTATION (  '', ( #1982 ), #1776 ) ;
#2244 = VERTEX_POINT ( 'NONE', #2201 ) ;
#2245 = DIRECTION ( 'NONE',  ( -0.000000000000000000, 1.000000000000000000, 0.000000000000000000 ) ) ;
#2246 = CYLINDRICAL_SURFACE ( 'NONE', #1264, 0.4000000000000298872 ) ;
#2247 = CARTESIAN_POINT ( 'NONE',  ( 5.504718490564530775, 7.080000000000000071, 0.000000000000000000 ) ) ;
#2248 = DIRECTION ( 'NONE',  ( 0.000000000000000000, 0.000000000000000000, 1.000000000000000000 ) ) ;
#2249 = AXIS2_PLACEMENT_3D ( 'NONE', #1187, #2435, #985 ) ;
#2250 = ORIENTED_EDGE ( 'NONE', *, *, #1873, .T. ) ;
#2251 = AXIS2_PLACEMENT_3D ( 'NONE', #112, #873, #2080 ) ;
#2252 = AXIS2_PLACEMENT_3D ( 'NONE', #322, #565, #1479 ) ;
#2253 = VECTOR ( 'NONE', #2406, 1000.000000000000000 ) ;
#2254 = ORIENTED_EDGE ( 'NONE', *, *, #573, .T. ) ;
#2255 = ADVANCED_FACE ( 'NONE', ( #918 ), #1217, .T. ) ;
#2256 = AXIS2_PLACEMENT_3D ( 'NONE', #2019, #1538, #561 ) ;
#2257 = ORIENTED_EDGE ( 'NONE', *, *, #2777, .F. ) ;
#2258 = CIRCLE ( 'NONE', #298, 1.600000000000000755 ) ;
#2259 = VERTEX_POINT ( 'NONE', #207 ) ;
#2260 = CARTESIAN_POINT ( 'NONE',  ( 0.1481950538469279932, 11.98920381422409953, 0.000000000000000000 ) ) ;
#2261 = VERTEX_POINT ( 'NONE', #2409 ) ;
#2262 = LINE ( 'NONE', #1985, #1566 ) ;
#2263 = EDGE_CURVE ( 'NONE', #3081, #192, #3111, .T. ) ;
#2264 = DIRECTION ( 'NONE',  ( 0.000000000000000000, 0.000000000000000000, 1.000000000000000000 ) ) ;
#2265 = EDGE_CURVE ( 'NONE', #2209, #781, #2468, .T. ) ;
#2266 = DIRECTION ( 'NONE',  ( -0.4000000000000007994, -0.9165151389911676549, 0.000000000000000000 ) ) ;
#2267 = ORIENTED_EDGE ( 'NONE', *, *, #1487, .F. ) ;
#2268 = CARTESIAN_POINT ( 'NONE',  ( 7.649999999999999467, 3.850000000000000089, 38.10000000000000142 ) ) ;
#2269 = EDGE_CURVE ( 'NONE', #729, #952, #455, .T. ) ;
#2270 = ORIENTED_EDGE ( 'NONE', *, *, #2281, .T. ) ;
#2271 = ORIENTED_EDGE ( 'NONE', *, *, #2963, .F. ) ;
#2272 = CARTESIAN_POINT ( 'NONE',  ( 4.649999999999999467, 12.30000000000000071, 0.000000000000000000 ) ) ;
#2273 = ORIENTED_EDGE ( 'NONE', *, *, #1093, .T. ) ;
#2274 = DIRECTION ( 'NONE',  ( 0.000000000000000000, 0.000000000000000000, 1.000000000000000000 ) ) ;
#2275 = CARTESIAN_POINT ( 'NONE',  ( 34.71052606581859834, 3.390115826757510220, 38.10000000000000142 ) ) ;
#2276 = LINE ( 'NONE', #1971, #2467 ) ;
#2277 = EDGE_CURVE ( 'NONE', #2869, #2781, #1940, .T. ) ;
#2278 = VERTEX_POINT ( 'NONE', #975 ) ;
#2279 = CARTESIAN_POINT ( 'NONE',  ( 34.50000000000000000, 9.650000000000000355, 0.000000000000000000 ) ) ;
#2280 = CARTESIAN_POINT ( 'NONE',  ( 34.27744400075229692, 0.06763148885780601027, 0.000000000000000000 ) ) ;
#2281 = EDGE_CURVE ( 'NONE', #2534, #2021, #1303, .T. ) ;
#2282 = VECTOR ( 'NONE', #725, 999.9999999999998863 ) ;
#2283 = ORIENTED_EDGE ( 'NONE', *, *, #1077, .T. ) ;
#2284 = VERTEX_POINT ( 'NONE', #934 ) ;
#2285 = DIRECTION ( 'NONE',  ( 0.4558990508342467551, -0.8900314912678275459, 0.000000000000000000 ) ) ;
#2286 = ORIENTED_EDGE ( 'NONE', *, *, #1863, .T. ) ;
#2287 = LINE ( 'NONE', #1246, #2812 ) ;
#2288 = AXIS2_PLACEMENT_3D ( 'NONE', #1904, #1707, #2699 ) ;
#2289 = AXIS2_PLACEMENT_3D ( 'NONE', #3058, #835, #1585 ) ;
#2290 = EDGE_CURVE ( 'NONE', #97, #2915, #714, .T. ) ;
#2291 = FACE_OUTER_BOUND ( 'NONE', #2545, .T. ) ;
#2292 = DIRECTION ( 'NONE',  ( 0.000000000000000000, 0.000000000000000000, 1.000000000000000000 ) ) ;
#2293 = VERTEX_POINT ( 'NONE', #2712 ) ;
#2294 = FACE_OUTER_BOUND ( 'NONE', #2410, .T. ) ;
#2295 = AXIS2_PLACEMENT_3D ( 'NONE', #1086, #334, #562 ) ;
#2296 = DIRECTION ( 'NONE',  ( -1.000000000000000000, 0.000000000000000000, 0.000000000000000000 ) ) ;
#2297 = EDGE_CURVE ( 'NONE', #1301, #2676, #1702, .T. ) ;
#2298 = LINE ( 'NONE', #84, #564 ) ;
#2299 = AXIS2_PLACEMENT_3D ( 'NONE', #1710, #2701, #1464 ) ;
#2300 = VECTOR ( 'NONE', #3109, 1000.000000000000000 ) ;
#2301 = ORIENTED_EDGE ( 'NONE', *, *, #3165, .T. ) ;
#2302 = VERTEX_POINT ( 'NONE', #472 ) ;
#2303 = DIRECTION ( 'NONE',  ( -1.000000000000000000, 0.000000000000000000, 0.000000000000000000 ) ) ;
#2304 = VECTOR ( 'NONE', #824, 999.9999999999998863 ) ;
#2305 = VECTOR ( 'NONE', #575, 1000.000000000000114 ) ;
#2306 = CARTESIAN_POINT ( 'NONE',  ( 4.527444000752350206, 10.01763148885780019, 0.000000000000000000 ) ) ;
#2307 = AXIS2_PLACEMENT_3D ( 'NONE', #74, #1024, #1036 ) ;
#2308 = CARTESIAN_POINT ( 'NONE',  ( 26.54852559730399975, 12.33431250928529899, 38.10000000000000142 ) ) ;
#2309 = PLANE ( 'NONE',  #2295 ) ;
#2310 = DIRECTION ( 'NONE',  ( 0.000000000000000000, 0.000000000000000000, 1.000000000000000000 ) ) ;
#2311 = CARTESIAN_POINT ( 'NONE',  ( 34.75180494615310778, 0.7107961857759079738, 38.10000000000000142 ) ) ;
#2312 = CARTESIAN_POINT ( 'NONE',  ( 32.66000000000000369, 3.416606055596469904, 0.000000000000000000 ) ) ;
#2313 = ADVANCED_FACE ( 'NONE', ( #190 ), #2653, .T. ) ;
#2314 = VERTEX_POINT ( 'NONE', #1454 ) ;
#2315 = ORIENTED_EDGE ( 'NONE', *, *, #789, .F. ) ;
#2316 = LINE ( 'NONE', #1801, #1319 ) ;
#2317 = VECTOR ( 'NONE', #1130, 1000.000000000000000 ) ;
#2318 = LINE ( 'NONE', #2306, #1003 ) ;
#2319 = CYLINDRICAL_SURFACE ( 'NONE', #765, 0.3999999999999994671 ) ;
#2320 = FACE_OUTER_BOUND ( 'NONE', #678, .T. ) ;
#2321 = DIRECTION ( 'NONE',  ( -0.8577821278526516213, -0.5140134445095548843, 0.000000000000000000 ) ) ;
#2322 = DIRECTION ( 'NONE',  ( 0.000000000000000000, 0.000000000000000000, 1.000000000000000000 ) ) ;
#2323 = EDGE_CURVE ( 'NONE', #552, #529, #3059, .T. ) ;
#2324 = FACE_OUTER_BOUND ( 'NONE', #1444, .T. ) ;
#2325 = ORIENTED_EDGE ( 'NONE', *, *, #585, .F. ) ;
#2326 = VERTEX_POINT ( 'NONE', #2144 ) ;
#2327 = CARTESIAN_POINT ( 'NONE',  ( 30.25000000000000000, 12.30000000000000071, 38.10000000000000142 ) ) ;
#2328 = CARTESIAN_POINT ( 'NONE',  ( 30.37255599924770166, 10.01763148885780019, 0.000000000000000000 ) ) ;
#2329 = CIRCLE ( 'NONE', #2025, 0.4000000000000017986 ) ;
#2330 = CIRCLE ( 'NONE', #2444, 0.3999999999999996891 ) ;
#2331 = DIRECTION ( 'NONE',  ( 0.000000000000000000, -1.000000000000000000, 0.000000000000000000 ) ) ;
#2332 = CARTESIAN_POINT ( 'NONE',  ( 0.1894739341814030142, 3.390115826757510220, 0.000000000000000000 ) ) ;
#2333 = EDGE_CURVE ( 'NONE', #729, #1742, #2957, .T. ) ;
#2334 = CARTESIAN_POINT ( 'NONE',  ( 30.82876430935509759, 5.548888888888889426, 0.000000000000000000 ) ) ;
#2335 = AXIS2_PLACEMENT_3D ( 'NONE', #2106, #2585, #1092 ) ;
#2336 = DIRECTION ( 'NONE',  ( 0.000000000000000000, 0.000000000000000000, 1.000000000000000000 ) ) ;
#2337 = EDGE_CURVE ( 'NONE', #2113, #367, #1196, .T. ) ;
#2338 = ORIENTED_EDGE ( 'NONE', *, *, #152, .F. ) ;
#2339 = ORIENTED_EDGE ( 'NONE', *, *, #690, .T. ) ;
#2340 = CARTESIAN_POINT ( 'NONE',  ( 2.239999999999999769, 9.283393944403529829, 0.000000000000000000 ) ) ;
#2341 = VECTOR ( 'NONE', #1083, 1000.000000000000000 ) ;
#2342 = AXIS2_PLACEMENT_3D ( 'NONE', #2510, #792, #1005 ) ;
#2343 = DIRECTION ( 'NONE',  ( 0.000000000000000000, 0.000000000000000000, -1.000000000000000000 ) ) ;
#2344 = CIRCLE ( 'NONE', #380, 0.4000000000000001332 ) ;
#2345 = AXIS2_PLACEMENT_3D ( 'NONE', #846, #1930, #3115 ) ;
#2346 = ORIENTED_EDGE ( 'NONE', *, *, #1764, .T. ) ;
#2347 = CARTESIAN_POINT ( 'NONE',  ( 12.05000000000000071, 5.599999999999999645, 5.366025403784440151 ) ) ;
#2348 = DIRECTION ( 'NONE',  ( -0.5563899981191248179, -0.8309212778554898593, 0.000000000000000000 ) ) ;
#2349 = VECTOR ( 'NONE', #372, 1000.000000000000000 ) ;
#2350 = EDGE_CURVE ( 'NONE', #1406, #909, #1682, .T. ) ;
#2351 = ADVANCED_FACE ( 'NONE', ( #2386 ), #2733, .T. ) ;
#2352 = CARTESIAN_POINT ( 'NONE',  ( 4.071235690644890326, 7.151111111111110752, 0.000000000000000000 ) ) ;
#2353 = CARTESIAN_POINT ( 'NONE',  ( 27.25000000000000000, 8.849999999999999645, 38.10000000000000142 ) ) ;
#2354 = EDGE_LOOP ( 'NONE', ( #1547, #385 ) ) ;
#2355 = ORIENTED_EDGE ( 'NONE', *, *, #2706, .T. ) ;
#2356 = CARTESIAN_POINT ( 'NONE',  ( 15.84999999999999964, 6.350000000001609912, 13.50000000000000000 ) ) ;
#2357 = LINE ( 'NONE', #1688, #2927 ) ;
#2358 = EDGE_CURVE ( 'NONE', #3166, #3012, #1437, .T. ) ;
#2359 = CARTESIAN_POINT ( 'NONE',  ( 25.75089837365139900, 0.3732064961997069719, 0.000000000000000000 ) ) ;
#2360 = EDGE_LOOP ( 'NONE', ( #872, #1400, #1724, #1740 ) ) ;
#2361 = LINE ( 'NONE', #1321, #708 ) ;
#2362 = DIRECTION ( 'NONE',  ( 0.000000000000000000, 0.000000000000000000, -1.000000000000000000 ) ) ;
#2363 = CARTESIAN_POINT ( 'NONE',  ( 34.75180494615310778, 11.98920381422409953, 0.000000000000000000 ) ) ;
#2364 = EDGE_CURVE ( 'NONE', #1420, #1502, #672, .T. ) ;
#2365 = CYLINDRICAL_SURFACE ( 'NONE', #2992, 0.3999999999999996891 ) ;
#2366 = CARTESIAN_POINT ( 'NONE',  ( 30.14999999999999858, 10.34999999999999964, 19.05000000000000071 ) ) ;
#2367 = LINE ( 'NONE', #839, #836 ) ;
#2368 = EDGE_LOOP ( 'NONE', ( #1485, #1460, #770, #3141, #2283, #53, #296, #2432, #2153, #1183, #639, #2940, #2976, #1629 ) ) ;
#2369 = ORIENTED_EDGE ( 'NONE', *, *, #1120, .F. ) ;
#2370 = DIRECTION ( 'NONE',  ( 0.000000000000000000, 0.000000000000000000, -1.000000000000000000 ) ) ;
#2371 = CARTESIAN_POINT ( 'NONE',  ( 30.37255599924770166, 10.01763148885780019, 0.000000000000000000 ) ) ;
#2372 = VERTEX_POINT ( 'NONE', #1252 ) ;
#2373 = DIRECTION ( 'NONE',  ( 0.000000000000000000, 0.000000000000000000, -1.000000000000000000 ) ) ;
#2374 = ORIENTED_EDGE ( 'NONE', *, *, #1785, .T. ) ;
#2375 = DIRECTION ( 'NONE',  ( 0.5263151645464946293, 0.8502895668937707763, 0.000000000000000000 ) ) ;
#2376 = CARTESIAN_POINT ( 'NONE',  ( 15.84999999999999964, 5.599999999999999645, 25.39999999999999858 ) ) ;
#2377 = LINE ( 'NONE', #148, #2317 ) ;
#2378 = ADVANCED_FACE ( 'NONE', ( #1494 ), #2234, .T. ) ;
#2379 = AXIS2_PLACEMENT_3D ( 'NONE', #2212, #664, #1391 ) ;
#2380 = DIRECTION ( 'NONE',  ( 1.000000000000000000, 0.000000000000000000, 0.000000000000000000 ) ) ;
#2381 = CARTESIAN_POINT ( 'NONE',  ( 25.75089837365139900, 0.3732064961997069719, 38.10000000000000142 ) ) ;
#2382 = CARTESIAN_POINT ( 'NONE',  ( 5.106012596507130574, 2.167640379666299744, 0.000000000000000000 ) ) ;
#2383 = VECTOR ( 'NONE', #1261, 1000.000000000000000 ) ;
#2384 = ORIENTED_EDGE ( 'NONE', *, *, #2747, .T. ) ;
#2385 = CIRCLE ( 'NONE', #2122, 0.9999999999999991118 ) ;
#2386 = FACE_OUTER_BOUND ( 'NONE', #2163, .T. ) ;
#2387 = VERTEX_POINT ( 'NONE', #1892 ) ;
#2388 = ORIENTED_EDGE ( 'NONE', *, *, #2741, .F. ) ;
#2389 = CARTESIAN_POINT ( 'NONE',  ( 25.75089837365139900, 0.3732064961997069719, 38.10000000000000142 ) ) ;
#2390 = EDGE_CURVE ( 'NONE', #2837, #1111, #407, .T. ) ;
#2391 = CARTESIAN_POINT ( 'NONE',  ( 25.39999999999999858, 5.599999999999999645, 0.000000000000000000 ) ) ;
#2392 = EDGE_LOOP ( 'NONE', ( #3207, #2465, #2417, #2414 ) ) ;
#2393 = DIRECTION ( 'NONE',  ( -0.8502895668937718865, 0.5263151645464928530, 0.000000000000000000 ) ) ;
#2394 = CIRCLE ( 'NONE', #2249, 0.3999999999999999667 ) ;
#2395 = ORIENTED_EDGE ( 'NONE', *, *, #2747, .F. ) ;
#2396 = ORIENTED_EDGE ( 'NONE', *, *, #1030, .F. ) ;
#2397 = CIRCLE ( 'NONE', #2081, 0.3999999999999994671 ) ;
#2398 = CARTESIAN_POINT ( 'NONE',  ( 2.651804946153069942, 9.960796185775901534, 0.000000000000000000 ) ) ;
#2399 = CARTESIAN_POINT ( 'NONE',  ( 8.750000000000000000, 12.30000000000000071, 0.000000000000000000 ) ) ;
#2400 = LINE ( 'NONE', #1172, #1755 ) ;
#2401 = AXIS2_PLACEMENT_3D ( 'NONE', #1567, #2716, #2697 ) ;
#2402 = AXIS2_PLACEMENT_3D ( 'NONE', #402, #459, #1902 ) ;
#2403 = CARTESIAN_POINT ( 'NONE',  ( 5.106012596507130574, 10.53235962033370043, 0.000000000000000000 ) ) ;
#2404 = VECTOR ( 'NONE', #727, 1000.000000000000000 ) ;
#2405 = EDGE_CURVE ( 'NONE', #2302, #2907, #1409, .T. ) ;
#2406 = DIRECTION ( 'NONE',  ( -0.5140134445095421167, 0.8577821278526592819, 0.000000000000000000 ) ) ;
#2407 = AXIS2_PLACEMENT_3D ( 'NONE', #447, #1170, #1446 ) ;
#2408 = ORIENTED_EDGE ( 'NONE', *, *, #2599, .F. ) ;
#2409 = CARTESIAN_POINT ( 'NONE',  ( 11.54999999999999893, 7.100000000003220180, 4.500000000000000000 ) ) ;
#2410 = EDGE_LOOP ( 'NONE', ( #3178, #524, #3180, #1071 ) ) ;
#2411 = ORIENTED_EDGE ( 'NONE', *, *, #248, .T. ) ;
#2412 = CARTESIAN_POINT ( 'NONE',  ( 4.649999999999999467, 12.30000000000000071, 38.10000000000000142 ) ) ;
#2413 = CARTESIAN_POINT ( 'NONE',  ( 34.27744400075229692, 0.06763148885780601027, 0.000000000000000000 ) ) ;
#2414 = ORIENTED_EDGE ( 'NONE', *, *, #1476, .T. ) ;
#2415 = LINE ( 'NONE', #644, #2072 ) ;
#2416 = EDGE_CURVE ( 'NONE', #671, #2907, #1951, .T. ) ;
#2417 = ORIENTED_EDGE ( 'NONE', *, *, #21, .T. ) ;
#2418 = ORIENTED_EDGE ( 'NONE', *, *, #608, .F. ) ;
#2419 = DIRECTION ( 'NONE',  ( 0.000000000000000000, 0.000000000000000000, -1.000000000000000000 ) ) ;
#2420 = CARTESIAN_POINT ( 'NONE',  ( 3.719408481465199756, 5.575086870068130196, 0.000000000000000000 ) ) ;
#2421 = CARTESIAN_POINT ( 'NONE',  ( 3.719408481465199756, 5.575086870068130196, 38.10000000000000142 ) ) ;
#2422 = CARTESIAN_POINT ( 'NONE',  ( 9.500000000000190070, 5.599999999999999645, 0.000000000000000000 ) ) ;
#2423 = CARTESIAN_POINT ( 'NONE',  ( 0.5599999999999999423, 10.01660605559650108, 38.10000000000000142 ) ) ;
#2424 = EDGE_CURVE ( 'NONE', #1572, #2314, #66, .T. ) ;
#2425 = EDGE_LOOP ( 'NONE', ( #1168, #403 ) ) ;
#2426 = DIRECTION ( 'NONE',  ( -0.6295123653826767418, 0.7769904644397556126, 0.000000000000000000 ) ) ;
#2427 = ORIENTED_EDGE ( 'NONE', *, *, #353, .F. ) ;
#2428 = EDGE_CURVE ( 'NONE', #2714, #344, #2950, .T. ) ;
#2429 = ORIENTED_EDGE ( 'NONE', *, *, #1844, .F. ) ;
#2430 = CARTESIAN_POINT ( 'NONE',  ( 0.6225559992476510374, 12.63236851114220016, 0.000000000000000000 ) ) ;
#2431 = CARTESIAN_POINT ( 'NONE',  ( 28.94999999999999929, 5.620000000000000107, 0.000000000000000000 ) ) ;
#2432 = ORIENTED_EDGE ( 'NONE', *, *, #789, .T. ) ;
#2433 = CARTESIAN_POINT ( 'NONE',  ( 34.34000000000000341, 10.01660605559650108, 38.10000000000000142 ) ) ;
#2434 = ORIENTED_EDGE ( 'NONE', *, *, #1336, .T. ) ;
#2435 = DIRECTION ( 'NONE',  ( 0.000000000000000000, 0.000000000000000000, 1.000000000000000000 ) ) ;
#2436 = DIRECTION ( 'NONE',  ( 0.000000000000000000, 1.000000000000000000, 0.000000000000000000 ) ) ;
#2437 = DIRECTION ( 'NONE',  ( 0.000000000000000000, 0.000000000000000000, -1.000000000000000000 ) ) ;
#2438 = CARTESIAN_POINT ( 'NONE',  ( 0.1894739341814030142, 9.309884173242489069, 0.000000000000000000 ) ) ;
#2439 = DIRECTION ( 'NONE',  ( 0.000000000000000000, -1.000000000000000000, 0.000000000000000000 ) ) ;
#2440 = ADVANCED_FACE ( 'NONE', ( #987 ), #1909, .T. ) ;
#2441 = DIRECTION ( 'NONE',  ( -0.8900314912678268797, 0.4558990508342478098, 0.000000000000000000 ) ) ;
#2442 = VECTOR ( 'NONE', #2065, 1000.000000000000000 ) ;
#2443 = EDGE_LOOP ( 'NONE', ( #2586, #1927, #355, #855 ) ) ;
#2444 = AXIS2_PLACEMENT_3D ( 'NONE', #404, #2923, #214 ) ;
#2445 = DIRECTION ( 'NONE',  ( -1.000000000000000000, 0.000000000000000000, 0.000000000000000000 ) ) ;
#2446 = CIRCLE ( 'NONE', #1667, 0.2999999999999997113 ) ;
#2447 = ORIENTED_EDGE ( 'NONE', *, *, #1010, .F. ) ;
#2448 = DIRECTION ( 'NONE',  ( -0.5263151645464938522, 0.8502895668937711093, 0.000000000000000000 ) ) ;
#2449 = PLANE ( 'NONE',  #36 ) ;
#2450 = ORIENTED_EDGE ( 'NONE', *, *, #3108, .T. ) ;
#2451 = CARTESIAN_POINT ( 'NONE',  ( 26.14999999999999858, 12.30000000000000071, 38.10000000000000142 ) ) ;
#2452 = ADVANCED_FACE ( 'NONE', ( #2155 ), #968, .T. ) ;
#2453 = ORIENTED_EDGE ( 'NONE', *, *, #2174, .F. ) ;
#2454 = DIRECTION ( 'NONE',  ( 1.000000000000000000, 0.000000000000000000, 0.000000000000000000 ) ) ;
#2455 = CARTESIAN_POINT ( 'NONE',  ( 32.24819505384689933, 2.739203814224099975, 0.000000000000000000 ) ) ;
#2456 = CIRCLE ( 'NONE', #382, 0.2999999999999996003 ) ;
#2457 = DIRECTION ( 'NONE',  ( 0.08578127321339093503, -0.9963139932601015047, 0.000000000000000000 ) ) ;
#2458 = PLANE ( 'NONE',  #654 ) ;
#2459 = CARTESIAN_POINT ( 'NONE',  ( 30.14999999999999858, 10.34999999999999964, 38.10000000000000142 ) ) ;
#2460 = DIRECTION ( 'NONE',  ( -0.6464421993858159299, -0.7629629629629662846, 0.000000000000000000 ) ) ;
#2461 = AXIS2_PLACEMENT_3D ( 'NONE', #329, #3043, #2303 ) ;
#2462 = VECTOR ( 'NONE', #1188, 1000.000000000000000 ) ;
#2463 = EDGE_CURVE ( 'NONE', #1825, #2781, #1347, .T. ) ;
#2464 = EDGE_CURVE ( 'NONE', #2837, #2387, #160, .T. ) ;
#2465 = ORIENTED_EDGE ( 'NONE', *, *, #2706, .F. ) ;
#2466 = CIRCLE ( 'NONE', #80, 0.3999999999999994671 ) ;
#2467 = VECTOR ( 'NONE', #864, 1000.000000000000000 ) ;
#2468 = LINE ( 'NONE', #2180, #1769 ) ;
#2469 = AXIS2_PLACEMENT_3D ( 'NONE', #2403, #3195, #204 ) ;
#2470 = ORIENTED_EDGE ( 'NONE', *, *, #374, .T. ) ;
#2471 = CARTESIAN_POINT ( 'NONE',  ( 15.84999999999999964, 6.350000000001609912, 25.39999999999999858 ) ) ;
#2472 = CARTESIAN_POINT ( 'NONE',  ( 0.5599999999999999423, 2.683393944403530185, 0.000000000000000000 ) ) ;
#2473 = EDGE_LOOP ( 'NONE', ( #23, #1919, #2958, #254 ) ) ;
#2474 = DIRECTION ( 'NONE',  ( 0.8900314912678273238, 0.4558990508342471437, 0.000000000000000000 ) ) ;
#2475 = ORIENTED_EDGE ( 'NONE', *, *, #782, .F. ) ;
#2476 = VERTEX_POINT ( 'NONE', #2665 ) ;
#2477 = ORIENTED_EDGE ( 'NONE', *, *, #2124, .T. ) ;
#2478 = DIRECTION ( 'NONE',  ( 0.000000000000000000, 0.000000000000000000, 1.000000000000000000 ) ) ;
#2479 = CYLINDRICAL_SURFACE ( 'NONE', #1805, 0.4000000000000001332 ) ;
#2480 = CARTESIAN_POINT ( 'NONE',  ( 34.27744400075229692, 12.63236851114220016, 38.10000000000000142 ) ) ;
#2481 = LINE ( 'NONE', #1037, #2197 ) ;
#2482 = ORIENTED_EDGE ( 'NONE', *, *, #3199, .T. ) ;
#2483 = VECTOR ( 'NONE', #1326, 1000.000000000000000 ) ;
#2484 = DIRECTION ( 'NONE',  ( -0.9977540658715191579, -0.06698375950073502672, 0.000000000000000000 ) ) ;
#2485 = VERTEX_POINT ( 'NONE', #1230 ) ;
#2486 = CARTESIAN_POINT ( 'NONE',  ( 31.18059151853480060, 5.575086870068130196, 38.10000000000000142 ) ) ;
#2487 = ORIENTED_EDGE ( 'NONE', *, *, #221, .F. ) ;
#2488 = ORIENTED_EDGE ( 'NONE', *, *, #92, .T. ) ;
#2489 = VERTEX_POINT ( 'NONE', #201 ) ;
#2490 = DIRECTION ( 'NONE',  ( 1.000000000000000000, 0.000000000000000000, 0.000000000000000000 ) ) ;
#2491 = VERTEX_POINT ( 'NONE', #1150 ) ;
#2492 = LINE ( 'NONE', #2535, #3020 ) ;
#2493 = DIRECTION ( 'NONE',  ( 0.000000000000000000, 0.000000000000000000, -1.000000000000000000 ) ) ;
#2494 = DIRECTION ( 'NONE',  ( 0.000000000000000000, 0.000000000000000000, 1.000000000000000000 ) ) ;
#2495 = FACE_OUTER_BOUND ( 'NONE', #2131, .T. ) ;
#2496 = EDGE_CURVE ( 'NONE', #192, #1998, #2910, .T. ) ;
#2497 = VERTEX_POINT ( 'NONE', #2967 ) ;
#2498 = APPLICATION_CONTEXT ( 'automotive_design' ) ;
#2499 = VECTOR ( 'NONE', #1021, 1000.000000000000114 ) ;
#2500 = EDGE_LOOP ( 'NONE', ( #1709, #227, #435, #1518 ) ) ;
#2501 = VECTOR ( 'NONE', #1924, 1000.000000000000000 ) ;
#2502 = EDGE_LOOP ( 'NONE', ( #145, #2768, #1316, #2835 ) ) ;
#2503 = EDGE_CURVE ( 'NONE', #321, #615, #1862, .T. ) ;
#2504 = ORIENTED_EDGE ( 'NONE', *, *, #2364, .F. ) ;
#2505 = EDGE_LOOP ( 'NONE', ( #1051, #1612, #2637, #799 ) ) ;
#2506 = DIRECTION ( 'NONE',  ( 0.000000000000000000, 0.000000000000000000, 1.000000000000000000 ) ) ;
#2507 = EDGE_LOOP ( 'NONE', ( #1956, #962, #2488, #288 ) ) ;
#2508 = CARTESIAN_POINT ( 'NONE',  ( 34.27744400075229692, 0.06763148885780601027, 38.10000000000000142 ) ) ;
#2509 = PLANE ( 'NONE',  #2935 ) ;
#2510 = CARTESIAN_POINT ( 'NONE',  ( 9.149101626348610239, 12.32679350380030137, 0.000000000000000000 ) ) ;
#2511 = ORIENTED_EDGE ( 'NONE', *, *, #1768, .F. ) ;
#2512 = ADVANCED_FACE ( 'NONE', ( #1209 ), #3191, .T. ) ;
#2513 = VECTOR ( 'NONE', #1573, 1000.000000000000000 ) ;
#2514 = AXIS2_PLACEMENT_3D ( 'NONE', #157, #439, #212 ) ;
#2515 = VECTOR ( 'NONE', #591, 1000.000000000000000 ) ;
#2516 = VECTOR ( 'NONE', #2138, 1000.000000000000000 ) ;
#2517 = ORIENTED_EDGE ( 'NONE', *, *, #1104, .T. ) ;
#2518 = AXIS2_PLACEMENT_3D ( 'NONE', #3168, #2644, #424 ) ;
#2519 = ORIENTED_EDGE ( 'NONE', *, *, #1358, .T. ) ;
#2520 = FACE_OUTER_BOUND ( 'NONE', #1383, .T. ) ;
#2521 = EDGE_CURVE ( 'NONE', #2078, #926, #483, .T. ) ;
#2522 = ORIENTED_EDGE ( 'NONE', *, *, #2390, .F. ) ;
#2523 = LINE ( 'NONE', #761, #2499 ) ;
#2524 = DIRECTION ( 'NONE',  ( 0.000000000000000000, 1.000000000000000000, 0.000000000000000000 ) ) ;
#2525 = DIRECTION ( 'NONE',  ( -1.000000000000000000, 0.000000000000000000, 0.000000000000000000 ) ) ;
#2526 = ORIENTED_EDGE ( 'NONE', *, *, #2876, .T. ) ;
#2527 = DIRECTION ( 'NONE',  ( -0.9963139932601036142, -0.08578127321336709299, 0.000000000000000000 ) ) ;
#2528 = EDGE_CURVE ( 'NONE', #1111, #783, #482, .T. ) ;
#2529 = DIRECTION ( 'NONE',  ( -0.5263151645464938522, -0.8502895668937712204, 0.000000000000000000 ) ) ;
#2530 = EDGE_CURVE ( 'NONE', #2781, #1758, #790, .T. ) ;
#2531 = ORIENTED_EDGE ( 'NONE', *, *, #576, .T. ) ;
#2532 = ORIENTED_EDGE ( 'NONE', *, *, #42, .T. ) ;
#2533 = CARTESIAN_POINT ( 'NONE',  ( 22.34999999999999787, 6.350000000001609912, 4.500000000000000000 ) ) ;
#2534 = VERTEX_POINT ( 'NONE', #2376 ) ;
#2535 = CARTESIAN_POINT ( 'NONE',  ( 19.05000000000000071, 6.350000000001609912, 25.39999999999999858 ) ) ;
#2536 = CARTESIAN_POINT ( 'NONE',  ( 30.14999999999999858, 6.349999999999999645, 38.10000000000000142 ) ) ;
#2537 = LINE ( 'NONE', #3090, #1533 ) ;
#2538 = ORIENTED_EDGE ( 'NONE', *, *, #2424, .F. ) ;
#2539 = EDGE_CURVE ( 'NONE', #1287, #2621, #676, .T. ) ;
#2540 = CARTESIAN_POINT ( 'NONE',  ( 30.60601259650710304, 0.5823596203337039201, 38.10000000000000142 ) ) ;
#2541 = CARTESIAN_POINT ( 'NONE',  ( 0.5599999999999999423, 2.683393944403530185, 0.000000000000000000 ) ) ;
#2542 = LINE ( 'NONE', #1986, #2058 ) ;
#2543 = VECTOR ( 'NONE', #228, 1000.000000000000000 ) ;
#2544 = VERTEX_POINT ( 'NONE', #1171 ) ;
#2545 = EDGE_LOOP ( 'NONE', ( #1453, #1425, #2085, #1216 ) ) ;
#2546 = PLANE ( 'NONE',  #3076 ) ;
#2547 = CARTESIAN_POINT ( 'NONE',  ( 26.54852559730399975, 12.33431250928529899, 0.000000000000000000 ) ) ;
#2548 = VECTOR ( 'NONE', #304, 1000.000000000000000 ) ;
#2549 = VECTOR ( 'NONE', #1963, 1000.000000000000000 ) ;
#2550 = DIRECTION ( 'NONE',  ( 0.000000000000000000, 0.000000000000000000, 1.000000000000000000 ) ) ;
#2551 = FACE_OUTER_BOUND ( 'NONE', #768, .T. ) ;
#2552 = PRODUCT ( 'Heatsink_Fischer_SK104-STCB_35x13mm', 'Heatsink_Fischer_SK104-STCB_35x13mm', '', ( #225 ) ) ;
#2553 = DIRECTION ( 'NONE',  ( 0.9165151389911678770, 0.4000000000000004108, 0.000000000000000000 ) ) ;
#2554 = EDGE_CURVE ( 'NONE', #1665, #1369, #685, .T. ) ;
#2555 = CARTESIAN_POINT ( 'NONE',  ( 5.106012596507130574, 2.167640379666299744, 38.10000000000000142 ) ) ;
#2556 = CIRCLE ( 'NONE', #2606, 0.3999999999999996891 ) ;
#2557 = DIRECTION ( 'NONE',  ( -1.000000000000000000, 0.000000000000000000, 0.000000000000000000 ) ) ;
#2558 = AXIS2_PLACEMENT_3D ( 'NONE', #734, #2051, #476 ) ;
#2559 = VECTOR ( 'NONE', #1631, 1000.000000000000000 ) ;
#2560 = ORIENTED_EDGE ( 'NONE', *, *, #2943, .F. ) ;
#2561 = EDGE_LOOP ( 'NONE', ( #124, #1885, #991, #2882 ) ) ;
#2562 = FACE_OUTER_BOUND ( 'NONE', #2182, .T. ) ;
#2563 = AXIS2_PLACEMENT_3D ( 'NONE', #63, #1067, #1052 ) ;
#2564 = ORIENTED_EDGE ( 'NONE', *, *, #1874, .F. ) ;
#2565 = EDGE_CURVE ( 'NONE', #674, #751, #2523, .T. ) ;
#2566 = DIRECTION ( 'NONE',  ( -0.08578127321336695421, 0.9963139932601035031, 0.000000000000000000 ) ) ;
#2567 = AXIS2_PLACEMENT_3D ( 'NONE', #1359, #1592, #1618 ) ;
#2568 = CARTESIAN_POINT ( 'NONE',  ( 26.85147440269599883, 3.884312509285349879, 0.000000000000000000 ) ) ;
#2569 = DIRECTION ( 'NONE',  ( 0.000000000000000000, -1.000000000000000000, 0.000000000000000000 ) ) ;
#2570 = EDGE_CURVE ( 'NONE', #2497, #2624, #2047, .T. ) ;
#2571 = CARTESIAN_POINT ( 'NONE',  ( 29.90688714885889965, 0.1943946221961810328, 0.000000000000000000 ) ) ;
#2572 = CARTESIAN_POINT ( 'NONE',  ( 17.44999999999999929, 5.599999999999999645, 13.50000000000000000 ) ) ;
#2573 = CARTESIAN_POINT ( 'NONE',  ( 23.34999999999999787, 5.599999999999999645, 4.500000000000000000 ) ) ;
#2574 = VERTEX_POINT ( 'NONE', #2005 ) ;
#2575 = ORIENTED_EDGE ( 'NONE', *, *, #1796, .F. ) ;
#2576 = DIRECTION ( 'NONE',  ( 0.6295123653826756316, 0.7769904644397566118, 0.000000000000000000 ) ) ;
#2577 = ADVANCED_FACE ( 'NONE', ( #2743 ), #1732, .T. ) ;
#2578 = CARTESIAN_POINT ( 'NONE',  ( 0.5599999999999999423, 2.683393944403530185, 0.000000000000000000 ) ) ;
#2579 = CARTESIAN_POINT ( 'NONE',  ( 25.39999999999999858, 7.100000000003220180, 0.000000000000000000 ) ) ;
#2580 = PLANE ( 'NONE',  #1314 ) ;
#2581 = LINE ( 'NONE', #972, #1941 ) ;
#2582 = EDGE_CURVE ( 'NONE', #1256, #1773, #1514, .T. ) ;
#2583 = EDGE_CURVE ( 'NONE', #655, #172, #31, .T. ) ;
#2584 = FILL_AREA_STYLE ('',( #607 ) ) ;
#2585 = DIRECTION ( 'NONE',  ( 0.000000000000000000, 0.000000000000000000, -1.000000000000000000 ) ) ;
#2586 = ORIENTED_EDGE ( 'NONE', *, *, #930, .T. ) ;
#2587 = ORIENTED_EDGE ( 'NONE', *, *, #1983, .F. ) ;
#2588 = LINE ( 'NONE', #1614, #758 ) ;
#2589 = CARTESIAN_POINT ( 'NONE',  ( 17.44999999999999929, 5.599999999999999645, 18.30000000000000071 ) ) ;
#2590 = EDGE_CURVE ( 'NONE', #976, #321, #793, .T. ) ;
#2591 = VECTOR ( 'NONE', #2974, 1000.000000000000227 ) ;
#2592 = EDGE_CURVE ( 'NONE', #2217, #3008, #788, .T. ) ;
#2593 = EDGE_LOOP ( 'NONE', ( #1679, #1753, #2129, #496 ) ) ;
#2594 = VECTOR ( 'NONE', #1562, 1000.000000000000000 ) ;
#2595 = DIRECTION ( 'NONE',  ( 0.000000000000000000, 0.000000000000000000, -1.000000000000000000 ) ) ;
#2596 = LINE ( 'NONE', #373, #1938 ) ;
#2597 = VECTOR ( 'NONE', #1864, 1000.000000000000000 ) ;
#2598 = CYLINDRICAL_SURFACE ( 'NONE', #3068, 0.3999999999999734324 ) ;
#2599 = EDGE_CURVE ( 'NONE', #683, #656, #741, .T. ) ;
#2600 = CIRCLE ( 'NONE', #81, 0.2999999999999997113 ) ;
#2601 = CARTESIAN_POINT ( 'NONE',  ( 22.84999999999999787, 7.100000000003220180, 0.000000000000000000 ) ) ;
#2602 = ORIENTED_EDGE ( 'NONE', *, *, #1594, .F. ) ;
#2603 = ORIENTED_EDGE ( 'NONE', *, *, #2617, .F. ) ;
#2604 = DIRECTION ( 'NONE',  ( -0.9165151389911631030, -0.4000000000000110689, 0.000000000000000000 ) ) ;
#2605 = PLANE ( 'NONE',  #3077 ) ;
#2606 = AXIS2_PLACEMENT_3D ( 'NONE', #2327, #3123, #1096 ) ;
#2607 = VECTOR ( 'NONE', #1922, 1000.000000000000000 ) ;
#2608 = EDGE_LOOP ( 'NONE', ( #2227, #2677, #463, #856 ) ) ;
#2609 = DIRECTION ( 'NONE',  ( 0.000000000000000000, 0.000000000000000000, 1.000000000000000000 ) ) ;
#2610 = ORIENTED_EDGE ( 'NONE', *, *, #2416, .T. ) ;
#2611 = EDGE_CURVE ( 'NONE', #1998, #683, #2764, .T. ) ;
#2612 = DIRECTION ( 'NONE',  ( 0.000000000000000000, 0.000000000000000000, 1.000000000000000000 ) ) ;
#2613 = LINE ( 'NONE', #392, #401 ) ;
#2614 = VECTOR ( 'NONE', #1675, 999.9999999999998863 ) ;
#2615 = SURFACE_STYLE_FILL_AREA ( #1879 ) ;
#2616 =( LENGTH_UNIT ( ) NAMED_UNIT ( * ) SI_UNIT ( .MILLI., .METRE. ) );
#2617 = EDGE_CURVE ( 'NONE', #2387, #1081, #802, .T. ) ;
#2618 = DIRECTION ( 'NONE',  ( 0.000000000000000000, 0.000000000000000000, 1.000000000000000000 ) ) ;
#2619 = VERTEX_POINT ( 'NONE', #548 ) ;
#2620 = CIRCLE ( 'NONE', #1331, 0.3000000000000001554 ) ;
#2621 = VERTEX_POINT ( 'NONE', #59 ) ;
#2622 = CARTESIAN_POINT ( 'NONE',  ( 12.05000000000000071, 7.100000000003220180, 3.633974596215560293 ) ) ;
#2623 = CARTESIAN_POINT ( 'NONE',  ( 30.37255599924770166, 2.682368511142200429, 0.000000000000000000 ) ) ;
#2624 = VERTEX_POINT ( 'NONE', #1290 ) ;
#2625 = CARTESIAN_POINT ( 'NONE',  ( 8.048525597304038826, 8.815687490714649854, 0.000000000000000000 ) ) ;
#2626 = EDGE_CURVE ( 'NONE', #1486, #2915, #1775, .T. ) ;
#2627 = ORIENTED_EDGE ( 'NONE', *, *, #144, .F. ) ;
#2628 = DIRECTION ( 'NONE',  ( 0.000000000000000000, 0.000000000000000000, -1.000000000000000000 ) ) ;
#2629 = DIRECTION ( 'NONE',  ( 0.000000000000000000, 0.000000000000000000, 1.000000000000000000 ) ) ;
#2630 = CIRCLE ( 'NONE', #2888, 0.3999999999999987454 ) ;
#2631 = DIRECTION ( 'NONE',  ( -0.8309212778554878609, -0.5563899981191279265, 0.000000000000000000 ) ) ;
#2632 = FACE_OUTER_BOUND ( 'NONE', #2125, .T. ) ;
#2633 = DIRECTION ( 'NONE',  ( -0.6464421993858159299, -0.7629629629629662846, 0.000000000000000000 ) ) ;
#2634 = EDGE_CURVE ( 'NONE', #2021, #1256, #2492, .T. ) ;
#2635 = ORIENTED_EDGE ( 'NONE', *, *, #2269, .T. ) ;
#2636 = LINE ( 'NONE', #2881, #1211 ) ;
#2637 = ORIENTED_EDGE ( 'NONE', *, *, #1999, .T. ) ;
#2638 = ORIENTED_EDGE ( 'NONE', *, *, #670, .T. ) ;
#2639 = CARTESIAN_POINT ( 'NONE',  ( 30.37255599924770166, 2.682368511142200429, 38.10000000000000142 ) ) ;
#2640 = CYLINDRICAL_SURFACE ( 'NONE', #2514, 0.3999999999999990785 ) ;
#2641 = VERTEX_POINT ( 'NONE', #2508 ) ;
#2642 = LINE ( 'NONE', #1184, #3067 ) ;
#2643 = ORIENTED_EDGE ( 'NONE', *, *, #1189, .T. ) ;
#2644 = DIRECTION ( 'NONE',  ( 0.000000000000000000, 0.000000000000000000, -1.000000000000000000 ) ) ;
#2645 = DIRECTION ( 'NONE',  ( 0.000000000000000000, 0.000000000000000000, 1.000000000000000000 ) ) ;
#2646 = AXIS2_PLACEMENT_3D ( 'NONE', #1652, #1448, #1467 ) ;
#2647 = CARTESIAN_POINT ( 'NONE',  ( 9.500000000000190070, 5.599999999999999645, 0.000000000000000000 ) ) ;
#2648 = LINE ( 'NONE', #429, #2088 ) ;
#2649 = CARTESIAN_POINT ( 'NONE',  ( 30.82876430935509759, 7.151111111111110752, 0.000000000000000000 ) ) ;
#2650 = VECTOR ( 'NONE', #2274, 1000.000000000000000 ) ;
#2651 = ORIENTED_EDGE ( 'NONE', *, *, #2530, .F. ) ;
#2652 = ADVANCED_FACE ( 'NONE', ( #317 ), #73, .T. ) ;
#2653 = CYLINDRICAL_SURFACE ( 'NONE', #1262, 0.3999999999999998557 ) ;
#2654 = ORIENTED_EDGE ( 'NONE', *, *, #39, .F. ) ;
#2655 = ORIENTED_EDGE ( 'NONE', *, *, #10, .T. ) ;
#2656 = DIRECTION ( 'NONE',  ( 0.000000000000000000, -1.000000000000000000, 0.000000000000000000 ) ) ;
#2657 = DIRECTION ( 'NONE',  ( 0.000000000000000000, 0.000000000000000000, -1.000000000000000000 ) ) ;
#2658 = ORIENTED_EDGE ( 'NONE', *, *, #1447, .F. ) ;
#2659 = FACE_OUTER_BOUND ( 'NONE', #1276, .T. ) ;
#2660 = VECTOR ( 'NONE', #28, 1000.000000000000000 ) ;
#2661 = ORIENTED_EDGE ( 'NONE', *, *, #831, .T. ) ;
#2662 = LINE ( 'NONE', #1206, #1673 ) ;
#2663 = CIRCLE ( 'NONE', #1935, 0.2999999999999996003 ) ;
#2664 = LINE ( 'NONE', #724, #40 ) ;
#2665 = CARTESIAN_POINT ( 'NONE',  ( 19.05000000000000071, 7.100000000003220180, 18.30000000000000071 ) ) ;
#2666 = DIRECTION ( 'NONE',  ( 0.000000000000000000, 0.000000000000000000, 1.000000000000000000 ) ) ;
#2667 = AXIS2_PLACEMENT_3D ( 'NONE', #2942, #1960, #716 ) ;
#2668 = VECTOR ( 'NONE', #418, 999.9999999999998863 ) ;
#2669 = LINE ( 'NONE', #1232, #2516 ) ;
#2670 = VECTOR ( 'NONE', #1792, 1000.000000000000000 ) ;
#2671 = DIRECTION ( 'NONE',  ( 1.000000000000000000, 0.000000000000000000, 0.000000000000000000 ) ) ;
#2672 = EDGE_CURVE ( 'NONE', #674, #2372, #2262, .T. ) ;
#2673 = CIRCLE ( 'NONE', #3087, 0.3999999999999996891 ) ;
#2674 = EDGE_LOOP ( 'NONE', ( #269, #1759, #2947, #3022 ) ) ;
#2675 = DIRECTION ( 'NONE',  ( 0.000000000000000000, 0.000000000000000000, 1.000000000000000000 ) ) ;
#2676 = VERTEX_POINT ( 'NONE', #1035 ) ;
#2677 = ORIENTED_EDGE ( 'NONE', *, *, #1427, .F. ) ;
#2678 = DIRECTION ( 'NONE',  ( 0.000000000000000000, 0.000000000000000000, -1.000000000000000000 ) ) ;
#2679 = DIRECTION ( 'NONE',  ( 0.000000000000000000, 0.000000000000000000, 1.000000000000000000 ) ) ;
#2680 = ORIENTED_EDGE ( 'NONE', *, *, #2570, .F. ) ;
#2681 = CARTESIAN_POINT ( 'NONE',  ( 27.25000000000000000, 3.850000000000000089, 19.05000000000000071 ) ) ;
#2682 = EDGE_CURVE ( 'NONE', #1854, #1251, #2018, .T. ) ;
#2683 = ORIENTED_EDGE ( 'NONE', *, *, #568, .T. ) ;
#2684 = DIRECTION ( 'NONE',  ( -1.000000000000000000, 0.000000000000000000, 0.000000000000000000 ) ) ;
#2685 = FACE_OUTER_BOUND ( 'NONE', #884, .T. ) ;
#2686 = CARTESIAN_POINT ( 'NONE',  ( 32.66000000000000369, 9.283393944403540488, 38.10000000000000142 ) ) ;
#2687 = DIRECTION ( 'NONE',  ( 0.9977540658715190469, -0.06698375950073601204, 0.000000000000000000 ) ) ;
#2688 = VERTEX_POINT ( 'NONE', #1045 ) ;
#2689 = DIRECTION ( 'NONE',  ( 0.000000000000000000, 0.000000000000000000, 1.000000000000000000 ) ) ;
#2690 = DIRECTION ( 'NONE',  ( 0.7769904644397629401, -0.6295123653826679710, 0.000000000000000000 ) ) ;
#2691 = ORIENTED_EDGE ( 'NONE', *, *, #2084, .T. ) ;
#2692 = EDGE_CURVE ( 'NONE', #615, #3121, #2031, .T. ) ;
#2693 = EDGE_CURVE ( 'NONE', #2624, #2789, #2287, .T. ) ;
#2694 = CARTESIAN_POINT ( 'NONE',  ( 29.39528150943549889, 5.620000000000000107, 0.000000000000000000 ) ) ;
#2695 = ORIENTED_EDGE ( 'NONE', *, *, #340, .F. ) ;
#2696 = DIRECTION ( 'NONE',  ( 0.000000000000000000, 1.000000000000000000, 0.000000000000000000 ) ) ;
#2697 = DIRECTION ( 'NONE',  ( -0.7187795148233577791, -0.6952380952380977641, 0.000000000000000000 ) ) ;
#2698 = EDGE_LOOP ( 'NONE', ( #784, #41, #957, #2820 ) ) ;
#2699 = DIRECTION ( 'NONE',  ( 0.000000000000000000, 0.000000000000000000, 1.000000000000000000 ) ) ;
#2700 = ORIENTED_EDGE ( 'NONE', *, *, #2010, .T. ) ;
#2701 = DIRECTION ( 'NONE',  ( 0.000000000000000000, 0.000000000000000000, 1.000000000000000000 ) ) ;
#2702 = LINE ( 'NONE', #705, #337 ) ;
#2703 = EDGE_CURVE ( 'NONE', #2233, #321, #14, .T. ) ;
#2704 = DIRECTION ( 'NONE',  ( 0.000000000000000000, 0.000000000000000000, 1.000000000000000000 ) ) ;
#2705 = DIRECTION ( 'NONE',  ( 1.000000000000000000, 0.000000000000000000, 0.000000000000000000 ) ) ;
#2706 = EDGE_CURVE ( 'NONE', #2489, #655, #2083, .T. ) ;
#2707 = LINE ( 'NONE', #2422, #297 ) ;
#2708 = DIRECTION ( 'NONE',  ( 0.000000000000000000, 0.000000000000000000, -1.000000000000000000 ) ) ;
#2709 = VECTOR ( 'NONE', #1109, 999.9999999999998863 ) ;
#2710 = ORIENTED_EDGE ( 'NONE', *, *, #2191, .F. ) ;
#2711 = VECTOR ( 'NONE', #532, 1000.000000000000000 ) ;
#2712 = CARTESIAN_POINT ( 'NONE',  ( 34.75180494615310778, 0.7107961857759079738, 0.000000000000000000 ) ) ;
#2713 = AXIS2_PLACEMENT_3D ( 'NONE', #3205, #578, #323 ) ;
#2714 = VERTEX_POINT ( 'NONE', #2069 ) ;
#2715 = CARTESIAN_POINT ( 'NONE',  ( 30.60601259650710304, 12.11764037966630170, 0.000000000000000000 ) ) ;
#2716 = DIRECTION ( 'NONE',  ( 0.000000000000000000, 0.000000000000000000, -1.000000000000000000 ) ) ;
#2717 = EDGE_LOOP ( 'NONE', ( #630, #1812, #1516, #2983 ) ) ;
#2718 = DIRECTION ( 'NONE',  ( 0.000000000000000000, 0.000000000000000000, -1.000000000000000000 ) ) ;
#2719 = ORIENTED_EDGE ( 'NONE', *, *, #470, .F. ) ;
#2720 = ORIENTED_EDGE ( 'NONE', *, *, #189, .F. ) ;
#2721 = DIRECTION ( 'NONE',  ( -1.000000000000000000, 0.000000000000000000, 0.000000000000000000 ) ) ;
#2722 = AXIS2_PLACEMENT_3D ( 'NONE', #1751, #2248, #536 ) ;
#2723 = CARTESIAN_POINT ( 'NONE',  ( 0.4000000000000000222, 0.4000000000000000222, 0.000000000000000000 ) ) ;
#2724 = LINE ( 'NONE', #2744, #94 ) ;
#2725 = EDGE_CURVE ( 'NONE', #1644, #2261, #1350, .T. ) ;
#2726 = DIRECTION ( 'NONE',  ( 0.000000000000000000, 0.000000000000000000, -1.000000000000000000 ) ) ;
#2727 = UNCERTAINTY_MEASURE_WITH_UNIT (LENGTH_MEASURE( 1.000000000000000082E-05 ), #409, 'distance_accuracy_value', 'NONE');
#2728 = LINE ( 'NONE', #1523, #1681 ) ;
#2729 = AXIS2_PLACEMENT_3D ( 'NONE', #640, #2576, #2370 ) ;
#2730 = ORIENTED_EDGE ( 'NONE', *, *, #1610, .T. ) ;
#2731 = CIRCLE ( 'NONE', #2990, 0.3999999999999986344 ) ;
#2732 = VECTOR ( 'NONE', #1392, 1000.000000000000000 ) ;
#2733 = PLANE ( 'NONE',  #534 ) ;
#2734 = VECTOR ( 'NONE', #849, 999.9999999999998863 ) ;
#2735 = ORIENTED_EDGE ( 'NONE', *, *, #899, .T. ) ;
#2736 = LINE ( 'NONE', #2222, #33 ) ;
#2737 = EDGE_LOOP ( 'NONE', ( #1017, #1034, #1128, #2700 ) ) ;
#2738 = LINE ( 'NONE', #1978, #1053 ) ;
#2739 = ORIENTED_EDGE ( 'NONE', *, *, #2933, .T. ) ;
#2740 = CARTESIAN_POINT ( 'NONE',  ( 9.500000000000190070, 5.599999999999999645, 38.10000000000000142 ) ) ;
#2741 = EDGE_CURVE ( 'NONE', #1275, #1854, #1127, .T. ) ;
#2742 = EDGE_LOOP ( 'NONE', ( #2735, #1737, #1890, #2207 ) ) ;
#2743 = FACE_OUTER_BOUND ( 'NONE', #328, .T. ) ;
#2744 = CARTESIAN_POINT ( 'NONE',  ( 28.94999999999999929, 7.080000000000000071, 38.10000000000000142 ) ) ;
#2745 = LINE ( 'NONE', #1048, #1997 ) ;
#2746 = DIRECTION ( 'NONE',  ( 0.000000000000000000, 0.000000000000000000, 1.000000000000000000 ) ) ;
#2747 = EDGE_CURVE ( 'NONE', #2544, #1301, #680, .T. ) ;
#2748 = ORIENTED_EDGE ( 'NONE', *, *, #2626, .T. ) ;
#2749 = EDGE_CURVE ( 'NONE', #1773, #1256, #3062, .T. ) ;
#2750 = ORIENTED_EDGE ( 'NONE', *, *, #1358, .F. ) ;
#2751 = ORIENTED_EDGE ( 'NONE', *, *, #3102, .F. ) ;
#2752 = ORIENTED_EDGE ( 'NONE', *, *, #2048, .F. ) ;
#2753 = ORIENTED_EDGE ( 'NONE', *, *, #428, .T. ) ;
#2754 = DIRECTION ( 'NONE',  ( -0.5140134445095428939, -0.8577821278526588378, 0.000000000000000000 ) ) ;
#2755 = VERTEX_POINT ( 'NONE', #1356 ) ;
#2756 = CARTESIAN_POINT ( 'NONE',  ( 4.293987403492869781, 0.5823596203336999233, 0.000000000000000000 ) ) ;
#2757 = FACE_OUTER_BOUND ( 'NONE', #1826, .T. ) ;
#2758 = ADVANCED_FACE ( 'NONE', ( #602 ), #3045, .T. ) ;
#2759 = CARTESIAN_POINT ( 'NONE',  ( 32.50000000000000000, 9.650000000000000355, 38.10000000000000142 ) ) ;
#2760 = FACE_OUTER_BOUND ( 'NONE', #984, .T. ) ;
#2761 = EDGE_LOOP ( 'NONE', ( #785, #1354 ) ) ;
#2762 = AXIS2_PLACEMENT_3D ( 'NONE', #510, #2484, #265 ) ;
#2763 = EDGE_CURVE ( 'NONE', #2915, #1486, #1139, .T. ) ;
#2764 = CIRCLE ( 'NONE', #745, 0.3999999999999999112 ) ;
#2765 = ORIENTED_EDGE ( 'NONE', *, *, #116, .F. ) ;
#2766 = VERTEX_POINT ( 'NONE', #331 ) ;
#2767 = DIRECTION ( 'NONE',  ( 0.8577821278526512883, 0.5140134445095551063, 0.000000000000000000 ) ) ;
#2768 = ORIENTED_EDGE ( 'NONE', *, *, #1939, .F. ) ;
#2769 = DIRECTION ( 'NONE',  ( 0.000000000000000000, 1.000000000000000000, 0.000000000000000000 ) ) ;
#2770 = EDGE_CURVE ( 'NONE', #436, #941, #1575, .T. ) ;
#2771 = DIRECTION ( 'NONE',  ( -0.7769904644397620519, -0.6295123653826689702, 0.000000000000000000 ) ) ;
#2772 = LINE ( 'NONE', #3016, #850 ) ;
#2773 = ORIENTED_EDGE ( 'NONE', *, *, #2290, .T. ) ;
#2774 = DIRECTION ( 'NONE',  ( 0.000000000000000000, 0.000000000000000000, -1.000000000000000000 ) ) ;
#2775 = CIRCLE ( 'NONE', #1739, 0.4000000000000001887 ) ;
#2776 = CIRCLE ( 'NONE', #378, 0.3999999999999998557 ) ;
#2777 = EDGE_CURVE ( 'NONE', #2284, #1307, #843, .T. ) ;
#2778 = AXIS2_PLACEMENT_3D ( 'NONE', #2279, #1324, #980 ) ;
#2779 = VECTOR ( 'NONE', #2173, 1000.000000000000000 ) ;
#2780 = VECTOR ( 'NONE', #2689, 1000.000000000000000 ) ;
#2781 = VERTEX_POINT ( 'NONE', #2838 ) ;
#2782 = ORIENTED_EDGE ( 'NONE', *, *, #558, .T. ) ;
#2783 = CARTESIAN_POINT ( 'NONE',  ( 2.651804946153069942, 2.739203814224099975, 0.000000000000000000 ) ) ;
#2784 = ORIENTED_EDGE ( 'NONE', *, *, #487, .F. ) ;
#2785 = DIRECTION ( 'NONE',  ( 0.5263151645464940742, 0.8502895668937711093, 0.000000000000000000 ) ) ;
#2786 = EDGE_CURVE ( 'NONE', #50, #2755, #627, .T. ) ;
#2787 = DIRECTION ( 'NONE',  ( -0.8900314912678271018, 0.4558990508342474768, 0.000000000000000000 ) ) ;
#2788 = CARTESIAN_POINT ( 'NONE',  ( 12.05000000000000071, 5.599999999999999645, 0.000000000000000000 ) ) ;
#2789 = VERTEX_POINT ( 'NONE', #1616 ) ;
#2790 = CARTESIAN_POINT ( 'NONE',  ( 19.05000000000000071, 7.100000000003220180, 13.50000000000000000 ) ) ;
#2791 = CARTESIAN_POINT ( 'NONE',  ( 22.84999999999999787, 7.100000000003220180, 6.500000000000000000 ) ) ;
#2792 = EDGE_CURVE ( 'NONE', #517, #436, #2318, .T. ) ;
#2793 = EDGE_CURVE ( 'NONE', #1369, #50, #1658, .T. ) ;
#2794 = VECTOR ( 'NONE', #258, 1000.000000000000000 ) ;
#2795 = ORIENTED_EDGE ( 'NONE', *, *, #239, .T. ) ;
#2796 = ORIENTED_EDGE ( 'NONE', *, *, #1811, .T. ) ;
#2797 = DIRECTION ( 'NONE',  ( 0.8577821278526533977, 0.5140134445095519977, 0.000000000000000000 ) ) ;
#2798 = VERTEX_POINT ( 'NONE', #3066 ) ;
#2799 = DIRECTION ( 'NONE',  ( -1.000000000000000000, 0.000000000000000000, 0.000000000000000000 ) ) ;
#2800 = EDGE_CURVE ( 'NONE', #3063, #1287, #874, .T. ) ;
#2801 = CARTESIAN_POINT ( 'NONE',  ( 17.44999999999999929, 6.350000000000240341, 0.000000000000000000 ) ) ;
#2802 = LINE ( 'NONE', #589, #2305 ) ;
#2803 = DIRECTION ( 'NONE',  ( 0.000000000000000000, 0.000000000000000000, 1.000000000000000000 ) ) ;
#2804 = PLANE ( 'NONE',  #283 ) ;
#2805 = DIRECTION ( 'NONE',  ( 0.000000000000000000, -1.000000000000000000, 0.000000000000000000 ) ) ;
#2806 = AXIS2_PLACEMENT_3D ( 'NONE', #240, #706, #3169 ) ;
#2807 = ORIENTED_EDGE ( 'NONE', *, *, #2358, .T. ) ;
#2808 = ORIENTED_EDGE ( 'NONE', *, *, #203, .F. ) ;
#2809 = LINE ( 'NONE', #584, #2513 ) ;
#2810 = ORIENTED_EDGE ( 'NONE', *, *, #2405, .F. ) ;
#2811 = DIRECTION ( 'NONE',  ( 0.000000000000000000, 0.000000000000000000, 1.000000000000000000 ) ) ;
#2812 = VECTOR ( 'NONE', #2228, 1000.000000000000000 ) ;
#2813 = LINE ( 'NONE', #631, #388 ) ;
#2814 = PLANE ( 'NONE',  #295 ) ;
#2815 = DIRECTION ( 'NONE',  ( -0.7769904644397562787, 0.6295123653826761867, 0.000000000000000000 ) ) ;
#2816 = FACE_OUTER_BOUND ( 'NONE', #2443, .T. ) ;
#2817 = VECTOR ( 'NONE', #356, 999.9999999999998863 ) ;
#2818 = CARTESIAN_POINT ( 'NONE',  ( 34.34000000000000341, 2.683393944403530185, 38.10000000000000142 ) ) ;
#2819 = AXIS2_PLACEMENT_3D ( 'NONE', #1194, #2176, #728 ) ;
#2820 = ORIENTED_EDGE ( 'NONE', *, *, #2592, .T. ) ;
#2821 = ORIENTED_EDGE ( 'NONE', *, *, #1351, .T. ) ;
#2822 = CARTESIAN_POINT ( 'NONE',  ( 34.34000000000000341, 10.01660605559650108, 0.000000000000000000 ) ) ;
#2823 = CIRCLE ( 'NONE', #2994, 1.600000000000000755 ) ;
#2824 = ORIENTED_EDGE ( 'NONE', *, *, #2611, .T. ) ;
#2825 = CARTESIAN_POINT ( 'NONE',  ( 8.351474402695959753, 0.3656874907146550058, 38.10000000000000142 ) ) ;
#2826 = AXIS2_PLACEMENT_3D ( 'NONE', #199, #2928, #2949 ) ;
#2827 = ADVANCED_FACE ( 'NONE', ( #1831 ), #2059, .T. ) ;
#2828 = CARTESIAN_POINT ( 'NONE',  ( 34.34000000000000341, 2.683393944403540399, 38.10000000000000142 ) ) ;
#2829 = DIRECTION ( 'NONE',  ( 0.000000000000000000, 0.000000000000000000, -1.000000000000000000 ) ) ;
#2830 = DIRECTION ( 'NONE',  ( 0.5263151645464946293, 0.8502895668937707763, 0.000000000000000000 ) ) ;
#2831 = EDGE_CURVE ( 'NONE', #1301, #2766, #1097, .T. ) ;
#2832 = EDGE_CURVE ( 'NONE', #2241, #161, #2098, .T. ) ;
#2833 = LINE ( 'NONE', #2818, #2709 ) ;
#2834 = VERTEX_POINT ( 'NONE', #389 ) ;
#2835 = ORIENTED_EDGE ( 'NONE', *, *, #1839, .T. ) ;
#2836 = DIRECTION ( 'NONE',  ( 0.000000000000000000, -1.000000000000000000, 0.000000000000000000 ) ) ;
#2837 = VERTEX_POINT ( 'NONE', #2547 ) ;
#2838 = CARTESIAN_POINT ( 'NONE',  ( 4.071235690644890326, 5.548888888888889426, 38.10000000000000142 ) ) ;
#2839 = EDGE_CURVE ( 'NONE', #1529, #252, #1372, .T. ) ;
#2840 = ORIENTED_EDGE ( 'NONE', *, *, #2263, .F. ) ;
#2841 = FACE_OUTER_BOUND ( 'NONE', #525, .T. ) ;
#2842 = CARTESIAN_POINT ( 'NONE',  ( 5.504718490564530775, 5.620000000000000107, 38.10000000000000142 ) ) ;
#2843 = EDGE_CURVE ( 'NONE', #732, #3204, #679, .T. ) ;
#2844 = CARTESIAN_POINT ( 'NONE',  ( 5.950000000000000178, 7.080000000000000071, 0.000000000000000000 ) ) ;
#2845 = CARTESIAN_POINT ( 'NONE',  ( 34.34000000000000341, 2.683393944403540399, 0.000000000000000000 ) ) ;
#2846 = CARTESIAN_POINT ( 'NONE',  ( 34.50000000000000000, 3.050000000000000266, 38.10000000000000142 ) ) ;
#2847 = ADVANCED_FACE ( 'NONE', ( #2659 ), #888, .F. ) ;
#2848 = ORIENTED_EDGE ( 'NONE', *, *, #2692, .T. ) ;
#2849 = ORIENTED_EDGE ( 'NONE', *, *, #844, .T. ) ;
#2850 = FACE_OUTER_BOUND ( 'NONE', #2961, .T. ) ;
#2851 = DIRECTION ( 'NONE',  ( 0.8309212778554821988, -0.5563899981191362532, 0.000000000000000000 ) ) ;
#2852 = CARTESIAN_POINT ( 'NONE',  ( 0.6225559992476510374, 12.63236851114220016, 0.000000000000000000 ) ) ;
#2853 = AXIS2_PLACEMENT_3D ( 'NONE', #153, #1587, #3093 ) ;
#2854 = ORIENTED_EDGE ( 'NONE', *, *, #1214, .F. ) ;
#2855 = VECTOR ( 'NONE', #1461, 1000.000000000000000 ) ;
#2856 = FACE_OUTER_BOUND ( 'NONE', #2717, .T. ) ;
#2857 = CARTESIAN_POINT ( 'NONE',  ( 30.14999999999999858, 2.350000000000000089, 38.10000000000000142 ) ) ;
#2858 = CIRCLE ( 'NONE', #281, 1.600000000000000755 ) ;
#2859 = SURFACE_SIDE_STYLE ('',( #1121 ) ) ;
#2860 = VECTOR ( 'NONE', #1100, 1000.000000000000000 ) ;
#2861 = EDGE_CURVE ( 'NONE', #1745, #2834, #2642, .T. ) ;
#2862 = CARTESIAN_POINT ( 'NONE',  ( 7.306887148858939973, 8.644394622196180933, 0.000000000000000000 ) ) ;
#2863 = ORIENTED_EDGE ( 'NONE', *, *, #899, .F. ) ;
#2864 = ORIENTED_EDGE ( 'NONE', *, *, #1785, .F. ) ;
#2865 = DIRECTION ( 'NONE',  ( 0.000000000000000000, 0.000000000000000000, 1.000000000000000000 ) ) ;
#2866 = CARTESIAN_POINT ( 'NONE',  ( 4.993112851141060737, 12.50560537780379988, 0.000000000000000000 ) ) ;
#2867 = AXIS2_PLACEMENT_3D ( 'NONE', #2533, #2044, #1517 ) ;
#2868 = CIRCLE ( 'NONE', #78, 0.4000000000000017986 ) ;
#2869 = VERTEX_POINT ( 'NONE', #461 ) ;
#2870 = LINE ( 'NONE', #1649, #2501 ) ;
#2871 = AXIS2_PLACEMENT_3D ( 'NONE', #1721, #1220, #3202 ) ;
#2872 = AXIS2_PLACEMENT_3D ( 'NONE', #319, #2569, #2087 ) ;
#2873 = ORIENTED_EDGE ( 'NONE', *, *, #2143, .F. ) ;
#2874 = CARTESIAN_POINT ( 'NONE',  ( 26.85147440269599883, 3.884312509285349879, 38.10000000000000142 ) ) ;
#2875 = CYLINDRICAL_SURFACE ( 'NONE', #375, 1.600000000000000755 ) ;
#2876 = EDGE_CURVE ( 'NONE', #2241, #2619, #423, .T. ) ;
#2877 = AXIS2_PLACEMENT_3D ( 'NONE', #1129, #1075, #616 ) ;
#2878 =( NAMED_UNIT ( * ) PLANE_ANGLE_UNIT ( ) SI_UNIT ( $, .RADIAN. ) );
#2879 = CARTESIAN_POINT ( 'NONE',  ( 2.239999999999999769, 9.283393944403529829, 38.10000000000000142 ) ) ;
#2880 = ORIENTED_EDGE ( 'NONE', *, *, #2202, .T. ) ;
#2881 = CARTESIAN_POINT ( 'NONE',  ( 11.54999999999999893, 6.350000000001609912, 4.500000000000000000 ) ) ;
#2882 = ORIENTED_EDGE ( 'NONE', *, *, #2763, .F. ) ;
#2883 = VERTEX_POINT ( 'NONE', #3110 ) ;
#2884 = DIRECTION ( 'NONE',  ( 0.000000000000000000, 0.000000000000000000, -1.000000000000000000 ) ) ;
#2885 = DIRECTION ( 'NONE',  ( -0.6295123653826760757, 0.7769904644397562787, 0.000000000000000000 ) ) ;
#2886 = ORIENTED_EDGE ( 'NONE', *, *, #2463, .F. ) ;
#2887 = CARTESIAN_POINT ( 'NONE',  ( 12.55000000000000071, 5.599999999999999645, 4.500000000000000000 ) ) ;
#2888 = AXIS2_PLACEMENT_3D ( 'NONE', #1749, #2006, #1763 ) ;
#2889 = ORIENTED_EDGE ( 'NONE', *, *, #2876, .F. ) ;
#2890 = DIRECTION ( 'NONE',  ( 0.8309212778554810885, 0.5563899981191380295, 0.000000000000000000 ) ) ;
#2891 = DIRECTION ( 'NONE',  ( -0.5263151645464938522, 0.8502895668937711093, 0.000000000000000000 ) ) ;
#2892 = FACE_OUTER_BOUND ( 'NONE', #2502, .T. ) ;
#2893 = EDGE_CURVE ( 'NONE', #416, #2026, #1889, .T. ) ;
#2894 = DIRECTION ( 'NONE',  ( -0.5140134445095558835, 0.8577821278526509552, 0.000000000000000000 ) ) ;
#2895 = DIRECTION ( 'NONE',  ( 0.000000000000000000, 0.000000000000000000, 1.000000000000000000 ) ) ;
#2896 = FACE_OUTER_BOUND ( 'NONE', #2500, .T. ) ;
#2897 = VERTEX_POINT ( 'NONE', #1872 ) ;
#2898 = DIRECTION ( 'NONE',  ( 0.000000000000000000, 1.000000000000000000, 0.000000000000000000 ) ) ;
#2899 = EDGE_CURVE ( 'NONE', #1980, #1502, #2870, .T. ) ;
#2900 = VERTEX_POINT ( 'NONE', #2625 ) ;
#2901 = ORIENTED_EDGE ( 'NONE', *, *, #2583, .F. ) ;
#2902 = DIRECTION ( 'NONE',  ( 0.6295123653826714127, -0.7769904644397600535, 0.000000000000000000 ) ) ;
#2903 = CARTESIAN_POINT ( 'NONE',  ( 0.5599999999999999423, 2.683393944403530185, 38.10000000000000142 ) ) ;
#2904 = ORIENTED_EDGE ( 'NONE', *, *, #2265, .F. ) ;
#2905 = CARTESIAN_POINT ( 'NONE',  ( 12.05000000000000071, 5.599999999999999645, 0.000000000000000000 ) ) ;
#2906 = EDGE_LOOP ( 'NONE', ( #2972, #1116, #2149, #70 ) ) ;
#2907 = VERTEX_POINT ( 'NONE', #2433 ) ;
#2908 = CARTESIAN_POINT ( 'NONE',  ( 30.25000000000000000, 0.4000000000000000222, 38.10000000000000142 ) ) ;
#2909 = EDGE_CURVE ( 'NONE', #1114, #2185, #700, .T. ) ;
#2910 = LINE ( 'NONE', #3151, #3019 ) ;
#2911 = AXIS2_PLACEMENT_3D ( 'NONE', #1748, #2785, #2984 ) ;
#2912 = DIRECTION ( 'NONE',  ( 0.000000000000000000, 0.000000000000000000, 1.000000000000000000 ) ) ;
#2913 = LINE ( 'NONE', #243, #642 ) ;
#2914 = DIRECTION ( 'NONE',  ( 0.000000000000000000, 0.000000000000000000, 1.000000000000000000 ) ) ;
#2915 = VERTEX_POINT ( 'NONE', #1426 ) ;
#2916 = DIRECTION ( 'NONE',  ( 0.8900314912678273238, -0.4558990508342471437, 0.000000000000000000 ) ) ;
#2917 = EDGE_CURVE ( 'NONE', #909, #941, #1609, .T. ) ;
#2918 = ORIENTED_EDGE ( 'NONE', *, *, #2861, .T. ) ;
#2919 = ORIENTED_EDGE ( 'NONE', *, *, #2800, .F. ) ;
#2920 = CARTESIAN_POINT ( 'NONE',  ( 4.750000000000000000, 10.34999999999999964, 0.000000000000000000 ) ) ;
#2921 = CARTESIAN_POINT ( 'NONE',  ( 4.527444000752350206, 2.682368511142200429, 0.000000000000000000 ) ) ;
#2922 = ORIENTED_EDGE ( 'NONE', *, *, #814, .T. ) ;
#2923 = DIRECTION ( 'NONE',  ( 0.000000000000000000, 0.000000000000000000, 1.000000000000000000 ) ) ;
#2924 = ORIENTED_EDGE ( 'NONE', *, *, #1300, .F. ) ;
#2925 = DIRECTION ( 'NONE',  ( 0.000000000000000000, 0.000000000000000000, -1.000000000000000000 ) ) ;
#2926 = AXIS2_PLACEMENT_3D ( 'NONE', #601, #1630, #1163 ) ;
#2927 = VECTOR ( 'NONE', #2679, 1000.000000000000000 ) ;
#2928 = DIRECTION ( 'NONE',  ( 0.000000000000000000, 0.000000000000000000, 1.000000000000000000 ) ) ;
#2929 = DIRECTION ( 'NONE',  ( 0.000000000000000000, 0.000000000000000000, 1.000000000000000000 ) ) ;
#2930 = CARTESIAN_POINT ( 'NONE',  ( 4.993112851141060737, 12.50560537780379988, 38.10000000000000142 ) ) ;
#2931 = VECTOR ( 'NONE', #2553, 999.9999999999998863 ) ;
#2932 = EDGE_LOOP ( 'NONE', ( #1706, #1169, #610, #2849 ) ) ;
#2933 = EDGE_CURVE ( 'NONE', #86, #1617, #2415, .T. ) ;
#2934 = LINE ( 'NONE', #2158, #2780 ) ;
#2935 = AXIS2_PLACEMENT_3D ( 'NONE', #1248, #2230, #2524 ) ;
#2936 = LINE ( 'NONE', #224, #804 ) ;
#2937 = AXIS2_PLACEMENT_3D ( 'NONE', #967, #217, #1694 ) ;
#2938 = ORIENTED_EDGE ( 'NONE', *, *, #1543, .T. ) ;
#2939 = CARTESIAN_POINT ( 'NONE',  ( 4.071235690644890326, 5.548888888888889426, 0.000000000000000000 ) ) ;
#2940 = ORIENTED_EDGE ( 'NONE', *, *, #629, .T. ) ;
#2941 = EDGE_CURVE ( 'NONE', #643, #2999, #1520, .T. ) ;
#2942 = CARTESIAN_POINT ( 'NONE',  ( 3.719408481465199756, 7.124913129931869982, 0.000000000000000000 ) ) ;
#2943 = EDGE_CURVE ( 'NONE', #2834, #1770, #109, .T. ) ;
#2944 = CARTESIAN_POINT ( 'NONE',  ( 30.14999999999999858, 2.350000000000000089, 19.05000000000000071 ) ) ;
#2945 = ORIENTED_EDGE ( 'NONE', *, *, #1120, .T. ) ;
#2946 = DIRECTION ( 'NONE',  ( 0.5563899981191265942, 0.8309212778554887491, 0.000000000000000000 ) ) ;
#2947 = ORIENTED_EDGE ( 'NONE', *, *, #526, .T. ) ;
#2948 = CARTESIAN_POINT ( 'NONE',  ( 19.05000000000000071, 6.350000000001609912, 18.30000000000000071 ) ) ;
#2949 = DIRECTION ( 'NONE',  ( 0.8900314912678286561, -0.4558990508342443682, 0.000000000000000000 ) ) ;
#2950 = LINE ( 'NONE', #2420, #2282 ) ;
#2951 = FACE_OUTER_BOUND ( 'NONE', #1234, .T. ) ;
#2952 = CARTESIAN_POINT ( 'NONE',  ( 34.71052606581859834, 9.309884173242489069, 38.10000000000000142 ) ) ;
#2953 = EDGE_CURVE ( 'NONE', #556, #1111, #539, .T. ) ;
#2954 = CARTESIAN_POINT ( 'NONE',  ( 4.750000000000000000, 2.350000000000000089, 38.10000000000000142 ) ) ;
#2955 = DIRECTION ( 'NONE',  ( 1.000000000000000000, 0.000000000000000000, 0.000000000000000000 ) ) ;
#2956 = ORIENTED_EDGE ( 'NONE', *, *, #320, .F. ) ;
#2957 = LINE ( 'NONE', #2161, #107 ) ;
#2958 = ORIENTED_EDGE ( 'NONE', *, *, #812, .T. ) ;
#2959 = DIRECTION ( 'NONE',  ( 0.000000000000000000, 0.000000000000000000, -1.000000000000000000 ) ) ;
#2960 = DIRECTION ( 'NONE',  ( 0.000000000000000000, 0.000000000000000000, 1.000000000000000000 ) ) ;
#2961 = EDGE_LOOP ( 'NONE', ( #2079, #1703, #2519, #2482 ) ) ;
#2962 = CYLINDRICAL_SURFACE ( 'NONE', #3175, 1.600000000000000755 ) ;
#2963 = EDGE_CURVE ( 'NONE', #2624, #756, #2330, .T. ) ;
#2964 = ORIENTED_EDGE ( 'NONE', *, *, #189, .T. ) ;
#2965 = LINE ( 'NONE', #738, #2986 ) ;
#2966 = CARTESIAN_POINT ( 'NONE',  ( 0.4000000000000000222, 12.30000000000000071, 0.000000000000000000 ) ) ;
#2967 = CARTESIAN_POINT ( 'NONE',  ( 27.59311285114109680, 4.055605377803820133, 0.000000000000000000 ) ) ;
#2968 = LINE ( 'NONE', #1069, #720 ) ;
#2969 = DIRECTION ( 'NONE',  ( 0.000000000000000000, 0.000000000000000000, 1.000000000000000000 ) ) ;
#2970 = DIRECTION ( 'NONE',  ( 0.000000000000000000, 0.000000000000000000, 1.000000000000000000 ) ) ;
#2971 = VECTOR ( 'NONE', #2172, 1000.000000000000114 ) ;
#2972 = ORIENTED_EDGE ( 'NONE', *, *, #1203, .T. ) ;
#2973 = AXIS2_PLACEMENT_3D ( 'NONE', #2589, #3055, #2799 ) ;
#2974 = DIRECTION ( 'NONE',  ( -0.7769904644397552795, 0.6295123653826771859, 0.000000000000000000 ) ) ;
#2975 = VECTOR ( 'NONE', #2296, 1000.000000000000000 ) ;
#2976 = ORIENTED_EDGE ( 'NONE', *, *, #1447, .T. ) ;
#2977 = EDGE_CURVE ( 'NONE', #1742, #643, #1633, .T. ) ;
#2978 = CARTESIAN_POINT ( 'NONE',  ( 26.14999999999999858, 0.4000000000000000222, 0.000000000000000000 ) ) ;
#2979 = ORIENTED_EDGE ( 'NONE', *, *, #3162, .T. ) ;
#2980 = DIRECTION ( 'NONE',  ( 0.000000000000000000, 0.000000000000000000, -1.000000000000000000 ) ) ;
#2981 = ORIENTED_EDGE ( 'NONE', *, *, #2832, .T. ) ;
#2982 = CYLINDRICAL_SURFACE ( 'NONE', #1526, 1.049999999999980727 ) ;
#2983 = ORIENTED_EDGE ( 'NONE', *, *, #1939, .T. ) ;
#2984 = DIRECTION ( 'NONE',  ( 0.000000000000000000, 0.000000000000000000, -1.000000000000000000 ) ) ;
#2985 = LINE ( 'NONE', #1468, #778 ) ;
#2986 = VECTOR ( 'NONE', #2754, 1000.000000000000000 ) ;
#2987 = FACE_OUTER_BOUND ( 'NONE', #2995, .T. ) ;
#2988 = ADVANCED_FACE ( 'NONE', ( #2150 ), #2186, .T. ) ;
#2989 = DIRECTION ( 'NONE',  ( 0.9963139932601037252, 0.08578127321336566358, 0.000000000000000000 ) ) ;
#2990 = AXIS2_PLACEMENT_3D ( 'NONE', #1221, #3018, #2206 ) ;
#2991 = SHAPE_DEFINITION_REPRESENTATION ( #823, #1242 ) ;
#2992 = AXIS2_PLACEMENT_3D ( 'NONE', #2195, #453, #1434 ) ;
#2993 = ORIENTED_EDGE ( 'NONE', *, *, #305, .T. ) ;
#2994 = AXIS2_PLACEMENT_3D ( 'NONE', #1, #710, #1698 ) ;
#2995 = EDGE_LOOP ( 'NONE', ( #1554, #974, #3007, #2938 ) ) ;
#2996 = LINE ( 'NONE', #1254, #1416 ) ;
#2997 = VERTEX_POINT ( 'NONE', #159 ) ;
#2998 = EDGE_LOOP ( 'NONE', ( #2753, #2388, #703, #2739 ) ) ;
#2999 = VERTEX_POINT ( 'NONE', #924 ) ;
#3000 = DIRECTION ( 'NONE',  ( -0.8577821278526517323, -0.5140134445095545512, 0.000000000000000000 ) ) ;
#3001 = EDGE_LOOP ( 'NONE', ( #1884, #2522, #527, #2470 ) ) ;
#3002 = CARTESIAN_POINT ( 'NONE',  ( 22.34999999999999787, 7.100000000003220180, 4.500000000000000000 ) ) ;
#3003 = DIRECTION ( 'NONE',  ( -0.6295123653826779631, 0.7769904644397546134, 0.000000000000000000 ) ) ;
#3004 = CARTESIAN_POINT ( 'NONE',  ( 5.106012596507130574, 10.53235962033370043, 0.000000000000000000 ) ) ;
#3005 = DIRECTION ( 'NONE',  ( 0.000000000000000000, 0.000000000000000000, 1.000000000000000000 ) ) ;
#3006 = ADVANCED_FACE ( 'NONE', ( #1146 ), #963, .T. ) ;
#3007 = ORIENTED_EDGE ( 'NONE', *, *, #1312, .T. ) ;
#3008 = VERTEX_POINT ( 'NONE', #478 ) ;
#3009 = ORIENTED_EDGE ( 'NONE', *, *, #1235, .F. ) ;
#3010 = ORIENTED_EDGE ( 'NONE', *, *, #1874, .T. ) ;
#3011 = LINE ( 'NONE', #1317, #1677 ) ;
#3012 = VERTEX_POINT ( 'NONE', #495 ) ;
#3013 = CARTESIAN_POINT ( 'NONE',  ( 29.39528150943549889, 7.080000000000000071, 38.10000000000000142 ) ) ;
#3014 = EDGE_CURVE ( 'NONE', #2314, #1572, #2858, .T. ) ;
#3015 = CARTESIAN_POINT ( 'NONE',  ( 22.84999999999999787, 7.100000000003220180, 3.633974596215560293 ) ) ;
#3016 = CARTESIAN_POINT ( 'NONE',  ( 5.106012596507130574, 2.167640379666299744, 0.000000000000000000 ) ) ;
#3017 = EDGE_LOOP ( 'NONE', ( #1786, #689, #2146, #1784, #1846, #2002, #827, #2730, #2635, #718, #1401, #998, #1600, #1219 ) ) ;
#3018 = DIRECTION ( 'NONE',  ( 0.000000000000000000, 0.000000000000000000, -1.000000000000000000 ) ) ;
#3019 = VECTOR ( 'NONE', #3209, 999.9999999999998863 ) ;
#3020 = VECTOR ( 'NONE', #2769, 1000.000000000000000 ) ;
#3021 = EDGE_CURVE ( 'NONE', #2026, #3012, #567, .T. ) ;
#3022 = ORIENTED_EDGE ( 'NONE', *, *, #2277, .T. ) ;
#3023 = ORIENTED_EDGE ( 'NONE', *, *, #1999, .F. ) ;
#3024 = DIRECTION ( 'NONE',  ( 0.000000000000000000, 0.000000000000000000, 1.000000000000000000 ) ) ;
#3025 = ORIENTED_EDGE ( 'NONE', *, *, #1312, .F. ) ;
#3026 = CARTESIAN_POINT ( 'NONE',  ( 22.84999999999999787, 7.100000000003220180, 5.366025403784440151 ) ) ;
#3027 = CIRCLE ( 'NONE', #2722, 1.049999999999999378 ) ;
#3028 = CARTESIAN_POINT ( 'NONE',  ( 34.50000000000000000, 0.4000000000000000222, 0.000000000000000000 ) ) ;
#3029 = CARTESIAN_POINT ( 'NONE',  ( 27.25000000000000000, 8.849999999999999645, 0.000000000000000000 ) ) ;
#3030 = ADVANCED_FACE ( 'NONE', ( #2816 ), #2208, .T. ) ;
#3031 = VERTEX_POINT ( 'NONE', #2311 ) ;
#3032 = CARTESIAN_POINT ( 'NONE',  ( 32.66000000000000369, 3.416606055596469904, 0.000000000000000000 ) ) ;
#3033 = AXIS2_PLACEMENT_3D ( 'NONE', #1886, #2884, #1646 ) ;
#3034 = VECTOR ( 'NONE', #1778, 1000.000000000000000 ) ;
#3035 = CARTESIAN_POINT ( 'NONE',  ( 7.649999999999999467, 3.850000000000000089, 19.05000000000000071 ) ) ;
#3036 = AXIS2_PLACEMENT_3D ( 'NONE', #1797, #1542, #493 ) ;
#3037 = AXIS2_PLACEMENT_3D ( 'NONE', #2232, #3005, #2266 ) ;
#3038 = CIRCLE ( 'NONE', #1744, 0.4000000000000012434 ) ;
#3039 = EDGE_CURVE ( 'NONE', #756, #547, #1311, .T. ) ;
#3040 = ORIENTED_EDGE ( 'NONE', *, *, #2554, .T. ) ;
#3041 = ADVANCED_FACE ( 'NONE', ( #1500 ), #2804, .T. ) ;
#3042 = ORIENTED_EDGE ( 'NONE', *, *, #1215, .F. ) ;
#3043 = DIRECTION ( 'NONE',  ( 0.000000000000000000, -1.000000000000000000, 0.000000000000000000 ) ) ;
#3044 = ORIENTED_EDGE ( 'NONE', *, *, #812, .F. ) ;
#3045 = CYLINDRICAL_SURFACE ( 'NONE', #68, 0.3999999999999994671 ) ;
#3046 = DIRECTION ( 'NONE',  ( 0.4000000000000002998, 0.9165151389911679880, 0.000000000000000000 ) ) ;
#3047 = LINE ( 'NONE', #2332, #2200 ) ;
#3048 = CARTESIAN_POINT ( 'NONE',  ( 30.60601259650710304, 12.11764037966630170, 38.10000000000000142 ) ) ;
#3049 = CARTESIAN_POINT ( 'NONE',  ( 12.55000000000000071, 7.100000000003220180, 4.500000000000000000 ) ) ;
#3050 = CARTESIAN_POINT ( 'NONE',  ( 2.399999999999999911, 3.050000000000000266, 19.05000000000000071 ) ) ;
#3051 = VERTEX_POINT ( 'NONE', #1556 ) ;
#3052 = EDGE_LOOP ( 'NONE', ( #1227, #2013, #2056, #2450 ) ) ;
#3053 = CARTESIAN_POINT ( 'NONE',  ( 22.84999999999999787, 7.100000000003220180, 5.366025403784440151 ) ) ;
#3054 = ORIENTED_EDGE ( 'NONE', *, *, #1270, .T. ) ;
#3055 = DIRECTION ( 'NONE',  ( 0.000000000000000000, 1.000000000000000000, 0.000000000000000000 ) ) ;
#3056 = LINE ( 'NONE', #1834, #964 ) ;
#3057 = DIRECTION ( 'NONE',  ( 0.08578127321337397637, 0.9963139932601029480, 0.000000000000000000 ) ) ;
#3058 = CARTESIAN_POINT ( 'NONE',  ( 17.44999999999999929, 6.350000000001609912, 18.30000000000000071 ) ) ;
#3059 = CIRCLE ( 'NONE', #324, 1.600000000000000755 ) ;
#3060 = DIRECTION ( 'NONE',  ( 0.06698375950074297869, 0.9977540658715184918, 0.000000000000000000 ) ) ;
#3061 = EDGE_CURVE ( 'NONE', #2688, #909, #754, .T. ) ;
#3062 = CIRCLE ( 'NONE', #1979, 1.600000000000000755 ) ;
#3063 = VERTEX_POINT ( 'NONE', #2541 ) ;
#3064 = ORIENTED_EDGE ( 'NONE', *, *, #2015, .T. ) ;
#3065 = DIRECTION ( 'NONE',  ( -0.6295123653826767418, 0.7769904644397556126, 0.000000000000000000 ) ) ;
#3066 = CARTESIAN_POINT ( 'NONE',  ( 32.66000000000000369, 3.416606055596469904, 38.10000000000000142 ) ) ;
#3067 = VECTOR ( 'NONE', #1666, 1000.000000000000114 ) ;
#3068 = AXIS2_PLACEMENT_3D ( 'NONE', #2366, #105, #1090 ) ;
#3069 = CARTESIAN_POINT ( 'NONE',  ( 29.79398740349289909, 10.53235962033370043, 38.10000000000000142 ) ) ;
#3070 = CARTESIAN_POINT ( 'NONE',  ( 0.6225559992476510374, 12.63236851114220016, 0.000000000000000000 ) ) ;
#3071 = ADVANCED_FACE ( 'NONE', ( #2053 ), #65, .F. ) ;
#3072 = EDGE_CURVE ( 'NONE', #416, #3121, #2738, .T. ) ;
#3073 = CARTESIAN_POINT ( 'NONE',  ( 12.05000000000000071, 5.599999999999999645, 3.633974596215560293 ) ) ;
#3074 = AXIS2_PLACEMENT_3D ( 'NONE', #1244, #1018, #2170 ) ;
#3075 = LINE ( 'NONE', #119, #3116 ) ;
#3076 = AXIS2_PLACEMENT_3D ( 'NONE', #2014, #315, #800 ) ;
#3077 = AXIS2_PLACEMENT_3D ( 'NONE', #2921, #387, #697 ) ;
#3078 = CARTESIAN_POINT ( 'NONE',  ( 30.37255599924770166, 2.682368511142200429, 0.000000000000000000 ) ) ;
#3079 = CIRCLE ( 'NONE', #2558, 0.4000000000000004663 ) ;
#3080 = VECTOR ( 'NONE', #90, 999.9999999999998863 ) ;
#3081 = VERTEX_POINT ( 'NONE', #1054 ) ;
#3082 = ORIENTED_EDGE ( 'NONE', *, *, #1913, .T. ) ;
#3083 = PLANE ( 'NONE',  #2729 ) ;
#3084 = AXIS2_PLACEMENT_3D ( 'NONE', #1654, #1470, #3173 ) ;
#3085 = EDGE_CURVE ( 'NONE', #529, #552, #1147, .T. ) ;
#3086 = CARTESIAN_POINT ( 'NONE',  ( 4.993112851141060737, 12.50560537780379988, 0.000000000000000000 ) ) ;
#3087 = AXIS2_PLACEMENT_3D ( 'NONE', #2908, #1149, #2133 ) ;
#3088 = ORIENTED_EDGE ( 'NONE', *, *, #852, .T. ) ;
#3089 = CARTESIAN_POINT ( 'NONE',  ( 3.719408481465199756, 7.124913129931869982, 38.10000000000000142 ) ) ;
#3090 = CARTESIAN_POINT ( 'NONE',  ( 34.75180494615310778, 0.7107961857759079738, 0.000000000000000000 ) ) ;
#3091 = DIRECTION ( 'NONE',  ( 0.000000000000000000, 0.000000000000000000, -1.000000000000000000 ) ) ;
#3092 = EDGE_CURVE ( 'NONE', #2278, #699, #2446, .T. ) ;
#3093 = DIRECTION ( 'NONE',  ( -0.5263151645464938522, -0.8502895668937712204, 0.000000000000000000 ) ) ;
#3094 = EDGE_LOOP ( 'NONE', ( #2655, #1439, #903, #2638 ) ) ;
#3095 = ORIENTED_EDGE ( 'NONE', *, *, #1674, .F. ) ;
#3096 = DIRECTION ( 'NONE',  ( 0.000000000000000000, -1.000000000000000000, 0.000000000000000000 ) ) ;
#3097 = AXIS2_PLACEMENT_3D ( 'NONE', #165, #665, #426 ) ;
#3098 = CARTESIAN_POINT ( 'NONE',  ( 4.527444000752350206, 2.682368511142200429, 0.000000000000000000 ) ) ;
#3099 = VERTEX_POINT ( 'NONE', #2280 ) ;
#3100 = DIRECTION ( 'NONE',  ( 0.4000000000000004108, 0.9165151389911678770, 0.000000000000000000 ) ) ;
#3101 = CARTESIAN_POINT ( 'NONE',  ( 8.048525597304038826, 3.884312509285349879, 0.000000000000000000 ) ) ;
#3102 = EDGE_CURVE ( 'NONE', #2261, #3119, #2385, .T. ) ;
#3103 = LINE ( 'NONE', #1850, #3193 ) ;
#3104 = LINE ( 'NONE', #2862, #1458 ) ;
#3105 = VERTEX_POINT ( 'NONE', #2555 ) ;
#3106 = VERTEX_POINT ( 'NONE', #253 ) ;
#3107 = CARTESIAN_POINT ( 'NONE',  ( 0.6225559992476510374, 12.63236851114220016, 38.10000000000000142 ) ) ;
#3108 = EDGE_CURVE ( 'NONE', #1907, #273, #2224, .T. ) ;
#3109 = DIRECTION ( 'NONE',  ( 0.000000000000000000, 0.000000000000000000, 1.000000000000000000 ) ) ;
#3110 = CARTESIAN_POINT ( 'NONE',  ( 30.82876430935509759, 7.151111111111110752, 0.000000000000000000 ) ) ;
#3111 = CIRCLE ( 'NONE', #742, 0.4000000000000001887 ) ;
#3112 = VERTEX_POINT ( 'NONE', #311 ) ;
#3113 = VECTOR ( 'NONE', #1505, 1000.000000000000227 ) ;
#3114 = DIRECTION ( 'NONE',  ( 0.8577821278526533977, 0.5140134445095519977, 0.000000000000000000 ) ) ;
#3115 = DIRECTION ( 'NONE',  ( -0.4000000000000007994, -0.9165151389911676549, 0.000000000000000000 ) ) ;
#3116 = VECTOR ( 'NONE', #2322, 1000.000000000000000 ) ;
#3117 = CARTESIAN_POINT ( 'NONE',  ( 2.651804946153069942, 2.739203814224099975, 38.10000000000000142 ) ) ;
#3118 = LINE ( 'NONE', #2845, #2597 ) ;
#3119 = VERTEX_POINT ( 'NONE', #79 ) ;
#3120 = CARTESIAN_POINT ( 'NONE',  ( 0.1894739341814030142, 9.309884173242489069, 38.10000000000000142 ) ) ;
#3121 = VERTEX_POINT ( 'NONE', #1296 ) ;
#3122 = ORIENTED_EDGE ( 'NONE', *, *, #608, .T. ) ;
#3123 = DIRECTION ( 'NONE',  ( 0.000000000000000000, 0.000000000000000000, -1.000000000000000000 ) ) ;
#3124 = DIRECTION ( 'NONE',  ( 0.9977540658715187138, 0.06698375950073885698, 0.000000000000000000 ) ) ;
#3125 = VECTOR ( 'NONE', #2865, 1000.000000000000000 ) ;
#3126 = CIRCLE ( 'NONE', #2137, 0.3999999999999999112 ) ;
#3127 = VERTEX_POINT ( 'NONE', #825 ) ;
#3128 = CARTESIAN_POINT ( 'NONE',  ( 3.719408481465199756, 7.124913129931869982, 38.10000000000000142 ) ) ;
#3129 = ADVANCED_FACE ( 'NONE', ( #1079 ), #2064, .F. ) ;
#3130 = PRESENTATION_LAYER_ASSIGNMENT (  '', '', ( #1832 ) ) ;
#3131 = ORIENTED_EDGE ( 'NONE', *, *, #1811, .F. ) ;
#3132 = CARTESIAN_POINT ( 'NONE',  ( 4.293987403492869781, 0.5823596203336999233, 38.10000000000000142 ) ) ;
#3133 = DIRECTION ( 'NONE',  ( 0.000000000000000000, 0.000000000000000000, -1.000000000000000000 ) ) ;
#3134 = FACE_OUTER_BOUND ( 'NONE', #2126, .T. ) ;
#3135 = CARTESIAN_POINT ( 'NONE',  ( 25.39999999999999858, 7.100000000003220180, 38.10000000000000142 ) ) ;
#3136 = CARTESIAN_POINT ( 'NONE',  ( 28.94999999999999929, 7.080000000000000071, 0.000000000000000000 ) ) ;
#3137 = APPLICATION_PROTOCOL_DEFINITION ( 'draft international standard', 'automotive_design', 1998, #2498 ) ;
#3138 = ADVANCED_FACE ( 'NONE', ( #982 ), #2962, .F. ) ;
#3139 = ORIENTED_EDGE ( 'NONE', *, *, #2033, .F. ) ;
#3140 = DIRECTION ( 'NONE',  ( 0.000000000000000000, 0.000000000000000000, -1.000000000000000000 ) ) ;
#3141 = ORIENTED_EDGE ( 'NONE', *, *, #116, .T. ) ;
#3142 = ADVANCED_FACE ( 'NONE', ( #2896 ), #866, .T. ) ;
#3143 = ORIENTED_EDGE ( 'NONE', *, *, #1285, .T. ) ;
#3144 = DIRECTION ( 'NONE',  ( -0.8900314912678271018, 0.4558990508342474768, 0.000000000000000000 ) ) ;
#3145 = CARTESIAN_POINT ( 'NONE',  ( 2.651804946153069942, 9.960796185775901534, 38.10000000000000142 ) ) ;
#3146 = ORIENTED_EDGE ( 'NONE', *, *, #1343, .T. ) ;
#3147 = CARTESIAN_POINT ( 'NONE',  ( 0.4000000000000000222, 12.30000000000000071, 38.10000000000000142 ) ) ;
#3148 = ORIENTED_EDGE ( 'NONE', *, *, #106, .T. ) ;
#3149 = ORIENTED_EDGE ( 'NONE', *, *, #1525, .F. ) ;
#3150 = FACE_OUTER_BOUND ( 'NONE', #1428, .T. ) ;
#3151 = CARTESIAN_POINT ( 'NONE',  ( 2.651804946153069942, 2.739203814224099975, 0.000000000000000000 ) ) ;
#3152 = CARTESIAN_POINT ( 'NONE',  ( 17.44999999999999929, 6.350000000001609912, 25.39999999999999858 ) ) ;
#3153 = CARTESIAN_POINT ( 'NONE',  ( 29.79398740349289909, 10.53235962033370043, 0.000000000000000000 ) ) ;
#3154 = EDGE_CURVE ( 'NONE', #3106, #2837, #851, .T. ) ;
#3155 = CARTESIAN_POINT ( 'NONE',  ( 32.24819505384689933, 9.960796185775901534, 0.000000000000000000 ) ) ;
#3156 = VERTEX_POINT ( 'NONE', #1337 ) ;
#3157 = DIRECTION ( 'NONE',  ( 0.000000000000000000, 0.000000000000000000, -1.000000000000000000 ) ) ;
#3158 = ORIENTED_EDGE ( 'NONE', *, *, #1093, .F. ) ;
#3159 = ORIENTED_EDGE ( 'NONE', *, *, #1351, .F. ) ;
#3160 = DIRECTION ( 'NONE',  ( 0.6464421993858202597, 0.7629629629629629539, 0.000000000000000000 ) ) ;
#3161 = FACE_OUTER_BOUND ( 'NONE', #1059, .T. ) ;
#3162 = EDGE_CURVE ( 'NONE', #344, #3063, #226, .T. ) ;
#3163 = ORIENTED_EDGE ( 'NONE', *, *, #970, .T. ) ;
#3164 = DIRECTION ( 'NONE',  ( 0.000000000000000000, 0.000000000000000000, -1.000000000000000000 ) ) ;
#3165 = EDGE_CURVE ( 'NONE', #2619, #3105, #1106, .T. ) ;
#3166 = VERTEX_POINT ( 'NONE', #1134 ) ;
#3167 = ORIENTED_EDGE ( 'NONE', *, *, #1955, .F. ) ;
#3168 = CARTESIAN_POINT ( 'NONE',  ( 7.649999999999999467, 3.850000000000000089, 0.000000000000000000 ) ) ;
#3169 = DIRECTION ( 'NONE',  ( 0.000000000000000000, 0.000000000000000000, -1.000000000000000000 ) ) ;
#3170 = AXIS2_PLACEMENT_3D ( 'NONE', #1190, #2134, #1636 ) ;
#3171 = CARTESIAN_POINT ( 'NONE',  ( 0.1481950538469299916, 0.7107961857759029778, 0.000000000000000000 ) ) ;
#3172 = VECTOR ( 'NONE', #128, 999.9999999999998863 ) ;
#3173 = DIRECTION ( 'NONE',  ( -0.6464421993858179283, -0.7629629629629647303, 0.000000000000000000 ) ) ;
#3174 = DIRECTION ( 'NONE',  ( -0.06698375950074098029, 0.9977540658715186028, 0.000000000000000000 ) ) ;
#3175 = AXIS2_PLACEMENT_3D ( 'NONE', #736, #1483, #1241 ) ;
#3176 = EDGE_CURVE ( 'NONE', #1745, #1307, #3075, .T. ) ;
#3177 = ADVANCED_FACE ( 'NONE', ( #651 ), #2598, .F. ) ;
#3178 = ORIENTED_EDGE ( 'NONE', *, *, #2112, .T. ) ;
#3179 = CARTESIAN_POINT ( 'NONE',  ( 8.750000000000000000, 12.30000000000000071, 0.000000000000000000 ) ) ;
#3180 = ORIENTED_EDGE ( 'NONE', *, *, #1638, .T. ) ;
#3181 = VECTOR ( 'NONE', #1672, 1000.000000000000000 ) ;
#3182 = DIRECTION ( 'NONE',  ( 0.9963139932601037252, 0.08578127321336566358, 0.000000000000000000 ) ) ;
#3183 = CARTESIAN_POINT ( 'NONE',  ( 29.39528150943549889, 5.620000000000000107, 0.000000000000000000 ) ) ;
#3184 = VERTEX_POINT ( 'NONE', #669 ) ;
#3185 = DIRECTION ( 'NONE',  ( 0.000000000000000000, 0.000000000000000000, -1.000000000000000000 ) ) ;
#3186 = EDGE_CURVE ( 'NONE', #1800, #2372, #1379, .T. ) ;
#3187 = ORIENTED_EDGE ( 'NONE', *, *, #21, .F. ) ;
#3188 = CARTESIAN_POINT ( 'NONE',  ( 30.14999999999999858, 2.350000000000000089, 0.000000000000000000 ) ) ;
#3189 = VECTOR ( 'NONE', #469, 1000.000000000000000 ) ;
#3190 = DIRECTION ( 'NONE',  ( 0.4558990508342471437, 0.8900314912678273238, 0.000000000000000000 ) ) ;
#3191 = PLANE ( 'NONE',  #2177 ) ;
#3192 = CARTESIAN_POINT ( 'NONE',  ( 2.239999999999999769, 9.283393944403529829, 0.000000000000000000 ) ) ;
#3193 = VECTOR ( 'NONE', #395, 1000.000000000000000 ) ;
#3194 = VECTOR ( 'NONE', #1210, 1000.000000000000000 ) ;
#3195 = DIRECTION ( 'NONE',  ( -0.8900314912678268797, -0.4558990508342479209, 0.000000000000000000 ) ) ;
#3196 = AXIS2_PLACEMENT_3D ( 'NONE', #468, #2726, #1173 ) ;
#3197 = LINE ( 'NONE', #187, #848 ) ;
#3198 = EDGE_LOOP ( 'NONE', ( #2339, #110, #1435, #2477 ) ) ;
#3199 = EDGE_CURVE ( 'NONE', #460, #981, #3118, .T. ) ;
#3200 = DIRECTION ( 'NONE',  ( 0.000000000000000000, 0.000000000000000000, -1.000000000000000000 ) ) ;
#3201 = EDGE_LOOP ( 'NONE', ( #2254, #2475, #271, #600 ) ) ;
#3202 = DIRECTION ( 'NONE',  ( -0.7187795148233577791, -0.6952380952380977641, 0.000000000000000000 ) ) ;
#3203 = LINE ( 'NONE', #795, #2515 ) ;
#3204 = VERTEX_POINT ( 'NONE', #897 ) ;
#3205 = CARTESIAN_POINT ( 'NONE',  ( 17.44999999999999929, 7.100000000003220180, 13.50000000000000000 ) ) ;
#3206 = ORIENTED_EDGE ( 'NONE', *, *, #42, .F. ) ;
#3207 = ORIENTED_EDGE ( 'NONE', *, *, #1674, .T. ) ;
#3208 = DIRECTION ( 'NONE',  ( 0.000000000000000000, -1.000000000000000000, 0.000000000000000000 ) ) ;
#3209 = DIRECTION ( 'NONE',  ( -0.7769904644397557236, -0.6295123653826767418, 0.000000000000000000 ) ) ;
#3210 = DIRECTION ( 'NONE',  ( 0.000000000000000000, 0.000000000000000000, 1.000000000000000000 ) ) ;
ENDSEC;
END-ISO-10303-21;
