ISO-10303-21;
HEADER;
FILE_DESCRIPTION (( 'STEP AP214' ),
    '1' );
FILE_NAME ('User Library-LED_0603_B.STEP',
    '2022-10-14T07:42:54',
    ( '' ),
    ( '' ),
    'SwSTEP 2.0',
    'SolidWorks 2022',
    '' );
FILE_SCHEMA (( 'AUTOMOTIVE_DESIGN' ));
ENDSEC;

DATA;
#1 = DIRECTION ( 'NONE',  ( 0.0000000000000000000, 1.000000000000000000, 0.0000000000000000000 ) ) ;
#2 = CARTESIAN_POINT ( 'NONE',  ( -0.7399999999999999911, -0.2999999999999999889, 0.2000000000000000111 ) ) ;
#3 = EDGE_CURVE ( 'NONE', #973, #1960, #486, .T. ) ;
#4 = VECTOR ( 'NONE', #2107, 1000.000000000000000 ) ;
#5 = LINE ( 'NONE', #373, #2132 ) ;
#6 = CARTESIAN_POINT ( 'NONE',  ( -0.4715678837578453075, 0.3215678837576905758, 0.5817080228269734254 ) ) ;
#7 =( LENGTH_UNIT ( ) NAMED_UNIT ( * ) SI_UNIT ( .MILLI., .METRE. ) );
#8 = DIRECTION ( 'NONE',  ( -0.0000000000000000000, -0.0000000000000000000, -1.000000000000000000 ) ) ;
#9 = UNCERTAINTY_MEASURE_WITH_UNIT (LENGTH_MEASURE( 1.000000000000000082E-05 ), #377, 'distance_accuracy_value', 'NONE');
#10 = SURFACE_STYLE_FILL_AREA ( #541 ) ;
#11 = MECHANICAL_DESIGN_GEOMETRIC_PRESENTATION_REPRESENTATION (  '', ( #1712 ), #1128 ) ;
#12 = SURFACE_SIDE_STYLE ('',( #427 ) ) ;
#13 = FILL_AREA_STYLE ('',( #534 ) ) ;
#14 = COLOUR_RGB ( '',0.0000000000000000000, 0.6666666666666666297, 0.0000000000000000000 ) ;
#15 = ORIENTED_EDGE ( 'NONE', *, *, #220, .F. ) ;
#16 = CARTESIAN_POINT ( 'NONE',  ( 0.2000000000000000111, -0.4000000000000000222, 4.898587196586999654E-17 ) ) ;
#17 = EDGE_CURVE ( 'NONE', #1198, #1186, #526, .T. ) ;
#18 =( NAMED_UNIT ( * ) PLANE_ANGLE_UNIT ( ) SI_UNIT ( $, .RADIAN. ) );
#19 = DIRECTION ( 'NONE',  ( 0.0000000000000000000, 0.0000000000000000000, 1.000000000000000000 ) ) ;
#20 = AXIS2_PLACEMENT_3D ( 'NONE', #780, #2211, #2242 ) ;
#21 = ADVANCED_FACE ( 'NONE', ( #333 ), #514, .F. ) ;
#22 = CYLINDRICAL_SURFACE ( 'NONE', #770, 0.03999999999999999389 ) ;
#23 = VECTOR ( 'NONE', #2038, 1000.000000000000000 ) ;
#24 = SURFACE_SIDE_STYLE ('',( #2013 ) ) ;
#25 = FILL_AREA_STYLE_COLOUR ( '', #182 ) ;
#26 =( GEOMETRIC_REPRESENTATION_CONTEXT ( 3 ) GLOBAL_UNCERTAINTY_ASSIGNED_CONTEXT ( ( #140 ) ) GLOBAL_UNIT_ASSIGNED_CONTEXT ( ( #557, #1822, #1870 ) ) REPRESENTATION_CONTEXT ( 'NONE', 'WORKASPACE' ) );
#27 = FACE_OUTER_BOUND ( 'NONE', #755, .T. ) ;
#28 = ORIENTED_EDGE ( 'NONE', *, *, #2113, .F. ) ;
#29 = CARTESIAN_POINT ( 'NONE',  ( 0.8000000000000000444, 0.4000000000000000222, 0.0000000000000000000 ) ) ;
#30 = CARTESIAN_POINT ( 'NONE',  ( 0.0000000000000000000, -0.09999999999999999167, 0.002000000000000000042 ) ) ;
#31 =( LENGTH_UNIT ( ) NAMED_UNIT ( * ) SI_UNIT ( .MILLI., .METRE. ) );
#32 = PLANE ( 'NONE',  #278 ) ;
#33 = MECHANICAL_DESIGN_GEOMETRIC_PRESENTATION_REPRESENTATION (  '', ( #194 ), #1693 ) ;
#34 = CARTESIAN_POINT ( 'NONE',  ( -0.2000000000000000111, -0.1000000000000000056, 0.002000000000000000042 ) ) ;
#35 = ADVANCED_FACE ( 'NONE', ( #1073 ), #2008, .T. ) ;
#36 = LINE ( 'NONE', #2209, #2324 ) ;
#37 =( GEOMETRIC_REPRESENTATION_CONTEXT ( 3 ) GLOBAL_UNCERTAINTY_ASSIGNED_CONTEXT ( ( #285 ) ) GLOBAL_UNIT_ASSIGNED_CONTEXT ( ( #1446, #352, #1815 ) ) REPRESENTATION_CONTEXT ( 'NONE', 'WORKASPACE' ) );
#38 = SURFACE_SIDE_STYLE ('',( #569 ) ) ;
#39 = APPLICATION_CONTEXT ( 'automotive_design' ) ;
#40 = VERTEX_POINT ( 'NONE', #1334 ) ;
#41 = PRESENTATION_STYLE_ASSIGNMENT (( #1699 ) ) ;
#42 = CARTESIAN_POINT ( 'NONE',  ( 0.2000000000000000111, 0.4000000000000000222, 0.002000000000000000042 ) ) ;
#43 =( LENGTH_UNIT ( ) NAMED_UNIT ( * ) SI_UNIT ( .MILLI., .METRE. ) );
#44 = PRODUCT ( 'Fillet', 'Fillet', '', ( #904 ) ) ;
#45 =( NAMED_UNIT ( * ) PLANE_ANGLE_UNIT ( ) SI_UNIT ( $, .RADIAN. ) );
#46 = VERTEX_POINT ( 'NONE', #417 ) ;
#47 = SURFACE_STYLE_USAGE ( .BOTH. , #1343 ) ;
#48 = CARTESIAN_POINT ( 'NONE',  ( 0.4000000000000000222, 0.4000000000000000222, 0.0000000000000000000 ) ) ;
#49 = PRESENTATION_LAYER_ASSIGNMENT (  '', '', ( #1942 ) ) ;
#50 = CARTESIAN_POINT ( 'NONE',  ( -0.8000000000000000444, 0.4000000000000000222, 0.0000000000000000000 ) ) ;
#51 = PRODUCT_DEFINITION ( 'UNKNOWN', '', #192, #2000 ) ;
#52 = EDGE_CURVE ( 'NONE', #1890, #836, #1684, .T. ) ;
#53 = DIRECTION ( 'NONE',  ( -0.0000000000000000000, 1.000000000000000000, 0.0000000000000000000 ) ) ;
#54 = MECHANICAL_DESIGN_GEOMETRIC_PRESENTATION_REPRESENTATION (  '', ( #1515 ), #400 ) ;
#55 = VECTOR ( 'NONE', #2074, 1000.000000000000000 ) ;
#56 = AXIS2_PLACEMENT_3D ( 'NONE', #917, #930, #760 ) ;
#57 = PRODUCT_DEFINITION_SHAPE ( 'NONE', 'NONE',  #2366 ) ;
#58 = MECHANICAL_DESIGN_GEOMETRIC_PRESENTATION_REPRESENTATION (  '', ( #1442 ), #690 ) ;
#59 = ORIENTED_EDGE ( 'NONE', *, *, #17, .T. ) ;
#60 = FACE_OUTER_BOUND ( 'NONE', #2058, .T. ) ;
#61 = DIRECTION ( 'NONE',  ( -0.0000000000000000000, -0.0000000000000000000, 1.000000000000000000 ) ) ;
#62 =( NAMED_UNIT ( * ) PLANE_ANGLE_UNIT ( ) SI_UNIT ( $, .RADIAN. ) );
#63 = FILL_AREA_STYLE_COLOUR ( '', #1965 ) ;
#64 = CONTEXT_DEPENDENT_SHAPE_REPRESENTATION ( #2323, #1131 ) ;
#65 = ORIENTED_EDGE ( 'NONE', *, *, #527, .F. ) ;
#66 = UNCERTAINTY_MEASURE_WITH_UNIT (LENGTH_MEASURE( 1.000000000000000082E-05 ), #43, 'distance_accuracy_value', 'NONE');
#67 =( NAMED_UNIT ( * ) PLANE_ANGLE_UNIT ( ) SI_UNIT ( $, .RADIAN. ) );
#68 = CARTESIAN_POINT ( 'NONE',  ( -1.734723475977000073E-18, 0.4000000000000000222, -4.898587196589000156E-17 ) ) ;
#69 = STYLED_ITEM ( 'NONE', ( #413 ), #402 ) ;
#70 = DIRECTION ( 'NONE',  ( 0.0000000000000000000, -1.224646799146999945E-16, -1.000000000000000000 ) ) ;
#71 = CARTESIAN_POINT ( 'NONE',  ( -0.8000000000000000444, 0.4000000000000000222, 0.0000000000000000000 ) ) ;
#72 = FILL_AREA_STYLE_COLOUR ( '', #1349 ) ;
#73 = VECTOR ( 'NONE', #1112, 1000.000000000000000 ) ;
#74 = EDGE_CURVE ( 'NONE', #1460, #1035, #330, .T. ) ;
#75 = PRESENTATION_LAYER_ASSIGNMENT (  '', '', ( #667 ) ) ;
#76 = VERTEX_POINT ( 'NONE', #1871 ) ;
#77 = DIRECTION ( 'NONE',  ( 0.0000000000000000000, 0.0000000000000000000, 1.000000000000000000 ) ) ;
#78 =( GEOMETRIC_REPRESENTATION_CONTEXT ( 3 ) GLOBAL_UNCERTAINTY_ASSIGNED_CONTEXT ( ( #1677 ) ) GLOBAL_UNIT_ASSIGNED_CONTEXT ( ( #357, #2003, #209 ) ) REPRESENTATION_CONTEXT ( 'NONE', 'WORKASPACE' ) );
#79 = PLANE ( 'NONE',  #1047 ) ;
#80 = SURFACE_SIDE_STYLE ('',( #2083 ) ) ;
#81 = EDGE_LOOP ( 'NONE', ( #812, #1111, #1922, #1417 ) ) ;
#82 =( NAMED_UNIT ( * ) SI_UNIT ( $, .STERADIAN. ) SOLID_ANGLE_UNIT ( ) );
#83 = ORIENTED_EDGE ( 'NONE', *, *, #1917, .F. ) ;
#84 = AXIS2_PLACEMENT_3D ( 'NONE', #1624, #1847, #2172 ) ;
#85 = LINE ( 'NONE', #809, #190 ) ;
#86 =( NAMED_UNIT ( * ) PLANE_ANGLE_UNIT ( ) SI_UNIT ( $, .RADIAN. ) );
#87 = MECHANICAL_DESIGN_GEOMETRIC_PRESENTATION_REPRESENTATION (  '', ( #2304 ), #1272 ) ;
#88 = EDGE_LOOP ( 'NONE', ( #183, #1546, #637, #1947 ) ) ;
#89 = PRESENTATION_STYLE_ASSIGNMENT (( #2230 ) ) ;
#90 = ADVANCED_FACE ( 'NONE', ( #27 ), #1899, .T. ) ;
#91 = PLANE ( 'NONE',  #2218 ) ;
#92 = DIRECTION ( 'NONE',  ( -0.08509140416868289647, -0.08509140416959970477, -0.9927330486455296921 ) ) ;
#93 = ORIENTED_EDGE ( 'NONE', *, *, #1819, .T. ) ;
#94 = UNCERTAINTY_MEASURE_WITH_UNIT (LENGTH_MEASURE( 1.000000000000000082E-05 ), #2289, 'distance_accuracy_value', 'NONE');
#95 = CARTESIAN_POINT ( 'NONE',  ( 0.2000000000000000111, 0.4000000000000000222, 0.002000000000000000042 ) ) ;
#96 = COLOUR_RGB ( '',0.0000000000000000000, 0.6666666666666666297, 0.0000000000000000000 ) ;
#97 =( GEOMETRIC_REPRESENTATION_CONTEXT ( 3 ) GLOBAL_UNCERTAINTY_ASSIGNED_CONTEXT ( ( #2267 ) ) GLOBAL_UNIT_ASSIGNED_CONTEXT ( ( #2037, #1147, #2220 ) ) REPRESENTATION_CONTEXT ( 'NONE', 'WORKASPACE' ) );
#98 = CARTESIAN_POINT ( 'NONE',  ( 0.0000000000000000000, -0.1000000000000000056, 0.002000000000000000042 ) ) ;
#99 = SURFACE_STYLE_USAGE ( .BOTH. , #1365 ) ;
#100 = SURFACE_SIDE_STYLE ('',( #2112 ) ) ;
#101 = DIRECTION ( 'NONE',  ( 0.0000000000000000000, 0.0000000000000000000, -1.000000000000000000 ) ) ;
#102 = COLOUR_RGB ( '',0.8000000000000000444, 0.8000000000000000444, 0.8000000000000000444 ) ;
#103 = VERTEX_POINT ( 'NONE', #1724 ) ;
#104 = COLOUR_RGB ( '',0.7803921568627451011, 0.5686274509803921351, 0.1137254901960784298 ) ;
#105 = PLANE ( 'NONE',  #701 ) ;
#106 = PLANE ( 'NONE',  #1490 ) ;
#107 =( NAMED_UNIT ( * ) SI_UNIT ( $, .STERADIAN. ) SOLID_ANGLE_UNIT ( ) );
#108 =( GEOMETRIC_REPRESENTATION_CONTEXT ( 3 ) GLOBAL_UNCERTAINTY_ASSIGNED_CONTEXT ( ( #1775 ) ) GLOBAL_UNIT_ASSIGNED_CONTEXT ( ( #343, #282, #119 ) ) REPRESENTATION_CONTEXT ( 'NONE', 'WORKASPACE' ) );
#109 = EDGE_CURVE ( 'NONE', #1165, #1672, #229, .T. ) ;
#110 = VERTEX_POINT ( 'NONE', #266 ) ;
#111 = SURFACE_STYLE_FILL_AREA ( #1048 ) ;
#112 = ORIENTED_EDGE ( 'NONE', *, *, #172, .F. ) ;
#113 = ADVANCED_FACE ( 'NONE', ( #1737 ), #811, .T. ) ;
#114 = LINE ( 'NONE', #296, #1299 ) ;
#115 = MECHANICAL_DESIGN_GEOMETRIC_PRESENTATION_REPRESENTATION (  '', ( #1082 ), #1028 ) ;
#116 = VECTOR ( 'NONE', #992, 1000.000000000000000 ) ;
#117 = FILL_AREA_STYLE_COLOUR ( '', #1918 ) ;
#118 = ORIENTED_EDGE ( 'NONE', *, *, #1710, .T. ) ;
#119 =( NAMED_UNIT ( * ) SI_UNIT ( $, .STERADIAN. ) SOLID_ANGLE_UNIT ( ) );
#120 =( NAMED_UNIT ( * ) PLANE_ANGLE_UNIT ( ) SI_UNIT ( $, .RADIAN. ) );
#121 = EDGE_LOOP ( 'NONE', ( #1644, #439, #614, #442 ) ) ;
#122 = AXIS2_PLACEMENT_3D ( 'NONE', #1307, #1855, #1119 ) ;
#123 = CARTESIAN_POINT ( 'NONE',  ( -0.6999999999999999556, -0.2999999999999999889, 0.2000000000000000111 ) ) ;
#124 = EDGE_LOOP ( 'NONE', ( #820, #2097, #1915, #1632 ) ) ;
#125 = SURFACE_STYLE_FILL_AREA ( #644 ) ;
#126 = EDGE_CURVE ( 'NONE', #269, #372, #1243, .T. ) ;
#127 =( NAMED_UNIT ( * ) PLANE_ANGLE_UNIT ( ) SI_UNIT ( $, .RADIAN. ) );
#128 = SHAPE_REPRESENTATION ( 'Pocket001', ( #457 ), #524 ) ;
#129 = PRESENTATION_STYLE_ASSIGNMENT (( #1033 ) ) ;
#130 = ORIENTED_EDGE ( 'NONE', *, *, #379, .F. ) ;
#131 = PRESENTATION_LAYER_ASSIGNMENT (  '', '', ( #856 ) ) ;
#132 = CARTESIAN_POINT ( 'NONE',  ( -0.8000000000000000444, -0.4000000000000000222, 0.0000000000000000000 ) ) ;
#133 = LINE ( 'NONE', #863, #438 ) ;
#134 = SURFACE_STYLE_USAGE ( .BOTH. , #154 ) ;
#135 = EDGE_CURVE ( 'NONE', #987, #1329, #2287, .T. ) ;
#136 = ORIENTED_EDGE ( 'NONE', *, *, #1755, .T. ) ;
#137 = MECHANICAL_DESIGN_GEOMETRIC_PRESENTATION_REPRESENTATION (  '', ( #1907 ), #827 ) ;
#138 = ORIENTED_EDGE ( 'NONE', *, *, #818, .T. ) ;
#139 = FILL_AREA_STYLE ('',( #669 ) ) ;
#140 = UNCERTAINTY_MEASURE_WITH_UNIT (LENGTH_MEASURE( 1.000000000000000082E-05 ), #557, 'distance_accuracy_value', 'NONE');
#141 = VECTOR ( 'NONE', #1946, 1000.000000000000000 ) ;
#142 = DIRECTION ( 'NONE',  ( -1.000000000000000000, 0.0000000000000000000, 0.0000000000000000000 ) ) ;
#143 = VECTOR ( 'NONE', #399, 1000.000000000000000 ) ;
#144 = UNCERTAINTY_MEASURE_WITH_UNIT (LENGTH_MEASURE( 1.000000000000000082E-05 ), #687, 'distance_accuracy_value', 'NONE');
#145 = CARTESIAN_POINT ( 'NONE',  ( -0.4000000000000000222, 0.4000000000000000222, 0.0000000000000000000 ) ) ;
#146 =( LENGTH_UNIT ( ) NAMED_UNIT ( * ) SI_UNIT ( .MILLI., .METRE. ) );
#147 = EDGE_LOOP ( 'NONE', ( #451, #2200, #858, #597 ) ) ;
#148 = MECHANICAL_DESIGN_GEOMETRIC_PRESENTATION_REPRESENTATION (  '', ( #2162 ), #1293 ) ;
#149 = EDGE_CURVE ( 'NONE', #372, #291, #1948, .T. ) ;
#150 = ORIENTED_EDGE ( 'NONE', *, *, #3, .F. ) ;
#151 = CARTESIAN_POINT ( 'NONE',  ( 0.4000000000000000222, -0.4000000000000000222, 0.0000000000000000000 ) ) ;
#152 = FILL_AREA_STYLE_COLOUR ( '', #102 ) ;
#153 = VECTOR ( 'NONE', #1723, 1000.000000000000000 ) ;
#154 = SURFACE_SIDE_STYLE ('',( #652 ) ) ;
#155 = CARTESIAN_POINT ( 'NONE',  ( 0.4999999999999987232, 0.3499999999999993117, 0.2499999999999997780 ) ) ;
#156 = ORIENTED_EDGE ( 'NONE', *, *, #798, .F. ) ;
#157 = ORIENTED_EDGE ( 'NONE', *, *, #1061, .T. ) ;
#158 = SURFACE_STYLE_USAGE ( .BOTH. , #678 ) ;
#159 = EDGE_CURVE ( 'NONE', #1179, #336, #842, .T. ) ;
#160 = SURFACE_SIDE_STYLE ('',( #2152 ) ) ;
#161 = SHAPE_DEFINITION_REPRESENTATION ( #1887, #1838 ) ;
#162 = LINE ( 'NONE', #895, #288 ) ;
#163 =( NAMED_UNIT ( * ) SI_UNIT ( $, .STERADIAN. ) SOLID_ANGLE_UNIT ( ) );
#164 =( LENGTH_UNIT ( ) NAMED_UNIT ( * ) SI_UNIT ( .MILLI., .METRE. ) );
#165 = SURFACE_STYLE_FILL_AREA ( #922 ) ;
#166 = EDGE_LOOP ( 'NONE', ( #2129, #470, #774, #477 ) ) ;
#167 = CARTESIAN_POINT ( 'NONE',  ( 0.0000000000000000000, 0.4000000000000000222, -4.898587196589000156E-17 ) ) ;
#168 = APPLICATION_CONTEXT ( 'automotive_design' ) ;
#169 = FACE_OUTER_BOUND ( 'NONE', #1210, .T. ) ;
#170 = SURFACE_STYLE_FILL_AREA ( #2179 ) ;
#171 = SHAPE_DEFINITION_REPRESENTATION ( #953, #859 ) ;
#172 = EDGE_CURVE ( 'NONE', #1969, #2290, #1194, .T. ) ;
#173 = FILL_AREA_STYLE ('',( #905 ) ) ;
#174 =( GEOMETRIC_REPRESENTATION_CONTEXT ( 3 ) GLOBAL_UNCERTAINTY_ASSIGNED_CONTEXT ( ( #1903 ) ) GLOBAL_UNIT_ASSIGNED_CONTEXT ( ( #1317, #1679, #1105 ) ) REPRESENTATION_CONTEXT ( 'NONE', 'WORKASPACE' ) );
#175 = COLOUR_RGB ( '',0.0000000000000000000, 0.3333333333333333148, 1.000000000000000000 ) ;
#176 = PRESENTATION_STYLE_ASSIGNMENT (( #1832 ) ) ;
#177 = EDGE_CURVE ( 'NONE', #1370, #1367, #2126, .T. ) ;
#178 = CARTESIAN_POINT ( 'NONE',  ( -0.8000000000000000444, -0.2000000000000000111, 0.0000000000000000000 ) ) ;
#179 =( NAMED_UNIT ( * ) PLANE_ANGLE_UNIT ( ) SI_UNIT ( $, .RADIAN. ) );
#180 = ORIENTED_EDGE ( 'NONE', *, *, #1896, .T. ) ;
#181 = MECHANICAL_DESIGN_GEOMETRIC_PRESENTATION_REPRESENTATION (  '', ( #1137 ), #697 ) ;
#182 = COLOUR_RGB ( '',0.7803921568627451011, 0.5686274509803921351, 0.1137254901960784298 ) ;
#183 = ORIENTED_EDGE ( 'NONE', *, *, #513, .F. ) ;
#184 = UNCERTAINTY_MEASURE_WITH_UNIT (LENGTH_MEASURE( 1.000000000000000082E-05 ), #353, 'distance_accuracy_value', 'NONE');
#185 = VECTOR ( 'NONE', #1845, 1000.000000000000000 ) ;
#186 = DIRECTION ( 'NONE',  ( 0.0000000000000000000, 0.0000000000000000000, 1.000000000000000000 ) ) ;
#187 = FILL_AREA_STYLE ('',( #2344 ) ) ;
#188 = AXIS2_PLACEMENT_3D ( 'NONE', #1798, #2154, #864 ) ;
#189 =( NAMED_UNIT ( * ) PLANE_ANGLE_UNIT ( ) SI_UNIT ( $, .RADIAN. ) );
#190 = VECTOR ( 'NONE', #1006, 1000.000000000000000 ) ;
#191 =( LENGTH_UNIT ( ) NAMED_UNIT ( * ) SI_UNIT ( .MILLI., .METRE. ) );
#192 = PRODUCT_DEFINITION_FORMATION_WITH_SPECIFIED_SOURCE ( 'ANY', '', #44, .NOT_KNOWN. ) ;
#193 = FILL_AREA_STYLE_COLOUR ( '', #910 ) ;
#194 = STYLED_ITEM ( 'NONE', ( #2317 ), #1054 ) ;
#195 = ORIENTED_EDGE ( 'NONE', *, *, #1022, .F. ) ;
#196 = CARTESIAN_POINT ( 'NONE',  ( -0.5000000000000000000, 0.3499999999999999778, 0.2000000000000000111 ) ) ;
#197 = CARTESIAN_POINT ( 'NONE',  ( 0.0000000000000000000, 0.0000000000000000000, 0.0000000000000000000 ) ) ;
#198 = DIRECTION ( 'NONE',  ( 0.0000000000000000000, -0.0000000000000000000, -1.000000000000000000 ) ) ;
#199 = MECHANICAL_DESIGN_GEOMETRIC_PRESENTATION_REPRESENTATION (  '', ( #1745 ), #462 ) ;
#200 = ADVANCED_FACE ( 'NONE', ( #277 ), #664, .T. ) ;
#201 =( GEOMETRIC_REPRESENTATION_CONTEXT ( 3 ) GLOBAL_UNCERTAINTY_ASSIGNED_CONTEXT ( ( #861 ) ) GLOBAL_UNIT_ASSIGNED_CONTEXT ( ( #31, #62, #1730 ) ) REPRESENTATION_CONTEXT ( 'NONE', 'WORKASPACE' ) );
#202 = VERTEX_POINT ( 'NONE', #1216 ) ;
#203 =( NAMED_UNIT ( * ) SI_UNIT ( $, .STERADIAN. ) SOLID_ANGLE_UNIT ( ) );
#204 = PRESENTATION_LAYER_ASSIGNMENT (  '', '', ( #574 ) ) ;
#205 = FILL_AREA_STYLE ('',( #966 ) ) ;
#206 = CARTESIAN_POINT ( 'NONE',  ( 0.2000000000000000111, -0.4000000000000000222, 0.002000000000000000042 ) ) ;
#207 = UNCERTAINTY_MEASURE_WITH_UNIT (LENGTH_MEASURE( 1.000000000000000082E-05 ), #993, 'distance_accuracy_value', 'NONE');
#208 = SURFACE_STYLE_FILL_AREA ( #521 ) ;
#209 =( NAMED_UNIT ( * ) SI_UNIT ( $, .STERADIAN. ) SOLID_ANGLE_UNIT ( ) );
#210 = VECTOR ( 'NONE', #1505, 1000.000000000000000 ) ;
#211 = AXIS2_PLACEMENT_3D ( 'NONE', #1266, #219, #2047 ) ;
#212 = FILL_AREA_STYLE ('',( #960 ) ) ;
#213 = VECTOR ( 'NONE', #1015, 1000.000000000000000 ) ;
#214 = MANIFOLD_SOLID_BREP ( 'Imported1', #378 ) ;
#215 = CARTESIAN_POINT ( 'NONE',  ( -0.4625772966728456947, -0.3125772966728457836, 0.5999999999999999778 ) ) ;
#216 = MANIFOLD_SOLID_BREP ( 'Imported1', #415 ) ;
#217 = ORIENTED_EDGE ( 'NONE', *, *, #1278, .F. ) ;
#218 = SURFACE_STYLE_USAGE ( .BOTH. , #395 ) ;
#219 = DIRECTION ( 'NONE',  ( -0.0000000000000000000, 1.000000000000000000, 0.0000000000000000000 ) ) ;
#220 = EDGE_CURVE ( 'NONE', #577, #881, #1629, .T. ) ;
#221 = CARTESIAN_POINT ( 'NONE',  ( -0.4715678837580004612, -0.3215678837576906868, 0.5817080228269734254 ) ) ;
#222 = COLOUR_RGB ( '',0.8000000000000000444, 0.8000000000000000444, 0.8000000000000000444 ) ;
#223 = CARTESIAN_POINT ( 'NONE',  ( -0.6999999999999999556, -0.2999999999999999889, 0.2000000000000000111 ) ) ;
#224 = VECTOR ( 'NONE', #2053, 1000.000000000000000 ) ;
#225 =( NAMED_UNIT ( * ) PLANE_ANGLE_UNIT ( ) SI_UNIT ( $, .RADIAN. ) );
#226 = CARTESIAN_POINT ( 'NONE',  ( 0.8000000000000000444, 0.2000000000000000111, 0.2000000000000000111 ) ) ;
#227 = SHAPE_REPRESENTATION_RELATIONSHIP ( 'NONE' , 'NONE' ,  #1993, #1842 ) ;
#228 = COLOUR_RGB ( '',0.8000000000000000444, 0.8000000000000000444, 0.8000000000000000444 ) ;
#229 = LINE ( 'NONE', #2078, #1335 ) ;
#230 = ORIENTED_EDGE ( 'NONE', *, *, #2225, .T. ) ;
#231 = DIRECTION ( 'NONE',  ( 0.0000000000000000000, -1.000000000000000000, 0.0000000000000000000 ) ) ;
#232 = DIRECTION ( 'NONE',  ( 0.0000000000000000000, -0.0000000000000000000, 1.000000000000000000 ) ) ;
#233 =( GEOMETRIC_REPRESENTATION_CONTEXT ( 3 ) GLOBAL_UNCERTAINTY_ASSIGNED_CONTEXT ( ( #600 ) ) GLOBAL_UNIT_ASSIGNED_CONTEXT ( ( #1655, #1333, #1696 ) ) REPRESENTATION_CONTEXT ( 'NONE', 'WORKASPACE' ) );
#234 = EDGE_CURVE ( 'NONE', #983, #1538, #522, .T. ) ;
#235 = EDGE_LOOP ( 'NONE', ( #1123, #2265, #677, #1943 ) ) ;
#236 = CARTESIAN_POINT ( 'NONE',  ( -0.8000000000000000444, 0.0000000000000000000, 0.0000000000000000000 ) ) ;
#237 = UNCERTAINTY_MEASURE_WITH_UNIT (LENGTH_MEASURE( 1.000000000000000082E-05 ), #7, 'distance_accuracy_value', 'NONE');
#238 = DIRECTION ( 'NONE',  ( 0.0000000000000000000, 0.0000000000000000000, 1.000000000000000000 ) ) ;
#239 = FILL_AREA_STYLE ('',( #25 ) ) ;
#240 = CARTESIAN_POINT ( 'NONE',  ( 0.2000000000000000111, 0.4000000000000000222, -4.898587196589000156E-17 ) ) ;
#241 =( NAMED_UNIT ( * ) SI_UNIT ( $, .STERADIAN. ) SOLID_ANGLE_UNIT ( ) );
#242 = ORIENTED_EDGE ( 'NONE', *, *, #1376, .T. ) ;
#243 = SURFACE_STYLE_FILL_AREA ( #1900 ) ;
#244 = CARTESIAN_POINT ( 'NONE',  ( -0.7399999999999999911, -0.2999999999999999889, 0.1799999999999999933 ) ) ;
#245 = CARTESIAN_POINT ( 'NONE',  ( -0.2000000000000000111, 0.4000000000000000222, -4.898587196589000156E-17 ) ) ;
#246 = EDGE_LOOP ( 'NONE', ( #2168, #424, #2169, #15 ) ) ;
#247 = PRESENTATION_STYLE_ASSIGNMENT (( #1080 ) ) ;
#248 = PLANE ( 'NONE',  #2004 ) ;
#249 = FILL_AREA_STYLE_COLOUR ( '', #228 ) ;
#250 = APPLICATION_CONTEXT ( 'automotive_design' ) ;
#251 = EDGE_CURVE ( 'NONE', #1460, #1585, #1057, .T. ) ;
#252 = VECTOR ( 'NONE', #1519, 1000.000000000000114 ) ;
#253 =( GEOMETRIC_REPRESENTATION_CONTEXT ( 3 ) GLOBAL_UNCERTAINTY_ASSIGNED_CONTEXT ( ( #1371 ) ) GLOBAL_UNIT_ASSIGNED_CONTEXT ( ( #1646, #891, #1241 ) ) REPRESENTATION_CONTEXT ( 'NONE', 'WORKASPACE' ) );
#254 = VECTOR ( 'NONE', #717, 1000.000000000000000 ) ;
#255 = ORIENTED_EDGE ( 'NONE', *, *, #2210, .T. ) ;
#256 = SURFACE_STYLE_FILL_AREA ( #998 ) ;
#257 = CARTESIAN_POINT ( 'NONE',  ( -0.6999999999999999556, -0.2999999999999999889, 0.1799999999999999933 ) ) ;
#258 = ORIENTED_EDGE ( 'NONE', *, *, #1321, .F. ) ;
#259 = UNCERTAINTY_MEASURE_WITH_UNIT (LENGTH_MEASURE( 1.000000000000000082E-05 ), #1897, 'distance_accuracy_value', 'NONE');
#260 = SURFACE_SIDE_STYLE ('',( #1881 ) ) ;
#261 = STYLED_ITEM ( 'NONE', ( #826 ), #200 ) ;
#262 = VERTEX_POINT ( 'NONE', #1992 ) ;
#263 =( GEOMETRIC_REPRESENTATION_CONTEXT ( 3 ) GLOBAL_UNCERTAINTY_ASSIGNED_CONTEXT ( ( #2181 ) ) GLOBAL_UNIT_ASSIGNED_CONTEXT ( ( #1803, #275, #1961 ) ) REPRESENTATION_CONTEXT ( 'NONE', 'WORKASPACE' ) );
#264 = FILL_AREA_STYLE ('',( #72 ) ) ;
#265 = COLOUR_RGB ( '',0.8000000000000000444, 0.8000000000000000444, 0.8000000000000000444 ) ;
#266 = CARTESIAN_POINT ( 'NONE',  ( 0.4000000000000000222, 0.4000000000000000222, 0.2000000000000000111 ) ) ;
#267 = CARTESIAN_POINT ( 'NONE',  ( -0.4000000000000000222, 0.4000000000000000222, 0.0000000000000000000 ) ) ;
#268 = PRESENTATION_LAYER_ASSIGNMENT (  '', '', ( #1263 ) ) ;
#269 = VERTEX_POINT ( 'NONE', #155 ) ;
#270 = DIRECTION ( 'NONE',  ( 0.0000000000000000000, -1.224646799146999945E-16, -1.000000000000000000 ) ) ;
#271 = CARTESIAN_POINT ( 'NONE',  ( 0.4625772966728456947, 0.3125772966728457836, 0.5999999999999999778 ) ) ;
#272 = EDGE_LOOP ( 'NONE', ( #1010, #324, #1310, #258 ) ) ;
#273 = VERTEX_POINT ( 'NONE', #1821 ) ;
#274 = MECHANICAL_DESIGN_GEOMETRIC_PRESENTATION_REPRESENTATION (  '', ( #1109 ), #233 ) ;
#275 =( NAMED_UNIT ( * ) PLANE_ANGLE_UNIT ( ) SI_UNIT ( $, .RADIAN. ) );
#276 = CARTESIAN_POINT ( 'NONE',  ( 0.8000000000000000444, 0.4000000000000000222, 0.0000000000000000000 ) ) ;
#277 = FACE_OUTER_BOUND ( 'NONE', #1098, .T. ) ;
#278 = AXIS2_PLACEMENT_3D ( 'NONE', #599, #2063, #1514 ) ;
#279 = CARTESIAN_POINT ( 'NONE',  ( 0.4516409507770000054, 0.3200000000000000067, 0.5799999999999999600 ) ) ;
#280 = EDGE_CURVE ( 'NONE', #1621, #1044, #1471, .T. ) ;
#281 = ORIENTED_EDGE ( 'NONE', *, *, #1205, .T. ) ;
#282 =( NAMED_UNIT ( * ) PLANE_ANGLE_UNIT ( ) SI_UNIT ( $, .RADIAN. ) );
#283 = EDGE_CURVE ( 'NONE', #103, #901, #986, .T. ) ;
#284 = ORIENTED_EDGE ( 'NONE', *, *, #1076, .T. ) ;
#285 = UNCERTAINTY_MEASURE_WITH_UNIT (LENGTH_MEASURE( 1.000000000000000082E-05 ), #1446, 'distance_accuracy_value', 'NONE');
#286 = PLANE ( 'NONE',  #502 ) ;
#287 = CARTESIAN_POINT ( 'NONE',  ( 0.5000000000000000000, -0.3499999999999999778, 0.2000000000000000111 ) ) ;
#288 = VECTOR ( 'NONE', #1627, 1000.000000000000000 ) ;
#289 = DIRECTION ( 'NONE',  ( -1.000000000000000000, -0.0000000000000000000, 0.0000000000000000000 ) ) ;
#290 = SURFACE_STYLE_USAGE ( .BOTH. , #436 ) ;
#291 = VERTEX_POINT ( 'NONE', #2184 ) ;
#292 =( NAMED_UNIT ( * ) SI_UNIT ( $, .STERADIAN. ) SOLID_ANGLE_UNIT ( ) );
#293 = SURFACE_STYLE_FILL_AREA ( #1944 ) ;
#294 = CARTESIAN_POINT ( 'NONE',  ( -1.734723475977000073E-18, 0.1000000000000000056, -1.224646799146999976E-17 ) ) ;
#295 = DIRECTION ( 'NONE',  ( 4.339483675923922730E-19, 0.9963466490417525190, 0.08540114134641879629 ) ) ;
#296 = CARTESIAN_POINT ( 'NONE',  ( 0.0000000000000000000, 0.4000000000000000222, -4.898587196589000156E-17 ) ) ;
#297 =( NAMED_UNIT ( * ) PLANE_ANGLE_UNIT ( ) SI_UNIT ( $, .RADIAN. ) );
#298 =( GEOMETRIC_REPRESENTATION_CONTEXT ( 3 ) GLOBAL_UNCERTAINTY_ASSIGNED_CONTEXT ( ( #2001 ) ) GLOBAL_UNIT_ASSIGNED_CONTEXT ( ( #2226, #1522, #767 ) ) REPRESENTATION_CONTEXT ( 'NONE', 'WORKASPACE' ) );
#299 = DIRECTION ( 'NONE',  ( 0.0000000000000000000, -1.000000000000000000, -0.0000000000000000000 ) ) ;
#300 = AXIS2_PLACEMENT_3D ( 'NONE', #2306, #295, #1237 ) ;
#301 = SURFACE_SIDE_STYLE ('',( #1949 ) ) ;
#302 = EDGE_LOOP ( 'NONE', ( #1781, #2049, #1934, #150, #429, #1844, #1387 ) ) ;
#303 = DIRECTION ( 'NONE',  ( 0.0000000000000000000, 0.0000000000000000000, 1.000000000000000000 ) ) ;
#304 =( LENGTH_UNIT ( ) NAMED_UNIT ( * ) SI_UNIT ( .MILLI., .METRE. ) );
#305 = MECHANICAL_DESIGN_GEOMETRIC_PRESENTATION_REPRESENTATION (  '', ( #2357 ), #666 ) ;
#306 = UNCERTAINTY_MEASURE_WITH_UNIT (LENGTH_MEASURE( 1.000000000000000082E-05 ), #629, 'distance_accuracy_value', 'NONE');
#307 = FILL_AREA_STYLE ('',( #1223 ) ) ;
#308 = CARTESIAN_POINT ( 'NONE',  ( -0.4000000000000000222, -0.4000000000000000222, 0.2000000000000000111 ) ) ;
#309 = EDGE_CURVE ( 'NONE', #1511, #473, #1162, .T. ) ;
#310 = LINE ( 'NONE', #1050, #2199 ) ;
#311 = MECHANICAL_DESIGN_GEOMETRIC_PRESENTATION_REPRESENTATION (  '', ( #2204 ), #1067 ) ;
#312 = DIRECTION ( 'NONE',  ( 1.000000000000000000, 0.0000000000000000000, 0.0000000000000000000 ) ) ;
#313 = SHELL_BASED_SURFACE_MODEL ( 'NONE', ( #1457 ) );
#314 = VECTOR ( 'NONE', #759, 1000.000000000000000 ) ;
#315 = ORIENTED_EDGE ( 'NONE', *, *, #135, .T. ) ;
#316 = VECTOR ( 'NONE', #406, 1000.000000000000000 ) ;
#317 = ORIENTED_EDGE ( 'NONE', *, *, #907, .F. ) ;
#318 = CARTESIAN_POINT ( 'NONE',  ( -0.6000000000000000888, 0.0000000000000000000, 0.0000000000000000000 ) ) ;
#319 = FACE_OUTER_BOUND ( 'NONE', #991, .T. ) ;
#320 = VERTEX_POINT ( 'NONE', #226 ) ;
#321 = LINE ( 'NONE', #2138, #1102 ) ;
#322 = COLOUR_RGB ( '',0.7803921568627451011, 0.5686274509803921351, 0.1137254901960784298 ) ;
#323 = ADVANCED_FACE ( 'NONE', ( #1496 ), #945, .T. ) ;
#324 = ORIENTED_EDGE ( 'NONE', *, *, #683, .F. ) ;
#325 =( GEOMETRIC_REPRESENTATION_CONTEXT ( 3 ) GLOBAL_UNCERTAINTY_ASSIGNED_CONTEXT ( ( #237 ) ) GLOBAL_UNIT_ASSIGNED_CONTEXT ( ( #7, #1979, #1257 ) ) REPRESENTATION_CONTEXT ( 'NONE', 'WORKASPACE' ) );
#326 = AXIS2_PLACEMENT_3D ( 'NONE', #713, #530, #1468 ) ;
#327 = CARTESIAN_POINT ( 'NONE',  ( -0.4706339073361388015, 0.3206339073361387237, 0.5926044144130639957 ) ) ;
#328 = DIRECTION ( 'NONE',  ( 0.08509140416868289647, -0.08509140416959970477, 0.9927330486455296921 ) ) ;
#329 = VECTOR ( 'NONE', #1017, 1000.000000000000000 ) ;
#330 =( BOUNDED_CURVE ( )  B_SPLINE_CURVE ( 3, ( #570, #215, #947, #1121 ),
 .UNSPECIFIED., .F., .T. ) 
 B_SPLINE_CURVE_WITH_KNOTS ( ( 4, 4 ),
 ( 4.712388980384689674, 6.197680013498873208 ),
 .UNSPECIFIED. ) 
 CURVE ( )  GEOMETRIC_REPRESENTATION_ITEM ( )  RATIONAL_B_SPLINE_CURVE ( ( 1.000000000000000000, 0.8244547578640665231, 0.8244547578640665231, 1.000000000000000000 ) ) 
 REPRESENTATION_ITEM ( '' )  );
#331 = PRODUCT_RELATED_PRODUCT_CATEGORY ( 'part', '', ( #44 ) ) ;
#332 = EDGE_CURVE ( 'NONE', #46, #202, #1667, .T. ) ;
#333 = FACE_OUTER_BOUND ( 'NONE', #272, .T. ) ;
#334 = VECTOR ( 'NONE', #70, 1000.000000000000000 ) ;
#335 = MECHANICAL_DESIGN_GEOMETRIC_PRESENTATION_REPRESENTATION (  '', ( #989 ), #1727 ) ;
#336 = VERTEX_POINT ( 'NONE', #1681 ) ;
#337 = DIRECTION ( 'NONE',  ( 0.0000000000000000000, -1.000000000000000000, -0.0000000000000000000 ) ) ;
#338 =( LENGTH_UNIT ( ) NAMED_UNIT ( * ) SI_UNIT ( .MILLI., .METRE. ) );
#339 = CARTESIAN_POINT ( 'NONE',  ( 0.0000000000000000000, 0.0000000000000000000, 0.0000000000000000000 ) ) ;
#340 = MECHANICAL_DESIGN_GEOMETRIC_PRESENTATION_REPRESENTATION (  '', ( #2061 ), #1191 ) ;
#341 = PRESENTATION_STYLE_ASSIGNMENT (( #1289 ) ) ;
#342 = DIRECTION ( 'NONE',  ( 0.0000000000000000000, 0.0000000000000000000, -1.000000000000000000 ) ) ;
#343 =( LENGTH_UNIT ( ) NAMED_UNIT ( * ) SI_UNIT ( .MILLI., .METRE. ) );
#344 = MECHANICAL_DESIGN_GEOMETRIC_PRESENTATION_REPRESENTATION (  '', ( #1152 ), #1650 ) ;
#345 = DIRECTION ( 'NONE',  ( 0.0000000000000000000, -0.0000000000000000000, -1.000000000000000000 ) ) ;
#346 = EDGE_CURVE ( 'NONE', #1186, #464, #480, .T. ) ;
#347 = ORIENTED_EDGE ( 'NONE', *, *, #1805, .F. ) ;
#348 =( LENGTH_UNIT ( ) NAMED_UNIT ( * ) SI_UNIT ( .MILLI., .METRE. ) );
#349 = VECTOR ( 'NONE', #1313, 1000.000000000000000 ) ;
#350 = CARTESIAN_POINT ( 'NONE',  ( -0.4000000000000000222, 0.4000000000000000222, 0.0000000000000000000 ) ) ;
#351 = EDGE_CURVE ( 'NONE', #1044, #1275, #934, .T. ) ;
#352 =( NAMED_UNIT ( * ) PLANE_ANGLE_UNIT ( ) SI_UNIT ( $, .RADIAN. ) );
#353 =( LENGTH_UNIT ( ) NAMED_UNIT ( * ) SI_UNIT ( .MILLI., .METRE. ) );
#354 = ORIENTED_EDGE ( 'NONE', *, *, #1917, .T. ) ;
#355 = FACE_OUTER_BOUND ( 'NONE', #1085, .T. ) ;
#356 = SURFACE_SIDE_STYLE ('',( #1990 ) ) ;
#357 =( LENGTH_UNIT ( ) NAMED_UNIT ( * ) SI_UNIT ( .MILLI., .METRE. ) );
#358 = SURFACE_STYLE_USAGE ( .BOTH. , #1994 ) ;
#359 = COLOUR_RGB ( '',0.0000000000000000000, 0.3333333333333333148, 1.000000000000000000 ) ;
#360 = VERTEX_POINT ( 'NONE', #777 ) ;
#361 = CARTESIAN_POINT ( 'NONE',  ( -0.8000000000000000444, 0.4000000000000000222, 0.2000000000000000111 ) ) ;
#362 =( NAMED_UNIT ( * ) PLANE_ANGLE_UNIT ( ) SI_UNIT ( $, .RADIAN. ) );
#363 = VECTOR ( 'NONE', #1928, 1000.000000000000000 ) ;
#364 = APPLICATION_PROTOCOL_DEFINITION ( 'draft international standard', 'automotive_design', 1998, #1364 ) ;
#365 = VECTOR ( 'NONE', #1238, 1000.000000000000000 ) ;
#366 = PRESENTATION_LAYER_ASSIGNMENT (  '', '', ( #1084 ) ) ;
#367 =( NAMED_UNIT ( * ) PLANE_ANGLE_UNIT ( ) SI_UNIT ( $, .RADIAN. ) );
#368 = DIRECTION ( 'NONE',  ( 0.0000000000000000000, 0.0000000000000000000, 1.000000000000000000 ) ) ;
#369 = VECTOR ( 'NONE', #984, 1000.000000000000000 ) ;
#370 = SURFACE_STYLE_FILL_AREA ( #13 ) ;
#371 = VERTEX_POINT ( 'NONE', #736 ) ;
#372 = VERTEX_POINT ( 'NONE', #1346 ) ;
#373 = CARTESIAN_POINT ( 'NONE',  ( -0.8000000000000000444, -0.4000000000000000222, 0.2000000000000000111 ) ) ;
#374 = PRODUCT_DEFINITION_SHAPE ( 'NONE', 'NONE',  #476 ) ;
#375 = CARTESIAN_POINT ( 'NONE',  ( 0.0000000000000000000, 0.0000000000000000000, 0.0000000000000000000 ) ) ;
#376 = VECTOR ( 'NONE', #742, 1000.000000000000000 ) ;
#377 =( LENGTH_UNIT ( ) NAMED_UNIT ( * ) SI_UNIT ( .MILLI., .METRE. ) );
#378 = CLOSED_SHELL ( 'NONE', ( #1656, #837, #1274, #500, #671, #90 ) ) ;
#379 = EDGE_CURVE ( 'NONE', #1538, #1642, #393, .T. ) ;
#380 = VECTOR ( 'NONE', #289, 1000.000000000000000 ) ;
#381 = SURFACE_STYLE_USAGE ( .BOTH. , #2016 ) ;
#382 = MECHANICAL_DESIGN_GEOMETRIC_PRESENTATION_REPRESENTATION (  '', ( #1534 ), #174 ) ;
#383 =( NAMED_UNIT ( * ) SI_UNIT ( $, .STERADIAN. ) SOLID_ANGLE_UNIT ( ) );
#384 =( NAMED_UNIT ( * ) SI_UNIT ( $, .STERADIAN. ) SOLID_ANGLE_UNIT ( ) );
#385 = AXIS2_PLACEMENT_3D ( 'NONE', #197, #519, #929 ) ;
#386 = ORIENTED_EDGE ( 'NONE', *, *, #971, .F. ) ;
#387 = DIRECTION ( 'NONE',  ( 0.0000000000000000000, -1.000000000000000000, 0.0000000000000000000 ) ) ;
#388 = DIRECTION ( 'NONE',  ( -1.000000000000000000, 4.323630019078185612E-19, -3.705968587780558768E-20 ) ) ;
#389 = PRESENTATION_STYLE_ASSIGNMENT (( #1065 ) ) ;
#390 =( NAMED_UNIT ( * ) SI_UNIT ( $, .STERADIAN. ) SOLID_ANGLE_UNIT ( ) );
#391 = FILL_AREA_STYLE_COLOUR ( '', #1809 ) ;
#392 = VECTOR ( 'NONE', #1638, 1000.000000000000000 ) ;
#393 = LINE ( 'NONE', #556, #224 ) ;
#394 = DIRECTION ( 'NONE',  ( 0.0000000000000000000, -1.224646799146999945E-16, -1.000000000000000000 ) ) ;
#395 = SURFACE_SIDE_STYLE ('',( #1276 ) ) ;
#396 = PRESENTATION_LAYER_ASSIGNMENT (  '', '', ( #2221 ) ) ;
#397 = CARTESIAN_POINT ( 'NONE',  ( -1.734723475977000073E-18, 0.4000000000000000222, -4.898587196589000156E-17 ) ) ;
#398 = CARTESIAN_POINT ( 'NONE',  ( -0.7399999999999999911, -0.2999999999999999889, 0.2000000000000000111 ) ) ;
#399 = DIRECTION ( 'NONE',  ( -1.000000000000000000, -0.0000000000000000000, -0.0000000000000000000 ) ) ;
#400 =( GEOMETRIC_REPRESENTATION_CONTEXT ( 3 ) GLOBAL_UNCERTAINTY_ASSIGNED_CONTEXT ( ( #1422 ) ) GLOBAL_UNIT_ASSIGNED_CONTEXT ( ( #1808, #1853, #706 ) ) REPRESENTATION_CONTEXT ( 'NONE', 'WORKASPACE' ) );
#401 = SURFACE_SIDE_STYLE ('',( #558 ) ) ;
#402 = ADVANCED_FACE ( 'NONE', ( #2076 ), #1536, .T. ) ;
#403 = ORIENTED_EDGE ( 'NONE', *, *, #1122, .T. ) ;
#404 = FACE_BOUND ( 'NONE', #432, .T. ) ;
#405 = DIRECTION ( 'NONE',  ( 0.08540114134641878241, 0.0000000000000000000, -0.9963466490417524080 ) ) ;
#406 = DIRECTION ( 'NONE',  ( 0.0000000000000000000, -1.000000000000000000, 1.224646799146999945E-16 ) ) ;
#407 = PRESENTATION_LAYER_ASSIGNMENT (  '', '', ( #1569 ) ) ;
#408 = ORIENTED_EDGE ( 'NONE', *, *, #1158, .T. ) ;
#409 = PRESENTATION_LAYER_ASSIGNMENT (  '', '', ( #1138 ) ) ;
#410 = DIRECTION ( 'NONE',  ( 0.0000000000000000000, 0.0000000000000000000, 1.000000000000000000 ) ) ;
#411 = STYLED_ITEM ( 'NONE', ( #2340 ), #463 ) ;
#412 = PRESENTATION_STYLE_ASSIGNMENT (( #426 ) ) ;
#413 = PRESENTATION_STYLE_ASSIGNMENT (( #1722 ) ) ;
#414 = APPLICATION_CONTEXT ( 'automotive_design' ) ;
#415 = CLOSED_SHELL ( 'NONE', ( #681, #2072, #200, #1997, #511, #2118, #2157, #727, #2041, #1802, #2319, #1524, #2178, #1986 ) ) ;
#416 = PRESENTATION_STYLE_ASSIGNMENT (( #721 ) ) ;
#417 = CARTESIAN_POINT ( 'NONE',  ( 0.0000000000000000000, -0.4000000000000000222, 0.002000000000000000042 ) ) ;
#418 = ORIENTED_EDGE ( 'NONE', *, *, #379, .T. ) ;
#419 = PLANE ( 'NONE',  #1759 ) ;
#420 = EDGE_CURVE ( 'NONE', #76, #320, #2270, .T. ) ;
#421 = CARTESIAN_POINT ( 'NONE',  ( 0.5000000000000000000, 0.3499999999999999778, 0.2000000000000000111 ) ) ;
#422 = SURFACE_STYLE_USAGE ( .BOTH. , #1715 ) ;
#423 = LINE ( 'NONE', #245, #316 ) ;
#424 = ORIENTED_EDGE ( 'NONE', *, *, #1819, .F. ) ;
#425 = FILL_AREA_STYLE_COLOUR ( '', #322 ) ;
#426 = SURFACE_STYLE_USAGE ( .BOTH. , #2237 ) ;
#427 = SURFACE_STYLE_FILL_AREA ( #212 ) ;
#428 = CARTESIAN_POINT ( 'NONE',  ( 0.4625772966728456947, -0.3125772966728457836, 0.6000000000000000888 ) ) ;
#429 = ORIENTED_EDGE ( 'NONE', *, *, #2088, .T. ) ;
#430 = FILL_AREA_STYLE_COLOUR ( '', #265 ) ;
#431 = SURFACE_STYLE_USAGE ( .BOTH. , #2250 ) ;
#432 = EDGE_LOOP ( 'NONE', ( #2339, #483 ) ) ;
#433 = MECHANICAL_DESIGN_GEOMETRIC_PRESENTATION_REPRESENTATION (  '', ( #722 ), #97 ) ;
#434 = LINE ( 'NONE', #1172, #2311 ) ;
#435 = SURFACE_STYLE_FILL_AREA ( #2077 ) ;
#436 = SURFACE_SIDE_STYLE ('',( #2111 ) ) ;
#437 = DIRECTION ( 'NONE',  ( 1.000000000000000000, 0.0000000000000000000, -0.0000000000000000000 ) ) ;
#438 = VECTOR ( 'NONE', #1053, 1000.000000000000000 ) ;
#439 = ORIENTED_EDGE ( 'NONE', *, *, #1857, .F. ) ;
#440 = FILL_AREA_STYLE ('',( #832 ) ) ;
#441 = DIRECTION ( 'NONE',  ( 0.0000000000000000000, -1.224646799146999945E-16, -1.000000000000000000 ) ) ;
#442 = ORIENTED_EDGE ( 'NONE', *, *, #1287, .T. ) ;
#443 =( REPRESENTATION_RELATIONSHIP ('NONE','NONE', #1597, #1838 ) REPRESENTATION_RELATIONSHIP_WITH_TRANSFORMATION ( #1691 )SHAPE_REPRESENTATION_RELATIONSHIP( ) );
#444 = ORIENTED_EDGE ( 'NONE', *, *, #921, .T. ) ;
#445 = SURFACE_STYLE_FILL_AREA ( #1004 ) ;
#446 = EDGE_CURVE ( 'NONE', #262, #665, #1064, .T. ) ;
#447 = CARTESIAN_POINT ( 'NONE',  ( 0.4000000000000000222, 0.4000000000000000222, 0.0000000000000000000 ) ) ;
#448 =( GEOMETRIC_REPRESENTATION_CONTEXT ( 3 ) GLOBAL_UNCERTAINTY_ASSIGNED_CONTEXT ( ( #1248 ) ) GLOBAL_UNIT_ASSIGNED_CONTEXT ( ( #1923, #2046, #1180 ) ) REPRESENTATION_CONTEXT ( 'NONE', 'WORKASPACE' ) );
#449 = DIRECTION ( 'NONE',  ( 0.0000000000000000000, 0.0000000000000000000, 1.000000000000000000 ) ) ;
#450 = STYLED_ITEM ( 'NONE', ( #2336 ), #1120 ) ;
#451 = ORIENTED_EDGE ( 'NONE', *, *, #2210, .F. ) ;
#452 = SURFACE_STYLE_FILL_AREA ( #964 ) ;
#453 = VERTEX_POINT ( 'NONE', #2320 ) ;
#454 = FACE_OUTER_BOUND ( 'NONE', #2080, .T. ) ;
#455 =( NAMED_UNIT ( * ) PLANE_ANGLE_UNIT ( ) SI_UNIT ( $, .RADIAN. ) );
#456 = ORIENTED_EDGE ( 'NONE', *, *, #1176, .F. ) ;
#457 = AXIS2_PLACEMENT_3D ( 'NONE', #1669, #2027, #1837 ) ;
#458 = ADVANCED_BREP_SHAPE_REPRESENTATION ( '', ( #216, #457 ), #1001 ) ;
#459 = LINE ( 'NONE', #1201, #1232 ) ;
#460 = SURFACE_STYLE_USAGE ( .BOTH. , #100 ) ;
#461 = PLANE ( 'NONE',  #545 ) ;
#462 =( GEOMETRIC_REPRESENTATION_CONTEXT ( 3 ) GLOBAL_UNCERTAINTY_ASSIGNED_CONTEXT ( ( #306 ) ) GLOBAL_UNIT_ASSIGNED_CONTEXT ( ( #629, #2278, #1385 ) ) REPRESENTATION_CONTEXT ( 'NONE', 'WORKASPACE' ) );
#463 = ADVANCED_FACE ( 'NONE', ( #1235 ), #505, .T. ) ;
#464 = VERTEX_POINT ( 'NONE', #318 ) ;
#465 =( NAMED_UNIT ( * ) PLANE_ANGLE_UNIT ( ) SI_UNIT ( $, .RADIAN. ) );
#466 = CARTESIAN_POINT ( 'NONE',  ( 0.4000000000000000222, 0.4000000000000000222, 0.2000000000000000111 ) ) ;
#467 = ORIENTED_EDGE ( 'NONE', *, *, #1896, .F. ) ;
#468 = PRESENTATION_LAYER_ASSIGNMENT (  '', '', ( #894 ) ) ;
#469 = SURFACE_SIDE_STYLE ('',( #1945 ) ) ;
#470 = ORIENTED_EDGE ( 'NONE', *, *, #1976, .T. ) ;
#471 = CARTESIAN_POINT ( 'NONE',  ( 0.4000000000000000222, -0.4000000000000000222, 0.2000000000000000111 ) ) ;
#472 =( NAMED_UNIT ( * ) SI_UNIT ( $, .STERADIAN. ) SOLID_ANGLE_UNIT ( ) );
#473 = VERTEX_POINT ( 'NONE', #1255 ) ;
#474 =( GEOMETRIC_REPRESENTATION_CONTEXT ( 3 ) GLOBAL_UNCERTAINTY_ASSIGNED_CONTEXT ( ( #649 ) ) GLOBAL_UNIT_ASSIGNED_CONTEXT ( ( #942, #127, #1479 ) ) REPRESENTATION_CONTEXT ( 'NONE', 'WORKASPACE' ) );
#475 = FACE_OUTER_BOUND ( 'NONE', #1620, .T. ) ;
#476 = PRODUCT_DEFINITION ( 'UNKNOWN', '', #1535, #1648 ) ;
#477 = ORIENTED_EDGE ( 'NONE', *, *, #177, .T. ) ;
#478 = FACE_OUTER_BOUND ( 'NONE', #845, .T. ) ;
#479 = DIRECTION ( 'NONE',  ( 0.0000000000000000000, 0.0000000000000000000, -1.000000000000000000 ) ) ;
#480 = CIRCLE ( 'NONE', #1683, 0.1999999999999999833 ) ;
#481 =( NAMED_UNIT ( * ) PLANE_ANGLE_UNIT ( ) SI_UNIT ( $, .RADIAN. ) );
#482 = CARTESIAN_POINT ( 'NONE',  ( 0.0000000000000000000, 0.0000000000000000000, 0.0000000000000000000 ) ) ;
#483 = ORIENTED_EDGE ( 'NONE', *, *, #1755, .F. ) ;
#484 = CARTESIAN_POINT ( 'NONE',  ( 0.2000000000000000111, 0.4000000000000000222, -4.898587196589000156E-17 ) ) ;
#485 = APPLICATION_CONTEXT ( 'automotive_design' ) ;
#486 = CIRCLE ( 'NONE', #2136, 0.1999999999999999833 ) ;
#487 = UNCERTAINTY_MEASURE_WITH_UNIT (LENGTH_MEASURE( 1.000000000000000082E-05 ), #1936, 'distance_accuracy_value', 'NONE');
#488 = DIRECTION ( 'NONE',  ( 1.000000000000000000, 0.0000000000000000000, 0.0000000000000000000 ) ) ;
#489 = EDGE_CURVE ( 'NONE', #1035, #881, #1916, .T. ) ;
#490 = LINE ( 'NONE', #2147, #2017 ) ;
#491 = COLOUR_RGB ( '',0.7921568627450980005, 0.8196078431372548767, 0.9333333333333333481 ) ;
#492 = DIRECTION ( 'NONE',  ( 1.000000000000000000, 0.0000000000000000000, 0.0000000000000000000 ) ) ;
#493 = DIRECTION ( 'NONE',  ( 0.0000000000000000000, 0.0000000000000000000, 1.000000000000000000 ) ) ;
#494 = ORIENTED_EDGE ( 'NONE', *, *, #957, .T. ) ;
#495 = STYLED_ITEM ( 'NONE', ( #176 ), #1986 ) ;
#496 = EDGE_LOOP ( 'NONE', ( #2362, #1397, #255, #1075 ) ) ;
#497 =( LENGTH_UNIT ( ) NAMED_UNIT ( * ) SI_UNIT ( .MILLI., .METRE. ) );
#498 = FILL_AREA_STYLE_COLOUR ( '', #2338 ) ;
#499 = PRESENTATION_STYLE_ASSIGNMENT (( #1430 ) ) ;
#500 = ADVANCED_FACE ( 'NONE', ( #1189 ), #1793, .T. ) ;
#501 = AXIS2_PLACEMENT_3D ( 'NONE', #549, #952, #19 ) ;
#502 = AXIS2_PLACEMENT_3D ( 'NONE', #2282, #142, #1388 ) ;
#503 = FILL_AREA_STYLE ('',( #2348 ) ) ;
#504 = VECTOR ( 'NONE', #1325, 1000.000000000000000 ) ;
#505 = PLANE ( 'NONE',  #1606 ) ;
#506 = MECHANICAL_DESIGN_GEOMETRIC_PRESENTATION_REPRESENTATION (  '', ( #2007 ), #325 ) ;
#507 = FACE_OUTER_BOUND ( 'NONE', #2109, .T. ) ;
#508 = CARTESIAN_POINT ( 'NONE',  ( 0.0000000000000000000, 0.0000000000000000000, 0.0000000000000000000 ) ) ;
#509 = CARTESIAN_POINT ( 'NONE',  ( 0.4715678837578454741, 0.3215678837576906868, 0.5817080228269734254 ) ) ;
#510 = CARTESIAN_POINT ( 'NONE',  ( -0.5000000000000000000, 0.3499999999999999778, 0.2000000000000000111 ) ) ;
#511 = ADVANCED_FACE ( 'NONE', ( #1437 ), #882, .T. ) ;
#512 = PRESENTATION_LAYER_ASSIGNMENT (  '', '', ( #875 ) ) ;
#513 = EDGE_CURVE ( 'NONE', #711, #1621, #5, .T. ) ;
#514 = PLANE ( 'NONE',  #873 ) ;
#515 = PRESENTATION_LAYER_ASSIGNMENT (  '', '', ( #1572 ) ) ;
#516 = VECTOR ( 'NONE', #337, 1000.000000000000000 ) ;
#517 = VERTEX_POINT ( 'NONE', #361 ) ;
#518 = DIRECTION ( 'NONE',  ( 0.0000000000000000000, 0.0000000000000000000, -1.000000000000000000 ) ) ;
#519 = DIRECTION ( 'NONE',  ( 0.0000000000000000000, 0.0000000000000000000, 1.000000000000000000 ) ) ;
#520 =( GEOMETRIC_REPRESENTATION_CONTEXT ( 3 ) GLOBAL_UNCERTAINTY_ASSIGNED_CONTEXT ( ( #1199 ) ) GLOBAL_UNIT_ASSIGNED_CONTEXT ( ( #1884, #179, #383 ) ) REPRESENTATION_CONTEXT ( 'NONE', 'WORKASPACE' ) );
#521 = FILL_AREA_STYLE ('',( #2022 ) ) ;
#522 = LINE ( 'NONE', #510, #2241 ) ;
#523 = SURFACE_SIDE_STYLE ('',( #1083 ) ) ;
#524 =( GEOMETRIC_REPRESENTATION_CONTEXT ( 3 ) GLOBAL_UNCERTAINTY_ASSIGNED_CONTEXT ( ( #532 ) ) GLOBAL_UNIT_ASSIGNED_CONTEXT ( ( #1473, #1856, #1736 ) ) REPRESENTATION_CONTEXT ( 'NONE', 'WORKASPACE' ) );
#525 =( LENGTH_UNIT ( ) NAMED_UNIT ( * ) SI_UNIT ( .MILLI., .METRE. ) );
#526 = LINE ( 'NONE', #1273, #1840 ) ;
#527 = EDGE_CURVE ( 'NONE', #881, #1395, #1688, .T. ) ;
#528 = ORIENTED_EDGE ( 'NONE', *, *, #765, .T. ) ;
#529 = PLANE ( 'NONE',  #1295 ) ;
#530 = DIRECTION ( 'NONE',  ( 0.0000000000000000000, 1.224646799146999945E-16, 1.000000000000000000 ) ) ;
#531 = DIRECTION ( 'NONE',  ( 1.000000000000000000, 0.0000000000000000000, 0.0000000000000000000 ) ) ;
#532 = UNCERTAINTY_MEASURE_WITH_UNIT (LENGTH_MEASURE( 1.000000000000000082E-05 ), #1473, 'distance_accuracy_value', 'NONE');
#533 =( NAMED_UNIT ( * ) SI_UNIT ( $, .STERADIAN. ) SOLID_ANGLE_UNIT ( ) );
#534 = FILL_AREA_STYLE_COLOUR ( '', #1426 ) ;
#535 = DIRECTION ( 'NONE',  ( 0.0000000000000000000, -1.000000000000000000, 0.0000000000000000000 ) ) ;
#536 = ORIENTED_EDGE ( 'NONE', *, *, #527, .T. ) ;
#537 = EDGE_CURVE ( 'NONE', #983, #577, #1635, .T. ) ;
#538 = AXIS2_PLACEMENT_3D ( 'NONE', #1039, #1576, #834 ) ;
#539 = APPLICATION_PROTOCOL_DEFINITION ( 'draft international standard', 'automotive_design', 1998, #250 ) ;
#540 = AXIS2_PLACEMENT_3D ( 'NONE', #236, #8, #2180 ) ;
#541 = FILL_AREA_STYLE ('',( #391 ) ) ;
#542 = CARTESIAN_POINT ( 'NONE',  ( 0.2000000000000000111, 0.4000000000000000222, -4.898587196588999540E-17 ) ) ;
#543 = CARTESIAN_POINT ( 'NONE',  ( -5.782411586589999921E-19, 0.09999999999999999167, -1.224646799148000227E-17 ) ) ;
#544 = AXIS2_PLACEMENT_3D ( 'NONE', #584, #1309, #394 ) ;
#545 = AXIS2_PLACEMENT_3D ( 'NONE', #267, #2273, #1204 ) ;
#546 = VECTOR ( 'NONE', #2133, 1000.000000000000000 ) ;
#547 = ORIENTED_EDGE ( 'NONE', *, *, #1740, .T. ) ;
#548 = CARTESIAN_POINT ( 'NONE',  ( -0.5000000000000000000, -0.3499999999999999778, 0.2000000000000000111 ) ) ;
#549 = CARTESIAN_POINT ( 'NONE',  ( -0.4516409507770000054, -0.3200000000000000067, 0.5799999999999999600 ) ) ;
#550 = FILL_AREA_STYLE_COLOUR ( '', #869 ) ;
#551 = AXIS2_PLACEMENT_3D ( 'NONE', #831, #609, #1568 ) ;
#552 = FACE_OUTER_BOUND ( 'NONE', #496, .T. ) ;
#553 = CARTESIAN_POINT ( 'NONE',  ( 0.4699999999999999734, -0.3016409507769999832, 0.5799999999999999600 ) ) ;
#554 = EDGE_CURVE ( 'NONE', #473, #202, #2351, .T. ) ;
#555 = VECTOR ( 'NONE', #2099, 1000.000000000000000 ) ;
#556 = CARTESIAN_POINT ( 'NONE',  ( -0.5000000000000000000, -0.3499999999999999778, 0.2000000000000000111 ) ) ;
#557 =( LENGTH_UNIT ( ) NAMED_UNIT ( * ) SI_UNIT ( .MILLI., .METRE. ) );
#558 = SURFACE_STYLE_FILL_AREA ( #2198 ) ;
#559 = ORIENTED_EDGE ( 'NONE', *, *, #332, .T. ) ;
#560 = DIRECTION ( 'NONE',  ( 0.0000000000000000000, -1.000000000000000000, 1.224646799146999945E-16 ) ) ;
#561 = PRESENTATION_STYLE_ASSIGNMENT (( #1729 ) ) ;
#562 = FILL_AREA_STYLE ('',( #2062 ) ) ;
#563 = LINE ( 'NONE', #2202, #314 ) ;
#564 = CARTESIAN_POINT ( 'NONE',  ( -0.4000000000000000222, -0.4000000000000000222, 0.0000000000000000000 ) ) ;
#565 =( LENGTH_UNIT ( ) NAMED_UNIT ( * ) SI_UNIT ( .MILLI., .METRE. ) );
#566 = PRESENTATION_LAYER_ASSIGNMENT (  '', '', ( #1618 ) ) ;
#567 = PRESENTATION_STYLE_ASSIGNMENT (( #1898 ) ) ;
#568 = DIRECTION ( 'NONE',  ( 0.0000000000000000000, -0.0000000000000000000, 1.000000000000000000 ) ) ;
#569 = SURFACE_STYLE_FILL_AREA ( #1292 ) ;
#570 = CARTESIAN_POINT ( 'NONE',  ( -0.4516409507770000054, -0.3016409507769999832, 0.6000000000000000888 ) ) ;
#571 = PRODUCT_DEFINITION_SHAPE ( 'NONE', 'NONE',  #1613 ) ;
#572 = ORIENTED_EDGE ( 'NONE', *, *, #2088, .F. ) ;
#573 = LINE ( 'NONE', #2059, #1921 ) ;
#574 = STYLED_ITEM ( 'NONE', ( #1558 ), #2103 ) ;
#575 = FACE_OUTER_BOUND ( 'NONE', #235, .T. ) ;
#576 = CARTESIAN_POINT ( 'NONE',  ( -0.2000000000000000111, -0.1000000000000000056, 1.224646799146999976E-17 ) ) ;
#577 = VERTEX_POINT ( 'NONE', #1659 ) ;
#578 = UNCERTAINTY_MEASURE_WITH_UNIT (LENGTH_MEASURE( 1.000000000000000082E-05 ), #565, 'distance_accuracy_value', 'NONE');
#579 = LINE ( 'NONE', #48, #55 ) ;
#580 = VECTOR ( 'NONE', #1482, 1000.000000000000000 ) ;
#581 = LINE ( 'NONE', #2054, #1345 ) ;
#582 = FILL_AREA_STYLE ('',( #920 ) ) ;
#583 = EDGE_CURVE ( 'NONE', #371, #40, #703, .T. ) ;
#584 = CARTESIAN_POINT ( 'NONE',  ( 0.0000000000000000000, -0.1000000000000000056, 1.224646799146999976E-17 ) ) ;
#585 = EDGE_CURVE ( 'NONE', #617, #1526, #2189, .T. ) ;
#586 = ORIENTED_EDGE ( 'NONE', *, *, #1278, .T. ) ;
#587 = DIRECTION ( 'NONE',  ( -4.323630019078185612E-19, -1.000000000000000000, -3.705968587780558768E-20 ) ) ;
#588 = SURFACE_STYLE_FILL_AREA ( #562 ) ;
#589 = VERTEX_POINT ( 'NONE', #1500 ) ;
#590 =( GEOMETRIC_REPRESENTATION_CONTEXT ( 3 ) GLOBAL_UNCERTAINTY_ASSIGNED_CONTEXT ( ( #1068 ) ) GLOBAL_UNIT_ASSIGNED_CONTEXT ( ( #146, #1959, #472 ) ) REPRESENTATION_CONTEXT ( 'NONE', 'WORKASPACE' ) );
#591 = PRESENTATION_STYLE_ASSIGNMENT (( #1344 ) ) ;
#592 = VECTOR ( 'NONE', #2030, 1000.000000000000000 ) ;
#593 = CARTESIAN_POINT ( 'NONE',  ( 0.4706339073361386904, -0.3206339073361386127, 0.5926044144130637736 ) ) ;
#594 = SHAPE_REPRESENTATION_RELATIONSHIP ( 'NONE' , 'NONE' ,  #128, #1882 ) ;
#595 = AXIS2_PLACEMENT_3D ( 'NONE', #447, #1347, #1363 ) ;
#596 = ITEM_DEFINED_TRANSFORMATION ( 'NONE', 'NONE', #803,  #457 ) ;
#597 = ORIENTED_EDGE ( 'NONE', *, *, #1780, .T. ) ;
#598 = DIRECTION ( 'NONE',  ( 0.0000000000000000000, 0.0000000000000000000, 1.000000000000000000 ) ) ;
#599 = CARTESIAN_POINT ( 'NONE',  ( 0.2000000000000000111, 0.4000000000000000222, -4.898587196589000156E-17 ) ) ;
#600 = UNCERTAINTY_MEASURE_WITH_UNIT (LENGTH_MEASURE( 1.000000000000000082E-05 ), #1655, 'distance_accuracy_value', 'NONE');
#601 = ORIENTED_EDGE ( 'NONE', *, *, #1707, .T. ) ;
#602 = DIRECTION ( 'NONE',  ( -0.0000000000000000000, 1.000000000000000000, 0.0000000000000000000 ) ) ;
#603 = DIRECTION ( 'NONE',  ( 1.000000000000000000, 0.0000000000000000000, 0.0000000000000000000 ) ) ;
#604 = ORIENTED_EDGE ( 'NONE', *, *, #1090, .T. ) ;
#605 =( NAMED_UNIT ( * ) SI_UNIT ( $, .STERADIAN. ) SOLID_ANGLE_UNIT ( ) );
#606 = FACE_OUTER_BOUND ( 'NONE', #1611, .T. ) ;
#607 = FILL_AREA_STYLE ('',( #1348 ) ) ;
#608 = ORIENTED_EDGE ( 'NONE', *, *, #280, .T. ) ;
#609 = DIRECTION ( 'NONE',  ( 0.0000000000000000000, 0.0000000000000000000, 1.000000000000000000 ) ) ;
#610 =( LENGTH_UNIT ( ) NAMED_UNIT ( * ) SI_UNIT ( .MILLI., .METRE. ) );
#611 = SURFACE_STYLE_FILL_AREA ( #1021 ) ;
#612 = LINE ( 'NONE', #802, #923 ) ;
#613 = EDGE_CURVE ( 'NONE', #291, #577, #1297, .T. ) ;
#614 = ORIENTED_EDGE ( 'NONE', *, *, #583, .T. ) ;
#615 = MECHANICAL_DESIGN_GEOMETRIC_PRESENTATION_REPRESENTATION (  '', ( #2221 ), #1666 ) ;
#616 = FILL_AREA_STYLE ('',( #1706 ) ) ;
#617 = VERTEX_POINT ( 'NONE', #16 ) ;
#618 = CARTESIAN_POINT ( 'NONE',  ( 0.8000000000000000444, 0.4000000000000000222, 0.0000000000000000000 ) ) ;
#619 = LINE ( 'NONE', #98, #555 ) ;
#620 =( LENGTH_UNIT ( ) NAMED_UNIT ( * ) SI_UNIT ( .MILLI., .METRE. ) );
#621 =( LENGTH_UNIT ( ) NAMED_UNIT ( * ) SI_UNIT ( .MILLI., .METRE. ) );
#622 = AXIS2_PLACEMENT_3D ( 'NONE', #872, #1409, #680 ) ;
#623 = COLOUR_RGB ( '',0.7803921568627451011, 0.5686274509803921351, 0.1137254901960784298 ) ;
#624 = CYLINDRICAL_SURFACE ( 'NONE', #1091, 0.03999999999999999389 ) ;
#625 = ORIENTED_EDGE ( 'NONE', *, *, #585, .F. ) ;
#626 = FILL_AREA_STYLE_COLOUR ( '', #2057 ) ;
#627 = PRESENTATION_STYLE_ASSIGNMENT (( #1810 ) ) ;
#628 = FILL_AREA_STYLE ('',( #2277 ) ) ;
#629 =( LENGTH_UNIT ( ) NAMED_UNIT ( * ) SI_UNIT ( .MILLI., .METRE. ) );
#630 = EDGE_LOOP ( 'NONE', ( #1929, #2149, #888, #1060, #2067, #2105, #2073, #625 ) ) ;
#631 = UNCERTAINTY_MEASURE_WITH_UNIT (LENGTH_MEASURE( 1.000000000000000082E-05 ), #164, 'distance_accuracy_value', 'NONE');
#632 = CARTESIAN_POINT ( 'NONE',  ( 0.4715678837580004612, 0.3215678837576906868, 0.5817080228269734254 ) ) ;
#633 = PRESENTATION_LAYER_ASSIGNMENT (  '', '', ( #261 ) ) ;
#634 = VECTOR ( 'NONE', #1883, 1000.000000000000000 ) ;
#635 = EDGE_CURVE ( 'NONE', #320, #1357, #1265, .T. ) ;
#636 =( GEOMETRIC_REPRESENTATION_CONTEXT ( 3 ) GLOBAL_UNCERTAINTY_ASSIGNED_CONTEXT ( ( #1563 ) ) GLOBAL_UNIT_ASSIGNED_CONTEXT ( ( #497, #890, #821 ) ) REPRESENTATION_CONTEXT ( 'NONE', 'WORKASPACE' ) );
#637 = ORIENTED_EDGE ( 'NONE', *, *, #351, .F. ) ;
#638 = PRESENTATION_STYLE_ASSIGNMENT (( #2291 ) ) ;
#639 = STYLED_ITEM ( 'NONE', ( #2124 ), #1508 ) ;
#640 = DIRECTION ( 'NONE',  ( 1.000000000000000000, 0.0000000000000000000, 0.0000000000000000000 ) ) ;
#641 = ORIENTED_EDGE ( 'NONE', *, *, #1957, .F. ) ;
#642 = CARTESIAN_POINT ( 'NONE',  ( -0.6000000000000000888, 0.0000000000000000000, 0.2000000000000000111 ) ) ;
#643 = ORIENTED_EDGE ( 'NONE', *, *, #2134, .T. ) ;
#644 = FILL_AREA_STYLE ('',( #1770 ) ) ;
#645 = ORIENTED_EDGE ( 'NONE', *, *, #1209, .F. ) ;
#646 = DIRECTION ( 'NONE',  ( 1.000000000000000000, 0.0000000000000000000, -0.0000000000000000000 ) ) ;
#647 = APPLICATION_CONTEXT ( 'automotive_design' ) ;
#648 = ORIENTED_EDGE ( 'NONE', *, *, #880, .T. ) ;
#649 = UNCERTAINTY_MEASURE_WITH_UNIT (LENGTH_MEASURE( 1.000000000000000082E-05 ), #942, 'distance_accuracy_value', 'NONE');
#650 = LINE ( 'NONE', #132, #1337 ) ;
#651 = SURFACE_SIDE_STYLE ('',( #111 ) ) ;
#652 = SURFACE_STYLE_FILL_AREA ( #682 ) ;
#653 = DIRECTION ( 'NONE',  ( 1.000000000000000000, 0.0000000000000000000, 0.0000000000000000000 ) ) ;
#654 = MECHANICAL_DESIGN_GEOMETRIC_PRESENTATION_REPRESENTATION (  '', ( #1717 ), #253 ) ;
#655 = ORIENTED_EDGE ( 'NONE', *, *, #537, .T. ) ;
#656 = FILL_AREA_STYLE_COLOUR ( '', #96 ) ;
#657 = EDGE_CURVE ( 'NONE', #1672, #262, #1311, .T. ) ;
#658 = DIRECTION ( 'NONE',  ( 0.0000000000000000000, -0.0000000000000000000, -1.000000000000000000 ) ) ;
#659 =( NAMED_UNIT ( * ) SI_UNIT ( $, .STERADIAN. ) SOLID_ANGLE_UNIT ( ) );
#660 = CYLINDRICAL_SURFACE ( 'NONE', #1697, 0.02000000000000005246 ) ;
#661 = DIRECTION ( 'NONE',  ( 1.000000000000000000, 0.0000000000000000000, 0.0000000000000000000 ) ) ;
#662 = PRESENTATION_LAYER_ASSIGNMENT (  '', '', ( #1725 ) ) ;
#663 = AXIS2_PLACEMENT_3D ( 'NONE', #2208, #1421, #1783 ) ;
#664 = PLANE ( 'NONE',  #1226 ) ;
#665 = VERTEX_POINT ( 'NONE', #2213 ) ;
#666 =( GEOMETRIC_REPRESENTATION_CONTEXT ( 3 ) GLOBAL_UNCERTAINTY_ASSIGNED_CONTEXT ( ( #207 ) ) GLOBAL_UNIT_ASSIGNED_CONTEXT ( ( #993, #2284, #1709 ) ) REPRESENTATION_CONTEXT ( 'NONE', 'WORKASPACE' ) );
#667 = STYLED_ITEM ( 'NONE', ( #1985 ), #21 ) ;
#668 = EDGE_LOOP ( 'NONE', ( #1658, #65, #1953, #230 ) ) ;
#669 = FILL_AREA_STYLE_COLOUR ( '', #1919 ) ;
#670 = ADVANCED_FACE ( 'NONE', ( #2170 ), #529, .T. ) ;
#671 = ADVANCED_FACE ( 'NONE', ( #1141 ), #105, .T. ) ;
#672 = SURFACE_STYLE_FILL_AREA ( #2322 ) ;
#673 = LINE ( 'NONE', #2308, #1149 ) ;
#674 =( NAMED_UNIT ( * ) SI_UNIT ( $, .STERADIAN. ) SOLID_ANGLE_UNIT ( ) );
#675 = EDGE_LOOP ( 'NONE', ( #1567, #418, #2305, #1827 ) ) ;
#676 =( GEOMETRIC_REPRESENTATION_CONTEXT ( 3 ) GLOBAL_UNCERTAINTY_ASSIGNED_CONTEXT ( ( #1315 ) ) GLOBAL_UNIT_ASSIGNED_CONTEXT ( ( #1438, #367, #734 ) ) REPRESENTATION_CONTEXT ( 'NONE', 'WORKASPACE' ) );
#677 = ORIENTED_EDGE ( 'NONE', *, *, #74, .F. ) ;
#678 = SURFACE_SIDE_STYLE ('',( #1930 ) ) ;
#679 = FILL_AREA_STYLE ('',( #1277 ) ) ;
#680 = DIRECTION ( 'NONE',  ( 1.000000000000000000, 0.0000000000000000000, -0.0000000000000000000 ) ) ;
#681 = ADVANCED_FACE ( 'NONE', ( #1512 ), #1935, .F. ) ;
#682 = FILL_AREA_STYLE ('',( #1259 ) ) ;
#683 = EDGE_CURVE ( 'NONE', #2290, #711, #573, .T. ) ;
#684 =( GEOMETRIC_REPRESENTATION_CONTEXT ( 3 ) GLOBAL_UNCERTAINTY_ASSIGNED_CONTEXT ( ( #1557 ) ) GLOBAL_UNIT_ASSIGNED_CONTEXT ( ( #1879, #1690, #107 ) ) REPRESENTATION_CONTEXT ( 'NONE', 'WORKASPACE' ) );
#685 = SURFACE_STYLE_FILL_AREA ( #919 ) ;
#686 = SHAPE_REPRESENTATION_RELATIONSHIP ( 'NONE' , 'NONE' ,  #2328, #1054 ) ;
#687 =( LENGTH_UNIT ( ) NAMED_UNIT ( * ) SI_UNIT ( .MILLI., .METRE. ) );
#688 = ORIENTED_EDGE ( 'NONE', *, *, #1891, .T. ) ;
#689 = FILL_AREA_STYLE ('',( #1645 ) ) ;
#690 =( GEOMETRIC_REPRESENTATION_CONTEXT ( 3 ) GLOBAL_UNCERTAINTY_ASSIGNED_CONTEXT ( ( #2205 ) ) GLOBAL_UNIT_ASSIGNED_CONTEXT ( ( #610, #18, #2231 ) ) REPRESENTATION_CONTEXT ( 'NONE', 'WORKASPACE' ) );
#691 = APPLICATION_PROTOCOL_DEFINITION ( 'draft international standard', 'automotive_design', 1998, #1695 ) ;
#692 = PLANE ( 'NONE',  #1818 ) ;
#693 = FACE_OUTER_BOUND ( 'NONE', #2188, .T. ) ;
#694 = ADVANCED_FACE ( 'NONE', ( #60 ), #419, .T. ) ;
#695 = CARTESIAN_POINT ( 'NONE',  ( -0.8000000000000000444, 0.2000000000000000111, 0.2000000000000000111 ) ) ;
#696 =( NAMED_UNIT ( * ) PLANE_ANGLE_UNIT ( ) SI_UNIT ( $, .RADIAN. ) );
#697 =( GEOMETRIC_REPRESENTATION_CONTEXT ( 3 ) GLOBAL_UNCERTAINTY_ASSIGNED_CONTEXT ( ( #1851 ) ) GLOBAL_UNIT_ASSIGNED_CONTEXT ( ( #621, #481, #1203 ) ) REPRESENTATION_CONTEXT ( 'NONE', 'WORKASPACE' ) );
#698 = CARTESIAN_POINT ( 'NONE',  ( -0.4000000000000000222, -0.4000000000000000222, 0.0000000000000000000 ) ) ;
#699 = MECHANICAL_DESIGN_GEOMETRIC_PRESENTATION_REPRESENTATION (  '', ( #1138 ), #201 ) ;
#700 = VECTOR ( 'NONE', #1, 1000.000000000000000 ) ;
#701 = AXIS2_PLACEMENT_3D ( 'NONE', #1742, #2276, #1714 ) ;
#702 = EDGE_LOOP ( 'NONE', ( #1582, #643, #2331, #608 ) ) ;
#703 = LINE ( 'NONE', #725, #1454 ) ;
#704 = CARTESIAN_POINT ( 'NONE',  ( 0.8000000000000000444, -0.4000000000000000222, 0.0000000000000000000 ) ) ;
#705 = PRODUCT_CONTEXT ( 'NONE', #485, 'mechanical' ) ;
#706 =( NAMED_UNIT ( * ) SI_UNIT ( $, .STERADIAN. ) SOLID_ANGLE_UNIT ( ) );
#707 = DIRECTION ( 'NONE',  ( -0.0000000000000000000, -0.0000000000000000000, -1.000000000000000000 ) ) ;
#708 = CARTESIAN_POINT ( 'NONE',  ( -0.8000000000000000444, 0.2000000000000000111, 0.0000000000000000000 ) ) ;
#709 = PRESENTATION_LAYER_ASSIGNMENT (  '', '', ( #194 ) ) ;
#710 = PRODUCT_RELATED_PRODUCT_CATEGORY ( 'part', '', ( #2033 ) ) ;
#711 = VERTEX_POINT ( 'NONE', #1849 ) ;
#712 = PRESENTATION_STYLE_ASSIGNMENT (( #2010 ) ) ;
#713 = CARTESIAN_POINT ( 'NONE',  ( 0.2000000000000000111, 0.4000000000000000222, 0.002000000000000000042 ) ) ;
#714 = FILL_AREA_STYLE_COLOUR ( '', #1413 ) ;
#715 = DIRECTION ( 'NONE',  ( 1.000000000000000000, 0.0000000000000000000, 0.0000000000000000000 ) ) ;
#716 = PRODUCT_DEFINITION_CONTEXT ( 'detailed design', #250, 'design' ) ;
#717 = DIRECTION ( 'NONE',  ( 0.0000000000000000000, -0.0000000000000000000, -1.000000000000000000 ) ) ;
#718 = DIRECTION ( 'NONE',  ( -1.000000000000000000, 0.0000000000000000000, 0.0000000000000000000 ) ) ;
#719 = APPLICATION_CONTEXT ( 'automotive_design' ) ;
#720 = CARTESIAN_POINT ( 'NONE',  ( 0.4000000000000000222, -0.4000000000000000222, 0.0000000000000000000 ) ) ;
#721 = SURFACE_STYLE_USAGE ( .BOTH. , #1682 ) ;
#722 = STYLED_ITEM ( 'NONE', ( #247 ), #2041 ) ;
#723 = ORIENTED_EDGE ( 'NONE', *, *, #554, .T. ) ;
#724 = ORIENTED_EDGE ( 'NONE', *, *, #149, .F. ) ;
#725 = CARTESIAN_POINT ( 'NONE',  ( 0.4516409507770000054, 0.3200000000000000067, 0.6000000000000000888 ) ) ;
#726 = CARTESIAN_POINT ( 'NONE',  ( 0.2000000000000000111, 0.4000000000000000222, -4.898587196589000156E-17 ) ) ;
#727 = ADVANCED_FACE ( 'NONE', ( #355 ), #1492, .T. ) ;
#728 = DIRECTION ( 'NONE',  ( 0.0000000000000000000, 0.0000000000000000000, -1.000000000000000000 ) ) ;
#729 = COLOUR_RGB ( '',0.7803921568627451011, 0.5686274509803921351, 0.1137254901960784298 ) ;
#730 = APPLICATION_PROTOCOL_DEFINITION ( 'draft international standard', 'automotive_design', 1998, #1811 ) ;
#731 = CARTESIAN_POINT ( 'NONE',  ( -0.8000000000000000444, 0.4000000000000000222, 0.0000000000000000000 ) ) ;
#732 = PRESENTATION_LAYER_ASSIGNMENT (  '', '', ( #2007 ) ) ;
#733 = VECTOR ( 'NONE', #2190, 1000.000000000000000 ) ;
#734 =( NAMED_UNIT ( * ) SI_UNIT ( $, .STERADIAN. ) SOLID_ANGLE_UNIT ( ) );
#735 = SURFACE_STYLE_USAGE ( .BOTH. , #24 ) ;
#736 = CARTESIAN_POINT ( 'NONE',  ( 0.4516409507770000054, 0.3016409507769999832, 0.6000000000000000888 ) ) ;
#737 =( LENGTH_UNIT ( ) NAMED_UNIT ( * ) SI_UNIT ( .MILLI., .METRE. ) );
#738 = CARTESIAN_POINT ( 'NONE',  ( -0.8000000000000000444, 0.0000000000000000000, 0.2000000000000000111 ) ) ;
#739 = PRESENTATION_LAYER_ASSIGNMENT (  '', '', ( #1137 ) ) ;
#740 = COLOUR_RGB ( '',0.8000000000000000444, 0.8000000000000000444, 0.8000000000000000444 ) ;
#741 = ORIENTED_EDGE ( 'NONE', *, *, #857, .F. ) ;
#742 = DIRECTION ( 'NONE',  ( 0.0000000000000000000, 0.0000000000000000000, -1.000000000000000000 ) ) ;
#743 = CARTESIAN_POINT ( 'NONE',  ( -0.6600000000000000311, -0.2999999999999999889, 0.2000000000000000111 ) ) ;
#744 = PRESENTATION_STYLE_ASSIGNMENT (( #1126 ) ) ;
#745 = FILL_AREA_STYLE ('',( #714 ) ) ;
#746 = CONTEXT_DEPENDENT_SHAPE_REPRESENTATION ( #775, #2256 ) ;
#747 = COLOUR_RGB ( '',0.7803921568627451011, 0.5686274509803921351, 0.1137254901960784298 ) ;
#748 = EDGE_CURVE ( 'NONE', #1367, #807, #2012, .T. ) ;
#749 = UNCERTAINTY_MEASURE_WITH_UNIT (LENGTH_MEASURE( 1.000000000000000082E-05 ), #1374, 'distance_accuracy_value', 'NONE');
#750 = SURFACE_STYLE_FILL_AREA ( #1373 ) ;
#751 = VECTOR ( 'NONE', #2358, 1000.000000000000000 ) ;
#752 =( NAMED_UNIT ( * ) SI_UNIT ( $, .STERADIAN. ) SOLID_ANGLE_UNIT ( ) );
#753 = FILL_AREA_STYLE ('',( #2039 ) ) ;
#754 =( NAMED_UNIT ( * ) PLANE_ANGLE_UNIT ( ) SI_UNIT ( $, .RADIAN. ) );
#755 = EDGE_LOOP ( 'NONE', ( #1704, #1487, #1296, #830 ) ) ;
#756 = PRESENTATION_STYLE_ASSIGNMENT (( #218 ) ) ;
#757 = LINE ( 'NONE', #695, #2345 ) ;
#758 =( NAMED_UNIT ( * ) SI_UNIT ( $, .STERADIAN. ) SOLID_ANGLE_UNIT ( ) );
#759 = DIRECTION ( 'NONE',  ( 1.000000000000000000, 0.0000000000000000000, -0.0000000000000000000 ) ) ;
#760 = DIRECTION ( 'NONE',  ( 0.0000000000000000000, -0.08540114134641878241, -0.9963466490417524080 ) ) ;
#761 =( NAMED_UNIT ( * ) SI_UNIT ( $, .STERADIAN. ) SOLID_ANGLE_UNIT ( ) );
#762 = EDGE_CURVE ( 'NONE', #110, #1370, #1820, .T. ) ;
#763 = PRESENTATION_LAYER_ASSIGNMENT (  '', '', ( #495 ) ) ;
#764 = CARTESIAN_POINT ( 'NONE',  ( 0.4715678837576906535, -0.3215678837578453408, 0.5817080228269734254 ) ) ;
#765 = EDGE_CURVE ( 'NONE', #464, #1044, #1599, .T. ) ;
#766 =( NAMED_UNIT ( * ) PLANE_ANGLE_UNIT ( ) SI_UNIT ( $, .RADIAN. ) );
#767 =( NAMED_UNIT ( * ) SI_UNIT ( $, .STERADIAN. ) SOLID_ANGLE_UNIT ( ) );
#768 = ORIENTED_EDGE ( 'NONE', *, *, #1789, .F. ) ;
#769 = CARTESIAN_POINT ( 'NONE',  ( 0.8000000000000000444, -0.4000000000000000222, 0.0000000000000000000 ) ) ;
#770 = AXIS2_PLACEMENT_3D ( 'NONE', #223, #410, #1518 ) ;
#771 = LINE ( 'NONE', #1155, #2123 ) ;
#772 = CYLINDRICAL_SURFACE ( 'NONE', #501, 0.02000000000000005246 ) ;
#773 = CARTESIAN_POINT ( 'NONE',  ( 0.4715678837578454741, 0.3215678837576906868, 0.5817080228269734254 ) ) ;
#774 = ORIENTED_EDGE ( 'NONE', *, *, #1390, .F. ) ;
#775 =( REPRESENTATION_RELATIONSHIP ('NONE','NONE', #1597, #128 ) REPRESENTATION_RELATIONSHIP_WITH_TRANSFORMATION ( #1894 )SHAPE_REPRESENTATION_RELATIONSHIP( ) );
#776 = UNCERTAINTY_MEASURE_WITH_UNIT (LENGTH_MEASURE( 1.000000000000000082E-05 ), #2264, 'distance_accuracy_value', 'NONE');
#777 = CARTESIAN_POINT ( 'NONE',  ( -0.2000000000000000111, -0.1000000000000000056, 0.002000000000000000042 ) ) ;
#778 = SHAPE_REPRESENTATION_RELATIONSHIP ( 'NONE' , 'NONE' ,  #1838, #458 ) ;
#779 = VECTOR ( 'NONE', #1951, 1000.000000000000000 ) ;
#780 = CARTESIAN_POINT ( 'NONE',  ( -0.4000000000000000222, 0.4000000000000000222, 0.2000000000000000111 ) ) ;
#781 = ORIENTED_EDGE ( 'NONE', *, *, #1707, .F. ) ;
#782 =( GEOMETRIC_REPRESENTATION_CONTEXT ( 3 ) GLOBAL_UNCERTAINTY_ASSIGNED_CONTEXT ( ( #2295 ) ) GLOBAL_UNIT_ASSIGNED_CONTEXT ( ( #1466, #2359, #674 ) ) REPRESENTATION_CONTEXT ( 'NONE', 'WORKASPACE' ) );
#783 = SURFACE_SIDE_STYLE ('',( #256 ) ) ;
#784 = COLOUR_RGB ( '',0.7803921568627451011, 0.5686274509803921351, 0.1137254901960784298 ) ;
#785 = CARTESIAN_POINT ( 'NONE',  ( -0.4000000000000000222, -0.4000000000000000222, 0.0000000000000000000 ) ) ;
#786 = FILL_AREA_STYLE ('',( #63 ) ) ;
#787 = ITEM_DEFINED_TRANSFORMATION ( 'NONE', 'NONE', #385,  #457 ) ;
#788 = COLOUR_RGB ( '',0.0000000000000000000, 0.6666666666666666297, 0.0000000000000000000 ) ;
#789 = EDGE_LOOP ( 'NONE', ( #1601, #1002, #536, #1361 ) ) ;
#790 = FILL_AREA_STYLE_COLOUR ( '', #1407 ) ;
#791 = AXIS2_PLACEMENT_3D ( 'NONE', #548, #939, #1285 ) ;
#792 = DIRECTION ( 'NONE',  ( 0.0000000000000000000, 0.0000000000000000000, -1.000000000000000000 ) ) ;
#793 = SURFACE_SIDE_STYLE ('',( #1869 ) ) ;
#794 = LINE ( 'NONE', #240, #380 ) ;
#795 = STYLED_ITEM ( 'NONE', ( #1641 ), #1142 ) ;
#796 = PRESENTATION_STYLE_ASSIGNMENT (( #99 ) ) ;
#797 = FACE_OUTER_BOUND ( 'NONE', #1352, .T. ) ;
#798 = EDGE_CURVE ( 'NONE', #1284, #1198, #2203, .T. ) ;
#799 = ORIENTED_EDGE ( 'NONE', *, *, #309, .T. ) ;
#800 = DIRECTION ( 'NONE',  ( 1.000000000000000000, 0.0000000000000000000, 0.0000000000000000000 ) ) ;
#801 = CARTESIAN_POINT ( 'NONE',  ( -1.734723475977000073E-18, 0.1000000000000000056, -1.224646799146999976E-17 ) ) ;
#802 = CARTESIAN_POINT ( 'NONE',  ( -0.5000000000000000000, 0.3499999999999999778, 0.2500000000000000000 ) ) ;
#803 = AXIS2_PLACEMENT_3D ( 'NONE', #375, #1989, #653 ) ;
#804 = ORIENTED_EDGE ( 'NONE', *, *, #283, .T. ) ;
#805 = CARTESIAN_POINT ( 'NONE',  ( -0.4000000000000000222, 0.4000000000000000222, 0.2000000000000000111 ) ) ;
#806 = FACE_OUTER_BOUND ( 'NONE', #1428, .T. ) ;
#807 = VERTEX_POINT ( 'NONE', #564 ) ;
#808 = PRESENTATION_LAYER_ASSIGNMENT (  '', '', ( #2304 ) ) ;
#809 = CARTESIAN_POINT ( 'NONE',  ( -0.8000000000000000444, -0.4000000000000000222, 0.0000000000000000000 ) ) ;
#810 = MECHANICAL_DESIGN_GEOMETRIC_PRESENTATION_REPRESENTATION (  '', ( #495 ), #676 ) ;
#811 = PLANE ( 'NONE',  #1792 ) ;
#812 = ORIENTED_EDGE ( 'NONE', *, *, #1041, .T. ) ;
#813 = CARTESIAN_POINT ( 'NONE',  ( 0.8000000000000000444, -0.4000000000000000222, 0.2000000000000000111 ) ) ;
#814 = DIRECTION ( 'NONE',  ( 0.0000000000000000000, 0.0000000000000000000, 1.000000000000000000 ) ) ;
#815 = VECTOR ( 'NONE', #232, 1000.000000000000000 ) ;
#816 = VERTEX_POINT ( 'NONE', #1880 ) ;
#817 = MECHANICAL_DESIGN_GEOMETRIC_PRESENTATION_REPRESENTATION (  '', ( #1942 ), #936 ) ;
#818 = EDGE_CURVE ( 'NONE', #2309, #1987, #1314, .T. ) ;
#819 =( NAMED_UNIT ( * ) PLANE_ANGLE_UNIT ( ) SI_UNIT ( $, .RADIAN. ) );
#820 = ORIENTED_EDGE ( 'NONE', *, *, #2283, .T. ) ;
#821 =( NAMED_UNIT ( * ) SI_UNIT ( $, .STERADIAN. ) SOLID_ANGLE_UNIT ( ) );
#822 = DIRECTION ( 'NONE',  ( -1.000000000000000000, 0.0000000000000000000, 0.0000000000000000000 ) ) ;
#823 = SHAPE_REPRESENTATION_RELATIONSHIP ( 'NONE' , 'NONE' ,  #859, #867 ) ;
#824 = MECHANICAL_DESIGN_GEOMETRIC_PRESENTATION_REPRESENTATION (  '', ( #2194 ), #1129 ) ;
#825 =( BOUNDED_CURVE ( )  B_SPLINE_CURVE ( 3, ( #1748, #428, #593, #764 ),
 .UNSPECIFIED., .F., .T. ) 
 B_SPLINE_CURVE_WITH_KNOTS ( ( 4, 4 ),
 ( 4.712388980384689674, 6.197680013498867879 ),
 .UNSPECIFIED. ) 
 CURVE ( )  GEOMETRIC_REPRESENTATION_ITEM ( )  RATIONAL_B_SPLINE_CURVE ( ( 1.000000000000000000, 0.8244547578640677443, 0.8244547578640677443, 1.000000000000000000 ) ) 
 REPRESENTATION_ITEM ( '' )  );
#826 = PRESENTATION_STYLE_ASSIGNMENT (( #460 ) ) ;
#827 =( GEOMETRIC_REPRESENTATION_CONTEXT ( 3 ) GLOBAL_UNCERTAINTY_ASSIGNED_CONTEXT ( ( #1222 ) ) GLOBAL_UNIT_ASSIGNED_CONTEXT ( ( #1971, #455, #2333 ) ) REPRESENTATION_CONTEXT ( 'NONE', 'WORKASPACE' ) );
#828 = COLOUR_RGB ( '',0.7803921568627451011, 0.5686274509803921351, 0.1137254901960784298 ) ;
#829 = FILL_AREA_STYLE_COLOUR ( '', #2128 ) ;
#830 = ORIENTED_EDGE ( 'NONE', *, *, #177, .F. ) ;
#831 = CARTESIAN_POINT ( 'NONE',  ( -0.5000000000000000000, 0.3499999999999999778, 0.2000000000000000111 ) ) ;
#832 = FILL_AREA_STYLE_COLOUR ( '', #828 ) ;
#833 = LINE ( 'NONE', #642, #1449 ) ;
#834 = DIRECTION ( 'NONE',  ( 1.000000000000000000, 0.0000000000000000000, 0.0000000000000000000 ) ) ;
#835 = MECHANICAL_DESIGN_GEOMETRIC_PRESENTATION_REPRESENTATION (  '', ( #875 ), #2350 ) ;
#836 = VERTEX_POINT ( 'NONE', #2164 ) ;
#837 = ADVANCED_FACE ( 'NONE', ( #552 ), #1623, .T. ) ;
#838 = AXIS2_PLACEMENT_3D ( 'NONE', #1528, #2216, #405 ) ;
#839 = PRESENTATION_LAYER_ASSIGNMENT (  '', '', ( #69 ) ) ;
#840 = FACE_OUTER_BOUND ( 'NONE', #88, .T. ) ;
#841 = COLOUR_RGB ( '',0.0000000000000000000, 0.3333333333333333148, 1.000000000000000000 ) ;
#842 = LINE ( 'NONE', #1565, #1521 ) ;
#843 = PRESENTATION_STYLE_ASSIGNMENT (( #1566 ) ) ;
#844 = PRESENTATION_LAYER_ASSIGNMENT (  '', '', ( #2061 ) ) ;
#845 = EDGE_LOOP ( 'NONE', ( #1904, #1019, #1876, #1741 ) ) ;
#846 = SURFACE_SIDE_STYLE ('',( #243 ) ) ;
#847 = DIRECTION ( 'NONE',  ( 0.0000000000000000000, 0.0000000000000000000, 1.000000000000000000 ) ) ;
#848 = ORIENTED_EDGE ( 'NONE', *, *, #1836, .T. ) ;
#849 = MECHANICAL_DESIGN_GEOMETRIC_PRESENTATION_REPRESENTATION (  '', ( #2361 ), #1738 ) ;
#850 =( NAMED_UNIT ( * ) SI_UNIT ( $, .STERADIAN. ) SOLID_ANGLE_UNIT ( ) );
#851 = SURFACE_STYLE_USAGE ( .BOTH. , #651 ) ;
#852 = EDGE_CURVE ( 'NONE', #1526, #987, #1988, .T. ) ;
#853 = SURFACE_SIDE_STYLE ('',( #125 ) ) ;
#854 = APPLICATION_PROTOCOL_DEFINITION ( 'draft international standard', 'automotive_design', 1998, #39 ) ;
#855 = DIRECTION ( 'NONE',  ( -1.000000000000000000, -0.0000000000000000000, 0.0000000000000000000 ) ) ;
#856 = STYLED_ITEM ( 'NONE', ( #389 ), #1802 ) ;
#857 = EDGE_CURVE ( 'NONE', #517, #1969, #2171, .T. ) ;
#858 = ORIENTED_EDGE ( 'NONE', *, *, #748, .F. ) ;
#859 = SHAPE_REPRESENTATION ( 'Pad', ( #457 ), #1615 ) ;
#860 = ORIENTED_EDGE ( 'NONE', *, *, #921, .F. ) ;
#861 = UNCERTAINTY_MEASURE_WITH_UNIT (LENGTH_MEASURE( 1.000000000000000082E-05 ), #31, 'distance_accuracy_value', 'NONE');
#862 = DIRECTION ( 'NONE',  ( 0.0000000000000000000, 1.000000000000000000, -0.0000000000000000000 ) ) ;
#863 = CARTESIAN_POINT ( 'NONE',  ( -0.5000000000000000000, -0.3499999999999999778, 0.2000000000000000111 ) ) ;
#864 = DIRECTION ( 'NONE',  ( 1.000000000000000000, 0.0000000000000000000, 0.0000000000000000000 ) ) ;
#865 = PRESENTATION_LAYER_ASSIGNMENT (  '', '', ( #1907 ) ) ;
#866 = SURFACE_STYLE_FILL_AREA ( #2148 ) ;
#867 = ADVANCED_BREP_SHAPE_REPRESENTATION ( '', ( #214, #457 ), #1615 ) ;
#868 = ADVANCED_FACE ( 'NONE', ( #169 ), #902, .T. ) ;
#869 = COLOUR_RGB ( '',0.0000000000000000000, 0.3333333333333333148, 1.000000000000000000 ) ;
#870 = PRESENTATION_LAYER_ASSIGNMENT (  '', '', ( #1016 ) ) ;
#871 = ORIENTED_EDGE ( 'NONE', *, *, #1027, .T. ) ;
#872 = CARTESIAN_POINT ( 'NONE',  ( -0.4000000000000000222, 0.4000000000000000222, 0.0000000000000000000 ) ) ;
#873 = AXIS2_PLACEMENT_3D ( 'NONE', #698, #535, #345 ) ;
#874 = LINE ( 'NONE', #1439, #1193 ) ;
#875 = STYLED_ITEM ( 'NONE', ( #129 ), #2360 ) ;
#876 = STYLED_ITEM ( 'NONE', ( #1747 ), #500 ) ;
#877 =( NAMED_UNIT ( * ) SI_UNIT ( $, .STERADIAN. ) SOLID_ANGLE_UNIT ( ) );
#878 = COLOUR_RGB ( '',0.7803921568627451011, 0.5686274509803921351, 0.1137254901960784298 ) ;
#879 = ORIENTED_EDGE ( 'NONE', *, *, #126, .T. ) ;
#880 = EDGE_CURVE ( 'NONE', #2309, #1672, #1829, .T. ) ;
#881 = VERTEX_POINT ( 'NONE', #6 ) ;
#882 = PLANE ( 'NONE',  #791 ) ;
#883 = CARTESIAN_POINT ( 'NONE',  ( -0.8000000000000000444, 0.4000000000000000222, 0.2000000000000000111 ) ) ;
#884 = UNCERTAINTY_MEASURE_WITH_UNIT (LENGTH_MEASURE( 1.000000000000000082E-05 ), #1396, 'distance_accuracy_value', 'NONE');
#885 = PRESENTATION_LAYER_ASSIGNMENT (  '', '', ( #2204 ) ) ;
#886 = CARTESIAN_POINT ( 'NONE',  ( -0.6999999999999999556, -0.2999999999999999889, 0.1799999999999999933 ) ) ;
#887 =( NAMED_UNIT ( * ) PLANE_ANGLE_UNIT ( ) SI_UNIT ( $, .RADIAN. ) );
#888 = ORIENTED_EDGE ( 'NONE', *, *, #309, .F. ) ;
#889 = ORIENTED_EDGE ( 'NONE', *, *, #635, .T. ) ;
#890 =( NAMED_UNIT ( * ) PLANE_ANGLE_UNIT ( ) SI_UNIT ( $, .RADIAN. ) );
#891 =( NAMED_UNIT ( * ) PLANE_ANGLE_UNIT ( ) SI_UNIT ( $, .RADIAN. ) );
#892 = APPLICATION_PROTOCOL_DEFINITION ( 'draft international standard', 'automotive_design', 1998, #1602 ) ;
#893 = ADVANCED_FACE ( 'NONE', ( #507 ), #1256, .T. ) ;
#894 = STYLED_ITEM ( 'NONE', ( #2293 ), #2319 ) ;
#895 = CARTESIAN_POINT ( 'NONE',  ( -0.2000000000000000111, 0.1000000000000000056, 1.224646799146999976E-17 ) ) ;
#896 = PRESENTATION_LAYER_ASSIGNMENT (  '', '', ( #722 ) ) ;
#897 = FACE_OUTER_BOUND ( 'NONE', #1264, .T. ) ;
#898 =( NAMED_UNIT ( * ) PLANE_ANGLE_UNIT ( ) SI_UNIT ( $, .RADIAN. ) );
#899 = MECHANICAL_DESIGN_GEOMETRIC_PRESENTATION_REPRESENTATION (  '', ( #1372 ), #1411 ) ;
#900 = STYLED_ITEM ( 'NONE', ( #2177 ), #893 ) ;
#901 = VERTEX_POINT ( 'NONE', #244 ) ;
#902 = PLANE ( 'NONE',  #326 ) ;
#903 =( GEOMETRIC_REPRESENTATION_CONTEXT ( 3 ) GLOBAL_UNCERTAINTY_ASSIGNED_CONTEXT ( ( #1169 ) ) GLOBAL_UNIT_ASSIGNED_CONTEXT ( ( #1766, #1570, #163 ) ) REPRESENTATION_CONTEXT ( 'NONE', 'WORKASPACE' ) );
#904 = PRODUCT_CONTEXT ( 'NONE', #1811, 'mechanical' ) ;
#905 = FILL_AREA_STYLE_COLOUR ( '', #175 ) ;
#906 = LINE ( 'NONE', #1664, #392 ) ;
#907 = EDGE_CURVE ( 'NONE', #2290, #1782, #1312, .T. ) ;
#908 = DIRECTION ( 'NONE',  ( 0.0000000000000000000, 0.0000000000000000000, 1.000000000000000000 ) ) ;
#909 = DIRECTION ( 'NONE',  ( -0.0000000000000000000, 1.000000000000000000, 0.0000000000000000000 ) ) ;
#910 = COLOUR_RGB ( '',0.0000000000000000000, 0.6666666666666666297, 0.0000000000000000000 ) ;
#911 = ORIENTED_EDGE ( 'NONE', *, *, #1675, .F. ) ;
#912 =( GEOMETRIC_REPRESENTATION_CONTEXT ( 3 ) GLOBAL_UNCERTAINTY_ASSIGNED_CONTEXT ( ( #66 ) ) GLOBAL_UNIT_ASSIGNED_CONTEXT ( ( #43, #2232, #758 ) ) REPRESENTATION_CONTEXT ( 'NONE', 'WORKASPACE' ) );
#913 = MECHANICAL_DESIGN_GEOMETRIC_PRESENTATION_REPRESENTATION (  '', ( #1031 ), #1608 ) ;
#914 = ORIENTED_EDGE ( 'NONE', *, *, #2301, .F. ) ;
#915 = SURFACE_SIDE_STYLE ('',( #1804 ) ) ;
#916 = AXIS2_PLACEMENT_3D ( 'NONE', #1391, #822, #2223 ) ;
#917 = CARTESIAN_POINT ( 'NONE',  ( 0.5000000000000000000, -0.3350000000000000200, 0.4249999999999999889 ) ) ;
#918 = SURFACE_STYLE_USAGE ( .BOTH. , #2182 ) ;
#919 = FILL_AREA_STYLE ('',( #1451 ) ) ;
#920 = FILL_AREA_STYLE_COLOUR ( '', #1463 ) ;
#921 = EDGE_CURVE ( 'NONE', #1284, #1969, #1125, .T. ) ;
#922 = FILL_AREA_STYLE ('',( #193 ) ) ;
#923 = VECTOR ( 'NONE', #1491, 1000.000000000000000 ) ;
#924 = ORIENTED_EDGE ( 'NONE', *, *, #798, .T. ) ;
#925 = DIRECTION ( 'NONE',  ( 0.0000000000000000000, -0.0000000000000000000, 1.000000000000000000 ) ) ;
#926 = AXIS2_PLACEMENT_3D ( 'NONE', #1866, #186, #1281 ) ;
#927 = DIRECTION ( 'NONE',  ( 1.000000000000000000, 0.0000000000000000000, 0.0000000000000000000 ) ) ;
#928 = CARTESIAN_POINT ( 'NONE',  ( -0.4699999999999999734, 0.3016409507769999832, 0.5799999999999999600 ) ) ;
#929 = DIRECTION ( 'NONE',  ( 1.000000000000000000, 0.0000000000000000000, 0.0000000000000000000 ) ) ;
#930 = DIRECTION ( 'NONE',  ( -4.339483675923922730E-19, -0.9963466490417525190, 0.08540114134641879629 ) ) ;
#931 = UNCERTAINTY_MEASURE_WITH_UNIT (LENGTH_MEASURE( 1.000000000000000082E-05 ), #2156, 'distance_accuracy_value', 'NONE');
#932 = DIRECTION ( 'NONE',  ( 1.000000000000000000, 0.0000000000000000000, 0.0000000000000000000 ) ) ;
#933 = PRODUCT ( 'Pocket002', 'Pocket002', '', ( #1590 ) ) ;
#934 = LINE ( 'NONE', #50, #634 ) ;
#935 = MECHANICAL_DESIGN_GEOMETRIC_PRESENTATION_REPRESENTATION (  '', ( #1013 ), #684 ) ;
#936 =( GEOMETRIC_REPRESENTATION_CONTEXT ( 3 ) GLOBAL_UNCERTAINTY_ASSIGNED_CONTEXT ( ( #578 ) ) GLOBAL_UNIT_ASSIGNED_CONTEXT ( ( #565, #1913, #1720 ) ) REPRESENTATION_CONTEXT ( 'NONE', 'WORKASPACE' ) );
#937 = EDGE_LOOP ( 'NONE', ( #354, #799, #2349, #1687 ) ) ;
#938 = EDGE_LOOP ( 'NONE', ( #604, #547, #1499, #408 ) ) ;
#939 = DIRECTION ( 'NONE',  ( -1.000000000000000000, 0.0000000000000000000, 0.0000000000000000000 ) ) ;
#940 = CARTESIAN_POINT ( 'NONE',  ( -0.4000000000000000222, 0.4000000000000000222, 0.0000000000000000000 ) ) ;
#941 = SURFACE_SIDE_STYLE ('',( #1701 ) ) ;
#942 =( LENGTH_UNIT ( ) NAMED_UNIT ( * ) SI_UNIT ( .MILLI., .METRE. ) );
#943 = SURFACE_SIDE_STYLE ('',( #208 ) ) ;
#944 = DIRECTION ( 'NONE',  ( 0.0000000000000000000, 0.0000000000000000000, -1.000000000000000000 ) ) ;
#945 = PLANE ( 'NONE',  #1095 ) ;
#946 = SURFACE_STYLE_FILL_AREA ( #582 ) ;
#947 = CARTESIAN_POINT ( 'NONE',  ( -0.4706339073361386349, -0.3206339073361386682, 0.5926044144130637736 ) ) ;
#948 = ORIENTED_EDGE ( 'NONE', *, *, #1625, .T. ) ;
#949 = SURFACE_STYLE_FILL_AREA ( #2332 ) ;
#950 = ADVANCED_FACE ( 'NONE', ( #404, #1901 ), #965, .F. ) ;
#951 = DIRECTION ( 'NONE',  ( -1.000000000000000000, 0.0000000000000000000, 0.0000000000000000000 ) ) ;
#952 = DIRECTION ( 'NONE',  ( 0.0000000000000000000, 1.000000000000000000, 0.0000000000000000000 ) ) ;
#953 = PRODUCT_DEFINITION_SHAPE ( 'NONE', 'NONE',  #1192 ) ;
#954 = MECHANICAL_DESIGN_GEOMETRIC_PRESENTATION_REPRESENTATION (  '', ( #1686 ), #448 ) ;
#955 = PRODUCT_DEFINITION_CONTEXT ( 'detailed design', #1364, 'design' ) ;
#956 = DIRECTION ( 'NONE',  ( 1.000000000000000000, 0.0000000000000000000, -0.0000000000000000000 ) ) ;
#957 = EDGE_CURVE ( 'NONE', #816, #1035, #1909, .T. ) ;
#958 = DIRECTION ( 'NONE',  ( -0.9963466490417525190, 4.339483675923922730E-19, 0.08540114134641879629 ) ) ;
#959 = VECTOR ( 'NONE', #1040, 1000.000000000000114 ) ;
#960 = FILL_AREA_STYLE_COLOUR ( '', #788 ) ;
#961 = AXIS2_PLACEMENT_3D ( 'NONE', #2207, #1640, #368 ) ;
#962 = PRESENTATION_STYLE_ASSIGNMENT (( #1136 ) ) ;
#963 = ORIENTED_EDGE ( 'NONE', *, *, #1976, .F. ) ;
#964 = FILL_AREA_STYLE ('',( #430 ) ) ;
#965 = PLANE ( 'NONE',  #1416 ) ;
#966 = FILL_AREA_STYLE_COLOUR ( '', #2036 ) ;
#967 = CARTESIAN_POINT ( 'NONE',  ( 0.5000000000000000000, 0.3499999999999999778, 0.2000000000000000111 ) ) ;
#968 = ORIENTED_EDGE ( 'NONE', *, *, #346, .T. ) ;
#969 = COLOUR_RGB ( '',0.0000000000000000000, 0.6666666666666666297, 0.0000000000000000000 ) ;
#970 = LINE ( 'NONE', #1024, #2271 ) ;
#971 = EDGE_CURVE ( 'NONE', #103, #1577, #1674, .T. ) ;
#972 = SURFACE_STYLE_USAGE ( .BOTH. , #1151 ) ;
#973 = VERTEX_POINT ( 'NONE', #2031 ) ;
#974 = CARTESIAN_POINT ( 'NONE',  ( -0.8000000000000000444, 0.4000000000000000222, 0.2000000000000000111 ) ) ;
#975 = CARTESIAN_POINT ( 'NONE',  ( -0.5000000000000000000, 0.3499999999999999778, 0.2000000000000000111 ) ) ;
#976 = UNCERTAINTY_MEASURE_WITH_UNIT (LENGTH_MEASURE( 1.000000000000000082E-05 ), #2224, 'distance_accuracy_value', 'NONE');
#977 = ORIENTED_EDGE ( 'NONE', *, *, #537, .F. ) ;
#978 = FILL_AREA_STYLE ('',( #1914 ) ) ;
#979 = MECHANICAL_DESIGN_GEOMETRIC_PRESENTATION_REPRESENTATION (  '', ( #2186 ), #1174 ) ;
#980 = EDGE_CURVE ( 'NONE', #2075, #110, #1513, .T. ) ;
#981 = SURFACE_SIDE_STYLE ('',( #435 ) ) ;
#982 =( LENGTH_UNIT ( ) NAMED_UNIT ( * ) SI_UNIT ( .MILLI., .METRE. ) );
#983 = VERTEX_POINT ( 'NONE', #1166 ) ;
#984 = DIRECTION ( 'NONE',  ( 1.000000000000000000, 0.0000000000000000000, 0.0000000000000000000 ) ) ;
#985 = MECHANICAL_DESIGN_GEOMETRIC_PRESENTATION_REPRESENTATION (  '', ( #1725 ), #1604 ) ;
#986 = CIRCLE ( 'NONE', #2193, 0.03999999999999999389 ) ;
#987 = VERTEX_POINT ( 'NONE', #42 ) ;
#988 = PRESENTATION_STYLE_ASSIGNMENT (( #47 ) ) ;
#989 = STYLED_ITEM ( 'NONE', ( #756 ), #670 ) ;
#990 = CARTESIAN_POINT ( 'NONE',  ( -0.6600000000000000311, -0.2999999999999999889, 0.2000000000000000111 ) ) ;
#991 = EDGE_LOOP ( 'NONE', ( #2269, #963, #1718, #456 ) ) ;
#992 = DIRECTION ( 'NONE',  ( 0.0000000000000000000, 0.0000000000000000000, 1.000000000000000000 ) ) ;
#993 =( LENGTH_UNIT ( ) NAMED_UNIT ( * ) SI_UNIT ( .MILLI., .METRE. ) );
#994 =( LENGTH_UNIT ( ) NAMED_UNIT ( * ) SI_UNIT ( .MILLI., .METRE. ) );
#995 = COLOUR_RGB ( '',0.7803921568627451011, 0.5686274509803921351, 0.1137254901960784298 ) ;
#996 = EDGE_CURVE ( 'NONE', #1395, #816, #771, .T. ) ;
#997 = VERTEX_POINT ( 'NONE', #2060 ) ;
#998 = FILL_AREA_STYLE ('',( #626 ) ) ;
#999 = FILL_AREA_STYLE ('',( #2347 ) ) ;
#1000 = DIRECTION ( 'NONE',  ( -0.0000000000000000000, -0.0000000000000000000, -1.000000000000000000 ) ) ;
#1001 =( GEOMETRIC_REPRESENTATION_CONTEXT ( 3 ) GLOBAL_UNCERTAINTY_ASSIGNED_CONTEXT ( ( #976 ) ) GLOBAL_UNIT_ASSIGNED_CONTEXT ( ( #2224, #1283, #2197 ) ) REPRESENTATION_CONTEXT ( 'NONE', 'WORKASPACE' ) );
#1002 = ORIENTED_EDGE ( 'NONE', *, *, #220, .T. ) ;
#1003 = UNCERTAINTY_MEASURE_WITH_UNIT (LENGTH_MEASURE( 1.000000000000000082E-05 ), #1954, 'distance_accuracy_value', 'NONE');
#1004 = FILL_AREA_STYLE ('',( #1734 ) ) ;
#1005 = UNCERTAINTY_MEASURE_WITH_UNIT (LENGTH_MEASURE( 1.000000000000000082E-05 ), #1133, 'distance_accuracy_value', 'NONE');
#1006 = DIRECTION ( 'NONE',  ( 1.000000000000000000, 0.0000000000000000000, -0.0000000000000000000 ) ) ;
#1007 = COLOUR_RGB ( '',0.0000000000000000000, 0.3333333333333333148, 1.000000000000000000 ) ;
#1008 = DIRECTION ( 'NONE',  ( -1.000000000000000000, 0.0000000000000000000, 0.0000000000000000000 ) ) ;
#1009 = COLOUR_RGB ( '',0.0000000000000000000, 0.3333333333333333148, 1.000000000000000000 ) ;
#1010 = ORIENTED_EDGE ( 'NONE', *, *, #2145, .F. ) ;
#1011 = CARTESIAN_POINT ( 'NONE',  ( 0.8000000000000000444, 0.0000000000000000000, 0.0000000000000000000 ) ) ;
#1012 = CARTESIAN_POINT ( 'NONE',  ( -0.8000000000000000444, 0.0000000000000000000, 0.2000000000000000111 ) ) ;
#1013 = STYLED_ITEM ( 'NONE', ( #744 ), #2266 ) ;
#1014 = SURFACE_STYLE_USAGE ( .BOTH. , #469 ) ;
#1015 = DIRECTION ( 'NONE',  ( 1.000000000000000000, 0.0000000000000000000, 0.0000000000000000000 ) ) ;
#1016 = STYLED_ITEM ( 'NONE', ( #1864 ), #837 ) ;
#1017 = DIRECTION ( 'NONE',  ( -1.000000000000000000, -0.0000000000000000000, -0.0000000000000000000 ) ) ;
#1018 = AXIS2_PLACEMENT_3D ( 'NONE', #257, #1501, #800 ) ;
#1019 = ORIENTED_EDGE ( 'NONE', *, *, #1579, .F. ) ;
#1020 = CARTESIAN_POINT ( 'NONE',  ( 0.4000000000000000222, 0.4000000000000000222, 0.0000000000000000000 ) ) ;
#1021 = FILL_AREA_STYLE ('',( #656 ) ) ;
#1022 = EDGE_CURVE ( 'NONE', #40, #1460, #2247, .T. ) ;
#1023 = VERTEX_POINT ( 'NONE', #421 ) ;
#1024 = CARTESIAN_POINT ( 'NONE',  ( -0.8000000000000000444, -0.4000000000000000222, 0.2000000000000000111 ) ) ;
#1025 = LINE ( 'NONE', #1200, #1252 ) ;
#1026 = ORIENTED_EDGE ( 'NONE', *, *, #420, .T. ) ;
#1027 = EDGE_CURVE ( 'NONE', #901, #103, #1826, .T. ) ;
#1028 =( GEOMETRIC_REPRESENTATION_CONTEXT ( 3 ) GLOBAL_UNCERTAINTY_ASSIGNED_CONTEXT ( ( #1003 ) ) GLOBAL_UNIT_ASSIGNED_CONTEXT ( ( #1954, #1758, #659 ) ) REPRESENTATION_CONTEXT ( 'NONE', 'WORKASPACE' ) );
#1029 =( LENGTH_UNIT ( ) NAMED_UNIT ( * ) SI_UNIT ( .MILLI., .METRE. ) );
#1030 =( NAMED_UNIT ( * ) SI_UNIT ( $, .STERADIAN. ) SOLID_ANGLE_UNIT ( ) );
#1031 = STYLED_ITEM ( 'NONE', ( #89 ), #681 ) ;
#1032 = APPLICATION_CONTEXT ( 'automotive_design' ) ;
#1033 = SURFACE_STYLE_USAGE ( .BOTH. , #301 ) ;
#1034 = PRESENTATION_LAYER_ASSIGNMENT (  '', '', ( #450 ) ) ;
#1035 = VERTEX_POINT ( 'NONE', #1368 ) ;
#1036 = CARTESIAN_POINT ( 'NONE',  ( -0.2000000000000000111, -0.1000000000000000056, 1.224646799146999976E-17 ) ) ;
#1037 = DIRECTION ( 'NONE',  ( 0.0000000000000000000, -1.000000000000000000, 1.224646799146999945E-16 ) ) ;
#1038 = SURFACE_STYLE_FILL_AREA ( #307 ) ;
#1039 = CARTESIAN_POINT ( 'NONE',  ( -0.8000000000000000444, 0.0000000000000000000, 0.2000000000000000111 ) ) ;
#1040 = DIRECTION ( 'NONE',  ( 0.08509140416959970477, -0.08509140416868289647, -0.9927330486455296921 ) ) ;
#1041 = EDGE_CURVE ( 'NONE', #589, #1329, #1113, .T. ) ;
#1042 = VECTOR ( 'NONE', #2048, 1000.000000000000000 ) ;
#1043 = CARTESIAN_POINT ( 'NONE',  ( -0.6999999999999999556, -0.2999999999999999889, 0.2000000000000000111 ) ) ;
#1044 = VERTEX_POINT ( 'NONE', #1689 ) ;
#1045 = VERTEX_POINT ( 'NONE', #30 ) ;
#1046 = SURFACE_SIDE_STYLE ('',( #445 ) ) ;
#1047 = AXIS2_PLACEMENT_3D ( 'NONE', #801, #2310, #441 ) ;
#1048 = FILL_AREA_STYLE ('',( #152 ) ) ;
#1049 = UNCERTAINTY_MEASURE_WITH_UNIT (LENGTH_MEASURE( 1.000000000000000082E-05 ), #1828, 'distance_accuracy_value', 'NONE');
#1050 = CARTESIAN_POINT ( 'NONE',  ( -1.734723475977000073E-18, 0.4000000000000000222, 0.002000000000000000042 ) ) ;
#1051 = SURFACE_STYLE_FILL_AREA ( #1779 ) ;
#1052 = ORIENTED_EDGE ( 'NONE', *, *, #1440, .T. ) ;
#1053 = DIRECTION ( 'NONE',  ( 0.0000000000000000000, -0.0000000000000000000, -1.000000000000000000 ) ) ;
#1054 = MANIFOLD_SURFACE_SHAPE_REPRESENTATION ( '', ( #313, #1791 ), #782 ) ;
#1055 = DIRECTION ( 'NONE',  ( 0.0000000000000000000, -0.0000000000000000000, -1.000000000000000000 ) ) ;
#1056 =( GEOMETRIC_REPRESENTATION_CONTEXT ( 3 ) GLOBAL_UNCERTAINTY_ASSIGNED_CONTEXT ( ( #931 ) ) GLOBAL_UNIT_ASSIGNED_CONTEXT ( ( #2156, #2327, #877 ) ) REPRESENTATION_CONTEXT ( 'NONE', 'WORKASPACE' ) );
#1057 = LINE ( 'NONE', #1070, #700 ) ;
#1058 = AXIS2_PLACEMENT_3D ( 'NONE', #151, #1445, #658 ) ;
#1059 = DIRECTION ( 'NONE',  ( 0.0000000000000000000, 0.0000000000000000000, 1.000000000000000000 ) ) ;
#1060 = ORIENTED_EDGE ( 'NONE', *, *, #1933, .F. ) ;
#1061 = EDGE_CURVE ( 'NONE', #1186, #973, #757, .T. ) ;
#1062 = COLOUR_RGB ( '',0.7803921568627451011, 0.5686274509803921351, 0.1137254901960784298 ) ;
#1063 = ORIENTED_EDGE ( 'NONE', *, *, #657, .F. ) ;
#1064 = LINE ( 'NONE', #2142, #116 ) ;
#1065 = SURFACE_STYLE_USAGE ( .BOTH. , #1300 ) ;
#1066 = PRODUCT_CONTEXT ( 'NONE', #168, 'mechanical' ) ;
#1067 =( GEOMETRIC_REPRESENTATION_CONTEXT ( 3 ) GLOBAL_UNCERTAINTY_ASSIGNED_CONTEXT ( ( #1703 ) ) GLOBAL_UNIT_ASSIGNED_CONTEXT ( ( #994, #86, #1772 ) ) REPRESENTATION_CONTEXT ( 'NONE', 'WORKASPACE' ) );
#1068 = UNCERTAINTY_MEASURE_WITH_UNIT (LENGTH_MEASURE( 1.000000000000000082E-05 ), #146, 'distance_accuracy_value', 'NONE');
#1069 = DIRECTION ( 'NONE',  ( -0.0000000000000000000, -0.0000000000000000000, -1.000000000000000000 ) ) ;
#1070 = CARTESIAN_POINT ( 'NONE',  ( -0.4516409507770000054, -0.3200000000000000067, 0.6000000000000000888 ) ) ;
#1071 = DIRECTION ( 'NONE',  ( -0.0000000000000000000, -0.0000000000000000000, 1.000000000000000000 ) ) ;
#1072 = SURFACE_SIDE_STYLE ('',( #866 ) ) ;
#1073 = FACE_OUTER_BOUND ( 'NONE', #937, .T. ) ;
#1074 = PRESENTATION_LAYER_ASSIGNMENT (  '', '', ( #1745 ) ) ;
#1075 = ORIENTED_EDGE ( 'NONE', *, *, #980, .T. ) ;
#1076 = EDGE_CURVE ( 'NONE', #1825, #76, #1182, .T. ) ;
#1077 = DIRECTION ( 'NONE',  ( -0.0000000000000000000, 1.000000000000000000, 0.0000000000000000000 ) ) ;
#1078 = APPLICATION_PROTOCOL_DEFINITION ( 'draft international standard', 'automotive_design', 1998, #1032 ) ;
#1079 = PRESENTATION_STYLE_ASSIGNMENT (( #1663 ) ) ;
#1080 = SURFACE_STYLE_USAGE ( .BOTH. , #356 ) ;
#1081 = CYLINDRICAL_SURFACE ( 'NONE', #1327, 0.02000000000000005246 ) ;
#1082 = STYLED_ITEM ( 'NONE', ( #1586 ), #2118 ) ;
#1083 = SURFACE_STYLE_FILL_AREA ( #753 ) ;
#1084 = STYLED_ITEM ( 'NONE', ( #1351 ), #868 ) ;
#1085 = EDGE_LOOP ( 'NONE', ( #724, #1429, #494, #93 ) ) ;
#1086 =( NAMED_UNIT ( * ) SI_UNIT ( $, .STERADIAN. ) SOLID_ANGLE_UNIT ( ) );
#1087 = STYLED_ITEM ( 'NONE', ( #627 ), #1108 ) ;
#1088 = UNCERTAINTY_MEASURE_WITH_UNIT (LENGTH_MEASURE( 1.000000000000000082E-05 ), #1382, 'distance_accuracy_value', 'NONE');
#1089 = FACE_OUTER_BOUND ( 'NONE', #1670, .T. ) ;
#1090 = EDGE_CURVE ( 'NONE', #453, #997, #1630, .T. ) ;
#1091 = AXIS2_PLACEMENT_3D ( 'NONE', #1043, #1059, #1600 ) ;
#1092 =( NAMED_UNIT ( * ) SI_UNIT ( $, .STERADIAN. ) SOLID_ANGLE_UNIT ( ) );
#1093 = SURFACE_STYLE_USAGE ( .BOTH. , #2026 ) ;
#1094 = AXIS2_PLACEMENT_3D ( 'NONE', #279, #1726, #101 ) ;
#1095 = AXIS2_PLACEMENT_3D ( 'NONE', #1362, #2239, #2222 ) ;
#1096 = ORIENTED_EDGE ( 'NONE', *, *, #251, .F. ) ;
#1097 = VECTOR ( 'NONE', #925, 1000.000000000000000 ) ;
#1098 = EDGE_LOOP ( 'NONE', ( #281, #1400, #467, #879 ) ) ;
#1099 = CARTESIAN_POINT ( 'NONE',  ( -0.5000000000000000000, 0.3215678837576906868, 0.5817080228269734254 ) ) ;
#1100 = PRESENTATION_LAYER_ASSIGNMENT (  '', '', ( #795 ) ) ;
#1101 = DIRECTION ( 'NONE',  ( 1.000000000000000000, 0.0000000000000000000, 0.0000000000000000000 ) ) ;
#1102 = VECTOR ( 'NONE', #2335, 1000.000000000000000 ) ;
#1103 = DIRECTION ( 'NONE',  ( 0.0000000000000000000, 0.0000000000000000000, 1.000000000000000000 ) ) ;
#1104 = PLANE ( 'NONE',  #2146 ) ;
#1105 =( NAMED_UNIT ( * ) SI_UNIT ( $, .STERADIAN. ) SOLID_ANGLE_UNIT ( ) );
#1106 = PRESENTATION_STYLE_ASSIGNMENT (( #1249 ) ) ;
#1107 = ADVANCED_FACE ( 'NONE', ( #475 ), #1220, .T. ) ;
#1108 = ADVANCED_FACE ( 'NONE', ( #897 ), #2106, .T. ) ;
#1109 = STYLED_ITEM ( 'NONE', ( #416 ), #458 ) ;
#1110 = SURFACE_SIDE_STYLE ('',( #165 ) ) ;
#1111 = ORIENTED_EDGE ( 'NONE', *, *, #135, .F. ) ;
#1112 = DIRECTION ( 'NONE',  ( -0.0000000000000000000, 1.000000000000000000, -1.224646799146999945E-16 ) ) ;
#1113 = LINE ( 'NONE', #397, #1633 ) ;
#1114 = SURFACE_STYLE_USAGE ( .BOTH. , #1776 ) ;
#1115 = SURFACE_STYLE_USAGE ( .BOTH. , #1130 ) ;
#1116 = SURFACE_SIDE_STYLE ('',( #10 ) ) ;
#1117 = CARTESIAN_POINT ( 'NONE',  ( 0.8000000000000000444, 0.4000000000000000222, 0.0000000000000000000 ) ) ;
#1118 = MECHANICAL_DESIGN_GEOMETRIC_PRESENTATION_REPRESENTATION (  '', ( #1366 ), #1206 ) ;
#1119 = DIRECTION ( 'NONE',  ( 1.000000000000000000, 0.0000000000000000000, 0.0000000000000000000 ) ) ;
#1120 = ADVANCED_FACE ( 'NONE', ( #1752 ), #106, .F. ) ;
#1121 = CARTESIAN_POINT ( 'NONE',  ( -0.4715678837578454741, -0.3215678837576906868, 0.5817080228269734254 ) ) ;
#1122 = EDGE_CURVE ( 'NONE', #1577, #1161, #1799, .T. ) ;
#1123 = ORIENTED_EDGE ( 'NONE', *, *, #1495, .F. ) ;
#1124 = DIRECTION ( 'NONE',  ( 0.0000000000000000000, 1.000000000000000000, -0.0000000000000000000 ) ) ;
#1125 = LINE ( 'NONE', #940, #1872 ) ;
#1126 = SURFACE_STYLE_USAGE ( .BOTH. , #941 ) ;
#1127 = CARTESIAN_POINT ( 'NONE',  ( 0.4516409507770000054, 0.3016409507769999832, 0.6000000000000000888 ) ) ;
#1128 =( GEOMETRIC_REPRESENTATION_CONTEXT ( 3 ) GLOBAL_UNCERTAINTY_ASSIGNED_CONTEXT ( ( #259 ) ) GLOBAL_UNIT_ASSIGNED_CONTEXT ( ( #1897, #819, #1148 ) ) REPRESENTATION_CONTEXT ( 'NONE', 'WORKASPACE' ) );
#1129 =( GEOMETRIC_REPRESENTATION_CONTEXT ( 3 ) GLOBAL_UNCERTAINTY_ASSIGNED_CONTEXT ( ( #884 ) ) GLOBAL_UNIT_ASSIGNED_CONTEXT ( ( #1396, #465, #292 ) ) REPRESENTATION_CONTEXT ( 'NONE', 'WORKASPACE' ) );
#1130 = SURFACE_SIDE_STYLE ('',( #1302 ) ) ;
#1131 = PRODUCT_DEFINITION_SHAPE ( 'NONE', 'NONE',  #2365 ) ;
#1132 = PRESENTATION_LAYER_ASSIGNMENT (  '', '', ( #2280 ) ) ;
#1133 =( LENGTH_UNIT ( ) NAMED_UNIT ( * ) SI_UNIT ( .MILLI., .METRE. ) );
#1134 = CARTESIAN_POINT ( 'NONE',  ( 0.8000000000000000444, 0.0000000000000000000, 0.2000000000000000111 ) ) ;
#1135 = SURFACE_STYLE_USAGE ( .BOTH. , #38 ) ;
#1136 = SURFACE_STYLE_USAGE ( .BOTH. , #401 ) ;
#1137 = STYLED_ITEM ( 'NONE', ( #962 ), #113 ) ;
#1138 = STYLED_ITEM ( 'NONE', ( #1156 ), #2178 ) ;
#1139 = MECHANICAL_DESIGN_GEOMETRIC_PRESENTATION_REPRESENTATION (  '', ( #2130 ), #1056 ) ;
#1140 = ORIENTED_EDGE ( 'NONE', *, *, #1076, .F. ) ;
#1141 = FACE_OUTER_BOUND ( 'NONE', #147, .T. ) ;
#1142 = ADVANCED_FACE ( 'NONE', ( #2166 ), #1497, .F. ) ;
#1143 = LINE ( 'NONE', #1167, #815 ) ;
#1144 = DIRECTION ( 'NONE',  ( -1.000000000000000000, -0.0000000000000000000, 0.0000000000000000000 ) ) ;
#1145 = UNCERTAINTY_MEASURE_WITH_UNIT (LENGTH_MEASURE( 1.000000000000000082E-05 ), #737, 'distance_accuracy_value', 'NONE');
#1146 = ORIENTED_EDGE ( 'NONE', *, *, #1240, .F. ) ;
#1147 =( NAMED_UNIT ( * ) PLANE_ANGLE_UNIT ( ) SI_UNIT ( $, .RADIAN. ) );
#1148 =( NAMED_UNIT ( * ) SI_UNIT ( $, .STERADIAN. ) SOLID_ANGLE_UNIT ( ) );
#1149 = VECTOR ( 'NONE', #1055, 1000.000000000000000 ) ;
#1150 = DIRECTION ( 'NONE',  ( 1.000000000000000000, 0.0000000000000000000, 0.0000000000000000000 ) ) ;
#1151 = SURFACE_SIDE_STYLE ('',( #1906 ) ) ;
#1152 = STYLED_ITEM ( 'NONE', ( #1320 ), #1842 ) ;
#1153 = ORIENTED_EDGE ( 'NONE', *, *, #1710, .F. ) ;
#1154 = FILL_AREA_STYLE_COLOUR ( '', #878 ) ;
#1155 = CARTESIAN_POINT ( 'NONE',  ( 0.4715678837576906535, 0.3499999999999999778, 0.5817080228269734254 ) ) ;
#1156 = PRESENTATION_STYLE_ASSIGNMENT (( #422 ) ) ;
#1157 = LINE ( 'NONE', #975, #1654 ) ;
#1158 = EDGE_CURVE ( 'NONE', #1987, #453, #1694, .T. ) ;
#1159 = ORIENTED_EDGE ( 'NONE', *, *, #52, .T. ) ;
#1160 = CARTESIAN_POINT ( 'NONE',  ( -0.4516409507770000054, 0.3016409507769999832, 0.6000000000000000888 ) ) ;
#1161 = VERTEX_POINT ( 'NONE', #2 ) ;
#1162 = LINE ( 'NONE', #2255, #23 ) ;
#1163 = DIRECTION ( 'NONE',  ( 0.0000000000000000000, -1.000000000000000000, -0.0000000000000000000 ) ) ;
#1164 = CARTESIAN_POINT ( 'NONE',  ( 0.4000000000000000222, 0.4000000000000000222, 0.0000000000000000000 ) ) ;
#1165 = VERTEX_POINT ( 'NONE', #720 ) ;
#1166 = CARTESIAN_POINT ( 'NONE',  ( -0.5000000000000000000, 0.3499999999999999778, 0.2000000000000000111 ) ) ;
#1167 = CARTESIAN_POINT ( 'NONE',  ( -0.4000000000000000222, 0.4000000000000000222, 0.0000000000000000000 ) ) ;
#1168 = LINE ( 'NONE', #221, #1991 ) ;
#1169 = UNCERTAINTY_MEASURE_WITH_UNIT (LENGTH_MEASURE( 1.000000000000000082E-05 ), #1766, 'distance_accuracy_value', 'NONE');
#1170 = COLOUR_RGB ( '',0.0000000000000000000, 0.6666666666666666297, 0.0000000000000000000 ) ;
#1171 = FACE_OUTER_BOUND ( 'NONE', #2262, .T. ) ;
#1172 = CARTESIAN_POINT ( 'NONE',  ( 0.0000000000000000000, -0.09999999999999999167, 4.898587196589000156E-17 ) ) ;
#1173 = ORIENTED_EDGE ( 'NONE', *, *, #613, .T. ) ;
#1174 =( GEOMETRIC_REPRESENTATION_CONTEXT ( 3 ) GLOBAL_UNCERTAINTY_ASSIGNED_CONTEXT ( ( #9 ) ) GLOBAL_UNIT_ASSIGNED_CONTEXT ( ( #377, #2035, #533 ) ) REPRESENTATION_CONTEXT ( 'NONE', 'WORKASPACE' ) );
#1175 = PRESENTATION_STYLE_ASSIGNMENT (( #1548 ) ) ;
#1176 = EDGE_CURVE ( 'NONE', #836, #1458, #36, .T. ) ;
#1177 =( NAMED_UNIT ( * ) SI_UNIT ( $, .STERADIAN. ) SOLID_ANGLE_UNIT ( ) );
#1178 =( NAMED_UNIT ( * ) SI_UNIT ( $, .STERADIAN. ) SOLID_ANGLE_UNIT ( ) );
#1179 = VERTEX_POINT ( 'NONE', #543 ) ;
#1180 =( NAMED_UNIT ( * ) SI_UNIT ( $, .STERADIAN. ) SOLID_ANGLE_UNIT ( ) );
#1181 = MECHANICAL_DESIGN_GEOMETRIC_PRESENTATION_REPRESENTATION (  '', ( #2238 ), #298 ) ;
#1182 = LINE ( 'NONE', #1208, #1719 ) ;
#1183 = CARTESIAN_POINT ( 'NONE',  ( 0.8000000000000000444, 0.4000000000000000222, 0.0000000000000000000 ) ) ;
#1184 = MECHANICAL_DESIGN_GEOMETRIC_PRESENTATION_REPRESENTATION (  '', ( #667 ), #1607 ) ;
#1185 = PRESENTATION_LAYER_ASSIGNMENT (  '', '', ( #2130 ) ) ;
#1186 = VERTEX_POINT ( 'NONE', #708 ) ;
#1187 = DIRECTION ( 'NONE',  ( 1.000000000000000000, 0.0000000000000000000, -0.0000000000000000000 ) ) ;
#1188 = COLOUR_RGB ( '',0.7803921568627451011, 0.5686274509803921351, 0.1137254901960784298 ) ;
#1189 = FACE_OUTER_BOUND ( 'NONE', #166, .T. ) ;
#1190 = LINE ( 'NONE', #1931, #153 ) ;
#1191 =( GEOMETRIC_REPRESENTATION_CONTEXT ( 3 ) GLOBAL_UNCERTAINTY_ASSIGNED_CONTEXT ( ( #2236 ) ) GLOBAL_UNIT_ASSIGNED_CONTEXT ( ( #191, #1653, #1520 ) ) REPRESENTATION_CONTEXT ( 'NONE', 'WORKASPACE' ) );
#1192 = PRODUCT_DEFINITION ( 'UNKNOWN', '', #1643, #1848 ) ;
#1193 = VECTOR ( 'NONE', #1786, 1000.000000000000000 ) ;
#1194 = LINE ( 'NONE', #1550, #2127 ) ;
#1195 = ADVANCED_FACE ( 'NONE', ( #1465 ), #1291, .F. ) ;
#1196 = SURFACE_STYLE_USAGE ( .BOTH. , #2093 ) ;
#1197 = PRESENTATION_LAYER_ASSIGNMENT (  '', '', ( #1109 ) ) ;
#1198 = VERTEX_POINT ( 'NONE', #71 ) ;
#1199 = UNCERTAINTY_MEASURE_WITH_UNIT (LENGTH_MEASURE( 1.000000000000000082E-05 ), #1884, 'distance_accuracy_value', 'NONE');
#1200 = CARTESIAN_POINT ( 'NONE',  ( 0.4000000000000000222, 0.4000000000000000222, 0.0000000000000000000 ) ) ;
#1201 = CARTESIAN_POINT ( 'NONE',  ( -0.4000000000000000222, 0.4000000000000000222, 0.0000000000000000000 ) ) ;
#1202 =( GEOMETRIC_REPRESENTATION_CONTEXT ( 3 ) GLOBAL_UNCERTAINTY_ASSIGNED_CONTEXT ( ( #1756 ) ) GLOBAL_UNIT_ASSIGNED_CONTEXT ( ( #1651, #1678, #2363 ) ) REPRESENTATION_CONTEXT ( 'NONE', 'WORKASPACE' ) );
#1203 =( NAMED_UNIT ( * ) SI_UNIT ( $, .STERADIAN. ) SOLID_ANGLE_UNIT ( ) );
#1204 = DIRECTION ( 'NONE',  ( 0.0000000000000000000, 0.0000000000000000000, -1.000000000000000000 ) ) ;
#1205 = EDGE_CURVE ( 'NONE', #372, #1642, #1190, .T. ) ;
#1206 =( GEOMETRIC_REPRESENTATION_CONTEXT ( 3 ) GLOBAL_UNCERTAINTY_ASSIGNED_CONTEXT ( ( #1962 ) ) GLOBAL_UNIT_ASSIGNED_CONTEXT ( ( #304, #2082, #1571 ) ) REPRESENTATION_CONTEXT ( 'NONE', 'WORKASPACE' ) );
#1207 = ORIENTED_EDGE ( 'NONE', *, *, #1452, .T. ) ;
#1208 = CARTESIAN_POINT ( 'NONE',  ( 0.8000000000000000444, 0.4000000000000000222, 0.0000000000000000000 ) ) ;
#1209 = EDGE_CURVE ( 'NONE', #1782, #1284, #581, .T. ) ;
#1210 = EDGE_LOOP ( 'NONE', ( #347, #1444, #315, #1207, #1052, #1594, #1146, #781 ) ) ;
#1211 = MECHANICAL_DESIGN_GEOMETRIC_PRESENTATION_REPRESENTATION (  '', ( #574 ), #1510 ) ;
#1212 = LINE ( 'NONE', #1587, #213 ) ;
#1213 = ORIENTED_EDGE ( 'NONE', *, *, #17, .F. ) ;
#1214 = FACE_OUTER_BOUND ( 'NONE', #2045, .T. ) ;
#1215 = DIRECTION ( 'NONE',  ( 0.0000000000000000000, 0.0000000000000000000, 1.000000000000000000 ) ) ;
#1216 = CARTESIAN_POINT ( 'NONE',  ( 0.0000000000000000000, -0.4000000000000000222, 4.898587196586999654E-17 ) ) ;
#1217 = MECHANICAL_DESIGN_GEOMETRIC_PRESENTATION_REPRESENTATION (  '', ( #1087 ), #108 ) ;
#1218 = FILL_AREA_STYLE ('',( #117 ) ) ;
#1219 = ORIENTED_EDGE ( 'NONE', *, *, #1287, .F. ) ;
#1220 = PLANE ( 'NONE',  #1562 ) ;
#1221 = ORIENTED_EDGE ( 'NONE', *, *, #852, .T. ) ;
#1222 = UNCERTAINTY_MEASURE_WITH_UNIT (LENGTH_MEASURE( 1.000000000000000082E-05 ), #1971, 'distance_accuracy_value', 'NONE');
#1223 = FILL_AREA_STYLE_COLOUR ( '', #2288 ) ;
#1224 = DIRECTION ( 'NONE',  ( -0.0000000000000000000, -0.0000000000000000000, -1.000000000000000000 ) ) ;
#1225 = PRESENTATION_LAYER_ASSIGNMENT (  '', '', ( #1082 ) ) ;
#1226 = AXIS2_PLACEMENT_3D ( 'NONE', #1941, #492, #1762 ) ;
#1227 = UNCERTAINTY_MEASURE_WITH_UNIT (LENGTH_MEASURE( 1.000000000000000082E-05 ), #1854, 'distance_accuracy_value', 'NONE');
#1228 = DIRECTION ( 'NONE',  ( 0.0000000000000000000, -1.000000000000000000, 1.224646799146999945E-16 ) ) ;
#1229 = MECHANICAL_DESIGN_GEOMETRIC_PRESENTATION_REPRESENTATION (  '', ( #1981 ), #2243 ) ;
#1230 = DIRECTION ( 'NONE',  ( -1.000000000000000000, -0.0000000000000000000, -0.0000000000000000000 ) ) ;
#1231 = CLOSED_SHELL ( 'NONE', ( #1873, #1431, #323, #2103, #35, #1107, #2266, #1614, #2299, #868 ) ) ;
#1232 = VECTOR ( 'NONE', #1163, 1000.000000000000000 ) ;
#1233 = ORIENTED_EDGE ( 'NONE', *, *, #818, .F. ) ;
#1234 = AXIS2_PLACEMENT_3D ( 'NONE', #508, #1258, #531 ) ;
#1235 = FACE_OUTER_BOUND ( 'NONE', #2009, .T. ) ;
#1236 = COLOUR_RGB ( '',0.7921568627450980005, 0.8196078431372548767, 0.9333333333333333481 ) ;
#1237 = DIRECTION ( 'NONE',  ( 0.0000000000000000000, -0.08540114134641878241, 0.9963466490417524080 ) ) ;
#1238 = DIRECTION ( 'NONE',  ( 0.0000000000000000000, 1.000000000000000000, -0.0000000000000000000 ) ) ;
#1239 = PRODUCT_DEFINITION ( 'UNKNOWN', '', #2257, #2071 ) ;
#1240 = EDGE_CURVE ( 'NONE', #1045, #360, #619, .T. ) ;
#1241 =( NAMED_UNIT ( * ) SI_UNIT ( $, .STERADIAN. ) SOLID_ANGLE_UNIT ( ) );
#1242 = CARTESIAN_POINT ( 'NONE',  ( -0.4000000000000000222, -0.4000000000000000222, 0.2000000000000000111 ) ) ;
#1243 = LINE ( 'NONE', #1415, #1639 ) ;
#1244 = EDGE_LOOP ( 'NONE', ( #977, #2187, #768, #1173 ) ) ;
#1245 = ORIENTED_EDGE ( 'NONE', *, *, #234, .F. ) ;
#1246 = DIRECTION ( 'NONE',  ( 0.0000000000000000000, -1.000000000000000000, -0.0000000000000000000 ) ) ;
#1247 = PRESENTATION_LAYER_ASSIGNMENT (  '', '', ( #1366 ) ) ;
#1248 = UNCERTAINTY_MEASURE_WITH_UNIT (LENGTH_MEASURE( 1.000000000000000082E-05 ), #1923, 'distance_accuracy_value', 'NONE');
#1249 = SURFACE_STYLE_USAGE ( .BOTH. , #2346 ) ;
#1250 = EDGE_CURVE ( 'NONE', #1526, #589, #794, .T. ) ;
#1251 = AXIS2_PLACEMENT_3D ( 'NONE', #1332, #238, #1187 ) ;
#1252 = VECTOR ( 'NONE', #1769, 1000.000000000000000 ) ;
#1253 =( NAMED_UNIT ( * ) PLANE_ANGLE_UNIT ( ) SI_UNIT ( $, .RADIAN. ) );
#1254 = VECTOR ( 'NONE', #388, 1000.000000000000000 ) ;
#1255 = CARTESIAN_POINT ( 'NONE',  ( 0.0000000000000000000, -0.09999999999999999167, 1.224646799145999725E-17 ) ) ;
#1256 = PLANE ( 'NONE',  #211 ) ;
#1257 =( NAMED_UNIT ( * ) SI_UNIT ( $, .STERADIAN. ) SOLID_ANGLE_UNIT ( ) );
#1258 = DIRECTION ( 'NONE',  ( 0.0000000000000000000, 0.0000000000000000000, 1.000000000000000000 ) ) ;
#1259 = FILL_AREA_STYLE_COLOUR ( '', #2294 ) ;
#1260 = SURFACE_STYLE_FILL_AREA ( #999 ) ;
#1261 =( LENGTH_UNIT ( ) NAMED_UNIT ( * ) SI_UNIT ( .MILLI., .METRE. ) );
#1262 = ORIENTED_EDGE ( 'NONE', *, *, #880, .F. ) ;
#1263 = STYLED_ITEM ( 'NONE', ( #1578 ), #1431 ) ;
#1264 = EDGE_LOOP ( 'NONE', ( #242, #2234, #911, #1436, #1233, #28 ) ) ;
#1265 = LINE ( 'NONE', #1461, #376 ) ;
#1266 = CARTESIAN_POINT ( 'NONE',  ( 0.4000000000000000222, 0.4000000000000000222, 0.0000000000000000000 ) ) ;
#1267 = SHAPE_DEFINITION_REPRESENTATION ( #571, #128 ) ;
#1268 = CARTESIAN_POINT ( 'NONE',  ( 0.4000000000000000222, 0.4000000000000000222, 0.2000000000000000111 ) ) ;
#1269 = FILL_AREA_STYLE ('',( #2165 ) ) ;
#1270 = FILL_AREA_STYLE ('',( #1448 ) ) ;
#1271 = DIRECTION ( 'NONE',  ( 0.0000000000000000000, -1.000000000000000000, -0.0000000000000000000 ) ) ;
#1272 =( GEOMETRIC_REPRESENTATION_CONTEXT ( 3 ) GLOBAL_UNCERTAINTY_ASSIGNED_CONTEXT ( ( #776 ) ) GLOBAL_UNIT_ASSIGNED_CONTEXT ( ( #2264, #45, #1925 ) ) REPRESENTATION_CONTEXT ( 'NONE', 'WORKASPACE' ) );
#1273 = CARTESIAN_POINT ( 'NONE',  ( -0.8000000000000000444, 0.4000000000000000222, 0.0000000000000000000 ) ) ;
#1274 = ADVANCED_FACE ( 'NONE', ( #606 ), #2087, .T. ) ;
#1275 = VERTEX_POINT ( 'NONE', #2240 ) ;
#1276 = SURFACE_STYLE_FILL_AREA ( #2201 ) ;
#1277 = FILL_AREA_STYLE_COLOUR ( '', #623 ) ;
#1278 = EDGE_CURVE ( 'NONE', #1357, #1825, #1735, .T. ) ;
#1279 = APPLICATION_PROTOCOL_DEFINITION ( 'draft international standard', 'automotive_design', 1998, #719 ) ;
#1280 = FILL_AREA_STYLE ('',( #2021 ) ) ;
#1281 = DIRECTION ( 'NONE',  ( 1.000000000000000000, 0.0000000000000000000, -0.0000000000000000000 ) ) ;
#1282 = SURFACE_STYLE_FILL_AREA ( #187 ) ;
#1283 =( NAMED_UNIT ( * ) PLANE_ANGLE_UNIT ( ) SI_UNIT ( $, .RADIAN. ) );
#1284 = VERTEX_POINT ( 'NONE', #1564 ) ;
#1285 = DIRECTION ( 'NONE',  ( 0.0000000000000000000, 0.0000000000000000000, 1.000000000000000000 ) ) ;
#1286 = UNCERTAINTY_MEASURE_WITH_UNIT (LENGTH_MEASURE( 1.000000000000000082E-05 ), #620, 'distance_accuracy_value', 'NONE');
#1287 = EDGE_CURVE ( 'NONE', #40, #816, #825, .T. ) ;
#1288 = SURFACE_STYLE_FILL_AREA ( #173 ) ;
#1289 = SURFACE_STYLE_USAGE ( .BOTH. , #943 ) ;
#1290 = PLANE ( 'NONE',  #2079 ) ;
#1291 = PLANE ( 'NONE',  #916 ) ;
#1292 = FILL_AREA_STYLE ('',( #2040 ) ) ;
#1293 =( GEOMETRIC_REPRESENTATION_CONTEXT ( 3 ) GLOBAL_UNCERTAINTY_ASSIGNED_CONTEXT ( ( #1005 ) ) GLOBAL_UNIT_ASSIGNED_CONTEXT ( ( #1133, #1306, #605 ) ) REPRESENTATION_CONTEXT ( 'NONE', 'WORKASPACE' ) );
#1294 = PRODUCT_DEFINITION_SHAPE ( 'NONE', 'NONE',  #2364 ) ;
#1295 = AXIS2_PLACEMENT_3D ( 'NONE', #769, #231, #2068 ) ;
#1296 = ORIENTED_EDGE ( 'NONE', *, *, #1780, .F. ) ;
#1297 = LINE ( 'NONE', #1673, #1424 ) ;
#1298 =( NAMED_UNIT ( * ) PLANE_ANGLE_UNIT ( ) SI_UNIT ( $, .RADIAN. ) );
#1299 = VECTOR ( 'NONE', #1228, 1000.000000000000000 ) ;
#1300 = SURFACE_SIDE_STYLE ('',( #170 ) ) ;
#1301 =( GEOMETRIC_REPRESENTATION_CONTEXT ( 3 ) GLOBAL_UNCERTAINTY_ASSIGNED_CONTEXT ( ( #1532 ) ) GLOBAL_UNIT_ASSIGNED_CONTEXT ( ( #1029, #2325, #2316 ) ) REPRESENTATION_CONTEXT ( 'NONE', 'WORKASPACE' ) );
#1302 = SURFACE_STYLE_FILL_AREA ( #1280 ) ;
#1303 = FACE_OUTER_BOUND ( 'NONE', #675, .T. ) ;
#1304 = PRODUCT_RELATED_PRODUCT_CATEGORY ( 'part', '', ( #933 ) ) ;
#1305 = EDGE_CURVE ( 'NONE', #1458, #807, #459, .T. ) ;
#1306 =( NAMED_UNIT ( * ) PLANE_ANGLE_UNIT ( ) SI_UNIT ( $, .RADIAN. ) );
#1307 = CARTESIAN_POINT ( 'NONE',  ( -0.6999999999999999556, -0.2999999999999999889, 0.2000000000000000111 ) ) ;
#1308 = PRESENTATION_LAYER_ASSIGNMENT (  '', '', ( #1152 ) ) ;
#1309 = DIRECTION ( 'NONE',  ( 0.0000000000000000000, -1.000000000000000000, 1.224646799146999945E-16 ) ) ;
#1310 = ORIENTED_EDGE ( 'NONE', *, *, #907, .T. ) ;
#1311 = LINE ( 'NONE', #29, #592 ) ;
#1312 = LINE ( 'NONE', #785, #504 ) ;
#1313 = DIRECTION ( 'NONE',  ( -1.000000000000000000, -0.0000000000000000000, -0.0000000000000000000 ) ) ;
#1314 = LINE ( 'NONE', #2355, #143 ) ;
#1315 = UNCERTAINTY_MEASURE_WITH_UNIT (LENGTH_MEASURE( 1.000000000000000082E-05 ), #1438, 'distance_accuracy_value', 'NONE');
#1316 = SURFACE_STYLE_FILL_AREA ( #2206 ) ;
#1317 =( LENGTH_UNIT ( ) NAMED_UNIT ( * ) SI_UNIT ( .MILLI., .METRE. ) );
#1318 = PRODUCT ( 'Pad', 'Pad', '', ( #705 ) ) ;
#1319 =( NAMED_UNIT ( * ) PLANE_ANGLE_UNIT ( ) SI_UNIT ( $, .RADIAN. ) );
#1320 = PRESENTATION_STYLE_ASSIGNMENT (( #1135 ) ) ;
#1321 = EDGE_CURVE ( 'NONE', #1275, #1782, #85, .T. ) ;
#1322 = PRESENTATION_STYLE_ASSIGNMENT (( #972 ) ) ;
#1323 = VERTEX_POINT ( 'NONE', #1939 ) ;
#1324 = DIRECTION ( 'NONE',  ( -1.000000000000000000, -0.0000000000000000000, -0.0000000000000000000 ) ) ;
#1325 = DIRECTION ( 'NONE',  ( 0.0000000000000000000, 0.0000000000000000000, -1.000000000000000000 ) ) ;
#1326 = CARTESIAN_POINT ( 'NONE',  ( 0.4706339073361386349, 0.3206339073361386682, 0.5926044144130637736 ) ) ;
#1327 = AXIS2_PLACEMENT_3D ( 'NONE', #553, #718, #1494 ) ;
#1328 = CONTEXT_DEPENDENT_SHAPE_REPRESENTATION ( #443, #57 ) ;
#1329 = VERTEX_POINT ( 'NONE', #1761 ) ;
#1330 = MECHANICAL_DESIGN_GEOMETRIC_PRESENTATION_REPRESENTATION (  '', ( #2280 ), #903 ) ;
#1331 = PLANE ( 'NONE',  #1626 ) ;
#1332 = CARTESIAN_POINT ( 'NONE',  ( 0.4000000000000000222, 0.4000000000000000222, 0.0000000000000000000 ) ) ;
#1333 =( NAMED_UNIT ( * ) PLANE_ANGLE_UNIT ( ) SI_UNIT ( $, .RADIAN. ) );
#1334 = CARTESIAN_POINT ( 'NONE',  ( 0.4516409507770000054, -0.3016409507769999832, 0.6000000000000000888 ) ) ;
#1335 = VECTOR ( 'NONE', #437, 1000.000000000000000 ) ;
#1336 = PRODUCT_RELATED_PRODUCT_CATEGORY ( 'part', '', ( #2056 ) ) ;
#1337 = VECTOR ( 'NONE', #1963, 1000.000000000000000 ) ;
#1338 = MECHANICAL_DESIGN_GEOMETRIC_PRESENTATION_REPRESENTATION (  '', ( #411 ), #263 ) ;
#1339 = ORIENTED_EDGE ( 'NONE', *, *, #2283, .F. ) ;
#1340 = PRODUCT ( 'Pocket001', 'Pocket001', '', ( #1806 ) ) ;
#1341 = DIRECTION ( 'NONE',  ( -0.0000000000000000000, 0.0000000000000000000, -1.000000000000000000 ) ) ;
#1342 = ORIENTED_EDGE ( 'NONE', *, *, #1740, .F. ) ;
#1343 = SURFACE_SIDE_STYLE ('',( #750 ) ) ;
#1344 = SURFACE_STYLE_USAGE ( .BOTH. , #260 ) ;
#1345 = VECTOR ( 'NONE', #2272, 1000.000000000000000 ) ;
#1346 = CARTESIAN_POINT ( 'NONE',  ( 0.4999999999999992784, -0.3499999999999985900, 0.2499999999999997780 ) ) ;
#1347 = DIRECTION ( 'NONE',  ( 1.000000000000000000, 0.0000000000000000000, 0.0000000000000000000 ) ) ;
#1348 = FILL_AREA_STYLE_COLOUR ( '', #222 ) ;
#1349 = COLOUR_RGB ( '',0.7921568627450980005, 0.8196078431372548767, 0.9333333333333333481 ) ;
#1350 = PRODUCT_DEFINITION_SHAPE ( 'NONE', 'NONE',  #2368 ) ;
#1351 = PRESENTATION_STYLE_ASSIGNMENT (( #2011 ) ) ;
#1352 = EDGE_LOOP ( 'NONE', ( #317, #112, #860, #645 ) ) ;
#1353 =( NAMED_UNIT ( * ) SI_UNIT ( $, .STERADIAN. ) SOLID_ANGLE_UNIT ( ) );
#1354 = CARTESIAN_POINT ( 'NONE',  ( 0.4699999999999999734, -0.3016409507769999832, 0.6000000000000000888 ) ) ;
#1355 = PLANE ( 'NONE',  #838 ) ;
#1356 = FACE_OUTER_BOUND ( 'NONE', #630, .T. ) ;
#1357 = VERTEX_POINT ( 'NONE', #1509 ) ;
#1358 = EDGE_CURVE ( 'NONE', #816, #372, #1905, .T. ) ;
#1359 = DIRECTION ( 'NONE',  ( 0.0000000000000000000, -0.0000000000000000000, 1.000000000000000000 ) ) ;
#1360 = CARTESIAN_POINT ( 'NONE',  ( -0.8000000000000000444, -0.2000000000000000111, 0.2000000000000000111 ) ) ;
#1361 = ORIENTED_EDGE ( 'NONE', *, *, #1579, .T. ) ;
#1362 = CARTESIAN_POINT ( 'NONE',  ( 0.2000000000000000111, -0.4000000000000000222, 4.898587196589000156E-17 ) ) ;
#1363 = DIRECTION ( 'NONE',  ( 0.0000000000000000000, 0.0000000000000000000, -1.000000000000000000 ) ) ;
#1364 = APPLICATION_CONTEXT ( 'automotive_design' ) ;
#1365 = SURFACE_SIDE_STYLE ('',( #1549 ) ) ;
#1366 = STYLED_ITEM ( 'NONE', ( #1542 ), #2299 ) ;
#1367 = VERTEX_POINT ( 'NONE', #1242 ) ;
#1368 = CARTESIAN_POINT ( 'NONE',  ( -0.4715678837578454741, -0.3215678837576906868, 0.5817080228269734254 ) ) ;
#1369 = FILL_AREA_STYLE_COLOUR ( '', #969 ) ;
#1370 = VERTEX_POINT ( 'NONE', #471 ) ;
#1371 = UNCERTAINTY_MEASURE_WITH_UNIT (LENGTH_MEASURE( 1.000000000000000082E-05 ), #1646, 'distance_accuracy_value', 'NONE');
#1372 = STYLED_ITEM ( 'NONE', ( #591 ), #1561 ) ;
#1373 = FILL_AREA_STYLE ('',( #790 ) ) ;
#1374 =( LENGTH_UNIT ( ) NAMED_UNIT ( * ) SI_UNIT ( .MILLI., .METRE. ) );
#1375 = ORIENTED_EDGE ( 'NONE', *, *, #1390, .T. ) ;
#1376 = EDGE_CURVE ( 'NONE', #665, #320, #1926, .T. ) ;
#1377 = MECHANICAL_DESIGN_GEOMETRIC_PRESENTATION_REPRESENTATION (  '', ( #1084 ), #1631 ) ;
#1378 = CARTESIAN_POINT ( 'NONE',  ( -0.4715678837576906535, -0.3499999999999999778, 0.5817080228269734254 ) ) ;
#1379 = CARTESIAN_POINT ( 'NONE',  ( 0.4000000000000000222, -0.4000000000000000222, 0.0000000000000000000 ) ) ;
#1380 =( NAMED_UNIT ( * ) SI_UNIT ( $, .STERADIAN. ) SOLID_ANGLE_UNIT ( ) );
#1381 = ORIENTED_EDGE ( 'NONE', *, *, #1022, .T. ) ;
#1382 =( LENGTH_UNIT ( ) NAMED_UNIT ( * ) SI_UNIT ( .MILLI., .METRE. ) );
#1383 = VECTOR ( 'NONE', #1230, 1000.000000000000000 ) ;
#1384 = SURFACE_STYLE_FILL_AREA ( #628 ) ;
#1385 =( NAMED_UNIT ( * ) SI_UNIT ( $, .STERADIAN. ) SOLID_ANGLE_UNIT ( ) );
#1386 = PRESENTATION_LAYER_ASSIGNMENT (  '', '', ( #2162 ) ) ;
#1387 = ORIENTED_EDGE ( 'NONE', *, *, #172, .T. ) ;
#1388 = DIRECTION ( 'NONE',  ( 0.0000000000000000000, 0.0000000000000000000, 1.000000000000000000 ) ) ;
#1389 = ORIENTED_EDGE ( 'NONE', *, *, #2113, .T. ) ;
#1390 = EDGE_CURVE ( 'NONE', #1370, #1890, #490, .T. ) ;
#1391 = CARTESIAN_POINT ( 'NONE',  ( -0.8000000000000000444, -0.4000000000000000222, 0.0000000000000000000 ) ) ;
#1392 = FILL_AREA_STYLE_COLOUR ( '', #1236 ) ;
#1393 = DIRECTION ( 'NONE',  ( -1.000000000000000000, -0.0000000000000000000, -0.0000000000000000000 ) ) ;
#1394 =( NAMED_UNIT ( * ) PLANE_ANGLE_UNIT ( ) SI_UNIT ( $, .RADIAN. ) );
#1395 = VERTEX_POINT ( 'NONE', #509 ) ;
#1396 =( LENGTH_UNIT ( ) NAMED_UNIT ( * ) SI_UNIT ( .MILLI., .METRE. ) );
#1397 = ORIENTED_EDGE ( 'NONE', *, *, #1176, .T. ) ;
#1398 = UNCERTAINTY_MEASURE_WITH_UNIT (LENGTH_MEASURE( 1.000000000000000082E-05 ), #1261, 'distance_accuracy_value', 'NONE');
#1399 = DIRECTION ( 'NONE',  ( 0.0000000000000000000, 0.0000000000000000000, 1.000000000000000000 ) ) ;
#1400 = ORIENTED_EDGE ( 'NONE', *, *, #1692, .T. ) ;
#1401 = CARTESIAN_POINT ( 'NONE',  ( 0.4715678837576906535, -0.3215678837580002725, 0.5817080228269734254 ) ) ;
#1402 = CARTESIAN_POINT ( 'NONE',  ( 0.5000000000000000000, -0.3499999999999999778, 0.2500000000000000000 ) ) ;
#1403 = EDGE_CURVE ( 'NONE', #589, #1179, #114, .T. ) ;
#1404 = ORIENTED_EDGE ( 'NONE', *, *, #2244, .T. ) ;
#1405 = SURFACE_SIDE_STYLE ('',( #293 ) ) ;
#1406 = ORIENTED_EDGE ( 'NONE', *, *, #2014, .F. ) ;
#1407 = COLOUR_RGB ( '',0.0000000000000000000, 0.3333333333333333148, 1.000000000000000000 ) ;
#1408 = FACE_OUTER_BOUND ( 'NONE', #789, .T. ) ;
#1409 = DIRECTION ( 'NONE',  ( 0.0000000000000000000, 0.0000000000000000000, 1.000000000000000000 ) ) ;
#1410 =( REPRESENTATION_RELATIONSHIP ('NONE','NONE', #1597, #859 ) REPRESENTATION_RELATIONSHIP_WITH_TRANSFORMATION ( #787 )SHAPE_REPRESENTATION_RELATIONSHIP( ) );
#1411 =( GEOMETRIC_REPRESENTATION_CONTEXT ( 3 ) GLOBAL_UNCERTAINTY_ASSIGNED_CONTEXT ( ( #749 ) ) GLOBAL_UNIT_ASSIGNED_CONTEXT ( ( #1374, #225, #761 ) ) REPRESENTATION_CONTEXT ( 'NONE', 'WORKASPACE' ) );
#1412 = CARTESIAN_POINT ( 'NONE',  ( -0.4516409507770000054, 0.3016409507769999832, 0.6000000000000000888 ) ) ;
#1413 = COLOUR_RGB ( '',0.7803921568627451011, 0.5686274509803921351, 0.1137254901960784298 ) ;
#1414 = COLOUR_RGB ( '',0.8000000000000000444, 0.8000000000000000444, 0.8000000000000000444 ) ;
#1415 = CARTESIAN_POINT ( 'NONE',  ( 0.5000000000000000000, 0.3499999999999999778, 0.2500000000000000000 ) ) ;
#1416 = AXIS2_PLACEMENT_3D ( 'NONE', #974, #77, #2215 ) ;
#1417 = ORIENTED_EDGE ( 'NONE', *, *, #1250, .T. ) ;
#1418 = EDGE_CURVE ( 'NONE', #1987, #1165, #673, .T. ) ;
#1419 = CARTESIAN_POINT ( 'NONE',  ( -0.4000000000000000222, -0.4000000000000000222, 0.2000000000000000111 ) ) ;
#1420 = COLOUR_RGB ( '',0.0000000000000000000, 0.3333333333333333148, 1.000000000000000000 ) ;
#1421 = DIRECTION ( 'NONE',  ( 0.0000000000000000000, 0.0000000000000000000, 1.000000000000000000 ) ) ;
#1422 = UNCERTAINTY_MEASURE_WITH_UNIT (LENGTH_MEASURE( 1.000000000000000082E-05 ), #1808, 'distance_accuracy_value', 'NONE');
#1423 = MECHANICAL_DESIGN_GEOMETRIC_PRESENTATION_REPRESENTATION (  '', ( #69 ), #1573 ) ;
#1424 = VECTOR ( 'NONE', #2019, 1000.000000000000000 ) ;
#1425 = PLANE ( 'NONE',  #2139 ) ;
#1426 = COLOUR_RGB ( '',0.7803921568627451011, 0.5686274509803921351, 0.1137254901960784298 ) ;
#1427 = PRESENTATION_LAYER_ASSIGNMENT (  '', '', ( #1534 ) ) ;
#1428 = EDGE_LOOP ( 'NONE', ( #914, #1063, #1902, #1342, #1713, #217 ) ) ;
#1429 = ORIENTED_EDGE ( 'NONE', *, *, #1358, .F. ) ;
#1430 = SURFACE_STYLE_USAGE ( .BOTH. , #1794 ) ;
#1431 = ADVANCED_FACE ( 'NONE', ( #1214 ), #1425, .T. ) ;
#1432 = CARTESIAN_POINT ( 'NONE',  ( -0.4715678837578453075, 0.3215678837576905758, 0.5817080228269734254 ) ) ;
#1433 = VECTOR ( 'NONE', #1069, 1000.000000000000000 ) ;
#1434 = FILL_AREA_STYLE_COLOUR ( '', #1498 ) ;
#1435 = ORIENTED_EDGE ( 'NONE', *, *, #446, .T. ) ;
#1436 = ORIENTED_EDGE ( 'NONE', *, *, #1158, .F. ) ;
#1437 = FACE_OUTER_BOUND ( 'NONE', #1244, .T. ) ;
#1438 =( LENGTH_UNIT ( ) NAMED_UNIT ( * ) SI_UNIT ( .MILLI., .METRE. ) );
#1439 = CARTESIAN_POINT ( 'NONE',  ( 0.4000000000000000222, 0.4000000000000000222, 0.0000000000000000000 ) ) ;
#1440 = EDGE_CURVE ( 'NONE', #1323, #273, #321, .T. ) ;
#1441 = SURFACE_SIDE_STYLE ('',( #1260 ) ) ;
#1442 = STYLED_ITEM ( 'NONE', ( #561 ), #950 ) ;
#1443 = VECTOR ( 'NONE', #1700, 1000.000000000000000 ) ;
#1444 = ORIENTED_EDGE ( 'NONE', *, *, #1603, .F. ) ;
#1445 = DIRECTION ( 'NONE',  ( 0.0000000000000000000, -1.000000000000000000, 0.0000000000000000000 ) ) ;
#1446 =( LENGTH_UNIT ( ) NAMED_UNIT ( * ) SI_UNIT ( .MILLI., .METRE. ) );
#1447 = SHAPE_DEFINITION_REPRESENTATION ( #1660, #2328 ) ;
#1448 = FILL_AREA_STYLE_COLOUR ( '', #729 ) ;
#1449 = VECTOR ( 'NONE', #1399, 1000.000000000000000 ) ;
#1450 = STYLED_ITEM ( 'NONE', ( #1106 ), #214 ) ;
#1451 = FILL_AREA_STYLE_COLOUR ( '', #1833 ) ;
#1452 = EDGE_CURVE ( 'NONE', #1329, #1323, #310, .T. ) ;
#1453 = SURFACE_STYLE_USAGE ( .BOTH. , #523 ) ;
#1454 = VECTOR ( 'NONE', #387, 1000.000000000000000 ) ;
#1455 =( NAMED_UNIT ( * ) SI_UNIT ( $, .STERADIAN. ) SOLID_ANGLE_UNIT ( ) );
#1456 = EDGE_CURVE ( 'NONE', #1825, #997, #874, .T. ) ;
#1457 = OPEN_SHELL ( 'NONE', ( #2360, #1975, #694, #2334, #21, #1508, #402, #1195, #1120, #950, #2043 ) ) ;
#1458 = VERTEX_POINT ( 'NONE', #145 ) ;
#1459 = MECHANICAL_DESIGN_GEOMETRIC_PRESENTATION_REPRESENTATION (  '', ( #1263 ), #1301 ) ;
#1460 = VERTEX_POINT ( 'NONE', #1609 ) ;
#1461 = CARTESIAN_POINT ( 'NONE',  ( 0.8000000000000000444, 0.2000000000000000111, 0.0000000000000000000 ) ) ;
#1462 = CARTESIAN_POINT ( 'NONE',  ( 0.0000000000000000000, 0.0000000000000000000, 0.0000000000000000000 ) ) ;
#1463 = COLOUR_RGB ( '',0.7921568627450980005, 0.8196078431372548767, 0.9333333333333333481 ) ;
#1464 = PLANE ( 'NONE',  #926 ) ;
#1465 = FACE_OUTER_BOUND ( 'NONE', #2297, .T. ) ;
#1466 =( LENGTH_UNIT ( ) NAMED_UNIT ( * ) SI_UNIT ( .MILLI., .METRE. ) );
#1467 = ORIENTED_EDGE ( 'NONE', *, *, #159, .T. ) ;
#1468 = DIRECTION ( 'NONE',  ( 0.0000000000000000000, -1.000000000000000000, 1.224646799146999945E-16 ) ) ;
#1469 =( NAMED_UNIT ( * ) PLANE_ANGLE_UNIT ( ) SI_UNIT ( $, .RADIAN. ) );
#1470 = CARTESIAN_POINT ( 'NONE',  ( -0.8000000000000000444, 0.4000000000000000222, 0.0000000000000000000 ) ) ;
#1471 = LINE ( 'NONE', #178, #2055 ) ;
#1472 = DIRECTION ( 'NONE',  ( -1.000000000000000000, -0.0000000000000000000, 0.0000000000000000000 ) ) ;
#1473 =( LENGTH_UNIT ( ) NAMED_UNIT ( * ) SI_UNIT ( .MILLI., .METRE. ) );
#1474 = EDGE_LOOP ( 'NONE', ( #1751, #2122, #2252, #1790 ) ) ;
#1475 = PRESENTATION_LAYER_ASSIGNMENT (  '', '', ( #1515 ) ) ;
#1476 = VECTOR ( 'NONE', #479, 1000.000000000000000 ) ;
#1477 = PRESENTATION_LAYER_ASSIGNMENT (  '', '', ( #2194 ) ) ;
#1478 = ORIENTED_EDGE ( 'NONE', *, *, #109, .T. ) ;
#1479 =( NAMED_UNIT ( * ) SI_UNIT ( $, .STERADIAN. ) SOLID_ANGLE_UNIT ( ) );
#1480 = LINE ( 'NONE', #2020, #1551 ) ;
#1481 = PRODUCT_CONTEXT ( 'NONE', #1695, 'mechanical' ) ;
#1482 = DIRECTION ( 'NONE',  ( -1.000000000000000000, -0.0000000000000000000, 0.0000000000000000000 ) ) ;
#1483 = UNCERTAINTY_MEASURE_WITH_UNIT (LENGTH_MEASURE( 1.000000000000000082E-05 ), #348, 'distance_accuracy_value', 'NONE');
#1484 = PRESENTATION_STYLE_ASSIGNMENT (( #735 ) ) ;
#1485 = DIRECTION ( 'NONE',  ( -0.0000000000000000000, -0.0000000000000000000, -1.000000000000000000 ) ) ;
#1486 = DIRECTION ( 'NONE',  ( -0.0000000000000000000, -0.0000000000000000000, -1.000000000000000000 ) ) ;
#1487 = ORIENTED_EDGE ( 'NONE', *, *, #980, .F. ) ;
#1488 = FILL_AREA_STYLE_COLOUR ( '', #747 ) ;
#1489 = CARTESIAN_POINT ( 'NONE',  ( -0.4000000000000000222, 0.4000000000000000222, 0.2000000000000000111 ) ) ;
#1490 = AXIS2_PLACEMENT_3D ( 'NONE', #2175, #909, #568 ) ;
#1491 = DIRECTION ( 'NONE',  ( 1.000000000000000000, 0.0000000000000000000, 0.0000000000000000000 ) ) ;
#1492 = PLANE ( 'NONE',  #56 ) ;
#1493 = CARTESIAN_POINT ( 'NONE',  ( -0.4849999999999999867, -0.3499999999999999778, 0.4249999999999999889 ) ) ;
#1494 = DIRECTION ( 'NONE',  ( 0.0000000000000000000, 0.0000000000000000000, 1.000000000000000000 ) ) ;
#1495 = EDGE_CURVE ( 'NONE', #881, #1585, #2214, .T. ) ;
#1496 = FACE_OUTER_BOUND ( 'NONE', #1813, .T. ) ;
#1497 = CYLINDRICAL_SURFACE ( 'NONE', #1771, 0.1999999999999999833 ) ;
#1498 = COLOUR_RGB ( '',0.7921568627450980005, 0.8196078431372548767, 0.9333333333333333481 ) ;
#1499 = ORIENTED_EDGE ( 'NONE', *, *, #1418, .F. ) ;
#1500 = CARTESIAN_POINT ( 'NONE',  ( -5.782411586589999921E-19, 0.4000000000000000222, -4.898587196588999540E-17 ) ) ;
#1501 = DIRECTION ( 'NONE',  ( 0.0000000000000000000, 0.0000000000000000000, 1.000000000000000000 ) ) ;
#1502 = LINE ( 'NONE', #576, #1042 ) ;
#1503 = ORIENTED_EDGE ( 'NONE', *, *, #2225, .F. ) ;
#1504 = UNCERTAINTY_MEASURE_WITH_UNIT (LENGTH_MEASURE( 1.000000000000000082E-05 ), #1616, 'distance_accuracy_value', 'NONE');
#1505 = DIRECTION ( 'NONE',  ( 0.0000000000000000000, -1.000000000000000000, -0.0000000000000000000 ) ) ;
#1506 =( GEOMETRIC_REPRESENTATION_CONTEXT ( 3 ) GLOBAL_UNCERTAINTY_ASSIGNED_CONTEXT ( ( #487 ) ) GLOBAL_UNIT_ASSIGNED_CONTEXT ( ( #1936, #120, #1380 ) ) REPRESENTATION_CONTEXT ( 'NONE', 'WORKASPACE' ) );
#1507 = PRODUCT_RELATED_PRODUCT_CATEGORY ( 'part', '', ( #1340 ) ) ;
#1508 = ADVANCED_FACE ( 'NONE', ( #840 ), #2300, .F. ) ;
#1509 = CARTESIAN_POINT ( 'NONE',  ( 0.8000000000000000444, 0.2000000000000000111, 0.0000000000000000000 ) ) ;
#1510 =( GEOMETRIC_REPRESENTATION_CONTEXT ( 3 ) GLOBAL_UNCERTAINTY_ASSIGNED_CONTEXT ( ( #1927 ) ) GLOBAL_UNIT_ASSIGNED_CONTEXT ( ( #1937, #1595, #850 ) ) REPRESENTATION_CONTEXT ( 'NONE', 'WORKASPACE' ) );
#1511 = VERTEX_POINT ( 'NONE', #1665 ) ;
#1512 = FACE_OUTER_BOUND ( 'NONE', #2219, .T. ) ;
#1513 = LINE ( 'NONE', #1489, #369 ) ;
#1514 = DIRECTION ( 'NONE',  ( 0.0000000000000000000, -1.000000000000000000, 1.224646799146999945E-16 ) ) ;
#1515 = STYLED_ITEM ( 'NONE', ( #1484 ), #1541 ) ;
#1516 = CONTEXT_DEPENDENT_SHAPE_REPRESENTATION ( #1410, #1350 ) ;
#1517 = ORIENTED_EDGE ( 'NONE', *, *, #1805, .T. ) ;
#1518 = DIRECTION ( 'NONE',  ( 1.000000000000000000, 0.0000000000000000000, 0.0000000000000000000 ) ) ;
#1519 = DIRECTION ( 'NONE',  ( 0.08509140416868289647, 0.08509140416959970477, -0.9927330486455296921 ) ) ;
#1520 =( NAMED_UNIT ( * ) SI_UNIT ( $, .STERADIAN. ) SOLID_ANGLE_UNIT ( ) );
#1521 = VECTOR ( 'NONE', #855, 1000.000000000000000 ) ;
#1522 =( NAMED_UNIT ( * ) PLANE_ANGLE_UNIT ( ) SI_UNIT ( $, .RADIAN. ) );
#1523 =( GEOMETRIC_REPRESENTATION_CONTEXT ( 3 ) GLOBAL_UNCERTAINTY_ASSIGNED_CONTEXT ( ( #1227 ) ) GLOBAL_UNIT_ASSIGNED_CONTEXT ( ( #1854, #189, #1092 ) ) REPRESENTATION_CONTEXT ( 'NONE', 'WORKASPACE' ) );
#1524 = ADVANCED_FACE ( 'NONE', ( #1834 ), #1081, .T. ) ;
#1525 = VECTOR ( 'NONE', #560, 1000.000000000000000 ) ;
#1526 = VERTEX_POINT ( 'NONE', #542 ) ;
#1527 = SURFACE_STYLE_FILL_AREA ( #1892 ) ;
#1528 = CARTESIAN_POINT ( 'NONE',  ( 0.4849999999999999867, 0.3499999999999999778, 0.4249999999999999889 ) ) ;
#1529 = SURFACE_STYLE_FILL_AREA ( #786 ) ;
#1530 = EDGE_LOOP ( 'NONE', ( #804, #1404, #136, #386 ) ) ;
#1531 = COLOUR_RGB ( '',0.7803921568627451011, 0.5686274509803921351, 0.1137254901960784298 ) ;
#1532 = UNCERTAINTY_MEASURE_WITH_UNIT (LENGTH_MEASURE( 1.000000000000000082E-05 ), #1029, 'distance_accuracy_value', 'NONE');
#1533 = PRESENTATION_STYLE_ASSIGNMENT (( #2268 ) ) ;
#1534 = STYLED_ITEM ( 'NONE', ( #1652 ), #1524 ) ;
#1535 = PRODUCT_DEFINITION_FORMATION_WITH_SPECIFIED_SOURCE ( 'ANY', '', #2056, .NOT_KNOWN. ) ;
#1536 = CYLINDRICAL_SURFACE ( 'NONE', #663, 0.1999999999999999833 ) ;
#1537 = SURFACE_STYLE_FILL_AREA ( #1920 ) ;
#1538 = VERTEX_POINT ( 'NONE', #2174 ) ;
#1539 =( NAMED_UNIT ( * ) SI_UNIT ( $, .STERADIAN. ) SOLID_ANGLE_UNIT ( ) );
#1540 = SURFACE_SIDE_STYLE ('',( #1527 ) ) ;
#1541 = ADVANCED_FACE ( 'NONE', ( #693 ), #1290, .T. ) ;
#1542 = PRESENTATION_STYLE_ASSIGNMENT (( #2263 ) ) ;
#1543 = SURFACE_STYLE_USAGE ( .BOTH. , #80 ) ;
#1544 = FACE_OUTER_BOUND ( 'NONE', #2229, .T. ) ;
#1545 = LINE ( 'NONE', #632, #252 ) ;
#1546 = ORIENTED_EDGE ( 'NONE', *, *, #2145, .T. ) ;
#1547 = DIRECTION ( 'NONE',  ( 0.0000000000000000000, 0.0000000000000000000, -1.000000000000000000 ) ) ;
#1548 = SURFACE_STYLE_USAGE ( .BOTH. , #981 ) ;
#1549 = SURFACE_STYLE_FILL_AREA ( #264 ) ;
#1550 = CARTESIAN_POINT ( 'NONE',  ( -0.4000000000000000222, 0.4000000000000000222, 0.2000000000000000111 ) ) ;
#1551 = VECTOR ( 'NONE', #2032, 1000.000000000000000 ) ;
#1552 = ORIENTED_EDGE ( 'NONE', *, *, #351, .T. ) ;
#1553 = SURFACE_SIDE_STYLE ('',( #452 ) ) ;
#1554 = SURFACE_SIDE_STYLE ('',( #2292 ) ) ;
#1555 = FACE_OUTER_BOUND ( 'NONE', #121, .T. ) ;
#1556 = EDGE_CURVE ( 'NONE', #110, #836, #579, .T. ) ;
#1557 = UNCERTAINTY_MEASURE_WITH_UNIT (LENGTH_MEASURE( 1.000000000000000082E-05 ), #1879, 'distance_accuracy_value', 'NONE');
#1558 = PRESENTATION_STYLE_ASSIGNMENT (( #1768 ) ) ;
#1559 =( GEOMETRIC_REPRESENTATION_CONTEXT ( 3 ) GLOBAL_UNCERTAINTY_ASSIGNED_CONTEXT ( ( #2119 ) ) GLOBAL_UNIT_ASSIGNED_CONTEXT ( ( #338, #362, #1086 ) ) REPRESENTATION_CONTEXT ( 'NONE', 'WORKASPACE' ) );
#1560 = AXIS2_PLACEMENT_3D ( 'NONE', #123, #1224, #488 ) ;
#1561 = ADVANCED_FACE ( 'NONE', ( #806 ), #2086, .F. ) ;
#1562 = AXIS2_PLACEMENT_3D ( 'NONE', #1036, #1583, #303 ) ;
#1563 = UNCERTAINTY_MEASURE_WITH_UNIT (LENGTH_MEASURE( 1.000000000000000082E-05 ), #497, 'distance_accuracy_value', 'NONE');
#1564 = CARTESIAN_POINT ( 'NONE',  ( -0.4000000000000000222, 0.4000000000000000222, 0.0000000000000000000 ) ) ;
#1565 = CARTESIAN_POINT ( 'NONE',  ( 0.2000000000000000111, 0.09999999999999999167, -1.224646799148000227E-17 ) ) ;
#1566 = SURFACE_STYLE_USAGE ( .BOTH. , #2260 ) ;
#1567 = ORIENTED_EDGE ( 'NONE', *, *, #1789, .T. ) ;
#1568 = DIRECTION ( 'NONE',  ( 1.000000000000000000, 0.0000000000000000000, -0.0000000000000000000 ) ) ;
#1569 = STYLED_ITEM ( 'NONE', ( #1322 ), #90 ) ;
#1570 =( NAMED_UNIT ( * ) PLANE_ANGLE_UNIT ( ) SI_UNIT ( $, .RADIAN. ) );
#1571 =( NAMED_UNIT ( * ) SI_UNIT ( $, .STERADIAN. ) SOLID_ANGLE_UNIT ( ) );
#1572 = STYLED_ITEM ( 'NONE', ( #1910 ), #2157 ) ;
#1573 =( GEOMETRIC_REPRESENTATION_CONTEXT ( 3 ) GLOBAL_UNCERTAINTY_ASSIGNED_CONTEXT ( ( #1966 ) ) GLOBAL_UNIT_ASSIGNED_CONTEXT ( ( #2195, #1319, #752 ) ) REPRESENTATION_CONTEXT ( 'NONE', 'WORKASPACE' ) );
#1574 = SURFACE_STYLE_FILL_AREA ( #2321 ) ;
#1575 = PRESENTATION_LAYER_ASSIGNMENT (  '', '', ( #1686 ) ) ;
#1576 = DIRECTION ( 'NONE',  ( -0.0000000000000000000, -0.0000000000000000000, -1.000000000000000000 ) ) ;
#1577 = VERTEX_POINT ( 'NONE', #990 ) ;
#1578 = PRESENTATION_STYLE_ASSIGNMENT (( #134 ) ) ;
#1579 = EDGE_CURVE ( 'NONE', #1395, #269, #1545, .T. ) ;
#1580 =( NAMED_UNIT ( * ) PLANE_ANGLE_UNIT ( ) SI_UNIT ( $, .RADIAN. ) );
#1581 = FILL_AREA_STYLE_COLOUR ( '', #1420 ) ;
#1582 = ORIENTED_EDGE ( 'NONE', *, *, #765, .F. ) ;
#1583 = DIRECTION ( 'NONE',  ( -1.000000000000000000, 0.0000000000000000000, 0.0000000000000000000 ) ) ;
#1584 = LINE ( 'NONE', #294, #4 ) ;
#1585 = VERTEX_POINT ( 'NONE', #1160 ) ;
#1586 = PRESENTATION_STYLE_ASSIGNMENT (( #1014 ) ) ;
#1587 = CARTESIAN_POINT ( 'NONE',  ( 0.4000000000000000222, 0.4000000000000000222, 0.2000000000000000111 ) ) ;
#1588 = UNCERTAINTY_MEASURE_WITH_UNIT (LENGTH_MEASURE( 1.000000000000000082E-05 ), #1711, 'distance_accuracy_value', 'NONE');
#1589 = SURFACE_STYLE_USAGE ( .BOTH. , #853 ) ;
#1590 = PRODUCT_CONTEXT ( 'NONE', #1032, 'mechanical' ) ;
#1591 = FILL_AREA_STYLE_COLOUR ( '', #740 ) ;
#1592 = EDGE_CURVE ( 'NONE', #360, #273, #2051, .T. ) ;
#1593 = EDGE_LOOP ( 'NONE', ( #2094, #2115, #1339, #1467 ) ) ;
#1594 = ORIENTED_EDGE ( 'NONE', *, *, #1592, .F. ) ;
#1595 =( NAMED_UNIT ( * ) PLANE_ANGLE_UNIT ( ) SI_UNIT ( $, .RADIAN. ) );
#1596 = CARTESIAN_POINT ( 'NONE',  ( 0.8000000000000000444, -0.4000000000000000222, 0.0000000000000000000 ) ) ;
#1597 = SHAPE_REPRESENTATION ( 'User Library-LED_0603_B', ( #1234, #1850, #803, #2140, #84, #385 ), #2023 ) ;
#1598 = CIRCLE ( 'NONE', #538, 0.1999999999999999833 ) ;
#1599 = CIRCLE ( 'NONE', #540, 0.1999999999999999833 ) ;
#1600 = DIRECTION ( 'NONE',  ( 1.000000000000000000, 0.0000000000000000000, 0.0000000000000000000 ) ) ;
#1601 = ORIENTED_EDGE ( 'NONE', *, *, #1836, .F. ) ;
#1602 = APPLICATION_CONTEXT ( 'automotive_design' ) ;
#1603 = EDGE_CURVE ( 'NONE', #987, #2302, #2065, .T. ) ;
#1604 =( GEOMETRIC_REPRESENTATION_CONTEXT ( 3 ) GLOBAL_UNCERTAINTY_ASSIGNED_CONTEXT ( ( #94 ) ) GLOBAL_UNIT_ASSIGNED_CONTEXT ( ( #2289, #1394, #2104 ) ) REPRESENTATION_CONTEXT ( 'NONE', 'WORKASPACE' ) );
#1605 = FILL_AREA_STYLE_COLOUR ( '', #1787 ) ;
#1606 = AXIS2_PLACEMENT_3D ( 'NONE', #618, #1970, #1547 ) ;
#1607 =( GEOMETRIC_REPRESENTATION_CONTEXT ( 3 ) GLOBAL_UNCERTAINTY_ASSIGNED_CONTEXT ( ( #144 ) ) GLOBAL_UNIT_ASSIGNED_CONTEXT ( ( #687, #1253, #384 ) ) REPRESENTATION_CONTEXT ( 'NONE', 'WORKASPACE' ) );
#1608 =( GEOMETRIC_REPRESENTATION_CONTEXT ( 3 ) GLOBAL_UNCERTAINTY_ASSIGNED_CONTEXT ( ( #1088 ) ) GLOBAL_UNIT_ASSIGNED_CONTEXT ( ( #1382, #2081, #1539 ) ) REPRESENTATION_CONTEXT ( 'NONE', 'WORKASPACE' ) );
#1609 = CARTESIAN_POINT ( 'NONE',  ( -0.4516409507770000054, -0.3016409507769999832, 0.6000000000000000888 ) ) ;
#1610 = CARTESIAN_POINT ( 'NONE',  ( -0.5000000000000000000, 0.3499999999999970357, 0.2499999999999996669 ) ) ;
#1611 = EDGE_LOOP ( 'NONE', ( #1375, #1159, #1859, #2176 ) ) ;
#1612 = FILL_AREA_STYLE_COLOUR ( '', #841 ) ;
#1613 = PRODUCT_DEFINITION ( 'UNKNOWN', '', #2251, #955 ) ;
#1614 = ADVANCED_FACE ( 'NONE', ( #2253 ), #248, .F. ) ;
#1615 =( GEOMETRIC_REPRESENTATION_CONTEXT ( 3 ) GLOBAL_UNCERTAINTY_ASSIGNED_CONTEXT ( ( #2144 ) ) GLOBAL_UNIT_ASSIGNED_CONTEXT ( ( #982, #1580, #1177 ) ) REPRESENTATION_CONTEXT ( 'NONE', 'WORKASPACE' ) );
#1616 =( LENGTH_UNIT ( ) NAMED_UNIT ( * ) SI_UNIT ( .MILLI., .METRE. ) );
#1617 = CARTESIAN_POINT ( 'NONE',  ( -0.4625772966728458058, 0.3125772966728458391, 0.6000000000000000888 ) ) ;
#1618 = STYLED_ITEM ( 'NONE', ( #341 ), #1997 ) ;
#1619 = FILL_AREA_STYLE_COLOUR ( '', #1062 ) ;
#1620 = EDGE_LOOP ( 'NONE', ( #2330, #1731, #83, #2141 ) ) ;
#1621 = VERTEX_POINT ( 'NONE', #1360 ) ;
#1622 = SURFACE_STYLE_USAGE ( .BOTH. , #1046 ) ;
#1623 = PLANE ( 'NONE',  #1788 ) ;
#1624 = CARTESIAN_POINT ( 'NONE',  ( 0.0000000000000000000, 0.0000000000000000000, 0.0000000000000000000 ) ) ;
#1625 = EDGE_CURVE ( 'NONE', #1045, #473, #434, .T. ) ;
#1626 = AXIS2_PLACEMENT_3D ( 'NONE', #2050, #602, #1359 ) ;
#1627 = DIRECTION ( 'NONE',  ( -0.0000000000000000000, -0.0000000000000000000, -1.000000000000000000 ) ) ;
#1628 = EDGE_CURVE ( 'NONE', #1960, #1621, #1598, .T. ) ;
#1629 = LINE ( 'NONE', #1610, #1767 ) ;
#1630 = LINE ( 'NONE', #1020, #779 ) ;
#1631 =( GEOMETRIC_REPRESENTATION_CONTEXT ( 3 ) GLOBAL_UNCERTAINTY_ASSIGNED_CONTEXT ( ( #1504 ) ) GLOBAL_UNIT_ASSIGNED_CONTEXT ( ( #1616, #1298, #1636 ) ) REPRESENTATION_CONTEXT ( 'NONE', 'WORKASPACE' ) );
#1632 = ORIENTED_EDGE ( 'NONE', *, *, #1403, .T. ) ;
#1633 = VECTOR ( 'NONE', #1878, 1000.000000000000000 ) ;
#1634 = EDGE_LOOP ( 'NONE', ( #1746, #1895, #157, #1995 ) ) ;
#1635 = LINE ( 'NONE', #196, #1097 ) ;
#1636 =( NAMED_UNIT ( * ) SI_UNIT ( $, .STERADIAN. ) SOLID_ANGLE_UNIT ( ) );
#1637 = DIRECTION ( 'NONE',  ( 0.0000000000000000000, -1.000000000000000000, -0.0000000000000000000 ) ) ;
#1638 = DIRECTION ( 'NONE',  ( 1.000000000000000000, 0.0000000000000000000, -0.0000000000000000000 ) ) ;
#1639 = VECTOR ( 'NONE', #299, 1000.000000000000000 ) ;
#1640 = DIRECTION ( 'NONE',  ( -1.000000000000000000, 0.0000000000000000000, 0.0000000000000000000 ) ) ;
#1641 = PRESENTATION_STYLE_ASSIGNMENT (( #1453 ) ) ;
#1642 = VERTEX_POINT ( 'NONE', #287 ) ;
#1643 = PRODUCT_DEFINITION_FORMATION_WITH_SPECIFIED_SOURCE ( 'ANY', '', #1318, .NOT_KNOWN. ) ;
#1644 = ORIENTED_EDGE ( 'NONE', *, *, #996, .F. ) ;
#1645 = FILL_AREA_STYLE_COLOUR ( '', #14 ) ;
#1646 =( LENGTH_UNIT ( ) NAMED_UNIT ( * ) SI_UNIT ( .MILLI., .METRE. ) );
#1647 = CONTEXT_DEPENDENT_SHAPE_REPRESENTATION ( #1967, #1294 ) ;
#1648 = PRODUCT_DEFINITION_CONTEXT ( 'detailed design', #647, 'design' ) ;
#1649 = CARTESIAN_POINT ( 'NONE',  ( -0.4000000000000000222, -0.4000000000000000222, 0.0000000000000000000 ) ) ;
#1650 =( GEOMETRIC_REPRESENTATION_CONTEXT ( 3 ) GLOBAL_UNCERTAINTY_ASSIGNED_CONTEXT ( ( #1145 ) ) GLOBAL_UNIT_ASSIGNED_CONTEXT ( ( #737, #766, #241 ) ) REPRESENTATION_CONTEXT ( 'NONE', 'WORKASPACE' ) );
#1651 =( LENGTH_UNIT ( ) NAMED_UNIT ( * ) SI_UNIT ( .MILLI., .METRE. ) );
#1652 = PRESENTATION_STYLE_ASSIGNMENT (( #918 ) ) ;
#1653 =( NAMED_UNIT ( * ) PLANE_ANGLE_UNIT ( ) SI_UNIT ( $, .RADIAN. ) );
#1654 = VECTOR ( 'NONE', #1144, 1000.000000000000000 ) ;
#1655 =( LENGTH_UNIT ( ) NAMED_UNIT ( * ) SI_UNIT ( .MILLI., .METRE. ) );
#1656 = ADVANCED_FACE ( 'NONE', ( #319 ), #2110, .F. ) ;
#1657 = SURFACE_STYLE_USAGE ( .BOTH. , #1110 ) ;
#1658 = ORIENTED_EDGE ( 'NONE', *, *, #1857, .T. ) ;
#1659 = CARTESIAN_POINT ( 'NONE',  ( -0.4999999999999985012, 0.3499999999999998113, 0.2499999999999997780 ) ) ;
#1660 = PRODUCT_DEFINITION_SHAPE ( 'NONE', 'NONE',  #1239 ) ;
#1661 = DIRECTION ( 'NONE',  ( 1.000000000000000000, 0.0000000000000000000, 0.0000000000000000000 ) ) ;
#1662 = APPLICATION_PROTOCOL_DEFINITION ( 'draft international standard', 'automotive_design', 1998, #414 ) ;
#1663 = SURFACE_STYLE_USAGE ( .BOTH. , #2192 ) ;
#1664 = CARTESIAN_POINT ( 'NONE',  ( -0.4000000000000000222, -0.4000000000000000222, 0.0000000000000000000 ) ) ;
#1665 = CARTESIAN_POINT ( 'NONE',  ( -0.2000000000000000111, -0.09999999999999999167, 1.224646799145999725E-17 ) ) ;
#1666 =( GEOMETRIC_REPRESENTATION_CONTEXT ( 3 ) GLOBAL_UNCERTAINTY_ASSIGNED_CONTEXT ( ( #2312 ) ) GLOBAL_UNIT_ASSIGNED_CONTEXT ( ( #1705, #67, #82 ) ) REPRESENTATION_CONTEXT ( 'NONE', 'WORKASPACE' ) );
#1667 = LINE ( 'NONE', #1708, #334 ) ;
#1668 = DIRECTION ( 'NONE',  ( 1.000000000000000000, 0.0000000000000000000, 0.0000000000000000000 ) ) ;
#1669 = CARTESIAN_POINT ( 'NONE',  ( 0.0000000000000000000, 0.0000000000000000000, 0.0000000000000000000 ) ) ;
#1670 = EDGE_LOOP ( 'NONE', ( #195, #1764, #1503, #1096 ) ) ;
#1671 = VECTOR ( 'NONE', #518, 1000.000000000000000 ) ;
#1672 = VERTEX_POINT ( 'NONE', #1596 ) ;
#1673 = CARTESIAN_POINT ( 'NONE',  ( -0.5000000000000000000, -0.3499999999999999778, 0.2500000000000000000 ) ) ;
#1674 = LINE ( 'NONE', #743, #1443 ) ;
#1675 = EDGE_CURVE ( 'NONE', #453, #76, #1212, .T. ) ;
#1676 = PRESENTATION_STYLE_ASSIGNMENT (( #2353 ) ) ;
#1677 = UNCERTAINTY_MEASURE_WITH_UNIT (LENGTH_MEASURE( 1.000000000000000082E-05 ), #357, 'distance_accuracy_value', 'NONE');
#1678 =( NAMED_UNIT ( * ) PLANE_ANGLE_UNIT ( ) SI_UNIT ( $, .RADIAN. ) );
#1679 =( NAMED_UNIT ( * ) PLANE_ANGLE_UNIT ( ) SI_UNIT ( $, .RADIAN. ) );
#1680 = MECHANICAL_DESIGN_GEOMETRIC_PRESENTATION_REPRESENTATION (  '', ( #261 ), #590 ) ;
#1681 = CARTESIAN_POINT ( 'NONE',  ( -0.2000000000000000111, 0.09999999999999999167, -1.224646799148000227E-17 ) ) ;
#1682 = SURFACE_SIDE_STYLE ('',( #946 ) ) ;
#1683 = AXIS2_PLACEMENT_3D ( 'NONE', #2024, #1485, #1150 ) ;
#1684 = LINE ( 'NONE', #1164, #2286 ) ;
#1685 = PRODUCT_DEFINITION_SHAPE ( 'NONE', 'NONE',  #1739 ) ;
#1686 = STYLED_ITEM ( 'NONE', ( #41 ), #671 ) ;
#1687 = ORIENTED_EDGE ( 'NONE', *, *, #1240, .T. ) ;
#1688 = LINE ( 'NONE', #1099, #185 ) ;
#1689 = CARTESIAN_POINT ( 'NONE',  ( -0.8000000000000000444, -0.2000000000000000389, 0.0000000000000000000 ) ) ;
#1690 =( NAMED_UNIT ( * ) PLANE_ANGLE_UNIT ( ) SI_UNIT ( $, .RADIAN. ) );
#1691 = ITEM_DEFINED_TRANSFORMATION ( 'NONE', 'NONE', #2140,  #457 ) ;
#1692 = EDGE_CURVE ( 'NONE', #1642, #1023, #1785, .T. ) ;
#1693 =( GEOMETRIC_REPRESENTATION_CONTEXT ( 3 ) GLOBAL_UNCERTAINTY_ASSIGNED_CONTEXT ( ( #1398 ) ) GLOBAL_UNIT_ASSIGNED_CONTEXT ( ( #1261, #887, #1968 ) ) REPRESENTATION_CONTEXT ( 'NONE', 'WORKASPACE' ) );
#1694 = LINE ( 'NONE', #2006, #751 ) ;
#1695 = APPLICATION_CONTEXT ( 'automotive_design' ) ;
#1696 =( NAMED_UNIT ( * ) SI_UNIT ( $, .STERADIAN. ) SOLID_ANGLE_UNIT ( ) );
#1697 = AXIS2_PLACEMENT_3D ( 'NONE', #928, #1661, #728 ) ;
#1698 = ORIENTED_EDGE ( 'NONE', *, *, #1603, .T. ) ;
#1699 = SURFACE_STYLE_USAGE ( .BOTH. , #1553 ) ;
#1700 = DIRECTION ( 'NONE',  ( 0.0000000000000000000, 0.0000000000000000000, 1.000000000000000000 ) ) ;
#1701 = SURFACE_STYLE_FILL_AREA ( #205 ) ;
#1702 = FACE_OUTER_BOUND ( 'NONE', #702, .T. ) ;
#1703 = UNCERTAINTY_MEASURE_WITH_UNIT (LENGTH_MEASURE( 1.000000000000000082E-05 ), #994, 'distance_accuracy_value', 'NONE');
#1704 = ORIENTED_EDGE ( 'NONE', *, *, #762, .F. ) ;
#1705 =( LENGTH_UNIT ( ) NAMED_UNIT ( * ) SI_UNIT ( .MILLI., .METRE. ) );
#1706 = FILL_AREA_STYLE_COLOUR ( '', #1170 ) ;
#1707 = EDGE_CURVE ( 'NONE', #46, #1045, #1760, .T. ) ;
#1708 = CARTESIAN_POINT ( 'NONE',  ( 0.0000000000000000000, -0.4000000000000000222, 4.898587196589000156E-17 ) ) ;
#1709 =( NAMED_UNIT ( * ) SI_UNIT ( $, .STERADIAN. ) SOLID_ANGLE_UNIT ( ) );
#1710 = EDGE_CURVE ( 'NONE', #2302, #617, #2137, .T. ) ;
#1711 =( LENGTH_UNIT ( ) NAMED_UNIT ( * ) SI_UNIT ( .MILLI., .METRE. ) );
#1712 = STYLED_ITEM ( 'NONE', ( #412 ), #1614 ) ;
#1713 = ORIENTED_EDGE ( 'NONE', *, *, #1456, .F. ) ;
#1714 = DIRECTION ( 'NONE',  ( 0.0000000000000000000, 0.0000000000000000000, 1.000000000000000000 ) ) ;
#1715 = SURFACE_SIDE_STYLE ('',( #588 ) ) ;
#1716 = CYLINDRICAL_SURFACE ( 'NONE', #2028, 0.1999999999999999833 ) ;
#1717 = STYLED_ITEM ( 'NONE', ( #1676 ), #1801 ) ;
#1718 = ORIENTED_EDGE ( 'NONE', *, *, #1305, .F. ) ;
#1719 = VECTOR ( 'NONE', #1071, 1000.000000000000000 ) ;
#1720 =( NAMED_UNIT ( * ) SI_UNIT ( $, .STERADIAN. ) SOLID_ANGLE_UNIT ( ) );
#1721 = SURFACE_STYLE_FILL_AREA ( #616 ) ;
#1722 = SURFACE_STYLE_USAGE ( .BOTH. , #793 ) ;
#1723 = DIRECTION ( 'NONE',  ( 0.0000000000000000000, 0.0000000000000000000, -1.000000000000000000 ) ) ;
#1724 = CARTESIAN_POINT ( 'NONE',  ( -0.6600000000000000311, -0.2999999999999999889, 0.1799999999999999933 ) ) ;
#1725 = STYLED_ITEM ( 'NONE', ( #843 ), #2334 ) ;
#1726 = DIRECTION ( 'NONE',  ( 0.0000000000000000000, -1.000000000000000000, 0.0000000000000000000 ) ) ;
#1727 =( GEOMETRIC_REPRESENTATION_CONTEXT ( 3 ) GLOBAL_UNCERTAINTY_ASSIGNED_CONTEXT ( ( #1049 ) ) GLOBAL_UNIT_ASSIGNED_CONTEXT ( ( #1828, #2246, #1353 ) ) REPRESENTATION_CONTEXT ( 'NONE', 'WORKASPACE' ) );
#1728 = ORIENTED_EDGE ( 'NONE', *, *, #1061, .F. ) ;
#1729 = SURFACE_STYLE_USAGE ( .BOTH. , #1540 ) ;
#1730 =( NAMED_UNIT ( * ) SI_UNIT ( $, .STERADIAN. ) SOLID_ANGLE_UNIT ( ) );
#1731 = ORIENTED_EDGE ( 'NONE', *, *, #1933, .T. ) ;
#1732 = DIRECTION ( 'NONE',  ( -0.0000000000000000000, -0.0000000000000000000, -1.000000000000000000 ) ) ;
#1733 = ORIENTED_EDGE ( 'NONE', *, *, #2014, .T. ) ;
#1734 = FILL_AREA_STYLE_COLOUR ( '', #1886 ) ;
#1735 = LINE ( 'NONE', #276, #2248 ) ;
#1736 =( NAMED_UNIT ( * ) SI_UNIT ( $, .STERADIAN. ) SOLID_ANGLE_UNIT ( ) );
#1737 = FACE_OUTER_BOUND ( 'NONE', #938, .T. ) ;
#1738 =( GEOMETRIC_REPRESENTATION_CONTEXT ( 3 ) GLOBAL_UNCERTAINTY_ASSIGNED_CONTEXT ( ( #1286 ) ) GLOBAL_UNIT_ASSIGNED_CONTEXT ( ( #620, #297, #1030 ) ) REPRESENTATION_CONTEXT ( 'NONE', 'WORKASPACE' ) );
#1739 = PRODUCT_DEFINITION ( 'UNKNOWN', '', #1843, #716 ) ;
#1740 = EDGE_CURVE ( 'NONE', #997, #1165, #1025, .T. ) ;
#1741 = ORIENTED_EDGE ( 'NONE', *, *, #1358, .T. ) ;
#1742 = CARTESIAN_POINT ( 'NONE',  ( -0.4000000000000000222, -0.4000000000000000222, 0.0000000000000000000 ) ) ;
#1743 = SURFACE_STYLE_USAGE ( .BOTH. , #1441 ) ;
#1744 = CARTESIAN_POINT ( 'NONE',  ( 0.4000000000000000222, -0.4000000000000000222, 0.0000000000000000000 ) ) ;
#1745 = STYLED_ITEM ( 'NONE', ( #1911 ), #1975 ) ;
#1746 = ORIENTED_EDGE ( 'NONE', *, *, #2134, .F. ) ;
#1747 = PRESENTATION_STYLE_ASSIGNMENT (( #158 ) ) ;
#1748 = CARTESIAN_POINT ( 'NONE',  ( 0.4516409507770000054, -0.3016409507769999832, 0.6000000000000000888 ) ) ;
#1749 = CIRCLE ( 'NONE', #1940, 0.1999999999999999833 ) ;
#1750 = FILL_AREA_STYLE ('',( #1581 ) ) ;
#1751 = ORIENTED_EDGE ( 'NONE', *, *, #2301, .T. ) ;
#1752 = FACE_OUTER_BOUND ( 'NONE', #2212, .T. ) ;
#1753 = CYLINDRICAL_SURFACE ( 'NONE', #1094, 0.02000000000000005246 ) ;
#1754 = ORIENTED_EDGE ( 'NONE', *, *, #971, .T. ) ;
#1755 = EDGE_CURVE ( 'NONE', #1161, #1577, #1874, .T. ) ;
#1756 = UNCERTAINTY_MEASURE_WITH_UNIT (LENGTH_MEASURE( 1.000000000000000082E-05 ), #1651, 'distance_accuracy_value', 'NONE');
#1757 = PRESENTATION_LAYER_ASSIGNMENT (  '', '', ( #1712 ) ) ;
#1758 =( NAMED_UNIT ( * ) PLANE_ANGLE_UNIT ( ) SI_UNIT ( $, .RADIAN. ) );
#1759 = AXIS2_PLACEMENT_3D ( 'NONE', #1470, #1103, #956 ) ;
#1760 = LINE ( 'NONE', #2307, #141 ) ;
#1761 = CARTESIAN_POINT ( 'NONE',  ( -1.156482317317999984E-18, 0.4000000000000000222, 0.002000000000000000042 ) ) ;
#1762 = DIRECTION ( 'NONE',  ( 0.0000000000000000000, 0.0000000000000000000, -1.000000000000000000 ) ) ;
#1763 = FACE_OUTER_BOUND ( 'NONE', #1530, .T. ) ;
#1764 = ORIENTED_EDGE ( 'NONE', *, *, #583, .F. ) ;
#1765 = MECHANICAL_DESIGN_GEOMETRIC_PRESENTATION_REPRESENTATION (  '', ( #1569 ), #1831 ) ;
#1766 =( LENGTH_UNIT ( ) NAMED_UNIT ( * ) SI_UNIT ( .MILLI., .METRE. ) );
#1767 = VECTOR ( 'NONE', #328, 1000.000000000000114 ) ;
#1768 = SURFACE_STYLE_USAGE ( .BOTH. , #1784 ) ;
#1769 = DIRECTION ( 'NONE',  ( 0.0000000000000000000, -1.000000000000000000, -0.0000000000000000000 ) ) ;
#1770 = FILL_AREA_STYLE_COLOUR ( '', #995 ) ;
#1771 = AXIS2_PLACEMENT_3D ( 'NONE', #1134, #2185, #1668 ) ;
#1772 =( NAMED_UNIT ( * ) SI_UNIT ( $, .STERADIAN. ) SOLID_ANGLE_UNIT ( ) );
#1773 = ORIENTED_EDGE ( 'NONE', *, *, #1090, .F. ) ;
#1774 = FACE_OUTER_BOUND ( 'NONE', #81, .T. ) ;
#1775 = UNCERTAINTY_MEASURE_WITH_UNIT (LENGTH_MEASURE( 1.000000000000000082E-05 ), #343, 'distance_accuracy_value', 'NONE');
#1776 = SURFACE_SIDE_STYLE ('',( #1038 ) ) ;
#1777 = DIRECTION ( 'NONE',  ( -0.0000000000000000000, 1.000000000000000000, 0.0000000000000000000 ) ) ;
#1778 = DIRECTION ( 'NONE',  ( 0.0000000000000000000, 0.0000000000000000000, -1.000000000000000000 ) ) ;
#1779 = FILL_AREA_STYLE ('',( #1591 ) ) ;
#1780 = EDGE_CURVE ( 'NONE', #1367, #2075, #1956, .T. ) ;
#1781 = ORIENTED_EDGE ( 'NONE', *, *, #683, .T. ) ;
#1782 = VERTEX_POINT ( 'NONE', #2315 ) ;
#1783 = DIRECTION ( 'NONE',  ( 1.000000000000000000, 0.0000000000000000000, 0.0000000000000000000 ) ) ;
#1784 = SURFACE_SIDE_STYLE ('',( #1574 ) ) ;
#1785 = LINE ( 'NONE', #1964, #2279 ) ;
#1786 = DIRECTION ( 'NONE',  ( -1.000000000000000000, -0.0000000000000000000, 0.0000000000000000000 ) ) ;
#1787 = COLOUR_RGB ( '',0.0000000000000000000, 0.6666666666666666297, 0.0000000000000000000 ) ;
#1788 = AXIS2_PLACEMENT_3D ( 'NONE', #350, #1077, #2341 ) ;
#1789 = EDGE_CURVE ( 'NONE', #291, #1538, #133, .T. ) ;
#1790 = ORIENTED_EDGE ( 'NONE', *, *, #446, .F. ) ;
#1791 = AXIS2_PLACEMENT_3D ( 'NONE', #482, #493, #312 ) ;
#1792 = AXIS2_PLACEMENT_3D ( 'NONE', #1379, #1008, #449 ) ;
#1793 = PLANE ( 'NONE',  #1058 ) ;
#1794 = SURFACE_SIDE_STYLE ('',( #672 ) ) ;
#1795 = MANIFOLD_SOLID_BREP ( 'Imported1', #1231 ) ;
#1796 = PRESENTATION_LAYER_ASSIGNMENT (  '', '', ( #1450 ) ) ;
#1797 = PRESENTATION_LAYER_ASSIGNMENT (  '', '', ( #1031 ) ) ;
#1798 = CARTESIAN_POINT ( 'NONE',  ( 0.8000000000000000444, 0.0000000000000000000, 0.2000000000000000111 ) ) ;
#1799 = CIRCLE ( 'NONE', #122, 0.03999999999999999389 ) ;
#1800 = ORIENTED_EDGE ( 'NONE', *, *, #657, .T. ) ;
#1801 = MANIFOLD_SOLID_BREP ( 'Imported1', #1889 ) ;
#1802 = ADVANCED_FACE ( 'NONE', ( #1998 ), #660, .T. ) ;
#1803 =( LENGTH_UNIT ( ) NAMED_UNIT ( * ) SI_UNIT ( .MILLI., .METRE. ) );
#1804 = SURFACE_STYLE_FILL_AREA ( #689 ) ;
#1805 = EDGE_CURVE ( 'NONE', #2302, #46, #1862, .T. ) ;
#1806 = PRODUCT_CONTEXT ( 'NONE', #719, 'mechanical' ) ;
#1807 = CARTESIAN_POINT ( 'NONE',  ( -0.8000000000000000444, 0.4000000000000000222, 0.0000000000000000000 ) ) ;
#1808 =( LENGTH_UNIT ( ) NAMED_UNIT ( * ) SI_UNIT ( .MILLI., .METRE. ) );
#1809 = COLOUR_RGB ( '',0.0000000000000000000, 0.3333333333333333148, 1.000000000000000000 ) ;
#1810 = SURFACE_STYLE_USAGE ( .BOTH. , #1554 ) ;
#1811 = APPLICATION_CONTEXT ( 'automotive_design' ) ;
#1812 = MECHANICAL_DESIGN_GEOMETRIC_PRESENTATION_REPRESENTATION (  '', ( #894 ), #1506 ) ;
#1813 = EDGE_LOOP ( 'NONE', ( #559, #688, #1153, #1517 ) ) ;
#1814 = SURFACE_SIDE_STYLE ('',( #949 ) ) ;
#1815 =( NAMED_UNIT ( * ) SI_UNIT ( $, .STERADIAN. ) SOLID_ANGLE_UNIT ( ) );
#1816 = DIRECTION ( 'NONE',  ( 0.0000000000000000000, 0.0000000000000000000, 1.000000000000000000 ) ) ;
#1817 = UNCERTAINTY_MEASURE_WITH_UNIT (LENGTH_MEASURE( 1.000000000000000082E-05 ), #525, 'distance_accuracy_value', 'NONE');
#1818 = AXIS2_PLACEMENT_3D ( 'NONE', #1493, #958, #2085 ) ;
#1819 = EDGE_CURVE ( 'NONE', #1035, #291, #1168, .T. ) ;
#1820 = LINE ( 'NONE', #1268, #2153 ) ;
#1821 = CARTESIAN_POINT ( 'NONE',  ( -0.2000000000000000111, 0.1000000000000000056, 0.002000000000000000042 ) ) ;
#1822 =( NAMED_UNIT ( * ) PLANE_ANGLE_UNIT ( ) SI_UNIT ( $, .RADIAN. ) );
#1823 =( NAMED_UNIT ( * ) SI_UNIT ( $, .STERADIAN. ) SOLID_ANGLE_UNIT ( ) );
#1824 = PRESENTATION_LAYER_ASSIGNMENT (  '', '', ( #2186 ) ) ;
#1825 = VERTEX_POINT ( 'NONE', #1183 ) ;
#1826 = CIRCLE ( 'NONE', #1018, 0.03999999999999999389 ) ;
#1827 = ORIENTED_EDGE ( 'NONE', *, *, #149, .T. ) ;
#1828 =( LENGTH_UNIT ( ) NAMED_UNIT ( * ) SI_UNIT ( .MILLI., .METRE. ) );
#1829 = LINE ( 'NONE', #704, #1671 ) ;
#1830 = SHAPE_DEFINITION_REPRESENTATION ( #374, #1993 ) ;
#1831 =( GEOMETRIC_REPRESENTATION_CONTEXT ( 3 ) GLOBAL_UNCERTAINTY_ASSIGNED_CONTEXT ( ( #1588 ) ) GLOBAL_UNIT_ASSIGNED_CONTEXT ( ( #1711, #754, #1178 ) ) REPRESENTATION_CONTEXT ( 'NONE', 'WORKASPACE' ) );
#1832 = SURFACE_STYLE_USAGE ( .BOTH. , #1116 ) ;
#1833 = COLOUR_RGB ( '',0.0000000000000000000, 0.3333333333333333148, 1.000000000000000000 ) ;
#1834 = FACE_OUTER_BOUND ( 'NONE', #1908, .T. ) ;
#1835 = PRODUCT_RELATED_PRODUCT_CATEGORY ( 'part', '', ( #1318 ) ) ;
#1836 = EDGE_CURVE ( 'NONE', #577, #269, #612, .T. ) ;
#1837 = DIRECTION ( 'NONE',  ( 1.000000000000000000, 0.0000000000000000000, 0.0000000000000000000 ) ) ;
#1838 = SHAPE_REPRESENTATION ( 'Fillet', ( #457 ), #1001 ) ;
#1839 = MECHANICAL_DESIGN_GEOMETRIC_PRESENTATION_REPRESENTATION (  '', ( #795 ), #26 ) ;
#1840 = VECTOR ( 'NONE', #1841, 1000.000000000000000 ) ;
#1841 = DIRECTION ( 'NONE',  ( 0.0000000000000000000, -1.000000000000000000, -0.0000000000000000000 ) ) ;
#1842 = ADVANCED_BREP_SHAPE_REPRESENTATION ( '', ( #1795, #457 ), #2329 ) ;
#1843 = PRODUCT_DEFINITION_FORMATION_WITH_SPECIFIED_SOURCE ( 'ANY', '', #2033, .NOT_KNOWN. ) ;
#1844 = ORIENTED_EDGE ( 'NONE', *, *, #857, .T. ) ;
#1845 = DIRECTION ( 'NONE',  ( 1.000000000000000000, -4.323630019078185612E-19, -3.705968587780558768E-20 ) ) ;
#1846 = SURFACE_STYLE_FILL_AREA ( #679 ) ;
#1847 = DIRECTION ( 'NONE',  ( 0.0000000000000000000, 0.0000000000000000000, 1.000000000000000000 ) ) ;
#1848 = PRODUCT_DEFINITION_CONTEXT ( 'detailed design', #414, 'design' ) ;
#1849 = CARTESIAN_POINT ( 'NONE',  ( -0.8000000000000000444, -0.4000000000000000222, 0.2000000000000000111 ) ) ;
#1850 = AXIS2_PLACEMENT_3D ( 'NONE', #339, #2342, #1101 ) ;
#1851 = UNCERTAINTY_MEASURE_WITH_UNIT (LENGTH_MEASURE( 1.000000000000000082E-05 ), #621, 'distance_accuracy_value', 'NONE');
#1852 = DIRECTION ( 'NONE',  ( 0.0000000000000000000, -1.000000000000000000, 0.0000000000000000000 ) ) ;
#1853 =( NAMED_UNIT ( * ) PLANE_ANGLE_UNIT ( ) SI_UNIT ( $, .RADIAN. ) );
#1854 =( LENGTH_UNIT ( ) NAMED_UNIT ( * ) SI_UNIT ( .MILLI., .METRE. ) );
#1855 = DIRECTION ( 'NONE',  ( -0.0000000000000000000, -0.0000000000000000000, -1.000000000000000000 ) ) ;
#1856 =( NAMED_UNIT ( * ) PLANE_ANGLE_UNIT ( ) SI_UNIT ( $, .RADIAN. ) );
#1857 = EDGE_CURVE ( 'NONE', #371, #1395, #2235, .T. ) ;
#1858 = PRESENTATION_STYLE_ASSIGNMENT (( #1657 ) ) ;
#1859 = ORIENTED_EDGE ( 'NONE', *, *, #1556, .F. ) ;
#1860 = FILL_AREA_STYLE_COLOUR ( '', #104 ) ;
#1861 = FACE_OUTER_BOUND ( 'NONE', #1593, .T. ) ;
#1862 = LINE ( 'NONE', #206, #349 ) ;
#1863 = SHAPE_DEFINITION_REPRESENTATION ( #1685, #1597 ) ;
#1864 = PRESENTATION_STYLE_ASSIGNMENT (( #1115 ) ) ;
#1865 = PRESENTATION_LAYER_ASSIGNMENT (  '', '', ( #1013 ) ) ;
#1866 = CARTESIAN_POINT ( 'NONE',  ( -0.5000000000000000000, 0.3499999999999999778, 0.5999999999999999778 ) ) ;
#1867 = DIRECTION ( 'NONE',  ( 1.000000000000000000, 0.0000000000000000000, 0.0000000000000000000 ) ) ;
#1868 = VECTOR ( 'NONE', #1246, 1000.000000000000000 ) ;
#1869 = SURFACE_STYLE_FILL_AREA ( #239 ) ;
#1870 =( NAMED_UNIT ( * ) SI_UNIT ( $, .STERADIAN. ) SOLID_ANGLE_UNIT ( ) );
#1871 = CARTESIAN_POINT ( 'NONE',  ( 0.8000000000000000444, 0.4000000000000000222, 0.2000000000000000111 ) ) ;
#1872 = VECTOR ( 'NONE', #61, 1000.000000000000000 ) ;
#1873 = ADVANCED_FACE ( 'NONE', ( #1356 ), #32, .F. ) ;
#1874 = CIRCLE ( 'NONE', #1560, 0.03999999999999999389 ) ;
#1875 = COLOUR_RGB ( '',0.0000000000000000000, 0.6666666666666666297, 0.0000000000000000000 ) ;
#1876 = ORIENTED_EDGE ( 'NONE', *, *, #996, .T. ) ;
#1877 = CARTESIAN_POINT ( 'NONE',  ( 0.2000000000000000111, 0.4000000000000000222, -4.898587196589000156E-17 ) ) ;
#1878 = DIRECTION ( 'NONE',  ( -0.0000000000000000000, -0.0000000000000000000, 1.000000000000000000 ) ) ;
#1879 =( LENGTH_UNIT ( ) NAMED_UNIT ( * ) SI_UNIT ( .MILLI., .METRE. ) );
#1880 = CARTESIAN_POINT ( 'NONE',  ( 0.4715678837576906535, -0.3215678837578453408, 0.5817080228269734254 ) ) ;
#1881 = SURFACE_STYLE_FILL_AREA ( #978 ) ;
#1882 = ADVANCED_BREP_SHAPE_REPRESENTATION ( '', ( #1801, #457 ), #524 ) ;
#1883 = DIRECTION ( 'NONE',  ( 0.0000000000000000000, -1.000000000000000000, -0.0000000000000000000 ) ) ;
#1884 =( LENGTH_UNIT ( ) NAMED_UNIT ( * ) SI_UNIT ( .MILLI., .METRE. ) );
#1885 = MECHANICAL_DESIGN_GEOMETRIC_PRESENTATION_REPRESENTATION (  '', ( #1572 ), #912 ) ;
#1886 = COLOUR_RGB ( '',0.7803921568627451011, 0.5686274509803921351, 0.1137254901960784298 ) ;
#1887 = PRODUCT_DEFINITION_SHAPE ( 'NONE', 'NONE',  #51 ) ;
#1888 = MECHANICAL_DESIGN_GEOMETRIC_PRESENTATION_REPRESENTATION (  '', ( #876 ), #636 ) ;
#1889 = CLOSED_SHELL ( 'NONE', ( #1561, #463, #1142, #1541, #670, #113, #893, #1108 ) ) ;
#1890 = VERTEX_POINT ( 'NONE', #1744 ) ;
#1891 = EDGE_CURVE ( 'NONE', #202, #617, #563, .T. ) ;
#1892 = FILL_AREA_STYLE ('',( #1860 ) ) ;
#1893 = CARTESIAN_POINT ( 'NONE',  ( -0.6000000000000000888, 0.0000000000000000000, 0.2000000000000000111 ) ) ;
#1894 = ITEM_DEFINED_TRANSFORMATION ( 'NONE', 'NONE', #84,  #457 ) ;
#1895 = ORIENTED_EDGE ( 'NONE', *, *, #346, .F. ) ;
#1896 = EDGE_CURVE ( 'NONE', #269, #1023, #2233, .T. ) ;
#1897 =( LENGTH_UNIT ( ) NAMED_UNIT ( * ) SI_UNIT ( .MILLI., .METRE. ) );
#1898 = SURFACE_STYLE_USAGE ( .BOTH. , #12 ) ;
#1899 = PLANE ( 'NONE',  #20 ) ;
#1900 = FILL_AREA_STYLE ('',( #1154 ) ) ;
#1901 = FACE_OUTER_BOUND ( 'NONE', #302, .T. ) ;
#1902 = ORIENTED_EDGE ( 'NONE', *, *, #109, .F. ) ;
#1903 = UNCERTAINTY_MEASURE_WITH_UNIT (LENGTH_MEASURE( 1.000000000000000082E-05 ), #1317, 'distance_accuracy_value', 'NONE');
#1904 = ORIENTED_EDGE ( 'NONE', *, *, #126, .F. ) ;
#1905 = LINE ( 'NONE', #1401, #959 ) ;
#1906 = SURFACE_STYLE_FILL_AREA ( #607 ) ;
#1907 = STYLED_ITEM ( 'NONE', ( #1938 ), #1656 ) ;
#1908 = EDGE_LOOP ( 'NONE', ( #1950, #1219, #1381, #1912 ) ) ;
#1909 = LINE ( 'NONE', #2069, #1254 ) ;
#1910 = PRESENTATION_STYLE_ASSIGNMENT (( #1114 ) ) ;
#1911 = PRESENTATION_STYLE_ASSIGNMENT (( #431 ) ) ;
#1912 = ORIENTED_EDGE ( 'NONE', *, *, #74, .T. ) ;
#1913 =( NAMED_UNIT ( * ) PLANE_ANGLE_UNIT ( ) SI_UNIT ( $, .RADIAN. ) );
#1914 = FILL_AREA_STYLE_COLOUR ( '', #2183 ) ;
#1915 = ORIENTED_EDGE ( 'NONE', *, *, #1041, .F. ) ;
#1916 = LINE ( 'NONE', #1378, #546 ) ;
#1917 = EDGE_CURVE ( 'NONE', #360, #1511, #1502, .T. ) ;
#1918 = COLOUR_RGB ( '',0.7803921568627451011, 0.5686274509803921351, 0.1137254901960784298 ) ;
#1919 = COLOUR_RGB ( '',0.8000000000000000444, 0.8000000000000000444, 0.8000000000000000444 ) ;
#1920 = FILL_AREA_STYLE ('',( #829 ) ) ;
#1921 = VECTOR ( 'NONE', #1324, 1000.000000000000000 ) ;
#1922 = ORIENTED_EDGE ( 'NONE', *, *, #852, .F. ) ;
#1923 =( LENGTH_UNIT ( ) NAMED_UNIT ( * ) SI_UNIT ( .MILLI., .METRE. ) );
#1924 = PRESENTATION_STYLE_ASSIGNMENT (( #1743 ) ) ;
#1925 =( NAMED_UNIT ( * ) SI_UNIT ( $, .STERADIAN. ) SOLID_ANGLE_UNIT ( ) );
#1926 = CIRCLE ( 'NONE', #188, 0.1999999999999999833 ) ;
#1927 = UNCERTAINTY_MEASURE_WITH_UNIT (LENGTH_MEASURE( 1.000000000000000082E-05 ), #1937, 'distance_accuracy_value', 'NONE');
#1928 = DIRECTION ( 'NONE',  ( 0.0000000000000000000, 1.000000000000000000, -0.0000000000000000000 ) ) ;
#1929 = ORIENTED_EDGE ( 'NONE', *, *, #1891, .F. ) ;
#1930 = SURFACE_STYLE_FILL_AREA ( #139 ) ;
#1931 = CARTESIAN_POINT ( 'NONE',  ( 0.5000000000000000000, -0.3499999999999999778, 0.2000000000000000111 ) ) ;
#1932 = DIRECTION ( 'NONE',  ( 0.0000000000000000000, -1.000000000000000000, -0.0000000000000000000 ) ) ;
#1933 = EDGE_CURVE ( 'NONE', #336, #1511, #423, .T. ) ;
#1934 = ORIENTED_EDGE ( 'NONE', *, *, #1628, .F. ) ;
#1935 = PLANE ( 'NONE',  #551 ) ;
#1936 =( LENGTH_UNIT ( ) NAMED_UNIT ( * ) SI_UNIT ( .MILLI., .METRE. ) );
#1937 =( LENGTH_UNIT ( ) NAMED_UNIT ( * ) SI_UNIT ( .MILLI., .METRE. ) );
#1938 = PRESENTATION_STYLE_ASSIGNMENT (( #851 ) ) ;
#1939 = CARTESIAN_POINT ( 'NONE',  ( -1.734723475977000073E-18, 0.09999999999999999167, 0.002000000000000000042 ) ) ;
#1940 = AXIS2_PLACEMENT_3D ( 'NONE', #1011, #1000, #640 ) ;
#1941 = CARTESIAN_POINT ( 'NONE',  ( 0.5000000000000000000, 0.3499999999999999778, 0.2000000000000000111 ) ) ;
#1942 = STYLED_ITEM ( 'NONE', ( #1533 ), #2043 ) ;
#1943 = ORIENTED_EDGE ( 'NONE', *, *, #251, .T. ) ;
#1944 = FILL_AREA_STYLE ('',( #1619 ) ) ;
#1945 = SURFACE_STYLE_FILL_AREA ( #2096 ) ;
#1946 = DIRECTION ( 'NONE',  ( 0.0000000000000000000, 1.000000000000000000, -0.0000000000000000000 ) ) ;
#1947 = ORIENTED_EDGE ( 'NONE', *, *, #280, .F. ) ;
#1948 = LINE ( 'NONE', #1402, #2052 ) ;
#1949 = SURFACE_STYLE_FILL_AREA ( #1218 ) ;
#1950 = ORIENTED_EDGE ( 'NONE', *, *, #957, .F. ) ;
#1951 = DIRECTION ( 'NONE',  ( -0.0000000000000000000, -0.0000000000000000000, -1.000000000000000000 ) ) ;
#1952 = MECHANICAL_DESIGN_GEOMETRIC_PRESENTATION_REPRESENTATION (  '', ( #1450 ), #1523 ) ;
#1953 = ORIENTED_EDGE ( 'NONE', *, *, #1495, .T. ) ;
#1954 =( LENGTH_UNIT ( ) NAMED_UNIT ( * ) SI_UNIT ( .MILLI., .METRE. ) );
#1955 = PRESENTATION_LAYER_ASSIGNMENT (  '', '', ( #989 ) ) ;
#1956 = LINE ( 'NONE', #308, #365 ) ;
#1957 = EDGE_CURVE ( 'NONE', #1023, #983, #1157, .T. ) ;
#1958 = MECHANICAL_DESIGN_GEOMETRIC_PRESENTATION_REPRESENTATION (  '', ( #450 ), #520 ) ;
#1959 =( NAMED_UNIT ( * ) PLANE_ANGLE_UNIT ( ) SI_UNIT ( $, .RADIAN. ) );
#1960 = VERTEX_POINT ( 'NONE', #1893 ) ;
#1961 =( NAMED_UNIT ( * ) SI_UNIT ( $, .STERADIAN. ) SOLID_ANGLE_UNIT ( ) );
#1962 = UNCERTAINTY_MEASURE_WITH_UNIT (LENGTH_MEASURE( 1.000000000000000082E-05 ), #304, 'distance_accuracy_value', 'NONE');
#1963 = DIRECTION ( 'NONE',  ( 0.0000000000000000000, -0.0000000000000000000, -1.000000000000000000 ) ) ;
#1964 = CARTESIAN_POINT ( 'NONE',  ( 0.5000000000000000000, 0.3499999999999999778, 0.2000000000000000111 ) ) ;
#1965 = COLOUR_RGB ( '',0.7803921568627451011, 0.5686274509803921351, 0.1137254901960784298 ) ;
#1966 = UNCERTAINTY_MEASURE_WITH_UNIT (LENGTH_MEASURE( 1.000000000000000082E-05 ), #2195, 'distance_accuracy_value', 'NONE');
#1967 =( REPRESENTATION_RELATIONSHIP ('NONE','NONE', #1597, #2328 ) REPRESENTATION_RELATIONSHIP_WITH_TRANSFORMATION ( #2161 )SHAPE_REPRESENTATION_RELATIONSHIP( ) );
#1968 =( NAMED_UNIT ( * ) SI_UNIT ( $, .STERADIAN. ) SOLID_ANGLE_UNIT ( ) );
#1969 = VERTEX_POINT ( 'NONE', #2070 ) ;
#1970 = DIRECTION ( 'NONE',  ( 1.000000000000000000, 0.0000000000000000000, 0.0000000000000000000 ) ) ;
#1971 =( LENGTH_UNIT ( ) NAMED_UNIT ( * ) SI_UNIT ( .MILLI., .METRE. ) );
#1972 = PRESENTATION_LAYER_ASSIGNMENT (  '', '', ( #1372 ) ) ;
#1973 = DIRECTION ( 'NONE',  ( 0.0000000000000000000, -1.000000000000000000, -0.0000000000000000000 ) ) ;
#1974 = PRESENTATION_LAYER_ASSIGNMENT (  '', '', ( #900 ) ) ;
#1975 = ADVANCED_FACE ( 'NONE', ( #1702 ), #1716, .T. ) ;
#1976 = EDGE_CURVE ( 'NONE', #807, #1890, #906, .T. ) ;
#1977 = DIRECTION ( 'NONE',  ( 1.000000000000000000, 0.0000000000000000000, 0.0000000000000000000 ) ) ;
#1978 = SURFACE_STYLE_USAGE ( .BOTH. , #2352 ) ;
#1979 =( NAMED_UNIT ( * ) PLANE_ANGLE_UNIT ( ) SI_UNIT ( $, .RADIAN. ) );
#1980 = APPLICATION_PROTOCOL_DEFINITION ( 'draft international standard', 'automotive_design', 1998, #168 ) ;
#1981 = STYLED_ITEM ( 'NONE', ( #712 ), #511 ) ;
#1982 = LINE ( 'NONE', #1807, #1433 ) ;
#1983 = CARTESIAN_POINT ( 'NONE',  ( 0.2000000000000000111, 0.4000000000000000222, -4.898587196589000156E-17 ) ) ;
#1984 = PRESENTATION_LAYER_ASSIGNMENT (  '', '', ( #2357 ) ) ;
#1985 = PRESENTATION_STYLE_ASSIGNMENT (( #358 ) ) ;
#1986 = ADVANCED_FACE ( 'NONE', ( #1089 ), #1464, .T. ) ;
#1987 = VERTEX_POINT ( 'NONE', #2002 ) ;
#1988 = LINE ( 'NONE', #726, #733 ) ;
#1989 = DIRECTION ( 'NONE',  ( 0.0000000000000000000, 0.0000000000000000000, -1.000000000000000000 ) ) ;
#1990 = SURFACE_STYLE_FILL_AREA ( #1269 ) ;
#1991 = VECTOR ( 'NONE', #92, 1000.000000000000114 ) ;
#1992 = CARTESIAN_POINT ( 'NONE',  ( 0.8000000000000000444, -0.2000000000000000389, 0.0000000000000000000 ) ) ;
#1993 = SHAPE_REPRESENTATION ( 'Pad004', ( #457 ), #2329 ) ;
#1994 = SURFACE_SIDE_STYLE ('',( #2337 ) ) ;
#1995 = ORIENTED_EDGE ( 'NONE', *, *, #3, .T. ) ;
#1996 =( NAMED_UNIT ( * ) PLANE_ANGLE_UNIT ( ) SI_UNIT ( $, .RADIAN. ) );
#1997 = ADVANCED_FACE ( 'NONE', ( #1303 ), #1104, .T. ) ;
#1998 = FACE_OUTER_BOUND ( 'NONE', #668, .T. ) ;
#1999 = APPLICATION_PROTOCOL_DEFINITION ( 'draft international standard', 'automotive_design', 1998, #485 ) ;
#2000 = PRODUCT_DEFINITION_CONTEXT ( 'detailed design', #39, 'design' ) ;
#2001 = UNCERTAINTY_MEASURE_WITH_UNIT (LENGTH_MEASURE( 1.000000000000000082E-05 ), #2226, 'distance_accuracy_value', 'NONE');
#2002 = CARTESIAN_POINT ( 'NONE',  ( 0.4000000000000000222, -0.4000000000000000222, 0.2000000000000000111 ) ) ;
#2003 =( NAMED_UNIT ( * ) PLANE_ANGLE_UNIT ( ) SI_UNIT ( $, .RADIAN. ) );
#2004 = AXIS2_PLACEMENT_3D ( 'NONE', #68, #603, #792 ) ;
#2005 = PRESENTATION_STYLE_ASSIGNMENT (( #381 ) ) ;
#2006 = CARTESIAN_POINT ( 'NONE',  ( 0.4000000000000000222, -0.4000000000000000222, 0.2000000000000000111 ) ) ;
#2007 = STYLED_ITEM ( 'NONE', ( #499 ), #1795 ) ;
#2008 = PLANE ( 'NONE',  #544 ) ;
#2009 = EDGE_LOOP ( 'NONE', ( #1026, #889, #586, #284 ) ) ;
#2010 = SURFACE_STYLE_USAGE ( .BOTH. , #1814 ) ;
#2011 = SURFACE_STYLE_USAGE ( .BOTH. , #915 ) ;
#2012 = LINE ( 'NONE', #1649, #254 ) ;
#2013 = SURFACE_STYLE_FILL_AREA ( #1270 ) ;
#2014 = EDGE_CURVE ( 'NONE', #517, #1198, #1982, .T. ) ;
#2015 = PRESENTATION_LAYER_ASSIGNMENT (  '', '', ( #876 ) ) ;
#2016 = SURFACE_SIDE_STYLE ('',( #685 ) ) ;
#2017 = VECTOR ( 'NONE', #1778, 1000.000000000000000 ) ;
#2018 = ORIENTED_EDGE ( 'NONE', *, *, #585, .T. ) ;
#2019 = DIRECTION ( 'NONE',  ( 0.0000000000000000000, 1.000000000000000000, -0.0000000000000000000 ) ) ;
#2020 = CARTESIAN_POINT ( 'NONE',  ( -0.4699999999999999734, 0.3016409507769999832, 0.6000000000000000888 ) ) ;
#2021 = FILL_AREA_STYLE_COLOUR ( '', #1414 ) ;
#2022 = FILL_AREA_STYLE_COLOUR ( '', #1007 ) ;
#2023 =( GEOMETRIC_REPRESENTATION_CONTEXT ( 3 ) GLOBAL_UNCERTAINTY_ASSIGNED_CONTEXT ( ( #184 ) ) GLOBAL_UNIT_ASSIGNED_CONTEXT ( ( #353, #1469, #390 ) ) REPRESENTATION_CONTEXT ( 'NONE', 'WORKASPACE' ) );
#2024 = CARTESIAN_POINT ( 'NONE',  ( -0.8000000000000000444, 0.0000000000000000000, 0.0000000000000000000 ) ) ;
#2025 = EDGE_CURVE ( 'NONE', #273, #336, #162, .T. ) ;
#2026 = SURFACE_SIDE_STYLE ('',( #370 ) ) ;
#2027 = DIRECTION ( 'NONE',  ( 0.0000000000000000000, 0.0000000000000000000, 1.000000000000000000 ) ) ;
#2028 = AXIS2_PLACEMENT_3D ( 'NONE', #1012, #814, #932 ) ;
#2029 = ORIENTED_EDGE ( 'NONE', *, *, #1209, .T. ) ;
#2030 = DIRECTION ( 'NONE',  ( -0.0000000000000000000, 1.000000000000000000, 0.0000000000000000000 ) ) ;
#2031 = CARTESIAN_POINT ( 'NONE',  ( -0.8000000000000000444, 0.2000000000000000389, 0.2000000000000000111 ) ) ;
#2032 = DIRECTION ( 'NONE',  ( 1.000000000000000000, 0.0000000000000000000, 0.0000000000000000000 ) ) ;
#2033 = PRODUCT ( 'User Library-LED_0603_B', 'User Library-LED_0603_B', '', ( #1066 ) ) ;
#2034 = FILL_AREA_STYLE ('',( #1369 ) ) ;
#2035 =( NAMED_UNIT ( * ) PLANE_ANGLE_UNIT ( ) SI_UNIT ( $, .RADIAN. ) );
#2036 = COLOUR_RGB ( '',0.0000000000000000000, 0.6666666666666666297, 0.0000000000000000000 ) ;
#2037 =( LENGTH_UNIT ( ) NAMED_UNIT ( * ) SI_UNIT ( .MILLI., .METRE. ) );
#2038 = DIRECTION ( 'NONE',  ( 1.000000000000000000, 0.0000000000000000000, -0.0000000000000000000 ) ) ;
#2039 = FILL_AREA_STYLE_COLOUR ( '', #1531 ) ;
#2040 = FILL_AREA_STYLE_COLOUR ( '', #491 ) ;
#2041 = ADVANCED_FACE ( 'NONE', ( #2343 ), #692, .T. ) ;
#2042 = FILL_AREA_STYLE_COLOUR ( '', #784 ) ;
#2043 = ADVANCED_FACE ( 'NONE', ( #1544 ), #22, .T. ) ;
#2044 = PRESENTATION_LAYER_ASSIGNMENT (  '', '', ( #1442 ) ) ;
#2045 = EDGE_LOOP ( 'NONE', ( #118, #2018, #1221, #1698 ) ) ;
#2046 =( NAMED_UNIT ( * ) PLANE_ANGLE_UNIT ( ) SI_UNIT ( $, .RADIAN. ) );
#2047 = DIRECTION ( 'NONE',  ( 0.0000000000000000000, -0.0000000000000000000, 1.000000000000000000 ) ) ;
#2048 = DIRECTION ( 'NONE',  ( 0.0000000000000000000, -1.224646799146999945E-16, -1.000000000000000000 ) ) ;
#2049 = ORIENTED_EDGE ( 'NONE', *, *, #513, .T. ) ;
#2050 = CARTESIAN_POINT ( 'NONE',  ( -0.5000000000000000000, 0.3499999999999999778, 0.2000000000000000111 ) ) ;
#2051 = LINE ( 'NONE', #34, #363 ) ;
#2052 = VECTOR ( 'NONE', #1393, 1000.000000000000000 ) ;
#2053 = DIRECTION ( 'NONE',  ( 1.000000000000000000, 0.0000000000000000000, -0.0000000000000000000 ) ) ;
#2054 = CARTESIAN_POINT ( 'NONE',  ( -0.4000000000000000222, 0.4000000000000000222, 0.0000000000000000000 ) ) ;
#2055 = VECTOR ( 'NONE', #707, 1000.000000000000000 ) ;
#2056 = PRODUCT ( 'Pad004', 'Pad004', '', ( #1481 ) ) ;
#2057 = COLOUR_RGB ( '',0.0000000000000000000, 0.3333333333333333148, 1.000000000000000000 ) ;
#2058 = EDGE_LOOP ( 'NONE', ( #2084, #2029, #924, #59, #968, #528, #1552 ) ) ;
#2059 = CARTESIAN_POINT ( 'NONE',  ( -0.4000000000000000222, -0.4000000000000000222, 0.2000000000000000111 ) ) ;
#2060 = CARTESIAN_POINT ( 'NONE',  ( 0.4000000000000000222, 0.4000000000000000222, 0.0000000000000000000 ) ) ;
#2061 = STYLED_ITEM ( 'NONE', ( #2196 ), #1195 ) ;
#2062 = FILL_AREA_STYLE_COLOUR ( '', #2160 ) ;
#2063 = DIRECTION ( 'NONE',  ( 0.0000000000000000000, 1.224646799146999945E-16, 1.000000000000000000 ) ) ;
#2064 = SURFACE_SIDE_STYLE ('',( #1316 ) ) ;
#2065 = LINE ( 'NONE', #95, #210 ) ;
#2066 = VECTOR ( 'NONE', #1341, 1000.000000000000000 ) ;
#2067 = ORIENTED_EDGE ( 'NONE', *, *, #159, .F. ) ;
#2068 = DIRECTION ( 'NONE',  ( 0.0000000000000000000, -0.0000000000000000000, -1.000000000000000000 ) ) ;
#2069 = CARTESIAN_POINT ( 'NONE',  ( 0.5000000000000000000, -0.3215678837576906868, 0.5817080228269734254 ) ) ;
#2070 = CARTESIAN_POINT ( 'NONE',  ( -0.4000000000000000222, 0.4000000000000000222, 0.2000000000000000111 ) ) ;
#2071 = PRODUCT_DEFINITION_CONTEXT ( 'detailed design', #1602, 'design' ) ;
#2072 = ADVANCED_FACE ( 'NONE', ( #1171 ), #1331, .T. ) ;
#2073 = ORIENTED_EDGE ( 'NONE', *, *, #1250, .F. ) ;
#2074 = DIRECTION ( 'NONE',  ( -0.0000000000000000000, 0.0000000000000000000, -1.000000000000000000 ) ) ;
#2075 = VERTEX_POINT ( 'NONE', #805 ) ;
#2076 = FACE_OUTER_BOUND ( 'NONE', #1634, .T. ) ;
#2077 = FILL_AREA_STYLE ('',( #249 ) ) ;
#2078 = CARTESIAN_POINT ( 'NONE',  ( 0.4000000000000000222, -0.4000000000000000222, 0.0000000000000000000 ) ) ;
#2079 = AXIS2_PLACEMENT_3D ( 'NONE', #1117, #1867, #944 ) ;
#2080 = EDGE_LOOP ( 'NONE', ( #948, #723, #2163, #601 ) ) ;
#2081 =( NAMED_UNIT ( * ) PLANE_ANGLE_UNIT ( ) SI_UNIT ( $, .RADIAN. ) );
#2082 =( NAMED_UNIT ( * ) PLANE_ANGLE_UNIT ( ) SI_UNIT ( $, .RADIAN. ) );
#2083 = SURFACE_STYLE_FILL_AREA ( #2034 ) ;
#2084 = ORIENTED_EDGE ( 'NONE', *, *, #1321, .T. ) ;
#2085 = DIRECTION ( 'NONE',  ( 0.08540114134641878241, 0.0000000000000000000, 0.9963466490417524080 ) ) ;
#2086 = PLANE ( 'NONE',  #1251 ) ;
#2087 = PLANE ( 'NONE',  #595 ) ;
#2088 = EDGE_CURVE ( 'NONE', #973, #517, #970, .T. ) ;
#2089 = PRESENTATION_LAYER_ASSIGNMENT (  '', '', ( #2238 ) ) ;
#2090 = CARTESIAN_POINT ( 'NONE',  ( 0.2000000000000000111, 0.4000000000000000222, 0.002000000000000000042 ) ) ;
#2091 = PRESENTATION_LAYER_ASSIGNMENT (  '', '', ( #1981 ) ) ;
#2092 = ORIENTED_EDGE ( 'NONE', *, *, #1957, .T. ) ;
#2093 = SURFACE_SIDE_STYLE ('',( #1384 ) ) ;
#2094 = ORIENTED_EDGE ( 'NONE', *, *, #2025, .F. ) ;
#2095 = AXIS2_PLACEMENT_3D ( 'NONE', #466, #2303, #646 ) ;
#2096 = FILL_AREA_STYLE ('',( #2314 ) ) ;
#2097 = ORIENTED_EDGE ( 'NONE', *, *, #1452, .F. ) ;
#2098 = PRESENTATION_LAYER_ASSIGNMENT (  '', '', ( #639 ) ) ;
#2099 = DIRECTION ( 'NONE',  ( -1.000000000000000000, -0.0000000000000000000, -0.0000000000000000000 ) ) ;
#2100 = FILL_AREA_STYLE ('',( #1392 ) ) ;
#2101 = PRESENTATION_LAYER_ASSIGNMENT (  '', '', ( #2361 ) ) ;
#2102 = CARTESIAN_POINT ( 'NONE',  ( 0.4000000000000000222, -0.4000000000000000222, 0.2000000000000000111 ) ) ;
#2103 = ADVANCED_FACE ( 'NONE', ( #454 ), #286, .T. ) ;
#2104 =( NAMED_UNIT ( * ) SI_UNIT ( $, .STERADIAN. ) SOLID_ANGLE_UNIT ( ) );
#2105 = ORIENTED_EDGE ( 'NONE', *, *, #1403, .F. ) ;
#2106 = PLANE ( 'NONE',  #2095 ) ;
#2107 = DIRECTION ( 'NONE',  ( -0.0000000000000000000, 1.224646799146999945E-16, 1.000000000000000000 ) ) ;
#2108 = MECHANICAL_DESIGN_GEOMETRIC_PRESENTATION_REPRESENTATION (  '', ( #856 ), #37 ) ;
#2109 = EDGE_LOOP ( 'NONE', ( #1140, #2158, #1773, #2318 ) ) ;
#2110 = PLANE ( 'NONE',  #622 ) ;
#2111 = SURFACE_STYLE_FILL_AREA ( #2100 ) ;
#2112 = SURFACE_STYLE_FILL_AREA ( #1750 ) ;
#2113 = EDGE_CURVE ( 'NONE', #665, #2309, #2296, .T. ) ;
#2114 = COLOUR_RGB ( '',0.0000000000000000000, 0.3333333333333333148, 1.000000000000000000 ) ;
#2115 = ORIENTED_EDGE ( 'NONE', *, *, #1440, .F. ) ;
#2116 = SURFACE_STYLE_USAGE ( .BOTH. , #1405 ) ;
#2117 = SURFACE_SIDE_STYLE ('',( #611 ) ) ;
#2118 = ADVANCED_FACE ( 'NONE', ( #1408 ), #2135, .T. ) ;
#2119 = UNCERTAINTY_MEASURE_WITH_UNIT (LENGTH_MEASURE( 1.000000000000000082E-05 ), #338, 'distance_accuracy_value', 'NONE');
#2120 = VECTOR ( 'NONE', #927, 1000.000000000000000 ) ;
#2121 = CARTESIAN_POINT ( 'NONE',  ( 0.2000000000000000111, -0.4000000000000000222, -4.898587196589000156E-17 ) ) ;
#2122 = ORIENTED_EDGE ( 'NONE', *, *, #635, .F. ) ;
#2123 = VECTOR ( 'NONE', #587, 1000.000000000000000 ) ;
#2124 = PRESENTATION_STYLE_ASSIGNMENT (( #1589 ) ) ;
#2125 = DIRECTION ( 'NONE',  ( 1.000000000000000000, 0.0000000000000000000, 0.0000000000000000000 ) ) ;
#2126 = LINE ( 'NONE', #2102, #329 ) ;
#2127 = VECTOR ( 'NONE', #1932, 1000.000000000000000 ) ;
#2128 = COLOUR_RGB ( '',0.7803921568627451011, 0.5686274509803921351, 0.1137254901960784298 ) ;
#2129 = ORIENTED_EDGE ( 'NONE', *, *, #748, .T. ) ;
#2130 = STYLED_ITEM ( 'NONE', ( #2005 ), #216 ) ;
#2131 = CARTESIAN_POINT ( 'NONE',  ( 0.2000000000000000111, -0.4000000000000000222, 0.002000000000000000042 ) ) ;
#2132 = VECTOR ( 'NONE', #1124, 1000.000000000000000 ) ;
#2133 = DIRECTION ( 'NONE',  ( 4.323630019078185612E-19, 1.000000000000000000, -3.705968587780558768E-20 ) ) ;
#2134 = EDGE_CURVE ( 'NONE', #464, #1960, #833, .T. ) ;
#2135 = PLANE ( 'NONE',  #300 ) ;
#2136 = AXIS2_PLACEMENT_3D ( 'NONE', #738, #1486, #1977 ) ;
#2137 = LINE ( 'NONE', #2121, #1476 ) ;
#2138 = CARTESIAN_POINT ( 'NONE',  ( -1.734723475977000073E-18, 0.1000000000000000056, 0.002000000000000000042 ) ) ;
#2139 = AXIS2_PLACEMENT_3D ( 'NONE', #1983, #661, #342 ) ;
#2140 = AXIS2_PLACEMENT_3D ( 'NONE', #1462, #1816, #715 ) ;
#2141 = ORIENTED_EDGE ( 'NONE', *, *, #1592, .T. ) ;
#2142 = CARTESIAN_POINT ( 'NONE',  ( 0.8000000000000000444, -0.2000000000000000111, 0.2000000000000000111 ) ) ;
#2143 = CARTESIAN_POINT ( 'NONE',  ( 0.8000000000000000444, 0.4000000000000000222, 0.2000000000000000111 ) ) ;
#2144 = UNCERTAINTY_MEASURE_WITH_UNIT (LENGTH_MEASURE( 1.000000000000000082E-05 ), #982, 'distance_accuracy_value', 'NONE');
#2145 = EDGE_CURVE ( 'NONE', #711, #1275, #650, .T. ) ;
#2146 = AXIS2_PLACEMENT_3D ( 'NONE', #2173, #1852, #198 ) ;
#2147 = CARTESIAN_POINT ( 'NONE',  ( 0.4000000000000000222, -0.4000000000000000222, 0.0000000000000000000 ) ) ;
#2148 = FILL_AREA_STYLE ('',( #1434 ) ) ;
#2149 = ORIENTED_EDGE ( 'NONE', *, *, #554, .F. ) ;
#2150 = VECTOR ( 'NONE', #598, 1000.000000000000000 ) ;
#2151 = ORIENTED_EDGE ( 'NONE', *, *, #1418, .T. ) ;
#2152 = SURFACE_STYLE_FILL_AREA ( #745 ) ;
#2153 = VECTOR ( 'NONE', #1637, 1000.000000000000000 ) ;
#2154 = DIRECTION ( 'NONE',  ( -0.0000000000000000000, -0.0000000000000000000, -1.000000000000000000 ) ) ;
#2155 = PRESENTATION_LAYER_ASSIGNMENT (  '', '', ( #1087 ) ) ;
#2156 =( LENGTH_UNIT ( ) NAMED_UNIT ( * ) SI_UNIT ( .MILLI., .METRE. ) );
#2157 = ADVANCED_FACE ( 'NONE', ( #478 ), #1355, .T. ) ;
#2158 = ORIENTED_EDGE ( 'NONE', *, *, #1456, .T. ) ;
#2159 = CARTESIAN_POINT ( 'NONE',  ( 0.8000000000000000444, 0.4000000000000000222, 0.2000000000000000111 ) ) ;
#2160 = COLOUR_RGB ( '',0.0000000000000000000, 0.3333333333333333148, 1.000000000000000000 ) ;
#2161 = ITEM_DEFINED_TRANSFORMATION ( 'NONE', 'NONE', #1850,  #1791 ) ;
#2162 = STYLED_ITEM ( 'NONE', ( #567 ), #323 ) ;
#2163 = ORIENTED_EDGE ( 'NONE', *, *, #332, .F. ) ;
#2164 = CARTESIAN_POINT ( 'NONE',  ( 0.4000000000000000222, 0.4000000000000000222, 0.0000000000000000000 ) ) ;
#2165 = FILL_AREA_STYLE_COLOUR ( '', #359 ) ;
#2166 = FACE_OUTER_BOUND ( 'NONE', #1474, .T. ) ;
#2167 = SURFACE_STYLE_USAGE ( .BOTH. , #1072 ) ;
#2168 = ORIENTED_EDGE ( 'NONE', *, *, #613, .F. ) ;
#2169 = ORIENTED_EDGE ( 'NONE', *, *, #489, .T. ) ;
#2170 = FACE_OUTER_BOUND ( 'NONE', #2245, .T. ) ;
#2171 = LINE ( 'NONE', #883, #2120 ) ;
#2172 = DIRECTION ( 'NONE',  ( 1.000000000000000000, 0.0000000000000000000, 0.0000000000000000000 ) ) ;
#2173 = CARTESIAN_POINT ( 'NONE',  ( 0.5000000000000000000, -0.3499999999999999778, 0.2000000000000000111 ) ) ;
#2174 = CARTESIAN_POINT ( 'NONE',  ( -0.5000000000000000000, -0.3499999999999999778, 0.2000000000000000111 ) ) ;
#2175 = CARTESIAN_POINT ( 'NONE',  ( -0.8000000000000000444, 0.4000000000000000222, 0.0000000000000000000 ) ) ;
#2176 = ORIENTED_EDGE ( 'NONE', *, *, #762, .T. ) ;
#2177 = PRESENTATION_STYLE_ASSIGNMENT (( #1978 ) ) ;
#2178 = ADVANCED_FACE ( 'NONE', ( #575 ), #772, .T. ) ;
#2179 = FILL_AREA_STYLE ('',( #550 ) ) ;
#2180 = DIRECTION ( 'NONE',  ( 1.000000000000000000, 0.0000000000000000000, 0.0000000000000000000 ) ) ;
#2181 = UNCERTAINTY_MEASURE_WITH_UNIT (LENGTH_MEASURE( 1.000000000000000082E-05 ), #1803, 'distance_accuracy_value', 'NONE');
#2182 = SURFACE_SIDE_STYLE ('',( #1282 ) ) ;
#2183 = COLOUR_RGB ( '',0.7803921568627451011, 0.5686274509803921351, 0.1137254901960784298 ) ;
#2184 = CARTESIAN_POINT ( 'NONE',  ( -0.4999999999999987232, -0.3499999999999993117, 0.2499999999999997780 ) ) ;
#2185 = DIRECTION ( 'NONE',  ( 0.0000000000000000000, 0.0000000000000000000, 1.000000000000000000 ) ) ;
#2186 = STYLED_ITEM ( 'NONE', ( #1079 ), #727 ) ;
#2187 = ORIENTED_EDGE ( 'NONE', *, *, #234, .T. ) ;
#2188 = EDGE_LOOP ( 'NONE', ( #1389, #648, #1800, #1435 ) ) ;
#2189 = LINE ( 'NONE', #1877, #73 ) ;
#2190 = DIRECTION ( 'NONE',  ( -0.0000000000000000000, -0.0000000000000000000, 1.000000000000000000 ) ) ;
#2191 = APPLICATION_PROTOCOL_DEFINITION ( 'draft international standard', 'automotive_design', 1998, #647 ) ;
#2192 = SURFACE_SIDE_STYLE ('',( #1288 ) ) ;
#2193 = AXIS2_PLACEMENT_3D ( 'NONE', #886, #908, #2356 ) ;
#2194 = STYLED_ITEM ( 'NONE', ( #638 ), #694 ) ;
#2195 =( LENGTH_UNIT ( ) NAMED_UNIT ( * ) SI_UNIT ( .MILLI., .METRE. ) );
#2196 = PRESENTATION_STYLE_ASSIGNMENT (( #1093 ) ) ;
#2197 =( NAMED_UNIT ( * ) SI_UNIT ( $, .STERADIAN. ) SOLID_ANGLE_UNIT ( ) );
#2198 = FILL_AREA_STYLE ('',( #2042 ) ) ;
#2199 = VECTOR ( 'NONE', #1973, 1000.000000000000000 ) ;
#2200 = ORIENTED_EDGE ( 'NONE', *, *, #1305, .T. ) ;
#2201 = FILL_AREA_STYLE ('',( #1488 ) ) ;
#2202 = CARTESIAN_POINT ( 'NONE',  ( 0.2000000000000000111, -0.4000000000000000222, 4.898587196586999654E-17 ) ) ;
#2203 = LINE ( 'NONE', #731, #580 ) ;
#2204 = STYLED_ITEM ( 'NONE', ( #796 ), #867 ) ;
#2205 = UNCERTAINTY_MEASURE_WITH_UNIT (LENGTH_MEASURE( 1.000000000000000082E-05 ), #610, 'distance_accuracy_value', 'NONE');
#2206 = FILL_AREA_STYLE ('',( #425 ) ) ;
#2207 = CARTESIAN_POINT ( 'NONE',  ( -0.8000000000000000444, -0.4000000000000000222, 0.0000000000000000000 ) ) ;
#2208 = CARTESIAN_POINT ( 'NONE',  ( -0.8000000000000000444, 0.0000000000000000000, 0.2000000000000000111 ) ) ;
#2209 = CARTESIAN_POINT ( 'NONE',  ( -0.4000000000000000222, 0.4000000000000000222, 0.0000000000000000000 ) ) ;
#2210 = EDGE_CURVE ( 'NONE', #1458, #2075, #1143, .T. ) ;
#2211 = DIRECTION ( 'NONE',  ( 0.0000000000000000000, 0.0000000000000000000, 1.000000000000000000 ) ) ;
#2212 = EDGE_LOOP ( 'NONE', ( #444, #741, #1733, #156 ) ) ;
#2213 = CARTESIAN_POINT ( 'NONE',  ( 0.8000000000000000444, -0.2000000000000000389, 0.2000000000000000111 ) ) ;
#2214 =( BOUNDED_CURVE ( )  B_SPLINE_CURVE ( 3, ( #1432, #327, #1617, #1412 ),
 .UNSPECIFIED., .F., .T. ) 
 B_SPLINE_CURVE_WITH_KNOTS ( ( 4, 4 ),
 ( 3.227097947270509248, 4.712388980384689674 ),
 .UNSPECIFIED. ) 
 CURVE ( )  GEOMETRIC_REPRESENTATION_ITEM ( )  RATIONAL_B_SPLINE_CURVE ( ( 1.000000000000000000, 0.8244547578640670782, 0.8244547578640670782, 1.000000000000000000 ) ) 
 REPRESENTATION_ITEM ( '' )  );
#2215 = DIRECTION ( 'NONE',  ( 1.000000000000000000, 0.0000000000000000000, -0.0000000000000000000 ) ) ;
#2216 = DIRECTION ( 'NONE',  ( 0.9963466490417525190, -4.339483675923922730E-19, 0.08540114134641879629 ) ) ;
#2217 = PRESENTATION_STYLE_ASSIGNMENT (( #1543 ) ) ;
#2218 = AXIS2_PLACEMENT_3D ( 'NONE', #484, #1037, #270 ) ;
#2219 = EDGE_LOOP ( 'NONE', ( #2274, #130, #1245, #641 ) ) ;
#2220 =( NAMED_UNIT ( * ) SI_UNIT ( $, .STERADIAN. ) SOLID_ANGLE_UNIT ( ) );
#2221 = STYLED_ITEM ( 'NONE', ( #988 ), #2072 ) ;
#2222 = DIRECTION ( 'NONE',  ( 0.0000000000000000000, -1.224646799146999945E-16, -1.000000000000000000 ) ) ;
#2223 = DIRECTION ( 'NONE',  ( 0.0000000000000000000, 0.0000000000000000000, 1.000000000000000000 ) ) ;
#2224 =( LENGTH_UNIT ( ) NAMED_UNIT ( * ) SI_UNIT ( .MILLI., .METRE. ) );
#2225 = EDGE_CURVE ( 'NONE', #1585, #371, #1480, .T. ) ;
#2226 =( LENGTH_UNIT ( ) NAMED_UNIT ( * ) SI_UNIT ( .MILLI., .METRE. ) );
#2227 = MECHANICAL_DESIGN_GEOMETRIC_PRESENTATION_REPRESENTATION (  '', ( #900 ), #1559 ) ;
#2228 = VECTOR ( 'NONE', #951, 1000.000000000000000 ) ;
#2229 = EDGE_LOOP ( 'NONE', ( #2281, #871, #1754, #403 ) ) ;
#2230 = SURFACE_STYLE_USAGE ( .BOTH. , #783 ) ;
#2231 =( NAMED_UNIT ( * ) SI_UNIT ( $, .STERADIAN. ) SOLID_ANGLE_UNIT ( ) );
#2232 =( NAMED_UNIT ( * ) PLANE_ANGLE_UNIT ( ) SI_UNIT ( $, .RADIAN. ) );
#2233 = LINE ( 'NONE', #967, #2066 ) ;
#2234 = ORIENTED_EDGE ( 'NONE', *, *, #420, .F. ) ;
#2235 =( BOUNDED_CURVE ( )  B_SPLINE_CURVE ( 3, ( #1127, #271, #1326, #773 ),
 .UNSPECIFIED., .F., .T. ) 
 B_SPLINE_CURVE_WITH_KNOTS ( ( 4, 4 ),
 ( 4.712388980384689674, 6.197680013498873208 ),
 .UNSPECIFIED. ) 
 CURVE ( )  GEOMETRIC_REPRESENTATION_ITEM ( )  RATIONAL_B_SPLINE_CURVE ( ( 1.000000000000000000, 0.8244547578640665231, 0.8244547578640665231, 1.000000000000000000 ) ) 
 REPRESENTATION_ITEM ( '' )  );
#2236 = UNCERTAINTY_MEASURE_WITH_UNIT (LENGTH_MEASURE( 1.000000000000000082E-05 ), #191, 'distance_accuracy_value', 'NONE');
#2237 = SURFACE_SIDE_STYLE ('',( #1721 ) ) ;
#2238 = STYLED_ITEM ( 'NONE', ( #1858 ), #35 ) ;
#2239 = DIRECTION ( 'NONE',  ( 0.0000000000000000000, -1.000000000000000000, 1.224646799146999945E-16 ) ) ;
#2240 = CARTESIAN_POINT ( 'NONE',  ( -0.8000000000000000444, -0.4000000000000000222, 0.0000000000000000000 ) ) ;
#2241 = VECTOR ( 'NONE', #1271, 1000.000000000000000 ) ;
#2242 = DIRECTION ( 'NONE',  ( 1.000000000000000000, 0.0000000000000000000, -0.0000000000000000000 ) ) ;
#2243 =( GEOMETRIC_REPRESENTATION_CONTEXT ( 3 ) GLOBAL_UNCERTAINTY_ASSIGNED_CONTEXT ( ( #1483 ) ) GLOBAL_UNIT_ASSIGNED_CONTEXT ( ( #348, #1996, #203 ) ) REPRESENTATION_CONTEXT ( 'NONE', 'WORKASPACE' ) );
#2244 = EDGE_CURVE ( 'NONE', #901, #1161, #2249, .T. ) ;
#2245 = EDGE_LOOP ( 'NONE', ( #2151, #1478, #1262, #138 ) ) ;
#2246 =( NAMED_UNIT ( * ) PLANE_ANGLE_UNIT ( ) SI_UNIT ( $, .RADIAN. ) );
#2247 = LINE ( 'NONE', #1354, #2228 ) ;
#2248 = VECTOR ( 'NONE', #53, 1000.000000000000000 ) ;
#2249 = LINE ( 'NONE', #398, #2150 ) ;
#2250 = SURFACE_SIDE_STYLE ('',( #1529 ) ) ;
#2251 = PRODUCT_DEFINITION_FORMATION_WITH_SPECIFIED_SOURCE ( 'ANY', '', #1340, .NOT_KNOWN. ) ;
#2252 = ORIENTED_EDGE ( 'NONE', *, *, #1376, .F. ) ;
#2253 = FACE_OUTER_BOUND ( 'NONE', #124, .T. ) ;
#2254 = AXIS2_PLACEMENT_3D ( 'NONE', #2285, #1215, #2125 ) ;
#2255 = CARTESIAN_POINT ( 'NONE',  ( 0.2000000000000000111, -0.09999999999999999167, 1.224646799145999725E-17 ) ) ;
#2256 = PRODUCT_DEFINITION_SHAPE ( 'NONE', 'NONE',  #2367 ) ;
#2257 = PRODUCT_DEFINITION_FORMATION_WITH_SPECIFIED_SOURCE ( 'ANY', '', #933, .NOT_KNOWN. ) ;
#2258 = PRESENTATION_STYLE_ASSIGNMENT (( #290 ) ) ;
#2259 = DIRECTION ( 'NONE',  ( -0.0000000000000000000, 1.000000000000000000, 0.0000000000000000000 ) ) ;
#2260 = SURFACE_SIDE_STYLE ('',( #1537 ) ) ;
#2261 = MECHANICAL_DESIGN_GEOMETRIC_PRESENTATION_REPRESENTATION (  '', ( #1618 ), #1202 ) ;
#2262 = EDGE_LOOP ( 'NONE', ( #180, #2092, #655, #848 ) ) ;
#2263 = SURFACE_STYLE_USAGE ( .BOTH. , #2117 ) ;
#2264 =( LENGTH_UNIT ( ) NAMED_UNIT ( * ) SI_UNIT ( .MILLI., .METRE. ) );
#2265 = ORIENTED_EDGE ( 'NONE', *, *, #489, .F. ) ;
#2266 = ADVANCED_FACE ( 'NONE', ( #1861 ), #79, .F. ) ;
#2267 = UNCERTAINTY_MEASURE_WITH_UNIT (LENGTH_MEASURE( 1.000000000000000082E-05 ), #2037, 'distance_accuracy_value', 'NONE');
#2268 = SURFACE_STYLE_USAGE ( .BOTH. , #2064 ) ;
#2269 = ORIENTED_EDGE ( 'NONE', *, *, #52, .F. ) ;
#2270 = LINE ( 'NONE', #2159, #516 ) ;
#2271 = VECTOR ( 'NONE', #862, 1000.000000000000000 ) ;
#2272 = DIRECTION ( 'NONE',  ( -0.0000000000000000000, 1.000000000000000000, 0.0000000000000000000 ) ) ;
#2273 = DIRECTION ( 'NONE',  ( 1.000000000000000000, 0.0000000000000000000, 0.0000000000000000000 ) ) ;
#2274 = ORIENTED_EDGE ( 'NONE', *, *, #1692, .F. ) ;
#2275 = MECHANICAL_DESIGN_GEOMETRIC_PRESENTATION_REPRESENTATION (  '', ( #1016 ), #474 ) ;
#2276 = DIRECTION ( 'NONE',  ( -1.000000000000000000, 0.0000000000000000000, 0.0000000000000000000 ) ) ;
#2277 = FILL_AREA_STYLE_COLOUR ( '', #1009 ) ;
#2278 =( NAMED_UNIT ( * ) PLANE_ANGLE_UNIT ( ) SI_UNIT ( $, .RADIAN. ) );
#2279 = VECTOR ( 'NONE', #1777, 1000.000000000000000 ) ;
#2280 = STYLED_ITEM ( 'NONE', ( #1924 ), #1107 ) ;
#2281 = ORIENTED_EDGE ( 'NONE', *, *, #2244, .F. ) ;
#2282 = CARTESIAN_POINT ( 'NONE',  ( 0.0000000000000000000, -0.4000000000000000222, 4.898587196589000156E-17 ) ) ;
#2283 = EDGE_CURVE ( 'NONE', #1179, #1323, #1584, .T. ) ;
#2284 =( NAMED_UNIT ( * ) PLANE_ANGLE_UNIT ( ) SI_UNIT ( $, .RADIAN. ) );
#2285 = CARTESIAN_POINT ( 'NONE',  ( 0.0000000000000000000, 0.0000000000000000000, 0.0000000000000000000 ) ) ;
#2286 = VECTOR ( 'NONE', #2259, 1000.000000000000000 ) ;
#2287 = LINE ( 'NONE', #2090, #1383 ) ;
#2288 = COLOUR_RGB ( '',0.0000000000000000000, 0.3333333333333333148, 1.000000000000000000 ) ;
#2289 =( LENGTH_UNIT ( ) NAMED_UNIT ( * ) SI_UNIT ( .MILLI., .METRE. ) );
#2290 = VERTEX_POINT ( 'NONE', #1419 ) ;
#2291 = SURFACE_STYLE_USAGE ( .BOTH. , #846 ) ;
#2292 = SURFACE_STYLE_FILL_AREA ( #440 ) ;
#2293 = PRESENTATION_STYLE_ASSIGNMENT (( #1196 ) ) ;
#2294 = COLOUR_RGB ( '',0.0000000000000000000, 0.6666666666666666297, 0.0000000000000000000 ) ;
#2295 = UNCERTAINTY_MEASURE_WITH_UNIT (LENGTH_MEASURE( 1.000000000000000082E-05 ), #1466, 'distance_accuracy_value', 'NONE');
#2296 = LINE ( 'NONE', #2143, #1868 ) ;
#2297 = EDGE_LOOP ( 'NONE', ( #572, #1728, #1213, #1406 ) ) ;
#2298 = COLOUR_RGB ( '',0.0000000000000000000, 0.3333333333333333148, 1.000000000000000000 ) ;
#2299 = ADVANCED_FACE ( 'NONE', ( #1774 ), #91, .F. ) ;
#2300 = PLANE ( 'NONE',  #961 ) ;
#2301 = EDGE_CURVE ( 'NONE', #262, #1357, #1749, .T. ) ;
#2302 = VERTEX_POINT ( 'NONE', #2131 ) ;
#2303 = DIRECTION ( 'NONE',  ( 0.0000000000000000000, 0.0000000000000000000, 1.000000000000000000 ) ) ;
#2304 = STYLED_ITEM ( 'NONE', ( #2217 ), #1873 ) ;
#2305 = ORIENTED_EDGE ( 'NONE', *, *, #1205, .F. ) ;
#2306 = CARTESIAN_POINT ( 'NONE',  ( -0.5000000000000000000, 0.3350000000000000200, 0.4249999999999999889 ) ) ;
#2307 = CARTESIAN_POINT ( 'NONE',  ( 0.0000000000000000000, -0.4000000000000000222, 0.002000000000000000042 ) ) ;
#2308 = CARTESIAN_POINT ( 'NONE',  ( 0.4000000000000000222, -0.4000000000000000222, 0.0000000000000000000 ) ) ;
#2309 = VERTEX_POINT ( 'NONE', #813 ) ;
#2310 = DIRECTION ( 'NONE',  ( 0.0000000000000000000, -1.000000000000000000, 1.224646799146999945E-16 ) ) ;
#2311 = VECTOR ( 'NONE', #1732, 1000.000000000000000 ) ;
#2312 = UNCERTAINTY_MEASURE_WITH_UNIT (LENGTH_MEASURE( 1.000000000000000082E-05 ), #1705, 'distance_accuracy_value', 'NONE');
#2313 = PRESENTATION_LAYER_ASSIGNMENT (  '', '', ( #1717 ) ) ;
#2314 = FILL_AREA_STYLE_COLOUR ( '', #2114 ) ;
#2315 = CARTESIAN_POINT ( 'NONE',  ( -0.4000000000000000222, -0.4000000000000000222, 0.0000000000000000000 ) ) ;
#2316 =( NAMED_UNIT ( * ) SI_UNIT ( $, .STERADIAN. ) SOLID_ANGLE_UNIT ( ) );
#2317 = PRESENTATION_STYLE_ASSIGNMENT (( #2167 ) ) ;
#2318 = ORIENTED_EDGE ( 'NONE', *, *, #1675, .T. ) ;
#2319 = ADVANCED_FACE ( 'NONE', ( #1555 ), #1753, .T. ) ;
#2320 = CARTESIAN_POINT ( 'NONE',  ( 0.4000000000000000222, 0.4000000000000000222, 0.2000000000000000111 ) ) ;
#2321 = FILL_AREA_STYLE ('',( #498 ) ) ;
#2322 = FILL_AREA_STYLE ('',( #1605 ) ) ;
#2323 =( REPRESENTATION_RELATIONSHIP ('NONE','NONE', #1597, #1993 ) REPRESENTATION_RELATIONSHIP_WITH_TRANSFORMATION ( #596 )SHAPE_REPRESENTATION_RELATIONSHIP( ) );
#2324 = VECTOR ( 'NONE', #1472, 1000.000000000000000 ) ;
#2325 =( NAMED_UNIT ( * ) PLANE_ANGLE_UNIT ( ) SI_UNIT ( $, .RADIAN. ) );
#2326 = MECHANICAL_DESIGN_GEOMETRIC_PRESENTATION_REPRESENTATION (  '', ( #639 ), #78 ) ;
#2327 =( NAMED_UNIT ( * ) PLANE_ANGLE_UNIT ( ) SI_UNIT ( $, .RADIAN. ) );
#2328 = SHAPE_REPRESENTATION ( 'Pocket002', ( #1791 ), #782 ) ;
#2329 =( GEOMETRIC_REPRESENTATION_CONTEXT ( 3 ) GLOBAL_UNCERTAINTY_ASSIGNED_CONTEXT ( ( #1817 ) ) GLOBAL_UNIT_ASSIGNED_CONTEXT ( ( #525, #696, #1823 ) ) REPRESENTATION_CONTEXT ( 'NONE', 'WORKASPACE' ) );
#2330 = ORIENTED_EDGE ( 'NONE', *, *, #2025, .T. ) ;
#2331 = ORIENTED_EDGE ( 'NONE', *, *, #1628, .T. ) ;
#2332 = FILL_AREA_STYLE ('',( #1612 ) ) ;
#2333 =( NAMED_UNIT ( * ) SI_UNIT ( $, .STERADIAN. ) SOLID_ANGLE_UNIT ( ) );
#2334 = ADVANCED_FACE ( 'NONE', ( #797 ), #461, .F. ) ;
#2335 = DIRECTION ( 'NONE',  ( -1.000000000000000000, -0.0000000000000000000, -0.0000000000000000000 ) ) ;
#2336 = PRESENTATION_STYLE_ASSIGNMENT (( #2116 ) ) ;
#2337 = SURFACE_STYLE_FILL_AREA ( #503 ) ;
#2338 = COLOUR_RGB ( '',0.0000000000000000000, 0.6666666666666666297, 0.0000000000000000000 ) ;
#2339 = ORIENTED_EDGE ( 'NONE', *, *, #1122, .F. ) ;
#2340 = PRESENTATION_STYLE_ASSIGNMENT (( #1622 ) ) ;
#2341 = DIRECTION ( 'NONE',  ( 0.0000000000000000000, -0.0000000000000000000, 1.000000000000000000 ) ) ;
#2342 = DIRECTION ( 'NONE',  ( 0.0000000000000000000, 0.0000000000000000000, 1.000000000000000000 ) ) ;
#2343 = FACE_OUTER_BOUND ( 'NONE', #246, .T. ) ;
#2344 = FILL_AREA_STYLE_COLOUR ( '', #2298 ) ;
#2345 = VECTOR ( 'NONE', #847, 1000.000000000000000 ) ;
#2346 = SURFACE_SIDE_STYLE ('',( #1051 ) ) ;
#2347 = FILL_AREA_STYLE_COLOUR ( '', #1875 ) ;
#2348 = FILL_AREA_STYLE_COLOUR ( '', #1188 ) ;
#2349 = ORIENTED_EDGE ( 'NONE', *, *, #1625, .F. ) ;
#2350 =( GEOMETRIC_REPRESENTATION_CONTEXT ( 3 ) GLOBAL_UNCERTAINTY_ASSIGNED_CONTEXT ( ( #631 ) ) GLOBAL_UNIT_ASSIGNED_CONTEXT ( ( #164, #898, #1455 ) ) REPRESENTATION_CONTEXT ( 'NONE', 'WORKASPACE' ) );
#2351 = LINE ( 'NONE', #167, #1525 ) ;
#2352 = SURFACE_SIDE_STYLE ('',( #1846 ) ) ;
#2353 = SURFACE_STYLE_USAGE ( .BOTH. , #160 ) ;
#2354 = PRESENTATION_LAYER_ASSIGNMENT (  '', '', ( #411 ) ) ;
#2355 = CARTESIAN_POINT ( 'NONE',  ( 0.8000000000000000444, -0.4000000000000000222, 0.2000000000000000111 ) ) ;
#2356 = DIRECTION ( 'NONE',  ( 1.000000000000000000, 0.0000000000000000000, 0.0000000000000000000 ) ) ;
#2357 = STYLED_ITEM ( 'NONE', ( #1175 ), #1274 ) ;
#2358 = DIRECTION ( 'NONE',  ( 0.0000000000000000000, 1.000000000000000000, -0.0000000000000000000 ) ) ;
#2359 =( NAMED_UNIT ( * ) PLANE_ANGLE_UNIT ( ) SI_UNIT ( $, .RADIAN. ) );
#2360 = ADVANCED_FACE ( 'NONE', ( #1763 ), #624, .T. ) ;
#2361 = STYLED_ITEM ( 'NONE', ( #2258 ), #1882 ) ;
#2362 = ORIENTED_EDGE ( 'NONE', *, *, #1556, .T. ) ;
#2363 =( NAMED_UNIT ( * ) SI_UNIT ( $, .STERADIAN. ) SOLID_ANGLE_UNIT ( ) );
#2364 = NEXT_ASSEMBLY_USAGE_OCCURRENCE ( 'NAUO1', ' ', ' ', #1739, #1239, $ ) ;
#2365 = NEXT_ASSEMBLY_USAGE_OCCURRENCE ( 'NAUO2', ' ', ' ', #1739, #476, $ ) ;
#2366 = NEXT_ASSEMBLY_USAGE_OCCURRENCE ( 'NAUO3', ' ', ' ', #1739, #51, $ ) ;
#2367 = NEXT_ASSEMBLY_USAGE_OCCURRENCE ( 'NAUO4', ' ', ' ', #1739, #1613, $ ) ;
#2368 = NEXT_ASSEMBLY_USAGE_OCCURRENCE ( 'NAUO5', ' ', ' ', #1739, #1192, $ ) ;
ENDSEC;
END-ISO-10303-21;
