ISO-10303-21;
HEADER;
FILE_DESCRIPTION (( 'STEP AP214' ),
    '1' );
FILE_NAME ('User Library-LED_0603_G.STEP',
    '2022-10-14T06:41:36',
    ( '' ),
    ( '' ),
    'SwSTEP 2.0',
    'SolidWorks 2022',
    '' );
FILE_SCHEMA (( 'AUTOMOTIVE_DESIGN' ));
ENDSEC;

DATA;
#1 =( LENGTH_UNIT ( ) NAMED_UNIT ( * ) SI_UNIT ( .MILLI., .METRE. ) );
#2 =( NAMED_UNIT ( * ) PLANE_ANGLE_UNIT ( ) SI_UNIT ( $, .RADIAN. ) );
#3 = CARTESIAN_POINT ( 'NONE',  ( -0.6999999999999999556, -0.2999999999999999889, 0.2000000000000000111 ) ) ;
#4 = LINE ( 'NONE', #1627, #1471 ) ;
#5 = ORIENTED_EDGE ( 'NONE', *, *, #23, .F. ) ;
#6 = CARTESIAN_POINT ( 'NONE',  ( -0.4000000000000000222, 0.4000000000000000222, 0.0000000000000000000 ) ) ;
#7 = COLOUR_RGB ( '',0.8000000000000000444, 0.8000000000000000444, 0.8000000000000000444 ) ;
#8 = CIRCLE ( 'NONE', #1655, 0.1999999999999999833 ) ;
#9 = ORIENTED_EDGE ( 'NONE', *, *, #164, .F. ) ;
#10 = PRESENTATION_LAYER_ASSIGNMENT (  '', '', ( #2307 ) ) ;
#11 = SURFACE_SIDE_STYLE ('',( #2344 ) ) ;
#12 = DIRECTION ( 'NONE',  ( -0.0000000000000000000, 1.000000000000000000, 0.0000000000000000000 ) ) ;
#13 = FACE_OUTER_BOUND ( 'NONE', #1665, .T. ) ;
#14 = EDGE_CURVE ( 'NONE', #168, #176, #78, .T. ) ;
#15 = CARTESIAN_POINT ( 'NONE',  ( 0.2000000000000000111, -0.4000000000000000222, 4.898587196586999654E-17 ) ) ;
#16 =( NAMED_UNIT ( * ) SI_UNIT ( $, .STERADIAN. ) SOLID_ANGLE_UNIT ( ) );
#17 = VERTEX_POINT ( 'NONE', #1886 ) ;
#18 = CARTESIAN_POINT ( 'NONE',  ( 0.2000000000000000111, 0.4000000000000000222, 0.002000000000000000042 ) ) ;
#19 = PRESENTATION_STYLE_ASSIGNMENT (( #1663 ) ) ;
#20 = DIRECTION ( 'NONE',  ( 0.0000000000000000000, -1.000000000000000000, 1.224646799146999945E-16 ) ) ;
#21 = ORIENTED_EDGE ( 'NONE', *, *, #1981, .F. ) ;
#22 = DIRECTION ( 'NONE',  ( -0.0000000000000000000, -0.0000000000000000000, -1.000000000000000000 ) ) ;
#23 = EDGE_CURVE ( 'NONE', #1224, #1306, #426, .T. ) ;
#24 =( NAMED_UNIT ( * ) SI_UNIT ( $, .STERADIAN. ) SOLID_ANGLE_UNIT ( ) );
#25 = CARTESIAN_POINT ( 'NONE',  ( 0.8000000000000000444, 0.4000000000000000222, 0.0000000000000000000 ) ) ;
#26 = DIRECTION ( 'NONE',  ( 0.0000000000000000000, 0.0000000000000000000, 1.000000000000000000 ) ) ;
#27 = CARTESIAN_POINT ( 'NONE',  ( 0.2000000000000000111, 0.4000000000000000222, -4.898587196589000156E-17 ) ) ;
#28 = ORIENTED_EDGE ( 'NONE', *, *, #1229, .F. ) ;
#29 = PRESENTATION_STYLE_ASSIGNMENT (( #1274 ) ) ;
#30 = PRODUCT_DEFINITION ( 'UNKNOWN', '', #257, #244 ) ;
#31 = CARTESIAN_POINT ( 'NONE',  ( -5.782411586589999921E-19, 0.09999999999999999167, -1.224646799148000227E-17 ) ) ;
#32 =( GEOMETRIC_REPRESENTATION_CONTEXT ( 3 ) GLOBAL_UNCERTAINTY_ASSIGNED_CONTEXT ( ( #1361 ) ) GLOBAL_UNIT_ASSIGNED_CONTEXT ( ( #2191, #1264, #720 ) ) REPRESENTATION_CONTEXT ( 'NONE', 'WORKASPACE' ) );
#33 = VERTEX_POINT ( 'NONE', #1533 ) ;
#34 = DIRECTION ( 'NONE',  ( 0.0000000000000000000, 0.0000000000000000000, 1.000000000000000000 ) ) ;
#35 = APPLICATION_CONTEXT ( 'automotive_design' ) ;
#36 = PLANE ( 'NONE',  #870 ) ;
#37 = DIRECTION ( 'NONE',  ( 0.0000000000000000000, -0.0000000000000000000, 1.000000000000000000 ) ) ;
#38 = CARTESIAN_POINT ( 'NONE',  ( 0.4715678837576906535, -0.3215678837580002725, 0.5817080228269734254 ) ) ;
#39 =( NAMED_UNIT ( * ) PLANE_ANGLE_UNIT ( ) SI_UNIT ( $, .RADIAN. ) );
#40 = FILL_AREA_STYLE ('',( #1729 ) ) ;
#41 = SURFACE_SIDE_STYLE ('',( #931 ) ) ;
#42 = ORIENTED_EDGE ( 'NONE', *, *, #342, .F. ) ;
#43 =( NAMED_UNIT ( * ) SI_UNIT ( $, .STERADIAN. ) SOLID_ANGLE_UNIT ( ) );
#44 =( BOUNDED_CURVE ( )  B_SPLINE_CURVE ( 3, ( #1843, #192, #388, #1122 ),
 .UNSPECIFIED., .F., .T. ) 
 B_SPLINE_CURVE_WITH_KNOTS ( ( 4, 4 ),
 ( 3.227097947270509248, 4.712388980384689674 ),
 .UNSPECIFIED. ) 
 CURVE ( )  GEOMETRIC_REPRESENTATION_ITEM ( )  RATIONAL_B_SPLINE_CURVE ( ( 1.000000000000000000, 0.8244547578640670782, 0.8244547578640670782, 1.000000000000000000 ) ) 
 REPRESENTATION_ITEM ( '' )  );
#45 = DIRECTION ( 'NONE',  ( 0.0000000000000000000, 0.0000000000000000000, -1.000000000000000000 ) ) ;
#46 = AXIS2_PLACEMENT_3D ( 'NONE', #1588, #1568, #1399 ) ;
#47 = DIRECTION ( 'NONE',  ( 0.0000000000000000000, 0.0000000000000000000, 1.000000000000000000 ) ) ;
#48 = ORIENTED_EDGE ( 'NONE', *, *, #1092, .F. ) ;
#49 = MECHANICAL_DESIGN_GEOMETRIC_PRESENTATION_REPRESENTATION (  '', ( #162 ), #1617 ) ;
#50 = VECTOR ( 'NONE', #333, 1000.000000000000000 ) ;
#51 = SURFACE_STYLE_FILL_AREA ( #1141 ) ;
#52 = CARTESIAN_POINT ( 'NONE',  ( -0.2000000000000000111, -0.1000000000000000056, 0.002000000000000000042 ) ) ;
#53 = LINE ( 'NONE', #621, #1990 ) ;
#54 =( GEOMETRIC_REPRESENTATION_CONTEXT ( 3 ) GLOBAL_UNCERTAINTY_ASSIGNED_CONTEXT ( ( #2133 ) ) GLOBAL_UNIT_ASSIGNED_CONTEXT ( ( #770, #2203, #2011 ) ) REPRESENTATION_CONTEXT ( 'NONE', 'WORKASPACE' ) );
#55 = DIRECTION ( 'NONE',  ( -0.0000000000000000000, -0.0000000000000000000, -1.000000000000000000 ) ) ;
#56 = COLOUR_RGB ( '',0.0000000000000000000, 0.6666666666666666297, 0.0000000000000000000 ) ;
#57 = EDGE_CURVE ( 'NONE', #1739, #1695, #1177, .T. ) ;
#58 = ORIENTED_EDGE ( 'NONE', *, *, #495, .F. ) ;
#59 = LINE ( 'NONE', #18, #1418 ) ;
#60 =( LENGTH_UNIT ( ) NAMED_UNIT ( * ) SI_UNIT ( .MILLI., .METRE. ) );
#61 = ORIENTED_EDGE ( 'NONE', *, *, #885, .T. ) ;
#62 = FACE_OUTER_BOUND ( 'NONE', #1408, .T. ) ;
#63 = EDGE_CURVE ( 'NONE', #176, #645, #212, .T. ) ;
#64 = CARTESIAN_POINT ( 'NONE',  ( -0.4000000000000000222, 0.4000000000000000222, 0.0000000000000000000 ) ) ;
#65 = MECHANICAL_DESIGN_GEOMETRIC_PRESENTATION_REPRESENTATION (  '', ( #1508 ), #1707 ) ;
#66 = ORIENTED_EDGE ( 'NONE', *, *, #1788, .T. ) ;
#67 = LINE ( 'NONE', #1933, #517 ) ;
#68 = DIRECTION ( 'NONE',  ( 1.000000000000000000, 0.0000000000000000000, 0.0000000000000000000 ) ) ;
#69 = VECTOR ( 'NONE', #264, 1000.000000000000000 ) ;
#70 = VERTEX_POINT ( 'NONE', #830 ) ;
#71 = CARTESIAN_POINT ( 'NONE',  ( 0.0000000000000000000, 0.0000000000000000000, 0.0000000000000000000 ) ) ;
#72 = DIRECTION ( 'NONE',  ( 1.000000000000000000, 0.0000000000000000000, 0.0000000000000000000 ) ) ;
#73 = DIRECTION ( 'NONE',  ( -1.000000000000000000, 0.0000000000000000000, 0.0000000000000000000 ) ) ;
#74 = CARTESIAN_POINT ( 'NONE',  ( 0.4849999999999999867, 0.3499999999999999778, 0.4249999999999999889 ) ) ;
#75 = PRODUCT_DEFINITION_CONTEXT ( 'detailed design', #1752, 'design' ) ;
#76 = ITEM_DEFINED_TRANSFORMATION ( 'NONE', 'NONE', #1557,  #2021 ) ;
#77 = MANIFOLD_SOLID_BREP ( 'Imported1', #647 ) ;
#78 = LINE ( 'NONE', #95, #362 ) ;
#79 = CARTESIAN_POINT ( 'NONE',  ( -0.4516409507770000054, 0.3016409507769999832, 0.6000000000000000888 ) ) ;
#80 = PRESENTATION_STYLE_ASSIGNMENT (( #1549 ) ) ;
#81 = VERTEX_POINT ( 'NONE', #1033 ) ;
#82 = SHELL_BASED_SURFACE_MODEL ( 'NONE', ( #1823 ) );
#83 =( LENGTH_UNIT ( ) NAMED_UNIT ( * ) SI_UNIT ( .MILLI., .METRE. ) );
#84 = DIRECTION ( 'NONE',  ( 0.0000000000000000000, 0.0000000000000000000, 1.000000000000000000 ) ) ;
#85 = COLOUR_RGB ( '',0.7803921568627451011, 0.5686274509803921351, 0.1137254901960784298 ) ;
#86 = PRESENTATION_LAYER_ASSIGNMENT (  '', '', ( #860 ) ) ;
#87 = CARTESIAN_POINT ( 'NONE',  ( -0.4000000000000000222, 0.4000000000000000222, 0.0000000000000000000 ) ) ;
#88 = VECTOR ( 'NONE', #853, 1000.000000000000000 ) ;
#89 = PRESENTATION_LAYER_ASSIGNMENT (  '', '', ( #162 ) ) ;
#90 =( NAMED_UNIT ( * ) PLANE_ANGLE_UNIT ( ) SI_UNIT ( $, .RADIAN. ) );
#91 = CARTESIAN_POINT ( 'NONE',  ( -0.4000000000000000222, 0.4000000000000000222, 0.0000000000000000000 ) ) ;
#92 = AXIS2_PLACEMENT_3D ( 'NONE', #1544, #1486, #1290 ) ;
#93 = VECTOR ( 'NONE', #759, 1000.000000000000000 ) ;
#94 = CARTESIAN_POINT ( 'NONE',  ( -0.4000000000000000222, -0.4000000000000000222, 0.0000000000000000000 ) ) ;
#95 = CARTESIAN_POINT ( 'NONE',  ( -0.7399999999999999911, -0.2999999999999999889, 0.2000000000000000111 ) ) ;
#96 = EDGE_CURVE ( 'NONE', #453, #1739, #1548, .T. ) ;
#97 = CARTESIAN_POINT ( 'NONE',  ( 0.2000000000000000111, 0.4000000000000000222, 0.002000000000000000042 ) ) ;
#98 = VECTOR ( 'NONE', #1255, 1000.000000000000000 ) ;
#99 = DIRECTION ( 'NONE',  ( 0.0000000000000000000, -1.224646799146999945E-16, -1.000000000000000000 ) ) ;
#100 = SURFACE_STYLE_USAGE ( .BOTH. , #1564 ) ;
#101 = ORIENTED_EDGE ( 'NONE', *, *, #159, .F. ) ;
#102 = LINE ( 'NONE', #1938, #345 ) ;
#103 = MANIFOLD_SURFACE_SHAPE_REPRESENTATION ( '', ( #82, #1366 ), #32 ) ;
#104 = LINE ( 'NONE', #1184, #478 ) ;
#105 = EDGE_CURVE ( 'NONE', #1709, #1333, #145, .T. ) ;
#106 = MECHANICAL_DESIGN_GEOMETRIC_PRESENTATION_REPRESENTATION (  '', ( #835 ), #1912 ) ;
#107 =( REPRESENTATION_RELATIONSHIP ('NONE','NONE', #1507, #543 ) REPRESENTATION_RELATIONSHIP_WITH_TRANSFORMATION ( #76 )SHAPE_REPRESENTATION_RELATIONSHIP( ) );
#108 =( NAMED_UNIT ( * ) SI_UNIT ( $, .STERADIAN. ) SOLID_ANGLE_UNIT ( ) );
#109 = ORIENTED_EDGE ( 'NONE', *, *, #63, .T. ) ;
#110 = SURFACE_STYLE_FILL_AREA ( #1721 ) ;
#111 = ORIENTED_EDGE ( 'NONE', *, *, #1904, .F. ) ;
#112 =( GEOMETRIC_REPRESENTATION_CONTEXT ( 3 ) GLOBAL_UNCERTAINTY_ASSIGNED_CONTEXT ( ( #1907 ) ) GLOBAL_UNIT_ASSIGNED_CONTEXT ( ( #460, #1937, #1566 ) ) REPRESENTATION_CONTEXT ( 'NONE', 'WORKASPACE' ) );
#113 =( NAMED_UNIT ( * ) SI_UNIT ( $, .STERADIAN. ) SOLID_ANGLE_UNIT ( ) );
#114 = PRESENTATION_STYLE_ASSIGNMENT (( #510 ) ) ;
#115 = CARTESIAN_POINT ( 'NONE',  ( -0.5000000000000000000, 0.3499999999999999778, 0.2000000000000000111 ) ) ;
#116 = SURFACE_STYLE_FILL_AREA ( #2326 ) ;
#117 = FACE_OUTER_BOUND ( 'NONE', #1538, .T. ) ;
#118 = CARTESIAN_POINT ( 'NONE',  ( -0.4000000000000000222, -0.4000000000000000222, 0.2000000000000000111 ) ) ;
#119 = SURFACE_STYLE_USAGE ( .BOTH. , #1734 ) ;
#120 = DIRECTION ( 'NONE',  ( 1.000000000000000000, 0.0000000000000000000, -0.0000000000000000000 ) ) ;
#121 = VERTEX_POINT ( 'NONE', #1955 ) ;
#122 = LINE ( 'NONE', #2131, #2086 ) ;
#123 = CARTESIAN_POINT ( 'NONE',  ( -0.6999999999999999556, -0.2999999999999999889, 0.2000000000000000111 ) ) ;
#124 = EDGE_CURVE ( 'NONE', #2034, #220, #302, .T. ) ;
#125 = CARTESIAN_POINT ( 'NONE',  ( 0.2000000000000000111, 0.4000000000000000222, -4.898587196589000156E-17 ) ) ;
#126 = SURFACE_STYLE_FILL_AREA ( #488 ) ;
#127 = COLOUR_RGB ( '',0.0000000000000000000, 0.6666666666666666297, 0.0000000000000000000 ) ;
#128 =( NAMED_UNIT ( * ) PLANE_ANGLE_UNIT ( ) SI_UNIT ( $, .RADIAN. ) );
#129 =( GEOMETRIC_REPRESENTATION_CONTEXT ( 3 ) GLOBAL_UNCERTAINTY_ASSIGNED_CONTEXT ( ( #2342 ) ) GLOBAL_UNIT_ASSIGNED_CONTEXT ( ( #1355, #1720, #481 ) ) REPRESENTATION_CONTEXT ( 'NONE', 'WORKASPACE' ) );
#130 = VECTOR ( 'NONE', #252, 1000.000000000000000 ) ;
#131 = CARTESIAN_POINT ( 'NONE',  ( -1.734723475977000073E-18, 0.4000000000000000222, 0.002000000000000000042 ) ) ;
#132 = PRODUCT_DEFINITION_SHAPE ( 'NONE', 'NONE',  #942 ) ;
#133 = AXIS2_PLACEMENT_3D ( 'NONE', #964, #1310, #413 ) ;
#134 = MECHANICAL_DESIGN_GEOMETRIC_PRESENTATION_REPRESENTATION (  '', ( #1348 ), #589 ) ;
#135 =( LENGTH_UNIT ( ) NAMED_UNIT ( * ) SI_UNIT ( .MILLI., .METRE. ) );
#136 =( NAMED_UNIT ( * ) SI_UNIT ( $, .STERADIAN. ) SOLID_ANGLE_UNIT ( ) );
#137 = EDGE_CURVE ( 'NONE', #2089, #1093, #2329, .T. ) ;
#138 = ORIENTED_EDGE ( 'NONE', *, *, #1502, .T. ) ;
#139 = DIRECTION ( 'NONE',  ( 0.0000000000000000000, -0.0000000000000000000, 1.000000000000000000 ) ) ;
#140 = VERTEX_POINT ( 'NONE', #2306 ) ;
#141 = DIRECTION ( 'NONE',  ( 0.0000000000000000000, -1.000000000000000000, -0.0000000000000000000 ) ) ;
#142 = SURFACE_STYLE_FILL_AREA ( #1778 ) ;
#143 = SURFACE_STYLE_FILL_AREA ( #1373 ) ;
#144 = SHAPE_REPRESENTATION ( 'Pocket001', ( #2021 ), #2359 ) ;
#145 = LINE ( 'NONE', #1424, #2081 ) ;
#146 = AXIS2_PLACEMENT_3D ( 'NONE', #1633, #1280, #175 ) ;
#147 = VERTEX_POINT ( 'NONE', #682 ) ;
#148 =( LENGTH_UNIT ( ) NAMED_UNIT ( * ) SI_UNIT ( .MILLI., .METRE. ) );
#149 = UNCERTAINTY_MEASURE_WITH_UNIT (LENGTH_MEASURE( 1.000000000000000082E-05 ), #1261, 'distance_accuracy_value', 'NONE');
#150 = SURFACE_STYLE_FILL_AREA ( #2201 ) ;
#151 = UNCERTAINTY_MEASURE_WITH_UNIT (LENGTH_MEASURE( 1.000000000000000082E-05 ), #1454, 'distance_accuracy_value', 'NONE');
#152 = PRESENTATION_STYLE_ASSIGNMENT (( #1609 ) ) ;
#153 = EDGE_CURVE ( 'NONE', #1739, #1417, #1046, .T. ) ;
#154 = CARTESIAN_POINT ( 'NONE',  ( -0.8000000000000000444, 0.2000000000000000111, 0.0000000000000000000 ) ) ;
#155 = SURFACE_STYLE_USAGE ( .BOTH. , #1603 ) ;
#156 = ORIENTED_EDGE ( 'NONE', *, *, #667, .T. ) ;
#157 = LINE ( 'NONE', #2175, #98 ) ;
#158 =( NAMED_UNIT ( * ) SI_UNIT ( $, .STERADIAN. ) SOLID_ANGLE_UNIT ( ) );
#159 = EDGE_CURVE ( 'NONE', #1347, #1565, #1392, .T. ) ;
#160 = CARTESIAN_POINT ( 'NONE',  ( -0.8000000000000000444, -0.4000000000000000222, 0.2000000000000000111 ) ) ;
#161 = VECTOR ( 'NONE', #37, 1000.000000000000000 ) ;
#162 = STYLED_ITEM ( 'NONE', ( #19 ), #1125 ) ;
#163 = SURFACE_STYLE_FILL_AREA ( #522 ) ;
#164 = EDGE_CURVE ( 'NONE', #140, #511, #898, .T. ) ;
#165 = VERTEX_POINT ( 'NONE', #691 ) ;
#166 = COLOUR_RGB ( '',0.7803921568627451011, 0.5686274509803921351, 0.1137254901960784298 ) ;
#167 = DIRECTION ( 'NONE',  ( 0.0000000000000000000, -1.000000000000000000, -0.0000000000000000000 ) ) ;
#168 = VERTEX_POINT ( 'NONE', #1071 ) ;
#169 = PRESENTATION_LAYER_ASSIGNMENT (  '', '', ( #1541 ) ) ;
#170 = DIRECTION ( 'NONE',  ( 0.0000000000000000000, -1.000000000000000000, 0.0000000000000000000 ) ) ;
#171 = EDGE_CURVE ( 'NONE', #208, #1113, #519, .T. ) ;
#172 = SURFACE_STYLE_USAGE ( .BOTH. , #1680 ) ;
#173 = DIRECTION ( 'NONE',  ( 0.0000000000000000000, 0.0000000000000000000, 1.000000000000000000 ) ) ;
#174 = DIRECTION ( 'NONE',  ( 0.0000000000000000000, -1.000000000000000000, 1.224646799146999945E-16 ) ) ;
#175 = DIRECTION ( 'NONE',  ( 0.0000000000000000000, 0.0000000000000000000, 1.000000000000000000 ) ) ;
#176 = VERTEX_POINT ( 'NONE', #1077 ) ;
#177 = PRESENTATION_LAYER_ASSIGNMENT (  '', '', ( #1868 ) ) ;
#178 = PLANE ( 'NONE',  #1312 ) ;
#179 = PRESENTATION_LAYER_ASSIGNMENT (  '', '', ( #1630 ) ) ;
#180 = ORIENTED_EDGE ( 'NONE', *, *, #447, .F. ) ;
#181 = SURFACE_STYLE_FILL_AREA ( #1826 ) ;
#182 = STYLED_ITEM ( 'NONE', ( #978 ), #2215 ) ;
#183 = LINE ( 'NONE', #1269, #93 ) ;
#184 = PRODUCT_DEFINITION_SHAPE ( 'NONE', 'NONE',  #2368 ) ;
#185 = COLOUR_RGB ( '',0.7921568627450980005, 0.8196078431372548767, 0.9333333333333333481 ) ;
#186 = ORIENTED_EDGE ( 'NONE', *, *, #1364, .T. ) ;
#187 = SURFACE_STYLE_USAGE ( .BOTH. , #2353 ) ;
#188 = ORIENTED_EDGE ( 'NONE', *, *, #2312, .T. ) ;
#189 = PRESENTATION_STYLE_ASSIGNMENT (( #2168 ) ) ;
#190 = CARTESIAN_POINT ( 'NONE',  ( -0.8000000000000000444, 0.0000000000000000000, 0.2000000000000000111 ) ) ;
#191 = SHAPE_DEFINITION_REPRESENTATION ( #729, #543 ) ;
#192 = CARTESIAN_POINT ( 'NONE',  ( -0.4706339073361388015, 0.3206339073361387237, 0.5926044144130639957 ) ) ;
#193 =( LENGTH_UNIT ( ) NAMED_UNIT ( * ) SI_UNIT ( .MILLI., .METRE. ) );
#194 = VECTOR ( 'NONE', #1874, 1000.000000000000000 ) ;
#195 = EDGE_LOOP ( 'NONE', ( #761, #357, #2295, #419 ) ) ;
#196 =( GEOMETRIC_REPRESENTATION_CONTEXT ( 3 ) GLOBAL_UNCERTAINTY_ASSIGNED_CONTEXT ( ( #1431 ) ) GLOBAL_UNIT_ASSIGNED_CONTEXT ( ( #1683, #1489, #982 ) ) REPRESENTATION_CONTEXT ( 'NONE', 'WORKASPACE' ) );
#197 = EDGE_CURVE ( 'NONE', #1247, #1709, #2336, .T. ) ;
#198 = SURFACE_SIDE_STYLE ('',( #600 ) ) ;
#199 = ORIENTED_EDGE ( 'NONE', *, *, #2318, .T. ) ;
#200 = DIRECTION ( 'NONE',  ( 0.0000000000000000000, 1.000000000000000000, -0.0000000000000000000 ) ) ;
#201 = PRODUCT ( 'Pad', 'Pad', '', ( #2000 ) ) ;
#202 =( LENGTH_UNIT ( ) NAMED_UNIT ( * ) SI_UNIT ( .MILLI., .METRE. ) );
#203 = CIRCLE ( 'NONE', #1305, 0.03999999999999999389 ) ;
#204 = PLANE ( 'NONE',  #133 ) ;
#205 = PRODUCT_DEFINITION ( 'UNKNOWN', '', #2098, #1156 ) ;
#206 = CARTESIAN_POINT ( 'NONE',  ( 0.8000000000000000444, 0.4000000000000000222, 0.0000000000000000000 ) ) ;
#207 = CARTESIAN_POINT ( 'NONE',  ( 0.8000000000000000444, 0.4000000000000000222, 0.0000000000000000000 ) ) ;
#208 = VERTEX_POINT ( 'NONE', #1789 ) ;
#209 = LINE ( 'NONE', #2234, #1157 ) ;
#210 =( NAMED_UNIT ( * ) SI_UNIT ( $, .STERADIAN. ) SOLID_ANGLE_UNIT ( ) );
#211 = FILL_AREA_STYLE_COLOUR ( '', #1668 ) ;
#212 = CIRCLE ( 'NONE', #2164, 0.03999999999999999389 ) ;
#213 =( GEOMETRIC_REPRESENTATION_CONTEXT ( 3 ) GLOBAL_UNCERTAINTY_ASSIGNED_CONTEXT ( ( #2159 ) ) GLOBAL_UNIT_ASSIGNED_CONTEXT ( ( #666, #880, #1393 ) ) REPRESENTATION_CONTEXT ( 'NONE', 'WORKASPACE' ) );
#214 = EDGE_LOOP ( 'NONE', ( #1065, #1245, #1628, #2274 ) ) ;
#215 = MECHANICAL_DESIGN_GEOMETRIC_PRESENTATION_REPRESENTATION (  '', ( #1212 ), #1436 ) ;
#216 = CARTESIAN_POINT ( 'NONE',  ( -0.4000000000000000222, 0.4000000000000000222, 0.0000000000000000000 ) ) ;
#217 = DIRECTION ( 'NONE',  ( 1.000000000000000000, 0.0000000000000000000, 0.0000000000000000000 ) ) ;
#218 = APPLICATION_PROTOCOL_DEFINITION ( 'draft international standard', 'automotive_design', 1998, #1140 ) ;
#219 = FILL_AREA_STYLE_COLOUR ( '', #752 ) ;
#220 = VERTEX_POINT ( 'NONE', #154 ) ;
#221 =( GEOMETRIC_REPRESENTATION_CONTEXT ( 3 ) GLOBAL_UNCERTAINTY_ASSIGNED_CONTEXT ( ( #1953 ) ) GLOBAL_UNIT_ASSIGNED_CONTEXT ( ( #1391, #664, #301 ) ) REPRESENTATION_CONTEXT ( 'NONE', 'WORKASPACE' ) );
#222 = DIRECTION ( 'NONE',  ( 1.000000000000000000, 0.0000000000000000000, 0.0000000000000000000 ) ) ;
#223 = ORIENTED_EDGE ( 'NONE', *, *, #1652, .T. ) ;
#224 = FACE_OUTER_BOUND ( 'NONE', #1736, .T. ) ;
#225 =( NAMED_UNIT ( * ) SI_UNIT ( $, .STERADIAN. ) SOLID_ANGLE_UNIT ( ) );
#226 = ADVANCED_FACE ( 'NONE', ( #2345 ), #888, .F. ) ;
#227 = ITEM_DEFINED_TRANSFORMATION ( 'NONE', 'NONE', #1404,  #2021 ) ;
#228 = EDGE_CURVE ( 'NONE', #382, #1347, #183, .T. ) ;
#229 = VERTEX_POINT ( 'NONE', #1869 ) ;
#230 = LINE ( 'NONE', #1835, #194 ) ;
#231 = PRESENTATION_LAYER_ASSIGNMENT (  '', '', ( #1802 ) ) ;
#232 = PRESENTATION_LAYER_ASSIGNMENT (  '', '', ( #772 ) ) ;
#233 = ADVANCED_FACE ( 'NONE', ( #1815 ), #1298, .F. ) ;
#234 = PLANE ( 'NONE',  #1025 ) ;
#235 = ORIENTED_EDGE ( 'NONE', *, *, #2346, .F. ) ;
#236 = AXIS2_PLACEMENT_3D ( 'NONE', #762, #572, #1499 ) ;
#237 =( GEOMETRIC_REPRESENTATION_CONTEXT ( 3 ) GLOBAL_UNCERTAINTY_ASSIGNED_CONTEXT ( ( #512 ) ) GLOBAL_UNIT_ASSIGNED_CONTEXT ( ( #202, #923, #24 ) ) REPRESENTATION_CONTEXT ( 'NONE', 'WORKASPACE' ) );
#238 =( NAMED_UNIT ( * ) SI_UNIT ( $, .STERADIAN. ) SOLID_ANGLE_UNIT ( ) );
#239 = MECHANICAL_DESIGN_GEOMETRIC_PRESENTATION_REPRESENTATION (  '', ( #1849 ), #1238 ) ;
#240 = LINE ( 'NONE', #633, #2179 ) ;
#241 = STYLED_ITEM ( 'NONE', ( #700 ), #226 ) ;
#242 = MECHANICAL_DESIGN_GEOMETRIC_PRESENTATION_REPRESENTATION (  '', ( #2307 ), #786 ) ;
#243 = SURFACE_STYLE_FILL_AREA ( #1325 ) ;
#244 = PRODUCT_DEFINITION_CONTEXT ( 'detailed design', #1374, 'design' ) ;
#245 = CARTESIAN_POINT ( 'NONE',  ( -0.8000000000000000444, 0.0000000000000000000, 0.2000000000000000111 ) ) ;
#246 = ADVANCED_FACE ( 'NONE', ( #1448 ), #387, .T. ) ;
#247 = DIRECTION ( 'NONE',  ( 1.000000000000000000, 0.0000000000000000000, 0.0000000000000000000 ) ) ;
#248 = PLANE ( 'NONE',  #2115 ) ;
#249 = EDGE_LOOP ( 'NONE', ( #629, #66, #1285, #562 ) ) ;
#250 = SURFACE_SIDE_STYLE ('',( #961 ) ) ;
#251 = PRESENTATION_STYLE_ASSIGNMENT (( #1322 ) ) ;
#252 = DIRECTION ( 'NONE',  ( -0.0000000000000000000, 0.0000000000000000000, -1.000000000000000000 ) ) ;
#253 = PRESENTATION_LAYER_ASSIGNMENT (  '', '', ( #2281 ) ) ;
#254 =( REPRESENTATION_RELATIONSHIP ('NONE','NONE', #1507, #144 ) REPRESENTATION_RELATIONSHIP_WITH_TRANSFORMATION ( #227 )SHAPE_REPRESENTATION_RELATIONSHIP( ) );
#255 = STYLED_ITEM ( 'NONE', ( #1889 ), #988 ) ;
#256 = ORIENTED_EDGE ( 'NONE', *, *, #2282, .F. ) ;
#257 = PRODUCT_DEFINITION_FORMATION_WITH_SPECIFIED_SOURCE ( 'ANY', '', #201, .NOT_KNOWN. ) ;
#258 = SURFACE_STYLE_FILL_AREA ( #1616 ) ;
#259 =( GEOMETRIC_REPRESENTATION_CONTEXT ( 3 ) GLOBAL_UNCERTAINTY_ASSIGNED_CONTEXT ( ( #412 ) ) GLOBAL_UNIT_ASSIGNED_CONTEXT ( ( #698, #2301, #1027 ) ) REPRESENTATION_CONTEXT ( 'NONE', 'WORKASPACE' ) );
#260 = ORIENTED_EDGE ( 'NONE', *, *, #1981, .T. ) ;
#261 = PRESENTATION_LAYER_ASSIGNMENT (  '', '', ( #1286 ) ) ;
#262 = SURFACE_STYLE_USAGE ( .BOTH. , #2099 ) ;
#263 = LINE ( 'NONE', #1516, #1495 ) ;
#264 = DIRECTION ( 'NONE',  ( -0.0000000000000000000, -0.0000000000000000000, -1.000000000000000000 ) ) ;
#265 = LINE ( 'NONE', #1300, #1421 ) ;
#266 = ADVANCED_FACE ( 'NONE', ( #13 ), #204, .T. ) ;
#267 = UNCERTAINTY_MEASURE_WITH_UNIT (LENGTH_MEASURE( 1.000000000000000082E-05 ), #340, 'distance_accuracy_value', 'NONE');
#268 = CARTESIAN_POINT ( 'NONE',  ( -0.2000000000000000111, 0.1000000000000000056, 1.224646799146999976E-17 ) ) ;
#269 = CONTEXT_DEPENDENT_SHAPE_REPRESENTATION ( #254, #1810 ) ;
#270 = EDGE_LOOP ( 'NONE', ( #1521, #586, #2211, #186 ) ) ;
#271 = FILL_AREA_STYLE ('',( #1562 ) ) ;
#272 = EDGE_LOOP ( 'NONE', ( #498, #918, #1466, #188 ) ) ;
#273 = EDGE_CURVE ( 'NONE', #1233, #1910, #2253, .T. ) ;
#274 = MECHANICAL_DESIGN_GEOMETRIC_PRESENTATION_REPRESENTATION (  '', ( #1190 ), #237 ) ;
#275 =( NAMED_UNIT ( * ) SI_UNIT ( $, .STERADIAN. ) SOLID_ANGLE_UNIT ( ) );
#276 = ADVANCED_FACE ( 'NONE', ( #279 ), #1896, .F. ) ;
#277 = SURFACE_STYLE_USAGE ( .BOTH. , #1042 ) ;
#278 = CARTESIAN_POINT ( 'NONE',  ( 0.5000000000000000000, -0.3499999999999999778, 0.2000000000000000111 ) ) ;
#279 = FACE_OUTER_BOUND ( 'NONE', #1992, .T. ) ;
#280 = COLOUR_RGB ( '',0.7803921568627451011, 0.5686274509803921351, 0.1137254901960784298 ) ;
#281 = VECTOR ( 'NONE', #687, 1000.000000000000000 ) ;
#282 = CARTESIAN_POINT ( 'NONE',  ( -0.4715678837580004612, -0.3215678837576906868, 0.5817080228269734254 ) ) ;
#283 = PRODUCT_RELATED_PRODUCT_CATEGORY ( 'part', '', ( #201 ) ) ;
#284 = ORIENTED_EDGE ( 'NONE', *, *, #551, .F. ) ;
#285 = ORIENTED_EDGE ( 'NONE', *, *, #1634, .T. ) ;
#286 = SURFACE_STYLE_FILL_AREA ( #1771 ) ;
#287 = DIRECTION ( 'NONE',  ( 0.0000000000000000000, 0.0000000000000000000, 1.000000000000000000 ) ) ;
#288 =( NAMED_UNIT ( * ) PLANE_ANGLE_UNIT ( ) SI_UNIT ( $, .RADIAN. ) );
#289 = VECTOR ( 'NONE', #1151, 1000.000000000000000 ) ;
#290 = COLOUR_RGB ( '',0.8000000000000000444, 0.8000000000000000444, 0.8000000000000000444 ) ;
#291 = FACE_OUTER_BOUND ( 'NONE', #840, .T. ) ;
#292 = FILL_AREA_STYLE ('',( #1901 ) ) ;
#293 = DIRECTION ( 'NONE',  ( 0.0000000000000000000, -0.08540114134641878241, -0.9963466490417524080 ) ) ;
#294 = LINE ( 'NONE', #2140, #748 ) ;
#295 = ORIENTED_EDGE ( 'NONE', *, *, #57, .F. ) ;
#296 = VECTOR ( 'NONE', #2090, 1000.000000000000000 ) ;
#297 = MECHANICAL_DESIGN_GEOMETRIC_PRESENTATION_REPRESENTATION (  '', ( #1639 ), #112 ) ;
#298 = FILL_AREA_STYLE_COLOUR ( '', #415 ) ;
#299 = CARTESIAN_POINT ( 'NONE',  ( -0.8000000000000000444, -0.4000000000000000222, 0.2000000000000000111 ) ) ;
#300 = EDGE_CURVE ( 'NONE', #1845, #1838, #828, .T. ) ;
#301 =( NAMED_UNIT ( * ) SI_UNIT ( $, .STERADIAN. ) SOLID_ANGLE_UNIT ( ) );
#302 = LINE ( 'NONE', #326, #356 ) ;
#303 = EDGE_CURVE ( 'NONE', #658, #33, #465, .T. ) ;
#304 = PRESENTATION_STYLE_ASSIGNMENT (( #467 ) ) ;
#305 = FACE_OUTER_BOUND ( 'NONE', #597, .T. ) ;
#306 = ORIENTED_EDGE ( 'NONE', *, *, #2251, .F. ) ;
#307 = CARTESIAN_POINT ( 'NONE',  ( 0.8000000000000000444, 0.4000000000000000222, 0.0000000000000000000 ) ) ;
#308 = CYLINDRICAL_SURFACE ( 'NONE', #1803, 0.03999999999999999389 ) ;
#309 = UNCERTAINTY_MEASURE_WITH_UNIT (LENGTH_MEASURE( 1.000000000000000082E-05 ), #2080, 'distance_accuracy_value', 'NONE');
#310 = LINE ( 'NONE', #662, #438 ) ;
#311 = UNCERTAINTY_MEASURE_WITH_UNIT (LENGTH_MEASURE( 1.000000000000000082E-05 ), #1402, 'distance_accuracy_value', 'NONE');
#312 = CYLINDRICAL_SURFACE ( 'NONE', #925, 0.02000000000000005246 ) ;
#313 = MECHANICAL_DESIGN_GEOMETRIC_PRESENTATION_REPRESENTATION (  '', ( #818 ), #2187 ) ;
#314 = CIRCLE ( 'NONE', #1380, 0.03999999999999999389 ) ;
#315 = CARTESIAN_POINT ( 'NONE',  ( 0.2000000000000000111, 0.4000000000000000222, -4.898587196589000156E-17 ) ) ;
#316 = STYLED_ITEM ( 'NONE', ( #1287 ), #246 ) ;
#317 = STYLED_ITEM ( 'NONE', ( #1201 ), #1470 ) ;
#318 = LINE ( 'NONE', #1832, #1196 ) ;
#319 = SURFACE_STYLE_FILL_AREA ( #1749 ) ;
#320 = ORIENTED_EDGE ( 'NONE', *, *, #885, .F. ) ;
#321 = VECTOR ( 'NONE', #167, 1000.000000000000000 ) ;
#322 = LINE ( 'NONE', #1209, #1462 ) ;
#323 = PRODUCT_RELATED_PRODUCT_CATEGORY ( 'part', '', ( #355 ) ) ;
#324 = FACE_OUTER_BOUND ( 'NONE', #2284, .T. ) ;
#325 = MECHANICAL_DESIGN_GEOMETRIC_PRESENTATION_REPRESENTATION (  '', ( #1868 ), #213 ) ;
#326 = CARTESIAN_POINT ( 'NONE',  ( -0.8000000000000000444, 0.4000000000000000222, 0.0000000000000000000 ) ) ;
#327 = ORIENTED_EDGE ( 'NONE', *, *, #878, .F. ) ;
#328 = CARTESIAN_POINT ( 'NONE',  ( -1.734723475977000073E-18, 0.1000000000000000056, -1.224646799146999976E-17 ) ) ;
#329 = PRESENTATION_STYLE_ASSIGNMENT (( #343 ) ) ;
#330 = EDGE_CURVE ( 'NONE', #1845, #431, #347, .T. ) ;
#331 = MECHANICAL_DESIGN_GEOMETRIC_PRESENTATION_REPRESENTATION (  '', ( #182 ), #2136 ) ;
#332 = UNCERTAINTY_MEASURE_WITH_UNIT (LENGTH_MEASURE( 1.000000000000000082E-05 ), #439, 'distance_accuracy_value', 'NONE');
#333 = DIRECTION ( 'NONE',  ( 0.0000000000000000000, -0.0000000000000000000, -1.000000000000000000 ) ) ;
#334 = EDGE_CURVE ( 'NONE', #1247, #1838, #1158, .T. ) ;
#335 =( NAMED_UNIT ( * ) PLANE_ANGLE_UNIT ( ) SI_UNIT ( $, .RADIAN. ) );
#336 = SHAPE_REPRESENTATION_RELATIONSHIP ( 'NONE' , 'NONE' ,  #144, #537 ) ;
#337 = DIRECTION ( 'NONE',  ( -0.0000000000000000000, -0.0000000000000000000, -1.000000000000000000 ) ) ;
#338 =( LENGTH_UNIT ( ) NAMED_UNIT ( * ) SI_UNIT ( .MILLI., .METRE. ) );
#339 = ORIENTED_EDGE ( 'NONE', *, *, #2068, .T. ) ;
#340 =( LENGTH_UNIT ( ) NAMED_UNIT ( * ) SI_UNIT ( .MILLI., .METRE. ) );
#341 = ORIENTED_EDGE ( 'NONE', *, *, #1062, .F. ) ;
#342 = EDGE_CURVE ( 'NONE', #2016, #1878, #1920, .T. ) ;
#343 = SURFACE_STYLE_USAGE ( .BOTH. , #539 ) ;
#344 = CARTESIAN_POINT ( 'NONE',  ( 0.4000000000000000222, 0.4000000000000000222, 0.2000000000000000111 ) ) ;
#345 = VECTOR ( 'NONE', #2186, 1000.000000000000000 ) ;
#346 = VECTOR ( 'NONE', #120, 1000.000000000000000 ) ;
#347 = CIRCLE ( 'NONE', #1733, 0.1999999999999999833 ) ;
#348 = APPLICATION_PROTOCOL_DEFINITION ( 'draft international standard', 'automotive_design', 1998, #1374 ) ;
#349 = DIRECTION ( 'NONE',  ( 1.000000000000000000, 0.0000000000000000000, -0.0000000000000000000 ) ) ;
#350 = STYLED_ITEM ( 'NONE', ( #1061 ), #1254 ) ;
#351 =( NAMED_UNIT ( * ) PLANE_ANGLE_UNIT ( ) SI_UNIT ( $, .RADIAN. ) );
#352 = ORIENTED_EDGE ( 'NONE', *, *, #447, .T. ) ;
#353 = CARTESIAN_POINT ( 'NONE',  ( 0.2000000000000000111, -0.09999999999999999167, 1.224646799145999725E-17 ) ) ;
#354 = AXIS2_PLACEMENT_3D ( 'NONE', #922, #1825, #893 ) ;
#355 = PRODUCT ( 'Pocket001', 'Pocket001', '', ( #760 ) ) ;
#356 = VECTOR ( 'NONE', #1572, 1000.000000000000000 ) ;
#357 = ORIENTED_EDGE ( 'NONE', *, *, #105, .F. ) ;
#358 = PLANE ( 'NONE',  #429 ) ;
#359 = ADVANCED_FACE ( 'NONE', ( #1929 ), #1017, .T. ) ;
#360 = SURFACE_STYLE_FILL_AREA ( #915 ) ;
#361 = DIRECTION ( 'NONE',  ( 1.000000000000000000, 0.0000000000000000000, 0.0000000000000000000 ) ) ;
#362 = VECTOR ( 'NONE', #2067, 1000.000000000000000 ) ;
#363 =( NAMED_UNIT ( * ) PLANE_ANGLE_UNIT ( ) SI_UNIT ( $, .RADIAN. ) );
#364 = VERTEX_POINT ( 'NONE', #2113 ) ;
#365 = PLANE ( 'NONE',  #708 ) ;
#366 = EDGE_CURVE ( 'NONE', #2173, #453, #1570, .T. ) ;
#367 = CARTESIAN_POINT ( 'NONE',  ( -0.4516409507770000054, -0.3016409507769999832, 0.6000000000000000888 ) ) ;
#368 = AXIS2_PLACEMENT_3D ( 'NONE', #702, #733, #2014 ) ;
#369 = ORIENTED_EDGE ( 'NONE', *, *, #771, .T. ) ;
#370 =( LENGTH_UNIT ( ) NAMED_UNIT ( * ) SI_UNIT ( .MILLI., .METRE. ) );
#371 =( REPRESENTATION_RELATIONSHIP ('NONE','NONE', #1507, #2261 ) REPRESENTATION_RELATIONSHIP_WITH_TRANSFORMATION ( #1681 )SHAPE_REPRESENTATION_RELATIONSHIP( ) );
#372 = CARTESIAN_POINT ( 'NONE',  ( -0.8000000000000000444, 0.0000000000000000000, 0.2000000000000000111 ) ) ;
#373 = SURFACE_STYLE_FILL_AREA ( #1435 ) ;
#374 = AXIS2_PLACEMENT_3D ( 'NONE', #575, #34, #420 ) ;
#375 = MECHANICAL_DESIGN_GEOMETRIC_PRESENTATION_REPRESENTATION (  '', ( #952 ), #2290 ) ;
#376 = DIRECTION ( 'NONE',  ( 1.000000000000000000, 0.0000000000000000000, 0.0000000000000000000 ) ) ;
#377 = PRODUCT ( 'Pocket002', 'Pocket002', '', ( #1658 ) ) ;
#378 = EDGE_CURVE ( 'NONE', #1695, #364, #1601, .T. ) ;
#379 = APPLICATION_PROTOCOL_DEFINITION ( 'draft international standard', 'automotive_design', 1998, #1629 ) ;
#380 = DIRECTION ( 'NONE',  ( 0.0000000000000000000, 1.000000000000000000, -0.0000000000000000000 ) ) ;
#381 = CARTESIAN_POINT ( 'NONE',  ( 0.4000000000000000222, -0.4000000000000000222, 0.2000000000000000111 ) ) ;
#382 = VERTEX_POINT ( 'NONE', #678 ) ;
#383 = DIRECTION ( 'NONE',  ( 0.0000000000000000000, -1.000000000000000000, -0.0000000000000000000 ) ) ;
#384 = ORIENTED_EDGE ( 'NONE', *, *, #591, .F. ) ;
#385 = FILL_AREA_STYLE_COLOUR ( '', #185 ) ;
#386 = PLANE ( 'NONE',  #1813 ) ;
#387 = PLANE ( 'NONE',  #1537 ) ;
#388 = CARTESIAN_POINT ( 'NONE',  ( -0.4625772966728458058, 0.3125772966728458391, 0.6000000000000000888 ) ) ;
#389 = DIRECTION ( 'NONE',  ( 0.0000000000000000000, -1.000000000000000000, 0.0000000000000000000 ) ) ;
#390 = VECTOR ( 'NONE', #1962, 1000.000000000000000 ) ;
#391 = ORIENTED_EDGE ( 'NONE', *, *, #1578, .F. ) ;
#392 =( NAMED_UNIT ( * ) PLANE_ANGLE_UNIT ( ) SI_UNIT ( $, .RADIAN. ) );
#393 = ORIENTED_EDGE ( 'NONE', *, *, #1020, .T. ) ;
#394 = SURFACE_STYLE_USAGE ( .BOTH. , #250 ) ;
#395 = STYLED_ITEM ( 'NONE', ( #622 ), #266 ) ;
#396 = VECTOR ( 'NONE', #904, 1000.000000000000000 ) ;
#397 = FILL_AREA_STYLE ('',( #2214 ) ) ;
#398 =( NAMED_UNIT ( * ) SI_UNIT ( $, .STERADIAN. ) SOLID_ANGLE_UNIT ( ) );
#399 = CARTESIAN_POINT ( 'NONE',  ( 0.4000000000000000222, 0.4000000000000000222, 0.2000000000000000111 ) ) ;
#400 = DIRECTION ( 'NONE',  ( 1.000000000000000000, 0.0000000000000000000, 0.0000000000000000000 ) ) ;
#401 = ORIENTED_EDGE ( 'NONE', *, *, #2288, .F. ) ;
#402 = APPLICATION_CONTEXT ( 'automotive_design' ) ;
#403 = CARTESIAN_POINT ( 'NONE',  ( 0.8000000000000000444, -0.4000000000000000222, 0.0000000000000000000 ) ) ;
#404 = SURFACE_SIDE_STYLE ('',( #428 ) ) ;
#405 = PRESENTATION_LAYER_ASSIGNMENT (  '', '', ( #1508 ) ) ;
#406 = ORIENTED_EDGE ( 'NONE', *, *, #1717, .F. ) ;
#407 = DIRECTION ( 'NONE',  ( 1.000000000000000000, 0.0000000000000000000, 0.0000000000000000000 ) ) ;
#408 = MECHANICAL_DESIGN_GEOMETRIC_PRESENTATION_REPRESENTATION (  '', ( #2020 ), #492 ) ;
#409 = CARTESIAN_POINT ( 'NONE',  ( -0.5000000000000000000, 0.3499999999999999778, 0.2000000000000000111 ) ) ;
#410 = CARTESIAN_POINT ( 'NONE',  ( 0.8000000000000000444, 0.2000000000000000111, 0.0000000000000000000 ) ) ;
#411 = CARTESIAN_POINT ( 'NONE',  ( 0.5000000000000000000, -0.3215678837576906868, 0.5817080228269734254 ) ) ;
#412 = UNCERTAINTY_MEASURE_WITH_UNIT (LENGTH_MEASURE( 1.000000000000000082E-05 ), #698, 'distance_accuracy_value', 'NONE');
#413 = DIRECTION ( 'NONE',  ( 0.08540114134641878241, 0.0000000000000000000, 0.9963466490417524080 ) ) ;
#414 = ADVANCED_FACE ( 'NONE', ( #2328 ), #1593, .F. ) ;
#415 = COLOUR_RGB ( '',0.7803921568627451011, 0.5686274509803921351, 0.1137254901960784298 ) ;
#416 = DIRECTION ( 'NONE',  ( 0.0000000000000000000, 0.0000000000000000000, -1.000000000000000000 ) ) ;
#417 = EDGE_LOOP ( 'NONE', ( #369, #393, #2062, #1500 ) ) ;
#418 = COLOUR_RGB ( '',0.7921568627450980005, 0.8196078431372548767, 0.9333333333333333481 ) ;
#419 = ORIENTED_EDGE ( 'NONE', *, *, #1652, .F. ) ;
#420 = DIRECTION ( 'NONE',  ( 1.000000000000000000, 0.0000000000000000000, 0.0000000000000000000 ) ) ;
#421 = LINE ( 'NONE', #1358, #2195 ) ;
#422 = EDGE_CURVE ( 'NONE', #2334, #2025, #1954, .T. ) ;
#423 = PLANE ( 'NONE',  #1952 ) ;
#424 = DIRECTION ( 'NONE',  ( 0.0000000000000000000, 1.000000000000000000, -0.0000000000000000000 ) ) ;
#425 = CARTESIAN_POINT ( 'NONE',  ( -0.4516409507770000054, -0.3200000000000000067, 0.5799999999999999600 ) ) ;
#426 = LINE ( 'NONE', #1900, #1667 ) ;
#427 =( LENGTH_UNIT ( ) NAMED_UNIT ( * ) SI_UNIT ( .MILLI., .METRE. ) );
#428 = SURFACE_STYLE_FILL_AREA ( #1317 ) ;
#429 = AXIS2_PLACEMENT_3D ( 'NONE', #344, #1084, #1812 ) ;
#430 = FILL_AREA_STYLE ('',( #1914 ) ) ;
#431 = VERTEX_POINT ( 'NONE', #2146 ) ;
#432 = PRESENTATION_LAYER_ASSIGNMENT (  '', '', ( #1455 ) ) ;
#433 = SURFACE_STYLE_USAGE ( .BOTH. , #1850 ) ;
#434 =( NAMED_UNIT ( * ) PLANE_ANGLE_UNIT ( ) SI_UNIT ( $, .RADIAN. ) );
#435 = MECHANICAL_DESIGN_GEOMETRIC_PRESENTATION_REPRESENTATION (  '', ( #897 ), #739 ) ;
#436 = PLANE ( 'NONE',  #896 ) ;
#437 = MECHANICAL_DESIGN_GEOMETRIC_PRESENTATION_REPRESENTATION (  '', ( #588 ), #1419 ) ;
#438 = VECTOR ( 'NONE', #1372, 1000.000000000000000 ) ;
#439 =( LENGTH_UNIT ( ) NAMED_UNIT ( * ) SI_UNIT ( .MILLI., .METRE. ) );
#440 = STYLED_ITEM ( 'NONE', ( #1597 ), #1829 ) ;
#441 = UNCERTAINTY_MEASURE_WITH_UNIT (LENGTH_MEASURE( 1.000000000000000082E-05 ), #1515, 'distance_accuracy_value', 'NONE');
#442 = DIRECTION ( 'NONE',  ( 0.0000000000000000000, 1.000000000000000000, 0.0000000000000000000 ) ) ;
#443 = DIRECTION ( 'NONE',  ( -1.000000000000000000, -0.0000000000000000000, -0.0000000000000000000 ) ) ;
#444 = PLANE ( 'NONE',  #1931 ) ;
#445 = CARTESIAN_POINT ( 'NONE',  ( 0.0000000000000000000, -0.4000000000000000222, 4.898587196589000156E-17 ) ) ;
#446 = ORIENTED_EDGE ( 'NONE', *, *, #534, .T. ) ;
#447 = EDGE_CURVE ( 'NONE', #2052, #2334, #688, .T. ) ;
#448 = FILL_AREA_STYLE_COLOUR ( '', #972 ) ;
#449 = LINE ( 'NONE', #38, #913 ) ;
#450 = CARTESIAN_POINT ( 'NONE',  ( 0.0000000000000000000, -0.4000000000000000222, 0.002000000000000000042 ) ) ;
#451 =( LENGTH_UNIT ( ) NAMED_UNIT ( * ) SI_UNIT ( .MILLI., .METRE. ) );
#452 = ADVANCED_FACE ( 'NONE', ( #324 ), #312, .T. ) ;
#453 = VERTEX_POINT ( 'NONE', #1120 ) ;
#454 =( NAMED_UNIT ( * ) SI_UNIT ( $, .STERADIAN. ) SOLID_ANGLE_UNIT ( ) );
#455 =( NAMED_UNIT ( * ) PLANE_ANGLE_UNIT ( ) SI_UNIT ( $, .RADIAN. ) );
#456 = CARTESIAN_POINT ( 'NONE',  ( -0.8000000000000000444, -0.2000000000000000111, 0.2000000000000000111 ) ) ;
#457 = AXIS2_PLACEMENT_3D ( 'NONE', #1618, #2343, #1276 ) ;
#458 = EDGE_CURVE ( 'NONE', #1417, #147, #1853, .T. ) ;
#459 = EDGE_LOOP ( 'NONE', ( #2233, #1429, #1180, #1464 ) ) ;
#460 =( LENGTH_UNIT ( ) NAMED_UNIT ( * ) SI_UNIT ( .MILLI., .METRE. ) );
#461 =( GEOMETRIC_REPRESENTATION_CONTEXT ( 3 ) GLOBAL_UNCERTAINTY_ASSIGNED_CONTEXT ( ( #1337 ) ) GLOBAL_UNIT_ASSIGNED_CONTEXT ( ( #973, #794, #1129 ) ) REPRESENTATION_CONTEXT ( 'NONE', 'WORKASPACE' ) );
#462 = DIRECTION ( 'NONE',  ( 0.0000000000000000000, 1.000000000000000000, -0.0000000000000000000 ) ) ;
#463 = CARTESIAN_POINT ( 'NONE',  ( -0.8000000000000000444, -0.4000000000000000222, 0.2000000000000000111 ) ) ;
#464 = DIRECTION ( 'NONE',  ( 0.0000000000000000000, 0.0000000000000000000, -1.000000000000000000 ) ) ;
#465 = LINE ( 'NONE', #1506, #1964 ) ;
#466 = VERTEX_POINT ( 'NONE', #1867 ) ;
#467 = SURFACE_STYLE_USAGE ( .BOTH. , #2105 ) ;
#468 = CARTESIAN_POINT ( 'NONE',  ( -0.2000000000000000111, 0.1000000000000000056, 0.002000000000000000042 ) ) ;
#469 = ORIENTED_EDGE ( 'NONE', *, *, #1328, .F. ) ;
#470 = FACE_OUTER_BOUND ( 'NONE', #2142, .T. ) ;
#471 =( GEOMETRIC_REPRESENTATION_CONTEXT ( 3 ) GLOBAL_UNCERTAINTY_ASSIGNED_CONTEXT ( ( #1335 ) ) GLOBAL_UNIT_ASSIGNED_CONTEXT ( ( #1026, #1949, #673 ) ) REPRESENTATION_CONTEXT ( 'NONE', 'WORKASPACE' ) );
#472 = VECTOR ( 'NONE', #809, 1000.000000000000000 ) ;
#473 = SURFACE_SIDE_STYLE ('',( #1040 ) ) ;
#474 =( NAMED_UNIT ( * ) SI_UNIT ( $, .STERADIAN. ) SOLID_ANGLE_UNIT ( ) );
#475 = MANIFOLD_SOLID_BREP ( 'Imported1', #746 ) ;
#476 = PLANE ( 'NONE',  #354 ) ;
#477 = PRESENTATION_LAYER_ASSIGNMENT (  '', '', ( #1897 ) ) ;
#478 = VECTOR ( 'NONE', #1885, 1000.000000000000000 ) ;
#479 = FILL_AREA_STYLE_COLOUR ( '', #795 ) ;
#480 = ORIENTED_EDGE ( 'NONE', *, *, #1764, .F. ) ;
#481 =( NAMED_UNIT ( * ) SI_UNIT ( $, .STERADIAN. ) SOLID_ANGLE_UNIT ( ) );
#482 = ORIENTED_EDGE ( 'NONE', *, *, #2288, .T. ) ;
#483 = SURFACE_STYLE_USAGE ( .BOTH. , #833 ) ;
#484 = CARTESIAN_POINT ( 'NONE',  ( 0.4000000000000000222, 0.4000000000000000222, 0.0000000000000000000 ) ) ;
#485 = ADVANCED_FACE ( 'NONE', ( #2041 ), #358, .T. ) ;
#486 = FILL_AREA_STYLE_COLOUR ( '', #581 ) ;
#487 = DIRECTION ( 'NONE',  ( 0.0000000000000000000, -0.08540114134641878241, 0.9963466490417524080 ) ) ;
#488 = FILL_AREA_STYLE ('',( #2125 ) ) ;
#489 = CLOSED_SHELL ( 'NONE', ( #414, #2324, #233, #2141, #912, #546, #1684, #485 ) ) ;
#490 = UNCERTAINTY_MEASURE_WITH_UNIT (LENGTH_MEASURE( 1.000000000000000082E-05 ), #1293, 'distance_accuracy_value', 'NONE');
#491 = SURFACE_SIDE_STYLE ('',( #1787 ) ) ;
#492 =( GEOMETRIC_REPRESENTATION_CONTEXT ( 3 ) GLOBAL_UNCERTAINTY_ASSIGNED_CONTEXT ( ( #1883 ) ) GLOBAL_UNIT_ASSIGNED_CONTEXT ( ( #966, #2217, #16 ) ) REPRESENTATION_CONTEXT ( 'NONE', 'WORKASPACE' ) );
#493 = DIRECTION ( 'NONE',  ( 0.0000000000000000000, -0.0000000000000000000, -1.000000000000000000 ) ) ;
#494 = DIRECTION ( 'NONE',  ( 1.000000000000000000, 0.0000000000000000000, 0.0000000000000000000 ) ) ;
#495 = EDGE_CURVE ( 'NONE', #2167, #1224, #1918, .T. ) ;
#496 =( NAMED_UNIT ( * ) PLANE_ANGLE_UNIT ( ) SI_UNIT ( $, .RADIAN. ) );
#497 = FILL_AREA_STYLE_COLOUR ( '', #1943 ) ;
#498 = ORIENTED_EDGE ( 'NONE', *, *, #96, .F. ) ;
#499 = AXIS2_PLACEMENT_3D ( 'NONE', #745, #26, #939 ) ;
#500 =( NAMED_UNIT ( * ) SI_UNIT ( $, .STERADIAN. ) SOLID_ANGLE_UNIT ( ) );
#501 = CARTESIAN_POINT ( 'NONE',  ( -0.5000000000000000000, -0.3499999999999999778, 0.2000000000000000111 ) ) ;
#502 = LINE ( 'NONE', #2123, #2264 ) ;
#503 = PRESENTATION_LAYER_ASSIGNMENT (  '', '', ( #1518 ) ) ;
#504 = LINE ( 'NONE', #125, #758 ) ;
#505 = DIRECTION ( 'NONE',  ( 0.0000000000000000000, 0.0000000000000000000, 1.000000000000000000 ) ) ;
#506 = APPLICATION_CONTEXT ( 'automotive_design' ) ;
#507 =( NAMED_UNIT ( * ) SI_UNIT ( $, .STERADIAN. ) SOLID_ANGLE_UNIT ( ) );
#508 = DIRECTION ( 'NONE',  ( 0.0000000000000000000, 0.0000000000000000000, -1.000000000000000000 ) ) ;
#509 = ORIENTED_EDGE ( 'NONE', *, *, #771, .F. ) ;
#510 = SURFACE_STYLE_USAGE ( .BOTH. , #1751 ) ;
#511 = VERTEX_POINT ( 'NONE', #950 ) ;
#512 = UNCERTAINTY_MEASURE_WITH_UNIT (LENGTH_MEASURE( 1.000000000000000082E-05 ), #202, 'distance_accuracy_value', 'NONE');
#513 =( GEOMETRIC_REPRESENTATION_CONTEXT ( 3 ) GLOBAL_UNCERTAINTY_ASSIGNED_CONTEXT ( ( #538 ) ) GLOBAL_UNIT_ASSIGNED_CONTEXT ( ( #2017, #1103, #2048 ) ) REPRESENTATION_CONTEXT ( 'NONE', 'WORKASPACE' ) );
#514 =( GEOMETRIC_REPRESENTATION_CONTEXT ( 3 ) GLOBAL_UNCERTAINTY_ASSIGNED_CONTEXT ( ( #1775 ) ) GLOBAL_UNIT_ASSIGNED_CONTEXT ( ( #869, #1780, #507 ) ) REPRESENTATION_CONTEXT ( 'NONE', 'WORKASPACE' ) );
#515 = UNCERTAINTY_MEASURE_WITH_UNIT (LENGTH_MEASURE( 1.000000000000000082E-05 ), #1882, 'distance_accuracy_value', 'NONE');
#516 =( NAMED_UNIT ( * ) SI_UNIT ( $, .STERADIAN. ) SOLID_ANGLE_UNIT ( ) );
#517 = VECTOR ( 'NONE', #981, 1000.000000000000000 ) ;
#518 = VECTOR ( 'NONE', #596, 1000.000000000000000 ) ;
#519 = LINE ( 'NONE', #871, #2118 ) ;
#520 = VECTOR ( 'NONE', #1725, 1000.000000000000000 ) ;
#521 = SURFACE_STYLE_FILL_AREA ( #1966 ) ;
#522 = FILL_AREA_STYLE ('',( #1416 ) ) ;
#523 = ORIENTED_EDGE ( 'NONE', *, *, #366, .T. ) ;
#524 = VECTOR ( 'NONE', #1395, 1000.000000000000000 ) ;
#525 = DIRECTION ( 'NONE',  ( -0.0000000000000000000, 1.000000000000000000, 0.0000000000000000000 ) ) ;
#526 = ORIENTED_EDGE ( 'NONE', *, *, #938, .T. ) ;
#527 = SURFACE_STYLE_USAGE ( .BOTH. , #849 ) ;
#528 = SURFACE_STYLE_FILL_AREA ( #2160 ) ;
#529 = COLOUR_RGB ( '',0.7803921568627451011, 0.5686274509803921351, 0.1137254901960784298 ) ;
#530 = DIRECTION ( 'NONE',  ( 0.0000000000000000000, 0.0000000000000000000, -1.000000000000000000 ) ) ;
#531 =( GEOMETRIC_REPRESENTATION_CONTEXT ( 3 ) GLOBAL_UNCERTAINTY_ASSIGNED_CONTEXT ( ( #638 ) ) GLOBAL_UNIT_ASSIGNED_CONTEXT ( ( #338, #1091, #1520 ) ) REPRESENTATION_CONTEXT ( 'NONE', 'WORKASPACE' ) );
#532 = PLANE ( 'NONE',  #782 ) ;
#533 =( LENGTH_UNIT ( ) NAMED_UNIT ( * ) SI_UNIT ( .MILLI., .METRE. ) );
#534 = EDGE_CURVE ( 'NONE', #1306, #2089, #1543, .T. ) ;
#535 = ORIENTED_EDGE ( 'NONE', *, *, #1398, .F. ) ;
#536 = PRESENTATION_STYLE_ASSIGNMENT (( #187 ) ) ;
#537 = ADVANCED_BREP_SHAPE_REPRESENTATION ( '', ( #1210, #2021 ), #2359 ) ;
#538 = UNCERTAINTY_MEASURE_WITH_UNIT (LENGTH_MEASURE( 1.000000000000000082E-05 ), #2017, 'distance_accuracy_value', 'NONE');
#539 = SURFACE_SIDE_STYLE ('',( #2169 ) ) ;
#540 = PRESENTATION_STYLE_ASSIGNMENT (( #172 ) ) ;
#541 = DIRECTION ( 'NONE',  ( 0.0000000000000000000, 0.0000000000000000000, -1.000000000000000000 ) ) ;
#542 = CARTESIAN_POINT ( 'NONE',  ( -0.4000000000000000222, -0.4000000000000000222, 0.0000000000000000000 ) ) ;
#543 = SHAPE_REPRESENTATION ( 'Pad004', ( #2021 ), #614 ) ;
#544 = ORIENTED_EDGE ( 'NONE', *, *, #273, .T. ) ;
#545 = LINE ( 'NONE', #115, #1528 ) ;
#546 = ADVANCED_FACE ( 'NONE', ( #977 ), #436, .T. ) ;
#547 = PRESENTATION_STYLE_ASSIGNMENT (( #1839 ) ) ;
#548 = FILL_AREA_STYLE_COLOUR ( '', #1083 ) ;
#549 =( GEOMETRIC_REPRESENTATION_CONTEXT ( 3 ) GLOBAL_UNCERTAINTY_ASSIGNED_CONTEXT ( ( #892 ) ) GLOBAL_UNIT_ASSIGNED_CONTEXT ( ( #571, #392, #43 ) ) REPRESENTATION_CONTEXT ( 'NONE', 'WORKASPACE' ) );
#550 = CARTESIAN_POINT ( 'NONE',  ( 0.5000000000000000000, 0.3499999999999999778, 0.2000000000000000111 ) ) ;
#551 = EDGE_CURVE ( 'NONE', #33, #971, #2055, .T. ) ;
#552 = CARTESIAN_POINT ( 'NONE',  ( 0.4715678837576906535, -0.3215678837578453408, 0.5817080228269734254 ) ) ;
#553 = EDGE_LOOP ( 'NONE', ( #526, #764, #1986, #482 ) ) ;
#554 = PRESENTATION_LAYER_ASSIGNMENT (  '', '', ( #241 ) ) ;
#555 = ORIENTED_EDGE ( 'NONE', *, *, #228, .T. ) ;
#556 = SURFACE_STYLE_FILL_AREA ( #1651 ) ;
#557 = EDGE_CURVE ( 'NONE', #1982, #1878, #263, .T. ) ;
#558 = SHAPE_DEFINITION_REPRESENTATION ( #1583, #2330 ) ;
#559 = FILL_AREA_STYLE ('',( #2331 ) ) ;
#560 = ORIENTED_EDGE ( 'NONE', *, *, #703, .T. ) ;
#561 = STYLED_ITEM ( 'NONE', ( #1921 ), #2177 ) ;
#562 = ORIENTED_EDGE ( 'NONE', *, *, #57, .T. ) ;
#563 = LINE ( 'NONE', #1851, #1587 ) ;
#564 =( NAMED_UNIT ( * ) SI_UNIT ( $, .STERADIAN. ) SOLID_ANGLE_UNIT ( ) );
#565 = PRODUCT_DEFINITION_SHAPE ( 'NONE', 'NONE',  #205 ) ;
#566 =( GEOMETRIC_REPRESENTATION_CONTEXT ( 3 ) GLOBAL_UNCERTAINTY_ASSIGNED_CONTEXT ( ( #1705 ) ) GLOBAL_UNIT_ASSIGNED_CONTEXT ( ( #2053, #1139, #1701 ) ) REPRESENTATION_CONTEXT ( 'NONE', 'WORKASPACE' ) );
#567 = APPLICATION_PROTOCOL_DEFINITION ( 'draft international standard', 'automotive_design', 1998, #1925 ) ;
#568 =( NAMED_UNIT ( * ) SI_UNIT ( $, .STERADIAN. ) SOLID_ANGLE_UNIT ( ) );
#569 =( NAMED_UNIT ( * ) PLANE_ANGLE_UNIT ( ) SI_UNIT ( $, .RADIAN. ) );
#570 = ORIENTED_EDGE ( 'NONE', *, *, #124, .T. ) ;
#571 =( LENGTH_UNIT ( ) NAMED_UNIT ( * ) SI_UNIT ( .MILLI., .METRE. ) );
#572 = DIRECTION ( 'NONE',  ( -0.0000000000000000000, 1.000000000000000000, 0.0000000000000000000 ) ) ;
#573 = LINE ( 'NONE', #1676, #2319 ) ;
#574 = EDGE_LOOP ( 'NONE', ( #2218, #138, #1138, #1488 ) ) ;
#575 = CARTESIAN_POINT ( 'NONE',  ( 0.0000000000000000000, 0.0000000000000000000, 0.0000000000000000000 ) ) ;
#576 =( NAMED_UNIT ( * ) PLANE_ANGLE_UNIT ( ) SI_UNIT ( $, .RADIAN. ) );
#577 = SURFACE_SIDE_STYLE ('',( #528 ) ) ;
#578 = APPLICATION_PROTOCOL_DEFINITION ( 'draft international standard', 'automotive_design', 1998, #768 ) ;
#579 = LINE ( 'NONE', #1360, #821 ) ;
#580 = FILL_AREA_STYLE_COLOUR ( '', #604 ) ;
#581 = COLOUR_RGB ( '',0.0000000000000000000, 0.7411764705882353255, 0.0000000000000000000 ) ;
#582 = PRESENTATION_LAYER_ASSIGNMENT (  '', '', ( #1190 ) ) ;
#583 = VERTEX_POINT ( 'NONE', #410 ) ;
#584 = COLOUR_RGB ( '',0.0000000000000000000, 0.7411764705882353255, 0.0000000000000000000 ) ;
#585 =( NAMED_UNIT ( * ) PLANE_ANGLE_UNIT ( ) SI_UNIT ( $, .RADIAN. ) );
#586 = ORIENTED_EDGE ( 'NONE', *, *, #979, .T. ) ;
#587 =( GEOMETRIC_REPRESENTATION_CONTEXT ( 3 ) GLOBAL_UNCERTAINTY_ASSIGNED_CONTEXT ( ( #850 ) ) GLOBAL_UNIT_ASSIGNED_CONTEXT ( ( #135, #496, #1956 ) ) REPRESENTATION_CONTEXT ( 'NONE', 'WORKASPACE' ) );
#588 = STYLED_ITEM ( 'NONE', ( #2242 ), #276 ) ;
#589 =( GEOMETRIC_REPRESENTATION_CONTEXT ( 3 ) GLOBAL_UNCERTAINTY_ASSIGNED_CONTEXT ( ( #2137 ) ) GLOBAL_UNIT_ASSIGNED_CONTEXT ( ( #1940, #576, #1130 ) ) REPRESENTATION_CONTEXT ( 'NONE', 'WORKASPACE' ) );
#590 = CARTESIAN_POINT ( 'NONE',  ( 0.4516409507770000054, 0.3016409507769999832, 0.6000000000000000888 ) ) ;
#591 = EDGE_CURVE ( 'NONE', #2167, #980, #785, .T. ) ;
#592 = CARTESIAN_POINT ( 'NONE',  ( 0.4000000000000000222, -0.4000000000000000222, 0.0000000000000000000 ) ) ;
#593 = MECHANICAL_DESIGN_GEOMETRIC_PRESENTATION_REPRESENTATION (  '', ( #2045 ), #1782 ) ;
#594 =( NAMED_UNIT ( * ) PLANE_ANGLE_UNIT ( ) SI_UNIT ( $, .RADIAN. ) );
#595 = CONTEXT_DEPENDENT_SHAPE_REPRESENTATION ( #1987, #713 ) ;
#596 = DIRECTION ( 'NONE',  ( 0.0000000000000000000, -1.224646799146999945E-16, -1.000000000000000000 ) ) ;
#597 = EDGE_LOOP ( 'NONE', ( #685, #1848, #1136, #1773 ) ) ;
#598 = DIRECTION ( 'NONE',  ( 1.000000000000000000, 0.0000000000000000000, 0.0000000000000000000 ) ) ;
#599 = EDGE_CURVE ( 'NONE', #910, #2016, #962, .T. ) ;
#600 = SURFACE_STYLE_FILL_AREA ( #2035 ) ;
#601 = PLANE ( 'NONE',  #1248 ) ;
#602 = PRESENTATION_LAYER_ASSIGNMENT (  '', '', ( #835 ) ) ;
#603 = ORIENTED_EDGE ( 'NONE', *, *, #1263, .T. ) ;
#604 = COLOUR_RGB ( '',0.7803921568627451011, 0.5686274509803921351, 0.1137254901960784298 ) ;
#605 = CARTESIAN_POINT ( 'NONE',  ( -0.2000000000000000111, -0.1000000000000000056, 1.224646799146999976E-17 ) ) ;
#606 = CARTESIAN_POINT ( 'NONE',  ( -0.6600000000000000311, -0.2999999999999999889, 0.2000000000000000111 ) ) ;
#607 = UNCERTAINTY_MEASURE_WITH_UNIT (LENGTH_MEASURE( 1.000000000000000082E-05 ), #1351, 'distance_accuracy_value', 'NONE');
#608 = FACE_OUTER_BOUND ( 'NONE', #553, .T. ) ;
#609 = UNCERTAINTY_MEASURE_WITH_UNIT (LENGTH_MEASURE( 1.000000000000000082E-05 ), #83, 'distance_accuracy_value', 'NONE');
#610 = PRESENTATION_LAYER_ASSIGNMENT (  '', '', ( #1877 ) ) ;
#611 = CYLINDRICAL_SURFACE ( 'NONE', #651, 0.02000000000000005246 ) ;
#612 = ORIENTED_EDGE ( 'NONE', *, *, #300, .F. ) ;
#613 = DIRECTION ( 'NONE',  ( 0.0000000000000000000, -1.000000000000000000, 1.224646799146999945E-16 ) ) ;
#614 =( GEOMETRIC_REPRESENTATION_CONTEXT ( 3 ) GLOBAL_UNCERTAINTY_ASSIGNED_CONTEXT ( ( #827 ) ) GLOBAL_UNIT_ASSIGNED_CONTEXT ( ( #1432, #736, #617 ) ) REPRESENTATION_CONTEXT ( 'NONE', 'WORKASPACE' ) );
#615 = CARTESIAN_POINT ( 'NONE',  ( -1.734723475977000073E-18, 0.1000000000000000056, -1.224646799146999976E-17 ) ) ;
#616 = ORIENTED_EDGE ( 'NONE', *, *, #1545, .T. ) ;
#617 =( NAMED_UNIT ( * ) SI_UNIT ( $, .STERADIAN. ) SOLID_ANGLE_UNIT ( ) );
#618 =( LENGTH_UNIT ( ) NAMED_UNIT ( * ) SI_UNIT ( .MILLI., .METRE. ) );
#619 = EDGE_CURVE ( 'NONE', #1191, #70, #1688, .T. ) ;
#620 = DIRECTION ( 'NONE',  ( 0.0000000000000000000, -1.000000000000000000, -0.0000000000000000000 ) ) ;
#621 = CARTESIAN_POINT ( 'NONE',  ( 0.4715678837576906535, 0.3499999999999999778, 0.5817080228269734254 ) ) ;
#622 = PRESENTATION_STYLE_ASSIGNMENT (( #2280 ) ) ;
#623 = DIRECTION ( 'NONE',  ( -1.000000000000000000, -0.0000000000000000000, 0.0000000000000000000 ) ) ;
#624 = ORIENTED_EDGE ( 'NONE', *, *, #1693, .F. ) ;
#625 = EDGE_CURVE ( 'NONE', #1306, #2103, #650, .T. ) ;
#626 = CARTESIAN_POINT ( 'NONE',  ( -0.5000000000000000000, 0.3499999999999999778, 0.2000000000000000111 ) ) ;
#627 = LINE ( 'NONE', #1344, #2151 ) ;
#628 = PRESENTATION_LAYER_ASSIGNMENT (  '', '', ( #2111 ) ) ;
#629 = ORIENTED_EDGE ( 'NONE', *, *, #378, .T. ) ;
#630 = MECHANICAL_DESIGN_GEOMETRIC_PRESENTATION_REPRESENTATION (  '', ( #1894 ), #196 ) ;
#631 = CIRCLE ( 'NONE', #1968, 0.1999999999999999833 ) ;
#632 = FILL_AREA_STYLE_COLOUR ( '', #56 ) ;
#633 = CARTESIAN_POINT ( 'NONE',  ( -1.734723475977000073E-18, 0.4000000000000000222, -4.898587196589000156E-17 ) ) ;
#634 = PRESENTATION_LAYER_ASSIGNMENT (  '', '', ( #1856 ) ) ;
#635 = LINE ( 'NONE', #411, #296 ) ;
#636 = EDGE_CURVE ( 'NONE', #990, #17, #8, .T. ) ;
#637 = AXIS2_PLACEMENT_3D ( 'NONE', #2263, #84, #72 ) ;
#638 = UNCERTAINTY_MEASURE_WITH_UNIT (LENGTH_MEASURE( 1.000000000000000082E-05 ), #338, 'distance_accuracy_value', 'NONE');
#639 =( NAMED_UNIT ( * ) SI_UNIT ( $, .STERADIAN. ) SOLID_ANGLE_UNIT ( ) );
#640 = CARTESIAN_POINT ( 'NONE',  ( -0.6600000000000000311, -0.2999999999999999889, 0.1799999999999999933 ) ) ;
#641 = ORIENTED_EDGE ( 'NONE', *, *, #330, .F. ) ;
#642 = PRESENTATION_STYLE_ASSIGNMENT (( #1377 ) ) ;
#643 = SURFACE_SIDE_STYLE ('',( #110 ) ) ;
#644 = FILL_AREA_STYLE_COLOUR ( '', #529 ) ;
#645 = VERTEX_POINT ( 'NONE', #606 ) ;
#646 = FILL_AREA_STYLE_COLOUR ( '', #1792 ) ;
#647 = CLOSED_SHELL ( 'NONE', ( #949, #1534, #1909, #1965, #1460, #1641, #1829, #2351, #1155, #1029 ) ) ;
#648 = CARTESIAN_POINT ( 'NONE',  ( -0.6999999999999999556, -0.2999999999999999889, 0.1799999999999999933 ) ) ;
#649 = PRESENTATION_LAYER_ASSIGNMENT (  '', '', ( #1824 ) ) ;
#650 = LINE ( 'NONE', #1334, #130 ) ;
#651 = AXIS2_PLACEMENT_3D ( 'NONE', #425, #442, #1672 ) ;
#652 = PLANE ( 'NONE',  #696 ) ;
#653 = LINE ( 'NONE', #2196, #1740 ) ;
#654 = DIRECTION ( 'NONE',  ( 0.0000000000000000000, 0.0000000000000000000, 1.000000000000000000 ) ) ;
#655 = ORIENTED_EDGE ( 'NONE', *, *, #1502, .F. ) ;
#656 = DIRECTION ( 'NONE',  ( 0.0000000000000000000, -0.0000000000000000000, -1.000000000000000000 ) ) ;
#657 = AXIS2_PLACEMENT_3D ( 'NONE', #1599, #2124, #487 ) ;
#658 = VERTEX_POINT ( 'NONE', #2226 ) ;
#659 = CARTESIAN_POINT ( 'NONE',  ( 0.4999999999999992784, -0.3499999999999985900, 0.2499999999999997780 ) ) ;
#660 =( NAMED_UNIT ( * ) PLANE_ANGLE_UNIT ( ) SI_UNIT ( $, .RADIAN. ) );
#661 = SURFACE_STYLE_USAGE ( .BOTH. , #1411 ) ;
#662 = CARTESIAN_POINT ( 'NONE',  ( -0.4000000000000000222, -0.4000000000000000222, 0.0000000000000000000 ) ) ;
#663 = DIRECTION ( 'NONE',  ( -1.000000000000000000, 0.0000000000000000000, 0.0000000000000000000 ) ) ;
#664 =( NAMED_UNIT ( * ) PLANE_ANGLE_UNIT ( ) SI_UNIT ( $, .RADIAN. ) );
#665 = ORIENTED_EDGE ( 'NONE', *, *, #1647, .T. ) ;
#666 =( LENGTH_UNIT ( ) NAMED_UNIT ( * ) SI_UNIT ( .MILLI., .METRE. ) );
#667 = EDGE_CURVE ( 'NONE', #121, #583, #631, .T. ) ;
#668 = PRESENTATION_STYLE_ASSIGNMENT (( #100 ) ) ;
#669 = ORIENTED_EDGE ( 'NONE', *, *, #557, .T. ) ;
#670 = STYLED_ITEM ( 'NONE', ( #1715 ), #735 ) ;
#671 = SURFACE_SIDE_STYLE ('',( #2299 ) ) ;
#672 = AXIS2_PLACEMENT_3D ( 'NONE', #2126, #663, #1941 ) ;
#673 =( NAMED_UNIT ( * ) SI_UNIT ( $, .STERADIAN. ) SOLID_ANGLE_UNIT ( ) );
#674 = COLOUR_RGB ( '',0.0000000000000000000, 0.7411764705882353255, 0.0000000000000000000 ) ;
#675 = FILL_AREA_STYLE ('',( #1569 ) ) ;
#676 = EDGE_CURVE ( 'NONE', #220, #1845, #927, .T. ) ;
#677 = PRODUCT ( 'User Library-LED_0603_G', 'User Library-LED_0603_G', '', ( #1258 ) ) ;
#678 = CARTESIAN_POINT ( 'NONE',  ( 0.0000000000000000000, -0.4000000000000000222, 4.898587196586999654E-17 ) ) ;
#679 = STYLED_ITEM ( 'NONE', ( #1388 ), #1460 ) ;
#680 = COLOUR_RGB ( '',0.0000000000000000000, 0.7411764705882353255, 0.0000000000000000000 ) ;
#681 = PLANE ( 'NONE',  #1316 ) ;
#682 = CARTESIAN_POINT ( 'NONE',  ( 0.5000000000000000000, 0.3499999999999999778, 0.2000000000000000111 ) ) ;
#683 = STYLED_ITEM ( 'NONE', ( #114 ), #1684 ) ;
#684 = PLANE ( 'NONE',  #1266 ) ;
#685 = ORIENTED_EDGE ( 'NONE', *, *, #1724, .T. ) ;
#686 = CARTESIAN_POINT ( 'NONE',  ( -0.8000000000000000444, 0.2000000000000000111, 0.2000000000000000111 ) ) ;
#687 = DIRECTION ( 'NONE',  ( 4.323630019078185612E-19, 1.000000000000000000, -3.705968587780558768E-20 ) ) ;
#688 = LINE ( 'NONE', #118, #390 ) ;
#689 = MECHANICAL_DESIGN_GEOMETRIC_PRESENTATION_REPRESENTATION (  '', ( #1433 ), #1396 ) ;
#690 = MECHANICAL_DESIGN_GEOMETRIC_PRESENTATION_REPRESENTATION (  '', ( #2354 ), #531 ) ;
#691 = CARTESIAN_POINT ( 'NONE',  ( 0.0000000000000000000, -0.09999999999999999167, 1.224646799145999725E-17 ) ) ;
#692 = CARTESIAN_POINT ( 'NONE',  ( -0.5000000000000000000, 0.3499999999999999778, 0.5999999999999999778 ) ) ;
#693 = CYLINDRICAL_SURFACE ( 'NONE', #2352, 0.02000000000000005246 ) ;
#694 = VERTEX_POINT ( 'NONE', #592 ) ;
#695 = CARTESIAN_POINT ( 'NONE',  ( 0.4625772966728456947, 0.3125772966728457836, 0.5999999999999999778 ) ) ;
#696 = AXIS2_PLACEMENT_3D ( 'NONE', #1926, #1359, #1387 ) ;
#697 = EDGE_LOOP ( 'NONE', ( #1000, #1819, #2163, #1281 ) ) ;
#698 =( LENGTH_UNIT ( ) NAMED_UNIT ( * ) SI_UNIT ( .MILLI., .METRE. ) );
#699 =( NAMED_UNIT ( * ) PLANE_ANGLE_UNIT ( ) SI_UNIT ( $, .RADIAN. ) );
#700 = PRESENTATION_STYLE_ASSIGNMENT (( #1060 ) ) ;
#701 = LINE ( 'NONE', #542, #1971 ) ;
#702 = CARTESIAN_POINT ( 'NONE',  ( -0.5000000000000000000, 0.3499999999999999778, 0.2000000000000000111 ) ) ;
#703 = EDGE_CURVE ( 'NONE', #81, #140, #240, .T. ) ;
#704 = EDGE_LOOP ( 'NONE', ( #306, #2220, #1805, #2256 ) ) ;
#705 = SURFACE_STYLE_USAGE ( .BOTH. , #671 ) ;
#706 = UNCERTAINTY_MEASURE_WITH_UNIT (LENGTH_MEASURE( 1.000000000000000082E-05 ), #1, 'distance_accuracy_value', 'NONE');
#707 = FILL_AREA_STYLE_COLOUR ( '', #418 ) ;
#708 = AXIS2_PLACEMENT_3D ( 'NONE', #2199, #1757, #613 ) ;
#709 = UNCERTAINTY_MEASURE_WITH_UNIT (LENGTH_MEASURE( 1.000000000000000082E-05 ), #1231, 'distance_accuracy_value', 'NONE');
#710 = EDGE_CURVE ( 'NONE', #208, #364, #545, .T. ) ;
#711 = COLOUR_RGB ( '',0.0000000000000000000, 0.7411764705882353255, 0.0000000000000000000 ) ;
#712 = SURFACE_SIDE_STYLE ('',( #1405 ) ) ;
#713 = PRODUCT_DEFINITION_SHAPE ( 'NONE', 'NONE',  #2366 ) ;
#714 =( GEOMETRIC_REPRESENTATION_CONTEXT ( 3 ) GLOBAL_UNCERTAINTY_ASSIGNED_CONTEXT ( ( #1592 ) ) GLOBAL_UNIT_ASSIGNED_CONTEXT ( ( #1214, #2158, #158 ) ) REPRESENTATION_CONTEXT ( 'NONE', 'WORKASPACE' ) );
#715 =( LENGTH_UNIT ( ) NAMED_UNIT ( * ) SI_UNIT ( .MILLI., .METRE. ) );
#716 = VERTEX_POINT ( 'NONE', #864 ) ;
#717 = COLOUR_RGB ( '',0.0000000000000000000, 0.6666666666666666297, 0.0000000000000000000 ) ;
#718 = CARTESIAN_POINT ( 'NONE',  ( 0.4000000000000000222, 0.4000000000000000222, 0.0000000000000000000 ) ) ;
#719 = ORIENTED_EDGE ( 'NONE', *, *, #2237, .T. ) ;
#720 =( NAMED_UNIT ( * ) SI_UNIT ( $, .STERADIAN. ) SOLID_ANGLE_UNIT ( ) );
#721 = CARTESIAN_POINT ( 'NONE',  ( 0.2000000000000000111, 0.4000000000000000222, -4.898587196588999540E-17 ) ) ;
#722 = SURFACE_STYLE_FILL_AREA ( #2161 ) ;
#723 = PRESENTATION_LAYER_ASSIGNMENT (  '', '', ( #561 ) ) ;
#724 = CARTESIAN_POINT ( 'NONE',  ( -0.8000000000000000444, 0.2000000000000000389, 0.2000000000000000111 ) ) ;
#725 = ORIENTED_EDGE ( 'NONE', *, *, #1020, .F. ) ;
#726 = FACE_OUTER_BOUND ( 'NONE', #249, .T. ) ;
#727 = PRESENTATION_LAYER_ASSIGNMENT (  '', '', ( #952 ) ) ;
#728 =( NAMED_UNIT ( * ) PLANE_ANGLE_UNIT ( ) SI_UNIT ( $, .RADIAN. ) );
#729 = PRODUCT_DEFINITION_SHAPE ( 'NONE', 'NONE',  #2143 ) ;
#730 = COLOUR_RGB ( '',0.7921568627450980005, 0.8196078431372548767, 0.9333333333333333481 ) ;
#731 = DIRECTION ( 'NONE',  ( 0.0000000000000000000, 0.0000000000000000000, -1.000000000000000000 ) ) ;
#732 = CARTESIAN_POINT ( 'NONE',  ( -0.4000000000000000222, -0.4000000000000000222, 0.0000000000000000000 ) ) ;
#733 = DIRECTION ( 'NONE',  ( 0.0000000000000000000, 0.0000000000000000000, 1.000000000000000000 ) ) ;
#734 = ORIENTED_EDGE ( 'NONE', *, *, #763, .F. ) ;
#735 = ADVANCED_FACE ( 'NONE', ( #726 ), #2132, .T. ) ;
#736 =( NAMED_UNIT ( * ) PLANE_ANGLE_UNIT ( ) SI_UNIT ( $, .RADIAN. ) );
#737 = APPLICATION_PROTOCOL_DEFINITION ( 'draft international standard', 'automotive_design', 1998, #1109 ) ;
#738 = DIRECTION ( 'NONE',  ( 0.0000000000000000000, -0.0000000000000000000, -1.000000000000000000 ) ) ;
#739 =( GEOMETRIC_REPRESENTATION_CONTEXT ( 3 ) GLOBAL_UNCERTAINTY_ASSIGNED_CONTEXT ( ( #877 ) ) GLOBAL_UNIT_ASSIGNED_CONTEXT ( ( #715, #2162, #1644 ) ) REPRESENTATION_CONTEXT ( 'NONE', 'WORKASPACE' ) );
#740 = ORIENTED_EDGE ( 'NONE', *, *, #1814, .F. ) ;
#741 = MECHANICAL_DESIGN_GEOMETRIC_PRESENTATION_REPRESENTATION (  '', ( #679 ), #2228 ) ;
#742 = PRODUCT ( 'Fillet', 'Fillet', '', ( #955 ) ) ;
#743 = FACE_OUTER_BOUND ( 'NONE', #960, .T. ) ;
#744 = EDGE_LOOP ( 'NONE', ( #1746, #1474, #937, #446 ) ) ;
#745 = CARTESIAN_POINT ( 'NONE',  ( 0.0000000000000000000, 0.0000000000000000000, 0.0000000000000000000 ) ) ;
#746 = CLOSED_SHELL ( 'NONE', ( #2190, #1053, #1097, #2112, #359, #1974 ) ) ;
#747 = DIRECTION ( 'NONE',  ( 0.0000000000000000000, -1.000000000000000000, 0.0000000000000000000 ) ) ;
#748 = VECTOR ( 'NONE', #656, 1000.000000000000000 ) ;
#749 =( LENGTH_UNIT ( ) NAMED_UNIT ( * ) SI_UNIT ( .MILLI., .METRE. ) );
#750 = ORIENTED_EDGE ( 'NONE', *, *, #1430, .T. ) ;
#751 = LINE ( 'NONE', #944, #775 ) ;
#752 = COLOUR_RGB ( '',0.0000000000000000000, 0.7411764705882353255, 0.0000000000000000000 ) ;
#753 = EDGE_LOOP ( 'NONE', ( #984, #603, #469, #544 ) ) ;
#754 = AXIS2_PLACEMENT_3D ( 'NONE', #2044, #2031, #1830 ) ;
#755 = FILL_AREA_STYLE_COLOUR ( '', #1340 ) ;
#756 = LINE ( 'NONE', #1296, #69 ) ;
#757 = EDGE_CURVE ( 'NONE', #1023, #165, #1226, .T. ) ;
#758 = VECTOR ( 'NONE', #1777, 1000.000000000000000 ) ;
#759 = DIRECTION ( 'NONE',  ( 1.000000000000000000, 0.0000000000000000000, -0.0000000000000000000 ) ) ;
#760 = PRODUCT_CONTEXT ( 'NONE', #402, 'mechanical' ) ;
#761 = ORIENTED_EDGE ( 'NONE', *, *, #878, .T. ) ;
#762 = CARTESIAN_POINT ( 'NONE',  ( -0.4000000000000000222, 0.4000000000000000222, 0.0000000000000000000 ) ) ;
#763 = EDGE_CURVE ( 'NONE', #81, #1982, #903, .T. ) ;
#764 = ORIENTED_EDGE ( 'NONE', *, *, #909, .T. ) ;
#765 = FILL_AREA_STYLE_COLOUR ( '', #1037 ) ;
#766 = CARTESIAN_POINT ( 'NONE',  ( -0.8000000000000000444, 0.4000000000000000222, 0.0000000000000000000 ) ) ;
#767 = CARTESIAN_POINT ( 'NONE',  ( 0.4000000000000000222, 0.4000000000000000222, 0.2000000000000000111 ) ) ;
#768 = APPLICATION_CONTEXT ( 'automotive_design' ) ;
#769 = UNCERTAINTY_MEASURE_WITH_UNIT (LENGTH_MEASURE( 1.000000000000000082E-05 ), #865, 'distance_accuracy_value', 'NONE');
#770 =( LENGTH_UNIT ( ) NAMED_UNIT ( * ) SI_UNIT ( .MILLI., .METRE. ) );
#771 = EDGE_CURVE ( 'NONE', #990, #2260, #102, .T. ) ;
#772 = STYLED_ITEM ( 'NONE', ( #2003 ), #844 ) ;
#773 = CONTEXT_DEPENDENT_SHAPE_REPRESENTATION ( #107, #2007 ) ;
#774 = SURFACE_STYLE_USAGE ( .BOTH. , #2059 ) ;
#775 = VECTOR ( 'NONE', #1662, 1000.000000000000000 ) ;
#776 = VECTOR ( 'NONE', #654, 1000.000000000000000 ) ;
#777 = EDGE_LOOP ( 'NONE', ( #2037, #1785, #2247, #1598, #817, #509 ) ) ;
#778 = CARTESIAN_POINT ( 'NONE',  ( -0.8000000000000000444, -0.4000000000000000222, 0.0000000000000000000 ) ) ;
#779 = PRESENTATION_LAYER_ASSIGNMENT (  '', '', ( #1806 ) ) ;
#780 = SURFACE_SIDE_STYLE ('',( #258 ) ) ;
#781 = ORIENTED_EDGE ( 'NONE', *, *, #1866, .T. ) ;
#782 = AXIS2_PLACEMENT_3D ( 'NONE', #1259, #2361, #349 ) ;
#783 = COLOUR_RGB ( '',0.7803921568627451011, 0.5686274509803921351, 0.1137254901960784298 ) ;
#784 = STYLED_ITEM ( 'NONE', ( #329 ), #1585 ) ;
#785 = LINE ( 'NONE', #87, #2152 ) ;
#786 =( GEOMETRIC_REPRESENTATION_CONTEXT ( 3 ) GLOBAL_UNCERTAINTY_ASSIGNED_CONTEXT ( ( #2229 ) ) GLOBAL_UNIT_ASSIGNED_CONTEXT ( ( #618, #948, #985 ) ) REPRESENTATION_CONTEXT ( 'NONE', 'WORKASPACE' ) );
#787 = LINE ( 'NONE', #989, #1637 ) ;
#788 = DIRECTION ( 'NONE',  ( 1.000000000000000000, 0.0000000000000000000, 0.0000000000000000000 ) ) ;
#789 = ORIENTED_EDGE ( 'NONE', *, *, #1229, .T. ) ;
#790 =( LENGTH_UNIT ( ) NAMED_UNIT ( * ) SI_UNIT ( .MILLI., .METRE. ) );
#791 = CLOSED_SHELL ( 'NONE', ( #2079, #953, #246, #735, #1512, #2355, #2215, #1125, #266, #2049, #452, #1278, #2174, #1185 ) ) ;
#792 = COLOUR_RGB ( '',0.7803921568627451011, 0.5686274509803921351, 0.1137254901960784298 ) ;
#793 = ORIENTED_EDGE ( 'NONE', *, *, #334, .T. ) ;
#794 =( NAMED_UNIT ( * ) PLANE_ANGLE_UNIT ( ) SI_UNIT ( $, .RADIAN. ) );
#795 = COLOUR_RGB ( '',0.7803921568627451011, 0.5686274509803921351, 0.1137254901960784298 ) ;
#796 = DIRECTION ( 'NONE',  ( -1.000000000000000000, -0.0000000000000000000, 0.0000000000000000000 ) ) ;
#797 = SURFACE_STYLE_USAGE ( .BOTH. , #986 ) ;
#798 = DIRECTION ( 'NONE',  ( -0.0000000000000000000, -0.0000000000000000000, 1.000000000000000000 ) ) ;
#799 = EDGE_CURVE ( 'NONE', #2200, #168, #1891, .T. ) ;
#800 = UNCERTAINTY_MEASURE_WITH_UNIT (LENGTH_MEASURE( 1.000000000000000082E-05 ), #2209, 'distance_accuracy_value', 'NONE');
#801 =( NAMED_UNIT ( * ) SI_UNIT ( $, .STERADIAN. ) SOLID_ANGLE_UNIT ( ) );
#802 = AXIS2_PLACEMENT_3D ( 'NONE', #1217, #1187, #1045 ) ;
#803 = ORIENTED_EDGE ( 'NONE', *, *, #1613, .T. ) ;
#804 = FACE_OUTER_BOUND ( 'NONE', #214, .T. ) ;
#805 = FACE_OUTER_BOUND ( 'NONE', #744, .T. ) ;
#806 = ORIENTED_EDGE ( 'NONE', *, *, #273, .F. ) ;
#807 = EDGE_CURVE ( 'NONE', #1695, #1113, #502, .T. ) ;
#808 = PRESENTATION_STYLE_ASSIGNMENT (( #394 ) ) ;
#809 = DIRECTION ( 'NONE',  ( 0.0000000000000000000, -1.000000000000000000, -0.0000000000000000000 ) ) ;
#810 = DIRECTION ( 'NONE',  ( 0.9963466490417525190, -4.339483675923922730E-19, 0.08540114134641879629 ) ) ;
#811 = CONTEXT_DEPENDENT_SHAPE_REPRESENTATION ( #1397, #184 ) ;
#812 = ORIENTED_EDGE ( 'NONE', *, *, #14, .F. ) ;
#813 = SURFACE_STYLE_FILL_AREA ( #292 ) ;
#814 =( GEOMETRIC_REPRESENTATION_CONTEXT ( 3 ) GLOBAL_UNCERTAINTY_ASSIGNED_CONTEXT ( ( #1041 ) ) GLOBAL_UNIT_ASSIGNED_CONTEXT ( ( #1963, #335, #1978 ) ) REPRESENTATION_CONTEXT ( 'NONE', 'WORKASPACE' ) );
#815 = MECHANICAL_DESIGN_GEOMETRIC_PRESENTATION_REPRESENTATION (  '', ( #1532 ), #514 ) ;
#816 = SURFACE_STYLE_USAGE ( .BOTH. , #780 ) ;
#817 = ORIENTED_EDGE ( 'NONE', *, *, #1047, .F. ) ;
#818 = STYLED_ITEM ( 'NONE', ( #642 ), #953 ) ;
#819 = PRESENTATION_LAYER_ASSIGNMENT (  '', '', ( #1849 ) ) ;
#820 = FACE_OUTER_BOUND ( 'NONE', #1049, .T. ) ;
#821 = VECTOR ( 'NONE', #464, 1000.000000000000000 ) ;
#822 = DIRECTION ( 'NONE',  ( -0.0000000000000000000, -0.0000000000000000000, 1.000000000000000000 ) ) ;
#823 = VECTOR ( 'NONE', #1252, 1000.000000000000000 ) ;
#824 = COLOUR_RGB ( '',0.7803921568627451011, 0.5686274509803921351, 0.1137254901960784298 ) ;
#825 = LINE ( 'NONE', #2216, #2192 ) ;
#826 = MECHANICAL_DESIGN_GEOMETRIC_PRESENTATION_REPRESENTATION (  '', ( #683 ), #1699 ) ;
#827 = UNCERTAINTY_MEASURE_WITH_UNIT (LENGTH_MEASURE( 1.000000000000000082E-05 ), #1432, 'distance_accuracy_value', 'NONE');
#828 = LINE ( 'NONE', #1175, #776 ) ;
#829 = PRESENTATION_STYLE_ASSIGNMENT (( #119 ) ) ;
#830 = CARTESIAN_POINT ( 'NONE',  ( -0.4000000000000000222, 0.4000000000000000222, 0.0000000000000000000 ) ) ;
#831 = SURFACE_SIDE_STYLE ('',( #319 ) ) ;
#832 = ORIENTED_EDGE ( 'NONE', *, *, #1119, .F. ) ;
#833 = SURFACE_SIDE_STYLE ('',( #1582 ) ) ;
#834 = CARTESIAN_POINT ( 'NONE',  ( 0.4516409507770000054, 0.3016409507769999832, 0.6000000000000000888 ) ) ;
#835 = STYLED_ITEM ( 'NONE', ( #1923 ), #2063 ) ;
#836 = FILL_AREA_STYLE_COLOUR ( '', #85 ) ;
#837 = PRESENTATION_LAYER_ASSIGNMENT (  '', '', ( #1400 ) ) ;
#838 = CARTESIAN_POINT ( 'NONE',  ( -0.2000000000000000111, -0.1000000000000000056, 1.224646799146999976E-17 ) ) ;
#839 = FILL_AREA_STYLE ('',( #1530 ) ) ;
#840 = EDGE_LOOP ( 'NONE', ( #1793, #180, #789, #2298 ) ) ;
#841 = CARTESIAN_POINT ( 'NONE',  ( -0.4000000000000000222, -0.4000000000000000222, 0.0000000000000000000 ) ) ;
#842 = COLOUR_RGB ( '',0.0000000000000000000, 0.7411764705882353255, 0.0000000000000000000 ) ;
#843 = ORIENTED_EDGE ( 'NONE', *, *, #599, .T. ) ;
#844 = ADVANCED_FACE ( 'NONE', ( #1197 ), #308, .T. ) ;
#845 = CARTESIAN_POINT ( 'NONE',  ( 0.4706339073361386349, 0.3206339073361386682, 0.5926044144130637736 ) ) ;
#846 = SURFACE_STYLE_USAGE ( .BOTH. , #473 ) ;
#847 = ADVANCED_BREP_SHAPE_REPRESENTATION ( '', ( #77, #2021 ), #614 ) ;
#848 = FILL_AREA_STYLE ('',( #1227 ) ) ;
#849 = SURFACE_SIDE_STYLE ('',( #1422 ) ) ;
#850 = UNCERTAINTY_MEASURE_WITH_UNIT (LENGTH_MEASURE( 1.000000000000000082E-05 ), #135, 'distance_accuracy_value', 'NONE');
#851 = CARTESIAN_POINT ( 'NONE',  ( 0.4715678837580004612, 0.3215678837576906868, 0.5817080228269734254 ) ) ;
#852 = EDGE_CURVE ( 'NONE', #2025, #431, #230, .T. ) ;
#853 = DIRECTION ( 'NONE',  ( 0.0000000000000000000, -1.000000000000000000, -0.0000000000000000000 ) ) ;
#854 = SURFACE_SIDE_STYLE ('',( #813 ) ) ;
#855 = SURFACE_STYLE_FILL_AREA ( #1944 ) ;
#856 = SURFACE_STYLE_FILL_AREA ( #1969 ) ;
#857 = EDGE_LOOP ( 'NONE', ( #1834, #1917, #223, #570, #875, #1770, #803 ) ) ;
#858 = VECTOR ( 'NONE', #1774, 1000.000000000000000 ) ;
#859 = FILL_AREA_STYLE_COLOUR ( '', #730 ) ;
#860 = STYLED_ITEM ( 'NONE', ( #1620 ), #452 ) ;
#861 = CARTESIAN_POINT ( 'NONE',  ( -0.8000000000000000444, 0.4000000000000000222, 0.2000000000000000111 ) ) ;
#862 = COLOUR_RGB ( '',0.0000000000000000000, 0.6666666666666666297, 0.0000000000000000000 ) ;
#863 = AXIS2_PLACEMENT_3D ( 'NONE', #91, #2102, #1353 ) ;
#864 = CARTESIAN_POINT ( 'NONE',  ( 0.4000000000000000222, -0.4000000000000000222, 0.0000000000000000000 ) ) ;
#865 =( LENGTH_UNIT ( ) NAMED_UNIT ( * ) SI_UNIT ( .MILLI., .METRE. ) );
#866 = CYLINDRICAL_SURFACE ( 'NONE', #1498, 0.1999999999999999833 ) ;
#867 = PRODUCT ( 'Pad004', 'Pad004', '', ( #1111 ) ) ;
#868 = PRESENTATION_LAYER_ASSIGNMENT (  '', '', ( #1304 ) ) ;
#869 =( LENGTH_UNIT ( ) NAMED_UNIT ( * ) SI_UNIT ( .MILLI., .METRE. ) );
#870 = AXIS2_PLACEMENT_3D ( 'NONE', #605, #1542, #2276 ) ;
#871 = CARTESIAN_POINT ( 'NONE',  ( -0.5000000000000000000, 0.3499999999999999778, 0.2000000000000000111 ) ) ;
#872 = FILL_AREA_STYLE ('',( #497 ) ) ;
#873 = EDGE_LOOP ( 'NONE', ( #560, #48, #235, #2339 ) ) ;
#874 = LINE ( 'NONE', #307, #2272 ) ;
#875 = ORIENTED_EDGE ( 'NONE', *, *, #676, .T. ) ;
#876 = SURFACE_SIDE_STYLE ('',( #142 ) ) ;
#877 = UNCERTAINTY_MEASURE_WITH_UNIT (LENGTH_MEASURE( 1.000000000000000082E-05 ), #715, 'distance_accuracy_value', 'NONE');
#878 = EDGE_CURVE ( 'NONE', #70, #1333, #2244, .T. ) ;
#879 = MECHANICAL_DESIGN_GEOMETRIC_PRESENTATION_REPRESENTATION (  '', ( #1286 ), #1919 ) ;
#880 =( NAMED_UNIT ( * ) PLANE_ANGLE_UNIT ( ) SI_UNIT ( $, .RADIAN. ) );
#881 = VERTEX_POINT ( 'NONE', #778 ) ;
#882 = PRODUCT_DEFINITION_SHAPE ( 'NONE', 'NONE',  #1434 ) ;
#883 = LINE ( 'NONE', #1584, #524 ) ;
#884 = COLOUR_RGB ( '',0.7803921568627451011, 0.5686274509803921351, 0.1137254901960784298 ) ;
#885 = EDGE_CURVE ( 'NONE', #229, #1275, #59, .T. ) ;
#886 = DIRECTION ( 'NONE',  ( 0.0000000000000000000, -1.000000000000000000, 1.224646799146999945E-16 ) ) ;
#887 = DIRECTION ( 'NONE',  ( 0.08509140416868289647, 0.08509140416959970477, -0.9927330486455296921 ) ) ;
#888 = PLANE ( 'NONE',  #1811 ) ;
#889 = CARTESIAN_POINT ( 'NONE',  ( 0.0000000000000000000, -0.4000000000000000222, 0.002000000000000000042 ) ) ;
#890 = ORIENTED_EDGE ( 'NONE', *, *, #2237, .F. ) ;
#891 = FILL_AREA_STYLE_COLOUR ( '', #1098 ) ;
#892 = UNCERTAINTY_MEASURE_WITH_UNIT (LENGTH_MEASURE( 1.000000000000000082E-05 ), #571, 'distance_accuracy_value', 'NONE');
#893 = DIRECTION ( 'NONE',  ( 0.0000000000000000000, 0.0000000000000000000, 1.000000000000000000 ) ) ;
#894 = COLOUR_RGB ( '',0.7803921568627451011, 0.5686274509803921351, 0.1137254901960784298 ) ;
#895 = COLOUR_RGB ( '',0.0000000000000000000, 0.6666666666666666297, 0.0000000000000000000 ) ;
#896 = AXIS2_PLACEMENT_3D ( 'NONE', #1168, #73, #2240 ) ;
#897 = STYLED_ITEM ( 'NONE', ( #1243 ), #1210 ) ;
#898 = LINE ( 'NONE', #131, #2227 ) ;
#899 = APPLICATION_CONTEXT ( 'automotive_design' ) ;
#900 = SURFACE_STYLE_FILL_AREA ( #1194 ) ;
#901 = DIRECTION ( 'NONE',  ( -0.0000000000000000000, 0.0000000000000000000, -1.000000000000000000 ) ) ;
#902 = ORIENTED_EDGE ( 'NONE', *, *, #1398, .T. ) ;
#903 = LINE ( 'NONE', #1636, #858 ) ;
#904 = DIRECTION ( 'NONE',  ( -0.0000000000000000000, -0.0000000000000000000, -1.000000000000000000 ) ) ;
#905 = CARTESIAN_POINT ( 'NONE',  ( 0.8000000000000000444, -0.2000000000000000389, 0.2000000000000000111 ) ) ;
#906 =( NAMED_UNIT ( * ) SI_UNIT ( $, .STERADIAN. ) SOLID_ANGLE_UNIT ( ) );
#907 = PRESENTATION_LAYER_ASSIGNMENT (  '', '', ( #1433 ) ) ;
#908 = DIRECTION ( 'NONE',  ( -1.000000000000000000, 0.0000000000000000000, 0.0000000000000000000 ) ) ;
#909 = EDGE_CURVE ( 'NONE', #17, #583, #751, .T. ) ;
#910 = VERTEX_POINT ( 'NONE', #968 ) ;
#911 = CARTESIAN_POINT ( 'NONE',  ( -0.2000000000000000111, 0.09999999999999999167, -1.224646799148000227E-17 ) ) ;
#912 = ADVANCED_FACE ( 'NONE', ( #1887 ), #933, .T. ) ;
#913 = VECTOR ( 'NONE', #1504, 1000.000000000000114 ) ;
#914 = SURFACE_SIDE_STYLE ('',( #181 ) ) ;
#915 = FILL_AREA_STYLE ('',( #954 ) ) ;
#916 = DIRECTION ( 'NONE',  ( 1.000000000000000000, 0.0000000000000000000, 0.0000000000000000000 ) ) ;
#917 = CARTESIAN_POINT ( 'NONE',  ( 0.0000000000000000000, 0.4000000000000000222, -4.898587196589000156E-17 ) ) ;
#918 = ORIENTED_EDGE ( 'NONE', *, *, #366, .F. ) ;
#919 = CARTESIAN_POINT ( 'NONE',  ( -0.4706339073361386349, -0.3206339073361386682, 0.5926044144130637736 ) ) ;
#920 = ORIENTED_EDGE ( 'NONE', *, *, #1283, .F. ) ;
#921 =( NAMED_UNIT ( * ) PLANE_ANGLE_UNIT ( ) SI_UNIT ( $, .RADIAN. ) );
#922 = CARTESIAN_POINT ( 'NONE',  ( -0.5000000000000000000, -0.3499999999999999778, 0.2000000000000000111 ) ) ;
#923 =( NAMED_UNIT ( * ) PLANE_ANGLE_UNIT ( ) SI_UNIT ( $, .RADIAN. ) );
#924 = PRODUCT_RELATED_PRODUCT_CATEGORY ( 'part', '', ( #677 ) ) ;
#925 = AXIS2_PLACEMENT_3D ( 'NONE', #2357, #170, #731 ) ;
#926 = DIRECTION ( 'NONE',  ( 0.0000000000000000000, 0.0000000000000000000, 1.000000000000000000 ) ) ;
#927 = CIRCLE ( 'NONE', #930, 0.1999999999999999833 ) ;
#928 = APPLICATION_PROTOCOL_DEFINITION ( 'draft international standard', 'automotive_design', 1998, #899 ) ;
#929 = SURFACE_STYLE_USAGE ( .BOTH. , #1871 ) ;
#930 = AXIS2_PLACEMENT_3D ( 'NONE', #1892, #1001, #2064 ) ;
#931 = SURFACE_STYLE_FILL_AREA ( #1908 ) ;
#932 = ORIENTED_EDGE ( 'NONE', *, *, #1764, .T. ) ;
#933 = PLANE ( 'NONE',  #2183 ) ;
#934 = FILL_AREA_STYLE_COLOUR ( '', #1121 ) ;
#935 =( NAMED_UNIT ( * ) PLANE_ANGLE_UNIT ( ) SI_UNIT ( $, .RADIAN. ) );
#936 = AXIS2_PLACEMENT_3D ( 'NONE', #1236, #1554, #139 ) ;
#937 = ORIENTED_EDGE ( 'NONE', *, *, #625, .F. ) ;
#938 = EDGE_CURVE ( 'NONE', #1561, #17, #209, .T. ) ;
#939 = DIRECTION ( 'NONE',  ( 1.000000000000000000, 0.0000000000000000000, 0.0000000000000000000 ) ) ;
#940 = FACE_OUTER_BOUND ( 'NONE', #704, .T. ) ;
#941 = LINE ( 'NONE', #27, #1251 ) ;
#942 = PRODUCT_DEFINITION ( 'UNKNOWN', '', #1476, #1016 ) ;
#943 = ORIENTED_EDGE ( 'NONE', *, *, #1442, .F. ) ;
#944 = CARTESIAN_POINT ( 'NONE',  ( 0.8000000000000000444, 0.2000000000000000111, 0.0000000000000000000 ) ) ;
#945 =( GEOMETRIC_REPRESENTATION_CONTEXT ( 3 ) GLOBAL_UNCERTAINTY_ASSIGNED_CONTEXT ( ( #1413 ) ) GLOBAL_UNIT_ASSIGNED_CONTEXT ( ( #451, #2127, #108 ) ) REPRESENTATION_CONTEXT ( 'NONE', 'WORKASPACE' ) );
#946 = SURFACE_STYLE_USAGE ( .BOTH. , #404 ) ;
#947 = ORIENTED_EDGE ( 'NONE', *, *, #2248, .F. ) ;
#948 =( NAMED_UNIT ( * ) PLANE_ANGLE_UNIT ( ) SI_UNIT ( $, .RADIAN. ) );
#949 = ADVANCED_FACE ( 'NONE', ( #2061 ), #365, .F. ) ;
#950 = CARTESIAN_POINT ( 'NONE',  ( -1.734723475977000073E-18, 0.09999999999999999167, 0.002000000000000000042 ) ) ;
#951 = SURFACE_SIDE_STYLE ('',( #1336 ) ) ;
#952 = STYLED_ITEM ( 'NONE', ( #1728 ), #2351 ) ;
#953 = ADVANCED_FACE ( 'NONE', ( #1162 ), #1178, .T. ) ;
#954 = FILL_AREA_STYLE_COLOUR ( '', #680 ) ;
#955 = PRODUCT_CONTEXT ( 'NONE', #1547, 'mechanical' ) ;
#956 = EDGE_LOOP ( 'NONE', ( #943, #1604, #1369, #1750 ) ) ;
#957 = DIRECTION ( 'NONE',  ( -0.0000000000000000000, -0.0000000000000000000, 1.000000000000000000 ) ) ;
#958 = PLANE ( 'NONE',  #236 ) ;
#959 = DIRECTION ( 'NONE',  ( 0.0000000000000000000, 0.0000000000000000000, 1.000000000000000000 ) ) ;
#960 = EDGE_LOOP ( 'NONE', ( #1038, #555, #480, #1994 ) ) ;
#961 = SURFACE_STYLE_FILL_AREA ( #1479 ) ;
#962 = LINE ( 'NONE', #52, #1381 ) ;
#963 = UNCERTAINTY_MEASURE_WITH_UNIT (LENGTH_MEASURE( 1.000000000000000082E-05 ), #2019, 'distance_accuracy_value', 'NONE');
#964 = CARTESIAN_POINT ( 'NONE',  ( -0.4849999999999999867, -0.3499999999999999778, 0.4249999999999999889 ) ) ;
#965 = COLOUR_RGB ( '',0.7803921568627451011, 0.5686274509803921351, 0.1137254901960784298 ) ;
#966 =( LENGTH_UNIT ( ) NAMED_UNIT ( * ) SI_UNIT ( .MILLI., .METRE. ) );
#967 = ORIENTED_EDGE ( 'NONE', *, *, #807, .T. ) ;
#968 = CARTESIAN_POINT ( 'NONE',  ( -0.2000000000000000111, -0.1000000000000000056, 0.002000000000000000042 ) ) ;
#969 = STYLED_ITEM ( 'NONE', ( #1860 ), #1278 ) ;
#970 = CARTESIAN_POINT ( 'NONE',  ( -0.4699999999999999734, 0.3016409507769999832, 0.6000000000000000888 ) ) ;
#971 = VERTEX_POINT ( 'NONE', #79 ) ;
#972 = COLOUR_RGB ( '',0.7803921568627451011, 0.5686274509803921351, 0.1137254901960784298 ) ;
#973 =( LENGTH_UNIT ( ) NAMED_UNIT ( * ) SI_UNIT ( .MILLI., .METRE. ) );
#974 = COLOUR_RGB ( '',0.0000000000000000000, 0.7411764705882353255, 0.0000000000000000000 ) ;
#975 = VECTOR ( 'NONE', #1174, 1000.000000000000000 ) ;
#976 = PRESENTATION_STYLE_ASSIGNMENT (( #262 ) ) ;
#977 = FACE_OUTER_BOUND ( 'NONE', #270, .T. ) ;
#978 = PRESENTATION_STYLE_ASSIGNMENT (( #1517 ) ) ;
#979 = EDGE_CURVE ( 'NONE', #1376, #694, #1573, .T. ) ;
#980 = VERTEX_POINT ( 'NONE', #841 ) ;
#981 = DIRECTION ( 'NONE',  ( -1.000000000000000000, -0.0000000000000000000, -0.0000000000000000000 ) ) ;
#982 =( NAMED_UNIT ( * ) SI_UNIT ( $, .STERADIAN. ) SOLID_ANGLE_UNIT ( ) );
#983 = FACE_OUTER_BOUND ( 'NONE', #195, .T. ) ;
#984 = ORIENTED_EDGE ( 'NONE', *, *, #2248, .T. ) ;
#985 =( NAMED_UNIT ( * ) SI_UNIT ( $, .STERADIAN. ) SOLID_ANGLE_UNIT ( ) );
#986 = SURFACE_SIDE_STYLE ('',( #2249 ) ) ;
#987 = UNCERTAINTY_MEASURE_WITH_UNIT (LENGTH_MEASURE( 1.000000000000000082E-05 ), #1169, 'distance_accuracy_value', 'NONE');
#988 = ADVANCED_BREP_SHAPE_REPRESENTATION ( '', ( #2058, #2021 ), #566 ) ;
#989 = CARTESIAN_POINT ( 'NONE',  ( 0.8000000000000000444, 0.4000000000000000222, 0.0000000000000000000 ) ) ;
#990 = VERTEX_POINT ( 'NONE', #905 ) ;
#991 = PRODUCT_DEFINITION_CONTEXT ( 'detailed design', #768, 'design' ) ;
#992 =( NAMED_UNIT ( * ) PLANE_ANGLE_UNIT ( ) SI_UNIT ( $, .RADIAN. ) );
#993 = PRESENTATION_LAYER_ASSIGNMENT (  '', '', ( #182 ) ) ;
#994 = DIRECTION ( 'NONE',  ( 0.0000000000000000000, -1.000000000000000000, 0.0000000000000000000 ) ) ;
#995 = ORIENTED_EDGE ( 'NONE', *, *, #2318, .F. ) ;
#996 = LINE ( 'NONE', #1005, #346 ) ;
#997 =( GEOMETRIC_REPRESENTATION_CONTEXT ( 3 ) GLOBAL_UNCERTAINTY_ASSIGNED_CONTEXT ( ( #1928 ) ) GLOBAL_UNIT_ASSIGNED_CONTEXT ( ( #2262, #1491, #2239 ) ) REPRESENTATION_CONTEXT ( 'NONE', 'WORKASPACE' ) );
#998 = FACE_OUTER_BOUND ( 'NONE', #873, .T. ) ;
#999 = DIRECTION ( 'NONE',  ( -1.000000000000000000, 0.0000000000000000000, 0.0000000000000000000 ) ) ;
#1000 = ORIENTED_EDGE ( 'NONE', *, *, #197, .F. ) ;
#1001 = DIRECTION ( 'NONE',  ( -0.0000000000000000000, -0.0000000000000000000, -1.000000000000000000 ) ) ;
#1002 = CARTESIAN_POINT ( 'NONE',  ( -0.6600000000000000311, -0.2999999999999999889, 0.2000000000000000111 ) ) ;
#1003 = DIRECTION ( 'NONE',  ( -0.0000000000000000000, 1.000000000000000000, 0.0000000000000000000 ) ) ;
#1004 = ORIENTED_EDGE ( 'NONE', *, *, #334, .F. ) ;
#1005 = CARTESIAN_POINT ( 'NONE',  ( -0.8000000000000000444, -0.4000000000000000222, 0.0000000000000000000 ) ) ;
#1006 = STYLED_ITEM ( 'NONE', ( #1044 ), #414 ) ;
#1007 = DIRECTION ( 'NONE',  ( 0.0000000000000000000, -0.0000000000000000000, 1.000000000000000000 ) ) ;
#1008 = ORIENTED_EDGE ( 'NONE', *, *, #2121, .T. ) ;
#1009 = FILL_AREA_STYLE ('',( #646 ) ) ;
#1010 = EDGE_CURVE ( 'NONE', #881, #1191, #996, .T. ) ;
#1011 =( GEOMETRIC_REPRESENTATION_CONTEXT ( 3 ) GLOBAL_UNCERTAINTY_ASSIGNED_CONTEXT ( ( #987 ) ) GLOBAL_UNIT_ASSIGNED_CONTEXT ( ( #1169, #992, #801 ) ) REPRESENTATION_CONTEXT ( 'NONE', 'WORKASPACE' ) );
#1012 = PRESENTATION_LAYER_ASSIGNMENT (  '', '', ( #317 ) ) ;
#1013 = FACE_OUTER_BOUND ( 'NONE', #2189, .T. ) ;
#1014 = LINE ( 'NONE', #1743, #1772 ) ;
#1015 = VECTOR ( 'NONE', #1959, 1000.000000000000000 ) ;
#1016 = PRODUCT_DEFINITION_CONTEXT ( 'detailed design', #1925, 'design' ) ;
#1017 = PLANE ( 'NONE',  #672 ) ;
#1018 = FACE_OUTER_BOUND ( 'NONE', #272, .T. ) ;
#1019 = ORIENTED_EDGE ( 'NONE', *, *, #757, .T. ) ;
#1020 = EDGE_CURVE ( 'NONE', #2260, #1700, #1343, .T. ) ;
#1021 = DIRECTION ( 'NONE',  ( 0.0000000000000000000, -1.000000000000000000, -0.0000000000000000000 ) ) ;
#1022 = PRODUCT_RELATED_PRODUCT_CATEGORY ( 'part', '', ( #377 ) ) ;
#1023 = VERTEX_POINT ( 'NONE', #1911 ) ;
#1024 = CARTESIAN_POINT ( 'NONE',  ( 0.4715678837578454741, 0.3215678837576906868, 0.5817080228269734254 ) ) ;
#1025 = AXIS2_PLACEMENT_3D ( 'NONE', #1769, #2096, #1007 ) ;
#1026 =( LENGTH_UNIT ( ) NAMED_UNIT ( * ) SI_UNIT ( .MILLI., .METRE. ) );
#1027 =( NAMED_UNIT ( * ) SI_UNIT ( $, .STERADIAN. ) SOLID_ANGLE_UNIT ( ) );
#1028 =( NAMED_UNIT ( * ) SI_UNIT ( $, .STERADIAN. ) SOLID_ANGLE_UNIT ( ) );
#1029 = ADVANCED_FACE ( 'NONE', ( #1942 ), #248, .T. ) ;
#1030 = PRODUCT_DEFINITION_FORMATION_WITH_SPECIFIED_SOURCE ( 'ANY', '', #742, .NOT_KNOWN. ) ;
#1031 = FILL_AREA_STYLE ('',( #479 ) ) ;
#1032 = SHAPE_REPRESENTATION ( 'Fillet', ( #2021 ), #566 ) ;
#1033 = CARTESIAN_POINT ( 'NONE',  ( -5.782411586589999921E-19, 0.4000000000000000222, -4.898587196588999540E-17 ) ) ;
#1034 = DIRECTION ( 'NONE',  ( 0.0000000000000000000, -0.0000000000000000000, 1.000000000000000000 ) ) ;
#1035 = PRESENTATION_LAYER_ASSIGNMENT (  '', '', ( #1602 ) ) ;
#1036 = CARTESIAN_POINT ( 'NONE',  ( -0.4000000000000000222, -0.4000000000000000222, 0.2000000000000000111 ) ) ;
#1037 = COLOUR_RGB ( '',0.7921568627450980005, 0.8196078431372548767, 0.9333333333333333481 ) ;
#1038 = ORIENTED_EDGE ( 'NONE', *, *, #1328, .T. ) ;
#1039 = LINE ( 'NONE', #1761, #1859 ) ;
#1040 = SURFACE_STYLE_FILL_AREA ( #1444 ) ;
#1041 = UNCERTAINTY_MEASURE_WITH_UNIT (LENGTH_MEASURE( 1.000000000000000082E-05 ), #1963, 'distance_accuracy_value', 'NONE');
#1042 = SURFACE_SIDE_STYLE ('',( #116 ) ) ;
#1043 = UNCERTAINTY_MEASURE_WITH_UNIT (LENGTH_MEASURE( 1.000000000000000082E-05 ), #370, 'distance_accuracy_value', 'NONE');
#1044 = PRESENTATION_STYLE_ASSIGNMENT (( #1423 ) ) ;
#1045 = DIRECTION ( 'NONE',  ( 1.000000000000000000, 0.0000000000000000000, -0.0000000000000000000 ) ) ;
#1046 = LINE ( 'NONE', #1610, #2341 ) ;
#1047 = EDGE_CURVE ( 'NONE', #2260, #2207, #67, .T. ) ;
#1048 = PRESENTATION_STYLE_ASSIGNMENT (( #1934 ) ) ;
#1049 = EDGE_LOOP ( 'NONE', ( #1314, #1606, #920, #843 ) ) ;
#1050 = COLOUR_RGB ( '',0.0000000000000000000, 0.7411764705882353255, 0.0000000000000000000 ) ;
#1051 = CARTESIAN_POINT ( 'NONE',  ( -0.4999999999999987232, -0.3499999999999993117, 0.2499999999999997780 ) ) ;
#1052 = PRESENTATION_LAYER_ASSIGNMENT (  '', '', ( #1575 ) ) ;
#1053 = ADVANCED_FACE ( 'NONE', ( #804 ), #958, .T. ) ;
#1054 = CARTESIAN_POINT ( 'NONE',  ( 0.8000000000000000444, 0.4000000000000000222, 0.0000000000000000000 ) ) ;
#1055 = COLOUR_RGB ( '',0.7803921568627451011, 0.5686274509803921351, 0.1137254901960784298 ) ;
#1056 = FILL_AREA_STYLE_COLOUR ( '', #2082 ) ;
#1057 = MECHANICAL_DESIGN_GEOMETRIC_PRESENTATION_REPRESENTATION (  '', ( #1304 ), #54 ) ;
#1058 = PRESENTATION_LAYER_ASSIGNMENT (  '', '', ( #1348 ) ) ;
#1059 =( GEOMETRIC_REPRESENTATION_CONTEXT ( 3 ) GLOBAL_UNCERTAINTY_ASSIGNED_CONTEXT ( ( #267 ) ) GLOBAL_UNIT_ASSIGNED_CONTEXT ( ( #340, #935, #1638 ) ) REPRESENTATION_CONTEXT ( 'NONE', 'WORKASPACE' ) );
#1060 = SURFACE_STYLE_USAGE ( .BOTH. , #1437 ) ;
#1061 = PRESENTATION_STYLE_ASSIGNMENT (( #2013 ) ) ;
#1062 = EDGE_CURVE ( 'NONE', #971, #1661, #1163, .T. ) ;
#1063 = ORIENTED_EDGE ( 'NONE', *, *, #1866, .F. ) ;
#1064 = LINE ( 'NONE', #501, #2157 ) ;
#1065 = ORIENTED_EDGE ( 'NONE', *, *, #625, .T. ) ;
#1066 = SURFACE_SIDE_STYLE ('',( #150 ) ) ;
#1067 = MECHANICAL_DESIGN_GEOMETRIC_PRESENTATION_REPRESENTATION (  '', ( #2281 ), #1748 ) ;
#1068 = DIRECTION ( 'NONE',  ( 0.0000000000000000000, -1.224646799146999945E-16, -1.000000000000000000 ) ) ;
#1069 = UNCERTAINTY_MEASURE_WITH_UNIT (LENGTH_MEASURE( 1.000000000000000082E-05 ), #1318, 'distance_accuracy_value', 'NONE');
#1070 = MECHANICAL_DESIGN_GEOMETRIC_PRESENTATION_REPRESENTATION (  '', ( #561 ), #945 ) ;
#1071 = CARTESIAN_POINT ( 'NONE',  ( -0.7399999999999999911, -0.2999999999999999889, 0.1799999999999999933 ) ) ;
#1072 = PRODUCT_DEFINITION_FORMATION_WITH_SPECIFIED_SOURCE ( 'ANY', '', #355, .NOT_KNOWN. ) ;
#1073 = PLANE ( 'NONE',  #368 ) ;
#1074 = EDGE_LOOP ( 'NONE', ( #1253, #1443, #832, #2350, #111, #740 ) ) ;
#1075 = CARTESIAN_POINT ( 'NONE',  ( -0.8000000000000000444, 0.4000000000000000222, 0.0000000000000000000 ) ) ;
#1076 = PLANE ( 'NONE',  #1199 ) ;
#1077 = CARTESIAN_POINT ( 'NONE',  ( -0.7399999999999999911, -0.2999999999999999889, 0.2000000000000000111 ) ) ;
#1078 = ORIENTED_EDGE ( 'NONE', *, *, #591, .T. ) ;
#1079 = EDGE_LOOP ( 'NONE', ( #1932, #2311, #725, #2060 ) ) ;
#1080 =( GEOMETRIC_REPRESENTATION_CONTEXT ( 3 ) GLOBAL_UNCERTAINTY_ASSIGNED_CONTEXT ( ( #149 ) ) GLOBAL_UNIT_ASSIGNED_CONTEXT ( ( #1261, #660, #275 ) ) REPRESENTATION_CONTEXT ( 'NONE', 'WORKASPACE' ) );
#1081 = UNCERTAINTY_MEASURE_WITH_UNIT (LENGTH_MEASURE( 1.000000000000000082E-05 ), #60, 'distance_accuracy_value', 'NONE');
#1082 = MECHANICAL_DESIGN_GEOMETRIC_PRESENTATION_REPRESENTATION (  '', ( #1806 ), #2304 ) ;
#1083 = COLOUR_RGB ( '',0.8000000000000000444, 0.8000000000000000444, 0.8000000000000000444 ) ;
#1084 = DIRECTION ( 'NONE',  ( 0.0000000000000000000, 0.0000000000000000000, 1.000000000000000000 ) ) ;
#1085 = PRESENTATION_LAYER_ASSIGNMENT (  '', '', ( #818 ) ) ;
#1086 = CARTESIAN_POINT ( 'NONE',  ( -0.8000000000000000444, -0.4000000000000000222, 0.0000000000000000000 ) ) ;
#1087 = FILL_AREA_STYLE ('',( #2150 ) ) ;
#1088 = MECHANICAL_DESIGN_GEOMETRIC_PRESENTATION_REPRESENTATION (  '', ( #241 ), #1619 ) ;
#1089 = CONTEXT_DEPENDENT_SHAPE_REPRESENTATION ( #371, #1989 ) ;
#1090 = MECHANICAL_DESIGN_GEOMETRIC_PRESENTATION_REPRESENTATION (  '', ( #784 ), #1386 ) ;
#1091 =( NAMED_UNIT ( * ) PLANE_ANGLE_UNIT ( ) SI_UNIT ( $, .RADIAN. ) );
#1092 = EDGE_CURVE ( 'NONE', #229, #140, #2050, .T. ) ;
#1093 = VERTEX_POINT ( 'NONE', #2258 ) ;
#1094 = ORIENTED_EDGE ( 'NONE', *, *, #458, .T. ) ;
#1095 = SURFACE_STYLE_USAGE ( .BOTH. , #1066 ) ;
#1096 = SURFACE_STYLE_USAGE ( .BOTH. , #577 ) ;
#1097 = ADVANCED_FACE ( 'NONE', ( #805 ), #1711, .T. ) ;
#1098 = COLOUR_RGB ( '',0.0000000000000000000, 0.6666666666666666297, 0.0000000000000000000 ) ;
#1099 =( GEOMETRIC_REPRESENTATION_CONTEXT ( 3 ) GLOBAL_UNCERTAINTY_ASSIGNED_CONTEXT ( ( #1730 ) ) GLOBAL_UNIT_ASSIGNED_CONTEXT ( ( #533, #351, #1800 ) ) REPRESENTATION_CONTEXT ( 'NONE', 'WORKASPACE' ) );
#1100 = SURFACE_SIDE_STYLE ('',( #521 ) ) ;
#1101 = CARTESIAN_POINT ( 'NONE',  ( -1.734723475977000073E-18, 0.1000000000000000056, 0.002000000000000000042 ) ) ;
#1102 = ORIENTED_EDGE ( 'NONE', *, *, #909, .F. ) ;
#1103 =( NAMED_UNIT ( * ) PLANE_ANGLE_UNIT ( ) SI_UNIT ( $, .RADIAN. ) );
#1104 = CARTESIAN_POINT ( 'NONE',  ( -0.4625772966728456947, -0.3125772966728457836, 0.5999999999999999778 ) ) ;
#1105 = ORIENTED_EDGE ( 'NONE', *, *, #763, .T. ) ;
#1106 = VECTOR ( 'NONE', #1906, 1000.000000000000114 ) ;
#1107 = FILL_AREA_STYLE ('',( #2193 ) ) ;
#1108 =( GEOMETRIC_REPRESENTATION_CONTEXT ( 3 ) GLOBAL_UNCERTAINTY_ASSIGNED_CONTEXT ( ( #963 ) ) GLOBAL_UNIT_ASSIGNED_CONTEXT ( ( #2019, #1256, #1796 ) ) REPRESENTATION_CONTEXT ( 'NONE', 'WORKASPACE' ) );
#1109 = APPLICATION_CONTEXT ( 'automotive_design' ) ;
#1110 =( NAMED_UNIT ( * ) SI_UNIT ( $, .STERADIAN. ) SOLID_ANGLE_UNIT ( ) );
#1111 = PRODUCT_CONTEXT ( 'NONE', #1629, 'mechanical' ) ;
#1112 = CARTESIAN_POINT ( 'NONE',  ( 0.4000000000000000222, 0.4000000000000000222, 0.2000000000000000111 ) ) ;
#1113 = VERTEX_POINT ( 'NONE', #1522 ) ;
#1114 = SURFACE_STYLE_USAGE ( .BOTH. , #2026 ) ;
#1115 = CARTESIAN_POINT ( 'NONE',  ( -0.4715678837578454741, -0.3215678837576906868, 0.5817080228269734254 ) ) ;
#1116 = ORIENTED_EDGE ( 'NONE', *, *, #2068, .F. ) ;
#1117 = DIRECTION ( 'NONE',  ( 0.0000000000000000000, 0.0000000000000000000, 1.000000000000000000 ) ) ;
#1118 =( LENGTH_UNIT ( ) NAMED_UNIT ( * ) SI_UNIT ( .MILLI., .METRE. ) );
#1119 = EDGE_CURVE ( 'NONE', #694, #1700, #627, .T. ) ;
#1120 = CARTESIAN_POINT ( 'NONE',  ( 0.4999999999999987232, 0.3499999999999993117, 0.2499999999999997780 ) ) ;
#1121 = COLOUR_RGB ( '',0.0000000000000000000, 0.7411764705882353255, 0.0000000000000000000 ) ;
#1122 = CARTESIAN_POINT ( 'NONE',  ( -0.4516409507770000054, 0.3016409507769999832, 0.6000000000000000888 ) ) ;
#1123 = MECHANICAL_DESIGN_GEOMETRIC_PRESENTATION_REPRESENTATION (  '', ( #350 ), #1808 ) ;
#1124 = EDGE_LOOP ( 'NONE', ( #1237, #1682, #341, #284 ) ) ;
#1125 = ADVANCED_FACE ( 'NONE', ( #1846 ), #444, .T. ) ;
#1126 = PRESENTATION_STYLE_ASSIGNMENT (( #946 ) ) ;
#1127 = PRESENTATION_LAYER_ASSIGNMENT (  '', '', ( #440 ) ) ;
#1128 = ORIENTED_EDGE ( 'NONE', *, *, #137, .F. ) ;
#1129 =( NAMED_UNIT ( * ) SI_UNIT ( $, .STERADIAN. ) SOLID_ANGLE_UNIT ( ) );
#1130 =( NAMED_UNIT ( * ) SI_UNIT ( $, .STERADIAN. ) SOLID_ANGLE_UNIT ( ) );
#1131 = CARTESIAN_POINT ( 'NONE',  ( 0.5000000000000000000, 0.3499999999999999778, 0.2000000000000000111 ) ) ;
#1132 = CARTESIAN_POINT ( 'NONE',  ( 0.8000000000000000444, 0.0000000000000000000, 0.2000000000000000111 ) ) ;
#1133 = COLOUR_RGB ( '',0.0000000000000000000, 0.6666666666666666297, 0.0000000000000000000 ) ;
#1134 = CARTESIAN_POINT ( 'NONE',  ( 0.2000000000000000111, -0.4000000000000000222, 0.002000000000000000042 ) ) ;
#1135 = SURFACE_STYLE_FILL_AREA ( #1313 ) ;
#1136 = ORIENTED_EDGE ( 'NONE', *, *, #1442, .T. ) ;
#1137 = DIRECTION ( 'NONE',  ( 0.0000000000000000000, 0.0000000000000000000, 1.000000000000000000 ) ) ;
#1138 = ORIENTED_EDGE ( 'NONE', *, *, #1288, .F. ) ;
#1139 =( NAMED_UNIT ( * ) PLANE_ANGLE_UNIT ( ) SI_UNIT ( $, .RADIAN. ) );
#1140 = APPLICATION_CONTEXT ( 'automotive_design' ) ;
#1141 = FILL_AREA_STYLE ('',( #448 ) ) ;
#1142 = CARTESIAN_POINT ( 'NONE',  ( -0.4000000000000000222, 0.4000000000000000222, 0.0000000000000000000 ) ) ;
#1143 = COLOUR_RGB ( '',0.0000000000000000000, 0.7411764705882353255, 0.0000000000000000000 ) ;
#1144 = DIRECTION ( 'NONE',  ( -4.323630019078185612E-19, -1.000000000000000000, -3.705968587780558768E-20 ) ) ;
#1145 = MECHANICAL_DESIGN_GEOMETRIC_PRESENTATION_REPRESENTATION (  '', ( #1223 ), #1108 ) ;
#1146 = FILL_AREA_STYLE ('',( #2267 ) ) ;
#1147 = CARTESIAN_POINT ( 'NONE',  ( 0.4000000000000000222, 0.4000000000000000222, 0.0000000000000000000 ) ) ;
#1148 = DIRECTION ( 'NONE',  ( 0.0000000000000000000, -0.0000000000000000000, -1.000000000000000000 ) ) ;
#1149 = ORIENTED_EDGE ( 'NONE', *, *, #1193, .F. ) ;
#1150 = DIRECTION ( 'NONE',  ( 0.0000000000000000000, -0.0000000000000000000, -1.000000000000000000 ) ) ;
#1151 = DIRECTION ( 'NONE',  ( -0.0000000000000000000, 1.224646799146999945E-16, 1.000000000000000000 ) ) ;
#1152 = ORIENTED_EDGE ( 'NONE', *, *, #1985, .F. ) ;
#1153 = CARTESIAN_POINT ( 'NONE',  ( -0.4516409507770000054, -0.3200000000000000067, 0.6000000000000000888 ) ) ;
#1154 = SURFACE_STYLE_USAGE ( .BOTH. , #951 ) ;
#1155 = ADVANCED_FACE ( 'NONE', ( #998 ), #684, .F. ) ;
#1156 = PRODUCT_DEFINITION_CONTEXT ( 'detailed design', #1109, 'design' ) ;
#1157 = VECTOR ( 'NONE', #1315, 1000.000000000000000 ) ;
#1158 = CIRCLE ( 'NONE', #1378, 0.1999999999999999833 ) ;
#1159 = ITEM_DEFINED_TRANSFORMATION ( 'NONE', 'NONE', #1439,  #2021 ) ;
#1160 = COLOUR_RGB ( '',0.8000000000000000444, 0.8000000000000000444, 0.8000000000000000444 ) ;
#1161 = ORIENTED_EDGE ( 'NONE', *, *, #852, .F. ) ;
#1162 = FACE_OUTER_BOUND ( 'NONE', #1677, .T. ) ;
#1163 = LINE ( 'NONE', #970, #1967 ) ;
#1164 = SURFACE_STYLE_FILL_AREA ( #2236 ) ;
#1165 = EDGE_LOOP ( 'NONE', ( #812, #665, #199, #1685 ) ) ;
#1166 = COLOUR_RGB ( '',0.0000000000000000000, 0.6666666666666666297, 0.0000000000000000000 ) ;
#1167 = FILL_AREA_STYLE_COLOUR ( '', #2231 ) ;
#1168 = CARTESIAN_POINT ( 'NONE',  ( 0.4000000000000000222, -0.4000000000000000222, 0.0000000000000000000 ) ) ;
#1169 =( LENGTH_UNIT ( ) NAMED_UNIT ( * ) SI_UNIT ( .MILLI., .METRE. ) );
#1170 = CARTESIAN_POINT ( 'NONE',  ( -0.6999999999999999556, -0.2999999999999999889, 0.2000000000000000111 ) ) ;
#1171 = DIRECTION ( 'NONE',  ( -0.0000000000000000000, 1.000000000000000000, 0.0000000000000000000 ) ) ;
#1172 = SURFACE_STYLE_USAGE ( .BOTH. , #1722 ) ;
#1173 = EDGE_LOOP ( 'NONE', ( #295, #1903, #1292, #2156 ) ) ;
#1174 = DIRECTION ( 'NONE',  ( -1.000000000000000000, -0.0000000000000000000, 0.0000000000000000000 ) ) ;
#1175 = CARTESIAN_POINT ( 'NONE',  ( -0.6000000000000000888, 0.0000000000000000000, 0.2000000000000000111 ) ) ;
#1176 = SURFACE_STYLE_FILL_AREA ( #1204 ) ;
#1177 = LINE ( 'NONE', #2084, #1983 ) ;
#1178 = PLANE ( 'NONE',  #2224 ) ;
#1179 = SURFACE_STYLE_USAGE ( .BOTH. , #1957 ) ;
#1180 = ORIENTED_EDGE ( 'NONE', *, *, #710, .F. ) ;
#1181 =( LENGTH_UNIT ( ) NAMED_UNIT ( * ) SI_UNIT ( .MILLI., .METRE. ) );
#1182 = FILL_AREA_STYLE ('',( #632 ) ) ;
#1183 = CARTESIAN_POINT ( 'NONE',  ( 0.8000000000000000444, 0.0000000000000000000, 0.2000000000000000111 ) ) ;
#1184 = CARTESIAN_POINT ( 'NONE',  ( 0.0000000000000000000, -0.1000000000000000056, 0.002000000000000000042 ) ) ;
#1185 = ADVANCED_FACE ( 'NONE', ( #1367 ), #1767, .T. ) ;
#1186 = DIRECTION ( 'NONE',  ( -0.0000000000000000000, -0.0000000000000000000, -1.000000000000000000 ) ) ;
#1187 = DIRECTION ( 'NONE',  ( 0.0000000000000000000, 0.0000000000000000000, 1.000000000000000000 ) ) ;
#1188 = VERTEX_POINT ( 'NONE', #552 ) ;
#1189 = DIRECTION ( 'NONE',  ( 0.0000000000000000000, -1.000000000000000000, 1.224646799146999945E-16 ) ) ;
#1190 = STYLED_ITEM ( 'NONE', ( #2170 ), #475 ) ;
#1191 = VERTEX_POINT ( 'NONE', #732 ) ;
#1192 = VECTOR ( 'NONE', #2219, 1000.000000000000000 ) ;
#1193 = EDGE_CURVE ( 'NONE', #645, #176, #314, .T. ) ;
#1194 = FILL_AREA_STYLE ('',( #859 ) ) ;
#1195 = DIRECTION ( 'NONE',  ( 1.000000000000000000, -4.323630019078185612E-19, -3.705968587780558768E-20 ) ) ;
#1196 = VECTOR ( 'NONE', #738, 1000.000000000000000 ) ;
#1197 = FACE_OUTER_BOUND ( 'NONE', #1165, .T. ) ;
#1198 = VECTOR ( 'NONE', #1594, 1000.000000000000000 ) ;
#1199 = AXIS2_PLACEMENT_3D ( 'NONE', #2316, #886, #1068 ) ;
#1200 = FACE_OUTER_BOUND ( 'NONE', #2322, .T. ) ;
#1201 = PRESENTATION_STYLE_ASSIGNMENT (( #2135 ) ) ;
#1202 = PRESENTATION_LAYER_ASSIGNMENT (  '', '', ( #683 ) ) ;
#1203 = DIRECTION ( 'NONE',  ( 0.0000000000000000000, 1.000000000000000000, -0.0000000000000000000 ) ) ;
#1204 = FILL_AREA_STYLE ('',( #2293 ) ) ;
#1205 = SURFACE_STYLE_USAGE ( .BOTH. , #712 ) ;
#1206 = CARTESIAN_POINT ( 'NONE',  ( 0.8000000000000000444, -0.4000000000000000222, 0.0000000000000000000 ) ) ;
#1207 = FILL_AREA_STYLE_COLOUR ( '', #895 ) ;
#1208 = EDGE_LOOP ( 'NONE', ( #156, #1102, #1342, #1152 ) ) ;
#1209 = CARTESIAN_POINT ( 'NONE',  ( -0.5000000000000000000, 0.3215678837576906868, 0.5817080228269734254 ) ) ;
#1210 = MANIFOLD_SOLID_BREP ( 'Imported1', #489 ) ;
#1211 = SURFACE_STYLE_USAGE ( .BOTH. , #2110 ) ;
#1212 = STYLED_ITEM ( 'NONE', ( #1660 ), #2174 ) ;
#1213 = FACE_OUTER_BOUND ( 'NONE', #857, .T. ) ;
#1214 =( LENGTH_UNIT ( ) NAMED_UNIT ( * ) SI_UNIT ( .MILLI., .METRE. ) );
#1215 = EDGE_CURVE ( 'NONE', #1093, #980, #318, .T. ) ;
#1216 = DIRECTION ( 'NONE',  ( 0.0000000000000000000, 0.0000000000000000000, 1.000000000000000000 ) ) ;
#1217 = CARTESIAN_POINT ( 'NONE',  ( -0.4000000000000000222, 0.4000000000000000222, 0.0000000000000000000 ) ) ;
#1218 = PRESENTATION_STYLE_ASSIGNMENT (( #1205 ) ) ;
#1219 = PRODUCT_DEFINITION_SHAPE ( 'NONE', 'NONE',  #2030 ) ;
#1220 =( LENGTH_UNIT ( ) NAMED_UNIT ( * ) SI_UNIT ( .MILLI., .METRE. ) );
#1221 = PLANE ( 'NONE',  #146 ) ;
#1222 = EDGE_CURVE ( 'NONE', #658, #1188, #2171, .T. ) ;
#1223 = STYLED_ITEM ( 'NONE', ( #189 ), #103 ) ;
#1224 = VERTEX_POINT ( 'NONE', #1632 ) ;
#1225 =( NAMED_UNIT ( * ) PLANE_ANGLE_UNIT ( ) SI_UNIT ( $, .RADIAN. ) );
#1226 = LINE ( 'NONE', #353, #1765 ) ;
#1227 = FILL_AREA_STYLE_COLOUR ( '', #2246 ) ;
#1228 = UNCERTAINTY_MEASURE_WITH_UNIT (LENGTH_MEASURE( 1.000000000000000082E-05 ), #1220, 'distance_accuracy_value', 'NONE');
#1229 = EDGE_CURVE ( 'NONE', #2052, #1191, #701, .T. ) ;
#1230 = CARTESIAN_POINT ( 'NONE',  ( 0.4000000000000000222, -0.4000000000000000222, 0.2000000000000000111 ) ) ;
#1231 =( LENGTH_UNIT ( ) NAMED_UNIT ( * ) SI_UNIT ( .MILLI., .METRE. ) );
#1232 =( NAMED_UNIT ( * ) PLANE_ANGLE_UNIT ( ) SI_UNIT ( $, .RADIAN. ) );
#1233 = VERTEX_POINT ( 'NONE', #889 ) ;
#1234 = MECHANICAL_DESIGN_GEOMETRIC_PRESENTATION_REPRESENTATION (  '', ( #670 ), #1080 ) ;
#1235 =( GEOMETRIC_REPRESENTATION_CONTEXT ( 3 ) GLOBAL_UNCERTAINTY_ASSIGNED_CONTEXT ( ( #2250 ) ) GLOBAL_UNIT_ASSIGNED_CONTEXT ( ( #1456, #1277, #564 ) ) REPRESENTATION_CONTEXT ( 'NONE', 'WORKASPACE' ) );
#1236 = CARTESIAN_POINT ( 'NONE',  ( 0.4000000000000000222, 0.4000000000000000222, 0.0000000000000000000 ) ) ;
#1237 = ORIENTED_EDGE ( 'NONE', *, *, #303, .F. ) ;
#1238 =( GEOMETRIC_REPRESENTATION_CONTEXT ( 3 ) GLOBAL_UNCERTAINTY_ASSIGNED_CONTEXT ( ( #607 ) ) GLOBAL_UNIT_ASSIGNED_CONTEXT ( ( #1351, #1679, #225 ) ) REPRESENTATION_CONTEXT ( 'NONE', 'WORKASPACE' ) );
#1239 = PRESENTATION_LAYER_ASSIGNMENT (  '', '', ( #897 ) ) ;
#1240 = FILL_AREA_STYLE_COLOUR ( '', #1050 ) ;
#1241 = PRESENTATION_LAYER_ASSIGNMENT (  '', '', ( #784 ) ) ;
#1242 = FILL_AREA_STYLE_COLOUR ( '', #1133 ) ;
#1243 = PRESENTATION_STYLE_ASSIGNMENT (( #155 ) ) ;
#1244 = SURFACE_SIDE_STYLE ('',( #163 ) ) ;
#1245 = ORIENTED_EDGE ( 'NONE', *, *, #2294, .T. ) ;
#1246 = LINE ( 'NONE', #718, #1741 ) ;
#1247 = VERTEX_POINT ( 'NONE', #724 ) ;
#1248 = AXIS2_PLACEMENT_3D ( 'NONE', #2088, #47, #1536 ) ;
#1249 = UNCERTAINTY_MEASURE_WITH_UNIT (LENGTH_MEASURE( 1.000000000000000082E-05 ), #2046, 'distance_accuracy_value', 'NONE');
#1250 = FILL_AREA_STYLE_COLOUR ( '', #1895 ) ;
#1251 = VECTOR ( 'NONE', #623, 1000.000000000000000 ) ;
#1252 = DIRECTION ( 'NONE',  ( -1.000000000000000000, -0.0000000000000000000, -0.0000000000000000000 ) ) ;
#1253 = ORIENTED_EDGE ( 'NONE', *, *, #667, .F. ) ;
#1254 = ADVANCED_FACE ( 'NONE', ( #1440, #2348 ), #532, .F. ) ;
#1255 = DIRECTION ( 'NONE',  ( -1.000000000000000000, -0.0000000000000000000, -0.0000000000000000000 ) ) ;
#1256 =( NAMED_UNIT ( * ) PLANE_ANGLE_UNIT ( ) SI_UNIT ( $, .RADIAN. ) );
#1257 =( NAMED_UNIT ( * ) PLANE_ANGLE_UNIT ( ) SI_UNIT ( $, .RADIAN. ) );
#1258 = PRODUCT_CONTEXT ( 'NONE', #1140, 'mechanical' ) ;
#1259 = CARTESIAN_POINT ( 'NONE',  ( -0.8000000000000000444, 0.4000000000000000222, 0.2000000000000000111 ) ) ;
#1260 = ORIENTED_EDGE ( 'NONE', *, *, #1263, .F. ) ;
#1261 =( LENGTH_UNIT ( ) NAMED_UNIT ( * ) SI_UNIT ( .MILLI., .METRE. ) );
#1262 =( LENGTH_UNIT ( ) NAMED_UNIT ( * ) SI_UNIT ( .MILLI., .METRE. ) );
#1263 = EDGE_CURVE ( 'NONE', #165, #382, #1817, .T. ) ;
#1264 =( NAMED_UNIT ( * ) PLANE_ANGLE_UNIT ( ) SI_UNIT ( $, .RADIAN. ) );
#1265 = DIRECTION ( 'NONE',  ( 1.000000000000000000, 0.0000000000000000000, 0.0000000000000000000 ) ) ;
#1266 = AXIS2_PLACEMENT_3D ( 'NONE', #1535, #2308, #99 ) ;
#1267 =( GEOMETRIC_REPRESENTATION_CONTEXT ( 3 ) GLOBAL_UNCERTAINTY_ASSIGNED_CONTEXT ( ( #2325 ) ) GLOBAL_UNIT_ASSIGNED_CONTEXT ( ( #1763, #128, #516 ) ) REPRESENTATION_CONTEXT ( 'NONE', 'WORKASPACE' ) );
#1268 = COLOUR_RGB ( '',0.7803921568627451011, 0.5686274509803921351, 0.1137254901960784298 ) ;
#1269 = CARTESIAN_POINT ( 'NONE',  ( 0.2000000000000000111, -0.4000000000000000222, 4.898587196586999654E-17 ) ) ;
#1270 = VECTOR ( 'NONE', #424, 1000.000000000000000 ) ;
#1271 = MECHANICAL_DESIGN_GEOMETRIC_PRESENTATION_REPRESENTATION (  '', ( #1541 ), #1902 ) ;
#1272 = CARTESIAN_POINT ( 'NONE',  ( 0.4516409507770000054, -0.3016409507769999832, 0.6000000000000000888 ) ) ;
#1273 = EDGE_LOOP ( 'NONE', ( #58, #1078, #2072, #616 ) ) ;
#1274 = SURFACE_STYLE_USAGE ( .BOTH. , #1303 ) ;
#1275 = VERTEX_POINT ( 'NONE', #1134 ) ;
#1276 = DIRECTION ( 'NONE',  ( 1.000000000000000000, 0.0000000000000000000, -0.0000000000000000000 ) ) ;
#1277 =( NAMED_UNIT ( * ) PLANE_ANGLE_UNIT ( ) SI_UNIT ( $, .RADIAN. ) );
#1278 = ADVANCED_FACE ( 'NONE', ( #940 ), #2278, .T. ) ;
#1279 = APPLICATION_PROTOCOL_DEFINITION ( 'draft international standard', 'automotive_design', 1998, #35 ) ;
#1280 = DIRECTION ( 'NONE',  ( -1.000000000000000000, 0.0000000000000000000, 0.0000000000000000000 ) ) ;
#1281 = ORIENTED_EDGE ( 'NONE', *, *, #1898, .F. ) ;
#1282 = SURFACE_STYLE_FILL_AREA ( #1475 ) ;
#1283 = EDGE_CURVE ( 'NONE', #910, #1023, #1659, .T. ) ;
#1284 = FILL_AREA_STYLE_COLOUR ( '', #717 ) ;
#1285 = ORIENTED_EDGE ( 'NONE', *, *, #153, .F. ) ;
#1286 = STYLED_ITEM ( 'NONE', ( #1947 ), #537 ) ;
#1287 = PRESENTATION_STYLE_ASSIGNMENT (( #1670 ) ) ;
#1288 = EDGE_CURVE ( 'NONE', #2089, #716, #579, .T. ) ;
#1289 = SHAPE_DEFINITION_REPRESENTATION ( #132, #2261 ) ;
#1290 = DIRECTION ( 'NONE',  ( 0.0000000000000000000, 0.0000000000000000000, 1.000000000000000000 ) ) ;
#1291 = CARTESIAN_POINT ( 'NONE',  ( 0.4000000000000000222, 0.4000000000000000222, 0.2000000000000000111 ) ) ;
#1292 = ORIENTED_EDGE ( 'NONE', *, *, #2251, .T. ) ;
#1293 =( LENGTH_UNIT ( ) NAMED_UNIT ( * ) SI_UNIT ( .MILLI., .METRE. ) );
#1294 = ORIENTED_EDGE ( 'NONE', *, *, #1320, .T. ) ;
#1295 = FILL_AREA_STYLE_COLOUR ( '', #824 ) ;
#1296 = CARTESIAN_POINT ( 'NONE',  ( 0.0000000000000000000, -0.09999999999999999167, 4.898587196589000156E-17 ) ) ;
#1297 = PRESENTATION_LAYER_ASSIGNMENT (  '', '', ( #1006 ) ) ;
#1298 = CYLINDRICAL_SURFACE ( 'NONE', #1346, 0.1999999999999999833 ) ;
#1299 = DIRECTION ( 'NONE',  ( 1.000000000000000000, 0.0000000000000000000, 0.0000000000000000000 ) ) ;
#1300 = CARTESIAN_POINT ( 'NONE',  ( -0.8000000000000000444, -0.4000000000000000222, 0.0000000000000000000 ) ) ;
#1301 = MECHANICAL_DESIGN_GEOMETRIC_PRESENTATION_REPRESENTATION (  '', ( #1897 ), #587 ) ;
#1302 = ORIENTED_EDGE ( 'NONE', *, *, #2210, .F. ) ;
#1303 = SURFACE_SIDE_STYLE ('',( #1510 ) ) ;
#1304 = STYLED_ITEM ( 'NONE', ( #540 ), #233 ) ;
#1305 = AXIS2_PLACEMENT_3D ( 'NONE', #648, #1879, #1686 ) ;
#1306 = VERTEX_POINT ( 'NONE', #399 ) ;
#1307 = DIRECTION ( 'NONE',  ( 0.0000000000000000000, 0.0000000000000000000, 1.000000000000000000 ) ) ;
#1308 = FILL_AREA_STYLE_COLOUR ( '', #1766 ) ;
#1309 = UNCERTAINTY_MEASURE_WITH_UNIT (LENGTH_MEASURE( 1.000000000000000082E-05 ), #790, 'distance_accuracy_value', 'NONE');
#1310 = DIRECTION ( 'NONE',  ( -0.9963466490417525190, 4.339483675923922730E-19, 0.08540114134641879629 ) ) ;
#1311 = DIRECTION ( 'NONE',  ( 0.0000000000000000000, -0.0000000000000000000, -1.000000000000000000 ) ) ;
#1312 = AXIS2_PLACEMENT_3D ( 'NONE', #1984, #20, #1477 ) ;
#1313 = FILL_AREA_STYLE ('',( #580 ) ) ;
#1314 = ORIENTED_EDGE ( 'NONE', *, *, #342, .T. ) ;
#1315 = DIRECTION ( 'NONE',  ( 0.0000000000000000000, -1.000000000000000000, -0.0000000000000000000 ) ) ;
#1316 = AXIS2_PLACEMENT_3D ( 'NONE', #94, #994, #493 ) ;
#1317 = FILL_AREA_STYLE ('',( #2070 ) ) ;
#1318 =( LENGTH_UNIT ( ) NAMED_UNIT ( * ) SI_UNIT ( .MILLI., .METRE. ) );
#1319 = ORIENTED_EDGE ( 'NONE', *, *, #197, .T. ) ;
#1320 = EDGE_CURVE ( 'NONE', #2334, #881, #265, .T. ) ;
#1321 = SHAPE_REPRESENTATION_RELATIONSHIP ( 'NONE' , 'NONE' ,  #1032, #988 ) ;
#1322 = SURFACE_STYLE_USAGE ( .BOTH. , #1350 ) ;
#1323 = DIRECTION ( 'NONE',  ( -0.0000000000000000000, -0.0000000000000000000, -1.000000000000000000 ) ) ;
#1324 = VECTOR ( 'NONE', #1704, 1000.000000000000000 ) ;
#1325 = FILL_AREA_STYLE ('',( #1560 ) ) ;
#1326 = PRESENTATION_LAYER_ASSIGNMENT (  '', '', ( #1639 ) ) ;
#1327 = DIRECTION ( 'NONE',  ( -0.0000000000000000000, -0.0000000000000000000, -1.000000000000000000 ) ) ;
#1328 = EDGE_CURVE ( 'NONE', #1233, #382, #825, .T. ) ;
#1329 = PRODUCT_RELATED_PRODUCT_CATEGORY ( 'part', '', ( #742 ) ) ;
#1330 = EDGE_LOOP ( 'NONE', ( #1759, #5, #2154, #1128 ) ) ;
#1331 = DIRECTION ( 'NONE',  ( 0.0000000000000000000, 0.0000000000000000000, -1.000000000000000000 ) ) ;
#1332 = FACE_OUTER_BOUND ( 'NONE', #1330, .T. ) ;
#1333 = VERTEX_POINT ( 'NONE', #2205 ) ;
#1334 = CARTESIAN_POINT ( 'NONE',  ( 0.4000000000000000222, 0.4000000000000000222, 0.0000000000000000000 ) ) ;
#1335 = UNCERTAINTY_MEASURE_WITH_UNIT (LENGTH_MEASURE( 1.000000000000000082E-05 ), #1026, 'distance_accuracy_value', 'NONE');
#1336 = SURFACE_STYLE_FILL_AREA ( #397 ) ;
#1337 = UNCERTAINTY_MEASURE_WITH_UNIT (LENGTH_MEASURE( 1.000000000000000082E-05 ), #973, 'distance_accuracy_value', 'NONE');
#1338 = SURFACE_STYLE_FILL_AREA ( #1146 ) ;
#1339 = MECHANICAL_DESIGN_GEOMETRIC_PRESENTATION_REPRESENTATION (  '', ( #2075 ), #513 ) ;
#1340 = COLOUR_RGB ( '',0.7803921568627451011, 0.5686274509803921351, 0.1137254901960784298 ) ;
#1341 = CARTESIAN_POINT ( 'NONE',  ( -0.4000000000000000222, 0.4000000000000000222, 0.0000000000000000000 ) ) ;
#1342 = ORIENTED_EDGE ( 'NONE', *, *, #636, .F. ) ;
#1343 = LINE ( 'NONE', #1206, #1690 ) ;
#1344 = CARTESIAN_POINT ( 'NONE',  ( 0.4000000000000000222, -0.4000000000000000222, 0.0000000000000000000 ) ) ;
#1345 = PRESENTATION_STYLE_ASSIGNMENT (( #816 ) ) ;
#1346 = AXIS2_PLACEMENT_3D ( 'NONE', #1132, #926, #217 ) ;
#1347 = VERTEX_POINT ( 'NONE', #15 ) ;
#1348 = STYLED_ITEM ( 'NONE', ( #1412 ), #1512 ) ;
#1349 = AXIS2_PLACEMENT_3D ( 'NONE', #328, #1847, #1794 ) ;
#1350 = SURFACE_SIDE_STYLE ('',( #51 ) ) ;
#1351 =( LENGTH_UNIT ( ) NAMED_UNIT ( * ) SI_UNIT ( .MILLI., .METRE. ) );
#1352 = LINE ( 'NONE', #2057, #1106 ) ;
#1353 = DIRECTION ( 'NONE',  ( 0.0000000000000000000, 0.0000000000000000000, -1.000000000000000000 ) ) ;
#1354 = DIRECTION ( 'NONE',  ( -0.0000000000000000000, -0.0000000000000000000, -1.000000000000000000 ) ) ;
#1355 =( LENGTH_UNIT ( ) NAMED_UNIT ( * ) SI_UNIT ( .MILLI., .METRE. ) );
#1356 =( GEOMETRIC_REPRESENTATION_CONTEXT ( 3 ) GLOBAL_UNCERTAINTY_ASSIGNED_CONTEXT ( ( #2327 ) ) GLOBAL_UNIT_ASSIGNED_CONTEXT ( ( #1550, #1232, #1758 ) ) REPRESENTATION_CONTEXT ( 'NONE', 'WORKASPACE' ) );
#1357 = ORIENTED_EDGE ( 'NONE', *, *, #2346, .T. ) ;
#1358 = CARTESIAN_POINT ( 'NONE',  ( -0.8000000000000000444, 0.4000000000000000222, 0.0000000000000000000 ) ) ;
#1359 = DIRECTION ( 'NONE',  ( 1.000000000000000000, 0.0000000000000000000, 0.0000000000000000000 ) ) ;
#1360 = CARTESIAN_POINT ( 'NONE',  ( 0.4000000000000000222, -0.4000000000000000222, 0.0000000000000000000 ) ) ;
#1361 = UNCERTAINTY_MEASURE_WITH_UNIT (LENGTH_MEASURE( 1.000000000000000082E-05 ), #2191, 'distance_accuracy_value', 'NONE');
#1362 =( NAMED_UNIT ( * ) PLANE_ANGLE_UNIT ( ) SI_UNIT ( $, .RADIAN. ) );
#1363 = PLANE ( 'NONE',  #802 ) ;
#1364 = EDGE_CURVE ( 'NONE', #2207, #1394, #653, .T. ) ;
#1365 = ORIENTED_EDGE ( 'NONE', *, *, #2106, .T. ) ;
#1366 = AXIS2_PLACEMENT_3D ( 'NONE', #2335, #1822, #1467 ) ;
#1367 = FACE_OUTER_BOUND ( 'NONE', #1124, .T. ) ;
#1368 = PRESENTATION_STYLE_ASSIGNMENT (( #1595 ) ) ;
#1369 = ORIENTED_EDGE ( 'NONE', *, *, #1951, .F. ) ;
#1370 = DIRECTION ( 'NONE',  ( 0.0000000000000000000, 0.0000000000000000000, -1.000000000000000000 ) ) ;
#1371 = DIRECTION ( 'NONE',  ( 0.0000000000000000000, 1.000000000000000000, -0.0000000000000000000 ) ) ;
#1372 = DIRECTION ( 'NONE',  ( 1.000000000000000000, 0.0000000000000000000, -0.0000000000000000000 ) ) ;
#1373 = FILL_AREA_STYLE ('',( #1250 ) ) ;
#1374 = APPLICATION_CONTEXT ( 'automotive_design' ) ;
#1375 = DIRECTION ( 'NONE',  ( -0.08509140416868289647, -0.08509140416959970477, -0.9927330486455296921 ) ) ;
#1376 = VERTEX_POINT ( 'NONE', #1147 ) ;
#1377 = SURFACE_STYLE_USAGE ( .BOTH. , #854 ) ;
#1378 = AXIS2_PLACEMENT_3D ( 'NONE', #245, #1327, #1706 ) ;
#1379 = ORIENTED_EDGE ( 'NONE', *, *, #105, .T. ) ;
#1380 = AXIS2_PLACEMENT_3D ( 'NONE', #3, #337, #2001 ) ;
#1381 = VECTOR ( 'NONE', #462, 1000.000000000000000 ) ;
#1382 = DIRECTION ( 'NONE',  ( 0.0000000000000000000, -1.000000000000000000, 1.224646799146999945E-16 ) ) ;
#1383 = AXIS2_PLACEMENT_3D ( 'NONE', #692, #1407, #2285 ) ;
#1384 = CARTESIAN_POINT ( 'NONE',  ( -0.6999999999999999556, -0.2999999999999999889, 0.1799999999999999933 ) ) ;
#1385 = PRESENTATION_LAYER_ASSIGNMENT (  '', '', ( #316 ) ) ;
#1386 =( GEOMETRIC_REPRESENTATION_CONTEXT ( 3 ) GLOBAL_UNCERTAINTY_ASSIGNED_CONTEXT ( ( #151 ) ) GLOBAL_UNIT_ASSIGNED_CONTEXT ( ( #1454, #1257, #906 ) ) REPRESENTATION_CONTEXT ( 'NONE', 'WORKASPACE' ) );
#1387 = DIRECTION ( 'NONE',  ( 0.0000000000000000000, 0.0000000000000000000, -1.000000000000000000 ) ) ;
#1388 = PRESENTATION_STYLE_ASSIGNMENT (( #527 ) ) ;
#1389 = UNCERTAINTY_MEASURE_WITH_UNIT (LENGTH_MEASURE( 1.000000000000000082E-05 ), #148, 'distance_accuracy_value', 'NONE');
#1390 = FILL_AREA_STYLE_COLOUR ( '', #894 ) ;
#1391 =( LENGTH_UNIT ( ) NAMED_UNIT ( * ) SI_UNIT ( .MILLI., .METRE. ) );
#1392 = LINE ( 'NONE', #315, #1855 ) ;
#1393 =( NAMED_UNIT ( * ) SI_UNIT ( $, .STERADIAN. ) SOLID_ANGLE_UNIT ( ) );
#1394 = VERTEX_POINT ( 'NONE', #1112 ) ;
#1395 = DIRECTION ( 'NONE',  ( 1.000000000000000000, 0.0000000000000000000, 0.0000000000000000000 ) ) ;
#1396 =( GEOMETRIC_REPRESENTATION_CONTEXT ( 3 ) GLOBAL_UNCERTAINTY_ASSIGNED_CONTEXT ( ( #1309 ) ) GLOBAL_UNIT_ASSIGNED_CONTEXT ( ( #790, #1513, #1698 ) ) REPRESENTATION_CONTEXT ( 'NONE', 'WORKASPACE' ) );
#1397 =( REPRESENTATION_RELATIONSHIP ('NONE','NONE', #1507, #2330 ) REPRESENTATION_RELATIONSHIP_WITH_TRANSFORMATION ( #1159 )SHAPE_REPRESENTATION_RELATIONSHIP( ) );
#1398 = EDGE_CURVE ( 'NONE', #1910, #910, #104, .T. ) ;
#1399 = DIRECTION ( 'NONE',  ( 0.0000000000000000000, -0.0000000000000000000, -1.000000000000000000 ) ) ;
#1400 = STYLED_ITEM ( 'NONE', ( #2182 ), #2079 ) ;
#1401 = PLANE ( 'NONE',  #657 ) ;
#1402 =( LENGTH_UNIT ( ) NAMED_UNIT ( * ) SI_UNIT ( .MILLI., .METRE. ) );
#1403 = EDGE_CURVE ( 'NONE', #1700, #121, #1927, .T. ) ;
#1404 = AXIS2_PLACEMENT_3D ( 'NONE', #2204, #1858, #1472 ) ;
#1405 = SURFACE_STYLE_FILL_AREA ( #1756 ) ;
#1406 =( GEOMETRIC_REPRESENTATION_CONTEXT ( 3 ) GLOBAL_UNCERTAINTY_ASSIGNED_CONTEXT ( ( #332 ) ) GLOBAL_UNIT_ASSIGNED_CONTEXT ( ( #439, #288, #474 ) ) REPRESENTATION_CONTEXT ( 'NONE', 'WORKASPACE' ) );
#1407 = DIRECTION ( 'NONE',  ( 0.0000000000000000000, 0.0000000000000000000, 1.000000000000000000 ) ) ;
#1408 = EDGE_LOOP ( 'NONE', ( #1552, #1873, #109, #995 ) ) ;
#1409 = ORIENTED_EDGE ( 'NONE', *, *, #807, .F. ) ;
#1410 = UNCERTAINTY_MEASURE_WITH_UNIT (LENGTH_MEASURE( 1.000000000000000082E-05 ), #1469, 'distance_accuracy_value', 'NONE');
#1411 = SURFACE_SIDE_STYLE ('',( #2291 ) ) ;
#1412 = PRESENTATION_STYLE_ASSIGNMENT (( #1600 ) ) ;
#1413 = UNCERTAINTY_MEASURE_WITH_UNIT (LENGTH_MEASURE( 1.000000000000000082E-05 ), #451, 'distance_accuracy_value', 'NONE');
#1414 =( LENGTH_UNIT ( ) NAMED_UNIT ( * ) SI_UNIT ( .MILLI., .METRE. ) );
#1415 =( NAMED_UNIT ( * ) SI_UNIT ( $, .STERADIAN. ) SOLID_ANGLE_UNIT ( ) );
#1416 = FILL_AREA_STYLE_COLOUR ( '', #1710 ) ;
#1417 = VERTEX_POINT ( 'NONE', #278 ) ;
#1418 = VECTOR ( 'NONE', #383, 1000.000000000000000 ) ;
#1419 =( GEOMETRIC_REPRESENTATION_CONTEXT ( 3 ) GLOBAL_UNCERTAINTY_ASSIGNED_CONTEXT ( ( #309 ) ) GLOBAL_UNIT_ASSIGNED_CONTEXT ( ( #2080, #1362, #639 ) ) REPRESENTATION_CONTEXT ( 'NONE', 'WORKASPACE' ) );
#1420 =( NAMED_UNIT ( * ) SI_UNIT ( $, .STERADIAN. ) SOLID_ANGLE_UNIT ( ) );
#1421 = VECTOR ( 'NONE', #1311, 1000.000000000000000 ) ;
#1422 = SURFACE_STYLE_FILL_AREA ( #675 ) ;
#1423 = SURFACE_STYLE_USAGE ( .BOTH. , #491 ) ;
#1424 = CARTESIAN_POINT ( 'NONE',  ( -0.8000000000000000444, 0.4000000000000000222, 0.2000000000000000111 ) ) ;
#1425 = CARTESIAN_POINT ( 'NONE',  ( 0.4706339073361386904, -0.3206339073361386127, 0.5926044144130637736 ) ) ;
#1426 =( NAMED_UNIT ( * ) SI_UNIT ( $, .STERADIAN. ) SOLID_ANGLE_UNIT ( ) );
#1427 = ORIENTED_EDGE ( 'NONE', *, *, #171, .T. ) ;
#1428 = FILL_AREA_STYLE ('',( #1284 ) ) ;
#1429 = ORIENTED_EDGE ( 'NONE', *, *, #1788, .F. ) ;
#1430 = EDGE_CURVE ( 'NONE', #1661, #658, #1014, .T. ) ;
#1431 = UNCERTAINTY_MEASURE_WITH_UNIT (LENGTH_MEASURE( 1.000000000000000082E-05 ), #1683, 'distance_accuracy_value', 'NONE');
#1432 =( LENGTH_UNIT ( ) NAMED_UNIT ( * ) SI_UNIT ( .MILLI., .METRE. ) );
#1433 = STYLED_ITEM ( 'NONE', ( #1345 ), #1965 ) ;
#1434 = PRODUCT_DEFINITION ( 'UNKNOWN', '', #1030, #991 ) ;
#1435 = FILL_AREA_STYLE ('',( #548 ) ) ;
#1436 =( GEOMETRIC_REPRESENTATION_CONTEXT ( 3 ) GLOBAL_UNCERTAINTY_ASSIGNED_CONTEXT ( ( #2091 ) ) GLOBAL_UNIT_ASSIGNED_CONTEXT ( ( #749, #569, #1899 ) ) REPRESENTATION_CONTEXT ( 'NONE', 'WORKASPACE' ) );
#1437 = SURFACE_SIDE_STYLE ('',( #722 ) ) ;
#1438 = APPLICATION_PROTOCOL_DEFINITION ( 'draft international standard', 'automotive_design', 1998, #402 ) ;
#1439 = AXIS2_PLACEMENT_3D ( 'NONE', #2360, #1449, #916 ) ;
#1440 = FACE_BOUND ( 'NONE', #1970, .T. ) ;
#1441 = PRESENTATION_STYLE_ASSIGNMENT (( #1980 ) ) ;
#1442 = EDGE_CURVE ( 'NONE', #466, #971, #44, .T. ) ;
#1443 = ORIENTED_EDGE ( 'NONE', *, *, #1403, .F. ) ;
#1444 = FILL_AREA_STYLE ('',( #486 ) ) ;
#1445 = PRESENTATION_LAYER_ASSIGNMENT (  '', '', ( #1678 ) ) ;
#1446 = LINE ( 'NONE', #1836, #321 ) ;
#1447 =( NAMED_UNIT ( * ) PLANE_ANGLE_UNIT ( ) SI_UNIT ( $, .RADIAN. ) );
#1448 = FACE_OUTER_BOUND ( 'NONE', #1496, .T. ) ;
#1449 = DIRECTION ( 'NONE',  ( 0.0000000000000000000, 0.0000000000000000000, 1.000000000000000000 ) ) ;
#1450 = DIRECTION ( 'NONE',  ( 0.0000000000000000000, 0.0000000000000000000, -1.000000000000000000 ) ) ;
#1451 = ORIENTED_EDGE ( 'NONE', *, *, #557, .F. ) ;
#1452 = LINE ( 'NONE', #1075, #396 ) ;
#1453 = PRESENTATION_LAYER_ASSIGNMENT (  '', '', ( #2075 ) ) ;
#1454 =( LENGTH_UNIT ( ) NAMED_UNIT ( * ) SI_UNIT ( .MILLI., .METRE. ) );
#1455 = STYLED_ITEM ( 'NONE', ( #668 ), #1053 ) ;
#1456 =( LENGTH_UNIT ( ) NAMED_UNIT ( * ) SI_UNIT ( .MILLI., .METRE. ) );
#1457 = PRESENTATION_LAYER_ASSIGNMENT (  '', '', ( #588 ) ) ;
#1458 = VECTOR ( 'NONE', #1003, 1000.000000000000000 ) ;
#1459 = FILL_AREA_STYLE ('',( #2178 ) ) ;
#1460 = ADVANCED_FACE ( 'NONE', ( #2032 ), #1076, .T. ) ;
#1461 = APPLICATION_PROTOCOL_DEFINITION ( 'draft international standard', 'automotive_design', 1998, #506 ) ;
#1462 = VECTOR ( 'NONE', #1195, 1000.000000000000000 ) ;
#1463 = CARTESIAN_POINT ( 'NONE',  ( 0.4000000000000000222, 0.4000000000000000222, 0.0000000000000000000 ) ) ;
#1464 = ORIENTED_EDGE ( 'NONE', *, *, #1634, .F. ) ;
#1465 = FACE_OUTER_BOUND ( 'NONE', #753, .T. ) ;
#1466 = ORIENTED_EDGE ( 'NONE', *, *, #2282, .T. ) ;
#1467 = DIRECTION ( 'NONE',  ( 1.000000000000000000, 0.0000000000000000000, 0.0000000000000000000 ) ) ;
#1468 = EDGE_CURVE ( 'NONE', #1888, #466, #2292, .T. ) ;
#1469 =( LENGTH_UNIT ( ) NAMED_UNIT ( * ) SI_UNIT ( .MILLI., .METRE. ) );
#1470 = ADVANCED_FACE ( 'NONE', ( #1786 ), #866, .T. ) ;
#1471 = VECTOR ( 'NONE', #901, 1000.000000000000000 ) ;
#1472 = DIRECTION ( 'NONE',  ( 1.000000000000000000, 0.0000000000000000000, 0.0000000000000000000 ) ) ;
#1473 = DIRECTION ( 'NONE',  ( 0.0000000000000000000, -1.224646799146999945E-16, -1.000000000000000000 ) ) ;
#1474 = ORIENTED_EDGE ( 'NONE', *, *, #1717, .T. ) ;
#1475 = FILL_AREA_STYLE ('',( #1497 ) ) ;
#1476 = PRODUCT_DEFINITION_FORMATION_WITH_SPECIFIED_SOURCE ( 'ANY', '', #377, .NOT_KNOWN. ) ;
#1477 = DIRECTION ( 'NONE',  ( 0.0000000000000000000, -1.224646799146999945E-16, -1.000000000000000000 ) ) ;
#1478 = EDGE_LOOP ( 'NONE', ( #2116, #1260, #2047, #1635, #1451, #734, #1579, #101 ) ) ;
#1479 = FILL_AREA_STYLE ('',( #385 ) ) ;
#1480 =( GEOMETRIC_REPRESENTATION_CONTEXT ( 3 ) GLOBAL_UNCERTAINTY_ASSIGNED_CONTEXT ( ( #1043 ) ) GLOBAL_UNIT_ASSIGNED_CONTEXT ( ( #370, #921, #2356 ) ) REPRESENTATION_CONTEXT ( 'NONE', 'WORKASPACE' ) );
#1481 = FACE_OUTER_BOUND ( 'NONE', #1596, .T. ) ;
#1482 = PRESENTATION_LAYER_ASSIGNMENT (  '', '', ( #255 ) ) ;
#1483 = SURFACE_SIDE_STYLE ('',( #243 ) ) ;
#1484 = SURFACE_STYLE_FILL_AREA ( #1459 ) ;
#1485 = SHAPE_DEFINITION_REPRESENTATION ( #882, #1032 ) ;
#1486 = DIRECTION ( 'NONE',  ( -1.000000000000000000, 0.0000000000000000000, 0.0000000000000000000 ) ) ;
#1487 = DIRECTION ( 'NONE',  ( 1.000000000000000000, 0.0000000000000000000, 0.0000000000000000000 ) ) ;
#1488 = ORIENTED_EDGE ( 'NONE', *, *, #137, .T. ) ;
#1489 =( NAMED_UNIT ( * ) PLANE_ANGLE_UNIT ( ) SI_UNIT ( $, .RADIAN. ) );
#1490 = ORIENTED_EDGE ( 'NONE', *, *, #63, .F. ) ;
#1491 =( NAMED_UNIT ( * ) PLANE_ANGLE_UNIT ( ) SI_UNIT ( $, .RADIAN. ) );
#1492 =( BOUNDED_CURVE ( )  B_SPLINE_CURVE ( 3, ( #834, #695, #845, #1024 ),
 .UNSPECIFIED., .F., .F. ) 
 B_SPLINE_CURVE_WITH_KNOTS ( ( 4, 4 ),
 ( 4.712388980384689674, 6.197680013498873208 ),
 .UNSPECIFIED. ) 
 CURVE ( )  GEOMETRIC_REPRESENTATION_ITEM ( )  RATIONAL_B_SPLINE_CURVE ( ( 1.000000000000000000, 0.8244547578640665231, 0.8244547578640665231, 1.000000000000000000 ) ) 
 REPRESENTATION_ITEM ( '' )  );
#1493 = AXIS2_PLACEMENT_3D ( 'NONE', #1384, #2314, #2300 ) ;
#1494 = AXIS2_PLACEMENT_3D ( 'NONE', #1558, #1216, #2317 ) ;
#1495 = VECTOR ( 'NONE', #1526, 1000.000000000000000 ) ;
#1496 = EDGE_LOOP ( 'NONE', ( #2029, #1094, #1509, #1958 ) ) ;
#1497 = FILL_AREA_STYLE_COLOUR ( '', #965 ) ;
#1498 = AXIS2_PLACEMENT_3D ( 'NONE', #1591, #505, #1961 ) ;
#1499 = DIRECTION ( 'NONE',  ( 0.0000000000000000000, -0.0000000000000000000, 1.000000000000000000 ) ) ;
#1500 = ORIENTED_EDGE ( 'NONE', *, *, #1985, .T. ) ;
#1501 = LINE ( 'NONE', #409, #975 ) ;
#1502 = EDGE_CURVE ( 'NONE', #980, #716, #310, .T. ) ;
#1503 = DIRECTION ( 'NONE',  ( -0.0000000000000000000, 1.000000000000000000, 0.0000000000000000000 ) ) ;
#1504 = DIRECTION ( 'NONE',  ( 0.08509140416959970477, -0.08509140416868289647, -0.9927330486455296921 ) ) ;
#1505 = UNCERTAINTY_MEASURE_WITH_UNIT (LENGTH_MEASURE( 1.000000000000000082E-05 ), #1991, 'distance_accuracy_value', 'NONE');
#1506 = CARTESIAN_POINT ( 'NONE',  ( 0.4699999999999999734, -0.3016409507769999832, 0.6000000000000000888 ) ) ;
#1507 = SHAPE_REPRESENTATION ( 'User Library-LED_0603_G', ( #374, #2134, #1557, #754, #1404, #1439 ), #2287 ) ;
#1508 = STYLED_ITEM ( 'NONE', ( #1876 ), #1974 ) ;
#1509 = ORIENTED_EDGE ( 'NONE', *, *, #2106, .F. ) ;
#1510 = SURFACE_STYLE_FILL_AREA ( #1696 ) ;
#1511 = MECHANICAL_DESIGN_GEOMETRIC_PRESENTATION_REPRESENTATION (  '', ( #1400 ), #1099 ) ;
#1512 = ADVANCED_FACE ( 'NONE', ( #117 ), #476, .T. ) ;
#1513 =( NAMED_UNIT ( * ) PLANE_ANGLE_UNIT ( ) SI_UNIT ( $, .RADIAN. ) );
#1514 = ORIENTED_EDGE ( 'NONE', *, *, #852, .T. ) ;
#1515 =( LENGTH_UNIT ( ) NAMED_UNIT ( * ) SI_UNIT ( .MILLI., .METRE. ) );
#1516 = CARTESIAN_POINT ( 'NONE',  ( 0.2000000000000000111, 0.09999999999999999167, -1.224646799148000227E-17 ) ) ;
#1517 = SURFACE_STYLE_USAGE ( .BOTH. , #1483 ) ;
#1518 = STYLED_ITEM ( 'NONE', ( #808 ), #847 ) ;
#1519 = SURFACE_STYLE_FILL_AREA ( #839 ) ;
#1520 =( NAMED_UNIT ( * ) SI_UNIT ( $, .STERADIAN. ) SOLID_ANGLE_UNIT ( ) );
#1521 = ORIENTED_EDGE ( 'NONE', *, *, #1713, .T. ) ;
#1522 = CARTESIAN_POINT ( 'NONE',  ( -0.4999999999999985012, 0.3499999999999998113, 0.2499999999999997780 ) ) ;
#1523 = SURFACE_STYLE_USAGE ( .BOTH. , #1712 ) ;
#1524 = ORIENTED_EDGE ( 'NONE', *, *, #1760, .T. ) ;
#1525 = SHAPE_REPRESENTATION_RELATIONSHIP ( 'NONE' , 'NONE' ,  #543, #847 ) ;
#1526 = DIRECTION ( 'NONE',  ( -1.000000000000000000, -0.0000000000000000000, 0.0000000000000000000 ) ) ;
#1527 = PRESENTATION_STYLE_ASSIGNMENT (( #1154 ) ) ;
#1528 = VECTOR ( 'NONE', #141, 1000.000000000000000 ) ;
#1529 = UNCERTAINTY_MEASURE_WITH_UNIT (LENGTH_MEASURE( 1.000000000000000082E-05 ), #1118, 'distance_accuracy_value', 'NONE');
#1530 = FILL_AREA_STYLE_COLOUR ( '', #974 ) ;
#1531 = VECTOR ( 'NONE', #957, 1000.000000000000000 ) ;
#1532 = STYLED_ITEM ( 'NONE', ( #152 ), #359 ) ;
#1533 = CARTESIAN_POINT ( 'NONE',  ( -0.4516409507770000054, -0.3016409507769999832, 0.6000000000000000888 ) ) ;
#1534 = ADVANCED_FACE ( 'NONE', ( #1666 ), #386, .T. ) ;
#1535 = CARTESIAN_POINT ( 'NONE',  ( 0.2000000000000000111, 0.4000000000000000222, -4.898587196589000156E-17 ) ) ;
#1536 = DIRECTION ( 'NONE',  ( 1.000000000000000000, 0.0000000000000000000, -0.0000000000000000000 ) ) ;
#1537 = AXIS2_PLACEMENT_3D ( 'NONE', #550, #376, #1857 ) ;
#1538 = EDGE_LOOP ( 'NONE', ( #2270, #1649, #1801, #967 ) ) ;
#1539 = COLOUR_RGB ( '',0.0000000000000000000, 0.6666666666666666297, 0.0000000000000000000 ) ;
#1540 =( NAMED_UNIT ( * ) PLANE_ANGLE_UNIT ( ) SI_UNIT ( $, .RADIAN. ) );
#1541 = STYLED_ITEM ( 'NONE', ( #976 ), #1641 ) ;
#1542 = DIRECTION ( 'NONE',  ( -1.000000000000000000, 0.0000000000000000000, 0.0000000000000000000 ) ) ;
#1543 = LINE ( 'NONE', #767, #472 ) ;
#1544 = CARTESIAN_POINT ( 'NONE',  ( 0.4699999999999999734, -0.3016409507769999832, 0.5799999999999999600 ) ) ;
#1545 = EDGE_CURVE ( 'NONE', #1093, #1224, #563, .T. ) ;
#1546 = CARTESIAN_POINT ( 'NONE',  ( -0.8000000000000000444, 0.0000000000000000000, 0.0000000000000000000 ) ) ;
#1547 = APPLICATION_CONTEXT ( 'automotive_design' ) ;
#1548 = LINE ( 'NONE', #1798, #88 ) ;
#1549 = SURFACE_STYLE_USAGE ( .BOTH. , #643 ) ;
#1550 =( LENGTH_UNIT ( ) NAMED_UNIT ( * ) SI_UNIT ( .MILLI., .METRE. ) );
#1551 = COLOUR_RGB ( '',0.0000000000000000000, 0.7411764705882353255, 0.0000000000000000000 ) ;
#1552 = ORIENTED_EDGE ( 'NONE', *, *, #799, .T. ) ;
#1553 =( NAMED_UNIT ( * ) PLANE_ANGLE_UNIT ( ) SI_UNIT ( $, .RADIAN. ) );
#1554 = DIRECTION ( 'NONE',  ( -0.0000000000000000000, 1.000000000000000000, 0.0000000000000000000 ) ) ;
#1555 = FILL_AREA_STYLE ('',( #836 ) ) ;
#1556 = DIRECTION ( 'NONE',  ( 0.0000000000000000000, 0.0000000000000000000, -1.000000000000000000 ) ) ;
#1557 = AXIS2_PLACEMENT_3D ( 'NONE', #2012, #541, #361 ) ;
#1558 = CARTESIAN_POINT ( 'NONE',  ( 0.4000000000000000222, 0.4000000000000000222, 0.0000000000000000000 ) ) ;
#1559 = VECTOR ( 'NONE', #1375, 1000.000000000000114 ) ;
#1560 = FILL_AREA_STYLE_COLOUR ( '', #1143 ) ;
#1561 = VERTEX_POINT ( 'NONE', #1997 ) ;
#1562 = FILL_AREA_STYLE_COLOUR ( '', #862 ) ;
#1563 = DIRECTION ( 'NONE',  ( 1.000000000000000000, 0.0000000000000000000, 0.0000000000000000000 ) ) ;
#1564 = SURFACE_SIDE_STYLE ('',( #1732 ) ) ;
#1565 = VERTEX_POINT ( 'NONE', #721 ) ;
#1566 =( NAMED_UNIT ( * ) SI_UNIT ( $, .STERADIAN. ) SOLID_ANGLE_UNIT ( ) );
#1567 = PLANE ( 'NONE',  #1349 ) ;
#1568 = DIRECTION ( 'NONE',  ( 0.0000000000000000000, -1.000000000000000000, 0.0000000000000000000 ) ) ;
#1569 = FILL_AREA_STYLE_COLOUR ( '', #1697 ) ;
#1570 = LINE ( 'NONE', #851, #2149 ) ;
#1571 = SURFACE_STYLE_FILL_AREA ( #1031 ) ;
#1572 = DIRECTION ( 'NONE',  ( 0.0000000000000000000, -1.000000000000000000, -0.0000000000000000000 ) ) ;
#1573 = LINE ( 'NONE', #1747, #1852 ) ;
#1574 =( NAMED_UNIT ( * ) SI_UNIT ( $, .STERADIAN. ) SOLID_ANGLE_UNIT ( ) );
#1575 = STYLED_ITEM ( 'NONE', ( #2257 ), #1029 ) ;
#1576 = STYLED_ITEM ( 'NONE', ( #2363 ), #485 ) ;
#1577 = CARTESIAN_POINT ( 'NONE',  ( -0.4699999999999999734, 0.3016409507769999832, 0.5799999999999999600 ) ) ;
#1578 = EDGE_CURVE ( 'NONE', #1838, #2025, #2120, .T. ) ;
#1579 = ORIENTED_EDGE ( 'NONE', *, *, #2147, .F. ) ;
#1580 = PRESENTATION_LAYER_ASSIGNMENT (  '', '', ( #350 ) ) ;
#1581 = VECTOR ( 'NONE', #1503, 1000.000000000000000 ) ;
#1582 = SURFACE_STYLE_FILL_AREA ( #1009 ) ;
#1583 = PRODUCT_DEFINITION_SHAPE ( 'NONE', 'NONE',  #30 ) ;
#1584 = CARTESIAN_POINT ( 'NONE',  ( -0.5000000000000000000, 0.3499999999999999778, 0.2500000000000000000 ) ) ;
#1585 = ADVANCED_FACE ( 'NONE', ( #1481 ), #2212, .T. ) ;
#1586 = MECHANICAL_DESIGN_GEOMETRIC_PRESENTATION_REPRESENTATION (  '', ( #395 ), #1011 ) ;
#1587 = VECTOR ( 'NONE', #200, 1000.000000000000000 ) ;
#1588 = CARTESIAN_POINT ( 'NONE',  ( 0.5000000000000000000, -0.3499999999999999778, 0.2000000000000000111 ) ) ;
#1589 = UNCERTAINTY_MEASURE_WITH_UNIT (LENGTH_MEASURE( 1.000000000000000082E-05 ), #1414, 'distance_accuracy_value', 'NONE');
#1590 =( NAMED_UNIT ( * ) SI_UNIT ( $, .STERADIAN. ) SOLID_ANGLE_UNIT ( ) );
#1591 = CARTESIAN_POINT ( 'NONE',  ( -0.8000000000000000444, 0.0000000000000000000, 0.2000000000000000111 ) ) ;
#1592 = UNCERTAINTY_MEASURE_WITH_UNIT (LENGTH_MEASURE( 1.000000000000000082E-05 ), #1214, 'distance_accuracy_value', 'NONE');
#1593 = PLANE ( 'NONE',  #1494 ) ;
#1594 = DIRECTION ( 'NONE',  ( 0.0000000000000000000, 1.000000000000000000, -0.0000000000000000000 ) ) ;
#1595 = SURFACE_STYLE_USAGE ( .BOTH. , #1738 ) ;
#1596 = EDGE_LOOP ( 'NONE', ( #641, #2286, #1821, #1514 ) ) ;
#1597 = PRESENTATION_STYLE_ASSIGNMENT (( #705 ) ) ;
#1598 = ORIENTED_EDGE ( 'NONE', *, *, #1364, .F. ) ;
#1599 = CARTESIAN_POINT ( 'NONE',  ( -0.5000000000000000000, 0.3350000000000000200, 0.4249999999999999889 ) ) ;
#1600 = SURFACE_STYLE_USAGE ( .BOTH. , #876 ) ;
#1601 = LINE ( 'NONE', #2303, #50 ) ;
#1602 = STYLED_ITEM ( 'NONE', ( #1607 ), #2362 ) ;
#1603 = SURFACE_SIDE_STYLE ('',( #1626 ) ) ;
#1604 = ORIENTED_EDGE ( 'NONE', *, *, #1468, .F. ) ;
#1605 = LINE ( 'NONE', #484, #2010 ) ;
#1606 = ORIENTED_EDGE ( 'NONE', *, *, #1726, .T. ) ;
#1607 = PRESENTATION_STYLE_ASSIGNMENT (( #1095 ) ) ;
#1608 = SURFACE_SIDE_STYLE ('',( #126 ) ) ;
#1609 = SURFACE_STYLE_USAGE ( .BOTH. , #1977 ) ;
#1610 = CARTESIAN_POINT ( 'NONE',  ( 0.5000000000000000000, -0.3499999999999999778, 0.2000000000000000111 ) ) ;
#1611 = FILL_AREA_STYLE_COLOUR ( '', #166 ) ;
#1612 =( NAMED_UNIT ( * ) PLANE_ANGLE_UNIT ( ) SI_UNIT ( $, .RADIAN. ) );
#1613 = EDGE_CURVE ( 'NONE', #431, #881, #1716, .T. ) ;
#1614 = ORIENTED_EDGE ( 'NONE', *, *, #2294, .F. ) ;
#1615 =( GEOMETRIC_REPRESENTATION_CONTEXT ( 3 ) GLOBAL_UNCERTAINTY_ASSIGNED_CONTEXT ( ( #1410 ) ) GLOBAL_UNIT_ASSIGNED_CONTEXT ( ( #1469, #1447, #2213 ) ) REPRESENTATION_CONTEXT ( 'NONE', 'WORKASPACE' ) );
#1616 = FILL_AREA_STYLE ('',( #891 ) ) ;
#1617 =( GEOMETRIC_REPRESENTATION_CONTEXT ( 3 ) GLOBAL_UNCERTAINTY_ASSIGNED_CONTEXT ( ( #800 ) ) GLOBAL_UNIT_ASSIGNED_CONTEXT ( ( #2209, #2117, #1574 ) ) REPRESENTATION_CONTEXT ( 'NONE', 'WORKASPACE' ) );
#1618 = CARTESIAN_POINT ( 'NONE',  ( -0.8000000000000000444, 0.4000000000000000222, 0.0000000000000000000 ) ) ;
#1619 =( GEOMETRIC_REPRESENTATION_CONTEXT ( 3 ) GLOBAL_UNCERTAINTY_ASSIGNED_CONTEXT ( ( #1589 ) ) GLOBAL_UNIT_ASSIGNED_CONTEXT ( ( #1414, #1841, #1999 ) ) REPRESENTATION_CONTEXT ( 'NONE', 'WORKASPACE' ) );
#1620 = PRESENTATION_STYLE_ASSIGNMENT (( #1096 ) ) ;
#1621 = COLOUR_RGB ( '',0.7803921568627451011, 0.5686274509803921351, 0.1137254901960784298 ) ;
#1622 = ADVANCED_FACE ( 'NONE', ( #62 ), #2223, .T. ) ;
#1623 = PRESENTATION_LAYER_ASSIGNMENT (  '', '', ( #2045 ) ) ;
#1624 = DIRECTION ( 'NONE',  ( 0.0000000000000000000, -0.0000000000000000000, 1.000000000000000000 ) ) ;
#1625 = PRESENTATION_STYLE_ASSIGNMENT (( #2347 ) ) ;
#1626 = SURFACE_STYLE_FILL_AREA ( #1979 ) ;
#1627 = CARTESIAN_POINT ( 'NONE',  ( 0.5000000000000000000, 0.3499999999999999778, 0.2000000000000000111 ) ) ;
#1628 = ORIENTED_EDGE ( 'NONE', *, *, #495, .T. ) ;
#1629 = APPLICATION_CONTEXT ( 'automotive_design' ) ;
#1630 = STYLED_ITEM ( 'NONE', ( #829 ), #2190 ) ;
#1631 = DIRECTION ( 'NONE',  ( 0.0000000000000000000, 0.0000000000000000000, 1.000000000000000000 ) ) ;
#1632 = CARTESIAN_POINT ( 'NONE',  ( -0.4000000000000000222, 0.4000000000000000222, 0.2000000000000000111 ) ) ;
#1633 = CARTESIAN_POINT ( 'NONE',  ( -0.8000000000000000444, -0.4000000000000000222, 0.0000000000000000000 ) ) ;
#1634 = EDGE_CURVE ( 'NONE', #147, #208, #1501, .T. ) ;
#1635 = ORIENTED_EDGE ( 'NONE', *, *, #1726, .F. ) ;
#1636 = CARTESIAN_POINT ( 'NONE',  ( 0.0000000000000000000, 0.4000000000000000222, -4.898587196589000156E-17 ) ) ;
#1637 = VECTOR ( 'NONE', #798, 1000.000000000000000 ) ;
#1638 =( NAMED_UNIT ( * ) SI_UNIT ( $, .STERADIAN. ) SOLID_ANGLE_UNIT ( ) );
#1639 = STYLED_ITEM ( 'NONE', ( #1625 ), #1727 ) ;
#1640 =( NAMED_UNIT ( * ) SI_UNIT ( $, .STERADIAN. ) SOLID_ANGLE_UNIT ( ) );
#1641 = ADVANCED_FACE ( 'NONE', ( #820 ), #36, .T. ) ;
#1642 = SURFACE_STYLE_USAGE ( .BOTH. , #914 ) ;
#1643 = SHAPE_REPRESENTATION_RELATIONSHIP ( 'NONE' , 'NONE' ,  #2330, #1727 ) ;
#1644 =( NAMED_UNIT ( * ) SI_UNIT ( $, .STERADIAN. ) SOLID_ANGLE_UNIT ( ) );
#1645 = LINE ( 'NONE', #1101, #1827 ) ;
#1646 = ORIENTED_EDGE ( 'NONE', *, *, #159, .T. ) ;
#1647 = EDGE_CURVE ( 'NONE', #168, #2200, #203, .T. ) ;
#1648 = SURFACE_STYLE_FILL_AREA ( #1428 ) ;
#1649 = ORIENTED_EDGE ( 'NONE', *, *, #710, .T. ) ;
#1650 = MECHANICAL_DESIGN_GEOMETRIC_PRESENTATION_REPRESENTATION (  '', ( #1006 ), #1267 ) ;
#1651 = FILL_AREA_STYLE ('',( #707 ) ) ;
#1652 = EDGE_CURVE ( 'NONE', #70, #2034, #421, .T. ) ;
#1653 = CARTESIAN_POINT ( 'NONE',  ( 0.2000000000000000111, 0.4000000000000000222, -4.898587196589000156E-17 ) ) ;
#1654 = PRESENTATION_LAYER_ASSIGNMENT (  '', '', ( #1894 ) ) ;
#1655 = AXIS2_PLACEMENT_3D ( 'NONE', #1183, #2100, #1703 ) ;
#1656 = MECHANICAL_DESIGN_GEOMETRIC_PRESENTATION_REPRESENTATION (  '', ( #316 ), #2009 ) ;
#1657 = PRESENTATION_LAYER_ASSIGNMENT (  '', '', ( #679 ) ) ;
#1658 = PRODUCT_CONTEXT ( 'NONE', #899, 'mechanical' ) ;
#1659 = LINE ( 'NONE', #838, #518 ) ;
#1660 = PRESENTATION_STYLE_ASSIGNMENT (( #2232 ) ) ;
#1661 = VERTEX_POINT ( 'NONE', #590 ) ;
#1662 = DIRECTION ( 'NONE',  ( 0.0000000000000000000, 0.0000000000000000000, -1.000000000000000000 ) ) ;
#1663 = SURFACE_STYLE_USAGE ( .BOTH. , #198 ) ;
#1664 = CARTESIAN_POINT ( 'NONE',  ( -0.6000000000000000888, 0.0000000000000000000, 0.0000000000000000000 ) ) ;
#1665 = EDGE_LOOP ( 'NONE', ( #1409, #1302, #1865, #890 ) ) ;
#1666 = FACE_OUTER_BOUND ( 'NONE', #2185, .T. ) ;
#1667 = VECTOR ( 'NONE', #247, 1000.000000000000000 ) ;
#1668 = COLOUR_RGB ( '',0.8000000000000000444, 0.8000000000000000444, 0.8000000000000000444 ) ;
#1669 = PRESENTATION_LAYER_ASSIGNMENT (  '', '', ( #2354 ) ) ;
#1670 = SURFACE_STYLE_USAGE ( .BOTH. , #1828 ) ;
#1671 = SHAPE_DEFINITION_REPRESENTATION ( #565, #1507 ) ;
#1672 = DIRECTION ( 'NONE',  ( 0.0000000000000000000, 0.0000000000000000000, 1.000000000000000000 ) ) ;
#1673 = EDGE_LOOP ( 'NONE', ( #2332, #1019, #947, #902 ) ) ;
#1674 = FILL_AREA_STYLE_COLOUR ( '', #127 ) ;
#1675 = CARTESIAN_POINT ( 'NONE',  ( -0.4715678837578454741, -0.3215678837576906868, 0.5817080228269734254 ) ) ;
#1676 = CARTESIAN_POINT ( 'NONE',  ( 0.8000000000000000444, -0.2000000000000000111, 0.2000000000000000111 ) ) ;
#1677 = EDGE_LOOP ( 'NONE', ( #1365, #285, #1427, #1946 ) ) ;
#1678 = STYLED_ITEM ( 'NONE', ( #2315 ), #2355 ) ;
#1679 =( NAMED_UNIT ( * ) PLANE_ANGLE_UNIT ( ) SI_UNIT ( $, .RADIAN. ) );
#1680 = SURFACE_SIDE_STYLE ('',( #1484 ) ) ;
#1681 = ITEM_DEFINED_TRANSFORMATION ( 'NONE', 'NONE', #2134,  #1366 ) ;
#1682 = ORIENTED_EDGE ( 'NONE', *, *, #1430, .F. ) ;
#1683 =( LENGTH_UNIT ( ) NAMED_UNIT ( * ) SI_UNIT ( .MILLI., .METRE. ) );
#1684 = ADVANCED_FACE ( 'NONE', ( #224 ), #1702, .T. ) ;
#1685 = ORIENTED_EDGE ( 'NONE', *, *, #1193, .T. ) ;
#1686 = DIRECTION ( 'NONE',  ( 1.000000000000000000, 0.0000000000000000000, 0.0000000000000000000 ) ) ;
#1687 = MECHANICAL_DESIGN_GEOMETRIC_PRESENTATION_REPRESENTATION (  '', ( #772 ), #471 ) ;
#1688 = LINE ( 'NONE', #1142, #1581 ) ;
#1689 = DIRECTION ( 'NONE',  ( 0.08540114134641878241, 0.0000000000000000000, -0.9963466490417524080 ) ) ;
#1690 = VECTOR ( 'NONE', #1331, 1000.000000000000000 ) ;
#1691 = DIRECTION ( 'NONE',  ( -1.000000000000000000, 0.0000000000000000000, 0.0000000000000000000 ) ) ;
#1692 = VECTOR ( 'NONE', #174, 1000.000000000000000 ) ;
#1693 = EDGE_CURVE ( 'NONE', #1113, #453, #883, .T. ) ;
#1694 =( GEOMETRIC_REPRESENTATION_CONTEXT ( 3 ) GLOBAL_UNCERTAINTY_ASSIGNED_CONTEXT ( ( #1529 ) ) GLOBAL_UNIT_ASSIGNED_CONTEXT ( ( #1118, #728, #1640 ) ) REPRESENTATION_CONTEXT ( 'NONE', 'WORKASPACE' ) );
#1695 = VERTEX_POINT ( 'NONE', #1051 ) ;
#1696 = FILL_AREA_STYLE ('',( #1674 ) ) ;
#1697 = COLOUR_RGB ( '',0.0000000000000000000, 0.6666666666666666297, 0.0000000000000000000 ) ;
#1698 =( NAMED_UNIT ( * ) SI_UNIT ( $, .STERADIAN. ) SOLID_ANGLE_UNIT ( ) );
#1699 =( GEOMETRIC_REPRESENTATION_CONTEXT ( 3 ) GLOBAL_UNCERTAINTY_ASSIGNED_CONTEXT ( ( #1389 ) ) GLOBAL_UNIT_ASSIGNED_CONTEXT ( ( #148, #1225, #1420 ) ) REPRESENTATION_CONTEXT ( 'NONE', 'WORKASPACE' ) );
#1700 = VERTEX_POINT ( 'NONE', #1783 ) ;
#1701 =( NAMED_UNIT ( * ) SI_UNIT ( $, .STERADIAN. ) SOLID_ANGLE_UNIT ( ) );
#1702 = PLANE ( 'NONE',  #936 ) ;
#1703 = DIRECTION ( 'NONE',  ( 1.000000000000000000, 0.0000000000000000000, 0.0000000000000000000 ) ) ;
#1704 = DIRECTION ( 'NONE',  ( 0.0000000000000000000, 0.0000000000000000000, 1.000000000000000000 ) ) ;
#1705 = UNCERTAINTY_MEASURE_WITH_UNIT (LENGTH_MEASURE( 1.000000000000000082E-05 ), #2053, 'distance_accuracy_value', 'NONE');
#1706 = DIRECTION ( 'NONE',  ( 1.000000000000000000, 0.0000000000000000000, 0.0000000000000000000 ) ) ;
#1707 =( GEOMETRIC_REPRESENTATION_CONTEXT ( 3 ) GLOBAL_UNCERTAINTY_ASSIGNED_CONTEXT ( ( #1069 ) ) GLOBAL_UNIT_ASSIGNED_CONTEXT ( ( #1318, #585, #2051 ) ) REPRESENTATION_CONTEXT ( 'NONE', 'WORKASPACE' ) );
#1708 = PRESENTATION_STYLE_ASSIGNMENT (( #774 ) ) ;
#1709 = VERTEX_POINT ( 'NONE', #861 ) ;
#1710 = COLOUR_RGB ( '',0.8000000000000000444, 0.8000000000000000444, 0.8000000000000000444 ) ;
#1711 = PLANE ( 'NONE',  #2114 ) ;
#1712 = SURFACE_SIDE_STYLE ('',( #2036 ) ) ;
#1713 = EDGE_CURVE ( 'NONE', #1394, #1376, #1039, .T. ) ;
#1714 = ORIENTED_EDGE ( 'NONE', *, *, #1724, .F. ) ;
#1715 = PRESENTATION_STYLE_ASSIGNMENT (( #846 ) ) ;
#1716 = LINE ( 'NONE', #766, #520 ) ;
#1717 = EDGE_CURVE ( 'NONE', #716, #2103, #1605, .T. ) ;
#1718 = FACE_OUTER_BOUND ( 'NONE', #1924, .T. ) ;
#1719 = EDGE_LOOP ( 'NONE', ( #612, #2005, #1915, #793 ) ) ;
#1720 =( NAMED_UNIT ( * ) PLANE_ANGLE_UNIT ( ) SI_UNIT ( $, .RADIAN. ) );
#1721 = FILL_AREA_STYLE ('',( #1207 ) ) ;
#1722 = SURFACE_SIDE_STYLE ('',( #1164 ) ) ;
#1723 = ORIENTED_EDGE ( 'NONE', *, *, #1904, .T. ) ;
#1724 = EDGE_CURVE ( 'NONE', #1661, #2173, #1492, .T. ) ;
#1725 = DIRECTION ( 'NONE',  ( 0.0000000000000000000, -1.000000000000000000, -0.0000000000000000000 ) ) ;
#1726 = EDGE_CURVE ( 'NONE', #1878, #1023, #2155, .T. ) ;
#1727 = ADVANCED_BREP_SHAPE_REPRESENTATION ( '', ( #475, #2021 ), #2101 ) ;
#1728 = PRESENTATION_STYLE_ASSIGNMENT (( #661 ) ) ;
#1729 = FILL_AREA_STYLE_COLOUR ( '', #674 ) ;
#1730 = UNCERTAINTY_MEASURE_WITH_UNIT (LENGTH_MEASURE( 1.000000000000000082E-05 ), #533, 'distance_accuracy_value', 'NONE');
#1731 = SURFACE_SIDE_STYLE ('',( #1338 ) ) ;
#1732 = SURFACE_STYLE_FILL_AREA ( #1087 ) ;
#1733 = AXIS2_PLACEMENT_3D ( 'NONE', #1546, #55, #788 ) ;
#1734 = SURFACE_SIDE_STYLE ('',( #1176 ) ) ;
#1735 =( GEOMETRIC_REPRESENTATION_CONTEXT ( 3 ) GLOBAL_UNCERTAINTY_ASSIGNED_CONTEXT ( ( #1081 ) ) GLOBAL_UNIT_ASSIGNED_CONTEXT ( ( #60, #2245, #210 ) ) REPRESENTATION_CONTEXT ( 'NONE', 'WORKASPACE' ) );
#1736 = EDGE_LOOP ( 'NONE', ( #401, #1723, #2097, #1008 ) ) ;
#1737 =( NAMED_UNIT ( * ) SI_UNIT ( $, .STERADIAN. ) SOLID_ANGLE_UNIT ( ) );
#1738 = SURFACE_SIDE_STYLE ('',( #2320 ) ) ;
#1739 = VERTEX_POINT ( 'NONE', #659 ) ;
#1740 = VECTOR ( 'NONE', #380, 1000.000000000000000 ) ;
#1741 = VECTOR ( 'NONE', #1993, 1000.000000000000000 ) ;
#1742 = DIRECTION ( 'NONE',  ( 1.000000000000000000, 0.0000000000000000000, -0.0000000000000000000 ) ) ;
#1743 = CARTESIAN_POINT ( 'NONE',  ( 0.4516409507770000054, 0.3200000000000000067, 0.6000000000000000888 ) ) ;
#1744 = SURFACE_SIDE_STYLE ('',( #1519 ) ) ;
#1745 = PLANE ( 'NONE',  #1790 ) ;
#1746 = ORIENTED_EDGE ( 'NONE', *, *, #1288, .T. ) ;
#1747 = CARTESIAN_POINT ( 'NONE',  ( 0.4000000000000000222, 0.4000000000000000222, 0.0000000000000000000 ) ) ;
#1748 =( GEOMETRIC_REPRESENTATION_CONTEXT ( 3 ) GLOBAL_UNCERTAINTY_ASSIGNED_CONTEXT ( ( #490 ) ) GLOBAL_UNIT_ASSIGNED_CONTEXT ( ( #1293, #1864, #136 ) ) REPRESENTATION_CONTEXT ( 'NONE', 'WORKASPACE' ) );
#1749 = FILL_AREA_STYLE ('',( #2297 ) ) ;
#1750 = ORIENTED_EDGE ( 'NONE', *, *, #551, .T. ) ;
#1751 = SURFACE_SIDE_STYLE ('',( #286 ) ) ;
#1752 = APPLICATION_CONTEXT ( 'automotive_design' ) ;
#1753 = CARTESIAN_POINT ( 'NONE',  ( -0.4715678837576906535, -0.3499999999999999778, 0.5817080228269734254 ) ) ;
#1754 = MECHANICAL_DESIGN_GEOMETRIC_PRESENTATION_REPRESENTATION (  '', ( #1877 ), #1406 ) ;
#1755 = SURFACE_STYLE_USAGE ( .BOTH. , #2269 ) ;
#1756 = FILL_AREA_STYLE ('',( #1242 ) ) ;
#1757 = DIRECTION ( 'NONE',  ( 0.0000000000000000000, 1.224646799146999945E-16, 1.000000000000000000 ) ) ;
#1758 =( NAMED_UNIT ( * ) SI_UNIT ( $, .STERADIAN. ) SOLID_ANGLE_UNIT ( ) );
#1759 = ORIENTED_EDGE ( 'NONE', *, *, #534, .F. ) ;
#1760 = EDGE_CURVE ( 'NONE', #466, #2173, #322, .T. ) ;
#1761 = CARTESIAN_POINT ( 'NONE',  ( 0.4000000000000000222, 0.4000000000000000222, 0.0000000000000000000 ) ) ;
#1762 =( NAMED_UNIT ( * ) PLANE_ANGLE_UNIT ( ) SI_UNIT ( $, .RADIAN. ) );
#1763 =( LENGTH_UNIT ( ) NAMED_UNIT ( * ) SI_UNIT ( .MILLI., .METRE. ) );
#1764 = EDGE_CURVE ( 'NONE', #1275, #1347, #122, .T. ) ;
#1765 = VECTOR ( 'NONE', #1742, 1000.000000000000000 ) ;
#1766 = COLOUR_RGB ( '',0.7803921568627451011, 0.5686274509803921351, 0.1137254901960784298 ) ;
#1767 = PLANE ( 'NONE',  #1383 ) ;
#1768 = MECHANICAL_DESIGN_GEOMETRIC_PRESENTATION_REPRESENTATION (  '', ( #1455 ), #1735 ) ;
#1769 = CARTESIAN_POINT ( 'NONE',  ( -0.8000000000000000444, 0.4000000000000000222, 0.0000000000000000000 ) ) ;
#1770 = ORIENTED_EDGE ( 'NONE', *, *, #330, .T. ) ;
#1771 = FILL_AREA_STYLE ('',( #1167 ) ) ;
#1772 = VECTOR ( 'NONE', #747, 1000.000000000000000 ) ;
#1773 = ORIENTED_EDGE ( 'NONE', *, *, #1062, .T. ) ;
#1774 = DIRECTION ( 'NONE',  ( 0.0000000000000000000, -1.000000000000000000, 1.224646799146999945E-16 ) ) ;
#1775 = UNCERTAINTY_MEASURE_WITH_UNIT (LENGTH_MEASURE( 1.000000000000000082E-05 ), #869, 'distance_accuracy_value', 'NONE');
#1776 = MECHANICAL_DESIGN_GEOMETRIC_PRESENTATION_REPRESENTATION (  '', ( #440 ), #1059 ) ;
#1777 = DIRECTION ( 'NONE',  ( -0.0000000000000000000, -0.0000000000000000000, 1.000000000000000000 ) ) ;
#1778 = FILL_AREA_STYLE ('',( #1056 ) ) ;
#1779 = UNCERTAINTY_MEASURE_WITH_UNIT (LENGTH_MEASURE( 1.000000000000000082E-05 ), #1262, 'distance_accuracy_value', 'NONE');
#1780 =( NAMED_UNIT ( * ) PLANE_ANGLE_UNIT ( ) SI_UNIT ( $, .RADIAN. ) );
#1781 = ORIENTED_EDGE ( 'NONE', *, *, #703, .F. ) ;
#1782 =( GEOMETRIC_REPRESENTATION_CONTEXT ( 3 ) GLOBAL_UNCERTAINTY_ASSIGNED_CONTEXT ( ( #1779 ) ) GLOBAL_UNIT_ASSIGNED_CONTEXT ( ( #1262, #2165, #1820 ) ) REPRESENTATION_CONTEXT ( 'NONE', 'WORKASPACE' ) );
#1783 = CARTESIAN_POINT ( 'NONE',  ( 0.8000000000000000444, -0.4000000000000000222, 0.0000000000000000000 ) ) ;
#1784 = VECTOR ( 'NONE', #1487, 1000.000000000000000 ) ;
#1785 = ORIENTED_EDGE ( 'NONE', *, *, #938, .F. ) ;
#1786 = FACE_OUTER_BOUND ( 'NONE', #1719, .T. ) ;
#1787 = SURFACE_STYLE_FILL_AREA ( #1797 ) ;
#1788 = EDGE_CURVE ( 'NONE', #364, #1417, #1064, .T. ) ;
#1789 = CARTESIAN_POINT ( 'NONE',  ( -0.5000000000000000000, 0.3499999999999999778, 0.2000000000000000111 ) ) ;
#1790 = AXIS2_PLACEMENT_3D ( 'NONE', #74, #810, #1689 ) ;
#1791 = CARTESIAN_POINT ( 'NONE',  ( 0.4715678837576906535, -0.3215678837578453408, 0.5817080228269734254 ) ) ;
#1792 = COLOUR_RGB ( '',0.7921568627450980005, 0.8196078431372548767, 0.9333333333333333481 ) ;
#1793 = ORIENTED_EDGE ( 'NONE', *, *, #1320, .F. ) ;
#1794 = DIRECTION ( 'NONE',  ( 0.0000000000000000000, -1.224646799146999945E-16, -1.000000000000000000 ) ) ;
#1795 = EDGE_CURVE ( 'NONE', #220, #1247, #2313, .T. ) ;
#1796 =( NAMED_UNIT ( * ) SI_UNIT ( $, .STERADIAN. ) SOLID_ANGLE_UNIT ( ) );
#1797 = FILL_AREA_STYLE ('',( #1390 ) ) ;
#1798 = CARTESIAN_POINT ( 'NONE',  ( 0.5000000000000000000, 0.3499999999999999778, 0.2500000000000000000 ) ) ;
#1799 =( NAMED_UNIT ( * ) PLANE_ANGLE_UNIT ( ) SI_UNIT ( $, .RADIAN. ) );
#1800 =( NAMED_UNIT ( * ) SI_UNIT ( $, .STERADIAN. ) SOLID_ANGLE_UNIT ( ) );
#1801 = ORIENTED_EDGE ( 'NONE', *, *, #378, .F. ) ;
#1802 = STYLED_ITEM ( 'NONE', ( #1218 ), #77 ) ;
#1803 = AXIS2_PLACEMENT_3D ( 'NONE', #123, #287, #598 ) ;
#1804 = VECTOR ( 'NONE', #1203, 1000.000000000000000 ) ;
#1805 = ORIENTED_EDGE ( 'NONE', *, *, #303, .T. ) ;
#1806 = STYLED_ITEM ( 'NONE', ( #80 ), #1155 ) ;
#1807 = SHAPE_REPRESENTATION_RELATIONSHIP ( 'NONE' , 'NONE' ,  #2261, #103 ) ;
#1808 =( GEOMETRIC_REPRESENTATION_CONTEXT ( 3 ) GLOBAL_UNCERTAINTY_ASSIGNED_CONTEXT ( ( #709 ) ) GLOBAL_UNIT_ASSIGNED_CONTEXT ( ( #1231, #363, #1415 ) ) REPRESENTATION_CONTEXT ( 'NONE', 'WORKASPACE' ) );
#1809 = DIRECTION ( 'NONE',  ( 0.0000000000000000000, 0.0000000000000000000, -1.000000000000000000 ) ) ;
#1810 = PRODUCT_DEFINITION_SHAPE ( 'NONE', 'NONE',  #2367 ) ;
#1811 = AXIS2_PLACEMENT_3D ( 'NONE', #1086, #908, #1631 ) ;
#1812 = DIRECTION ( 'NONE',  ( 1.000000000000000000, 0.0000000000000000000, -0.0000000000000000000 ) ) ;
#1813 = AXIS2_PLACEMENT_3D ( 'NONE', #1653, #2176, #1809 ) ;
#1814 = EDGE_CURVE ( 'NONE', #583, #2238, #874, .T. ) ;
#1815 = FACE_OUTER_BOUND ( 'NONE', #1208, .T. ) ;
#1816 = CARTESIAN_POINT ( 'NONE',  ( 0.0000000000000000000, 0.0000000000000000000, 0.0000000000000000000 ) ) ;
#1817 = LINE ( 'NONE', #917, #1692 ) ;
#1818 = SURFACE_STYLE_USAGE ( .BOTH. , #2197 ) ;
#1819 = ORIENTED_EDGE ( 'NONE', *, *, #1795, .F. ) ;
#1820 =( NAMED_UNIT ( * ) SI_UNIT ( $, .STERADIAN. ) SOLID_ANGLE_UNIT ( ) );
#1821 = ORIENTED_EDGE ( 'NONE', *, *, #1578, .T. ) ;
#1822 = DIRECTION ( 'NONE',  ( 0.0000000000000000000, 0.0000000000000000000, 1.000000000000000000 ) ) ;
#1823 = OPEN_SHELL ( 'NONE', ( #1622, #1585, #2362, #276, #2177, #226, #1470, #2063, #2008, #1254, #844 ) ) ;
#1824 = STYLED_ITEM ( 'NONE', ( #1368 ), #2049 ) ;
#1825 = DIRECTION ( 'NONE',  ( -1.000000000000000000, 0.0000000000000000000, 0.0000000000000000000 ) ) ;
#1826 = FILL_AREA_STYLE ('',( #755 ) ) ;
#1827 = VECTOR ( 'NONE', #1833, 1000.000000000000000 ) ;
#1828 = SURFACE_SIDE_STYLE ('',( #360 ) ) ;
#1829 = ADVANCED_FACE ( 'NONE', ( #470 ), #1567, .F. ) ;
#1830 = DIRECTION ( 'NONE',  ( 1.000000000000000000, 0.0000000000000000000, 0.0000000000000000000 ) ) ;
#1831 = PRODUCT_DEFINITION_FORMATION_WITH_SPECIFIED_SOURCE ( 'ANY', '', #867, .NOT_KNOWN. ) ;
#1832 = CARTESIAN_POINT ( 'NONE',  ( -0.4000000000000000222, -0.4000000000000000222, 0.0000000000000000000 ) ) ;
#1833 = DIRECTION ( 'NONE',  ( -1.000000000000000000, -0.0000000000000000000, -0.0000000000000000000 ) ) ;
#1834 = ORIENTED_EDGE ( 'NONE', *, *, #1010, .T. ) ;
#1835 = CARTESIAN_POINT ( 'NONE',  ( -0.8000000000000000444, -0.2000000000000000111, 0.0000000000000000000 ) ) ;
#1836 = CARTESIAN_POINT ( 'NONE',  ( -0.4000000000000000222, 0.4000000000000000222, 0.2000000000000000111 ) ) ;
#1837 = MECHANICAL_DESIGN_GEOMETRIC_PRESENTATION_REPRESENTATION (  '', ( #1518 ), #461 ) ;
#1838 = VERTEX_POINT ( 'NONE', #2340 ) ;
#1839 = SURFACE_STYLE_USAGE ( .BOTH. , #11 ) ;
#1840 = SURFACE_STYLE_USAGE ( .BOTH. , #2194 ) ;
#1841 =( NAMED_UNIT ( * ) PLANE_ANGLE_UNIT ( ) SI_UNIT ( $, .RADIAN. ) );
#1842 = APPLICATION_PROTOCOL_DEFINITION ( 'draft international standard', 'automotive_design', 1998, #1752 ) ;
#1843 = CARTESIAN_POINT ( 'NONE',  ( -0.4715678837578453075, 0.3215678837576905758, 0.5817080228269734254 ) ) ;
#1844 = FACE_OUTER_BOUND ( 'NONE', #574, .T. ) ;
#1845 = VERTEX_POINT ( 'NONE', #1664 ) ;
#1846 = FACE_OUTER_BOUND ( 'NONE', #1173, .T. ) ;
#1847 = DIRECTION ( 'NONE',  ( 0.0000000000000000000, -1.000000000000000000, 1.224646799146999945E-16 ) ) ;
#1848 = ORIENTED_EDGE ( 'NONE', *, *, #1760, .F. ) ;
#1849 = STYLED_ITEM ( 'NONE', ( #2077 ), #546 ) ;
#1850 = SURFACE_SIDE_STYLE ('',( #2073 ) ) ;
#1851 = CARTESIAN_POINT ( 'NONE',  ( -0.4000000000000000222, -0.4000000000000000222, 0.2000000000000000111 ) ) ;
#1852 = VECTOR ( 'NONE', #1021, 1000.000000000000000 ) ;
#1853 = LINE ( 'NONE', #1131, #2004 ) ;
#1854 = PRESENTATION_LAYER_ASSIGNMENT (  '', '', ( #969 ) ) ;
#1855 = VECTOR ( 'NONE', #2128, 1000.000000000000000 ) ;
#1856 = STYLED_ITEM ( 'NONE', ( #547 ), #1534 ) ;
#1857 = DIRECTION ( 'NONE',  ( 0.0000000000000000000, 0.0000000000000000000, -1.000000000000000000 ) ) ;
#1858 = DIRECTION ( 'NONE',  ( 0.0000000000000000000, 0.0000000000000000000, 1.000000000000000000 ) ) ;
#1859 = VECTOR ( 'NONE', #2144, 1000.000000000000000 ) ;
#1860 = PRESENTATION_STYLE_ASSIGNMENT (( #929 ) ) ;
#1861 = PLANE ( 'NONE',  #2166 ) ;
#1862 = ORIENTED_EDGE ( 'NONE', *, *, #422, .T. ) ;
#1863 = DIRECTION ( 'NONE',  ( 0.0000000000000000000, -1.000000000000000000, 0.0000000000000000000 ) ) ;
#1864 =( NAMED_UNIT ( * ) PLANE_ANGLE_UNIT ( ) SI_UNIT ( $, .RADIAN. ) );
#1865 = ORIENTED_EDGE ( 'NONE', *, *, #1468, .T. ) ;
#1866 = EDGE_CURVE ( 'NONE', #1333, #2052, #1446, .T. ) ;
#1867 = CARTESIAN_POINT ( 'NONE',  ( -0.4715678837578453075, 0.3215678837576905758, 0.5817080228269734254 ) ) ;
#1868 = STYLED_ITEM ( 'NONE', ( #1048 ), #2058 ) ;
#1869 = CARTESIAN_POINT ( 'NONE',  ( 0.2000000000000000111, 0.4000000000000000222, 0.002000000000000000042 ) ) ;
#1870 = SHAPE_DEFINITION_REPRESENTATION ( #1219, #144 ) ;
#1871 = SURFACE_SIDE_STYLE ('',( #2023 ) ) ;
#1872 = FACE_OUTER_BOUND ( 'NONE', #956, .T. ) ;
#1873 = ORIENTED_EDGE ( 'NONE', *, *, #14, .T. ) ;
#1874 = DIRECTION ( 'NONE',  ( -0.0000000000000000000, -0.0000000000000000000, -1.000000000000000000 ) ) ;
#1875 = CARTESIAN_POINT ( 'NONE',  ( 0.4000000000000000222, 0.4000000000000000222, 0.0000000000000000000 ) ) ;
#1876 = PRESENTATION_STYLE_ASSIGNMENT (( #1172 ) ) ;
#1877 = STYLED_ITEM ( 'NONE', ( #1527 ), #2324 ) ;
#1878 = VERTEX_POINT ( 'NONE', #911 ) ;
#1879 = DIRECTION ( 'NONE',  ( 0.0000000000000000000, 0.0000000000000000000, 1.000000000000000000 ) ) ;
#1880 = EDGE_CURVE ( 'NONE', #1275, #1233, #157, .T. ) ;
#1881 = DIRECTION ( 'NONE',  ( 1.000000000000000000, 0.0000000000000000000, 0.0000000000000000000 ) ) ;
#1882 =( LENGTH_UNIT ( ) NAMED_UNIT ( * ) SI_UNIT ( .MILLI., .METRE. ) );
#1883 = UNCERTAINTY_MEASURE_WITH_UNIT (LENGTH_MEASURE( 1.000000000000000082E-05 ), #966, 'distance_accuracy_value', 'NONE');
#1884 = ITEM_DEFINED_TRANSFORMATION ( 'NONE', 'NONE', #754,  #2021 ) ;
#1885 = DIRECTION ( 'NONE',  ( -1.000000000000000000, -0.0000000000000000000, -0.0000000000000000000 ) ) ;
#1886 = CARTESIAN_POINT ( 'NONE',  ( 0.8000000000000000444, 0.2000000000000000111, 0.2000000000000000111 ) ) ;
#1887 = FACE_OUTER_BOUND ( 'NONE', #1079, .T. ) ;
#1888 = VERTEX_POINT ( 'NONE', #1675 ) ;
#1889 = PRESENTATION_STYLE_ASSIGNMENT (( #433 ) ) ;
#1890 = SURFACE_STYLE_FILL_AREA ( #1182 ) ;
#1891 = CIRCLE ( 'NONE', #1493, 0.03999999999999999389 ) ;
#1892 = CARTESIAN_POINT ( 'NONE',  ( -0.8000000000000000444, 0.0000000000000000000, 0.0000000000000000000 ) ) ;
#1893 = DIRECTION ( 'NONE',  ( -1.000000000000000000, -0.0000000000000000000, 0.0000000000000000000 ) ) ;
#1894 = STYLED_ITEM ( 'NONE', ( #1126 ), #1097 ) ;
#1895 = COLOUR_RGB ( '',0.8000000000000000444, 0.8000000000000000444, 0.8000000000000000444 ) ;
#1896 = PLANE ( 'NONE',  #863 ) ;
#1897 = STYLED_ITEM ( 'NONE', ( #304 ), #1185 ) ;
#1898 = EDGE_CURVE ( 'NONE', #1709, #2034, #1452, .T. ) ;
#1899 =( NAMED_UNIT ( * ) SI_UNIT ( $, .STERADIAN. ) SOLID_ANGLE_UNIT ( ) );
#1900 = CARTESIAN_POINT ( 'NONE',  ( -0.4000000000000000222, 0.4000000000000000222, 0.2000000000000000111 ) ) ;
#1901 = FILL_AREA_STYLE_COLOUR ( '', #584 ) ;
#1902 =( GEOMETRIC_REPRESENTATION_CONTEXT ( 3 ) GLOBAL_UNCERTAINTY_ASSIGNED_CONTEXT ( ( #441 ) ) GLOBAL_UNIT_ASSIGNED_CONTEXT ( ( #1515, #434, #238 ) ) REPRESENTATION_CONTEXT ( 'NONE', 'WORKASPACE' ) );
#1903 = ORIENTED_EDGE ( 'NONE', *, *, #2312, .F. ) ;
#1904 = EDGE_CURVE ( 'NONE', #2238, #1376, #1246, .T. ) ;
#1905 = DIRECTION ( 'NONE',  ( 0.0000000000000000000, 1.000000000000000000, 0.0000000000000000000 ) ) ;
#1906 = DIRECTION ( 'NONE',  ( 0.08509140416868289647, -0.08509140416959970477, 0.9927330486455296921 ) ) ;
#1907 = UNCERTAINTY_MEASURE_WITH_UNIT (LENGTH_MEASURE( 1.000000000000000082E-05 ), #460, 'distance_accuracy_value', 'NONE');
#1908 = FILL_AREA_STYLE ('',( #219 ) ) ;
#1909 = ADVANCED_FACE ( 'NONE', ( #743 ), #178, .T. ) ;
#1910 = VERTEX_POINT ( 'NONE', #2188 ) ;
#1911 = CARTESIAN_POINT ( 'NONE',  ( -0.2000000000000000111, -0.09999999999999999167, 1.224646799145999725E-17 ) ) ;
#1912 =( GEOMETRIC_REPRESENTATION_CONTEXT ( 3 ) GLOBAL_UNCERTAINTY_ASSIGNED_CONTEXT ( ( #1976 ) ) GLOBAL_UNIT_ASSIGNED_CONTEXT ( ( #193, #1612, #1426 ) ) REPRESENTATION_CONTEXT ( 'NONE', 'WORKASPACE' ) );
#1913 = DIRECTION ( 'NONE',  ( -4.339483675923922730E-19, -0.9963466490417525190, 0.08540114134641879629 ) ) ;
#1914 = FILL_AREA_STYLE_COLOUR ( '', #792 ) ;
#1915 = ORIENTED_EDGE ( 'NONE', *, *, #1795, .T. ) ;
#1916 = MECHANICAL_DESIGN_GEOMETRIC_PRESENTATION_REPRESENTATION (  '', ( #255 ), #997 ) ;
#1917 = ORIENTED_EDGE ( 'NONE', *, *, #619, .T. ) ;
#1918 = LINE ( 'NONE', #64, #161 ) ;
#1919 =( GEOMETRIC_REPRESENTATION_CONTEXT ( 3 ) GLOBAL_UNCERTAINTY_ASSIGNED_CONTEXT ( ( #1505 ) ) GLOBAL_UNIT_ASSIGNED_CONTEXT ( ( #1991, #1540, #500 ) ) REPRESENTATION_CONTEXT ( 'NONE', 'WORKASPACE' ) );
#1920 = LINE ( 'NONE', #268, #2076 ) ;
#1921 = PRESENTATION_STYLE_ASSIGNMENT (( #1755 ) ) ;
#1922 = ORIENTED_EDGE ( 'NONE', *, *, #164, .T. ) ;
#1923 = PRESENTATION_STYLE_ASSIGNMENT (( #1179 ) ) ;
#1924 = EDGE_LOOP ( 'NONE', ( #406, #655, #384, #1614 ) ) ;
#1925 = APPLICATION_CONTEXT ( 'automotive_design' ) ;
#1926 = CARTESIAN_POINT ( 'NONE',  ( -1.734723475977000073E-18, 0.4000000000000000222, -4.898587196589000156E-17 ) ) ;
#1927 = LINE ( 'NONE', #206, #1458 ) ;
#1928 = UNCERTAINTY_MEASURE_WITH_UNIT (LENGTH_MEASURE( 1.000000000000000082E-05 ), #2262, 'distance_accuracy_value', 'NONE');
#1929 = FACE_OUTER_BOUND ( 'NONE', #1273, .T. ) ;
#1930 = LINE ( 'NONE', #282, #1559 ) ;
#1931 = AXIS2_PLACEMENT_3D ( 'NONE', #2273, #1913, #293 ) ;
#1932 = ORIENTED_EDGE ( 'NONE', *, *, #2015, .T. ) ;
#1933 = CARTESIAN_POINT ( 'NONE',  ( 0.8000000000000000444, -0.4000000000000000222, 0.2000000000000000111 ) ) ;
#1934 = SURFACE_STYLE_USAGE ( .BOTH. , #831 ) ;
#1935 = ORIENTED_EDGE ( 'NONE', *, *, #422, .F. ) ;
#1936 = MECHANICAL_DESIGN_GEOMETRIC_PRESENTATION_REPRESENTATION (  '', ( #1856 ), #1694 ) ;
#1937 =( NAMED_UNIT ( * ) PLANE_ANGLE_UNIT ( ) SI_UNIT ( $, .RADIAN. ) );
#1938 = CARTESIAN_POINT ( 'NONE',  ( 0.8000000000000000444, 0.4000000000000000222, 0.2000000000000000111 ) ) ;
#1939 = FILL_AREA_STYLE_COLOUR ( '', #842 ) ;
#1940 =( LENGTH_UNIT ( ) NAMED_UNIT ( * ) SI_UNIT ( .MILLI., .METRE. ) );
#1941 = DIRECTION ( 'NONE',  ( 0.0000000000000000000, 0.0000000000000000000, 1.000000000000000000 ) ) ;
#1942 = FACE_OUTER_BOUND ( 'NONE', #2130, .T. ) ;
#1943 = COLOUR_RGB ( '',0.0000000000000000000, 0.7411764705882353255, 0.0000000000000000000 ) ;
#1944 = FILL_AREA_STYLE ('',( #2139 ) ) ;
#1945 = FACE_OUTER_BOUND ( 'NONE', #697, .T. ) ;
#1946 = ORIENTED_EDGE ( 'NONE', *, *, #1693, .T. ) ;
#1947 = PRESENTATION_STYLE_ASSIGNMENT (( #483 ) ) ;
#1948 = DIRECTION ( 'NONE',  ( -0.0000000000000000000, 1.000000000000000000, 0.0000000000000000000 ) ) ;
#1949 =( NAMED_UNIT ( * ) PLANE_ANGLE_UNIT ( ) SI_UNIT ( $, .RADIAN. ) );
#1950 = PLANE ( 'NONE',  #457 ) ;
#1951 = EDGE_CURVE ( 'NONE', #33, #1888, #1998, .T. ) ;
#1952 = AXIS2_PLACEMENT_3D ( 'NONE', #1054, #1975, #1556 ) ;
#1953 = UNCERTAINTY_MEASURE_WITH_UNIT (LENGTH_MEASURE( 1.000000000000000082E-05 ), #1391, 'distance_accuracy_value', 'NONE');
#1954 = LINE ( 'NONE', #299, #1804 ) ;
#1955 = CARTESIAN_POINT ( 'NONE',  ( 0.8000000000000000444, -0.2000000000000000389, 0.0000000000000000000 ) ) ;
#1956 =( NAMED_UNIT ( * ) SI_UNIT ( $, .STERADIAN. ) SOLID_ANGLE_UNIT ( ) );
#1957 = SURFACE_SIDE_STYLE ('',( #856 ) ) ;
#1958 = ORIENTED_EDGE ( 'NONE', *, *, #96, .T. ) ;
#1959 = DIRECTION ( 'NONE',  ( 0.0000000000000000000, 0.0000000000000000000, 1.000000000000000000 ) ) ;
#1960 = SURFACE_STYLE_FILL_AREA ( #1555 ) ;
#1961 = DIRECTION ( 'NONE',  ( 1.000000000000000000, 0.0000000000000000000, 0.0000000000000000000 ) ) ;
#1962 = DIRECTION ( 'NONE',  ( -1.000000000000000000, -0.0000000000000000000, -0.0000000000000000000 ) ) ;
#1963 =( LENGTH_UNIT ( ) NAMED_UNIT ( * ) SI_UNIT ( .MILLI., .METRE. ) );
#1964 = VECTOR ( 'NONE', #1691, 1000.000000000000000 ) ;
#1965 = ADVANCED_FACE ( 'NONE', ( #1465 ), #2028, .T. ) ;
#1966 = FILL_AREA_STYLE ('',( #1611 ) ) ;
#1967 = VECTOR ( 'NONE', #222, 1000.000000000000000 ) ;
#1968 = AXIS2_PLACEMENT_3D ( 'NONE', #2265, #1323, #1881 ) ;
#1969 = FILL_AREA_STYLE ('',( #644 ) ) ;
#1970 = EDGE_LOOP ( 'NONE', ( #1149, #1490 ) ) ;
#1971 = VECTOR ( 'NONE', #1450, 1000.000000000000000 ) ;
#1972 = CARTESIAN_POINT ( 'NONE',  ( -0.2000000000000000111, 0.4000000000000000222, -4.898587196589000156E-17 ) ) ;
#1973 = AXIS2_PLACEMENT_3D ( 'NONE', #372, #1307, #2054 ) ;
#1974 = ADVANCED_FACE ( 'NONE', ( #1332 ), #601, .T. ) ;
#1975 = DIRECTION ( 'NONE',  ( 1.000000000000000000, 0.0000000000000000000, 0.0000000000000000000 ) ) ;
#1976 = UNCERTAINTY_MEASURE_WITH_UNIT (LENGTH_MEASURE( 1.000000000000000082E-05 ), #193, 'distance_accuracy_value', 'NONE');
#1977 = SURFACE_SIDE_STYLE ('',( #143 ) ) ;
#1978 =( NAMED_UNIT ( * ) SI_UNIT ( $, .STERADIAN. ) SOLID_ANGLE_UNIT ( ) );
#1979 = FILL_AREA_STYLE ('',( #2338 ) ) ;
#1980 = SURFACE_STYLE_USAGE ( .BOTH. , #1244 ) ;
#1981 = EDGE_CURVE ( 'NONE', #1982, #511, #2071, .T. ) ;
#1982 = VERTEX_POINT ( 'NONE', #31 ) ;
#1983 = VECTOR ( 'NONE', #443, 1000.000000000000000 ) ;
#1984 = CARTESIAN_POINT ( 'NONE',  ( 0.2000000000000000111, -0.4000000000000000222, 4.898587196589000156E-17 ) ) ;
#1985 = EDGE_CURVE ( 'NONE', #121, #990, #573, .T. ) ;
#1986 = ORIENTED_EDGE ( 'NONE', *, *, #1814, .T. ) ;
#1987 =( REPRESENTATION_RELATIONSHIP ('NONE','NONE', #1507, #1032 ) REPRESENTATION_RELATIONSHIP_WITH_TRANSFORMATION ( #1884 )SHAPE_REPRESENTATION_RELATIONSHIP( ) );
#1988 = DIRECTION ( 'NONE',  ( 0.0000000000000000000, -1.000000000000000000, -0.0000000000000000000 ) ) ;
#1989 = PRODUCT_DEFINITION_SHAPE ( 'NONE', 'NONE',  #2364 ) ;
#1990 = VECTOR ( 'NONE', #1144, 1000.000000000000000 ) ;
#1991 =( LENGTH_UNIT ( ) NAMED_UNIT ( * ) SI_UNIT ( .MILLI., .METRE. ) );
#1992 = EDGE_LOOP ( 'NONE', ( #28, #1063, #327, #2145 ) ) ;
#1993 = DIRECTION ( 'NONE',  ( -1.000000000000000000, -0.0000000000000000000, 0.0000000000000000000 ) ) ;
#1994 = ORIENTED_EDGE ( 'NONE', *, *, #1880, .T. ) ;
#1995 = UNCERTAINTY_MEASURE_WITH_UNIT (LENGTH_MEASURE( 1.000000000000000082E-05 ), #427, 'distance_accuracy_value', 'NONE');
#1996 = SURFACE_SIDE_STYLE ('',( #556 ) ) ;
#1997 = CARTESIAN_POINT ( 'NONE',  ( 0.8000000000000000444, 0.4000000000000000222, 0.2000000000000000111 ) ) ;
#1998 =( BOUNDED_CURVE ( )  B_SPLINE_CURVE ( 3, ( #367, #1104, #919, #1115 ),
 .UNSPECIFIED., .F., .T. ) 
 B_SPLINE_CURVE_WITH_KNOTS ( ( 4, 4 ),
 ( 4.712388980384689674, 6.197680013498873208 ),
 .UNSPECIFIED. ) 
 CURVE ( )  GEOMETRIC_REPRESENTATION_ITEM ( )  RATIONAL_B_SPLINE_CURVE ( ( 1.000000000000000000, 0.8244547578640665231, 0.8244547578640665231, 1.000000000000000000 ) ) 
 REPRESENTATION_ITEM ( '' )  );
#1999 =( NAMED_UNIT ( * ) SI_UNIT ( $, .STERADIAN. ) SOLID_ANGLE_UNIT ( ) );
#2000 = PRODUCT_CONTEXT ( 'NONE', #506, 'mechanical' ) ;
#2001 = DIRECTION ( 'NONE',  ( 1.000000000000000000, 0.0000000000000000000, 0.0000000000000000000 ) ) ;
#2002 = ORIENTED_EDGE ( 'NONE', *, *, #1092, .T. ) ;
#2003 = PRESENTATION_STYLE_ASSIGNMENT (( #1211 ) ) ;
#2004 = VECTOR ( 'NONE', #12, 1000.000000000000000 ) ;
#2005 = ORIENTED_EDGE ( 'NONE', *, *, #676, .F. ) ;
#2006 = AXIS2_PLACEMENT_3D ( 'NONE', #190, #22, #1265 ) ;
#2007 = PRODUCT_DEFINITION_SHAPE ( 'NONE', 'NONE',  #2365 ) ;
#2008 = ADVANCED_FACE ( 'NONE', ( #983 ), #234, .F. ) ;
#2009 =( GEOMETRIC_REPRESENTATION_CONTEXT ( 3 ) GLOBAL_UNCERTAINTY_ASSIGNED_CONTEXT ( ( #706 ) ) GLOBAL_UNIT_ASSIGNED_CONTEXT ( ( #1, #39, #1110 ) ) REPRESENTATION_CONTEXT ( 'NONE', 'WORKASPACE' ) );
#2010 = VECTOR ( 'NONE', #1948, 1000.000000000000000 ) ;
#2011 =( NAMED_UNIT ( * ) SI_UNIT ( $, .STERADIAN. ) SOLID_ANGLE_UNIT ( ) );
#2012 = CARTESIAN_POINT ( 'NONE',  ( 0.0000000000000000000, 0.0000000000000000000, 0.0000000000000000000 ) ) ;
#2013 = SURFACE_STYLE_USAGE ( .BOTH. , #1100 ) ;
#2014 = DIRECTION ( 'NONE',  ( 1.000000000000000000, 0.0000000000000000000, -0.0000000000000000000 ) ) ;
#2015 = EDGE_CURVE ( 'NONE', #2207, #694, #294, .T. ) ;
#2016 = VERTEX_POINT ( 'NONE', #468 ) ;
#2017 =( LENGTH_UNIT ( ) NAMED_UNIT ( * ) SI_UNIT ( .MILLI., .METRE. ) );
#2018 = EDGE_LOOP ( 'NONE', ( #352, #1862, #391, #1004, #1319, #1379, #781 ) ) ;
#2019 =( LENGTH_UNIT ( ) NAMED_UNIT ( * ) SI_UNIT ( .MILLI., .METRE. ) );
#2020 = STYLED_ITEM ( 'NONE', ( #1708 ), #2141 ) ;
#2021 = AXIS2_PLACEMENT_3D ( 'NONE', #71, #1117, #407 ) ;
#2022 = APPLICATION_PROTOCOL_DEFINITION ( 'draft international standard', 'automotive_design', 1998, #1547 ) ;
#2023 = SURFACE_STYLE_FILL_AREA ( #40 ) ;
#2024 = FACE_OUTER_BOUND ( 'NONE', #459, .T. ) ;
#2025 = VERTEX_POINT ( 'NONE', #456 ) ;
#2026 = SURFACE_SIDE_STYLE ('',( #1282 ) ) ;
#2027 = MECHANICAL_DESIGN_GEOMETRIC_PRESENTATION_REPRESENTATION (  '', ( #1678 ), #259 ) ;
#2028 = PLANE ( 'NONE',  #2056 ) ;
#2029 = ORIENTED_EDGE ( 'NONE', *, *, #153, .T. ) ;
#2030 = PRODUCT_DEFINITION ( 'UNKNOWN', '', #1072, #2252 ) ;
#2031 = DIRECTION ( 'NONE',  ( 0.0000000000000000000, 0.0000000000000000000, 1.000000000000000000 ) ) ;
#2032 = FACE_OUTER_BOUND ( 'NONE', #1673, .T. ) ;
#2033 = CARTESIAN_POINT ( 'NONE',  ( 0.4000000000000000222, -0.4000000000000000222, 0.0000000000000000000 ) ) ;
#2034 = VERTEX_POINT ( 'NONE', #2309 ) ;
#2035 = FILL_AREA_STYLE ('',( #934 ) ) ;
#2036 = SURFACE_STYLE_FILL_AREA ( #430 ) ;
#2037 = ORIENTED_EDGE ( 'NONE', *, *, #636, .T. ) ;
#2038 = PRESENTATION_LAYER_ASSIGNMENT (  '', '', ( #1576 ) ) ;
#2039 = FILL_AREA_STYLE ('',( #765 ) ) ;
#2040 = FILL_AREA_STYLE ('',( #1295 ) ) ;
#2041 = FACE_OUTER_BOUND ( 'NONE', #777, .T. ) ;
#2042 = CARTESIAN_POINT ( 'NONE',  ( 0.8000000000000000444, -0.4000000000000000222, 0.2000000000000000111 ) ) ;
#2043 = MECHANICAL_DESIGN_GEOMETRIC_PRESENTATION_REPRESENTATION (  '', ( #317 ), #714 ) ;
#2044 = CARTESIAN_POINT ( 'NONE',  ( 0.0000000000000000000, 0.0000000000000000000, 0.0000000000000000000 ) ) ;
#2045 = STYLED_ITEM ( 'NONE', ( #536 ), #1909 ) ;
#2046 =( LENGTH_UNIT ( ) NAMED_UNIT ( * ) SI_UNIT ( .MILLI., .METRE. ) );
#2047 = ORIENTED_EDGE ( 'NONE', *, *, #757, .F. ) ;
#2048 =( NAMED_UNIT ( * ) SI_UNIT ( $, .STERADIAN. ) SOLID_ANGLE_UNIT ( ) );
#2049 = ADVANCED_FACE ( 'NONE', ( #305 ), #693, .T. ) ;
#2050 = LINE ( 'NONE', #2235, #1192 ) ;
#2051 =( NAMED_UNIT ( * ) SI_UNIT ( $, .STERADIAN. ) SOLID_ANGLE_UNIT ( ) );
#2052 = VERTEX_POINT ( 'NONE', #1036 ) ;
#2053 =( LENGTH_UNIT ( ) NAMED_UNIT ( * ) SI_UNIT ( .MILLI., .METRE. ) );
#2054 = DIRECTION ( 'NONE',  ( 1.000000000000000000, 0.0000000000000000000, 0.0000000000000000000 ) ) ;
#2055 = LINE ( 'NONE', #1153, #2225 ) ;
#2056 = AXIS2_PLACEMENT_3D ( 'NONE', #445, #999, #1137 ) ;
#2057 = CARTESIAN_POINT ( 'NONE',  ( -0.5000000000000000000, 0.3499999999999970357, 0.2499999999999996669 ) ) ;
#2058 = MANIFOLD_SOLID_BREP ( 'Imported1', #791 ) ;
#2059 = SURFACE_SIDE_STYLE ('',( #1135 ) ) ;
#2060 = ORIENTED_EDGE ( 'NONE', *, *, #1047, .T. ) ;
#2061 = FACE_OUTER_BOUND ( 'NONE', #1478, .T. ) ;
#2062 = ORIENTED_EDGE ( 'NONE', *, *, #1403, .T. ) ;
#2063 = ADVANCED_FACE ( 'NONE', ( #1945 ), #1221, .F. ) ;
#2064 = DIRECTION ( 'NONE',  ( 1.000000000000000000, 0.0000000000000000000, 0.0000000000000000000 ) ) ;
#2065 = LINE ( 'NONE', #216, #2172 ) ;
#2066 = UNCERTAINTY_MEASURE_WITH_UNIT (LENGTH_MEASURE( 1.000000000000000082E-05 ), #2180, 'distance_accuracy_value', 'NONE');
#2067 = DIRECTION ( 'NONE',  ( 0.0000000000000000000, 0.0000000000000000000, 1.000000000000000000 ) ) ;
#2068 = EDGE_CURVE ( 'NONE', #511, #2016, #1645, .T. ) ;
#2069 =( NAMED_UNIT ( * ) PLANE_ANGLE_UNIT ( ) SI_UNIT ( $, .RADIAN. ) );
#2070 = FILL_AREA_STYLE_COLOUR ( '', #7 ) ;
#2071 = LINE ( 'NONE', #615, #289 ) ;
#2072 = ORIENTED_EDGE ( 'NONE', *, *, #1215, .F. ) ;
#2073 = SURFACE_STYLE_FILL_AREA ( #2039 ) ;
#2074 = MECHANICAL_DESIGN_GEOMETRIC_PRESENTATION_REPRESENTATION (  '', ( #1802 ), #814 ) ;
#2075 = STYLED_ITEM ( 'NONE', ( #29 ), #949 ) ;
#2076 = VECTOR ( 'NONE', #1186, 1000.000000000000000 ) ;
#2077 = PRESENTATION_STYLE_ASSIGNMENT (( #797 ) ) ;
#2078 = MECHANICAL_DESIGN_GEOMETRIC_PRESENTATION_REPRESENTATION (  '', ( #1575 ), #129 ) ;
#2079 = ADVANCED_FACE ( 'NONE', ( #2024 ), #1073, .F. ) ;
#2080 =( LENGTH_UNIT ( ) NAMED_UNIT ( * ) SI_UNIT ( .MILLI., .METRE. ) );
#2081 = VECTOR ( 'NONE', #494, 1000.000000000000000 ) ;
#2082 = COLOUR_RGB ( '',0.0000000000000000000, 0.7411764705882353255, 0.0000000000000000000 ) ;
#2083 = CARTESIAN_POINT ( 'NONE',  ( 0.4715678837578454741, 0.3215678837576906868, 0.5817080228269734254 ) ) ;
#2084 = CARTESIAN_POINT ( 'NONE',  ( 0.5000000000000000000, -0.3499999999999999778, 0.2500000000000000000 ) ) ;
#2085 = SURFACE_STYLE_USAGE ( .BOTH. , #2271 ) ;
#2086 = VECTOR ( 'NONE', #1370, 1000.000000000000000 ) ;
#2087 = DIRECTION ( 'NONE',  ( 1.000000000000000000, 0.0000000000000000000, -0.0000000000000000000 ) ) ;
#2088 = CARTESIAN_POINT ( 'NONE',  ( -0.4000000000000000222, 0.4000000000000000222, 0.2000000000000000111 ) ) ;
#2089 = VERTEX_POINT ( 'NONE', #381 ) ;
#2090 = DIRECTION ( 'NONE',  ( -1.000000000000000000, 4.323630019078185612E-19, -3.705968587780558768E-20 ) ) ;
#2091 = UNCERTAINTY_MEASURE_WITH_UNIT (LENGTH_MEASURE( 1.000000000000000082E-05 ), #749, 'distance_accuracy_value', 'NONE');
#2092 = MECHANICAL_DESIGN_GEOMETRIC_PRESENTATION_REPRESENTATION (  '', ( #1824 ), #1356 ) ;
#2093 = PRESENTATION_LAYER_ASSIGNMENT (  '', '', ( #2020 ) ) ;
#2094 = CARTESIAN_POINT ( 'NONE',  ( 0.4000000000000000222, -0.4000000000000000222, 0.2000000000000000111 ) ) ;
#2095 = DIRECTION ( 'NONE',  ( 1.000000000000000000, 0.0000000000000000000, 0.0000000000000000000 ) ) ;
#2096 = DIRECTION ( 'NONE',  ( -0.0000000000000000000, 1.000000000000000000, 0.0000000000000000000 ) ) ;
#2097 = ORIENTED_EDGE ( 'NONE', *, *, #1713, .F. ) ;
#2098 = PRODUCT_DEFINITION_FORMATION_WITH_SPECIFIED_SOURCE ( 'ANY', '', #677, .NOT_KNOWN. ) ;
#2099 = SURFACE_SIDE_STYLE ('',( #1890 ) ) ;
#2100 = DIRECTION ( 'NONE',  ( -0.0000000000000000000, -0.0000000000000000000, -1.000000000000000000 ) ) ;
#2101 =( GEOMETRIC_REPRESENTATION_CONTEXT ( 3 ) GLOBAL_UNCERTAINTY_ASSIGNED_CONTEXT ( ( #609 ) ) GLOBAL_UNIT_ASSIGNED_CONTEXT ( ( #83, #1553, #2275 ) ) REPRESENTATION_CONTEXT ( 'NONE', 'WORKASPACE' ) );
#2102 = DIRECTION ( 'NONE',  ( 1.000000000000000000, 0.0000000000000000000, 0.0000000000000000000 ) ) ;
#2103 = VERTEX_POINT ( 'NONE', #1463 ) ;
#2104 = DIRECTION ( 'NONE',  ( 0.0000000000000000000, 1.224646799146999945E-16, 1.000000000000000000 ) ) ;
#2105 = SURFACE_SIDE_STYLE ('',( #855 ) ) ;
#2106 = EDGE_CURVE ( 'NONE', #453, #147, #4, .T. ) ;
#2107 = ORIENTED_EDGE ( 'NONE', *, *, #1222, .T. ) ;
#2108 = SURFACE_SIDE_STYLE ('',( #900 ) ) ;
#2109 = DIRECTION ( 'NONE',  ( 1.000000000000000000, 0.0000000000000000000, -0.0000000000000000000 ) ) ;
#2110 = SURFACE_SIDE_STYLE ('',( #1960 ) ) ;
#2111 = STYLED_ITEM ( 'NONE', ( #2208 ), #912 ) ;
#2112 = ADVANCED_FACE ( 'NONE', ( #1844 ), #2349, .T. ) ;
#2113 = CARTESIAN_POINT ( 'NONE',  ( -0.5000000000000000000, -0.3499999999999999778, 0.2000000000000000111 ) ) ;
#2114 = AXIS2_PLACEMENT_3D ( 'NONE', #1875, #68, #45 ) ;
#2115 = AXIS2_PLACEMENT_3D ( 'NONE', #97, #2104, #1189 ) ;
#2116 = ORIENTED_EDGE ( 'NONE', *, *, #228, .F. ) ;
#2117 =( NAMED_UNIT ( * ) PLANE_ANGLE_UNIT ( ) SI_UNIT ( $, .RADIAN. ) );
#2118 = VECTOR ( 'NONE', #1624, 1000.000000000000000 ) ;
#2119 = ORIENTED_EDGE ( 'NONE', *, *, #1613, .F. ) ;
#2120 = CIRCLE ( 'NONE', #2006, 0.1999999999999999833 ) ;
#2121 = EDGE_CURVE ( 'NONE', #1394, #1561, #2254, .T. ) ;
#2122 = VECTOR ( 'NONE', #1382, 1000.000000000000000 ) ;
#2123 = CARTESIAN_POINT ( 'NONE',  ( -0.5000000000000000000, -0.3499999999999999778, 0.2500000000000000000 ) ) ;
#2124 = DIRECTION ( 'NONE',  ( 4.339483675923922730E-19, 0.9963466490417525190, 0.08540114134641879629 ) ) ;
#2125 = FILL_AREA_STYLE_COLOUR ( '', #1621 ) ;
#2126 = CARTESIAN_POINT ( 'NONE',  ( -0.4000000000000000222, -0.4000000000000000222, 0.0000000000000000000 ) ) ;
#2127 =( NAMED_UNIT ( * ) PLANE_ANGLE_UNIT ( ) SI_UNIT ( $, .RADIAN. ) );
#2128 = DIRECTION ( 'NONE',  ( -0.0000000000000000000, 1.000000000000000000, -1.224646799146999945E-16 ) ) ;
#2129 = MECHANICAL_DESIGN_GEOMETRIC_PRESENTATION_REPRESENTATION (  '', ( #1630 ), #221 ) ;
#2130 = EDGE_LOOP ( 'NONE', ( #2243, #320, #2002, #1922, #339, #2198, #535, #806 ) ) ;
#2131 = CARTESIAN_POINT ( 'NONE',  ( 0.2000000000000000111, -0.4000000000000000222, -4.898587196589000156E-17 ) ) ;
#2132 = PLANE ( 'NONE',  #46 ) ;
#2133 = UNCERTAINTY_MEASURE_WITH_UNIT (LENGTH_MEASURE( 1.000000000000000082E-05 ), #770, 'distance_accuracy_value', 'NONE');
#2134 = AXIS2_PLACEMENT_3D ( 'NONE', #1816, #173, #1299 ) ;
#2135 = SURFACE_STYLE_USAGE ( .BOTH. , #1608 ) ;
#2136 =( GEOMETRIC_REPRESENTATION_CONTEXT ( 3 ) GLOBAL_UNCERTAINTY_ASSIGNED_CONTEXT ( ( #515 ) ) GLOBAL_UNIT_ASSIGNED_CONTEXT ( ( #1882, #594, #2266 ) ) REPRESENTATION_CONTEXT ( 'NONE', 'WORKASPACE' ) );
#2137 = UNCERTAINTY_MEASURE_WITH_UNIT (LENGTH_MEASURE( 1.000000000000000082E-05 ), #1940, 'distance_accuracy_value', 'NONE');
#2138 = PRESENTATION_LAYER_ASSIGNMENT (  '', '', ( #1223 ) ) ;
#2139 = FILL_AREA_STYLE_COLOUR ( '', #711 ) ;
#2140 = CARTESIAN_POINT ( 'NONE',  ( 0.4000000000000000222, -0.4000000000000000222, 0.0000000000000000000 ) ) ;
#2141 = ADVANCED_FACE ( 'NONE', ( #2206 ), #1861, .T. ) ;
#2142 = EDGE_LOOP ( 'NONE', ( #42, #1116, #21, #669 ) ) ;
#2143 = PRODUCT_DEFINITION ( 'UNKNOWN', '', #1831, #75 ) ;
#2144 = DIRECTION ( 'NONE',  ( -0.0000000000000000000, -0.0000000000000000000, -1.000000000000000000 ) ) ;
#2145 = ORIENTED_EDGE ( 'NONE', *, *, #619, .F. ) ;
#2146 = CARTESIAN_POINT ( 'NONE',  ( -0.8000000000000000444, -0.2000000000000000389, 0.0000000000000000000 ) ) ;
#2147 = EDGE_CURVE ( 'NONE', #1565, #81, #941, .T. ) ;
#2148 = FILL_AREA_STYLE_COLOUR ( '', #1268 ) ;
#2149 = VECTOR ( 'NONE', #887, 1000.000000000000114 ) ;
#2150 = FILL_AREA_STYLE_COLOUR ( '', #1160 ) ;
#2151 = VECTOR ( 'NONE', #2087, 1000.000000000000000 ) ;
#2152 = VECTOR ( 'NONE', #620, 1000.000000000000000 ) ;
#2153 = SURFACE_STYLE_FILL_AREA ( #559 ) ;
#2154 = ORIENTED_EDGE ( 'NONE', *, *, #1545, .F. ) ;
#2155 = LINE ( 'NONE', #1972, #2122 ) ;
#2156 = ORIENTED_EDGE ( 'NONE', *, *, #2210, .T. ) ;
#2157 = VECTOR ( 'NONE', #2109, 1000.000000000000000 ) ;
#2158 =( NAMED_UNIT ( * ) PLANE_ANGLE_UNIT ( ) SI_UNIT ( $, .RADIAN. ) );
#2159 = UNCERTAINTY_MEASURE_WITH_UNIT (LENGTH_MEASURE( 1.000000000000000082E-05 ), #666, 'distance_accuracy_value', 'NONE');
#2160 = FILL_AREA_STYLE ('',( #1240 ) ) ;
#2161 = FILL_AREA_STYLE ('',( #2148 ) ) ;
#2162 =( NAMED_UNIT ( * ) PLANE_ANGLE_UNIT ( ) SI_UNIT ( $, .RADIAN. ) );
#2163 = ORIENTED_EDGE ( 'NONE', *, *, #124, .F. ) ;
#2164 = AXIS2_PLACEMENT_3D ( 'NONE', #1170, #1354, #2095 ) ;
#2165 =( NAMED_UNIT ( * ) PLANE_ANGLE_UNIT ( ) SI_UNIT ( $, .RADIAN. ) );
#2166 = AXIS2_PLACEMENT_3D ( 'NONE', #207, #400, #416 ) ;
#2167 = VERTEX_POINT ( 'NONE', #1341 ) ;
#2168 = SURFACE_STYLE_USAGE ( .BOTH. , #1996 ) ;
#2169 = SURFACE_STYLE_FILL_AREA ( #2040 ) ;
#2170 = PRESENTATION_STYLE_ASSIGNMENT (( #1840 ) ) ;
#2171 =( BOUNDED_CURVE ( )  B_SPLINE_CURVE ( 3, ( #1272, #2181, #1425, #1791 ),
 .UNSPECIFIED., .F., .T. ) 
 B_SPLINE_CURVE_WITH_KNOTS ( ( 4, 4 ),
 ( 4.712388980384689674, 6.197680013498867879 ),
 .UNSPECIFIED. ) 
 CURVE ( )  GEOMETRIC_REPRESENTATION_ITEM ( )  RATIONAL_B_SPLINE_CURVE ( ( 1.000000000000000000, 0.8244547578640677443, 0.8244547578640677443, 1.000000000000000000 ) ) 
 REPRESENTATION_ITEM ( '' )  );
#2172 = VECTOR ( 'NONE', #1893, 1000.000000000000000 ) ;
#2173 = VERTEX_POINT ( 'NONE', #2083 ) ;
#2174 = ADVANCED_FACE ( 'NONE', ( #1872 ), #611, .T. ) ;
#2175 = CARTESIAN_POINT ( 'NONE',  ( 0.2000000000000000111, -0.4000000000000000222, 0.002000000000000000042 ) ) ;
#2176 = DIRECTION ( 'NONE',  ( 1.000000000000000000, 0.0000000000000000000, 0.0000000000000000000 ) ) ;
#2177 = ADVANCED_FACE ( 'NONE', ( #291 ), #681, .F. ) ;
#2178 = FILL_AREA_STYLE_COLOUR ( '', #783 ) ;
#2179 = VECTOR ( 'NONE', #822, 1000.000000000000000 ) ;
#2180 =( LENGTH_UNIT ( ) NAMED_UNIT ( * ) SI_UNIT ( .MILLI., .METRE. ) );
#2181 = CARTESIAN_POINT ( 'NONE',  ( 0.4625772966728456947, -0.3125772966728457836, 0.6000000000000000888 ) ) ;
#2182 = PRESENTATION_STYLE_ASSIGNMENT (( #1818 ) ) ;
#2183 = AXIS2_PLACEMENT_3D ( 'NONE', #403, #1863, #1150 ) ;
#2184 = MECHANICAL_DESIGN_GEOMETRIC_PRESENTATION_REPRESENTATION (  '', ( #1576 ), #1235 ) ;
#2185 = EDGE_LOOP ( 'NONE', ( #932, #1646, #1357, #61 ) ) ;
#2186 = DIRECTION ( 'NONE',  ( 0.0000000000000000000, -1.000000000000000000, -0.0000000000000000000 ) ) ;
#2187 =( GEOMETRIC_REPRESENTATION_CONTEXT ( 3 ) GLOBAL_UNCERTAINTY_ASSIGNED_CONTEXT ( ( #1995 ) ) GLOBAL_UNIT_ASSIGNED_CONTEXT ( ( #427, #2069, #454 ) ) REPRESENTATION_CONTEXT ( 'NONE', 'WORKASPACE' ) );
#2188 = CARTESIAN_POINT ( 'NONE',  ( 0.0000000000000000000, -0.09999999999999999167, 0.002000000000000000042 ) ) ;
#2189 = EDGE_LOOP ( 'NONE', ( #260, #9, #1781, #1105 ) ) ;
#2190 = ADVANCED_FACE ( 'NONE', ( #1718 ), #1363, .F. ) ;
#2191 =( LENGTH_UNIT ( ) NAMED_UNIT ( * ) SI_UNIT ( .MILLI., .METRE. ) );
#2192 = VECTOR ( 'NONE', #1473, 1000.000000000000000 ) ;
#2193 = FILL_AREA_STYLE_COLOUR ( '', #1539 ) ;
#2194 = SURFACE_SIDE_STYLE ('',( #373 ) ) ;
#2195 = VECTOR ( 'NONE', #796, 1000.000000000000000 ) ;
#2196 = CARTESIAN_POINT ( 'NONE',  ( 0.4000000000000000222, -0.4000000000000000222, 0.2000000000000000111 ) ) ;
#2197 = SURFACE_SIDE_STYLE ('',( #2153 ) ) ;
#2198 = ORIENTED_EDGE ( 'NONE', *, *, #599, .F. ) ;
#2199 = CARTESIAN_POINT ( 'NONE',  ( 0.2000000000000000111, 0.4000000000000000222, -4.898587196589000156E-17 ) ) ;
#2200 = VERTEX_POINT ( 'NONE', #640 ) ;
#2201 = FILL_AREA_STYLE ('',( #298 ) ) ;
#2202 = COLOUR_RGB ( '',0.0000000000000000000, 0.7411764705882353255, 0.0000000000000000000 ) ;
#2203 =( NAMED_UNIT ( * ) PLANE_ANGLE_UNIT ( ) SI_UNIT ( $, .RADIAN. ) );
#2204 = CARTESIAN_POINT ( 'NONE',  ( 0.0000000000000000000, 0.0000000000000000000, 0.0000000000000000000 ) ) ;
#2205 = CARTESIAN_POINT ( 'NONE',  ( -0.4000000000000000222, 0.4000000000000000222, 0.2000000000000000111 ) ) ;
#2206 = FACE_OUTER_BOUND ( 'NONE', #417, .T. ) ;
#2207 = VERTEX_POINT ( 'NONE', #2094 ) ;
#2208 = PRESENTATION_STYLE_ASSIGNMENT (( #1114 ) ) ;
#2209 =( LENGTH_UNIT ( ) NAMED_UNIT ( * ) SI_UNIT ( .MILLI., .METRE. ) );
#2210 = EDGE_CURVE ( 'NONE', #1888, #1695, #1930, .T. ) ;
#2211 = ORIENTED_EDGE ( 'NONE', *, *, #2015, .F. ) ;
#2212 = CYLINDRICAL_SURFACE ( 'NONE', #1973, 0.1999999999999999833 ) ;
#2213 =( NAMED_UNIT ( * ) SI_UNIT ( $, .STERADIAN. ) SOLID_ANGLE_UNIT ( ) );
#2214 = FILL_AREA_STYLE_COLOUR ( '', #884 ) ;
#2215 = ADVANCED_FACE ( 'NONE', ( #1018 ), #1745, .T. ) ;
#2216 = CARTESIAN_POINT ( 'NONE',  ( 0.0000000000000000000, -0.4000000000000000222, 4.898587196589000156E-17 ) ) ;
#2217 =( NAMED_UNIT ( * ) PLANE_ANGLE_UNIT ( ) SI_UNIT ( $, .RADIAN. ) );
#2218 = ORIENTED_EDGE ( 'NONE', *, *, #1215, .T. ) ;
#2219 = DIRECTION ( 'NONE',  ( -1.000000000000000000, -0.0000000000000000000, -0.0000000000000000000 ) ) ;
#2220 = ORIENTED_EDGE ( 'NONE', *, *, #1222, .F. ) ;
#2221 = PRESENTATION_LAYER_ASSIGNMENT (  '', '', ( #670 ) ) ;
#2222 = MECHANICAL_DESIGN_GEOMETRIC_PRESENTATION_REPRESENTATION (  '', ( #860 ), #1615 ) ;
#2223 = CYLINDRICAL_SURFACE ( 'NONE', #637, 0.03999999999999999389 ) ;
#2224 = AXIS2_PLACEMENT_3D ( 'NONE', #626, #1171, #1034 ) ;
#2225 = VECTOR ( 'NONE', #1905, 1000.000000000000000 ) ;
#2226 = CARTESIAN_POINT ( 'NONE',  ( 0.4516409507770000054, -0.3016409507769999832, 0.6000000000000000888 ) ) ;
#2227 = VECTOR ( 'NONE', #1988, 1000.000000000000000 ) ;
#2228 =( GEOMETRIC_REPRESENTATION_CONTEXT ( 3 ) GLOBAL_UNCERTAINTY_ASSIGNED_CONTEXT ( ( #311 ) ) GLOBAL_UNIT_ASSIGNED_CONTEXT ( ( #1402, #699, #1028 ) ) REPRESENTATION_CONTEXT ( 'NONE', 'WORKASPACE' ) );
#2229 = UNCERTAINTY_MEASURE_WITH_UNIT (LENGTH_MEASURE( 1.000000000000000082E-05 ), #618, 'distance_accuracy_value', 'NONE');
#2230 = SURFACE_STYLE_USAGE ( .BOTH. , #1731 ) ;
#2231 = COLOUR_RGB ( '',0.7803921568627451011, 0.5686274509803921351, 0.1137254901960784298 ) ;
#2232 = SURFACE_STYLE_USAGE ( .BOTH. , #41 ) ;
#2233 = ORIENTED_EDGE ( 'NONE', *, *, #458, .F. ) ;
#2234 = CARTESIAN_POINT ( 'NONE',  ( 0.8000000000000000444, 0.4000000000000000222, 0.2000000000000000111 ) ) ;
#2235 = CARTESIAN_POINT ( 'NONE',  ( 0.2000000000000000111, 0.4000000000000000222, 0.002000000000000000042 ) ) ;
#2236 = FILL_AREA_STYLE ('',( #211 ) ) ;
#2237 = EDGE_CURVE ( 'NONE', #1113, #466, #1352, .T. ) ;
#2238 = VERTEX_POINT ( 'NONE', #25 ) ;
#2239 =( NAMED_UNIT ( * ) SI_UNIT ( $, .STERADIAN. ) SOLID_ANGLE_UNIT ( ) );
#2240 = DIRECTION ( 'NONE',  ( 0.0000000000000000000, 0.0000000000000000000, 1.000000000000000000 ) ) ;
#2241 = LINE ( 'NONE', #1002, #1324 ) ;
#2242 = PRESENTATION_STYLE_ASSIGNMENT (( #2230 ) ) ;
#2243 = ORIENTED_EDGE ( 'NONE', *, *, #1880, .F. ) ;
#2244 = LINE ( 'NONE', #6, #1531 ) ;
#2245 =( NAMED_UNIT ( * ) PLANE_ANGLE_UNIT ( ) SI_UNIT ( $, .RADIAN. ) );
#2246 = COLOUR_RGB ( '',0.0000000000000000000, 0.6666666666666666297, 0.0000000000000000000 ) ;
#2247 = ORIENTED_EDGE ( 'NONE', *, *, #2121, .F. ) ;
#2248 = EDGE_CURVE ( 'NONE', #1910, #165, #756, .T. ) ;
#2249 = SURFACE_STYLE_FILL_AREA ( #2277 ) ;
#2250 = UNCERTAINTY_MEASURE_WITH_UNIT (LENGTH_MEASURE( 1.000000000000000082E-05 ), #1456, 'distance_accuracy_value', 'NONE');
#2251 = EDGE_CURVE ( 'NONE', #1188, #1888, #635, .T. ) ;
#2252 = PRODUCT_DEFINITION_CONTEXT ( 'detailed design', #35, 'design' ) ;
#2253 = LINE ( 'NONE', #450, #1270 ) ;
#2254 = LINE ( 'NONE', #1291, #1784 ) ;
#2255 = PRODUCT_RELATED_PRODUCT_CATEGORY ( 'part', '', ( #867 ) ) ;
#2256 = ORIENTED_EDGE ( 'NONE', *, *, #1951, .T. ) ;
#2257 = PRESENTATION_STYLE_ASSIGNMENT (( #2085 ) ) ;
#2258 = CARTESIAN_POINT ( 'NONE',  ( -0.4000000000000000222, -0.4000000000000000222, 0.2000000000000000111 ) ) ;
#2259 = PRESENTATION_STYLE_ASSIGNMENT (( #1523 ) ) ;
#2260 = VERTEX_POINT ( 'NONE', #2042 ) ;
#2261 = SHAPE_REPRESENTATION ( 'Pocket002', ( #1366 ), #32 ) ;
#2262 =( LENGTH_UNIT ( ) NAMED_UNIT ( * ) SI_UNIT ( .MILLI., .METRE. ) );
#2263 = CARTESIAN_POINT ( 'NONE',  ( -0.6999999999999999556, -0.2999999999999999889, 0.2000000000000000111 ) ) ;
#2264 = VECTOR ( 'NONE', #1371, 1000.000000000000000 ) ;
#2265 = CARTESIAN_POINT ( 'NONE',  ( 0.8000000000000000444, 0.0000000000000000000, 0.0000000000000000000 ) ) ;
#2266 =( NAMED_UNIT ( * ) SI_UNIT ( $, .STERADIAN. ) SOLID_ANGLE_UNIT ( ) );
#2267 = FILL_AREA_STYLE_COLOUR ( '', #280 ) ;
#2268 =( GEOMETRIC_REPRESENTATION_CONTEXT ( 3 ) GLOBAL_UNCERTAINTY_ASSIGNED_CONTEXT ( ( #1249 ) ) GLOBAL_UNIT_ASSIGNED_CONTEXT ( ( #2046, #90, #568 ) ) REPRESENTATION_CONTEXT ( 'NONE', 'WORKASPACE' ) );
#2269 = SURFACE_SIDE_STYLE ('',( #1571 ) ) ;
#2270 = ORIENTED_EDGE ( 'NONE', *, *, #171, .F. ) ;
#2271 = SURFACE_SIDE_STYLE ('',( #2296 ) ) ;
#2272 = VECTOR ( 'NONE', #525, 1000.000000000000000 ) ;
#2273 = CARTESIAN_POINT ( 'NONE',  ( 0.5000000000000000000, -0.3350000000000000200, 0.4249999999999999889 ) ) ;
#2274 = ORIENTED_EDGE ( 'NONE', *, *, #23, .T. ) ;
#2275 =( NAMED_UNIT ( * ) SI_UNIT ( $, .STERADIAN. ) SOLID_ANGLE_UNIT ( ) );
#2276 = DIRECTION ( 'NONE',  ( 0.0000000000000000000, 0.0000000000000000000, 1.000000000000000000 ) ) ;
#2277 = FILL_AREA_STYLE ('',( #1308 ) ) ;
#2278 = CYLINDRICAL_SURFACE ( 'NONE', #92, 0.02000000000000005246 ) ;
#2279 = UNCERTAINTY_MEASURE_WITH_UNIT (LENGTH_MEASURE( 1.000000000000000082E-05 ), #1181, 'distance_accuracy_value', 'NONE');
#2280 = SURFACE_STYLE_USAGE ( .BOTH. , #1744 ) ;
#2281 = STYLED_ITEM ( 'NONE', ( #2259 ), #2008 ) ;
#2282 = EDGE_CURVE ( 'NONE', #2173, #1188, #53, .T. ) ;
#2283 = AXIS2_PLACEMENT_3D ( 'NONE', #2033, #389, #1148 ) ;
#2284 = EDGE_LOOP ( 'NONE', ( #256, #1714, #750, #2107 ) ) ;
#2285 = DIRECTION ( 'NONE',  ( 1.000000000000000000, 0.0000000000000000000, -0.0000000000000000000 ) ) ;
#2286 = ORIENTED_EDGE ( 'NONE', *, *, #300, .T. ) ;
#2287 =( GEOMETRIC_REPRESENTATION_CONTEXT ( 3 ) GLOBAL_UNCERTAINTY_ASSIGNED_CONTEXT ( ( #2066 ) ) GLOBAL_UNIT_ASSIGNED_CONTEXT ( ( #2180, #2, #398 ) ) REPRESENTATION_CONTEXT ( 'NONE', 'WORKASPACE' ) );
#2288 = EDGE_CURVE ( 'NONE', #2238, #1561, #787, .T. ) ;
#2289 = FILL_AREA_STYLE_COLOUR ( '', #1166 ) ;
#2290 =( GEOMETRIC_REPRESENTATION_CONTEXT ( 3 ) GLOBAL_UNCERTAINTY_ASSIGNED_CONTEXT ( ( #769 ) ) GLOBAL_UNIT_ASSIGNED_CONTEXT ( ( #865, #1762, #1590 ) ) REPRESENTATION_CONTEXT ( 'NONE', 'WORKASPACE' ) );
#2291 = SURFACE_STYLE_FILL_AREA ( #848 ) ;
#2292 = LINE ( 'NONE', #1753, #281 ) ;
#2293 = FILL_AREA_STYLE_COLOUR ( '', #290 ) ;
#2294 = EDGE_CURVE ( 'NONE', #2103, #2167, #2065, .T. ) ;
#2295 = ORIENTED_EDGE ( 'NONE', *, *, #1898, .T. ) ;
#2296 = SURFACE_STYLE_FILL_AREA ( #271 ) ;
#2297 = FILL_AREA_STYLE_COLOUR ( '', #2202 ) ;
#2298 = ORIENTED_EDGE ( 'NONE', *, *, #1010, .F. ) ;
#2299 = SURFACE_STYLE_FILL_AREA ( #2333 ) ;
#2300 = DIRECTION ( 'NONE',  ( 1.000000000000000000, 0.0000000000000000000, 0.0000000000000000000 ) ) ;
#2301 =( NAMED_UNIT ( * ) PLANE_ANGLE_UNIT ( ) SI_UNIT ( $, .RADIAN. ) );
#2302 = MECHANICAL_DESIGN_GEOMETRIC_PRESENTATION_REPRESENTATION (  '', ( #2111 ), #549 ) ;
#2303 = CARTESIAN_POINT ( 'NONE',  ( -0.5000000000000000000, -0.3499999999999999778, 0.2000000000000000111 ) ) ;
#2304 =( GEOMETRIC_REPRESENTATION_CONTEXT ( 3 ) GLOBAL_UNCERTAINTY_ASSIGNED_CONTEXT ( ( #1228 ) ) GLOBAL_UNIT_ASSIGNED_CONTEXT ( ( #1220, #455, #1737 ) ) REPRESENTATION_CONTEXT ( 'NONE', 'WORKASPACE' ) );
#2305 = MECHANICAL_DESIGN_GEOMETRIC_PRESENTATION_REPRESENTATION (  '', ( #969 ), #2268 ) ;
#2306 = CARTESIAN_POINT ( 'NONE',  ( -1.156482317317999984E-18, 0.4000000000000000222, 0.002000000000000000042 ) ) ;
#2307 = STYLED_ITEM ( 'NONE', ( #251 ), #1622 ) ;
#2308 = DIRECTION ( 'NONE',  ( 0.0000000000000000000, -1.000000000000000000, 1.224646799146999945E-16 ) ) ;
#2309 = CARTESIAN_POINT ( 'NONE',  ( -0.8000000000000000444, 0.4000000000000000222, 0.0000000000000000000 ) ) ;
#2310 = PRESENTATION_LAYER_ASSIGNMENT (  '', '', ( #395 ) ) ;
#2311 = ORIENTED_EDGE ( 'NONE', *, *, #1119, .T. ) ;
#2312 = EDGE_CURVE ( 'NONE', #1188, #1739, #449, .T. ) ;
#2313 = LINE ( 'NONE', #686, #1015 ) ;
#2314 = DIRECTION ( 'NONE',  ( 0.0000000000000000000, 0.0000000000000000000, 1.000000000000000000 ) ) ;
#2315 = PRESENTATION_STYLE_ASSIGNMENT (( #277 ) ) ;
#2316 = CARTESIAN_POINT ( 'NONE',  ( 0.0000000000000000000, -0.1000000000000000056, 1.224646799146999976E-17 ) ) ;
#2317 = DIRECTION ( 'NONE',  ( 1.000000000000000000, 0.0000000000000000000, -0.0000000000000000000 ) ) ;
#2318 = EDGE_CURVE ( 'NONE', #2200, #645, #2241, .T. ) ;
#2319 = VECTOR ( 'NONE', #959, 1000.000000000000000 ) ;
#2320 = SURFACE_STYLE_FILL_AREA ( #872 ) ;
#2321 = PRESENTATION_LAYER_ASSIGNMENT (  '', '', ( #1212 ) ) ;
#2322 = EDGE_LOOP ( 'NONE', ( #624, #719, #1524, #523 ) ) ;
#2323 = EDGE_LOOP ( 'NONE', ( #1935, #1294, #2119, #1161 ) ) ;
#2324 = ADVANCED_FACE ( 'NONE', ( #608 ), #423, .T. ) ;
#2325 = UNCERTAINTY_MEASURE_WITH_UNIT (LENGTH_MEASURE( 1.000000000000000082E-05 ), #1763, 'distance_accuracy_value', 'NONE');
#2326 = FILL_AREA_STYLE ('',( #1939 ) ) ;
#2327 = UNCERTAINTY_MEASURE_WITH_UNIT (LENGTH_MEASURE( 1.000000000000000082E-05 ), #1550, 'distance_accuracy_value', 'NONE');
#2328 = FACE_OUTER_BOUND ( 'NONE', #1074, .T. ) ;
#2329 = LINE ( 'NONE', #1230, #823 ) ;
#2330 = SHAPE_REPRESENTATION ( 'Pad', ( #2021 ), #2101 ) ;
#2331 = FILL_AREA_STYLE_COLOUR ( '', #1551 ) ;
#2332 = ORIENTED_EDGE ( 'NONE', *, *, #1283, .T. ) ;
#2333 = FILL_AREA_STYLE ('',( #2289 ) ) ;
#2334 = VERTEX_POINT ( 'NONE', #463 ) ;
#2335 = CARTESIAN_POINT ( 'NONE',  ( 0.0000000000000000000, 0.0000000000000000000, 0.0000000000000000000 ) ) ;
#2336 = LINE ( 'NONE', #160, #1198 ) ;
#2337 = PRESENTATION_LAYER_ASSIGNMENT (  '', '', ( #1532 ) ) ;
#2338 = FILL_AREA_STYLE_COLOUR ( '', #1055 ) ;
#2339 = ORIENTED_EDGE ( 'NONE', *, *, #2147, .T. ) ;
#2340 = CARTESIAN_POINT ( 'NONE',  ( -0.6000000000000000888, 0.0000000000000000000, 0.2000000000000000111 ) ) ;
#2341 = VECTOR ( 'NONE', #530, 1000.000000000000000 ) ;
#2342 = UNCERTAINTY_MEASURE_WITH_UNIT (LENGTH_MEASURE( 1.000000000000000082E-05 ), #1355, 'distance_accuracy_value', 'NONE');
#2343 = DIRECTION ( 'NONE',  ( 0.0000000000000000000, 0.0000000000000000000, 1.000000000000000000 ) ) ;
#2344 = SURFACE_STYLE_FILL_AREA ( #1107 ) ;
#2345 = FACE_OUTER_BOUND ( 'NONE', #2323, .T. ) ;
#2346 = EDGE_CURVE ( 'NONE', #1565, #229, #504, .T. ) ;
#2347 = SURFACE_STYLE_USAGE ( .BOTH. , #2108 ) ;
#2348 = FACE_OUTER_BOUND ( 'NONE', #2018, .T. ) ;
#2349 = PLANE ( 'NONE',  #2283 ) ;
#2350 = ORIENTED_EDGE ( 'NONE', *, *, #979, .F. ) ;
#2351 = ADVANCED_FACE ( 'NONE', ( #1013 ), #652, .F. ) ;
#2352 = AXIS2_PLACEMENT_3D ( 'NONE', #1577, #1563, #508 ) ;
#2353 = SURFACE_SIDE_STYLE ('',( #1648 ) ) ;
#2354 = STYLED_ITEM ( 'NONE', ( #1441 ), #2112 ) ;
#2355 = ADVANCED_FACE ( 'NONE', ( #1200 ), #1401, .T. ) ;
#2356 =( NAMED_UNIT ( * ) SI_UNIT ( $, .STERADIAN. ) SOLID_ANGLE_UNIT ( ) );
#2357 = CARTESIAN_POINT ( 'NONE',  ( 0.4516409507770000054, 0.3200000000000000067, 0.5799999999999999600 ) ) ;
#2358 = MECHANICAL_DESIGN_GEOMETRIC_PRESENTATION_REPRESENTATION (  '', ( #1602 ), #1480 ) ;
#2359 =( GEOMETRIC_REPRESENTATION_CONTEXT ( 3 ) GLOBAL_UNCERTAINTY_ASSIGNED_CONTEXT ( ( #2279 ) ) GLOBAL_UNIT_ASSIGNED_CONTEXT ( ( #1181, #1799, #113 ) ) REPRESENTATION_CONTEXT ( 'NONE', 'WORKASPACE' ) );
#2360 = CARTESIAN_POINT ( 'NONE',  ( 0.0000000000000000000, 0.0000000000000000000, 0.0000000000000000000 ) ) ;
#2361 = DIRECTION ( 'NONE',  ( 0.0000000000000000000, 0.0000000000000000000, 1.000000000000000000 ) ) ;
#2362 = ADVANCED_FACE ( 'NONE', ( #1213 ), #1950, .T. ) ;
#2363 = PRESENTATION_STYLE_ASSIGNMENT (( #1642 ) ) ;
#2364 = NEXT_ASSEMBLY_USAGE_OCCURRENCE ( 'NAUO1', ' ', ' ', #205, #942, $ ) ;
#2365 = NEXT_ASSEMBLY_USAGE_OCCURRENCE ( 'NAUO2', ' ', ' ', #205, #2143, $ ) ;
#2366 = NEXT_ASSEMBLY_USAGE_OCCURRENCE ( 'NAUO3', ' ', ' ', #205, #1434, $ ) ;
#2367 = NEXT_ASSEMBLY_USAGE_OCCURRENCE ( 'NAUO4', ' ', ' ', #205, #2030, $ ) ;
#2368 = NEXT_ASSEMBLY_USAGE_OCCURRENCE ( 'NAUO5', ' ', ' ', #205, #30, $ ) ;
ENDSEC;
END-ISO-10303-21;
