ISO-10303-21;
HEADER;
FILE_DESCRIPTION (( 'STEP AP214' ),
    '1' );
FILE_NAME ('User Library-LED_0603_R.STEP',
    '2022-10-14T07:17:42',
    ( '' ),
    ( '' ),
    'SwSTEP 2.0',
    'SolidWorks 2022',
    '' );
FILE_SCHEMA (( 'AUTOMOTIVE_DESIGN' ));
ENDSEC;

DATA;
#1 = VERTEX_POINT ( 'NONE', #381 ) ;
#2 = DIRECTION ( 'NONE',  ( 0.0000000000000000000, -0.0000000000000000000, -1.000000000000000000 ) ) ;
#3 = COLOUR_RGB ( '',0.8000000000000000444, 0.8000000000000000444, 0.8000000000000000444 ) ;
#4 = FILL_AREA_STYLE ('',( #1637 ) ) ;
#5 =( NAMED_UNIT ( * ) PLANE_ANGLE_UNIT ( ) SI_UNIT ( $, .RADIAN. ) );
#6 = PRESENTATION_LAYER_ASSIGNMENT (  '', '', ( #717 ) ) ;
#7 = DIRECTION ( 'NONE',  ( 0.0000000000000000000, 0.0000000000000000000, 1.000000000000000000 ) ) ;
#8 = ORIENTED_EDGE ( 'NONE', *, *, #1217, .F. ) ;
#9 = SURFACE_STYLE_FILL_AREA ( #935 ) ;
#10 = FILL_AREA_STYLE_COLOUR ( '', #1896 ) ;
#11 = VECTOR ( 'NONE', #1770, 1000.000000000000000 ) ;
#12 = COLOUR_RGB ( '',0.7803921568627451011, 0.5686274509803921351, 0.1137254901960784298 ) ;
#13 = SURFACE_STYLE_FILL_AREA ( #1643 ) ;
#14 = CARTESIAN_POINT ( 'NONE',  ( -0.4000000000000000222, 0.4000000000000000222, 0.2000000000000000111 ) ) ;
#15 = AXIS2_PLACEMENT_3D ( 'NONE', #281, #817, #840 ) ;
#16 = ADVANCED_FACE ( 'NONE', ( #939 ), #2141, .F. ) ;
#17 = FACE_OUTER_BOUND ( 'NONE', #504, .T. ) ;
#18 = ORIENTED_EDGE ( 'NONE', *, *, #2337, .F. ) ;
#19 = SURFACE_SIDE_STYLE ('',( #1829 ) ) ;
#20 = DIRECTION ( 'NONE',  ( 1.000000000000000000, 0.0000000000000000000, -0.0000000000000000000 ) ) ;
#21 = STYLED_ITEM ( 'NONE', ( #105 ), #2314 ) ;
#22 = VECTOR ( 'NONE', #586, 1000.000000000000000 ) ;
#23 = SURFACE_SIDE_STYLE ('',( #1874 ) ) ;
#24 = ORIENTED_EDGE ( 'NONE', *, *, #483, .T. ) ;
#25 = CARTESIAN_POINT ( 'NONE',  ( -0.6999999999999999556, -0.2999999999999999889, 0.2000000000000000111 ) ) ;
#26 = PRODUCT_DEFINITION_SHAPE ( 'NONE', 'NONE',  #509 ) ;
#27 = DIRECTION ( 'NONE',  ( -0.0000000000000000000, -0.0000000000000000000, -1.000000000000000000 ) ) ;
#28 = UNCERTAINTY_MEASURE_WITH_UNIT (LENGTH_MEASURE( 1.000000000000000082E-05 ), #86, 'distance_accuracy_value', 'NONE');
#29 = PRESENTATION_STYLE_ASSIGNMENT (( #1333 ) ) ;
#30 = EDGE_CURVE ( 'NONE', #1989, #2247, #1439, .T. ) ;
#31 = ORIENTED_EDGE ( 'NONE', *, *, #2221, .T. ) ;
#32 = CARTESIAN_POINT ( 'NONE',  ( -0.2000000000000000111, 0.1000000000000000056, 0.002000000000000000042 ) ) ;
#33 = CARTESIAN_POINT ( 'NONE',  ( -0.4000000000000000222, 0.4000000000000000222, 0.0000000000000000000 ) ) ;
#34 = EDGE_CURVE ( 'NONE', #1176, #2245, #1790, .T. ) ;
#35 = DIRECTION ( 'NONE',  ( 0.0000000000000000000, 0.0000000000000000000, 1.000000000000000000 ) ) ;
#36 = ORIENTED_EDGE ( 'NONE', *, *, #2221, .F. ) ;
#37 = SURFACE_STYLE_FILL_AREA ( #1278 ) ;
#38 = CARTESIAN_POINT ( 'NONE',  ( 0.8000000000000000444, 0.4000000000000000222, 0.2000000000000000111 ) ) ;
#39 = ORIENTED_EDGE ( 'NONE', *, *, #559, .T. ) ;
#40 = LINE ( 'NONE', #2208, #910 ) ;
#41 = PRESENTATION_LAYER_ASSIGNMENT (  '', '', ( #275 ) ) ;
#42 = EDGE_CURVE ( 'NONE', #645, #2324, #2012, .T. ) ;
#43 = VECTOR ( 'NONE', #1799, 1000.000000000000000 ) ;
#44 =( NAMED_UNIT ( * ) PLANE_ANGLE_UNIT ( ) SI_UNIT ( $, .RADIAN. ) );
#45 = ORIENTED_EDGE ( 'NONE', *, *, #73, .F. ) ;
#46 = CARTESIAN_POINT ( 'NONE',  ( 0.5000000000000000000, 0.3499999999999999778, 0.2000000000000000111 ) ) ;
#47 =( NAMED_UNIT ( * ) PLANE_ANGLE_UNIT ( ) SI_UNIT ( $, .RADIAN. ) );
#48 =( LENGTH_UNIT ( ) NAMED_UNIT ( * ) SI_UNIT ( .MILLI., .METRE. ) );
#49 =( GEOMETRIC_REPRESENTATION_CONTEXT ( 3 ) GLOBAL_UNCERTAINTY_ASSIGNED_CONTEXT ( ( #1699 ) ) GLOBAL_UNIT_ASSIGNED_CONTEXT ( ( #1759, #540, #705 ) ) REPRESENTATION_CONTEXT ( 'NONE', 'WORKASPACE' ) );
#50 = CARTESIAN_POINT ( 'NONE',  ( 0.4000000000000000222, 0.4000000000000000222, 0.0000000000000000000 ) ) ;
#51 = SURFACE_STYLE_USAGE ( .BOTH. , #853 ) ;
#52 = VECTOR ( 'NONE', #1009, 1000.000000000000000 ) ;
#53 = ORIENTED_EDGE ( 'NONE', *, *, #750, .T. ) ;
#54 = CARTESIAN_POINT ( 'NONE',  ( 0.2000000000000000111, 0.4000000000000000222, -4.898587196589000156E-17 ) ) ;
#55 = PLANE ( 'NONE',  #460 ) ;
#56 = SHAPE_DEFINITION_REPRESENTATION ( #349, #158 ) ;
#57 = VERTEX_POINT ( 'NONE', #1261 ) ;
#58 = LINE ( 'NONE', #810, #604 ) ;
#59 = STYLED_ITEM ( 'NONE', ( #2225 ), #1619 ) ;
#60 = DIRECTION ( 'NONE',  ( 1.000000000000000000, 0.0000000000000000000, 0.0000000000000000000 ) ) ;
#61 = PLANE ( 'NONE',  #902 ) ;
#62 = CARTESIAN_POINT ( 'NONE',  ( -0.5000000000000000000, -0.3499999999999999778, 0.2000000000000000111 ) ) ;
#63 = DIRECTION ( 'NONE',  ( 0.0000000000000000000, 1.224646799146999945E-16, 1.000000000000000000 ) ) ;
#64 = ORIENTED_EDGE ( 'NONE', *, *, #1082, .F. ) ;
#65 = DIRECTION ( 'NONE',  ( 0.0000000000000000000, 0.0000000000000000000, 1.000000000000000000 ) ) ;
#66 = LINE ( 'NONE', #1531, #573 ) ;
#67 = ITEM_DEFINED_TRANSFORMATION ( 'NONE', 'NONE', #999,  #2194 ) ;
#68 = EDGE_LOOP ( 'NONE', ( #1968, #1584, #188, #1943 ) ) ;
#69 = CARTESIAN_POINT ( 'NONE',  ( -0.5000000000000000000, -0.3499999999999999778, 0.2500000000000000000 ) ) ;
#70 = CARTESIAN_POINT ( 'NONE',  ( -0.7399999999999999911, -0.2999999999999999889, 0.2000000000000000111 ) ) ;
#71 = SURFACE_SIDE_STYLE ('',( #1894 ) ) ;
#72 = CARTESIAN_POINT ( 'NONE',  ( -0.4699999999999999734, 0.3016409507769999832, 0.6000000000000000888 ) ) ;
#73 = EDGE_CURVE ( 'NONE', #930, #222, #1247, .T. ) ;
#74 = PLANE ( 'NONE',  #15 ) ;
#75 = VERTEX_POINT ( 'NONE', #14 ) ;
#76 = LINE ( 'NONE', #1173, #1837 ) ;
#77 =( NAMED_UNIT ( * ) SI_UNIT ( $, .STERADIAN. ) SOLID_ANGLE_UNIT ( ) );
#78 = SHAPE_DEFINITION_REPRESENTATION ( #772, #927 ) ;
#79 = ORIENTED_EDGE ( 'NONE', *, *, #282, .F. ) ;
#80 = CARTESIAN_POINT ( 'NONE',  ( -0.6999999999999999556, -0.2999999999999999889, 0.1799999999999999933 ) ) ;
#81 = DIRECTION ( 'NONE',  ( -0.0000000000000000000, 1.000000000000000000, 0.0000000000000000000 ) ) ;
#82 = MECHANICAL_DESIGN_GEOMETRIC_PRESENTATION_REPRESENTATION (  '', ( #480 ), #1423 ) ;
#83 =( NAMED_UNIT ( * ) PLANE_ANGLE_UNIT ( ) SI_UNIT ( $, .RADIAN. ) );
#84 = PRESENTATION_LAYER_ASSIGNMENT (  '', '', ( #2142 ) ) ;
#85 = SURFACE_STYLE_USAGE ( .BOTH. , #1721 ) ;
#86 =( LENGTH_UNIT ( ) NAMED_UNIT ( * ) SI_UNIT ( .MILLI., .METRE. ) );
#87 = PRESENTATION_LAYER_ASSIGNMENT (  '', '', ( #1214 ) ) ;
#88 = EDGE_CURVE ( 'NONE', #2054, #1, #762, .T. ) ;
#89 = SURFACE_STYLE_USAGE ( .BOTH. , #1200 ) ;
#90 = DIRECTION ( 'NONE',  ( 1.000000000000000000, 0.0000000000000000000, -0.0000000000000000000 ) ) ;
#91 = SURFACE_SIDE_STYLE ('',( #466 ) ) ;
#92 = EDGE_LOOP ( 'NONE', ( #2025, #1466, #1284, #887 ) ) ;
#93 = LINE ( 'NONE', #1571, #1880 ) ;
#94 = PRESENTATION_STYLE_ASSIGNMENT (( #2031 ) ) ;
#95 = FILL_AREA_STYLE ('',( #277 ) ) ;
#96 =( GEOMETRIC_REPRESENTATION_CONTEXT ( 3 ) GLOBAL_UNCERTAINTY_ASSIGNED_CONTEXT ( ( #292 ) ) GLOBAL_UNIT_ASSIGNED_CONTEXT ( ( #1946, #1202, #2095 ) ) REPRESENTATION_CONTEXT ( 'NONE', 'WORKASPACE' ) );
#97 = CARTESIAN_POINT ( 'NONE',  ( -0.4849999999999999867, -0.3499999999999999778, 0.4249999999999999889 ) ) ;
#98 = PRESENTATION_LAYER_ASSIGNMENT (  '', '', ( #258 ) ) ;
#99 = DIRECTION ( 'NONE',  ( 0.0000000000000000000, -1.000000000000000000, 1.224646799146999945E-16 ) ) ;
#100 = FILL_AREA_STYLE ('',( #2246 ) ) ;
#101 = CARTESIAN_POINT ( 'NONE',  ( 0.2000000000000000111, 0.4000000000000000222, 0.002000000000000000042 ) ) ;
#102 = ORIENTED_EDGE ( 'NONE', *, *, #941, .F. ) ;
#103 = ADVANCED_FACE ( 'NONE', ( #1781 ), #143, .F. ) ;
#104 = DIRECTION ( 'NONE',  ( 0.0000000000000000000, 0.0000000000000000000, 1.000000000000000000 ) ) ;
#105 = PRESENTATION_STYLE_ASSIGNMENT (( #2264 ) ) ;
#106 = FACE_OUTER_BOUND ( 'NONE', #1753, .T. ) ;
#107 = CARTESIAN_POINT ( 'NONE',  ( -0.4715678837578453075, 0.3215678837576905758, 0.5817080228269734254 ) ) ;
#108 = DIRECTION ( 'NONE',  ( -0.0000000000000000000, -0.0000000000000000000, -1.000000000000000000 ) ) ;
#109 = VERTEX_POINT ( 'NONE', #220 ) ;
#110 = DIRECTION ( 'NONE',  ( 0.0000000000000000000, -0.0000000000000000000, 1.000000000000000000 ) ) ;
#111 = EDGE_CURVE ( 'NONE', #2050, #1652, #444, .T. ) ;
#112 = CLOSED_SHELL ( 'NONE', ( #103, #1664, #913, #2149, #418, #472 ) ) ;
#113 = VECTOR ( 'NONE', #1196, 1000.000000000000000 ) ;
#114 =( NAMED_UNIT ( * ) SI_UNIT ( $, .STERADIAN. ) SOLID_ANGLE_UNIT ( ) );
#115 = PRESENTATION_LAYER_ASSIGNMENT (  '', '', ( #1091 ) ) ;
#116 = UNCERTAINTY_MEASURE_WITH_UNIT (LENGTH_MEASURE( 1.000000000000000082E-05 ), #2130, 'distance_accuracy_value', 'NONE');
#117 = ORIENTED_EDGE ( 'NONE', *, *, #1644, .F. ) ;
#118 = VECTOR ( 'NONE', #1630, 1000.000000000000000 ) ;
#119 = SURFACE_SIDE_STYLE ('',( #1755 ) ) ;
#120 =( GEOMETRIC_REPRESENTATION_CONTEXT ( 3 ) GLOBAL_UNCERTAINTY_ASSIGNED_CONTEXT ( ( #1985 ) ) GLOBAL_UNIT_ASSIGNED_CONTEXT ( ( #855, #1384, #2062 ) ) REPRESENTATION_CONTEXT ( 'NONE', 'WORKASPACE' ) );
#121 = FACE_OUTER_BOUND ( 'NONE', #68, .T. ) ;
#122 = AXIS2_PLACEMENT_3D ( 'NONE', #1121, #1309, #1133 ) ;
#123 = EDGE_LOOP ( 'NONE', ( #499, #830, #1454, #168 ) ) ;
#124 = DIRECTION ( 'NONE',  ( 0.0000000000000000000, 1.224646799146999945E-16, 1.000000000000000000 ) ) ;
#125 =( NAMED_UNIT ( * ) SI_UNIT ( $, .STERADIAN. ) SOLID_ANGLE_UNIT ( ) );
#126 = DIRECTION ( 'NONE',  ( 1.000000000000000000, 0.0000000000000000000, 0.0000000000000000000 ) ) ;
#127 = CARTESIAN_POINT ( 'NONE',  ( 0.4706339073361386349, 0.3206339073361386682, 0.5926044144130637736 ) ) ;
#128 = ADVANCED_FACE ( 'NONE', ( #1152 ), #2046, .T. ) ;
#129 = PRESENTATION_LAYER_ASSIGNMENT (  '', '', ( #2154 ) ) ;
#130 = SURFACE_STYLE_FILL_AREA ( #885 ) ;
#131 = ORIENTED_EDGE ( 'NONE', *, *, #1944, .T. ) ;
#132 = EDGE_CURVE ( 'NONE', #1057, #2324, #1336, .T. ) ;
#133 = STYLED_ITEM ( 'NONE', ( #1824 ), #666 ) ;
#134 = COLOUR_RGB ( '',0.8000000000000000444, 0.8000000000000000444, 0.8000000000000000444 ) ;
#135 = PRESENTATION_STYLE_ASSIGNMENT (( #2134 ) ) ;
#136 = FILL_AREA_STYLE_COLOUR ( '', #1927 ) ;
#137 = COLOUR_RGB ( '',0.8470588235294117530, 0.0000000000000000000, 0.0000000000000000000 ) ;
#138 = ORIENTED_EDGE ( 'NONE', *, *, #1481, .T. ) ;
#139 = FILL_AREA_STYLE_COLOUR ( '', #1543 ) ;
#140 = CARTESIAN_POINT ( 'NONE',  ( 0.8000000000000000444, 0.4000000000000000222, 0.0000000000000000000 ) ) ;
#141 = CARTESIAN_POINT ( 'NONE',  ( -0.8000000000000000444, -0.2000000000000000111, 0.2000000000000000111 ) ) ;
#142 = CARTESIAN_POINT ( 'NONE',  ( 0.4715678837576906535, -0.3215678837578453408, 0.5817080228269734254 ) ) ;
#143 = PLANE ( 'NONE',  #643 ) ;
#144 = EDGE_CURVE ( 'NONE', #306, #231, #428, .T. ) ;
#145 = PRESENTATION_STYLE_ASSIGNMENT (( #702 ) ) ;
#146 = DIRECTION ( 'NONE',  ( 0.0000000000000000000, -0.0000000000000000000, -1.000000000000000000 ) ) ;
#147 = ORIENTED_EDGE ( 'NONE', *, *, #470, .F. ) ;
#148 = FILL_AREA_STYLE_COLOUR ( '', #157 ) ;
#149 = FILL_AREA_STYLE_COLOUR ( '', #919 ) ;
#150 = OPEN_SHELL ( 'NONE', ( #128, #1367, #1330, #983, #2105, #1005, #2174, #16, #1742, #1526, #1604 ) ) ;
#151 =( NAMED_UNIT ( * ) SI_UNIT ( $, .STERADIAN. ) SOLID_ANGLE_UNIT ( ) );
#152 = FILL_AREA_STYLE ('',( #1787 ) ) ;
#153 = VECTOR ( 'NONE', #182, 1000.000000000000000 ) ;
#154 = VECTOR ( 'NONE', #1733, 1000.000000000000000 ) ;
#155 = SURFACE_STYLE_USAGE ( .BOTH. , #1792 ) ;
#156 = PLANE ( 'NONE',  #1801 ) ;
#157 = COLOUR_RGB ( '',0.8470588235294117530, 0.0000000000000000000, 0.0000000000000000000 ) ;
#158 = SHAPE_REPRESENTATION ( 'User Library-LED_0603_R', ( #412, #2159, #326, #999, #1365, #1591 ), #578 ) ;
#159 = PRESENTATION_LAYER_ASSIGNMENT (  '', '', ( #1762 ) ) ;
#160 = ORIENTED_EDGE ( 'NONE', *, *, #923, .T. ) ;
#161 = PRESENTATION_STYLE_ASSIGNMENT (( #1265 ) ) ;
#162 = SURFACE_STYLE_USAGE ( .BOTH. , #743 ) ;
#163 = COLOUR_RGB ( '',0.0000000000000000000, 0.6666666666666666297, 0.0000000000000000000 ) ;
#164 =( GEOMETRIC_REPRESENTATION_CONTEXT ( 3 ) GLOBAL_UNCERTAINTY_ASSIGNED_CONTEXT ( ( #1842 ) ) GLOBAL_UNIT_ASSIGNED_CONTEXT ( ( #741, #590, #779 ) ) REPRESENTATION_CONTEXT ( 'NONE', 'WORKASPACE' ) );
#165 = PRESENTATION_STYLE_ASSIGNMENT (( #936 ) ) ;
#166 = SURFACE_SIDE_STYLE ('',( #130 ) ) ;
#167 = UNCERTAINTY_MEASURE_WITH_UNIT (LENGTH_MEASURE( 1.000000000000000082E-05 ), #1595, 'distance_accuracy_value', 'NONE');
#168 = ORIENTED_EDGE ( 'NONE', *, *, #2274, .T. ) ;
#169 = UNCERTAINTY_MEASURE_WITH_UNIT (LENGTH_MEASURE( 1.000000000000000082E-05 ), #1908, 'distance_accuracy_value', 'NONE');
#170 = AXIS2_PLACEMENT_3D ( 'NONE', #1611, #2188, #926 ) ;
#171 =( LENGTH_UNIT ( ) NAMED_UNIT ( * ) SI_UNIT ( .MILLI., .METRE. ) );
#172 = ORIENTED_EDGE ( 'NONE', *, *, #1840, .F. ) ;
#173 = CARTESIAN_POINT ( 'NONE',  ( -0.6600000000000000311, -0.2999999999999999889, 0.2000000000000000111 ) ) ;
#174 = CARTESIAN_POINT ( 'NONE',  ( 0.4000000000000000222, 0.4000000000000000222, 0.0000000000000000000 ) ) ;
#175 = SURFACE_STYLE_USAGE ( .BOTH. , #1809 ) ;
#176 = MECHANICAL_DESIGN_GEOMETRIC_PRESENTATION_REPRESENTATION (  '', ( #2281 ), #2199 ) ;
#177 = ADVANCED_FACE ( 'NONE', ( #1879 ), #61, .T. ) ;
#178 = PRODUCT_DEFINITION_SHAPE ( 'NONE', 'NONE',  #684 ) ;
#179 = DIRECTION ( 'NONE',  ( 0.0000000000000000000, -1.000000000000000000, -0.0000000000000000000 ) ) ;
#180 = DIRECTION ( 'NONE',  ( 0.0000000000000000000, 0.0000000000000000000, 1.000000000000000000 ) ) ;
#181 = FILL_AREA_STYLE_COLOUR ( '', #1966 ) ;
#182 = DIRECTION ( 'NONE',  ( 1.000000000000000000, 0.0000000000000000000, -0.0000000000000000000 ) ) ;
#183 = CARTESIAN_POINT ( 'NONE',  ( 0.2000000000000000111, 0.09999999999999999167, -1.224646799148000227E-17 ) ) ;
#184 = ORIENTED_EDGE ( 'NONE', *, *, #941, .T. ) ;
#185 = CARTESIAN_POINT ( 'NONE',  ( -1.734723475977000073E-18, 0.1000000000000000056, 0.002000000000000000042 ) ) ;
#186 = DIRECTION ( 'NONE',  ( 0.08509140416868289647, 0.08509140416959970477, -0.9927330486455296921 ) ) ;
#187 = CARTESIAN_POINT ( 'NONE',  ( 0.0000000000000000000, 0.0000000000000000000, 0.0000000000000000000 ) ) ;
#188 = ORIENTED_EDGE ( 'NONE', *, *, #2082, .F. ) ;
#189 = FILL_AREA_STYLE_COLOUR ( '', #833 ) ;
#190 = SURFACE_SIDE_STYLE ('',( #1306 ) ) ;
#191 = EDGE_CURVE ( 'NONE', #1335, #2128, #1233, .T. ) ;
#192 = SURFACE_STYLE_USAGE ( .BOTH. , #2250 ) ;
#193 = DIRECTION ( 'NONE',  ( -0.0000000000000000000, -0.0000000000000000000, 1.000000000000000000 ) ) ;
#194 = MECHANICAL_DESIGN_GEOMETRIC_PRESENTATION_REPRESENTATION (  '', ( #1091 ), #1054 ) ;
#195 = VERTEX_POINT ( 'NONE', #1919 ) ;
#196 = CARTESIAN_POINT ( 'NONE',  ( 0.4000000000000000222, -0.4000000000000000222, 0.0000000000000000000 ) ) ;
#197 = MECHANICAL_DESIGN_GEOMETRIC_PRESENTATION_REPRESENTATION (  '', ( #649 ), #1245 ) ;
#198 =( NAMED_UNIT ( * ) SI_UNIT ( $, .STERADIAN. ) SOLID_ANGLE_UNIT ( ) );
#199 = AXIS2_PLACEMENT_3D ( 'NONE', #1567, #2114, #453 ) ;
#200 = DIRECTION ( 'NONE',  ( 1.000000000000000000, 0.0000000000000000000, 0.0000000000000000000 ) ) ;
#201 = ORIENTED_EDGE ( 'NONE', *, *, #529, .T. ) ;
#202 = DIRECTION ( 'NONE',  ( -0.0000000000000000000, 1.000000000000000000, -1.224646799146999945E-16 ) ) ;
#203 = VECTOR ( 'NONE', #1100, 1000.000000000000000 ) ;
#204 = PRESENTATION_LAYER_ASSIGNMENT (  '', '', ( #1998 ) ) ;
#205 = ADVANCED_FACE ( 'NONE', ( #1053 ), #300, .T. ) ;
#206 = STYLED_ITEM ( 'NONE', ( #1911 ), #1561 ) ;
#207 = DIRECTION ( 'NONE',  ( 1.000000000000000000, 0.0000000000000000000, 0.0000000000000000000 ) ) ;
#208 = EDGE_CURVE ( 'NONE', #355, #1176, #861, .T. ) ;
#209 = VERTEX_POINT ( 'NONE', #1573 ) ;
#210 = LINE ( 'NONE', #1676, #1281 ) ;
#211 = LINE ( 'NONE', #185, #1351 ) ;
#212 = DIRECTION ( 'NONE',  ( 0.0000000000000000000, -0.08540114134641878241, -0.9963466490417524080 ) ) ;
#213 =( GEOMETRIC_REPRESENTATION_CONTEXT ( 3 ) GLOBAL_UNCERTAINTY_ASSIGNED_CONTEXT ( ( #1198 ) ) GLOBAL_UNIT_ASSIGNED_CONTEXT ( ( #2278, #1225, #1180 ) ) REPRESENTATION_CONTEXT ( 'NONE', 'WORKASPACE' ) );
#214 = PRESENTATION_LAYER_ASSIGNMENT (  '', '', ( #1292 ) ) ;
#215 = DIRECTION ( 'NONE',  ( 1.000000000000000000, 0.0000000000000000000, 0.0000000000000000000 ) ) ;
#216 = ORIENTED_EDGE ( 'NONE', *, *, #336, .T. ) ;
#217 = FILL_AREA_STYLE_COLOUR ( '', #3 ) ;
#218 = FACE_OUTER_BOUND ( 'NONE', #92, .T. ) ;
#219 = DIRECTION ( 'NONE',  ( 0.0000000000000000000, 0.0000000000000000000, 1.000000000000000000 ) ) ;
#220 = CARTESIAN_POINT ( 'NONE',  ( -0.8000000000000000444, 0.2000000000000000111, 0.0000000000000000000 ) ) ;
#221 = EDGE_CURVE ( 'NONE', #2050, #1570, #652, .T. ) ;
#222 = VERTEX_POINT ( 'NONE', #1359 ) ;
#223 =( LENGTH_UNIT ( ) NAMED_UNIT ( * ) SI_UNIT ( .MILLI., .METRE. ) );
#224 = SURFACE_STYLE_USAGE ( .BOTH. , #2219 ) ;
#225 = FILL_AREA_STYLE ('',( #2017 ) ) ;
#226 = EDGE_LOOP ( 'NONE', ( #264, #1870, #2276, #1953 ) ) ;
#227 = FILL_AREA_STYLE ('',( #2030 ) ) ;
#228 = FILL_AREA_STYLE ('',( #1317 ) ) ;
#229 = DIRECTION ( 'NONE',  ( 1.000000000000000000, 0.0000000000000000000, 0.0000000000000000000 ) ) ;
#230 = SURFACE_STYLE_FILL_AREA ( #2232 ) ;
#231 = VERTEX_POINT ( 'NONE', #2287 ) ;
#232 = EDGE_CURVE ( 'NONE', #1057, #2014, #461, .T. ) ;
#233 = PRESENTATION_STYLE_ASSIGNMENT (( #395 ) ) ;
#234 = LINE ( 'NONE', #2053, #1813 ) ;
#235 = VECTOR ( 'NONE', #1478, 1000.000000000000000 ) ;
#236 = VECTOR ( 'NONE', #647, 1000.000000000000000 ) ;
#237 =( LENGTH_UNIT ( ) NAMED_UNIT ( * ) SI_UNIT ( .MILLI., .METRE. ) );
#238 = ORIENTED_EDGE ( 'NONE', *, *, #1396, .T. ) ;
#239 = PRESENTATION_LAYER_ASSIGNMENT (  '', '', ( #649 ) ) ;
#240 = DIRECTION ( 'NONE',  ( -1.000000000000000000, -0.0000000000000000000, 0.0000000000000000000 ) ) ;
#241 = COLOUR_RGB ( '',0.7803921568627451011, 0.5686274509803921351, 0.1137254901960784298 ) ;
#242 = DIRECTION ( 'NONE',  ( 0.0000000000000000000, 0.0000000000000000000, 1.000000000000000000 ) ) ;
#243 = VECTOR ( 'NONE', #580, 1000.000000000000000 ) ;
#244 = PLANE ( 'NONE',  #2084 ) ;
#245 = UNCERTAINTY_MEASURE_WITH_UNIT (LENGTH_MEASURE( 1.000000000000000082E-05 ), #944, 'distance_accuracy_value', 'NONE');
#246 = SURFACE_STYLE_USAGE ( .BOTH. , #1923 ) ;
#247 =( GEOMETRIC_REPRESENTATION_CONTEXT ( 3 ) GLOBAL_UNCERTAINTY_ASSIGNED_CONTEXT ( ( #245 ) ) GLOBAL_UNIT_ASSIGNED_CONTEXT ( ( #944, #1119, #1826 ) ) REPRESENTATION_CONTEXT ( 'NONE', 'WORKASPACE' ) );
#248 = EDGE_LOOP ( 'NONE', ( #591, #786 ) ) ;
#249 = CARTESIAN_POINT ( 'NONE',  ( -0.4000000000000000222, -0.4000000000000000222, 0.2000000000000000111 ) ) ;
#250 = SURFACE_STYLE_USAGE ( .BOTH. , #1886 ) ;
#251 = CARTESIAN_POINT ( 'NONE',  ( 0.4000000000000000222, -0.4000000000000000222, 0.0000000000000000000 ) ) ;
#252 = COLOUR_RGB ( '',0.7803921568627451011, 0.5686274509803921351, 0.1137254901960784298 ) ;
#253 = APPLICATION_PROTOCOL_DEFINITION ( 'draft international standard', 'automotive_design', 1998, #2071 ) ;
#254 = ORIENTED_EDGE ( 'NONE', *, *, #294, .T. ) ;
#255 =( LENGTH_UNIT ( ) NAMED_UNIT ( * ) SI_UNIT ( .MILLI., .METRE. ) );
#256 =( GEOMETRIC_REPRESENTATION_CONTEXT ( 3 ) GLOBAL_UNCERTAINTY_ASSIGNED_CONTEXT ( ( #863 ) ) GLOBAL_UNIT_ASSIGNED_CONTEXT ( ( #2356, #1982, #2164 ) ) REPRESENTATION_CONTEXT ( 'NONE', 'WORKASPACE' ) );
#257 = CIRCLE ( 'NONE', #413, 0.1999999999999999833 ) ;
#258 = STYLED_ITEM ( 'NONE', ( #1938 ), #1726 ) ;
#259 =( NAMED_UNIT ( * ) SI_UNIT ( $, .STERADIAN. ) SOLID_ANGLE_UNIT ( ) );
#260 = VECTOR ( 'NONE', #1293, 1000.000000000000000 ) ;
#261 = SURFACE_SIDE_STYLE ('',( #815 ) ) ;
#262 = LINE ( 'NONE', #1017, #1394 ) ;
#263 = PRODUCT_DEFINITION_SHAPE ( 'NONE', 'NONE',  #2365 ) ;
#264 = ORIENTED_EDGE ( 'NONE', *, *, #1856, .T. ) ;
#265 = DIRECTION ( 'NONE',  ( -0.0000000000000000000, 1.000000000000000000, 0.0000000000000000000 ) ) ;
#266 = DIRECTION ( 'NONE',  ( -1.000000000000000000, -0.0000000000000000000, -0.0000000000000000000 ) ) ;
#267 = APPLICATION_PROTOCOL_DEFINITION ( 'draft international standard', 'automotive_design', 1998, #1820 ) ;
#268 = ORIENTED_EDGE ( 'NONE', *, *, #2049, .T. ) ;
#269 = FACE_OUTER_BOUND ( 'NONE', #1708, .T. ) ;
#270 = LINE ( 'NONE', #1379, #1458 ) ;
#271 = EDGE_CURVE ( 'NONE', #401, #1045, #270, .T. ) ;
#272 = CARTESIAN_POINT ( 'NONE',  ( 0.4625772966728456947, -0.3125772966728457836, 0.6000000000000000888 ) ) ;
#273 = FILL_AREA_STYLE_COLOUR ( '', #454 ) ;
#274 = ORIENTED_EDGE ( 'NONE', *, *, #208, .T. ) ;
#275 = STYLED_ITEM ( 'NONE', ( #1866 ), #103 ) ;
#276 = FILL_AREA_STYLE_COLOUR ( '', #459 ) ;
#277 = FILL_AREA_STYLE_COLOUR ( '', #1496 ) ;
#278 = VECTOR ( 'NONE', #2329, 1000.000000000000000 ) ;
#279 = EDGE_CURVE ( 'NONE', #1612, #1410, #1549, .T. ) ;
#280 = VECTOR ( 'NONE', #1589, 1000.000000000000000 ) ;
#281 = CARTESIAN_POINT ( 'NONE',  ( -0.8000000000000000444, 0.4000000000000000222, 0.2000000000000000111 ) ) ;
#282 = EDGE_CURVE ( 'NONE', #222, #1308, #481, .T. ) ;
#283 = LINE ( 'NONE', #2076, #2074 ) ;
#284 = LINE ( 'NONE', #465, #516 ) ;
#285 = FILL_AREA_STYLE ('',( #273 ) ) ;
#286 = ORIENTED_EDGE ( 'NONE', *, *, #1435, .F. ) ;
#287 = DIRECTION ( 'NONE',  ( -1.000000000000000000, 0.0000000000000000000, 0.0000000000000000000 ) ) ;
#288 =( GEOMETRIC_REPRESENTATION_CONTEXT ( 3 ) GLOBAL_UNCERTAINTY_ASSIGNED_CONTEXT ( ( #2323 ) ) GLOBAL_UNIT_ASSIGNED_CONTEXT ( ( #492, #1195, #259 ) ) REPRESENTATION_CONTEXT ( 'NONE', 'WORKASPACE' ) );
#289 = SURFACE_STYLE_FILL_AREA ( #95 ) ;
#290 = UNCERTAINTY_MEASURE_WITH_UNIT (LENGTH_MEASURE( 1.000000000000000082E-05 ), #610, 'distance_accuracy_value', 'NONE');
#291 =( NAMED_UNIT ( * ) PLANE_ANGLE_UNIT ( ) SI_UNIT ( $, .RADIAN. ) );
#292 = UNCERTAINTY_MEASURE_WITH_UNIT (LENGTH_MEASURE( 1.000000000000000082E-05 ), #1946, 'distance_accuracy_value', 'NONE');
#293 = MECHANICAL_DESIGN_GEOMETRIC_PRESENTATION_REPRESENTATION (  '', ( #1334 ), #884 ) ;
#294 = EDGE_CURVE ( 'NONE', #209, #2102, #2226, .T. ) ;
#295 = CONTEXT_DEPENDENT_SHAPE_REPRESENTATION ( #2316, #263 ) ;
#296 = ORIENTED_EDGE ( 'NONE', *, *, #843, .F. ) ;
#297 =( NAMED_UNIT ( * ) PLANE_ANGLE_UNIT ( ) SI_UNIT ( $, .RADIAN. ) );
#298 =( NAMED_UNIT ( * ) PLANE_ANGLE_UNIT ( ) SI_UNIT ( $, .RADIAN. ) );
#299 = DIRECTION ( 'NONE',  ( 0.0000000000000000000, 0.0000000000000000000, 1.000000000000000000 ) ) ;
#300 = PLANE ( 'NONE',  #1719 ) ;
#301 = SHELL_BASED_SURFACE_MODEL ( 'NONE', ( #150 ) );
#302 = PLANE ( 'NONE',  #1480 ) ;
#303 = VERTEX_POINT ( 'NONE', #1960 ) ;
#304 = PLANE ( 'NONE',  #2275 ) ;
#305 = LINE ( 'NONE', #351, #1355 ) ;
#306 = VERTEX_POINT ( 'NONE', #903 ) ;
#307 = PLANE ( 'NONE',  #689 ) ;
#308 =( LENGTH_UNIT ( ) NAMED_UNIT ( * ) SI_UNIT ( .MILLI., .METRE. ) );
#309 = CARTESIAN_POINT ( 'NONE',  ( -0.5000000000000000000, 0.3499999999999999778, 0.2000000000000000111 ) ) ;
#310 = SURFACE_SIDE_STYLE ('',( #1103 ) ) ;
#311 = MECHANICAL_DESIGN_GEOMETRIC_PRESENTATION_REPRESENTATION (  '', ( #1920 ), #640 ) ;
#312 = MECHANICAL_DESIGN_GEOMETRIC_PRESENTATION_REPRESENTATION (  '', ( #1386 ), #1607 ) ;
#313 = ORIENTED_EDGE ( 'NONE', *, *, #1984, .T. ) ;
#314 = STYLED_ITEM ( 'NONE', ( #1871 ), #814 ) ;
#315 = CARTESIAN_POINT ( 'NONE',  ( 0.5000000000000000000, -0.3499999999999999778, 0.2000000000000000111 ) ) ;
#316 = DIRECTION ( 'NONE',  ( 0.0000000000000000000, -1.000000000000000000, -0.0000000000000000000 ) ) ;
#317 =( GEOMETRIC_REPRESENTATION_CONTEXT ( 3 ) GLOBAL_UNCERTAINTY_ASSIGNED_CONTEXT ( ( #1073 ) ) GLOBAL_UNIT_ASSIGNED_CONTEXT ( ( #2126, #1059, #1782 ) ) REPRESENTATION_CONTEXT ( 'NONE', 'WORKASPACE' ) );
#318 = ORIENTED_EDGE ( 'NONE', *, *, #2060, .F. ) ;
#319 = CARTESIAN_POINT ( 'NONE',  ( 0.4516409507770000054, 0.3200000000000000067, 0.6000000000000000888 ) ) ;
#320 = VECTOR ( 'NONE', #448, 1000.000000000000000 ) ;
#321 = SURFACE_STYLE_USAGE ( .BOTH. , #310 ) ;
#322 = CARTESIAN_POINT ( 'NONE',  ( -0.8000000000000000444, -0.4000000000000000222, 0.0000000000000000000 ) ) ;
#323 = EDGE_CURVE ( 'NONE', #1949, #222, #544, .T. ) ;
#324 = CARTESIAN_POINT ( 'NONE',  ( -0.2000000000000000111, 0.1000000000000000056, 1.224646799146999976E-17 ) ) ;
#325 = CIRCLE ( 'NONE', #1399, 0.1999999999999999833 ) ;
#326 = AXIS2_PLACEMENT_3D ( 'NONE', #1669, #933, #2236 ) ;
#327 = COLOUR_RGB ( '',0.7803921568627451011, 0.5686274509803921351, 0.1137254901960784298 ) ;
#328 = CARTESIAN_POINT ( 'NONE',  ( 0.0000000000000000000, -0.09999999999999999167, 4.898587196589000156E-17 ) ) ;
#329 = EDGE_LOOP ( 'NONE', ( #722, #2259, #2330, #771 ) ) ;
#330 =( NAMED_UNIT ( * ) SI_UNIT ( $, .STERADIAN. ) SOLID_ANGLE_UNIT ( ) );
#331 = CARTESIAN_POINT ( 'NONE',  ( -0.4000000000000000222, 0.4000000000000000222, 0.2000000000000000111 ) ) ;
#332 =( NAMED_UNIT ( * ) SI_UNIT ( $, .STERADIAN. ) SOLID_ANGLE_UNIT ( ) );
#333 = CARTESIAN_POINT ( 'NONE',  ( 0.4000000000000000222, -0.4000000000000000222, 0.2000000000000000111 ) ) ;
#334 = CARTESIAN_POINT ( 'NONE',  ( 0.4715678837576906535, 0.3499999999999999778, 0.5817080228269734254 ) ) ;
#335 = LINE ( 'NONE', #916, #1189 ) ;
#336 = EDGE_CURVE ( 'NONE', #1732, #2038, #1461, .T. ) ;
#337 = UNCERTAINTY_MEASURE_WITH_UNIT (LENGTH_MEASURE( 1.000000000000000082E-05 ), #589, 'distance_accuracy_value', 'NONE');
#338 = ORIENTED_EDGE ( 'NONE', *, *, #898, .F. ) ;
#339 = FACE_OUTER_BOUND ( 'NONE', #2255, .T. ) ;
#340 = ORIENTED_EDGE ( 'NONE', *, *, #657, .F. ) ;
#341 = CARTESIAN_POINT ( 'NONE',  ( -0.4516409507770000054, -0.3016409507769999832, 0.6000000000000000888 ) ) ;
#342 = CARTESIAN_POINT ( 'NONE',  ( 0.8000000000000000444, 0.2000000000000000111, 0.0000000000000000000 ) ) ;
#343 = LINE ( 'NONE', #932, #2047 ) ;
#344 = SHAPE_REPRESENTATION ( 'Fillet', ( #2194 ), #288 ) ;
#345 = SURFACE_STYLE_USAGE ( .BOTH. , #1980 ) ;
#346 = FILL_AREA_STYLE_COLOUR ( '', #995 ) ;
#347 = SURFACE_STYLE_USAGE ( .BOTH. , #1626 ) ;
#348 = PRESENTATION_LAYER_ASSIGNMENT (  '', '', ( #1536 ) ) ;
#349 = PRODUCT_DEFINITION_SHAPE ( 'NONE', 'NONE',  #1097 ) ;
#350 = VECTOR ( 'NONE', #202, 1000.000000000000000 ) ;
#351 = CARTESIAN_POINT ( 'NONE',  ( 0.4000000000000000222, 0.4000000000000000222, 0.2000000000000000111 ) ) ;
#352 = STYLED_ITEM ( 'NONE', ( #921 ), #674 ) ;
#353 = EDGE_CURVE ( 'NONE', #1599, #1533, #1778, .T. ) ;
#354 =( GEOMETRIC_REPRESENTATION_CONTEXT ( 3 ) GLOBAL_UNCERTAINTY_ASSIGNED_CONTEXT ( ( #1963 ) ) GLOBAL_UNIT_ASSIGNED_CONTEXT ( ( #1344, #659, #1019 ) ) REPRESENTATION_CONTEXT ( 'NONE', 'WORKASPACE' ) );
#355 = VERTEX_POINT ( 'NONE', #554 ) ;
#356 = LINE ( 'NONE', #319, #203 ) ;
#357 = LINE ( 'NONE', #174, #118 ) ;
#358 = CARTESIAN_POINT ( 'NONE',  ( 0.4516409507770000054, 0.3200000000000000067, 0.5799999999999999600 ) ) ;
#359 = MECHANICAL_DESIGN_GEOMETRIC_PRESENTATION_REPRESENTATION (  '', ( #1214 ), #2302 ) ;
#360 =( LENGTH_UNIT ( ) NAMED_UNIT ( * ) SI_UNIT ( .MILLI., .METRE. ) );
#361 = STYLED_ITEM ( 'NONE', ( #1341 ), #1526 ) ;
#362 =( NAMED_UNIT ( * ) PLANE_ANGLE_UNIT ( ) SI_UNIT ( $, .RADIAN. ) );
#363 = UNCERTAINTY_MEASURE_WITH_UNIT (LENGTH_MEASURE( 1.000000000000000082E-05 ), #360, 'distance_accuracy_value', 'NONE');
#364 = STYLED_ITEM ( 'NONE', ( #1625 ), #2240 ) ;
#365 = UNCERTAINTY_MEASURE_WITH_UNIT (LENGTH_MEASURE( 1.000000000000000082E-05 ), #1029, 'distance_accuracy_value', 'NONE');
#366 = AXIS2_PLACEMENT_3D ( 'NONE', #1878, #60, #775 ) ;
#367 = STYLED_ITEM ( 'NONE', ( #739 ), #1572 ) ;
#368 = CARTESIAN_POINT ( 'NONE',  ( 0.0000000000000000000, 0.4000000000000000222, -4.898587196589000156E-17 ) ) ;
#369 =( GEOMETRIC_REPRESENTATION_CONTEXT ( 3 ) GLOBAL_UNCERTAINTY_ASSIGNED_CONTEXT ( ( #1260 ) ) GLOBAL_UNIT_ASSIGNED_CONTEXT ( ( #2320, #1798, #1620 ) ) REPRESENTATION_CONTEXT ( 'NONE', 'WORKASPACE' ) );
#370 =( GEOMETRIC_REPRESENTATION_CONTEXT ( 3 ) GLOBAL_UNCERTAINTY_ASSIGNED_CONTEXT ( ( #1814 ) ) GLOBAL_UNIT_ASSIGNED_CONTEXT ( ( #458, #298, #1578 ) ) REPRESENTATION_CONTEXT ( 'NONE', 'WORKASPACE' ) );
#371 = EDGE_LOOP ( 'NONE', ( #2136, #131, #1751, #692 ) ) ;
#372 = EDGE_CURVE ( 'NONE', #596, #1045, #1349, .T. ) ;
#373 =( NAMED_UNIT ( * ) SI_UNIT ( $, .STERADIAN. ) SOLID_ANGLE_UNIT ( ) );
#374 = DIRECTION ( 'NONE',  ( 0.0000000000000000000, -1.000000000000000000, 1.224646799146999945E-16 ) ) ;
#375 = CARTESIAN_POINT ( 'NONE',  ( 0.4000000000000000222, 0.4000000000000000222, 0.2000000000000000111 ) ) ;
#376 = PRESENTATION_LAYER_ASSIGNMENT (  '', '', ( #531 ) ) ;
#377 = DIRECTION ( 'NONE',  ( 1.000000000000000000, 0.0000000000000000000, 0.0000000000000000000 ) ) ;
#378 = ORIENTED_EDGE ( 'NONE', *, *, #2032, .F. ) ;
#379 = DIRECTION ( 'NONE',  ( 0.0000000000000000000, -1.000000000000000000, 1.224646799146999945E-16 ) ) ;
#380 = CARTESIAN_POINT ( 'NONE',  ( -0.4699999999999999734, 0.3016409507769999832, 0.5799999999999999600 ) ) ;
#381 = CARTESIAN_POINT ( 'NONE',  ( -1.734723475977000073E-18, 0.09999999999999999167, 0.002000000000000000042 ) ) ;
#382 = ORIENTED_EDGE ( 'NONE', *, *, #546, .T. ) ;
#383 = FILL_AREA_STYLE_COLOUR ( '', #163 ) ;
#384 = DIRECTION ( 'NONE',  ( 0.0000000000000000000, 0.0000000000000000000, -1.000000000000000000 ) ) ;
#385 = PRESENTATION_STYLE_ASSIGNMENT (( #1487 ) ) ;
#386 = EDGE_CURVE ( 'NONE', #1703, #1013, #2161, .T. ) ;
#387 = VERTEX_POINT ( 'NONE', #141 ) ;
#388 = ADVANCED_FACE ( 'NONE', ( #530 ), #1973, .T. ) ;
#389 =( LENGTH_UNIT ( ) NAMED_UNIT ( * ) SI_UNIT ( .MILLI., .METRE. ) );
#390 = SURFACE_STYLE_FILL_AREA ( #778 ) ;
#391 = VECTOR ( 'NONE', #803, 1000.000000000000000 ) ;
#392 = SURFACE_SIDE_STYLE ('',( #1297 ) ) ;
#393 = PRODUCT ( 'Pad', 'Pad', '', ( #1287 ) ) ;
#394 = EDGE_LOOP ( 'NONE', ( #172, #973, #633, #798 ) ) ;
#395 = SURFACE_STYLE_USAGE ( .BOTH. , #1114 ) ;
#396 =( GEOMETRIC_REPRESENTATION_CONTEXT ( 3 ) GLOBAL_UNCERTAINTY_ASSIGNED_CONTEXT ( ( #1649 ) ) GLOBAL_UNIT_ASSIGNED_CONTEXT ( ( #1158, #2052, #1470 ) ) REPRESENTATION_CONTEXT ( 'NONE', 'WORKASPACE' ) );
#397 = DIRECTION ( 'NONE',  ( -1.000000000000000000, -0.0000000000000000000, -0.0000000000000000000 ) ) ;
#398 = DIRECTION ( 'NONE',  ( -4.339483675923922730E-19, -0.9963466490417525190, 0.08540114134641879629 ) ) ;
#399 = MANIFOLD_SOLID_BREP ( 'Imported1', #1457 ) ;
#400 = SHAPE_DEFINITION_REPRESENTATION ( #178, #1390 ) ;
#401 = VERTEX_POINT ( 'NONE', #799 ) ;
#402 = SURFACE_STYLE_USAGE ( .BOTH. , #2224 ) ;
#403 =( NAMED_UNIT ( * ) PLANE_ANGLE_UNIT ( ) SI_UNIT ( $, .RADIAN. ) );
#404 = MANIFOLD_SOLID_BREP ( 'Imported1', #1532 ) ;
#405 = EDGE_CURVE ( 'NONE', #1085, #968, #925, .T. ) ;
#406 = DIRECTION ( 'NONE',  ( -0.0000000000000000000, 0.0000000000000000000, -1.000000000000000000 ) ) ;
#407 = CARTESIAN_POINT ( 'NONE',  ( -0.2000000000000000111, -0.1000000000000000056, 1.224646799146999976E-17 ) ) ;
#408 =( GEOMETRIC_REPRESENTATION_CONTEXT ( 3 ) GLOBAL_UNCERTAINTY_ASSIGNED_CONTEXT ( ( #116 ) ) GLOBAL_UNIT_ASSIGNED_CONTEXT ( ( #2130, #682, #1893 ) ) REPRESENTATION_CONTEXT ( 'NONE', 'WORKASPACE' ) );
#409 = EDGE_LOOP ( 'NONE', ( #609, #1859, #1827, #2040 ) ) ;
#410 = DIRECTION ( 'NONE',  ( 0.0000000000000000000, 0.0000000000000000000, -1.000000000000000000 ) ) ;
#411 = CARTESIAN_POINT ( 'NONE',  ( -0.8000000000000000444, -0.4000000000000000222, 0.0000000000000000000 ) ) ;
#412 = AXIS2_PLACEMENT_3D ( 'NONE', #1918, #675, #424 ) ;
#413 = AXIS2_PLACEMENT_3D ( 'NONE', #1761, #1191, #126 ) ;
#414 = ORIENTED_EDGE ( 'NONE', *, *, #1230, .F. ) ;
#415 = PRESENTATION_LAYER_ASSIGNMENT (  '', '', ( #1972 ) ) ;
#416 = SURFACE_STYLE_USAGE ( .BOTH. , #1892 ) ;
#417 = CARTESIAN_POINT ( 'NONE',  ( -0.4706339073361386349, -0.3206339073361386682, 0.5926044144130637736 ) ) ;
#418 = ADVANCED_FACE ( 'NONE', ( #1693 ), #1339, .T. ) ;
#419 = CARTESIAN_POINT ( 'NONE',  ( -0.5000000000000000000, 0.3499999999999999778, 0.2000000000000000111 ) ) ;
#420 = UNCERTAINTY_MEASURE_WITH_UNIT (LENGTH_MEASURE( 1.000000000000000082E-05 ), #1369, 'distance_accuracy_value', 'NONE');
#421 = CARTESIAN_POINT ( 'NONE',  ( -1.734723475977000073E-18, 0.1000000000000000056, -1.224646799146999976E-17 ) ) ;
#422 = ORIENTED_EDGE ( 'NONE', *, *, #1780, .T. ) ;
#423 = FACE_OUTER_BOUND ( 'NONE', #751, .T. ) ;
#424 = DIRECTION ( 'NONE',  ( 1.000000000000000000, 0.0000000000000000000, 0.0000000000000000000 ) ) ;
#425 = ORIENTED_EDGE ( 'NONE', *, *, #1067, .T. ) ;
#426 = DIRECTION ( 'NONE',  ( 0.0000000000000000000, 0.0000000000000000000, 1.000000000000000000 ) ) ;
#427 = FILL_AREA_STYLE_COLOUR ( '', #622 ) ;
#428 = LINE ( 'NONE', #1163, #235 ) ;
#429 = FACE_OUTER_BOUND ( 'NONE', #858, .T. ) ;
#430 = FACE_OUTER_BOUND ( 'NONE', #624, .T. ) ;
#431 = VERTEX_POINT ( 'NONE', #1162 ) ;
#432 =( NAMED_UNIT ( * ) PLANE_ANGLE_UNIT ( ) SI_UNIT ( $, .RADIAN. ) );
#433 = DIRECTION ( 'NONE',  ( 0.0000000000000000000, 0.0000000000000000000, 1.000000000000000000 ) ) ;
#434 = DIRECTION ( 'NONE',  ( 0.0000000000000000000, -1.000000000000000000, 0.0000000000000000000 ) ) ;
#435 = VECTOR ( 'NONE', #2189, 1000.000000000000000 ) ;
#436 = VECTOR ( 'NONE', #836, 1000.000000000000000 ) ;
#437 = SHAPE_DEFINITION_REPRESENTATION ( #26, #344 ) ;
#438 = ORIENTED_EDGE ( 'NONE', *, *, #529, .F. ) ;
#439 = CARTESIAN_POINT ( 'NONE',  ( 0.4000000000000000222, 0.4000000000000000222, 0.0000000000000000000 ) ) ;
#440 = SURFACE_STYLE_FILL_AREA ( #823 ) ;
#441 = MECHANICAL_DESIGN_GEOMETRIC_PRESENTATION_REPRESENTATION (  '', ( #352 ), #482 ) ;
#442 =( NAMED_UNIT ( * ) PLANE_ANGLE_UNIT ( ) SI_UNIT ( $, .RADIAN. ) );
#443 = MECHANICAL_DESIGN_GEOMETRIC_PRESENTATION_REPRESENTATION (  '', ( #1728 ), #719 ) ;
#444 = LINE ( 'NONE', #1181, #391 ) ;
#445 =( GEOMETRIC_REPRESENTATION_CONTEXT ( 3 ) GLOBAL_UNCERTAINTY_ASSIGNED_CONTEXT ( ( #1166 ) ) GLOBAL_UNIT_ASSIGNED_CONTEXT ( ( #2112, #432, #819 ) ) REPRESENTATION_CONTEXT ( 'NONE', 'WORKASPACE' ) );
#446 = FILL_AREA_STYLE_COLOUR ( '', #252 ) ;
#447 = UNCERTAINTY_MEASURE_WITH_UNIT (LENGTH_MEASURE( 1.000000000000000082E-05 ), #2124, 'distance_accuracy_value', 'NONE');
#448 = DIRECTION ( 'NONE',  ( -1.000000000000000000, -0.0000000000000000000, 0.0000000000000000000 ) ) ;
#449 = AXIS2_PLACEMENT_3D ( 'NONE', #1083, #733, #1443 ) ;
#450 =( REPRESENTATION_RELATIONSHIP ('NONE','NONE', #158, #927 ) REPRESENTATION_RELATIONSHIP_WITH_TRANSFORMATION ( #1012 )SHAPE_REPRESENTATION_RELATIONSHIP( ) );
#451 = EDGE_LOOP ( 'NONE', ( #2303, #1517, #2349, #1288 ) ) ;
#452 = LINE ( 'NONE', #831, #484 ) ;
#453 = DIRECTION ( 'NONE',  ( 0.0000000000000000000, 0.0000000000000000000, -1.000000000000000000 ) ) ;
#454 = COLOUR_RGB ( '',0.8470588235294117530, 0.0000000000000000000, 0.0000000000000000000 ) ;
#455 = EDGE_CURVE ( 'NONE', #1169, #57, #2332, .T. ) ;
#456 = VERTEX_POINT ( 'NONE', #439 ) ;
#457 = CARTESIAN_POINT ( 'NONE',  ( -0.7399999999999999911, -0.2999999999999999889, 0.2000000000000000111 ) ) ;
#458 =( LENGTH_UNIT ( ) NAMED_UNIT ( * ) SI_UNIT ( .MILLI., .METRE. ) );
#459 = COLOUR_RGB ( '',0.7921568627450980005, 0.8196078431372548767, 0.9333333333333333481 ) ;
#460 = AXIS2_PLACEMENT_3D ( 'NONE', #634, #784, #2039 ) ;
#461 = LINE ( 'NONE', #676, #113 ) ;
#462 = MECHANICAL_DESIGN_GEOMETRIC_PRESENTATION_REPRESENTATION (  '', ( #531 ), #1702 ) ;
#463 = CARTESIAN_POINT ( 'NONE',  ( -1.734723475977000073E-18, 0.4000000000000000222, -4.898587196589000156E-17 ) ) ;
#464 = CARTESIAN_POINT ( 'NONE',  ( 0.0000000000000000000, 0.4000000000000000222, -4.898587196589000156E-17 ) ) ;
#465 = CARTESIAN_POINT ( 'NONE',  ( 0.2000000000000000111, -0.4000000000000000222, 0.002000000000000000042 ) ) ;
#466 = SURFACE_STYLE_FILL_AREA ( #660 ) ;
#467 = ORIENTED_EDGE ( 'NONE', *, *, #1493, .T. ) ;
#468 = CARTESIAN_POINT ( 'NONE',  ( -0.4000000000000000222, 0.4000000000000000222, 0.2000000000000000111 ) ) ;
#469 = SURFACE_STYLE_USAGE ( .BOTH. , #505 ) ;
#470 = EDGE_CURVE ( 'NONE', #730, #961, #58, .T. ) ;
#471 =( NAMED_UNIT ( * ) PLANE_ANGLE_UNIT ( ) SI_UNIT ( $, .RADIAN. ) );
#472 = ADVANCED_FACE ( 'NONE', ( #2248 ), #636, .T. ) ;
#473 = PRESENTATION_STYLE_ASSIGNMENT (( #1550 ) ) ;
#474 = UNCERTAINTY_MEASURE_WITH_UNIT (LENGTH_MEASURE( 1.000000000000000082E-05 ), #826, 'distance_accuracy_value', 'NONE');
#475 = DIRECTION ( 'NONE',  ( 0.0000000000000000000, -1.000000000000000000, 1.224646799146999945E-16 ) ) ;
#476 = PRESENTATION_STYLE_ASSIGNMENT (( #250 ) ) ;
#477 = FACE_OUTER_BOUND ( 'NONE', #1928, .T. ) ;
#478 = ORIENTED_EDGE ( 'NONE', *, *, #282, .T. ) ;
#479 = LINE ( 'NONE', #1377, #436 ) ;
#480 = STYLED_ITEM ( 'NONE', ( #1449 ), #388 ) ;
#481 = LINE ( 'NONE', #667, #1950 ) ;
#482 =( GEOMETRIC_REPRESENTATION_CONTEXT ( 3 ) GLOBAL_UNCERTAINTY_ASSIGNED_CONTEXT ( ( #1791 ) ) GLOBAL_UNIT_ASSIGNED_CONTEXT ( ( #308, #1050, #125 ) ) REPRESENTATION_CONTEXT ( 'NONE', 'WORKASPACE' ) );
#483 = EDGE_CURVE ( 'NONE', #747, #2168, #1402, .T. ) ;
#484 = VECTOR ( 'NONE', #65, 1000.000000000000000 ) ;
#485 = MECHANICAL_DESIGN_GEOMETRIC_PRESENTATION_REPRESENTATION (  '', ( #1507 ), #164 ) ;
#486 = CARTESIAN_POINT ( 'NONE',  ( -0.4625772966728458058, 0.3125772966728458391, 0.6000000000000000888 ) ) ;
#487 = DIRECTION ( 'NONE',  ( -1.000000000000000000, -0.0000000000000000000, -0.0000000000000000000 ) ) ;
#488 = CARTESIAN_POINT ( 'NONE',  ( -0.2000000000000000111, -0.09999999999999999167, 1.224646799145999725E-17 ) ) ;
#489 = EDGE_LOOP ( 'NONE', ( #39, #1407, #1577, #1491 ) ) ;
#490 = FILL_AREA_STYLE_COLOUR ( '', #1168 ) ;
#491 = SURFACE_STYLE_FILL_AREA ( #2319 ) ;
#492 =( LENGTH_UNIT ( ) NAMED_UNIT ( * ) SI_UNIT ( .MILLI., .METRE. ) );
#493 = AXIS2_PLACEMENT_3D ( 'NONE', #877, #287, #1592 ) ;
#494 = CARTESIAN_POINT ( 'NONE',  ( 0.4000000000000000222, -0.4000000000000000222, 0.2000000000000000111 ) ) ;
#495 =( GEOMETRIC_REPRESENTATION_CONTEXT ( 3 ) GLOBAL_UNCERTAINTY_ASSIGNED_CONTEXT ( ( #1583 ) ) GLOBAL_UNIT_ASSIGNED_CONTEXT ( ( #1958, #1459, #746 ) ) REPRESENTATION_CONTEXT ( 'NONE', 'WORKASPACE' ) );
#496 = MECHANICAL_DESIGN_GEOMETRIC_PRESENTATION_REPRESENTATION (  '', ( #2043 ), #1512 ) ;
#497 =( LENGTH_UNIT ( ) NAMED_UNIT ( * ) SI_UNIT ( .MILLI., .METRE. ) );
#498 = UNCERTAINTY_MEASURE_WITH_UNIT (LENGTH_MEASURE( 1.000000000000000082E-05 ), #1159, 'distance_accuracy_value', 'NONE');
#499 = ORIENTED_EDGE ( 'NONE', *, *, #191, .F. ) ;
#500 = SURFACE_SIDE_STYLE ('',( #1474 ) ) ;
#501 = EDGE_CURVE ( 'NONE', #431, #1, #479, .T. ) ;
#502 = SURFACE_SIDE_STYLE ('',( #909 ) ) ;
#503 =( NAMED_UNIT ( * ) PLANE_ANGLE_UNIT ( ) SI_UNIT ( $, .RADIAN. ) );
#504 = EDGE_LOOP ( 'NONE', ( #296, #1494, #313, #533, #875, #1680, #36, #2343 ) ) ;
#505 = SURFACE_SIDE_STYLE ('',( #848 ) ) ;
#506 = FILL_AREA_STYLE ('',( #737 ) ) ;
#507 = ORIENTED_EDGE ( 'NONE', *, *, #594, .F. ) ;
#508 = DIRECTION ( 'NONE',  ( -0.0000000000000000000, -0.0000000000000000000, -1.000000000000000000 ) ) ;
#509 = PRODUCT_DEFINITION ( 'UNKNOWN', '', #767, #1465 ) ;
#510 = ORIENTED_EDGE ( 'NONE', *, *, #1510, .F. ) ;
#511 = EDGE_CURVE ( 'NONE', #1949, #1713, #1034, .T. ) ;
#512 = LINE ( 'NONE', #876, #797 ) ;
#513 = SURFACE_STYLE_USAGE ( .BOTH. , #1945 ) ;
#514 = MECHANICAL_DESIGN_GEOMETRIC_PRESENTATION_REPRESENTATION (  '', ( #1536 ), #2294 ) ;
#515 = SHAPE_REPRESENTATION_RELATIONSHIP ( 'NONE' , 'NONE' ,  #344, #1242 ) ;
#516 = VECTOR ( 'NONE', #487, 1000.000000000000000 ) ;
#517 = PRODUCT_DEFINITION_CONTEXT ( 'detailed design', #1820, 'design' ) ;
#518 = CARTESIAN_POINT ( 'NONE',  ( -0.4000000000000000222, 0.4000000000000000222, 0.0000000000000000000 ) ) ;
#519 = MECHANICAL_DESIGN_GEOMETRIC_PRESENTATION_REPRESENTATION (  '', ( #1391 ), #120 ) ;
#520 = DIRECTION ( 'NONE',  ( 1.000000000000000000, 0.0000000000000000000, 0.0000000000000000000 ) ) ;
#521 = UNCERTAINTY_MEASURE_WITH_UNIT (LENGTH_MEASURE( 1.000000000000000082E-05 ), #1495, 'distance_accuracy_value', 'NONE');
#522 = STYLED_ITEM ( 'NONE', ( #1629 ), #1071 ) ;
#523 = FILL_AREA_STYLE ('',( #136 ) ) ;
#524 = ORIENTED_EDGE ( 'NONE', *, *, #232, .F. ) ;
#525 =( LENGTH_UNIT ( ) NAMED_UNIT ( * ) SI_UNIT ( .MILLI., .METRE. ) );
#526 = DIRECTION ( 'NONE',  ( 0.0000000000000000000, 0.0000000000000000000, 1.000000000000000000 ) ) ;
#527 = SURFACE_SIDE_STYLE ('',( #1600 ) ) ;
#528 = MECHANICAL_DESIGN_GEOMETRIC_PRESENTATION_REPRESENTATION (  '', ( #206 ), #1735 ) ;
#529 = EDGE_CURVE ( 'NONE', #2038, #1916, #1177, .T. ) ;
#530 = FACE_OUTER_BOUND ( 'NONE', #1188, .T. ) ;
#531 = STYLED_ITEM ( 'NONE', ( #1564 ), #2174 ) ;
#532 = FACE_OUTER_BOUND ( 'NONE', #1884, .T. ) ;
#533 = ORIENTED_EDGE ( 'NONE', *, *, #88, .T. ) ;
#534 = STYLED_ITEM ( 'NONE', ( #729 ), #2252 ) ;
#535 = MECHANICAL_DESIGN_GEOMETRIC_PRESENTATION_REPRESENTATION (  '', ( #765 ), #96 ) ;
#536 = MECHANICAL_DESIGN_GEOMETRIC_PRESENTATION_REPRESENTATION (  '', ( #1224 ), #1743 ) ;
#537 = FILL_AREA_STYLE_COLOUR ( '', #1283 ) ;
#538 = DIRECTION ( 'NONE',  ( 1.000000000000000000, 0.0000000000000000000, 0.0000000000000000000 ) ) ;
#539 = ORIENTED_EDGE ( 'NONE', *, *, #2228, .F. ) ;
#540 =( NAMED_UNIT ( * ) PLANE_ANGLE_UNIT ( ) SI_UNIT ( $, .RADIAN. ) );
#541 = FILL_AREA_STYLE_COLOUR ( '', #2227 ) ;
#542 = DIRECTION ( 'NONE',  ( -1.000000000000000000, 0.0000000000000000000, 0.0000000000000000000 ) ) ;
#543 =( LENGTH_UNIT ( ) NAMED_UNIT ( * ) SI_UNIT ( .MILLI., .METRE. ) );
#544 = LINE ( 'NONE', #715, #1236 ) ;
#545 = CARTESIAN_POINT ( 'NONE',  ( 0.0000000000000000000, -0.4000000000000000222, 4.898587196589000156E-17 ) ) ;
#546 = EDGE_CURVE ( 'NONE', #1488, #2359, #1745, .T. ) ;
#547 = CARTESIAN_POINT ( 'NONE',  ( -0.2000000000000000111, 0.09999999999999999167, -1.224646799148000227E-17 ) ) ;
#548 = EDGE_LOOP ( 'NONE', ( #1540, #79, #45, #1156 ) ) ;
#549 = EDGE_CURVE ( 'NONE', #1520, #930, #93, .T. ) ;
#550 = UNCERTAINTY_MEASURE_WITH_UNIT (LENGTH_MEASURE( 1.000000000000000082E-05 ), #736, 'distance_accuracy_value', 'NONE');
#551 = LINE ( 'NONE', #1987, #2113 ) ;
#552 = ORIENTED_EDGE ( 'NONE', *, *, #2274, .F. ) ;
#553 = FILL_AREA_STYLE_COLOUR ( '', #1295 ) ;
#554 = CARTESIAN_POINT ( 'NONE',  ( -0.2000000000000000111, -0.1000000000000000056, 0.002000000000000000042 ) ) ;
#555 = PLANE ( 'NONE',  #1587 ) ;
#556 = DIRECTION ( 'NONE',  ( -0.0000000000000000000, 1.000000000000000000, 0.0000000000000000000 ) ) ;
#557 = FILL_AREA_STYLE ('',( #2165 ) ) ;
#558 = MECHANICAL_DESIGN_GEOMETRIC_PRESENTATION_REPRESENTATION (  '', ( #2220 ), #2106 ) ;
#559 = EDGE_CURVE ( 'NONE', #401, #1184, #2108, .T. ) ;
#560 = STYLED_ITEM ( 'NONE', ( #585 ), #472 ) ;
#561 = LINE ( 'NONE', #576, #614 ) ;
#562 = ORIENTED_EDGE ( 'NONE', *, *, #1632, .F. ) ;
#563 = FACE_OUTER_BOUND ( 'NONE', #1123, .T. ) ;
#564 = MECHANICAL_DESIGN_GEOMETRIC_PRESENTATION_REPRESENTATION (  '', ( #1095 ), #2271 ) ;
#565 = APPLICATION_PROTOCOL_DEFINITION ( 'draft international standard', 'automotive_design', 1998, #1192 ) ;
#566 = EDGE_LOOP ( 'NONE', ( #117, #1904, #1890, #1767 ) ) ;
#567 = PRESENTATION_LAYER_ASSIGNMENT (  '', '', ( #1507 ) ) ;
#568 = CARTESIAN_POINT ( 'NONE',  ( 0.4625772966728456947, 0.3125772966728457836, 0.5999999999999999778 ) ) ;
#569 = DIRECTION ( 'NONE',  ( 0.0000000000000000000, 0.0000000000000000000, -1.000000000000000000 ) ) ;
#570 = FILL_AREA_STYLE_COLOUR ( '', #137 ) ;
#571 = UNCERTAINTY_MEASURE_WITH_UNIT (LENGTH_MEASURE( 1.000000000000000082E-05 ), #1327, 'distance_accuracy_value', 'NONE');
#572 = ORIENTED_EDGE ( 'NONE', *, *, #1711, .T. ) ;
#573 = VECTOR ( 'NONE', #2257, 1000.000000000000000 ) ;
#574 = UNCERTAINTY_MEASURE_WITH_UNIT (LENGTH_MEASURE( 1.000000000000000082E-05 ), #2301, 'distance_accuracy_value', 'NONE');
#575 = VECTOR ( 'NONE', #556, 1000.000000000000000 ) ;
#576 = CARTESIAN_POINT ( 'NONE',  ( 0.8000000000000000444, 0.4000000000000000222, 0.2000000000000000111 ) ) ;
#577 = ADVANCED_FACE ( 'NONE', ( #1929 ), #2291, .F. ) ;
#578 =( GEOMETRIC_REPRESENTATION_CONTEXT ( 3 ) GLOBAL_UNCERTAINTY_ASSIGNED_CONTEXT ( ( #928 ) ) GLOBAL_UNIT_ASSIGNED_CONTEXT ( ( #237, #44, #2020 ) ) REPRESENTATION_CONTEXT ( 'NONE', 'WORKASPACE' ) );
#579 = ORIENTED_EDGE ( 'NONE', *, *, #1906, .F. ) ;
#580 = DIRECTION ( 'NONE',  ( -1.000000000000000000, -0.0000000000000000000, 0.0000000000000000000 ) ) ;
#581 = MECHANICAL_DESIGN_GEOMETRIC_PRESENTATION_REPRESENTATION (  '', ( #2154 ), #2127 ) ;
#582 =( REPRESENTATION_RELATIONSHIP ('NONE','NONE', #158, #1390 ) REPRESENTATION_RELATIONSHIP_WITH_TRANSFORMATION ( #1544 )SHAPE_REPRESENTATION_RELATIONSHIP( ) );
#583 =( NAMED_UNIT ( * ) PLANE_ANGLE_UNIT ( ) SI_UNIT ( $, .RADIAN. ) );
#584 = ORIENTED_EDGE ( 'NONE', *, *, #386, .T. ) ;
#585 = PRESENTATION_STYLE_ASSIGNMENT (( #1473 ) ) ;
#586 = DIRECTION ( 'NONE',  ( -4.323630019078185612E-19, -1.000000000000000000, -3.705968587780558768E-20 ) ) ;
#587 = DIRECTION ( 'NONE',  ( -0.0000000000000000000, -0.0000000000000000000, -1.000000000000000000 ) ) ;
#588 = SURFACE_STYLE_FILL_AREA ( #1602 ) ;
#589 =( LENGTH_UNIT ( ) NAMED_UNIT ( * ) SI_UNIT ( .MILLI., .METRE. ) );
#590 =( NAMED_UNIT ( * ) PLANE_ANGLE_UNIT ( ) SI_UNIT ( $, .RADIAN. ) );
#591 = ORIENTED_EDGE ( 'NONE', *, *, #2096, .F. ) ;
#592 = CARTESIAN_POINT ( 'NONE',  ( -0.6999999999999999556, -0.2999999999999999889, 0.1799999999999999933 ) ) ;
#593 = CARTESIAN_POINT ( 'NONE',  ( 0.8000000000000000444, -0.4000000000000000222, 0.0000000000000000000 ) ) ;
#594 = EDGE_CURVE ( 'NONE', #1273, #1612, #1710, .T. ) ;
#595 = PRODUCT_CONTEXT ( 'NONE', #1749, 'mechanical' ) ;
#596 = VERTEX_POINT ( 'NONE', #457 ) ;
#597 = PRESENTATION_STYLE_ASSIGNMENT (( #962 ) ) ;
#598 = LINE ( 'NONE', #1178, #1256 ) ;
#599 = LINE ( 'NONE', #1138, #664 ) ;
#600 = DIRECTION ( 'NONE',  ( 1.000000000000000000, 0.0000000000000000000, -0.0000000000000000000 ) ) ;
#601 = PRESENTATION_STYLE_ASSIGNMENT (( #1008 ) ) ;
#602 = COLOUR_RGB ( '',0.0000000000000000000, 0.6666666666666666297, 0.0000000000000000000 ) ;
#603 = LINE ( 'NONE', #407, #656 ) ;
#604 = VECTOR ( 'NONE', #1521, 1000.000000000000000 ) ;
#605 = ORIENTED_EDGE ( 'NONE', *, *, #1909, .F. ) ;
#606 = FILL_AREA_STYLE ('',( #383 ) ) ;
#607 = VECTOR ( 'NONE', #316, 1000.000000000000000 ) ;
#608 = SURFACE_STYLE_USAGE ( .BOTH. , #23 ) ;
#609 = ORIENTED_EDGE ( 'NONE', *, *, #953, .F. ) ;
#610 =( LENGTH_UNIT ( ) NAMED_UNIT ( * ) SI_UNIT ( .MILLI., .METRE. ) );
#611 = DIRECTION ( 'NONE',  ( 1.000000000000000000, 0.0000000000000000000, 0.0000000000000000000 ) ) ;
#612 = AXIS2_PLACEMENT_3D ( 'NONE', #592, #755, #1337 ) ;
#613 = ADVANCED_FACE ( 'NONE', ( #269 ), #2277, .T. ) ;
#614 = VECTOR ( 'NONE', #1154, 1000.000000000000000 ) ;
#615 = LINE ( 'NONE', #1838, #994 ) ;
#616 = CARTESIAN_POINT ( 'NONE',  ( -0.4625772966728456947, -0.3125772966728457836, 0.5999999999999999778 ) ) ;
#617 = FACE_OUTER_BOUND ( 'NONE', #2357, .T. ) ;
#618 = STYLED_ITEM ( 'NONE', ( #974 ), #1857 ) ;
#619 = ORIENTED_EDGE ( 'NONE', *, *, #455, .T. ) ;
#620 = CARTESIAN_POINT ( 'NONE',  ( -0.4000000000000000222, -0.4000000000000000222, 0.0000000000000000000 ) ) ;
#621 =( GEOMETRIC_REPRESENTATION_CONTEXT ( 3 ) GLOBAL_UNCERTAINTY_ASSIGNED_CONTEXT ( ( #699 ) ) GLOBAL_UNIT_ASSIGNED_CONTEXT ( ( #543, #714, #151 ) ) REPRESENTATION_CONTEXT ( 'NONE', 'WORKASPACE' ) );
#622 = COLOUR_RGB ( '',0.8470588235294117530, 0.0000000000000000000, 0.0000000000000000000 ) ;
#623 = FILL_AREA_STYLE ('',( #1947 ) ) ;
#624 = EDGE_LOOP ( 'NONE', ( #635, #1560, #1596, #552, #2234, #818, #478 ) ) ;
#625 = MECHANICAL_DESIGN_GEOMETRIC_PRESENTATION_REPRESENTATION (  '', ( #1972 ), #2125 ) ;
#626 =( NAMED_UNIT ( * ) PLANE_ANGLE_UNIT ( ) SI_UNIT ( $, .RADIAN. ) );
#627 = DIRECTION ( 'NONE',  ( -0.0000000000000000000, 1.000000000000000000, 0.0000000000000000000 ) ) ;
#628 = DIRECTION ( 'NONE',  ( 1.000000000000000000, 0.0000000000000000000, 0.0000000000000000000 ) ) ;
#629 =( NAMED_UNIT ( * ) PLANE_ANGLE_UNIT ( ) SI_UNIT ( $, .RADIAN. ) );
#630 = EDGE_CURVE ( 'NONE', #2324, #1410, #1412, .T. ) ;
#631 = UNCERTAINTY_MEASURE_WITH_UNIT (LENGTH_MEASURE( 1.000000000000000082E-05 ), #525, 'distance_accuracy_value', 'NONE');
#632 = FACE_OUTER_BOUND ( 'NONE', #872, .T. ) ;
#633 = ORIENTED_EDGE ( 'NONE', *, *, #2049, .F. ) ;
#634 = CARTESIAN_POINT ( 'NONE',  ( 0.8000000000000000444, 0.4000000000000000222, 0.0000000000000000000 ) ) ;
#635 = ORIENTED_EDGE ( 'NONE', *, *, #1765, .T. ) ;
#636 = PLANE ( 'NONE',  #2295 ) ;
#637 = FACE_OUTER_BOUND ( 'NONE', #929, .T. ) ;
#638 = LINE ( 'NONE', #1867, #1585 ) ;
#639 = EDGE_CURVE ( 'NONE', #1570, #75, #2138, .T. ) ;
#640 =( GEOMETRIC_REPRESENTATION_CONTEXT ( 3 ) GLOBAL_UNCERTAINTY_ASSIGNED_CONTEXT ( ( #169 ) ) GLOBAL_UNIT_ASSIGNED_CONTEXT ( ( #1908, #471, #1203 ) ) REPRESENTATION_CONTEXT ( 'NONE', 'WORKASPACE' ) );
#641 = ORIENTED_EDGE ( 'NONE', *, *, #1124, .T. ) ;
#642 = CARTESIAN_POINT ( 'NONE',  ( -0.4516409507770000054, 0.3016409507769999832, 0.6000000000000000888 ) ) ;
#643 = AXIS2_PLACEMENT_3D ( 'NONE', #990, #242, #600 ) ;
#644 = STYLED_ITEM ( 'NONE', ( #597 ), #418 ) ;
#645 = VERTEX_POINT ( 'NONE', #1447 ) ;
#646 = PRODUCT_DEFINITION_SHAPE ( 'NONE', 'NONE',  #1725 ) ;
#647 = DIRECTION ( 'NONE',  ( 0.0000000000000000000, 0.0000000000000000000, -1.000000000000000000 ) ) ;
#648 = SURFACE_STYLE_USAGE ( .BOTH. , #787 ) ;
#649 = STYLED_ITEM ( 'NONE', ( #1677 ), #825 ) ;
#650 = SHAPE_REPRESENTATION_RELATIONSHIP ( 'NONE' , 'NONE' ,  #2288, #2314 ) ;
#651 = AXIS2_PLACEMENT_3D ( 'NONE', #1422, #2146, #1431 ) ;
#652 = LINE ( 'NONE', #494, #1165 ) ;
#653 = COLOUR_RGB ( '',0.8000000000000000444, 0.8000000000000000444, 0.8000000000000000444 ) ;
#654 = DIRECTION ( 'NONE',  ( 0.0000000000000000000, 0.0000000000000000000, 1.000000000000000000 ) ) ;
#655 = LINE ( 'NONE', #1361, #320 ) ;
#656 = VECTOR ( 'NONE', #1130, 1000.000000000000000 ) ;
#657 = EDGE_CURVE ( 'NONE', #1916, #57, #1992, .T. ) ;
#658 = CARTESIAN_POINT ( 'NONE',  ( -0.4999999999999987232, -0.3499999999999993117, 0.2499999999999997780 ) ) ;
#659 =( NAMED_UNIT ( * ) PLANE_ANGLE_UNIT ( ) SI_UNIT ( $, .RADIAN. ) );
#660 = FILL_AREA_STYLE ('',( #1039 ) ) ;
#661 = COLOUR_RGB ( '',0.7803921568627451011, 0.5686274509803921351, 0.1137254901960784298 ) ;
#662 = EDGE_LOOP ( 'NONE', ( #8, #1688, #780, #539, #286, #1484, #605, #1844 ) ) ;
#663 = EDGE_CURVE ( 'NONE', #1652, #730, #357, .T. ) ;
#664 = VECTOR ( 'NONE', #1683, 1000.000000000000000 ) ;
#665 = PRESENTATION_LAYER_ASSIGNMENT (  '', '', ( #765 ) ) ;
#666 = ADVANCED_FACE ( 'NONE', ( #1316 ), #1126, .T. ) ;
#667 = CARTESIAN_POINT ( 'NONE',  ( -0.4000000000000000222, 0.4000000000000000222, 0.2000000000000000111 ) ) ;
#668 = LINE ( 'NONE', #1381, #1655 ) ;
#669 = CARTESIAN_POINT ( 'NONE',  ( -0.8000000000000000444, -0.4000000000000000222, 0.0000000000000000000 ) ) ;
#670 = DIRECTION ( 'NONE',  ( 0.0000000000000000000, 1.000000000000000000, -0.0000000000000000000 ) ) ;
#671 = CARTESIAN_POINT ( 'NONE',  ( -5.782411586589999921E-19, 0.4000000000000000222, -4.898587196588999540E-17 ) ) ;
#672 = CONTEXT_DEPENDENT_SHAPE_REPRESENTATION ( #1417, #1318 ) ;
#673 = ORIENTED_EDGE ( 'NONE', *, *, #2135, .F. ) ;
#674 = ADVANCED_FACE ( 'NONE', ( #1608 ), #706, .F. ) ;
#675 = DIRECTION ( 'NONE',  ( 0.0000000000000000000, 0.0000000000000000000, 1.000000000000000000 ) ) ;
#676 = CARTESIAN_POINT ( 'NONE',  ( -0.4516409507770000054, -0.3200000000000000067, 0.6000000000000000888 ) ) ;
#677 =( NAMED_UNIT ( * ) PLANE_ANGLE_UNIT ( ) SI_UNIT ( $, .RADIAN. ) );
#678 = SURFACE_STYLE_FILL_AREA ( #1541 ) ;
#679 = ORIENTED_EDGE ( 'NONE', *, *, #1765, .F. ) ;
#680 = VECTOR ( 'NONE', #2306, 1000.000000000000000 ) ;
#681 = CARTESIAN_POINT ( 'NONE',  ( 0.5000000000000000000, 0.3499999999999999778, 0.2500000000000000000 ) ) ;
#682 =( NAMED_UNIT ( * ) PLANE_ANGLE_UNIT ( ) SI_UNIT ( $, .RADIAN. ) );
#683 = SURFACE_STYLE_USAGE ( .BOTH. , #694 ) ;
#684 = PRODUCT_DEFINITION ( 'UNKNOWN', '', #1775, #1971 ) ;
#685 = AXIS2_PLACEMENT_3D ( 'NONE', #1219, #433, #90 ) ;
#686 =( NAMED_UNIT ( * ) SI_UNIT ( $, .STERADIAN. ) SOLID_ANGLE_UNIT ( ) );
#687 = ORIENTED_EDGE ( 'NONE', *, *, #1042, .F. ) ;
#688 = FILL_AREA_STYLE ('',( #10 ) ) ;
#689 = AXIS2_PLACEMENT_3D ( 'NONE', #1048, #124, #1251 ) ;
#690 = COLOUR_RGB ( '',0.7803921568627451011, 0.5686274509803921351, 0.1137254901960784298 ) ;
#691 = LINE ( 'NONE', #2346, #948 ) ;
#692 = ORIENTED_EDGE ( 'NONE', *, *, #639, .T. ) ;
#693 = COLOUR_RGB ( '',0.8470588235294117530, 0.0000000000000000000, 0.0000000000000000000 ) ;
#694 = SURFACE_SIDE_STYLE ('',( #289 ) ) ;
#695 = MECHANICAL_DESIGN_GEOMETRIC_PRESENTATION_REPRESENTATION (  '', ( #1934 ), #621 ) ;
#696 = AXIS2_PLACEMENT_3D ( 'NONE', #1134, #398, #212 ) ;
#697 = DIRECTION ( 'NONE',  ( 0.0000000000000000000, -1.000000000000000000, 0.0000000000000000000 ) ) ;
#698 = FACE_OUTER_BOUND ( 'NONE', #566, .T. ) ;
#699 = UNCERTAINTY_MEASURE_WITH_UNIT (LENGTH_MEASURE( 1.000000000000000082E-05 ), #543, 'distance_accuracy_value', 'NONE');
#700 = ORIENTED_EDGE ( 'NONE', *, *, #828, .F. ) ;
#701 = VECTOR ( 'NONE', #229, 1000.000000000000000 ) ;
#702 = SURFACE_STYLE_USAGE ( .BOTH. , #502 ) ;
#703 = CARTESIAN_POINT ( 'NONE',  ( -0.4000000000000000222, 0.4000000000000000222, 0.0000000000000000000 ) ) ;
#704 = ORIENTED_EDGE ( 'NONE', *, *, #2326, .T. ) ;
#705 =( NAMED_UNIT ( * ) SI_UNIT ( $, .STERADIAN. ) SOLID_ANGLE_UNIT ( ) );
#706 = PLANE ( 'NONE',  #2182 ) ;
#707 =( NAMED_UNIT ( * ) PLANE_ANGLE_UNIT ( ) SI_UNIT ( $, .RADIAN. ) );
#708 = DIRECTION ( 'NONE',  ( -0.0000000000000000000, -0.0000000000000000000, -1.000000000000000000 ) ) ;
#709 = ORIENTED_EDGE ( 'NONE', *, *, #2019, .T. ) ;
#710 = SURFACE_SIDE_STYLE ('',( #1977 ) ) ;
#711 = EDGE_CURVE ( 'NONE', #75, #1863, #1970, .T. ) ;
#712 = EDGE_LOOP ( 'NONE', ( #53, #1445, #1937, #24 ) ) ;
#713 = SURFACE_STYLE_FILL_AREA ( #2169 ) ;
#714 =( NAMED_UNIT ( * ) PLANE_ANGLE_UNIT ( ) SI_UNIT ( $, .RADIAN. ) );
#715 = CARTESIAN_POINT ( 'NONE',  ( -0.8000000000000000444, 0.4000000000000000222, 0.2000000000000000111 ) ) ;
#716 = PRESENTATION_LAYER_ASSIGNMENT (  '', '', ( #480 ) ) ;
#717 = STYLED_ITEM ( 'NONE', ( #1285 ), #740 ) ;
#718 = CARTESIAN_POINT ( 'NONE',  ( 0.5000000000000000000, -0.3215678837576906868, 0.5817080228269734254 ) ) ;
#719 =( GEOMETRIC_REPRESENTATION_CONTEXT ( 3 ) GLOBAL_UNCERTAINTY_ASSIGNED_CONTEXT ( ( #631 ) ) GLOBAL_UNIT_ASSIGNED_CONTEXT ( ( #525, #1411, #330 ) ) REPRESENTATION_CONTEXT ( 'NONE', 'WORKASPACE' ) );
#720 = FACE_OUTER_BOUND ( 'NONE', #1120, .T. ) ;
#721 = SURFACE_STYLE_USAGE ( .BOTH. , #710 ) ;
#722 = ORIENTED_EDGE ( 'NONE', *, *, #2163, .T. ) ;
#723 = SURFACE_SIDE_STYLE ('',( #713 ) ) ;
#724 = FACE_OUTER_BOUND ( 'NONE', #1665, .T. ) ;
#725 = CARTESIAN_POINT ( 'NONE',  ( 0.4715678837580004612, 0.3215678837576906868, 0.5817080228269734254 ) ) ;
#726 = PRESENTATION_STYLE_ASSIGNMENT (( #321 ) ) ;
#727 = DIRECTION ( 'NONE',  ( 0.0000000000000000000, -0.0000000000000000000, -1.000000000000000000 ) ) ;
#728 = DIRECTION ( 'NONE',  ( -1.000000000000000000, 0.0000000000000000000, 0.0000000000000000000 ) ) ;
#729 = PRESENTATION_STYLE_ASSIGNMENT (( #1107 ) ) ;
#730 = VERTEX_POINT ( 'NONE', #2339 ) ;
#731 = COLOUR_RGB ( '',0.8470588235294117530, 0.0000000000000000000, 0.0000000000000000000 ) ;
#732 = VECTOR ( 'NONE', #542, 1000.000000000000000 ) ;
#733 = DIRECTION ( 'NONE',  ( 0.0000000000000000000, 0.0000000000000000000, 1.000000000000000000 ) ) ;
#734 = CARTESIAN_POINT ( 'NONE',  ( -0.8000000000000000444, 0.4000000000000000222, 0.0000000000000000000 ) ) ;
#735 = ORIENTED_EDGE ( 'NONE', *, *, #279, .T. ) ;
#736 =( LENGTH_UNIT ( ) NAMED_UNIT ( * ) SI_UNIT ( .MILLI., .METRE. ) );
#737 = FILL_AREA_STYLE_COLOUR ( '', #1294 ) ;
#738 = SURFACE_SIDE_STYLE ('',( #2321 ) ) ;
#739 = PRESENTATION_STYLE_ASSIGNMENT (( #1438 ) ) ;
#740 = ADVANCED_FACE ( 'NONE', ( #724 ), #1432, .F. ) ;
#741 =( LENGTH_UNIT ( ) NAMED_UNIT ( * ) SI_UNIT ( .MILLI., .METRE. ) );
#742 = ORIENTED_EDGE ( 'NONE', *, *, #1906, .T. ) ;
#743 = SURFACE_SIDE_STYLE ('',( #2170 ) ) ;
#744 = PLANE ( 'NONE',  #696 ) ;
#745 = APPLICATION_CONTEXT ( 'automotive_design' ) ;
#746 =( NAMED_UNIT ( * ) SI_UNIT ( $, .STERADIAN. ) SOLID_ANGLE_UNIT ( ) );
#747 = VERTEX_POINT ( 'NONE', #1505 ) ;
#748 =( NAMED_UNIT ( * ) SI_UNIT ( $, .STERADIAN. ) SOLID_ANGLE_UNIT ( ) );
#749 = SURFACE_SIDE_STYLE ('',( #1117 ) ) ;
#750 = EDGE_CURVE ( 'NONE', #2168, #1312, #2016, .T. ) ;
#751 = EDGE_LOOP ( 'NONE', ( #1346, #1430, #2004, #1228, #985, #414 ) ) ;
#752 = MECHANICAL_DESIGN_GEOMETRIC_PRESENTATION_REPRESENTATION (  '', ( #1020 ), #1756 ) ;
#753 = PRESENTATION_STYLE_ASSIGNMENT (( #2177 ) ) ;
#754 = ORIENTED_EDGE ( 'NONE', *, *, #2032, .T. ) ;
#755 = DIRECTION ( 'NONE',  ( 0.0000000000000000000, 0.0000000000000000000, 1.000000000000000000 ) ) ;
#756 = CARTESIAN_POINT ( 'NONE',  ( 0.4000000000000000222, 0.4000000000000000222, 0.0000000000000000000 ) ) ;
#757 = COLOUR_RGB ( '',0.8470588235294117530, 0.0000000000000000000, 0.0000000000000000000 ) ;
#758 = ORIENTED_EDGE ( 'NONE', *, *, #1155, .F. ) ;
#759 = AXIS2_PLACEMENT_3D ( 'NONE', #966, #1627, #1143 ) ;
#760 = SURFACE_SIDE_STYLE ('',( #9 ) ) ;
#761 = CARTESIAN_POINT ( 'NONE',  ( -0.4715678837578454741, -0.3215678837576906868, 0.5817080228269734254 ) ) ;
#762 = LINE ( 'NONE', #1962, #2068 ) ;
#763 = STYLED_ITEM ( 'NONE', ( #601 ), #2143 ) ;
#764 = UNCERTAINTY_MEASURE_WITH_UNIT (LENGTH_MEASURE( 1.000000000000000082E-05 ), #2333, 'distance_accuracy_value', 'NONE');
#765 = STYLED_ITEM ( 'NONE', ( #94 ), #1695 ) ;
#766 = EDGE_CURVE ( 'NONE', #1308, #1520, #1667, .T. ) ;
#767 = PRODUCT_DEFINITION_FORMATION_WITH_SPECIFIED_SOURCE ( 'ANY', '', #1007, .NOT_KNOWN. ) ;
#768 = STYLED_ITEM ( 'NONE', ( #1208 ), #1976 ) ;
#769 = ORIENTED_EDGE ( 'NONE', *, *, #630, .F. ) ;
#770 = DIRECTION ( 'NONE',  ( 1.000000000000000000, 0.0000000000000000000, 0.0000000000000000000 ) ) ;
#771 = ORIENTED_EDGE ( 'NONE', *, *, #221, .T. ) ;
#772 = PRODUCT_DEFINITION_SHAPE ( 'NONE', 'NONE',  #940 ) ;
#773 = CARTESIAN_POINT ( 'NONE',  ( -0.4000000000000000222, -0.4000000000000000222, 0.0000000000000000000 ) ) ;
#774 = PLANE ( 'NONE',  #1436 ) ;
#775 = DIRECTION ( 'NONE',  ( 0.0000000000000000000, 0.0000000000000000000, -1.000000000000000000 ) ) ;
#776 = SURFACE_SIDE_STYLE ('',( #588 ) ) ;
#777 = SHAPE_REPRESENTATION ( 'Pocket001', ( #2194 ), #495 ) ;
#778 = FILL_AREA_STYLE ('',( #446 ) ) ;
#779 =( NAMED_UNIT ( * ) SI_UNIT ( $, .STERADIAN. ) SOLID_ANGLE_UNIT ( ) );
#780 = ORIENTED_EDGE ( 'NONE', *, *, #30, .F. ) ;
#781 = EDGE_CURVE ( 'NONE', #1, #1176, #211, .T. ) ;
#782 = SURFACE_SIDE_STYLE ('',( #2026 ) ) ;
#783 = FACE_OUTER_BOUND ( 'NONE', #2145, .T. ) ;
#784 = DIRECTION ( 'NONE',  ( 1.000000000000000000, 0.0000000000000000000, 0.0000000000000000000 ) ) ;
#785 = SHAPE_DEFINITION_REPRESENTATION ( #1642, #777 ) ;
#786 = ORIENTED_EDGE ( 'NONE', *, *, #372, .F. ) ;
#787 = SURFACE_SIDE_STYLE ('',( #37 ) ) ;
#788 = DIRECTION ( 'NONE',  ( 1.000000000000000000, 0.0000000000000000000, 0.0000000000000000000 ) ) ;
#789 = LINE ( 'NONE', #1524, #1254 ) ;
#790 = UNCERTAINTY_MEASURE_WITH_UNIT (LENGTH_MEASURE( 1.000000000000000082E-05 ), #48, 'distance_accuracy_value', 'NONE');
#791 =( NAMED_UNIT ( * ) PLANE_ANGLE_UNIT ( ) SI_UNIT ( $, .RADIAN. ) );
#792 =( NAMED_UNIT ( * ) SI_UNIT ( $, .STERADIAN. ) SOLID_ANGLE_UNIT ( ) );
#793 = ORIENTED_EDGE ( 'NONE', *, *, #1142, .T. ) ;
#794 = FILL_AREA_STYLE ('',( #1157 ) ) ;
#795 = VECTOR ( 'NONE', #410, 1000.000000000000000 ) ;
#796 = CARTESIAN_POINT ( 'NONE',  ( 0.8000000000000000444, 0.2000000000000000111, 0.2000000000000000111 ) ) ;
#797 = VECTOR ( 'NONE', #900, 1000.000000000000000 ) ;
#798 = ORIENTED_EDGE ( 'NONE', *, *, #1170, .F. ) ;
#799 = CARTESIAN_POINT ( 'NONE',  ( -0.6600000000000000311, -0.2999999999999999889, 0.1799999999999999933 ) ) ;
#800 = STYLED_ITEM ( 'NONE', ( #1185 ), #1270 ) ;
#801 = MECHANICAL_DESIGN_GEOMETRIC_PRESENTATION_REPRESENTATION (  '', ( #1888 ), #247 ) ;
#802 = FILL_AREA_STYLE_COLOUR ( '', #1220 ) ;
#803 = DIRECTION ( 'NONE',  ( 0.0000000000000000000, 0.0000000000000000000, -1.000000000000000000 ) ) ;
#804 = DIRECTION ( 'NONE',  ( -0.0000000000000000000, -0.0000000000000000000, -1.000000000000000000 ) ) ;
#805 = MECHANICAL_DESIGN_GEOMETRIC_PRESENTATION_REPRESENTATION (  '', ( #1554 ), #1772 ) ;
#806 = ORIENTED_EDGE ( 'NONE', *, *, #2207, .T. ) ;
#807 = FACE_OUTER_BOUND ( 'NONE', #920, .T. ) ;
#808 = SHAPE_REPRESENTATION_RELATIONSHIP ( 'NONE' , 'NONE' ,  #1390, #2000 ) ;
#809 = ORIENTED_EDGE ( 'NONE', *, *, #2326, .F. ) ;
#810 = CARTESIAN_POINT ( 'NONE',  ( -0.4000000000000000222, 0.4000000000000000222, 0.0000000000000000000 ) ) ;
#811 = CARTESIAN_POINT ( 'NONE',  ( 0.0000000000000000000, -0.4000000000000000222, 4.898587196589000156E-17 ) ) ;
#812 = CARTESIAN_POINT ( 'NONE',  ( -0.8000000000000000444, 0.2000000000000000389, 0.2000000000000000111 ) ) ;
#813 = FILL_AREA_STYLE_COLOUR ( '', #602 ) ;
#814 = ADVANCED_FACE ( 'NONE', ( #423 ), #981, .F. ) ;
#815 = SURFACE_STYLE_FILL_AREA ( #1698 ) ;
#816 = UNCERTAINTY_MEASURE_WITH_UNIT (LENGTH_MEASURE( 1.000000000000000082E-05 ), #223, 'distance_accuracy_value', 'NONE');
#817 = DIRECTION ( 'NONE',  ( 0.0000000000000000000, 0.0000000000000000000, 1.000000000000000000 ) ) ;
#818 = ORIENTED_EDGE ( 'NONE', *, *, #323, .T. ) ;
#819 =( NAMED_UNIT ( * ) SI_UNIT ( $, .STERADIAN. ) SOLID_ANGLE_UNIT ( ) );
#820 = FILL_AREA_STYLE_COLOUR ( '', #834 ) ;
#821 = ORIENTED_EDGE ( 'NONE', *, *, #1807, .F. ) ;
#822 = DIRECTION ( 'NONE',  ( 0.0000000000000000000, 1.000000000000000000, -0.0000000000000000000 ) ) ;
#823 = FILL_AREA_STYLE ('',( #1329 ) ) ;
#824 = DIRECTION ( 'NONE',  ( -1.000000000000000000, 0.0000000000000000000, 0.0000000000000000000 ) ) ;
#825 = ADVANCED_FACE ( 'NONE', ( #783 ), #2193, .T. ) ;
#826 =( LENGTH_UNIT ( ) NAMED_UNIT ( * ) SI_UNIT ( .MILLI., .METRE. ) );
#827 = CARTESIAN_POINT ( 'NONE',  ( -0.4000000000000000222, -0.4000000000000000222, 0.0000000000000000000 ) ) ;
#828 = EDGE_CURVE ( 'NONE', #2336, #1949, #1186, .T. ) ;
#829 = PRESENTATION_LAYER_ASSIGNMENT (  '', '', ( #2258 ) ) ;
#830 = ORIENTED_EDGE ( 'NONE', *, *, #1711, .F. ) ;
#831 = CARTESIAN_POINT ( 'NONE',  ( -0.8000000000000000444, 0.2000000000000000111, 0.2000000000000000111 ) ) ;
#832 = PRESENTATION_STYLE_ASSIGNMENT (( #1352 ) ) ;
#833 = COLOUR_RGB ( '',0.8000000000000000444, 0.8000000000000000444, 0.8000000000000000444 ) ;
#834 = COLOUR_RGB ( '',0.8470588235294117530, 0.0000000000000000000, 0.0000000000000000000 ) ;
#835 = ORIENTED_EDGE ( 'NONE', *, *, #501, .F. ) ;
#836 = DIRECTION ( 'NONE',  ( -0.0000000000000000000, 1.224646799146999945E-16, 1.000000000000000000 ) ) ;
#837 =( NAMED_UNIT ( * ) SI_UNIT ( $, .STERADIAN. ) SOLID_ANGLE_UNIT ( ) );
#838 = PRESENTATION_STYLE_ASSIGNMENT (( #683 ) ) ;
#839 = FACE_OUTER_BOUND ( 'NONE', #329, .T. ) ;
#840 = DIRECTION ( 'NONE',  ( 1.000000000000000000, 0.0000000000000000000, -0.0000000000000000000 ) ) ;
#841 = MECHANICAL_DESIGN_GEOMETRIC_PRESENTATION_REPRESENTATION (  '', ( #1961 ), #2233 ) ;
#842 = DIRECTION ( 'NONE',  ( 1.000000000000000000, 0.0000000000000000000, -0.0000000000000000000 ) ) ;
#843 = EDGE_CURVE ( 'NONE', #303, #306, #284, .T. ) ;
#844 = PRESENTATION_LAYER_ASSIGNMENT (  '', '', ( #2091 ) ) ;
#845 = PRODUCT_CONTEXT ( 'NONE', #745, 'mechanical' ) ;
#846 = ORIENTED_EDGE ( 'NONE', *, *, #511, .F. ) ;
#847 = DIRECTION ( 'NONE',  ( -0.0000000000000000000, 1.000000000000000000, 0.0000000000000000000 ) ) ;
#848 = SURFACE_STYLE_FILL_AREA ( #1746 ) ;
#849 =( GEOMETRIC_REPRESENTATION_CONTEXT ( 3 ) GLOBAL_UNCERTAINTY_ASSIGNED_CONTEXT ( ( #1347 ) ) GLOBAL_UNIT_ASSIGNED_CONTEXT ( ( #1090, #1788, #1623 ) ) REPRESENTATION_CONTEXT ( 'NONE', 'WORKASPACE' ) );
#850 = VECTOR ( 'NONE', #2181, 1000.000000000000000 ) ;
#851 = SURFACE_SIDE_STYLE ('',( #1736 ) ) ;
#852 = CARTESIAN_POINT ( 'NONE',  ( -0.8000000000000000444, 0.0000000000000000000, 0.2000000000000000111 ) ) ;
#853 = SURFACE_SIDE_STYLE ('',( #1739 ) ) ;
#854 =( NAMED_UNIT ( * ) SI_UNIT ( $, .STERADIAN. ) SOLID_ANGLE_UNIT ( ) );
#855 =( LENGTH_UNIT ( ) NAMED_UNIT ( * ) SI_UNIT ( .MILLI., .METRE. ) );
#856 = DIRECTION ( 'NONE',  ( 1.000000000000000000, 0.0000000000000000000, 0.0000000000000000000 ) ) ;
#857 = EDGE_CURVE ( 'NONE', #968, #2223, #76, .T. ) ;
#858 = EDGE_LOOP ( 'NONE', ( #1616, #679, #1692, #579 ) ) ;
#859 = DIRECTION ( 'NONE',  ( 1.000000000000000000, 0.0000000000000000000, 0.0000000000000000000 ) ) ;
#860 =( NAMED_UNIT ( * ) PLANE_ANGLE_UNIT ( ) SI_UNIT ( $, .RADIAN. ) );
#861 = LINE ( 'NONE', #1226, #2178 ) ;
#862 = DIRECTION ( 'NONE',  ( 0.0000000000000000000, -0.0000000000000000000, -1.000000000000000000 ) ) ;
#863 = UNCERTAINTY_MEASURE_WITH_UNIT (LENGTH_MEASURE( 1.000000000000000082E-05 ), #2356, 'distance_accuracy_value', 'NONE');
#864 = SURFACE_STYLE_FILL_AREA ( #523 ) ;
#865 = ORIENTED_EDGE ( 'NONE', *, *, #2060, .T. ) ;
#866 = VECTOR ( 'NONE', #1825, 1000.000000000000000 ) ;
#867 = FACE_OUTER_BOUND ( 'NONE', #1508, .T. ) ;
#868 =( GEOMETRIC_REPRESENTATION_CONTEXT ( 3 ) GLOBAL_UNCERTAINTY_ASSIGNED_CONTEXT ( ( #290 ) ) GLOBAL_UNIT_ASSIGNED_CONTEXT ( ( #610, #1150, #1681 ) ) REPRESENTATION_CONTEXT ( 'NONE', 'WORKASPACE' ) );
#869 = APPLICATION_CONTEXT ( 'automotive_design' ) ;
#870 = AXIS2_PLACEMENT_3D ( 'NONE', #1455, #2328, #1990 ) ;
#871 = DIRECTION ( 'NONE',  ( 0.08540114134641878241, 0.0000000000000000000, 0.9963466490417524080 ) ) ;
#872 = EDGE_LOOP ( 'NONE', ( #254, #1033, #917, #754 ) ) ;
#873 = COLOUR_RGB ( '',0.7803921568627451011, 0.5686274509803921351, 0.1137254901960784298 ) ;
#874 = DIRECTION ( 'NONE',  ( 0.0000000000000000000, -1.000000000000000000, 0.0000000000000000000 ) ) ;
#875 = ORIENTED_EDGE ( 'NONE', *, *, #781, .T. ) ;
#876 = CARTESIAN_POINT ( 'NONE',  ( -0.5000000000000000000, -0.3499999999999999778, 0.2000000000000000111 ) ) ;
#877 = CARTESIAN_POINT ( 'NONE',  ( -0.5000000000000000000, -0.3499999999999999778, 0.2000000000000000111 ) ) ;
#878 = STYLED_ITEM ( 'NONE', ( #473 ), #2149 ) ;
#879 =( NAMED_UNIT ( * ) PLANE_ANGLE_UNIT ( ) SI_UNIT ( $, .RADIAN. ) );
#880 =( GEOMETRIC_REPRESENTATION_CONTEXT ( 3 ) GLOBAL_UNCERTAINTY_ASSIGNED_CONTEXT ( ( #1044 ) ) GLOBAL_UNIT_ASSIGNED_CONTEXT ( ( #1659, #47, #1865 ) ) REPRESENTATION_CONTEXT ( 'NONE', 'WORKASPACE' ) );
#881 = MECHANICAL_DESIGN_GEOMETRIC_PRESENTATION_REPRESENTATION (  '', ( #1292 ), #1476 ) ;
#882 = DIRECTION ( 'NONE',  ( -0.0000000000000000000, -0.0000000000000000000, -1.000000000000000000 ) ) ;
#883 = STYLED_ITEM ( 'NONE', ( #2353 ), #1242 ) ;
#884 =( GEOMETRIC_REPRESENTATION_CONTEXT ( 3 ) GLOBAL_UNCERTAINTY_ASSIGNED_CONTEXT ( ( #498 ) ) GLOBAL_UNIT_ASSIGNED_CONTEXT ( ( #1159, #5, #1471 ) ) REPRESENTATION_CONTEXT ( 'NONE', 'WORKASPACE' ) );
#885 = FILL_AREA_STYLE ('',( #570 ) ) ;
#886 = ADVANCED_FACE ( 'NONE', ( #1519 ), #1729, .T. ) ;
#887 = ORIENTED_EDGE ( 'NONE', *, *, #711, .T. ) ;
#888 = DIRECTION ( 'NONE',  ( 1.000000000000000000, 0.0000000000000000000, -0.0000000000000000000 ) ) ;
#889 = SURFACE_STYLE_USAGE ( .BOTH. , #1575 ) ;
#890 = EDGE_LOOP ( 'NONE', ( #1674, #438, #1237, #912, #687, #2021 ) ) ;
#891 = DIRECTION ( 'NONE',  ( 0.9963466490417525190, -4.339483675923922730E-19, 0.08540114134641879629 ) ) ;
#892 = FILL_AREA_STYLE ('',( #149 ) ) ;
#893 = DIRECTION ( 'NONE',  ( 1.000000000000000000, 0.0000000000000000000, 0.0000000000000000000 ) ) ;
#894 =( NAMED_UNIT ( * ) SI_UNIT ( $, .STERADIAN. ) SOLID_ANGLE_UNIT ( ) );
#895 = FILL_AREA_STYLE_COLOUR ( '', #1640 ) ;
#896 = ADVANCED_FACE ( 'NONE', ( #1556 ), #2284, .T. ) ;
#897 = LINE ( 'NONE', #328, #1055 ) ;
#898 = EDGE_CURVE ( 'NONE', #231, #2247, #897, .T. ) ;
#899 = ORIENTED_EDGE ( 'NONE', *, *, #1675, .T. ) ;
#900 = DIRECTION ( 'NONE',  ( 1.000000000000000000, 0.0000000000000000000, -0.0000000000000000000 ) ) ;
#901 = SURFACE_STYLE_USAGE ( .BOTH. , #527 ) ;
#902 = AXIS2_PLACEMENT_3D ( 'NONE', #1393, #2121, #1939 ) ;
#903 = CARTESIAN_POINT ( 'NONE',  ( 0.0000000000000000000, -0.4000000000000000222, 0.002000000000000000042 ) ) ;
#904 = PLANE ( 'NONE',  #2086 ) ;
#905 = PRESENTATION_LAYER_ASSIGNMENT (  '', '', ( #1020 ) ) ;
#906 = UNCERTAINTY_MEASURE_WITH_UNIT (LENGTH_MEASURE( 1.000000000000000082E-05 ), #2057, 'distance_accuracy_value', 'NONE');
#907 = CARTESIAN_POINT ( 'NONE',  ( -0.8000000000000000444, -0.4000000000000000222, 0.0000000000000000000 ) ) ;
#908 = UNCERTAINTY_MEASURE_WITH_UNIT (LENGTH_MEASURE( 1.000000000000000082E-05 ), #2140, 'distance_accuracy_value', 'NONE');
#909 = SURFACE_STYLE_FILL_AREA ( #1805 ) ;
#910 = VECTOR ( 'NONE', #969, 1000.000000000000000 ) ;
#911 = CARTESIAN_POINT ( 'NONE',  ( 0.4000000000000000222, 0.4000000000000000222, 0.0000000000000000000 ) ) ;
#912 = ORIENTED_EDGE ( 'NONE', *, *, #386, .F. ) ;
#913 = ADVANCED_FACE ( 'NONE', ( #121 ), #156, .T. ) ;
#914 = SURFACE_STYLE_FILL_AREA ( #1086 ) ;
#915 = LINE ( 'NONE', #1618, #2009 ) ;
#916 = CARTESIAN_POINT ( 'NONE',  ( -0.2000000000000000111, 0.4000000000000000222, -4.898587196589000156E-17 ) ) ;
#917 = ORIENTED_EDGE ( 'NONE', *, *, #1282, .T. ) ;
#918 = AXIS2_PLACEMENT_3D ( 'NONE', #380, #1104, #569 ) ;
#919 = COLOUR_RGB ( '',0.7803921568627451011, 0.5686274509803921351, 0.1137254901960784298 ) ;
#920 = EDGE_LOOP ( 'NONE', ( #1132, #1221, #2217, #274 ) ) ;
#921 = PRESENTATION_STYLE_ASSIGNMENT (( #513 ) ) ;
#922 = PRESENTATION_STYLE_ASSIGNMENT (( #175 ) ) ;
#923 = EDGE_CURVE ( 'NONE', #1713, #109, #1615, .T. ) ;
#924 =( NAMED_UNIT ( * ) SI_UNIT ( $, .STERADIAN. ) SOLID_ANGLE_UNIT ( ) );
#925 = LINE ( 'NONE', #1850, #350 ) ;
#926 = DIRECTION ( 'NONE',  ( 0.0000000000000000000, 0.0000000000000000000, 1.000000000000000000 ) ) ;
#927 = SHAPE_REPRESENTATION ( 'Pocket002', ( #955 ), #880 ) ;
#928 = UNCERTAINTY_MEASURE_WITH_UNIT (LENGTH_MEASURE( 1.000000000000000082E-05 ), #237, 'distance_accuracy_value', 'NONE');
#929 = EDGE_LOOP ( 'NONE', ( #422, #1833, #467, #184 ) ) ;
#930 = VERTEX_POINT ( 'NONE', #1444 ) ;
#931 =( NAMED_UNIT ( * ) PLANE_ANGLE_UNIT ( ) SI_UNIT ( $, .RADIAN. ) );
#932 = CARTESIAN_POINT ( 'NONE',  ( 0.5000000000000000000, 0.3499999999999999778, 0.2000000000000000111 ) ) ;
#933 = DIRECTION ( 'NONE',  ( 0.0000000000000000000, 0.0000000000000000000, -1.000000000000000000 ) ) ;
#934 = ORIENTED_EDGE ( 'NONE', *, *, #2337, .T. ) ;
#935 = FILL_AREA_STYLE ('',( #189 ) ) ;
#936 = SURFACE_STYLE_USAGE ( .BOTH. , #190 ) ;
#937 = VECTOR ( 'NONE', #1277, 1000.000000000000000 ) ;
#938 =( NAMED_UNIT ( * ) SI_UNIT ( $, .STERADIAN. ) SOLID_ANGLE_UNIT ( ) );
#939 = FACE_OUTER_BOUND ( 'NONE', #2317, .T. ) ;
#940 = PRODUCT_DEFINITION ( 'UNKNOWN', '', #1661, #2132 ) ;
#941 = EDGE_CURVE ( 'NONE', #1612, #747, #1060, .T. ) ;
#942 = AXIS2_PLACEMENT_3D ( 'NONE', #2361, #379, #1079 ) ;
#943 = AXIS2_PLACEMENT_3D ( 'NONE', #773, #2055, #426 ) ;
#944 =( LENGTH_UNIT ( ) NAMED_UNIT ( * ) SI_UNIT ( .MILLI., .METRE. ) );
#945 = EDGE_LOOP ( 'NONE', ( #238, #1002, #338, #31 ) ) ;
#946 = SURFACE_STYLE_USAGE ( .BOTH. , #782 ) ;
#947 = SURFACE_STYLE_USAGE ( .BOTH. , #19 ) ;
#948 = VECTOR ( 'NONE', #2312, 1000.000000000000000 ) ;
#949 = VERTEX_POINT ( 'NONE', #2167 ) ;
#950 = CARTESIAN_POINT ( 'NONE',  ( -0.4000000000000000222, 0.4000000000000000222, 0.0000000000000000000 ) ) ;
#951 = PRESENTATION_STYLE_ASSIGNMENT (( #975 ) ) ;
#952 =( GEOMETRIC_REPRESENTATION_CONTEXT ( 3 ) GLOBAL_UNCERTAINTY_ASSIGNED_CONTEXT ( ( #1279 ) ) GLOBAL_UNIT_ASSIGNED_CONTEXT ( ( #1375, #1364, #1914 ) ) REPRESENTATION_CONTEXT ( 'NONE', 'WORKASPACE' ) );
#953 = EDGE_CURVE ( 'NONE', #1863, #2050, #551, .T. ) ;
#954 = CARTESIAN_POINT ( 'NONE',  ( 0.4715678837576906535, -0.3215678837580002725, 0.5817080228269734254 ) ) ;
#955 = AXIS2_PLACEMENT_3D ( 'NONE', #1854, #219, #788 ) ;
#956 = MECHANICAL_DESIGN_GEOMETRIC_PRESENTATION_REPRESENTATION (  '', ( #367 ), #849 ) ;
#957 = FILL_AREA_STYLE_COLOUR ( '', #1215 ) ;
#958 = ORIENTED_EDGE ( 'NONE', *, *, #323, .F. ) ;
#959 = DIRECTION ( 'NONE',  ( 0.0000000000000000000, 0.0000000000000000000, 1.000000000000000000 ) ) ;
#960 = FILL_AREA_STYLE ('',( #2210 ) ) ;
#961 = VERTEX_POINT ( 'NONE', #703 ) ;
#962 = SURFACE_STYLE_USAGE ( .BOTH. , #1489 ) ;
#963 = SURFACE_STYLE_USAGE ( .BOTH. , #2044 ) ;
#964 = SURFACE_SIDE_STYLE ('',( #1671 ) ) ;
#965 = DIRECTION ( 'NONE',  ( 0.0000000000000000000, -1.000000000000000000, 0.0000000000000000000 ) ) ;
#966 = CARTESIAN_POINT ( 'NONE',  ( 0.4000000000000000222, 0.4000000000000000222, 0.0000000000000000000 ) ) ;
#967 = EDGE_CURVE ( 'NONE', #1013, #2038, #305, .T. ) ;
#968 = VERTEX_POINT ( 'NONE', #1409 ) ;
#969 = DIRECTION ( 'NONE',  ( -1.000000000000000000, -0.0000000000000000000, -0.0000000000000000000 ) ) ;
#970 = SURFACE_STYLE_USAGE ( .BOTH. , #1861 ) ;
#971 = SURFACE_STYLE_FILL_AREA ( #225 ) ;
#972 = CARTESIAN_POINT ( 'NONE',  ( 0.0000000000000000000, 0.0000000000000000000, 0.0000000000000000000 ) ) ;
#973 = ORIENTED_EDGE ( 'NONE', *, *, #1016, .F. ) ;
#974 = PRESENTATION_STYLE_ASSIGNMENT (( #963 ) ) ;
#975 = SURFACE_STYLE_USAGE ( .BOTH. , #964 ) ;
#976 = DIRECTION ( 'NONE',  ( 0.0000000000000000000, -1.000000000000000000, -0.0000000000000000000 ) ) ;
#977 = VECTOR ( 'NONE', #1014, 1000.000000000000000 ) ;
#978 = ORIENTED_EDGE ( 'NONE', *, *, #2293, .T. ) ;
#979 =( LENGTH_UNIT ( ) NAMED_UNIT ( * ) SI_UNIT ( .MILLI., .METRE. ) );
#980 = AXIS2_PLACEMENT_3D ( 'NONE', #756, #1122, #1689 ) ;
#981 = PLANE ( 'NONE',  #980 ) ;
#982 =( LENGTH_UNIT ( ) NAMED_UNIT ( * ) SI_UNIT ( .MILLI., .METRE. ) );
#983 = ADVANCED_FACE ( 'NONE', ( #1249 ), #1598, .F. ) ;
#984 = APPLICATION_PROTOCOL_DEFINITION ( 'draft international standard', 'automotive_design', 1998, #1749 ) ;
#985 = ORIENTED_EDGE ( 'NONE', *, *, #2308, .F. ) ;
#986 = DIRECTION ( 'NONE',  ( 1.000000000000000000, 0.0000000000000000000, 0.0000000000000000000 ) ) ;
#987 = DIRECTION ( 'NONE',  ( 0.0000000000000000000, 0.0000000000000000000, 1.000000000000000000 ) ) ;
#988 = VECTOR ( 'NONE', #1321, 1000.000000000000000 ) ;
#989 = CARTESIAN_POINT ( 'NONE',  ( 0.8000000000000000444, -0.4000000000000000222, 0.0000000000000000000 ) ) ;
#990 = CARTESIAN_POINT ( 'NONE',  ( -0.4000000000000000222, 0.4000000000000000222, 0.0000000000000000000 ) ) ;
#991 = APPLICATION_CONTEXT ( 'automotive_design' ) ;
#992 = CARTESIAN_POINT ( 'NONE',  ( -0.4000000000000000222, -0.4000000000000000222, 0.0000000000000000000 ) ) ;
#993 = CARTESIAN_POINT ( 'NONE',  ( -0.4000000000000000222, 0.4000000000000000222, 0.0000000000000000000 ) ) ;
#994 = VECTOR ( 'NONE', #2069, 1000.000000000000000 ) ;
#995 = COLOUR_RGB ( '',0.7803921568627451011, 0.5686274509803921351, 0.1137254901960784298 ) ;
#996 = ORIENTED_EDGE ( 'NONE', *, *, #191, .T. ) ;
#997 = SURFACE_STYLE_FILL_AREA ( #1011 ) ;
#998 = FACE_OUTER_BOUND ( 'NONE', #1528, .T. ) ;
#999 = AXIS2_PLACEMENT_3D ( 'NONE', #1472, #1691, #200 ) ;
#1000 = PRESENTATION_LAYER_ASSIGNMENT (  '', '', ( #2281 ) ) ;
#1001 = CONTEXT_DEPENDENT_SHAPE_REPRESENTATION ( #1924, #1498 ) ;
#1002 = ORIENTED_EDGE ( 'NONE', *, *, #30, .T. ) ;
#1003 = CIRCLE ( 'NONE', #2003, 0.1999999999999999833 ) ;
#1004 = DIRECTION ( 'NONE',  ( 1.000000000000000000, 0.0000000000000000000, 0.0000000000000000000 ) ) ;
#1005 = ADVANCED_FACE ( 'NONE', ( #698 ), #1076, .F. ) ;
#1006 = SHAPE_REPRESENTATION_RELATIONSHIP ( 'NONE' , 'NONE' ,  #927, #1857 ) ;
#1007 = PRODUCT ( 'Fillet', 'Fillet', '', ( #845 ) ) ;
#1008 = SURFACE_STYLE_USAGE ( .BOTH. , #261 ) ;
#1009 = DIRECTION ( 'NONE',  ( -0.0000000000000000000, -0.0000000000000000000, 1.000000000000000000 ) ) ;
#1010 = ORIENTED_EDGE ( 'NONE', *, *, #1538, .F. ) ;
#1011 = FILL_AREA_STYLE ('',( #820 ) ) ;
#1012 = ITEM_DEFINED_TRANSFORMATION ( 'NONE', 'NONE', #2159,  #955 ) ;
#1013 = VERTEX_POINT ( 'NONE', #1446 ) ;
#1014 = DIRECTION ( 'NONE',  ( -0.0000000000000000000, -0.0000000000000000000, -1.000000000000000000 ) ) ;
#1015 = CARTESIAN_POINT ( 'NONE',  ( -0.4000000000000000222, -0.4000000000000000222, 0.0000000000000000000 ) ) ;
#1016 = EDGE_CURVE ( 'NONE', #2123, #1312, #512, .T. ) ;
#1017 = CARTESIAN_POINT ( 'NONE',  ( -0.5000000000000000000, 0.3499999999999999778, 0.2000000000000000111 ) ) ;
#1018 = LINE ( 'NONE', #464, #1028 ) ;
#1019 =( NAMED_UNIT ( * ) SI_UNIT ( $, .STERADIAN. ) SOLID_ANGLE_UNIT ( ) );
#1020 = STYLED_ITEM ( 'NONE', ( #1089 ), #399 ) ;
#1021 = PRESENTATION_LAYER_ASSIGNMENT (  '', '', ( #1464 ) ) ;
#1022 = PRODUCT_CONTEXT ( 'NONE', #1948, 'mechanical' ) ;
#1023 = ADVANCED_BREP_SHAPE_REPRESENTATION ( '', ( #404, #2194 ), #495 ) ;
#1024 = ORIENTED_EDGE ( 'NONE', *, *, #1031, .T. ) ;
#1025 = CARTESIAN_POINT ( 'NONE',  ( 0.8000000000000000444, 0.0000000000000000000, 0.2000000000000000111 ) ) ;
#1026 = PLANE ( 'NONE',  #493 ) ;
#1027 = FILL_AREA_STYLE ('',( #276 ) ) ;
#1028 = VECTOR ( 'NONE', #99, 1000.000000000000000 ) ;
#1029 =( LENGTH_UNIT ( ) NAMED_UNIT ( * ) SI_UNIT ( .MILLI., .METRE. ) );
#1030 = DIRECTION ( 'NONE',  ( 0.0000000000000000000, -0.0000000000000000000, 1.000000000000000000 ) ) ;
#1031 = EDGE_CURVE ( 'NONE', #2128, #387, #2186, .T. ) ;
#1032 = FACE_OUTER_BOUND ( 'NONE', #1388, .T. ) ;
#1033 = ORIENTED_EDGE ( 'NONE', *, *, #2045, .F. ) ;
#1034 = LINE ( 'NONE', #1211, #977 ) ;
#1035 = MECHANICAL_DESIGN_GEOMETRIC_PRESENTATION_REPRESENTATION (  '', ( #883 ), #1109 ) ;
#1036 = SURFACE_STYLE_USAGE ( .BOTH. , #2292 ) ;
#1037 = VECTOR ( 'NONE', #1240, 1000.000000000000000 ) ;
#1038 = FILL_AREA_STYLE_COLOUR ( '', #757 ) ;
#1039 = FILL_AREA_STYLE_COLOUR ( '', #1777 ) ;
#1040 = PRODUCT_CONTEXT ( 'NONE', #2120, 'mechanical' ) ;
#1041 = ORIENTED_EDGE ( 'NONE', *, *, #1984, .F. ) ;
#1042 = EDGE_CURVE ( 'NONE', #1488, #1703, #2137, .T. ) ;
#1043 = DIRECTION ( 'NONE',  ( -1.000000000000000000, -0.0000000000000000000, -0.0000000000000000000 ) ) ;
#1044 = UNCERTAINTY_MEASURE_WITH_UNIT (LENGTH_MEASURE( 1.000000000000000082E-05 ), #1659, 'distance_accuracy_value', 'NONE');
#1045 = VERTEX_POINT ( 'NONE', #173 ) ;
#1046 = CYLINDRICAL_SURFACE ( 'NONE', #449, 0.1999999999999999833 ) ;
#1047 = ORIENTED_EDGE ( 'NONE', *, *, #1597, .T. ) ;
#1048 = CARTESIAN_POINT ( 'NONE',  ( 0.2000000000000000111, 0.4000000000000000222, -4.898587196589000156E-17 ) ) ;
#1049 = MECHANICAL_DESIGN_GEOMETRIC_PRESENTATION_REPRESENTATION (  '', ( #2258 ), #2331 ) ;
#1050 =( NAMED_UNIT ( * ) PLANE_ANGLE_UNIT ( ) SI_UNIT ( $, .RADIAN. ) );
#1051 = EDGE_CURVE ( 'NONE', #209, #195, #356, .T. ) ;
#1052 = PRESENTATION_LAYER_ASSIGNMENT (  '', '', ( #644 ) ) ;
#1053 = FACE_OUTER_BOUND ( 'NONE', #2008, .T. ) ;
#1054 =( GEOMETRIC_REPRESENTATION_CONTEXT ( 3 ) GLOBAL_UNCERTAINTY_ASSIGNED_CONTEXT ( ( #1868 ) ) GLOBAL_UNIT_ASSIGNED_CONTEXT ( ( #255, #297, #1752 ) ) REPRESENTATION_CONTEXT ( 'NONE', 'WORKASPACE' ) );
#1055 = VECTOR ( 'NONE', #508, 1000.000000000000000 ) ;
#1056 = CYLINDRICAL_SURFACE ( 'NONE', #1594, 0.1999999999999999833 ) ;
#1057 = VERTEX_POINT ( 'NONE', #341 ) ;
#1058 =( GEOMETRIC_REPRESENTATION_CONTEXT ( 3 ) GLOBAL_UNCERTAINTY_ASSIGNED_CONTEXT ( ( #28 ) ) GLOBAL_UNIT_ASSIGNED_CONTEXT ( ( #86, #1527, #1348 ) ) REPRESENTATION_CONTEXT ( 'NONE', 'WORKASPACE' ) );
#1059 =( NAMED_UNIT ( * ) PLANE_ANGLE_UNIT ( ) SI_UNIT ( $, .RADIAN. ) );
#1060 = LINE ( 'NONE', #1942, #11 ) ;
#1061 = ORIENTED_EDGE ( 'NONE', *, *, #1510, .T. ) ;
#1062 = LINE ( 'NONE', #1606, #280 ) ;
#1063 = CARTESIAN_POINT ( 'NONE',  ( -0.4000000000000000222, -0.4000000000000000222, 0.2000000000000000111 ) ) ;
#1064 = PRESENTATION_LAYER_ASSIGNMENT (  '', '', ( #763 ) ) ;
#1065 = COLOUR_RGB ( '',0.7921568627450980005, 0.8196078431372548767, 0.9333333333333333481 ) ;
#1066 = PRESENTATION_LAYER_ASSIGNMENT (  '', '', ( #1554 ) ) ;
#1067 = EDGE_CURVE ( 'NONE', #387, #1605, #1062, .T. ) ;
#1068 = PRODUCT_RELATED_PRODUCT_CATEGORY ( 'part', '', ( #393 ) ) ;
#1069 = CYLINDRICAL_SURFACE ( 'NONE', #170, 0.02000000000000005246 ) ;
#1070 = DIRECTION ( 'NONE',  ( 0.0000000000000000000, -1.000000000000000000, -0.0000000000000000000 ) ) ;
#1071 = ADVANCED_FACE ( 'NONE', ( #1774 ), #307, .F. ) ;
#1072 = PRESENTATION_LAYER_ASSIGNMENT (  '', '', ( #878 ) ) ;
#1073 = UNCERTAINTY_MEASURE_WITH_UNIT (LENGTH_MEASURE( 1.000000000000000082E-05 ), #2126, 'distance_accuracy_value', 'NONE');
#1074 = PLANE ( 'NONE',  #1959 ) ;
#1075 = ORIENTED_EDGE ( 'NONE', *, *, #2325, .T. ) ;
#1076 = PLANE ( 'NONE',  #870 ) ;
#1077 = DIRECTION ( 'NONE',  ( 4.323630019078185612E-19, 1.000000000000000000, -3.705968587780558768E-20 ) ) ;
#1078 = PRESENTATION_STYLE_ASSIGNMENT (( #901 ) ) ;
#1079 = DIRECTION ( 'NONE',  ( 0.0000000000000000000, -1.224646799146999945E-16, -1.000000000000000000 ) ) ;
#1080 = FACE_OUTER_BOUND ( 'NONE', #712, .T. ) ;
#1081 = DIRECTION ( 'NONE',  ( 0.0000000000000000000, -1.000000000000000000, 1.224646799146999945E-16 ) ) ;
#1082 = EDGE_CURVE ( 'NONE', #1717, #1652, #2318, .T. ) ;
#1083 = CARTESIAN_POINT ( 'NONE',  ( -0.8000000000000000444, 0.0000000000000000000, 0.2000000000000000111 ) ) ;
#1084 =( NAMED_UNIT ( * ) PLANE_ANGLE_UNIT ( ) SI_UNIT ( $, .RADIAN. ) );
#1085 = VERTEX_POINT ( 'NONE', #2015 ) ;
#1086 = FILL_AREA_STYLE ('',( #148 ) ) ;
#1087 =( NAMED_UNIT ( * ) PLANE_ANGLE_UNIT ( ) SI_UNIT ( $, .RADIAN. ) );
#1088 = MECHANICAL_DESIGN_GEOMETRIC_PRESENTATION_REPRESENTATION (  '', ( #275 ), #1276 ) ;
#1089 = PRESENTATION_STYLE_ASSIGNMENT (( #345 ) ) ;
#1090 =( LENGTH_UNIT ( ) NAMED_UNIT ( * ) SI_UNIT ( .MILLI., .METRE. ) );
#1091 = STYLED_ITEM ( 'NONE', ( #1905 ), #577 ) ;
#1092 = CARTESIAN_POINT ( 'NONE',  ( -0.4516409507770000054, -0.3200000000000000067, 0.5799999999999999600 ) ) ;
#1093 = VECTOR ( 'NONE', #2360, 1000.000000000000000 ) ;
#1094 = PRESENTATION_STYLE_ASSIGNMENT (( #347 ) ) ;
#1095 = STYLED_ITEM ( 'NONE', ( #1912 ), #1299 ) ;
#1096 = DIRECTION ( 'NONE',  ( 1.000000000000000000, 0.0000000000000000000, 0.0000000000000000000 ) ) ;
#1097 = PRODUCT_DEFINITION ( 'UNKNOWN', '', #2088, #1922 ) ;
#1098 = MECHANICAL_DESIGN_GEOMETRIC_PRESENTATION_REPRESENTATION (  '', ( #1427 ), #1326 ) ;
#1099 = EDGE_LOOP ( 'NONE', ( #641, #2183, #1641, #2075 ) ) ;
#1100 = DIRECTION ( 'NONE',  ( 0.0000000000000000000, -1.000000000000000000, 0.0000000000000000000 ) ) ;
#1101 = CARTESIAN_POINT ( 'NONE',  ( 0.4849999999999999867, 0.3499999999999999778, 0.4249999999999999889 ) ) ;
#1102 = SURFACE_STYLE_FILL_AREA ( #1993 ) ;
#1103 = SURFACE_STYLE_FILL_AREA ( #506 ) ;
#1104 = DIRECTION ( 'NONE',  ( 1.000000000000000000, 0.0000000000000000000, 0.0000000000000000000 ) ) ;
#1105 = MECHANICAL_DESIGN_GEOMETRIC_PRESENTATION_REPRESENTATION (  '', ( #618 ), #1697 ) ;
#1106 = VECTOR ( 'NONE', #1656, 1000.000000000000000 ) ;
#1107 = SURFACE_STYLE_USAGE ( .BOTH. , #749 ) ;
#1108 = DIRECTION ( 'NONE',  ( -1.000000000000000000, 0.0000000000000000000, 0.0000000000000000000 ) ) ;
#1109 =( GEOMETRIC_REPRESENTATION_CONTEXT ( 3 ) GLOBAL_UNCERTAINTY_ASSIGNED_CONTEXT ( ( #363 ) ) GLOBAL_UNIT_ASSIGNED_CONTEXT ( ( #360, #879, #924 ) ) REPRESENTATION_CONTEXT ( 'NONE', 'WORKASPACE' ) );
#1110 = MECHANICAL_DESIGN_GEOMETRIC_PRESENTATION_REPRESENTATION (  '', ( #768 ), #2311 ) ;
#1111 = MECHANICAL_DESIGN_GEOMETRIC_PRESENTATION_REPRESENTATION (  '', ( #878 ), #1552 ) ;
#1112 = PLANE ( 'NONE',  #759 ) ;
#1113 = EDGE_LOOP ( 'NONE', ( #1469, #1983, #1588, #1901 ) ) ;
#1114 = SURFACE_SIDE_STYLE ('',( #1504 ) ) ;
#1115 = LINE ( 'NONE', #1413, #850 ) ;
#1116 = ORIENTED_EDGE ( 'NONE', *, *, #132, .F. ) ;
#1117 = SURFACE_STYLE_FILL_AREA ( #1259 ) ;
#1118 = CARTESIAN_POINT ( 'NONE',  ( 0.2000000000000000111, -0.09999999999999999167, 1.224646799145999725E-17 ) ) ;
#1119 =( NAMED_UNIT ( * ) PLANE_ANGLE_UNIT ( ) SI_UNIT ( $, .RADIAN. ) );
#1120 = EDGE_LOOP ( 'NONE', ( #1441, #1744, #835, #1234 ) ) ;
#1121 = CARTESIAN_POINT ( 'NONE',  ( -0.2000000000000000111, -0.1000000000000000056, 1.224646799146999976E-17 ) ) ;
#1122 = DIRECTION ( 'NONE',  ( 0.0000000000000000000, 0.0000000000000000000, 1.000000000000000000 ) ) ;
#1123 = EDGE_LOOP ( 'NONE', ( #2176, #958, #2065, #1010 ) ) ;
#1124 = EDGE_CURVE ( 'NONE', #1703, #1941, #2192, .T. ) ;
#1125 = VECTOR ( 'NONE', #727, 1000.000000000000000 ) ;
#1126 = PLANE ( 'NONE',  #366 ) ;
#1127 = PRESENTATION_LAYER_ASSIGNMENT (  '', '', ( #1386 ) ) ;
#1128 = COLOUR_RGB ( '',0.0000000000000000000, 0.6666666666666666297, 0.0000000000000000000 ) ;
#1129 =( NAMED_UNIT ( * ) PLANE_ANGLE_UNIT ( ) SI_UNIT ( $, .RADIAN. ) );
#1130 = DIRECTION ( 'NONE',  ( 0.0000000000000000000, -1.224646799146999945E-16, -1.000000000000000000 ) ) ;
#1131 = STYLED_ITEM ( 'NONE', ( #1653 ), #1204 ) ;
#1132 = ORIENTED_EDGE ( 'NONE', *, *, #34, .T. ) ;
#1133 = DIRECTION ( 'NONE',  ( 0.0000000000000000000, 0.0000000000000000000, 1.000000000000000000 ) ) ;
#1134 = CARTESIAN_POINT ( 'NONE',  ( 0.5000000000000000000, -0.3350000000000000200, 0.4249999999999999889 ) ) ;
#1135 = PRODUCT_CONTEXT ( 'NONE', #869, 'mechanical' ) ;
#1136 =( NAMED_UNIT ( * ) SI_UNIT ( $, .STERADIAN. ) SOLID_ANGLE_UNIT ( ) );
#1137 = DIRECTION ( 'NONE',  ( -0.08509140416868289647, -0.08509140416959970477, -0.9927330486455296921 ) ) ;
#1138 = CARTESIAN_POINT ( 'NONE',  ( 0.2000000000000000111, -0.4000000000000000222, -4.898587196589000156E-17 ) ) ;
#1139 = PRODUCT_RELATED_PRODUCT_CATEGORY ( 'part', '', ( #1709 ) ) ;
#1140 = DIRECTION ( 'NONE',  ( 1.000000000000000000, 0.0000000000000000000, 0.0000000000000000000 ) ) ;
#1141 = SURFACE_STYLE_USAGE ( .BOTH. , #2242 ) ;
#1142 = EDGE_CURVE ( 'NONE', #1184, #401, #1179, .T. ) ;
#1143 = DIRECTION ( 'NONE',  ( 0.0000000000000000000, -0.0000000000000000000, 1.000000000000000000 ) ) ;
#1144 = MECHANICAL_DESIGN_GEOMETRIC_PRESENTATION_REPRESENTATION (  '', ( #258 ), #370 ) ;
#1145 = EDGE_LOOP ( 'NONE', ( #201, #1849, #2211, #216 ) ) ;
#1146 = CARTESIAN_POINT ( 'NONE',  ( 0.2000000000000000111, -0.4000000000000000222, 4.898587196586999654E-17 ) ) ;
#1147 = FACE_OUTER_BOUND ( 'NONE', #1099, .T. ) ;
#1148 = ORIENTED_EDGE ( 'NONE', *, *, #923, .F. ) ;
#1149 = PRODUCT_DEFINITION_SHAPE ( 'NONE', 'NONE',  #2364 ) ;
#1150 =( NAMED_UNIT ( * ) PLANE_ANGLE_UNIT ( ) SI_UNIT ( $, .RADIAN. ) );
#1151 = DIRECTION ( 'NONE',  ( 0.0000000000000000000, 0.0000000000000000000, -1.000000000000000000 ) ) ;
#1152 = FACE_OUTER_BOUND ( 'NONE', #489, .T. ) ;
#1153 = PRESENTATION_STYLE_ASSIGNMENT (( #1141 ) ) ;
#1154 = DIRECTION ( 'NONE',  ( 0.0000000000000000000, -1.000000000000000000, -0.0000000000000000000 ) ) ;
#1155 = EDGE_CURVE ( 'NONE', #1169, #949, #210, .T. ) ;
#1156 = ORIENTED_EDGE ( 'NONE', *, *, #549, .F. ) ;
#1157 = FILL_AREA_STYLE_COLOUR ( '', #653 ) ;
#1158 =( LENGTH_UNIT ( ) NAMED_UNIT ( * ) SI_UNIT ( .MILLI., .METRE. ) );
#1159 =( LENGTH_UNIT ( ) NAMED_UNIT ( * ) SI_UNIT ( .MILLI., .METRE. ) );
#1160 =( NAMED_UNIT ( * ) SI_UNIT ( $, .STERADIAN. ) SOLID_ANGLE_UNIT ( ) );
#1161 = EDGE_LOOP ( 'NONE', ( #1210, #64, #2297, #147 ) ) ;
#1162 = CARTESIAN_POINT ( 'NONE',  ( -5.782411586589999921E-19, 0.09999999999999999167, -1.224646799148000227E-17 ) ) ;
#1163 = CARTESIAN_POINT ( 'NONE',  ( 0.0000000000000000000, -0.4000000000000000222, 0.002000000000000000042 ) ) ;
#1164 =( NAMED_UNIT ( * ) SI_UNIT ( $, .STERADIAN. ) SOLID_ANGLE_UNIT ( ) );
#1165 = VECTOR ( 'NONE', #1043, 1000.000000000000000 ) ;
#1166 = UNCERTAINTY_MEASURE_WITH_UNIT (LENGTH_MEASURE( 1.000000000000000082E-05 ), #2112, 'distance_accuracy_value', 'NONE');
#1167 = CARTESIAN_POINT ( 'NONE',  ( 0.2000000000000000111, 0.4000000000000000222, 0.002000000000000000042 ) ) ;
#1168 = COLOUR_RGB ( '',0.7803921568627451011, 0.5686274509803921351, 0.1137254901960784298 ) ;
#1169 = VERTEX_POINT ( 'NONE', #1845 ) ;
#1170 = EDGE_CURVE ( 'NONE', #2179, #1298, #2051, .T. ) ;
#1171 = DIRECTION ( 'NONE',  ( 4.339483675923922730E-19, 0.9963466490417525190, 0.08540114134641879629 ) ) ;
#1172 = VECTOR ( 'NONE', #822, 1000.000000000000000 ) ;
#1173 = CARTESIAN_POINT ( 'NONE',  ( 0.2000000000000000111, 0.4000000000000000222, -4.898587196589000156E-17 ) ) ;
#1174 = CARTESIAN_POINT ( 'NONE',  ( -0.8000000000000000444, 0.4000000000000000222, 0.2000000000000000111 ) ) ;
#1175 = PRESENTATION_LAYER_ASSIGNMENT (  '', '', ( #1391 ) ) ;
#1176 = VERTEX_POINT ( 'NONE', #32 ) ;
#1177 = LINE ( 'NONE', #2261, #1796 ) ;
#1178 = CARTESIAN_POINT ( 'NONE',  ( -0.8000000000000000444, -0.4000000000000000222, 0.2000000000000000111 ) ) ;
#1179 = CIRCLE ( 'NONE', #612, 0.03999999999999999389 ) ;
#1180 =( NAMED_UNIT ( * ) SI_UNIT ( $, .STERADIAN. ) SOLID_ANGLE_UNIT ( ) );
#1181 = CARTESIAN_POINT ( 'NONE',  ( 0.4000000000000000222, -0.4000000000000000222, 0.0000000000000000000 ) ) ;
#1182 = CYLINDRICAL_SURFACE ( 'NONE', #918, 0.02000000000000005246 ) ;
#1183 = VECTOR ( 'NONE', #406, 1000.000000000000000 ) ;
#1184 = VERTEX_POINT ( 'NONE', #1300 ) ;
#1185 = PRESENTATION_STYLE_ASSIGNMENT (( #1218 ) ) ;
#1186 = LINE ( 'NONE', #2273, #1539 ) ;
#1187 = AXIS2_PLACEMENT_3D ( 'NONE', #1832, #2007, #1821 ) ;
#1188 = EDGE_LOOP ( 'NONE', ( #899, #1342, #809, #2191 ) ) ;
#1189 = VECTOR ( 'NONE', #1081, 1000.000000000000000 ) ;
#1190 = CARTESIAN_POINT ( 'NONE',  ( 0.8000000000000000444, -0.4000000000000000222, 0.0000000000000000000 ) ) ;
#1191 = DIRECTION ( 'NONE',  ( -0.0000000000000000000, -0.0000000000000000000, -1.000000000000000000 ) ) ;
#1192 = APPLICATION_CONTEXT ( 'automotive_design' ) ;
#1193 = PRODUCT_RELATED_PRODUCT_CATEGORY ( 'part', '', ( #1834 ) ) ;
#1194 = EDGE_CURVE ( 'NONE', #2168, #1273, #40, .T. ) ;
#1195 =( NAMED_UNIT ( * ) PLANE_ANGLE_UNIT ( ) SI_UNIT ( $, .RADIAN. ) );
#1196 = DIRECTION ( 'NONE',  ( 0.0000000000000000000, 1.000000000000000000, 0.0000000000000000000 ) ) ;
#1197 = DIRECTION ( 'NONE',  ( -0.9963466490417525190, 4.339483675923922730E-19, 0.08540114134641879629 ) ) ;
#1198 = UNCERTAINTY_MEASURE_WITH_UNIT (LENGTH_MEASURE( 1.000000000000000082E-05 ), #2278, 'distance_accuracy_value', 'NONE');
#1199 = FILL_AREA_STYLE ('',( #1373 ) ) ;
#1200 = SURFACE_SIDE_STYLE ('',( #2099 ) ) ;
#1201 = ORIENTED_EDGE ( 'NONE', *, *, #1155, .T. ) ;
#1202 =( NAMED_UNIT ( * ) PLANE_ANGLE_UNIT ( ) SI_UNIT ( $, .RADIAN. ) );
#1203 =( NAMED_UNIT ( * ) SI_UNIT ( $, .STERADIAN. ) SOLID_ANGLE_UNIT ( ) );
#1204 = ADVANCED_FACE ( 'NONE', ( #807 ), #1485, .T. ) ;
#1205 = SURFACE_STYLE_FILL_AREA ( #1216 ) ;
#1206 = MANIFOLD_SOLID_BREP ( 'Imported1', #112 ) ;
#1207 = CARTESIAN_POINT ( 'NONE',  ( 0.2000000000000000111, 0.4000000000000000222, 0.002000000000000000042 ) ) ;
#1208 = PRESENTATION_STYLE_ASSIGNMENT (( #1568 ) ) ;
#1209 = AXIS2_PLACEMENT_3D ( 'NONE', #1025, #2304, #1004 ) ;
#1210 = ORIENTED_EDGE ( 'NONE', *, *, #663, .F. ) ;
#1211 = CARTESIAN_POINT ( 'NONE',  ( -0.8000000000000000444, 0.4000000000000000222, 0.0000000000000000000 ) ) ;
#1212 = CYLINDRICAL_SURFACE ( 'NONE', #1593, 0.02000000000000005246 ) ;
#1213 = SURFACE_SIDE_STYLE ('',( #1371 ) ) ;
#1214 = STYLED_ITEM ( 'NONE', ( #233 ), #1206 ) ;
#1215 = COLOUR_RGB ( '',0.0000000000000000000, 0.6666666666666666297, 0.0000000000000000000 ) ;
#1216 = FILL_AREA_STYLE ('',( #2097 ) ) ;
#1217 = EDGE_CURVE ( 'NONE', #2198, #1085, #1636, .T. ) ;
#1218 = SURFACE_STYLE_USAGE ( .BOTH. , #2283 ) ;
#1219 = CARTESIAN_POINT ( 'NONE',  ( -0.5000000000000000000, 0.3499999999999999778, 0.5999999999999999778 ) ) ;
#1220 = COLOUR_RGB ( '',0.7803921568627451011, 0.5686274509803921351, 0.1137254901960784298 ) ;
#1221 = ORIENTED_EDGE ( 'NONE', *, *, #2228, .T. ) ;
#1222 = DIRECTION ( 'NONE',  ( 1.000000000000000000, 0.0000000000000000000, -0.0000000000000000000 ) ) ;
#1223 =( NAMED_UNIT ( * ) SI_UNIT ( $, .STERADIAN. ) SOLID_ANGLE_UNIT ( ) );
#1224 = STYLED_ITEM ( 'NONE', ( #1078 ), #1742 ) ;
#1225 =( NAMED_UNIT ( * ) PLANE_ANGLE_UNIT ( ) SI_UNIT ( $, .RADIAN. ) );
#1226 = CARTESIAN_POINT ( 'NONE',  ( -0.2000000000000000111, -0.1000000000000000056, 0.002000000000000000042 ) ) ;
#1227 = DIRECTION ( 'NONE',  ( 0.0000000000000000000, -0.0000000000000000000, -1.000000000000000000 ) ) ;
#1228 = ORIENTED_EDGE ( 'NONE', *, *, #2019, .F. ) ;
#1229 = DIRECTION ( 'NONE',  ( 0.0000000000000000000, 0.0000000000000000000, 1.000000000000000000 ) ) ;
#1230 = EDGE_CURVE ( 'NONE', #57, #1732, #283, .T. ) ;
#1231 = EDGE_LOOP ( 'NONE', ( #1670, #268, #1628, #2158 ) ) ;
#1232 =( LENGTH_UNIT ( ) NAMED_UNIT ( * ) SI_UNIT ( .MILLI., .METRE. ) );
#1233 = LINE ( 'NONE', #1535, #680 ) ;
#1234 = ORIENTED_EDGE ( 'NONE', *, *, #1435, .T. ) ;
#1235 = FILL_AREA_STYLE ('',( #1429 ) ) ;
#1236 = VECTOR ( 'NONE', #1609, 1000.000000000000000 ) ;
#1237 = ORIENTED_EDGE ( 'NONE', *, *, #967, .F. ) ;
#1238 = CARTESIAN_POINT ( 'NONE',  ( 0.8000000000000000444, -0.4000000000000000222, 0.2000000000000000111 ) ) ;
#1239 =( GEOMETRIC_REPRESENTATION_CONTEXT ( 3 ) GLOBAL_UNCERTAINTY_ASSIGNED_CONTEXT ( ( #420 ) ) GLOBAL_UNIT_ASSIGNED_CONTEXT ( ( #1369, #2083, #2103 ) ) REPRESENTATION_CONTEXT ( 'NONE', 'WORKASPACE' ) );
#1240 = DIRECTION ( 'NONE',  ( -0.0000000000000000000, 0.0000000000000000000, -1.000000000000000000 ) ) ;
#1241 = VECTOR ( 'NONE', #1590, 1000.000000000000000 ) ;
#1242 = ADVANCED_BREP_SHAPE_REPRESENTATION ( '', ( #1981, #2194 ), #288 ) ;
#1243 = EDGE_CURVE ( 'NONE', #109, #2336, #452, .T. ) ;
#1244 = CARTESIAN_POINT ( 'NONE',  ( 0.4516409507770000054, 0.3016409507769999832, 0.6000000000000000888 ) ) ;
#1245 =( GEOMETRIC_REPRESENTATION_CONTEXT ( 3 ) GLOBAL_UNCERTAINTY_ASSIGNED_CONTEXT ( ( #1468 ) ) GLOBAL_UNIT_ASSIGNED_CONTEXT ( ( #2077, #1714, #1705 ) ) REPRESENTATION_CONTEXT ( 'NONE', 'WORKASPACE' ) );
#1246 = CARTESIAN_POINT ( 'NONE',  ( 0.8000000000000000444, 0.4000000000000000222, 0.0000000000000000000 ) ) ;
#1247 = LINE ( 'NONE', #518, #1877 ) ;
#1248 =( NAMED_UNIT ( * ) SI_UNIT ( $, .STERADIAN. ) SOLID_ANGLE_UNIT ( ) );
#1249 = FACE_OUTER_BOUND ( 'NONE', #548, .T. ) ;
#1250 = ORIENTED_EDGE ( 'NONE', *, *, #1282, .F. ) ;
#1251 = DIRECTION ( 'NONE',  ( 0.0000000000000000000, -1.000000000000000000, 1.224646799146999945E-16 ) ) ;
#1252 =( NAMED_UNIT ( * ) PLANE_ANGLE_UNIT ( ) SI_UNIT ( $, .RADIAN. ) );
#1253 = LINE ( 'NONE', #1275, #732 ) ;
#1254 = VECTOR ( 'NONE', #2036, 1000.000000000000000 ) ;
#1255 = PRESENTATION_LAYER_ASSIGNMENT (  '', '', ( #133 ) ) ;
#1256 = VECTOR ( 'NONE', #1836, 1000.000000000000000 ) ;
#1257 = CARTESIAN_POINT ( 'NONE',  ( -0.8000000000000000444, -0.2000000000000000389, 0.0000000000000000000 ) ) ;
#1258 = EDGE_CURVE ( 'NONE', #2247, #2198, #1018, .T. ) ;
#1259 = FILL_AREA_STYLE ('',( #181 ) ) ;
#1260 = UNCERTAINTY_MEASURE_WITH_UNIT (LENGTH_MEASURE( 1.000000000000000082E-05 ), #2320, 'distance_accuracy_value', 'NONE');
#1261 = CARTESIAN_POINT ( 'NONE',  ( 0.8000000000000000444, 0.2000000000000000111, 0.0000000000000000000 ) ) ;
#1262 = UNCERTAINTY_MEASURE_WITH_UNIT (LENGTH_MEASURE( 1.000000000000000082E-05 ), #979, 'distance_accuracy_value', 'NONE');
#1263 = FILL_AREA_STYLE ('',( #537 ) ) ;
#1264 = EDGE_LOOP ( 'NONE', ( #742, #1368, #1451, #160, #572, #934, #1075 ) ) ;
#1265 = SURFACE_STYLE_USAGE ( .BOTH. , #723 ) ;
#1266 = FILL_AREA_STYLE ('',( #541 ) ) ;
#1267 = DIRECTION ( 'NONE',  ( 0.0000000000000000000, -0.0000000000000000000, 1.000000000000000000 ) ) ;
#1268 = FACE_OUTER_BOUND ( 'NONE', #451, .T. ) ;
#1269 =( NAMED_UNIT ( * ) PLANE_ANGLE_UNIT ( ) SI_UNIT ( $, .RADIAN. ) );
#1270 = ADVANCED_FACE ( 'NONE', ( #1566 ), #1374, .T. ) ;
#1271 = ORIENTED_EDGE ( 'NONE', *, *, #1648, .F. ) ;
#1272 = CARTESIAN_POINT ( 'NONE',  ( -0.8000000000000000444, 0.4000000000000000222, 0.0000000000000000000 ) ) ;
#1273 = VERTEX_POINT ( 'NONE', #658 ) ;
#1274 = DIRECTION ( 'NONE',  ( 0.08540114134641878241, 0.0000000000000000000, -0.9963466490417524080 ) ) ;
#1275 = CARTESIAN_POINT ( 'NONE',  ( 0.4699999999999999734, -0.3016409507769999832, 0.6000000000000000888 ) ) ;
#1276 =( GEOMETRIC_REPRESENTATION_CONTEXT ( 3 ) GLOBAL_UNCERTAINTY_ASSIGNED_CONTEXT ( ( #2153 ) ) GLOBAL_UNIT_ASSIGNED_CONTEXT ( ( #1340, #1660, #2213 ) ) REPRESENTATION_CONTEXT ( 'NONE', 'WORKASPACE' ) );
#1277 = DIRECTION ( 'NONE',  ( -0.0000000000000000000, -0.0000000000000000000, 1.000000000000000000 ) ) ;
#1278 = FILL_AREA_STYLE ('',( #2162 ) ) ;
#1279 = UNCERTAINTY_MEASURE_WITH_UNIT (LENGTH_MEASURE( 1.000000000000000082E-05 ), #1375, 'distance_accuracy_value', 'NONE');
#1280 =( NAMED_UNIT ( * ) SI_UNIT ( $, .STERADIAN. ) SOLID_ANGLE_UNIT ( ) );
#1281 = VECTOR ( 'NONE', #959, 1000.000000000000000 ) ;
#1282 = EDGE_CURVE ( 'NONE', #1410, #2014, #1482, .T. ) ;
#1283 = COLOUR_RGB ( '',0.0000000000000000000, 0.6666666666666666297, 0.0000000000000000000 ) ;
#1284 = ORIENTED_EDGE ( 'NONE', *, *, #1467, .T. ) ;
#1285 = PRESENTATION_STYLE_ASSIGNMENT (( #224 ) ) ;
#1286 = LINE ( 'NONE', #2006, #1037 ) ;
#1287 = PRODUCT_CONTEXT ( 'NONE', #1192, 'mechanical' ) ;
#1288 = ORIENTED_EDGE ( 'NONE', *, *, #144, .T. ) ;
#1289 = SURFACE_STYLE_USAGE ( .BOTH. , #738 ) ;
#1290 = CIRCLE ( 'NONE', #2315, 0.03999999999999999389 ) ;
#1291 = AXIS2_PLACEMENT_3D ( 'NONE', #1092, #1779, #2173 ) ;
#1292 = STYLED_ITEM ( 'NONE', ( #165 ), #1604 ) ;
#1293 = DIRECTION ( 'NONE',  ( -1.000000000000000000, -0.0000000000000000000, -0.0000000000000000000 ) ) ;
#1294 = COLOUR_RGB ( '',0.7921568627450980005, 0.8196078431372548767, 0.9333333333333333481 ) ;
#1295 = COLOUR_RGB ( '',0.8470588235294117530, 0.0000000000000000000, 0.0000000000000000000 ) ;
#1296 = AXIS2_PLACEMENT_3D ( 'NONE', #992, #965, #2215 ) ;
#1297 = SURFACE_STYLE_FILL_AREA ( #2216 ) ;
#1298 = VERTEX_POINT ( 'NONE', #1935 ) ;
#1299 = ADVANCED_FACE ( 'NONE', ( #1032 ), #1343, .T. ) ;
#1300 = CARTESIAN_POINT ( 'NONE',  ( -0.7399999999999999911, -0.2999999999999999889, 0.1799999999999999933 ) ) ;
#1301 = DIRECTION ( 'NONE',  ( 0.0000000000000000000, -1.224646799146999945E-16, -1.000000000000000000 ) ) ;
#1302 = DIRECTION ( 'NONE',  ( 0.0000000000000000000, -1.000000000000000000, -0.0000000000000000000 ) ) ;
#1303 = CARTESIAN_POINT ( 'NONE',  ( 0.0000000000000000000, 0.0000000000000000000, 0.0000000000000000000 ) ) ;
#1304 = ORIENTED_EDGE ( 'NONE', *, *, #857, .F. ) ;
#1305 = FILL_AREA_STYLE ('',( #217 ) ) ;
#1306 = SURFACE_STYLE_FILL_AREA ( #1800 ) ;
#1307 = FILL_AREA_STYLE ('',( #802 ) ) ;
#1308 = VERTEX_POINT ( 'NONE', #249 ) ;
#1309 = DIRECTION ( 'NONE',  ( -1.000000000000000000, 0.0000000000000000000, 0.0000000000000000000 ) ) ;
#1310 = DIRECTION ( 'NONE',  ( 0.0000000000000000000, -0.0000000000000000000, -1.000000000000000000 ) ) ;
#1311 = APPLICATION_PROTOCOL_DEFINITION ( 'draft international standard', 'automotive_design', 1998, #1559 ) ;
#1312 = VERTEX_POINT ( 'NONE', #315 ) ;
#1313 = PRESENTATION_STYLE_ASSIGNMENT (( #402 ) ) ;
#1314 = SURFACE_SIDE_STYLE ('',( #1490 ) ) ;
#1315 = PRODUCT_RELATED_PRODUCT_CATEGORY ( 'part', '', ( #1483 ) ) ;
#1316 = FACE_OUTER_BOUND ( 'NONE', #1145, .T. ) ;
#1317 = FILL_AREA_STYLE_COLOUR ( '', #1383 ) ;
#1318 = PRODUCT_DEFINITION_SHAPE ( 'NONE', 'NONE',  #2367 ) ;
#1319 = VECTOR ( 'NONE', #1077, 1000.000000000000000 ) ;
#1320 = LINE ( 'NONE', #50, #1183 ) ;
#1321 = DIRECTION ( 'NONE',  ( 0.0000000000000000000, -1.000000000000000000, 1.224646799146999945E-16 ) ) ;
#1322 = MECHANICAL_DESIGN_GEOMETRIC_PRESENTATION_REPRESENTATION (  '', ( #2142 ), #354 ) ;
#1323 = MECHANICAL_DESIGN_GEOMETRIC_PRESENTATION_REPRESENTATION (  '', ( #800 ), #445 ) ;
#1324 = ORIENTED_EDGE ( 'NONE', *, *, #1794, .T. ) ;
#1325 = FILL_AREA_STYLE ('',( #2350 ) ) ;
#1326 =( GEOMETRIC_REPRESENTATION_CONTEXT ( 3 ) GLOBAL_UNCERTAINTY_ASSIGNED_CONTEXT ( ( #764 ) ) GLOBAL_UNIT_ASSIGNED_CONTEXT ( ( #2333, #1418, #1248 ) ) REPRESENTATION_CONTEXT ( 'NONE', 'WORKASPACE' ) );
#1327 =( LENGTH_UNIT ( ) NAMED_UNIT ( * ) SI_UNIT ( .MILLI., .METRE. ) );
#1328 = ORIENTED_EDGE ( 'NONE', *, *, #271, .T. ) ;
#1329 = FILL_AREA_STYLE_COLOUR ( '', #134 ) ;
#1330 = ADVANCED_FACE ( 'NONE', ( #2299 ), #1074, .T. ) ;
#1331 = UNCERTAINTY_MEASURE_WITH_UNIT (LENGTH_MEASURE( 1.000000000000000082E-05 ), #2066, 'distance_accuracy_value', 'NONE');
#1332 = MECHANICAL_DESIGN_GEOMETRIC_PRESENTATION_REPRESENTATION (  '', ( #1898 ), #1403 ) ;
#1333 = SURFACE_STYLE_USAGE ( .BOTH. , #392 ) ;
#1334 = STYLED_ITEM ( 'NONE', ( #385 ), #1957 ) ;
#1335 = VERTEX_POINT ( 'NONE', #2155 ) ;
#1336 =( BOUNDED_CURVE ( )  B_SPLINE_CURVE ( 3, ( #2230, #616, #417, #1511 ),
 .UNSPECIFIED., .F., .T. ) 
 B_SPLINE_CURVE_WITH_KNOTS ( ( 4, 4 ),
 ( 4.712388980384689674, 6.197680013498873208 ),
 .UNSPECIFIED. ) 
 CURVE ( )  GEOMETRIC_REPRESENTATION_ITEM ( )  RATIONAL_B_SPLINE_CURVE ( ( 1.000000000000000000, 0.8244547578640665231, 0.8244547578640665231, 1.000000000000000000 ) ) 
 REPRESENTATION_ITEM ( '' )  );
#1337 = DIRECTION ( 'NONE',  ( 1.000000000000000000, 0.0000000000000000000, 0.0000000000000000000 ) ) ;
#1338 = ORIENTED_EDGE ( 'NONE', *, *, #857, .T. ) ;
#1339 = PLANE ( 'NONE',  #943 ) ;
#1340 =( LENGTH_UNIT ( ) NAMED_UNIT ( * ) SI_UNIT ( .MILLI., .METRE. ) );
#1341 = PRESENTATION_STYLE_ASSIGNMENT (( #246 ) ) ;
#1342 = ORIENTED_EDGE ( 'NONE', *, *, #1217, .T. ) ;
#1343 = PLANE ( 'NONE',  #2148 ) ;
#1344 =( LENGTH_UNIT ( ) NAMED_UNIT ( * ) SI_UNIT ( .MILLI., .METRE. ) );
#1345 = SURFACE_SIDE_STYLE ('',( #971 ) ) ;
#1346 = ORIENTED_EDGE ( 'NONE', *, *, #455, .F. ) ;
#1347 = UNCERTAINTY_MEASURE_WITH_UNIT (LENGTH_MEASURE( 1.000000000000000082E-05 ), #1090, 'distance_accuracy_value', 'NONE');
#1348 =( NAMED_UNIT ( * ) SI_UNIT ( $, .STERADIAN. ) SOLID_ANGLE_UNIT ( ) );
#1349 = CIRCLE ( 'NONE', #1497, 0.03999999999999999389 ) ;
#1350 = ORIENTED_EDGE ( 'NONE', *, *, #501, .T. ) ;
#1351 = VECTOR ( 'NONE', #397, 1000.000000000000000 ) ;
#1352 = SURFACE_STYLE_USAGE ( .BOTH. , #1530 ) ;
#1353 = LINE ( 'NONE', #72, #701 ) ;
#1354 = EDGE_CURVE ( 'NONE', #1941, #2359, #691, .T. ) ;
#1355 = VECTOR ( 'NONE', #1096, 1000.000000000000000 ) ;
#1356 = EDGE_LOOP ( 'NONE', ( #821, #2237, #378, #524 ) ) ;
#1357 = CARTESIAN_POINT ( 'NONE',  ( -0.8000000000000000444, 0.4000000000000000222, 0.0000000000000000000 ) ) ;
#1358 = FILL_AREA_STYLE ('',( #1405 ) ) ;
#1359 = CARTESIAN_POINT ( 'NONE',  ( -0.4000000000000000222, 0.4000000000000000222, 0.2000000000000000111 ) ) ;
#1360 = CARTESIAN_POINT ( 'NONE',  ( 0.4000000000000000222, -0.4000000000000000222, 0.0000000000000000000 ) ) ;
#1361 = CARTESIAN_POINT ( 'NONE',  ( -0.8000000000000000444, 0.4000000000000000222, 0.0000000000000000000 ) ) ;
#1362 = COLOUR_RGB ( '',0.8000000000000000444, 0.8000000000000000444, 0.8000000000000000444 ) ;
#1363 = FILL_AREA_STYLE ('',( #1038 ) ) ;
#1364 =( NAMED_UNIT ( * ) PLANE_ANGLE_UNIT ( ) SI_UNIT ( $, .RADIAN. ) );
#1365 = AXIS2_PLACEMENT_3D ( 'NONE', #1303, #1679, #377 ) ;
#1366 = VECTOR ( 'NONE', #1302, 1000.000000000000000 ) ;
#1367 = ADVANCED_FACE ( 'NONE', ( #339 ), #1046, .T. ) ;
#1368 = ORIENTED_EDGE ( 'NONE', *, *, #549, .T. ) ;
#1369 =( LENGTH_UNIT ( ) NAMED_UNIT ( * ) SI_UNIT ( .MILLI., .METRE. ) );
#1370 = FACE_OUTER_BOUND ( 'NONE', #1231, .T. ) ;
#1371 = SURFACE_STYLE_FILL_AREA ( #1358 ) ;
#1372 = UNCERTAINTY_MEASURE_WITH_UNIT (LENGTH_MEASURE( 1.000000000000000082E-05 ), #1232, 'distance_accuracy_value', 'NONE');
#1373 = FILL_AREA_STYLE_COLOUR ( '', #1651 ) ;
#1374 = PLANE ( 'NONE',  #2116 ) ;
#1375 =( LENGTH_UNIT ( ) NAMED_UNIT ( * ) SI_UNIT ( .MILLI., .METRE. ) );
#1376 = ORIENTED_EDGE ( 'NONE', *, *, #1909, .T. ) ;
#1377 = CARTESIAN_POINT ( 'NONE',  ( -1.734723475977000073E-18, 0.1000000000000000056, -1.224646799146999976E-17 ) ) ;
#1378 = ADVANCED_FACE ( 'NONE', ( #720 ), #304, .F. ) ;
#1379 = CARTESIAN_POINT ( 'NONE',  ( -0.6600000000000000311, -0.2999999999999999889, 0.2000000000000000111 ) ) ;
#1380 = EDGE_CURVE ( 'NONE', #949, #1488, #561, .T. ) ;
#1381 = CARTESIAN_POINT ( 'NONE',  ( -0.4000000000000000222, -0.4000000000000000222, 0.0000000000000000000 ) ) ;
#1382 =( LENGTH_UNIT ( ) NAMED_UNIT ( * ) SI_UNIT ( .MILLI., .METRE. ) );
#1383 = COLOUR_RGB ( '',0.7803921568627451011, 0.5686274509803921351, 0.1137254901960784298 ) ;
#1384 =( NAMED_UNIT ( * ) PLANE_ANGLE_UNIT ( ) SI_UNIT ( $, .RADIAN. ) );
#1385 =( NAMED_UNIT ( * ) PLANE_ANGLE_UNIT ( ) SI_UNIT ( $, .RADIAN. ) );
#1386 = STYLED_ITEM ( 'NONE', ( #1313 ), #404 ) ;
#1387 = MECHANICAL_DESIGN_GEOMETRIC_PRESENTATION_REPRESENTATION (  '', ( #314 ), #2267 ) ;
#1388 = EDGE_LOOP ( 'NONE', ( #102, #735, #1817, #1324 ) ) ;
#1389 = SURFACE_STYLE_FILL_AREA ( #2129 ) ;
#1390 = SHAPE_REPRESENTATION ( 'Pad', ( #2194 ), #369 ) ;
#1391 = STYLED_ITEM ( 'NONE', ( #476 ), #896 ) ;
#1392 = PRESENTATION_LAYER_ASSIGNMENT (  '', '', ( #1131 ) ) ;
#1393 = CARTESIAN_POINT ( 'NONE',  ( 0.0000000000000000000, -0.1000000000000000056, 1.224646799146999976E-17 ) ) ;
#1394 = VECTOR ( 'NONE', #1030, 1000.000000000000000 ) ;
#1395 = CARTESIAN_POINT ( 'NONE',  ( 0.4999999999999992784, -0.3499999999999985900, 0.2499999999999997780 ) ) ;
#1396 = EDGE_CURVE ( 'NONE', #355, #1989, #603, .T. ) ;
#1397 = ORIENTED_EDGE ( 'NONE', *, *, #2135, .T. ) ;
#1398 = PRESENTATION_STYLE_ASSIGNMENT (( #889 ) ) ;
#1399 = AXIS2_PLACEMENT_3D ( 'NONE', #1522, #587, #628 ) ;
#1400 = VECTOR ( 'NONE', #987, 1000.000000000000000 ) ;
#1401 = ORIENTED_EDGE ( 'NONE', *, *, #1243, .F. ) ;
#1402 = LINE ( 'NONE', #681, #154 ) ;
#1403 =( GEOMETRIC_REPRESENTATION_CONTEXT ( 3 ) GLOBAL_UNCERTAINTY_ASSIGNED_CONTEXT ( ( #571 ) ) GLOBAL_UNIT_ASSIGNED_CONTEXT ( ( #1327, #583, #1160 ) ) REPRESENTATION_CONTEXT ( 'NONE', 'WORKASPACE' ) );
#1404 =( GEOMETRIC_REPRESENTATION_CONTEXT ( 3 ) GLOBAL_UNCERTAINTY_ASSIGNED_CONTEXT ( ( #337 ) ) GLOBAL_UNIT_ASSIGNED_CONTEXT ( ( #589, #1129, #1747 ) ) REPRESENTATION_CONTEXT ( 'NONE', 'WORKASPACE' ) );
#1405 = FILL_AREA_STYLE_COLOUR ( '', #1065 ) ;
#1406 = FILL_AREA_STYLE_COLOUR ( '', #661 ) ;
#1407 = ORIENTED_EDGE ( 'NONE', *, *, #1632, .T. ) ;
#1408 = EDGE_CURVE ( 'NONE', #1978, #431, #2001, .T. ) ;
#1409 = CARTESIAN_POINT ( 'NONE',  ( 0.2000000000000000111, 0.4000000000000000222, -4.898587196588999540E-17 ) ) ;
#1410 = VERTEX_POINT ( 'NONE', #1869 ) ;
#1411 =( NAMED_UNIT ( * ) PLANE_ANGLE_UNIT ( ) SI_UNIT ( $, .RADIAN. ) );
#1412 = LINE ( 'NONE', #1760, #1319 ) ;
#1413 = CARTESIAN_POINT ( 'NONE',  ( -0.4000000000000000222, -0.4000000000000000222, 0.2000000000000000111 ) ) ;
#1414 =( NAMED_UNIT ( * ) SI_UNIT ( $, .STERADIAN. ) SOLID_ANGLE_UNIT ( ) );
#1415 = LINE ( 'NONE', #1246, #575 ) ;
#1416 = ORIENTED_EDGE ( 'NONE', *, *, #2308, .T. ) ;
#1417 =( REPRESENTATION_RELATIONSHIP ('NONE','NONE', #158, #777 ) REPRESENTATION_RELATIONSHIP_WITH_TRANSFORMATION ( #2093 )SHAPE_REPRESENTATION_RELATIONSHIP( ) );
#1418 =( NAMED_UNIT ( * ) PLANE_ANGLE_UNIT ( ) SI_UNIT ( $, .RADIAN. ) );
#1419 =( LENGTH_UNIT ( ) NAMED_UNIT ( * ) SI_UNIT ( .MILLI., .METRE. ) );
#1420 = ORIENTED_EDGE ( 'NONE', *, *, #967, .T. ) ;
#1421 = ADVANCED_FACE ( 'NONE', ( #2363 ), #1112, .T. ) ;
#1422 = CARTESIAN_POINT ( 'NONE',  ( -0.8000000000000000444, 0.0000000000000000000, 0.2000000000000000111 ) ) ;
#1423 =( GEOMETRIC_REPRESENTATION_CONTEXT ( 3 ) GLOBAL_UNCERTAINTY_ASSIGNED_CONTEXT ( ( #908 ) ) GLOBAL_UNIT_ASSIGNED_CONTEXT ( ( #2140, #707, #1414 ) ) REPRESENTATION_CONTEXT ( 'NONE', 'WORKASPACE' ) );
#1424 = CARTESIAN_POINT ( 'NONE',  ( -0.5000000000000000000, 0.3499999999999999778, 0.2000000000000000111 ) ) ;
#1425 = CARTESIAN_POINT ( 'NONE',  ( -0.8000000000000000444, 0.4000000000000000222, 0.0000000000000000000 ) ) ;
#1426 = FILL_AREA_STYLE ('',( #2184 ) ) ;
#1427 = STYLED_ITEM ( 'NONE', ( #145 ), #1367 ) ;
#1428 = CARTESIAN_POINT ( 'NONE',  ( 0.4706339073361386904, -0.3206339073361386127, 0.5926044144130637736 ) ) ;
#1429 = FILL_AREA_STYLE_COLOUR ( '', #1883 ) ;
#1430 = ORIENTED_EDGE ( 'NONE', *, *, #2293, .F. ) ;
#1431 = DIRECTION ( 'NONE',  ( 1.000000000000000000, 0.0000000000000000000, 0.0000000000000000000 ) ) ;
#1432 = PLANE ( 'NONE',  #2072 ) ;
#1433 = DIRECTION ( 'NONE',  ( -0.0000000000000000000, 1.000000000000000000, 0.0000000000000000000 ) ) ;
#1434 = CIRCLE ( 'NONE', #1657, 0.1999999999999999833 ) ;
#1435 = EDGE_CURVE ( 'NONE', #431, #2245, #1650, .T. ) ;
#1436 = AXIS2_PLACEMENT_3D ( 'NONE', #309, #81, #110 ) ;
#1437 = SURFACE_STYLE_FILL_AREA ( #152 ) ;
#1438 = SURFACE_STYLE_USAGE ( .BOTH. , #500 ) ;
#1439 = LINE ( 'NONE', #1118, #153 ) ;
#1440 = VECTOR ( 'NONE', #20, 1000.000000000000000 ) ;
#1441 = ORIENTED_EDGE ( 'NONE', *, *, #34, .F. ) ;
#1442 = UNCERTAINTY_MEASURE_WITH_UNIT (LENGTH_MEASURE( 1.000000000000000082E-05 ), #1419, 'distance_accuracy_value', 'NONE');
#1443 = DIRECTION ( 'NONE',  ( 1.000000000000000000, 0.0000000000000000000, 0.0000000000000000000 ) ) ;
#1444 = CARTESIAN_POINT ( 'NONE',  ( -0.4000000000000000222, 0.4000000000000000222, 0.0000000000000000000 ) ) ;
#1445 = ORIENTED_EDGE ( 'NONE', *, *, #1840, .T. ) ;
#1446 = CARTESIAN_POINT ( 'NONE',  ( 0.4000000000000000222, 0.4000000000000000222, 0.2000000000000000111 ) ) ;
#1447 = CARTESIAN_POINT ( 'NONE',  ( 0.4715678837576906535, -0.3215678837578453408, 0.5817080228269734254 ) ) ;
#1448 = DIRECTION ( 'NONE',  ( -0.0000000000000000000, 1.000000000000000000, 0.0000000000000000000 ) ) ;
#1449 = PRESENTATION_STYLE_ASSIGNMENT (( #1289 ) ) ;
#1450 = LINE ( 'NONE', #334, #22 ) ;
#1451 = ORIENTED_EDGE ( 'NONE', *, *, #1538, .T. ) ;
#1452 = ADVANCED_FACE ( 'NONE', ( #17 ), #2037, .T. ) ;
#1453 = DIRECTION ( 'NONE',  ( 0.0000000000000000000, -1.000000000000000000, 1.224646799146999945E-16 ) ) ;
#1454 = ORIENTED_EDGE ( 'NONE', *, *, #1243, .T. ) ;
#1455 = CARTESIAN_POINT ( 'NONE',  ( -0.8000000000000000444, -0.4000000000000000222, 0.0000000000000000000 ) ) ;
#1456 = PRESENTATION_STYLE_ASSIGNMENT (( #162 ) ) ;
#1457 = CLOSED_SHELL ( 'NONE', ( #1071, #825, #388, #1572, #177, #1204, #1378, #1976, #740, #1452 ) ) ;
#1458 = VECTOR ( 'NONE', #1718, 1000.000000000000000 ) ;
#1459 =( NAMED_UNIT ( * ) PLANE_ANGLE_UNIT ( ) SI_UNIT ( $, .RADIAN. ) );
#1460 = ORIENTED_EDGE ( 'NONE', *, *, #294, .F. ) ;
#1461 = LINE ( 'NONE', #2354, #937 ) ;
#1462 = CYLINDRICAL_SURFACE ( 'NONE', #2195, 0.03999999999999999389 ) ;
#1463 = APPLICATION_CONTEXT ( 'automotive_design' ) ;
#1464 = STYLED_ITEM ( 'NONE', ( #1456 ), #613 ) ;
#1465 = PRODUCT_DEFINITION_CONTEXT ( 'detailed design', #991, 'design' ) ;
#1466 = ORIENTED_EDGE ( 'NONE', *, *, #470, .T. ) ;
#1467 = EDGE_CURVE ( 'NONE', #961, #75, #1551, .T. ) ;
#1468 = UNCERTAINTY_MEASURE_WITH_UNIT (LENGTH_MEASURE( 1.000000000000000082E-05 ), #2077, 'distance_accuracy_value', 'NONE');
#1469 = ORIENTED_EDGE ( 'NONE', *, *, #42, .F. ) ;
#1470 =( NAMED_UNIT ( * ) SI_UNIT ( $, .STERADIAN. ) SOLID_ANGLE_UNIT ( ) );
#1471 =( NAMED_UNIT ( * ) SI_UNIT ( $, .STERADIAN. ) SOLID_ANGLE_UNIT ( ) );
#1472 = CARTESIAN_POINT ( 'NONE',  ( 0.0000000000000000000, 0.0000000000000000000, 0.0000000000000000000 ) ) ;
#1473 = SURFACE_STYLE_USAGE ( .BOTH. , #760 ) ;
#1474 = SURFACE_STYLE_FILL_AREA ( #688 ) ;
#1475 =( GEOMETRIC_REPRESENTATION_CONTEXT ( 3 ) GLOBAL_UNCERTAINTY_ASSIGNED_CONTEXT ( ( #167 ) ) GLOBAL_UNIT_ASSIGNED_CONTEXT ( ( #1595, #1269, #894 ) ) REPRESENTATION_CONTEXT ( 'NONE', 'WORKASPACE' ) );
#1476 =( GEOMETRIC_REPRESENTATION_CONTEXT ( 3 ) GLOBAL_UNCERTAINTY_ASSIGNED_CONTEXT ( ( #447 ) ) GLOBAL_UNIT_ASSIGNED_CONTEXT ( ( #2124, #2172, #2355 ) ) REPRESENTATION_CONTEXT ( 'NONE', 'WORKASPACE' ) );
#1477 = SURFACE_STYLE_FILL_AREA ( #1307 ) ;
#1478 = DIRECTION ( 'NONE',  ( 0.0000000000000000000, 1.000000000000000000, -0.0000000000000000000 ) ) ;
#1479 = PRODUCT_DEFINITION_FORMATION_WITH_SPECIFIED_SOURCE ( 'ANY', '', #2244, .NOT_KNOWN. ) ;
#1480 = AXIS2_PLACEMENT_3D ( 'NONE', #1360, #697, #1227 ) ;
#1481 = EDGE_CURVE ( 'NONE', #2223, #303, #1900, .T. ) ;
#1482 =( BOUNDED_CURVE ( )  B_SPLINE_CURVE ( 3, ( #107, #2092, #486, #642 ),
 .UNSPECIFIED., .F., .T. ) 
 B_SPLINE_CURVE_WITH_KNOTS ( ( 4, 4 ),
 ( 3.227097947270509248, 4.712388980384689674 ),
 .UNSPECIFIED. ) 
 CURVE ( )  GEOMETRIC_REPRESENTATION_ITEM ( )  RATIONAL_B_SPLINE_CURVE ( ( 1.000000000000000000, 0.8244547578640670782, 0.8244547578640670782, 1.000000000000000000 ) ) 
 REPRESENTATION_ITEM ( '' )  );
#1483 = PRODUCT ( 'Pocket002', 'Pocket002', '', ( #1022 ) ) ;
#1484 = ORIENTED_EDGE ( 'NONE', *, *, #1408, .F. ) ;
#1485 = PLANE ( 'NONE',  #122 ) ;
#1486 = FILL_AREA_STYLE_COLOUR ( '', #1128 ) ;
#1487 = SURFACE_STYLE_USAGE ( .BOTH. , #1345 ) ;
#1488 = VERTEX_POINT ( 'NONE', #1701 ) ;
#1489 = SURFACE_SIDE_STYLE ('',( #2022 ) ) ;
#1490 = SURFACE_STYLE_FILL_AREA ( #2212 ) ;
#1491 = ORIENTED_EDGE ( 'NONE', *, *, #271, .F. ) ;
#1492 = CARTESIAN_POINT ( 'NONE',  ( 0.5000000000000000000, -0.3499999999999999778, 0.2000000000000000111 ) ) ;
#1493 = EDGE_CURVE ( 'NONE', #1298, #1612, #262, .T. ) ;
#1494 = ORIENTED_EDGE ( 'NONE', *, *, #1481, .F. ) ;
#1495 =( LENGTH_UNIT ( ) NAMED_UNIT ( * ) SI_UNIT ( .MILLI., .METRE. ) );
#1496 = COLOUR_RGB ( '',0.7803921568627451011, 0.5686274509803921351, 0.1137254901960784298 ) ;
#1497 = AXIS2_PLACEMENT_3D ( 'NONE', #2341, #882, #893 ) ;
#1498 = PRODUCT_DEFINITION_SHAPE ( 'NONE', 'NONE',  #2366 ) ;
#1499 = PRESENTATION_LAYER_ASSIGNMENT (  '', '', ( #352 ) ) ;
#1500 = LINE ( 'NONE', #954, #2201 ) ;
#1501 = FILL_AREA_STYLE_COLOUR ( '', #2190 ) ;
#1502 = VECTOR ( 'NONE', #842, 1000.000000000000000 ) ;
#1503 = EDGE_LOOP ( 'NONE', ( #2327, #1416, #318, #1420 ) ) ;
#1504 = SURFACE_STYLE_FILL_AREA ( #794 ) ;
#1505 = CARTESIAN_POINT ( 'NONE',  ( 0.4999999999999987232, 0.3499999999999993117, 0.2499999999999997780 ) ) ;
#1506 = PRESENTATION_STYLE_ASSIGNMENT (( #1830 ) ) ;
#1507 = STYLED_ITEM ( 'NONE', ( #29 ), #1452 ) ;
#1508 = EDGE_LOOP ( 'NONE', ( #2117, #1460, #2081, #806 ) ) ;
#1509 = PLANE ( 'NONE',  #1658 ) ;
#1510 = EDGE_CURVE ( 'NONE', #1978, #2054, #2110, .T. ) ;
#1511 = CARTESIAN_POINT ( 'NONE',  ( -0.4715678837578454741, -0.3215678837576906868, 0.5817080228269734254 ) ) ;
#1512 =( GEOMETRIC_REPRESENTATION_CONTEXT ( 3 ) GLOBAL_UNCERTAINTY_ASSIGNED_CONTEXT ( ( #1372 ) ) GLOBAL_UNIT_ASSIGNED_CONTEXT ( ( #1232, #860, #1223 ) ) REPRESENTATION_CONTEXT ( 'NONE', 'WORKASPACE' ) );
#1513 =( LENGTH_UNIT ( ) NAMED_UNIT ( * ) SI_UNIT ( .MILLI., .METRE. ) );
#1514 = UNCERTAINTY_MEASURE_WITH_UNIT (LENGTH_MEASURE( 1.000000000000000082E-05 ), #1622, 'distance_accuracy_value', 'NONE');
#1515 = COLOUR_RGB ( '',0.7921568627450980005, 0.8196078431372548767, 0.9333333333333333481 ) ;
#1516 = MECHANICAL_DESIGN_GEOMETRIC_PRESENTATION_REPRESENTATION (  '', ( #59 ), #1621 ) ;
#1517 = ORIENTED_EDGE ( 'NONE', *, *, #1258, .T. ) ;
#1518 =( NAMED_UNIT ( * ) PLANE_ANGLE_UNIT ( ) SI_UNIT ( $, .RADIAN. ) );
#1519 = FACE_OUTER_BOUND ( 'NONE', #1356, .T. ) ;
#1520 = VERTEX_POINT ( 'NONE', #827 ) ;
#1521 = DIRECTION ( 'NONE',  ( -1.000000000000000000, -0.0000000000000000000, 0.0000000000000000000 ) ) ;
#1522 = CARTESIAN_POINT ( 'NONE',  ( -0.8000000000000000444, 0.0000000000000000000, 0.0000000000000000000 ) ) ;
#1523 = FILL_AREA_STYLE ('',( #813 ) ) ;
#1524 = CARTESIAN_POINT ( 'NONE',  ( -0.5000000000000000000, 0.3215678837576906868, 0.5817080228269734254 ) ) ;
#1525 = DIRECTION ( 'NONE',  ( 0.0000000000000000000, 0.0000000000000000000, -1.000000000000000000 ) ) ;
#1526 = ADVANCED_FACE ( 'NONE', ( #2090, #430 ), #74, .F. ) ;
#1527 =( NAMED_UNIT ( * ) PLANE_ANGLE_UNIT ( ) SI_UNIT ( $, .RADIAN. ) );
#1528 = EDGE_LOOP ( 'NONE', ( #2290, #382, #978, #1201 ) ) ;
#1529 = DIRECTION ( 'NONE',  ( 1.000000000000000000, 0.0000000000000000000, -0.0000000000000000000 ) ) ;
#1530 = SURFACE_SIDE_STYLE ('',( #997 ) ) ;
#1531 = CARTESIAN_POINT ( 'NONE',  ( 0.4000000000000000222, 0.4000000000000000222, 0.0000000000000000000 ) ) ;
#1532 = CLOSED_SHELL ( 'NONE', ( #814, #666, #577, #1957, #1921, #205, #1421, #1270 ) ) ;
#1533 = VERTEX_POINT ( 'NONE', #669 ) ;
#1534 = DIRECTION ( 'NONE',  ( 0.0000000000000000000, 0.0000000000000000000, 1.000000000000000000 ) ) ;
#1535 = CARTESIAN_POINT ( 'NONE',  ( -0.6000000000000000888, 0.0000000000000000000, 0.2000000000000000111 ) ) ;
#1536 = STYLED_ITEM ( 'NONE', ( #951 ), #128 ) ;
#1537 = LINE ( 'NONE', #2150, #260 ) ;
#1538 = EDGE_CURVE ( 'NONE', #930, #1713, #655, .T. ) ;
#1539 = VECTOR ( 'NONE', #670, 1000.000000000000000 ) ;
#1540 = ORIENTED_EDGE ( 'NONE', *, *, #766, .F. ) ;
#1541 = FILL_AREA_STYLE ('',( #1704 ) ) ;
#1542 = PRESENTATION_LAYER_ASSIGNMENT (  '', '', ( #522 ) ) ;
#1543 = COLOUR_RGB ( '',0.0000000000000000000, 0.6666666666666666297, 0.0000000000000000000 ) ;
#1544 = ITEM_DEFINED_TRANSFORMATION ( 'NONE', 'NONE', #1591,  #2194 ) ;
#1545 = ORIENTED_EDGE ( 'NONE', *, *, #232, .T. ) ;
#1546 = DIRECTION ( 'NONE',  ( 0.0000000000000000000, -1.000000000000000000, -0.0000000000000000000 ) ) ;
#1547 = COLOUR_RGB ( '',0.7803921568627451011, 0.5686274509803921351, 0.1137254901960784298 ) ;
#1548 = PRESENTATION_LAYER_ASSIGNMENT (  '', '', ( #206 ) ) ;
#1549 = LINE ( 'NONE', #2280, #1754 ) ;
#1550 = SURFACE_STYLE_USAGE ( .BOTH. , #1582 ) ;
#1551 = LINE ( 'NONE', #993, #2119 ) ;
#1552 =( GEOMETRIC_REPRESENTATION_CONTEXT ( 3 ) GLOBAL_UNCERTAINTY_ASSIGNED_CONTEXT ( ( #474 ) ) GLOBAL_UNIT_ASSIGNED_CONTEXT ( ( #826, #291, #686 ) ) REPRESENTATION_CONTEXT ( 'NONE', 'WORKASPACE' ) );
#1553 = PRESENTATION_LAYER_ASSIGNMENT (  '', '', ( #21 ) ) ;
#1554 = STYLED_ITEM ( 'NONE', ( #2041 ), #1664 ) ;
#1555 =( LENGTH_UNIT ( ) NAMED_UNIT ( * ) SI_UNIT ( .MILLI., .METRE. ) );
#1556 = FACE_OUTER_BOUND ( 'NONE', #226, .T. ) ;
#1557 = SURFACE_STYLE_FILL_AREA ( #285 ) ;
#1558 = COLOUR_RGB ( '',0.7803921568627451011, 0.5686274509803921351, 0.1137254901960784298 ) ;
#1559 = APPLICATION_CONTEXT ( 'automotive_design' ) ;
#1560 = ORIENTED_EDGE ( 'NONE', *, *, #1644, .T. ) ;
#1561 = ADVANCED_FACE ( 'NONE', ( #632 ), #1182, .T. ) ;
#1562 = PRESENTATION_STYLE_ASSIGNMENT (( #469 ) ) ;
#1563 = DIRECTION ( 'NONE',  ( 0.0000000000000000000, 0.0000000000000000000, 1.000000000000000000 ) ) ;
#1564 = PRESENTATION_STYLE_ASSIGNMENT (( #85 ) ) ;
#1565 = UNCERTAINTY_MEASURE_WITH_UNIT (LENGTH_MEASURE( 1.000000000000000082E-05 ), #982, 'distance_accuracy_value', 'NONE');
#1566 = FACE_OUTER_BOUND ( 'NONE', #890, .T. ) ;
#1567 = CARTESIAN_POINT ( 'NONE',  ( 0.2000000000000000111, 0.4000000000000000222, -4.898587196589000156E-17 ) ) ;
#1568 = SURFACE_STYLE_USAGE ( .BOTH. , #91 ) ;
#1569 = APPLICATION_PROTOCOL_DEFINITION ( 'draft international standard', 'automotive_design', 1998, #745 ) ;
#1570 = VERTEX_POINT ( 'NONE', #1996 ) ;
#1571 = CARTESIAN_POINT ( 'NONE',  ( -0.4000000000000000222, 0.4000000000000000222, 0.0000000000000000000 ) ) ;
#1572 = ADVANCED_FACE ( 'NONE', ( #1268 ), #555, .T. ) ;
#1573 = CARTESIAN_POINT ( 'NONE',  ( 0.4516409507770000054, 0.3016409507769999832, 0.6000000000000000888 ) ) ;
#1574 =( BOUNDED_CURVE ( )  B_SPLINE_CURVE ( 3, ( #2268, #272, #1428, #142 ),
 .UNSPECIFIED., .F., .T. ) 
 B_SPLINE_CURVE_WITH_KNOTS ( ( 4, 4 ),
 ( 4.712388980384689674, 6.197680013498867879 ),
 .UNSPECIFIED. ) 
 CURVE ( )  GEOMETRIC_REPRESENTATION_ITEM ( )  RATIONAL_B_SPLINE_CURVE ( ( 1.000000000000000000, 0.8244547578640677443, 0.8244547578640677443, 1.000000000000000000 ) ) 
 REPRESENTATION_ITEM ( '' )  );
#1575 = SURFACE_SIDE_STYLE ('',( #864 ) ) ;
#1576 = AXIS2_PLACEMENT_3D ( 'NONE', #1823, #1876, #986 ) ;
#1577 = ORIENTED_EDGE ( 'NONE', *, *, #372, .T. ) ;
#1578 =( NAMED_UNIT ( * ) SI_UNIT ( $, .STERADIAN. ) SOLID_ANGLE_UNIT ( ) );
#1579 = PRESENTATION_LAYER_ASSIGNMENT (  '', '', ( #1728 ) ) ;
#1580 = PRESENTATION_LAYER_ASSIGNMENT (  '', '', ( #1095 ) ) ;
#1581 = VECTOR ( 'NONE', #1663, 1000.000000000000000 ) ;
#1582 = SURFACE_SIDE_STYLE ('',( #1205 ) ) ;
#1583 = UNCERTAINTY_MEASURE_WITH_UNIT (LENGTH_MEASURE( 1.000000000000000082E-05 ), #1958, 'distance_accuracy_value', 'NONE');
#1584 = ORIENTED_EDGE ( 'NONE', *, *, #663, .T. ) ;
#1585 = VECTOR ( 'NONE', #27, 1000.000000000000000 ) ;
#1586 = FILL_AREA_STYLE_COLOUR ( '', #873 ) ;
#1587 = AXIS2_PLACEMENT_3D ( 'NONE', #545, #728, #1812 ) ;
#1588 = ORIENTED_EDGE ( 'NONE', *, *, #1807, .T. ) ;
#1589 = DIRECTION ( 'NONE',  ( -0.0000000000000000000, -0.0000000000000000000, -1.000000000000000000 ) ) ;
#1590 = DIRECTION ( 'NONE',  ( 0.0000000000000000000, 1.000000000000000000, -0.0000000000000000000 ) ) ;
#1591 = AXIS2_PLACEMENT_3D ( 'NONE', #972, #35, #770 ) ;
#1592 = DIRECTION ( 'NONE',  ( 0.0000000000000000000, 0.0000000000000000000, 1.000000000000000000 ) ) ;
#1593 = AXIS2_PLACEMENT_3D ( 'NONE', #358, #1786, #2351 ) ;
#1594 = AXIS2_PLACEMENT_3D ( 'NONE', #852, #654, #2087 ) ;
#1595 =( LENGTH_UNIT ( ) NAMED_UNIT ( * ) SI_UNIT ( .MILLI., .METRE. ) );
#1596 = ORIENTED_EDGE ( 'NONE', *, *, #1031, .F. ) ;
#1597 = EDGE_CURVE ( 'NONE', #2102, #645, #1450, .T. ) ;
#1598 = PLANE ( 'NONE',  #2270 ) ;
#1599 = VERTEX_POINT ( 'NONE', #2200 ) ;
#1600 = SURFACE_STYLE_FILL_AREA ( #892 ) ;
#1601 = LINE ( 'NONE', #1975, #2238 ) ;
#1602 = FILL_AREA_STYLE ('',( #895 ) ) ;
#1603 = UNCERTAINTY_MEASURE_WITH_UNIT (LENGTH_MEASURE( 1.000000000000000082E-05 ), #2023, 'distance_accuracy_value', 'NONE');
#1604 = ADVANCED_FACE ( 'NONE', ( #106 ), #1462, .T. ) ;
#1605 = VERTEX_POINT ( 'NONE', #1257 ) ;
#1606 = CARTESIAN_POINT ( 'NONE',  ( -0.8000000000000000444, -0.2000000000000000111, 0.0000000000000000000 ) ) ;
#1607 =( GEOMETRIC_REPRESENTATION_CONTEXT ( 3 ) GLOBAL_UNCERTAINTY_ASSIGNED_CONTEXT ( ( #1331 ) ) GLOBAL_UNIT_ASSIGNED_CONTEXT ( ( #2066, #626, #1136 ) ) REPRESENTATION_CONTEXT ( 'NONE', 'WORKASPACE' ) );
#1608 = FACE_OUTER_BOUND ( 'NONE', #394, .T. ) ;
#1609 = DIRECTION ( 'NONE',  ( 1.000000000000000000, 0.0000000000000000000, 0.0000000000000000000 ) ) ;
#1610 = VECTOR ( 'NONE', #1860, 1000.000000000000000 ) ;
#1611 = CARTESIAN_POINT ( 'NONE',  ( 0.4699999999999999734, -0.3016409507769999832, 0.5799999999999999600 ) ) ;
#1612 = VERTEX_POINT ( 'NONE', #1974 ) ;
#1613 = PRESENTATION_LAYER_ASSIGNMENT (  '', '', ( #1961 ) ) ;
#1614 = PRESENTATION_STYLE_ASSIGNMENT (( #155 ) ) ;
#1615 = LINE ( 'NONE', #734, #607 ) ;
#1616 = ORIENTED_EDGE ( 'NONE', *, *, #353, .F. ) ;
#1617 = FILL_AREA_STYLE_COLOUR ( '', #241 ) ;
#1618 = CARTESIAN_POINT ( 'NONE',  ( -0.5000000000000000000, -0.3499999999999999778, 0.2000000000000000111 ) ) ;
#1619 = ADVANCED_FACE ( 'NONE', ( #1080 ), #904, .T. ) ;
#1620 =( NAMED_UNIT ( * ) SI_UNIT ( $, .STERADIAN. ) SOLID_ANGLE_UNIT ( ) );
#1621 =( GEOMETRIC_REPRESENTATION_CONTEXT ( 3 ) GLOBAL_UNCERTAINTY_ASSIGNED_CONTEXT ( ( #521 ) ) GLOBAL_UNIT_ASSIGNED_CONTEXT ( ( #1495, #403, #1852 ) ) REPRESENTATION_CONTEXT ( 'NONE', 'WORKASPACE' ) );
#1622 =( LENGTH_UNIT ( ) NAMED_UNIT ( * ) SI_UNIT ( .MILLI., .METRE. ) );
#1623 =( NAMED_UNIT ( * ) SI_UNIT ( $, .STERADIAN. ) SOLID_ANGLE_UNIT ( ) );
#1624 = PRESENTATION_LAYER_ASSIGNMENT (  '', '', ( #1224 ) ) ;
#1625 = PRESENTATION_STYLE_ASSIGNMENT (( #2362 ) ) ;
#1626 = SURFACE_SIDE_STYLE ('',( #2152 ) ) ;
#1627 = DIRECTION ( 'NONE',  ( -0.0000000000000000000, 1.000000000000000000, 0.0000000000000000000 ) ) ;
#1628 = ORIENTED_EDGE ( 'NONE', *, *, #1856, .F. ) ;
#1629 = PRESENTATION_STYLE_ASSIGNMENT (( #1808 ) ) ;
#1630 = DIRECTION ( 'NONE',  ( -0.0000000000000000000, 1.000000000000000000, 0.0000000000000000000 ) ) ;
#1631 = CARTESIAN_POINT ( 'NONE',  ( 0.4715678837578454741, 0.3215678837576906868, 0.5817080228269734254 ) ) ;
#1632 = EDGE_CURVE ( 'NONE', #1184, #596, #2067, .T. ) ;
#1633 = FACE_OUTER_BOUND ( 'NONE', #1113, .T. ) ;
#1634 =( NAMED_UNIT ( * ) PLANE_ANGLE_UNIT ( ) SI_UNIT ( $, .RADIAN. ) );
#1635 = ORIENTED_EDGE ( 'NONE', *, *, #279, .F. ) ;
#1636 = LINE ( 'NONE', #1146, #1502 ) ;
#1637 = FILL_AREA_STYLE_COLOUR ( '', #2111 ) ;
#1638 =( LENGTH_UNIT ( ) NAMED_UNIT ( * ) SI_UNIT ( .MILLI., .METRE. ) );
#1639 = COLOUR_RGB ( '',0.7803921568627451011, 0.5686274509803921351, 0.1137254901960784298 ) ;
#1640 = COLOUR_RGB ( '',0.8000000000000000444, 0.8000000000000000444, 0.8000000000000000444 ) ;
#1641 = ORIENTED_EDGE ( 'NONE', *, *, #546, .F. ) ;
#1642 = PRODUCT_DEFINITION_SHAPE ( 'NONE', 'NONE',  #2018 ) ;
#1643 = FILL_AREA_STYLE ('',( #2202 ) ) ;
#1644 = EDGE_CURVE ( 'NONE', #1599, #387, #598, .T. ) ;
#1645 = PRESENTATION_LAYER_ASSIGNMENT (  '', '', ( #314 ) ) ;
#1646 =( LENGTH_UNIT ( ) NAMED_UNIT ( * ) SI_UNIT ( .MILLI., .METRE. ) );
#1647 = COLOUR_RGB ( '',0.8470588235294117530, 0.0000000000000000000, 0.0000000000000000000 ) ;
#1648 = EDGE_CURVE ( 'NONE', #2324, #1273, #1864, .T. ) ;
#1649 = UNCERTAINTY_MEASURE_WITH_UNIT (LENGTH_MEASURE( 1.000000000000000082E-05 ), #1158, 'distance_accuracy_value', 'NONE');
#1650 = LINE ( 'NONE', #183, #1581 ) ;
#1651 = COLOUR_RGB ( '',0.8470588235294117530, 0.0000000000000000000, 0.0000000000000000000 ) ;
#1652 = VERTEX_POINT ( 'NONE', #2249 ) ;
#1653 = PRESENTATION_STYLE_ASSIGNMENT (( #946 ) ) ;
#1654 = ORIENTED_EDGE ( 'NONE', *, *, #1408, .T. ) ;
#1655 = VECTOR ( 'NONE', #862, 1000.000000000000000 ) ;
#1656 = DIRECTION ( 'NONE',  ( 0.0000000000000000000, -1.224646799146999945E-16, -1.000000000000000000 ) ) ;
#1657 = AXIS2_PLACEMENT_3D ( 'NONE', #2322, #708, #1803 ) ;
#1658 = AXIS2_PLACEMENT_3D ( 'NONE', #950, #627, #1694 ) ;
#1659 =( LENGTH_UNIT ( ) NAMED_UNIT ( * ) SI_UNIT ( .MILLI., .METRE. ) );
#1660 =( NAMED_UNIT ( * ) PLANE_ANGLE_UNIT ( ) SI_UNIT ( $, .RADIAN. ) );
#1661 = PRODUCT_DEFINITION_FORMATION_WITH_SPECIFIED_SOURCE ( 'ANY', '', #1483, .NOT_KNOWN. ) ;
#1662 = VECTOR ( 'NONE', #186, 1000.000000000000114 ) ;
#1663 = DIRECTION ( 'NONE',  ( -1.000000000000000000, -0.0000000000000000000, 0.0000000000000000000 ) ) ;
#1664 = ADVANCED_FACE ( 'NONE', ( #218 ), #1509, .T. ) ;
#1665 = EDGE_LOOP ( 'NONE', ( #1061, #1041, #1304, #1376 ) ) ;
#1666 = CARTESIAN_POINT ( 'NONE',  ( -0.5000000000000000000, 0.3499999999999999778, 0.2000000000000000111 ) ) ;
#1667 = LINE ( 'NONE', #620, #795 ) ;
#1668 = LINE ( 'NONE', #411, #1440 ) ;
#1669 = CARTESIAN_POINT ( 'NONE',  ( 0.0000000000000000000, 0.0000000000000000000, 0.0000000000000000000 ) ) ;
#1670 = ORIENTED_EDGE ( 'NONE', *, *, #1493, .F. ) ;
#1671 = SURFACE_STYLE_FILL_AREA ( #228 ) ;
#1672 = CARTESIAN_POINT ( 'NONE',  ( 0.4715678837578454741, 0.3215678837576906868, 0.5817080228269734254 ) ) ;
#1673 = UNCERTAINTY_MEASURE_WITH_UNIT (LENGTH_MEASURE( 1.000000000000000082E-05 ), #1646, 'distance_accuracy_value', 'NONE');
#1674 = ORIENTED_EDGE ( 'NONE', *, *, #2002, .T. ) ;
#1675 = EDGE_CURVE ( 'NONE', #306, #2198, #2239, .T. ) ;
#1676 = CARTESIAN_POINT ( 'NONE',  ( 0.8000000000000000444, -0.2000000000000000111, 0.2000000000000000111 ) ) ;
#1677 = PRESENTATION_STYLE_ASSIGNMENT (( #970 ) ) ;
#1678 = PLANE ( 'NONE',  #2352 ) ;
#1679 = DIRECTION ( 'NONE',  ( 0.0000000000000000000, 0.0000000000000000000, 1.000000000000000000 ) ) ;
#1680 = ORIENTED_EDGE ( 'NONE', *, *, #208, .F. ) ;
#1681 =( NAMED_UNIT ( * ) SI_UNIT ( $, .STERADIAN. ) SOLID_ANGLE_UNIT ( ) );
#1682 =( NAMED_UNIT ( * ) SI_UNIT ( $, .STERADIAN. ) SOLID_ANGLE_UNIT ( ) );
#1683 = DIRECTION ( 'NONE',  ( 0.0000000000000000000, 0.0000000000000000000, -1.000000000000000000 ) ) ;
#1684 = VECTOR ( 'NONE', #384, 1000.000000000000000 ) ;
#1685 = CARTESIAN_POINT ( 'NONE',  ( 0.4000000000000000222, -0.4000000000000000222, 0.2000000000000000111 ) ) ;
#1686 =( NAMED_UNIT ( * ) PLANE_ANGLE_UNIT ( ) SI_UNIT ( $, .RADIAN. ) );
#1687 = MECHANICAL_DESIGN_GEOMETRIC_PRESENTATION_REPRESENTATION (  '', ( #1762 ), #2033 ) ;
#1688 = ORIENTED_EDGE ( 'NONE', *, *, #1258, .F. ) ;
#1689 = DIRECTION ( 'NONE',  ( 1.000000000000000000, 0.0000000000000000000, -0.0000000000000000000 ) ) ;
#1690 = PRESENTATION_LAYER_ASSIGNMENT (  '', '', ( #361 ) ) ;
#1691 = DIRECTION ( 'NONE',  ( 0.0000000000000000000, 0.0000000000000000000, 1.000000000000000000 ) ) ;
#1692 = ORIENTED_EDGE ( 'NONE', *, *, #766, .T. ) ;
#1693 = FACE_OUTER_BOUND ( 'NONE', #371, .T. ) ;
#1694 = DIRECTION ( 'NONE',  ( 0.0000000000000000000, -0.0000000000000000000, 1.000000000000000000 ) ) ;
#1695 = ADVANCED_FACE ( 'NONE', ( #637 ), #774, .T. ) ;
#1696 = PRESENTATION_LAYER_ASSIGNMENT (  '', '', ( #364 ) ) ;
#1697 =( GEOMETRIC_REPRESENTATION_CONTEXT ( 3 ) GLOBAL_UNCERTAINTY_ASSIGNED_CONTEXT ( ( #906 ) ) GLOBAL_UNIT_ASSIGNED_CONTEXT ( ( #2057, #83, #837 ) ) REPRESENTATION_CONTEXT ( 'NONE', 'WORKASPACE' ) );
#1698 = FILL_AREA_STYLE ('',( #2073 ) ) ;
#1699 = UNCERTAINTY_MEASURE_WITH_UNIT (LENGTH_MEASURE( 1.000000000000000082E-05 ), #1759, 'distance_accuracy_value', 'NONE');
#1700 = PRESENTATION_LAYER_ASSIGNMENT (  '', '', ( #1898 ) ) ;
#1701 = CARTESIAN_POINT ( 'NONE',  ( 0.8000000000000000444, -0.4000000000000000222, 0.2000000000000000111 ) ) ;
#1702 =( GEOMETRIC_REPRESENTATION_CONTEXT ( 3 ) GLOBAL_UNCERTAINTY_ASSIGNED_CONTEXT ( ( #1940 ) ) GLOBAL_UNIT_ASSIGNED_CONTEXT ( ( #497, #677, #114 ) ) REPRESENTATION_CONTEXT ( 'NONE', 'WORKASPACE' ) );
#1703 = VERTEX_POINT ( 'NONE', #1917 ) ;
#1704 = FILL_AREA_STYLE_COLOUR ( '', #12 ) ;
#1705 =( NAMED_UNIT ( * ) SI_UNIT ( $, .STERADIAN. ) SOLID_ANGLE_UNIT ( ) );
#1706 = CARTESIAN_POINT ( 'NONE',  ( -0.4516409507770000054, 0.3016409507769999832, 0.6000000000000000888 ) ) ;
#1707 = APPLICATION_PROTOCOL_DEFINITION ( 'draft international standard', 'automotive_design', 1998, #1948 ) ;
#1708 = EDGE_LOOP ( 'NONE', ( #1822, #1806, #1047, #1397 ) ) ;
#1709 = PRODUCT ( 'User Library-LED_0603_R', 'User Library-LED_0603_R', '', ( #595 ) ) ;
#1710 = LINE ( 'NONE', #69, #1172 ) ;
#1711 = EDGE_CURVE ( 'NONE', #109, #1335, #257, .T. ) ;
#1712 = PLANE ( 'NONE',  #1296 ) ;
#1713 = VERTEX_POINT ( 'NONE', #1357 ) ;
#1714 =( NAMED_UNIT ( * ) PLANE_ANGLE_UNIT ( ) SI_UNIT ( $, .RADIAN. ) );
#1715 = PRESENTATION_STYLE_ASSIGNMENT (( #2285 ) ) ;
#1716 = APPLICATION_PROTOCOL_DEFINITION ( 'draft international standard', 'automotive_design', 1998, #2120 ) ;
#1717 = VERTEX_POINT ( 'NONE', #1015 ) ;
#1718 = DIRECTION ( 'NONE',  ( 0.0000000000000000000, 0.0000000000000000000, 1.000000000000000000 ) ) ;
#1719 = AXIS2_PLACEMENT_3D ( 'NONE', #1763, #824, #1563 ) ;
#1720 = ADVANCED_FACE ( 'NONE', ( #1370 ), #1026, .T. ) ;
#1721 = SURFACE_SIDE_STYLE ('',( #1738 ) ) ;
#1722 = COLOUR_RGB ( '',0.7803921568627451011, 0.5686274509803921351, 0.1137254901960784298 ) ;
#1723 = UNCERTAINTY_MEASURE_WITH_UNIT (LENGTH_MEASURE( 1.000000000000000082E-05 ), #1902, 'distance_accuracy_value', 'NONE');
#1724 = MECHANICAL_DESIGN_GEOMETRIC_PRESENTATION_REPRESENTATION (  '', ( #717 ), #396 ) ;
#1725 = PRODUCT_DEFINITION ( 'UNKNOWN', '', #2347, #517 ) ;
#1726 = ADVANCED_FACE ( 'NONE', ( #867 ), #1212, .T. ) ;
#1727 = CARTESIAN_POINT ( 'NONE',  ( 0.4000000000000000222, 0.4000000000000000222, 0.2000000000000000111 ) ) ;
#1728 = STYLED_ITEM ( 'NONE', ( #161 ), #1005 ) ;
#1729 = PLANE ( 'NONE',  #685 ) ;
#1730 = LINE ( 'NONE', #101, #1964 ) ;
#1731 = MECHANICAL_DESIGN_GEOMETRIC_PRESENTATION_REPRESENTATION (  '', ( #1131 ), #1802 ) ;
#1732 = VERTEX_POINT ( 'NONE', #140 ) ;
#1733 = DIRECTION ( 'NONE',  ( 0.0000000000000000000, -1.000000000000000000, -0.0000000000000000000 ) ) ;
#1734 = FILL_AREA_STYLE_COLOUR ( '', #731 ) ;
#1735 =( GEOMETRIC_REPRESENTATION_CONTEXT ( 3 ) GLOBAL_UNCERTAINTY_ASSIGNED_CONTEXT ( ( #2254 ) ) GLOBAL_UNIT_ASSIGNED_CONTEXT ( ( #1382, #1686, #2243 ) ) REPRESENTATION_CONTEXT ( 'NONE', 'WORKASPACE' ) );
#1736 = SURFACE_STYLE_FILL_AREA ( #1027 ) ;
#1737 =( NAMED_UNIT ( * ) SI_UNIT ( $, .STERADIAN. ) SOLID_ANGLE_UNIT ( ) );
#1738 = SURFACE_STYLE_FILL_AREA ( #2107 ) ;
#1739 = SURFACE_STYLE_FILL_AREA ( #1199 ) ;
#1740 = VECTOR ( 'NONE', #1137, 1000.000000000000114 ) ;
#1741 = CARTESIAN_POINT ( 'NONE',  ( -1.734723475977000073E-18, 0.4000000000000000222, -4.898587196589000156E-17 ) ) ;
#1742 = ADVANCED_FACE ( 'NONE', ( #563 ), #1797, .F. ) ;
#1743 =( GEOMETRIC_REPRESENTATION_CONTEXT ( 3 ) GLOBAL_UNCERTAINTY_ASSIGNED_CONTEXT ( ( #1748 ) ) GLOBAL_UNIT_ASSIGNED_CONTEXT ( ( #2160, #1087, #332 ) ) REPRESENTATION_CONTEXT ( 'NONE', 'WORKASPACE' ) );
#1744 = ORIENTED_EDGE ( 'NONE', *, *, #781, .F. ) ;
#1745 = LINE ( 'NONE', #1190, #236 ) ;
#1746 = FILL_AREA_STYLE ('',( #1734 ) ) ;
#1747 =( NAMED_UNIT ( * ) SI_UNIT ( $, .STERADIAN. ) SOLID_ANGLE_UNIT ( ) );
#1748 = UNCERTAINTY_MEASURE_WITH_UNIT (LENGTH_MEASURE( 1.000000000000000082E-05 ), #2160, 'distance_accuracy_value', 'NONE');
#1749 = APPLICATION_CONTEXT ( 'automotive_design' ) ;
#1750 = CARTESIAN_POINT ( 'NONE',  ( 0.8000000000000000444, 0.0000000000000000000, 0.2000000000000000111 ) ) ;
#1751 = ORIENTED_EDGE ( 'NONE', *, *, #2163, .F. ) ;
#1752 =( NAMED_UNIT ( * ) SI_UNIT ( $, .STERADIAN. ) SOLID_ANGLE_UNIT ( ) );
#1753 = EDGE_LOOP ( 'NONE', ( #562, #793, #1328, #2286 ) ) ;
#1754 = VECTOR ( 'NONE', #2104, 1000.000000000000114 ) ;
#1755 = SURFACE_STYLE_FILL_AREA ( #1769 ) ;
#1756 =( GEOMETRIC_REPRESENTATION_CONTEXT ( 3 ) GLOBAL_UNCERTAINTY_ASSIGNED_CONTEXT ( ( #1514 ) ) GLOBAL_UNIT_ASSIGNED_CONTEXT ( ( #1622, #362, #748 ) ) REPRESENTATION_CONTEXT ( 'NONE', 'WORKASPACE' ) );
#1757 = MECHANICAL_DESIGN_GEOMETRIC_PRESENTATION_REPRESENTATION (  '', ( #1464 ), #1925 ) ;
#1758 = ORIENTED_EDGE ( 'NONE', *, *, #630, .T. ) ;
#1759 =( LENGTH_UNIT ( ) NAMED_UNIT ( * ) SI_UNIT ( .MILLI., .METRE. ) );
#1760 = CARTESIAN_POINT ( 'NONE',  ( -0.4715678837576906535, -0.3499999999999999778, 0.5817080228269734254 ) ) ;
#1761 = CARTESIAN_POINT ( 'NONE',  ( -0.8000000000000000444, 0.0000000000000000000, 0.0000000000000000000 ) ) ;
#1762 = STYLED_ITEM ( 'NONE', ( #1398 ), #983 ) ;
#1763 = CARTESIAN_POINT ( 'NONE',  ( 0.4000000000000000222, -0.4000000000000000222, 0.0000000000000000000 ) ) ;
#1764 = PRODUCT_RELATED_PRODUCT_CATEGORY ( 'part', '', ( #2244 ) ) ;
#1765 = EDGE_CURVE ( 'NONE', #1308, #1599, #1115, .T. ) ;
#1766 = CARTESIAN_POINT ( 'NONE',  ( 0.5000000000000000000, 0.3499999999999999778, 0.2000000000000000111 ) ) ;
#1767 = ORIENTED_EDGE ( 'NONE', *, *, #1067, .F. ) ;
#1768 = AXIS2_PLACEMENT_3D ( 'NONE', #1741, #2289, #2115 ) ;
#1769 = FILL_AREA_STYLE ('',( #1586 ) ) ;
#1770 = DIRECTION ( 'NONE',  ( 1.000000000000000000, 0.0000000000000000000, 0.0000000000000000000 ) ) ;
#1771 = PRESENTATION_LAYER_ASSIGNMENT (  '', '', ( #534 ) ) ;
#1772 =( GEOMETRIC_REPRESENTATION_CONTEXT ( 3 ) GLOBAL_UNCERTAINTY_ASSIGNED_CONTEXT ( ( #1603 ) ) GLOBAL_UNIT_ASSIGNED_CONTEXT ( ( #2023, #2056, #1682 ) ) REPRESENTATION_CONTEXT ( 'NONE', 'WORKASPACE' ) );
#1773 = ORIENTED_EDGE ( 'NONE', *, *, #2002, .F. ) ;
#1774 = FACE_OUTER_BOUND ( 'NONE', #662, .T. ) ;
#1775 = PRODUCT_DEFINITION_FORMATION_WITH_SPECIFIED_SOURCE ( 'ANY', '', #393, .NOT_KNOWN. ) ;
#1776 =( NAMED_UNIT ( * ) SI_UNIT ( $, .STERADIAN. ) SOLID_ANGLE_UNIT ( ) );
#1777 = COLOUR_RGB ( '',0.0000000000000000000, 0.6666666666666666297, 0.0000000000000000000 ) ;
#1778 = LINE ( 'NONE', #322, #1125 ) ;
#1779 = DIRECTION ( 'NONE',  ( 0.0000000000000000000, 1.000000000000000000, 0.0000000000000000000 ) ) ;
#1780 = EDGE_CURVE ( 'NONE', #747, #2179, #1286, .T. ) ;
#1781 = FACE_OUTER_BOUND ( 'NONE', #1161, .T. ) ;
#1782 =( NAMED_UNIT ( * ) SI_UNIT ( $, .STERADIAN. ) SOLID_ANGLE_UNIT ( ) );
#1783 = ORIENTED_EDGE ( 'NONE', *, *, #42, .T. ) ;
#1784 = SURFACE_SIDE_STYLE ('',( #2338 ) ) ;
#1785 = DIRECTION ( 'NONE',  ( 1.000000000000000000, 0.0000000000000000000, -0.0000000000000000000 ) ) ;
#1786 = DIRECTION ( 'NONE',  ( 0.0000000000000000000, -1.000000000000000000, 0.0000000000000000000 ) ) ;
#1787 = FILL_AREA_STYLE_COLOUR ( '', #2222 ) ;
#1788 =( NAMED_UNIT ( * ) PLANE_ANGLE_UNIT ( ) SI_UNIT ( $, .RADIAN. ) );
#1789 = CARTESIAN_POINT ( 'NONE',  ( 0.2000000000000000111, 0.4000000000000000222, 0.002000000000000000042 ) ) ;
#1790 = LINE ( 'NONE', #324, #435 ) ;
#1791 = UNCERTAINTY_MEASURE_WITH_UNIT (LENGTH_MEASURE( 1.000000000000000082E-05 ), #308, 'distance_accuracy_value', 'NONE');
#1792 = SURFACE_SIDE_STYLE ('',( #1986 ) ) ;
#1793 = CARTESIAN_POINT ( 'NONE',  ( 0.5000000000000000000, -0.3499999999999999778, 0.2000000000000000111 ) ) ;
#1794 = EDGE_CURVE ( 'NONE', #2102, #747, #2139, .T. ) ;
#1795 = ORIENTED_EDGE ( 'NONE', *, *, #1194, .F. ) ;
#1796 = VECTOR ( 'NONE', #1546, 1000.000000000000000 ) ;
#1797 = PLANE ( 'NONE',  #2241 ) ;
#1798 =( NAMED_UNIT ( * ) PLANE_ANGLE_UNIT ( ) SI_UNIT ( $, .RADIAN. ) );
#1799 = DIRECTION ( 'NONE',  ( 0.0000000000000000000, 1.000000000000000000, -0.0000000000000000000 ) ) ;
#1800 = FILL_AREA_STYLE ('',( #346 ) ) ;
#1801 = AXIS2_PLACEMENT_3D ( 'NONE', #911, #538, #1952 ) ;
#1802 =( GEOMETRIC_REPRESENTATION_CONTEXT ( 3 ) GLOBAL_UNCERTAINTY_ASSIGNED_CONTEXT ( ( #816 ) ) GLOBAL_UNIT_ASSIGNED_CONTEXT ( ( #223, #2005, #2218 ) ) REPRESENTATION_CONTEXT ( 'NONE', 'WORKASPACE' ) );
#1803 = DIRECTION ( 'NONE',  ( 1.000000000000000000, 0.0000000000000000000, 0.0000000000000000000 ) ) ;
#1804 = VECTOR ( 'NONE', #2282, 1000.000000000000000 ) ;
#1805 = FILL_AREA_STYLE ('',( #2166 ) ) ;
#1806 = ORIENTED_EDGE ( 'NONE', *, *, #1794, .F. ) ;
#1807 = EDGE_CURVE ( 'NONE', #195, #1057, #1253, .T. ) ;
#1808 = SURFACE_STYLE_USAGE ( .BOTH. , #1784 ) ;
#1809 = SURFACE_SIDE_STYLE ('',( #1102 ) ) ;
#1810 = PRESENTATION_LAYER_ASSIGNMENT (  '', '', ( #618 ) ) ;
#1811 = COLOUR_RGB ( '',0.8470588235294117530, 0.0000000000000000000, 0.0000000000000000000 ) ;
#1812 = DIRECTION ( 'NONE',  ( 0.0000000000000000000, 0.0000000000000000000, 1.000000000000000000 ) ) ;
#1813 = VECTOR ( 'NONE', #1873, 1000.000000000000000 ) ;
#1814 = UNCERTAINTY_MEASURE_WITH_UNIT (LENGTH_MEASURE( 1.000000000000000082E-05 ), #458, 'distance_accuracy_value', 'NONE');
#1815 = DIRECTION ( 'NONE',  ( 0.0000000000000000000, 0.0000000000000000000, 1.000000000000000000 ) ) ;
#1816 = CARTESIAN_POINT ( 'NONE',  ( -0.4000000000000000222, 0.4000000000000000222, 0.0000000000000000000 ) ) ;
#1817 = ORIENTED_EDGE ( 'NONE', *, *, #2045, .T. ) ;
#1818 =( LENGTH_UNIT ( ) NAMED_UNIT ( * ) SI_UNIT ( .MILLI., .METRE. ) );
#1819 = FACE_OUTER_BOUND ( 'NONE', #1875, .T. ) ;
#1820 = APPLICATION_CONTEXT ( 'automotive_design' ) ;
#1821 = DIRECTION ( 'NONE',  ( 1.000000000000000000, 0.0000000000000000000, 0.0000000000000000000 ) ) ;
#1822 = ORIENTED_EDGE ( 'NONE', *, *, #483, .F. ) ;
#1823 = CARTESIAN_POINT ( 'NONE',  ( 0.8000000000000000444, 0.0000000000000000000, 0.0000000000000000000 ) ) ;
#1824 = PRESENTATION_STYLE_ASSIGNMENT (( #192 ) ) ;
#1825 = DIRECTION ( 'NONE',  ( -1.000000000000000000, 4.323630019078185612E-19, -3.705968587780558768E-20 ) ) ;
#1826 =( NAMED_UNIT ( * ) SI_UNIT ( $, .STERADIAN. ) SOLID_ANGLE_UNIT ( ) );
#1827 = ORIENTED_EDGE ( 'NONE', *, *, #639, .F. ) ;
#1828 = CARTESIAN_POINT ( 'NONE',  ( -0.4000000000000000222, -0.4000000000000000222, 0.0000000000000000000 ) ) ;
#1829 = SURFACE_STYLE_FILL_AREA ( #4 ) ;
#1830 = SURFACE_STYLE_USAGE ( .BOTH. , #1847 ) ;
#1831 = AXIS2_PLACEMENT_3D ( 'NONE', #907, #1108, #1815 ) ;
#1832 = CARTESIAN_POINT ( 'NONE',  ( 0.0000000000000000000, 0.0000000000000000000, 0.0000000000000000000 ) ) ;
#1833 = ORIENTED_EDGE ( 'NONE', *, *, #1170, .T. ) ;
#1834 = PRODUCT ( 'Pad004', 'Pad004', '', ( #1040 ) ) ;
#1835 = SURFACE_STYLE_FILL_AREA ( #227 ) ;
#1836 = DIRECTION ( 'NONE',  ( 0.0000000000000000000, 1.000000000000000000, -0.0000000000000000000 ) ) ;
#1837 = VECTOR ( 'NONE', #1913, 1000.000000000000000 ) ;
#1838 = CARTESIAN_POINT ( 'NONE',  ( -0.8000000000000000444, 0.4000000000000000222, 0.0000000000000000000 ) ) ;
#1839 =( GEOMETRIC_REPRESENTATION_CONTEXT ( 3 ) GLOBAL_UNCERTAINTY_ASSIGNED_CONTEXT ( ( #574 ) ) GLOBAL_UNIT_ASSIGNED_CONTEXT ( ( #2301, #1084, #2156 ) ) REPRESENTATION_CONTEXT ( 'NONE', 'WORKASPACE' ) );
#1840 = EDGE_CURVE ( 'NONE', #1312, #2179, #343, .T. ) ;
#1841 = VECTOR ( 'NONE', #2, 1000.000000000000000 ) ;
#1842 = UNCERTAINTY_MEASURE_WITH_UNIT (LENGTH_MEASURE( 1.000000000000000082E-05 ), #741, 'distance_accuracy_value', 'NONE');
#1843 = DIRECTION ( 'NONE',  ( 0.0000000000000000000, -1.224646799146999945E-16, -1.000000000000000000 ) ) ;
#1844 = ORIENTED_EDGE ( 'NONE', *, *, #405, .F. ) ;
#1845 = CARTESIAN_POINT ( 'NONE',  ( 0.8000000000000000444, -0.2000000000000000389, 0.0000000000000000000 ) ) ;
#1846 = SURFACE_STYLE_FILL_AREA ( #1325 ) ;
#1847 = SURFACE_SIDE_STYLE ('',( #1887 ) ) ;
#1848 = APPLICATION_PROTOCOL_DEFINITION ( 'draft international standard', 'automotive_design', 1998, #1463 ) ;
#1849 = ORIENTED_EDGE ( 'NONE', *, *, #657, .T. ) ;
#1850 = CARTESIAN_POINT ( 'NONE',  ( 0.2000000000000000111, 0.4000000000000000222, -4.898587196589000156E-17 ) ) ;
#1851 = VECTOR ( 'NONE', #976, 1000.000000000000000 ) ;
#1852 =( NAMED_UNIT ( * ) SI_UNIT ( $, .STERADIAN. ) SOLID_ANGLE_UNIT ( ) );
#1853 = MECHANICAL_DESIGN_GEOMETRIC_PRESENTATION_REPRESENTATION (  '', ( #21 ), #408 ) ;
#1854 = CARTESIAN_POINT ( 'NONE',  ( 0.0000000000000000000, 0.0000000000000000000, 0.0000000000000000000 ) ) ;
#1855 =( NAMED_UNIT ( * ) SI_UNIT ( $, .STERADIAN. ) SOLID_ANGLE_UNIT ( ) );
#1856 = EDGE_CURVE ( 'NONE', #1273, #2123, #915, .T. ) ;
#1857 = MANIFOLD_SURFACE_SHAPE_REPRESENTATION ( '', ( #301, #955 ), #880 ) ;
#1858 = SURFACE_SIDE_STYLE ('',( #230 ) ) ;
#1859 = ORIENTED_EDGE ( 'NONE', *, *, #711, .F. ) ;
#1860 = DIRECTION ( 'NONE',  ( 1.000000000000000000, 0.0000000000000000000, -0.0000000000000000000 ) ) ;
#1861 = SURFACE_SIDE_STYLE ('',( #2027 ) ) ;
#1862 = APPLICATION_PROTOCOL_DEFINITION ( 'draft international standard', 'automotive_design', 1998, #2358 ) ;
#1863 = VERTEX_POINT ( 'NONE', #375 ) ;
#1864 = LINE ( 'NONE', #2262, #1740 ) ;
#1865 =( NAMED_UNIT ( * ) SI_UNIT ( $, .STERADIAN. ) SOLID_ANGLE_UNIT ( ) );
#1866 = PRESENTATION_STYLE_ASSIGNMENT (( #2251 ) ) ;
#1867 = CARTESIAN_POINT ( 'NONE',  ( 0.4000000000000000222, 0.4000000000000000222, 0.0000000000000000000 ) ) ;
#1868 = UNCERTAINTY_MEASURE_WITH_UNIT (LENGTH_MEASURE( 1.000000000000000082E-05 ), #255, 'distance_accuracy_value', 'NONE');
#1869 = CARTESIAN_POINT ( 'NONE',  ( -0.4715678837578453075, 0.3215678837576905758, 0.5817080228269734254 ) ) ;
#1870 = ORIENTED_EDGE ( 'NONE', *, *, #1016, .T. ) ;
#1871 = PRESENTATION_STYLE_ASSIGNMENT (( #947 ) ) ;
#1872 = PRODUCT_RELATED_PRODUCT_CATEGORY ( 'part', '', ( #1007 ) ) ;
#1873 = DIRECTION ( 'NONE',  ( -1.000000000000000000, -0.0000000000000000000, 0.0000000000000000000 ) ) ;
#1874 = SURFACE_STYLE_FILL_AREA ( #623 ) ;
#1875 = EDGE_LOOP ( 'NONE', ( #1795, #673, #1783, #2061 ) ) ;
#1876 = DIRECTION ( 'NONE',  ( -0.0000000000000000000, -0.0000000000000000000, -1.000000000000000000 ) ) ;
#1877 = VECTOR ( 'NONE', #193, 1000.000000000000000 ) ;
#1878 = CARTESIAN_POINT ( 'NONE',  ( 0.8000000000000000444, 0.4000000000000000222, 0.0000000000000000000 ) ) ;
#1879 = FACE_OUTER_BOUND ( 'NONE', #945, .T. ) ;
#1880 = VECTOR ( 'NONE', #847, 1000.000000000000000 ) ;
#1881 = PRODUCT_DEFINITION_SHAPE ( 'NONE', 'NONE',  #2368 ) ;
#1882 = FILL_AREA_STYLE_COLOUR ( '', #690 ) ;
#1883 = COLOUR_RGB ( '',0.8000000000000000444, 0.8000000000000000444, 0.8000000000000000444 ) ;
#1884 = EDGE_LOOP ( 'NONE', ( #1250, #769, #1116, #1545 ) ) ;
#1885 = DIRECTION ( 'NONE',  ( 0.0000000000000000000, -0.08540114134641878241, 0.9963466490417524080 ) ) ;
#1886 = SURFACE_SIDE_STYLE ('',( #2100 ) ) ;
#1887 = SURFACE_STYLE_FILL_AREA ( #960 ) ;
#1888 = STYLED_ITEM ( 'NONE', ( #753 ), #1421 ) ;
#1889 = ADVANCED_FACE ( 'NONE', ( #1819 ), #744, .T. ) ;
#1890 = ORIENTED_EDGE ( 'NONE', *, *, #2325, .F. ) ;
#1891 = SURFACE_SIDE_STYLE ('',( #1389 ) ) ;
#1892 = SURFACE_SIDE_STYLE ('',( #440 ) ) ;
#1893 =( NAMED_UNIT ( * ) SI_UNIT ( $, .STERADIAN. ) SOLID_ANGLE_UNIT ( ) );
#1894 = SURFACE_STYLE_FILL_AREA ( #1523 ) ;
#1895 =( GEOMETRIC_REPRESENTATION_CONTEXT ( 3 ) GLOBAL_UNCERTAINTY_ASSIGNED_CONTEXT ( ( #2296 ) ) GLOBAL_UNIT_ASSIGNED_CONTEXT ( ( #389, #442, #938 ) ) REPRESENTATION_CONTEXT ( 'NONE', 'WORKASPACE' ) );
#1896 = COLOUR_RGB ( '',0.0000000000000000000, 0.6666666666666666297, 0.0000000000000000000 ) ;
#1897 = CARTESIAN_POINT ( 'NONE',  ( -0.6000000000000000888, 0.0000000000000000000, 0.2000000000000000111 ) ) ;
#1898 = STYLED_ITEM ( 'NONE', ( #2196 ), #2000 ) ;
#1899 = PRESENTATION_LAYER_ASSIGNMENT (  '', '', ( #1334 ) ) ;
#1900 = LINE ( 'NONE', #1167, #1804 ) ;
#1901 = ORIENTED_EDGE ( 'NONE', *, *, #132, .T. ) ;
#1902 =( LENGTH_UNIT ( ) NAMED_UNIT ( * ) SI_UNIT ( .MILLI., .METRE. ) );
#1903 = APPLICATION_PROTOCOL_DEFINITION ( 'draft international standard', 'automotive_design', 1998, #991 ) ;
#1904 = ORIENTED_EDGE ( 'NONE', *, *, #353, .T. ) ;
#1905 = PRESENTATION_STYLE_ASSIGNMENT (( #2118 ) ) ;
#1906 = EDGE_CURVE ( 'NONE', #1533, #1520, #1668, .T. ) ;
#1907 = DIRECTION ( 'NONE',  ( 1.000000000000000000, 0.0000000000000000000, 0.0000000000000000000 ) ) ;
#1908 =( LENGTH_UNIT ( ) NAMED_UNIT ( * ) SI_UNIT ( .MILLI., .METRE. ) );
#1909 = EDGE_CURVE ( 'NONE', #968, #1978, #234, .T. ) ;
#1910 = CARTESIAN_POINT ( 'NONE',  ( 0.0000000000000000000, -0.4000000000000000222, 4.898587196586999654E-17 ) ) ;
#1911 = PRESENTATION_STYLE_ASSIGNMENT (( #51 ) ) ;
#1912 = PRESENTATION_STYLE_ASSIGNMENT (( #89 ) ) ;
#1913 = DIRECTION ( 'NONE',  ( -0.0000000000000000000, -0.0000000000000000000, 1.000000000000000000 ) ) ;
#1914 =( NAMED_UNIT ( * ) SI_UNIT ( $, .STERADIAN. ) SOLID_ANGLE_UNIT ( ) );
#1915 = CONTEXT_DEPENDENT_SHAPE_REPRESENTATION ( #450, #1149 ) ;
#1916 = VERTEX_POINT ( 'NONE', #796 ) ;
#1917 = CARTESIAN_POINT ( 'NONE',  ( 0.4000000000000000222, -0.4000000000000000222, 0.2000000000000000111 ) ) ;
#1918 = CARTESIAN_POINT ( 'NONE',  ( 0.0000000000000000000, 0.0000000000000000000, 0.0000000000000000000 ) ) ;
#1919 = CARTESIAN_POINT ( 'NONE',  ( 0.4516409507770000054, -0.3016409507769999832, 0.6000000000000000888 ) ) ;
#1920 = STYLED_ITEM ( 'NONE', ( #2024 ), #177 ) ;
#1921 = ADVANCED_FACE ( 'NONE', ( #1147 ), #1678, .T. ) ;
#1922 = PRODUCT_DEFINITION_CONTEXT ( 'detailed design', #2358, 'design' ) ;
#1923 = SURFACE_SIDE_STYLE ('',( #1932 ) ) ;
#1924 =( REPRESENTATION_RELATIONSHIP ('NONE','NONE', #158, #344 ) REPRESENTATION_RELATIONSHIP_WITH_TRANSFORMATION ( #67 )SHAPE_REPRESENTATION_RELATIONSHIP( ) );
#1925 =( GEOMETRIC_REPRESENTATION_CONTEXT ( 3 ) GLOBAL_UNCERTAINTY_ASSIGNED_CONTEXT ( ( #550 ) ) GLOBAL_UNIT_ASSIGNED_CONTEXT ( ( #736, #1252, #2147 ) ) REPRESENTATION_CONTEXT ( 'NONE', 'WORKASPACE' ) );
#1926 =( NAMED_UNIT ( * ) PLANE_ANGLE_UNIT ( ) SI_UNIT ( $, .RADIAN. ) );
#1927 = COLOUR_RGB ( '',0.7803921568627451011, 0.5686274509803921351, 0.1137254901960784298 ) ;
#1928 = EDGE_LOOP ( 'NONE', ( #1350, #2206, #510, #1654 ) ) ;
#1929 = FACE_OUTER_BOUND ( 'NONE', #2309, .T. ) ;
#1930 = FILL_AREA_STYLE_COLOUR ( '', #1811 ) ;
#1931 = PRESENTATION_LAYER_ASSIGNMENT (  '', '', ( #1888 ) ) ;
#1932 = SURFACE_STYLE_FILL_AREA ( #2269 ) ;
#1933 = MECHANICAL_DESIGN_GEOMETRIC_PRESENTATION_REPRESENTATION (  '', ( #534 ), #256 ) ;
#1934 = STYLED_ITEM ( 'NONE', ( #726 ), #1023 ) ;
#1935 = CARTESIAN_POINT ( 'NONE',  ( -0.5000000000000000000, 0.3499999999999999778, 0.2000000000000000111 ) ) ;
#1936 = SURFACE_SIDE_STYLE ('',( #1557 ) ) ;
#1937 = ORIENTED_EDGE ( 'NONE', *, *, #1780, .F. ) ;
#1938 = PRESENTATION_STYLE_ASSIGNMENT (( #1036 ) ) ;
#1939 = DIRECTION ( 'NONE',  ( 0.0000000000000000000, -1.224646799146999945E-16, -1.000000000000000000 ) ) ;
#1940 = UNCERTAINTY_MEASURE_WITH_UNIT (LENGTH_MEASURE( 1.000000000000000082E-05 ), #497, 'distance_accuracy_value', 'NONE');
#1941 = VERTEX_POINT ( 'NONE', #251 ) ;
#1942 = CARTESIAN_POINT ( 'NONE',  ( -0.5000000000000000000, 0.3499999999999999778, 0.2500000000000000000 ) ) ;
#1943 = ORIENTED_EDGE ( 'NONE', *, *, #953, .T. ) ;
#1944 = EDGE_CURVE ( 'NONE', #961, #1717, #2028, .T. ) ;
#1945 = SURFACE_SIDE_STYLE ('',( #914 ) ) ;
#1946 =( LENGTH_UNIT ( ) NAMED_UNIT ( * ) SI_UNIT ( .MILLI., .METRE. ) );
#1947 = FILL_AREA_STYLE_COLOUR ( '', #1515 ) ;
#1948 = APPLICATION_CONTEXT ( 'automotive_design' ) ;
#1949 = VERTEX_POINT ( 'NONE', #1174 ) ;
#1950 = VECTOR ( 'NONE', #179, 1000.000000000000000 ) ;
#1951 = AXIS2_PLACEMENT_3D ( 'NONE', #25, #2034, #1140 ) ;
#1952 = DIRECTION ( 'NONE',  ( 0.0000000000000000000, 0.0000000000000000000, -1.000000000000000000 ) ) ;
#1953 = ORIENTED_EDGE ( 'NONE', *, *, #1194, .T. ) ;
#1954 = DIRECTION ( 'NONE',  ( -1.000000000000000000, -0.0000000000000000000, -0.0000000000000000000 ) ) ;
#1955 =( NAMED_UNIT ( * ) PLANE_ANGLE_UNIT ( ) SI_UNIT ( $, .RADIAN. ) );
#1956 = STYLED_ITEM ( 'NONE', ( #1965 ), #913 ) ;
#1957 = ADVANCED_FACE ( 'NONE', ( #998 ), #55, .T. ) ;
#1958 =( LENGTH_UNIT ( ) NAMED_UNIT ( * ) SI_UNIT ( .MILLI., .METRE. ) );
#1959 = AXIS2_PLACEMENT_3D ( 'NONE', #1272, #1229, #888 ) ;
#1960 = CARTESIAN_POINT ( 'NONE',  ( 0.2000000000000000111, -0.4000000000000000222, 0.002000000000000000042 ) ) ;
#1961 = STYLED_ITEM ( 'NONE', ( #1614 ), #1378 ) ;
#1962 = CARTESIAN_POINT ( 'NONE',  ( -1.734723475977000073E-18, 0.4000000000000000222, 0.002000000000000000042 ) ) ;
#1963 = UNCERTAINTY_MEASURE_WITH_UNIT (LENGTH_MEASURE( 1.000000000000000082E-05 ), #1344, 'distance_accuracy_value', 'NONE');
#1964 = VECTOR ( 'NONE', #266, 1000.000000000000000 ) ;
#1965 = PRESENTATION_STYLE_ASSIGNMENT (( #721 ) ) ;
#1966 = COLOUR_RGB ( '',0.8470588235294117530, 0.0000000000000000000, 0.0000000000000000000 ) ;
#1967 = PRESENTATION_LAYER_ASSIGNMENT (  '', '', ( #59 ) ) ;
#1968 = ORIENTED_EDGE ( 'NONE', *, *, #111, .T. ) ;
#1969 = FILL_AREA_STYLE ('',( #139 ) ) ;
#1970 = LINE ( 'NONE', #331, #1093 ) ;
#1971 = PRODUCT_DEFINITION_CONTEXT ( 'detailed design', #1559, 'design' ) ;
#1972 = STYLED_ITEM ( 'NONE', ( #1506 ), #1921 ) ;
#1973 = PLANE ( 'NONE',  #942 ) ;
#1974 = CARTESIAN_POINT ( 'NONE',  ( -0.4999999999999985012, 0.3499999999999998113, 0.2499999999999997780 ) ) ;
#1975 = CARTESIAN_POINT ( 'NONE',  ( 0.4000000000000000222, 0.4000000000000000222, 0.0000000000000000000 ) ) ;
#1976 = ADVANCED_FACE ( 'NONE', ( #477 ), #2078, .F. ) ;
#1977 = SURFACE_STYLE_FILL_AREA ( #1235 ) ;
#1978 = VERTEX_POINT ( 'NONE', #671 ) ;
#1979 = SHAPE_REPRESENTATION_RELATIONSHIP ( 'NONE' , 'NONE' ,  #777, #1023 ) ;
#1980 = SURFACE_SIDE_STYLE ('',( #1437 ) ) ;
#1981 = MANIFOLD_SOLID_BREP ( 'Imported1', #2214 ) ;
#1982 =( NAMED_UNIT ( * ) PLANE_ANGLE_UNIT ( ) SI_UNIT ( $, .RADIAN. ) );
#1983 = ORIENTED_EDGE ( 'NONE', *, *, #2207, .F. ) ;
#1984 = EDGE_CURVE ( 'NONE', #2223, #2054, #1730, .T. ) ;
#1985 = UNCERTAINTY_MEASURE_WITH_UNIT (LENGTH_MEASURE( 1.000000000000000082E-05 ), #855, 'distance_accuracy_value', 'NONE');
#1986 = SURFACE_STYLE_FILL_AREA ( #1263 ) ;
#1987 = CARTESIAN_POINT ( 'NONE',  ( 0.4000000000000000222, 0.4000000000000000222, 0.2000000000000000111 ) ) ;
#1988 = PRESENTATION_LAYER_ASSIGNMENT (  '', '', ( #2220 ) ) ;
#1989 = VERTEX_POINT ( 'NONE', #488 ) ;
#1990 = DIRECTION ( 'NONE',  ( 0.0000000000000000000, 0.0000000000000000000, 1.000000000000000000 ) ) ;
#1991 = MECHANICAL_DESIGN_GEOMETRIC_PRESENTATION_REPRESENTATION (  '', ( #644 ), #868 ) ;
#1992 = LINE ( 'NONE', #342, #278 ) ;
#1993 = FILL_AREA_STYLE ('',( #553 ) ) ;
#1994 = COLOUR_RGB ( '',0.0000000000000000000, 0.6666666666666666297, 0.0000000000000000000 ) ;
#1995 = SURFACE_STYLE_USAGE ( .BOTH. , #851 ) ;
#1996 = CARTESIAN_POINT ( 'NONE',  ( -0.4000000000000000222, -0.4000000000000000222, 0.2000000000000000111 ) ) ;
#1997 = AXIS2_PLACEMENT_3D ( 'NONE', #1793, #874, #146 ) ;
#1998 = STYLED_ITEM ( 'NONE', ( #135 ), #1330 ) ;
#1999 = MECHANICAL_DESIGN_GEOMETRIC_PRESENTATION_REPRESENTATION (  '', ( #361 ), #1058 ) ;
#2000 = ADVANCED_BREP_SHAPE_REPRESENTATION ( '', ( #1206, #2194 ), #369 ) ;
#2001 = LINE ( 'NONE', #368, #988 ) ;
#2002 = EDGE_CURVE ( 'NONE', #949, #1916, #1003, .T. ) ;
#2003 = AXIS2_PLACEMENT_3D ( 'NONE', #1750, #108, #856 ) ;
#2004 = ORIENTED_EDGE ( 'NONE', *, *, #1354, .F. ) ;
#2005 =( NAMED_UNIT ( * ) PLANE_ANGLE_UNIT ( ) SI_UNIT ( $, .RADIAN. ) );
#2006 = CARTESIAN_POINT ( 'NONE',  ( 0.5000000000000000000, 0.3499999999999999778, 0.2000000000000000111 ) ) ;
#2007 = DIRECTION ( 'NONE',  ( 0.0000000000000000000, 0.0000000000000000000, 1.000000000000000000 ) ) ;
#2008 = EDGE_LOOP ( 'NONE', ( #865, #709, #2133, #584 ) ) ;
#2009 = VECTOR ( 'NONE', #2171, 1000.000000000000000 ) ;
#2010 = COLOUR_RGB ( '',0.8470588235294117530, 0.0000000000000000000, 0.0000000000000000000 ) ;
#2011 = CYLINDRICAL_SURFACE ( 'NONE', #1291, 0.02000000000000005246 ) ;
#2012 = LINE ( 'NONE', #718, #866 ) ;
#2013 = UNCERTAINTY_MEASURE_WITH_UNIT (LENGTH_MEASURE( 1.000000000000000082E-05 ), #1818, 'distance_accuracy_value', 'NONE');
#2014 = VERTEX_POINT ( 'NONE', #1706 ) ;
#2015 = CARTESIAN_POINT ( 'NONE',  ( 0.2000000000000000111, -0.4000000000000000222, 4.898587196586999654E-17 ) ) ;
#2016 = LINE ( 'NONE', #1492, #1684 ) ;
#2017 = FILL_AREA_STYLE_COLOUR ( '', #1558 ) ;
#2018 = PRODUCT_DEFINITION ( 'UNKNOWN', '', #1479, #2109 ) ;
#2019 = EDGE_CURVE ( 'NONE', #456, #1941, #66, .T. ) ;
#2020 =( NAMED_UNIT ( * ) SI_UNIT ( $, .STERADIAN. ) SOLID_ANGLE_UNIT ( ) );
#2021 = ORIENTED_EDGE ( 'NONE', *, *, #1380, .F. ) ;
#2022 = SURFACE_STYLE_FILL_AREA ( #1305 ) ;
#2023 =( LENGTH_UNIT ( ) NAMED_UNIT ( * ) SI_UNIT ( .MILLI., .METRE. ) );
#2024 = PRESENTATION_STYLE_ASSIGNMENT (( #2203 ) ) ;
#2025 = ORIENTED_EDGE ( 'NONE', *, *, #2082, .T. ) ;
#2026 = SURFACE_STYLE_FILL_AREA ( #606 ) ;
#2027 = SURFACE_STYLE_FILL_AREA ( #2209 ) ;
#2028 = LINE ( 'NONE', #33, #1366 ) ;
#2029 = APPLICATION_PROTOCOL_DEFINITION ( 'draft international standard', 'automotive_design', 1998, #869 ) ;
#2030 = FILL_AREA_STYLE_COLOUR ( '', #1722 ) ;
#2031 = SURFACE_STYLE_USAGE ( .BOTH. , #1314 ) ;
#2032 = EDGE_CURVE ( 'NONE', #2014, #209, #1353, .T. ) ;
#2033 =( GEOMETRIC_REPRESENTATION_CONTEXT ( 3 ) GLOBAL_UNCERTAINTY_ASSIGNED_CONTEXT ( ( #1442 ) ) GLOBAL_UNIT_ASSIGNED_CONTEXT ( ( #1419, #503, #792 ) ) REPRESENTATION_CONTEXT ( 'NONE', 'WORKASPACE' ) );
#2034 = DIRECTION ( 'NONE',  ( 0.0000000000000000000, 0.0000000000000000000, 1.000000000000000000 ) ) ;
#2035 = PRESENTATION_LAYER_ASSIGNMENT (  '', '', ( #1427 ) ) ;
#2036 = DIRECTION ( 'NONE',  ( 1.000000000000000000, -4.323630019078185612E-19, -3.705968587780558768E-20 ) ) ;
#2037 = PLANE ( 'NONE',  #2079 ) ;
#2038 = VERTEX_POINT ( 'NONE', #38 ) ;
#2039 = DIRECTION ( 'NONE',  ( 0.0000000000000000000, 0.0000000000000000000, -1.000000000000000000 ) ) ;
#2040 = ORIENTED_EDGE ( 'NONE', *, *, #221, .F. ) ;
#2041 = PRESENTATION_STYLE_ASSIGNMENT (( #416 ) ) ;
#2042 = PRESENTATION_LAYER_ASSIGNMENT (  '', '', ( #883 ) ) ;
#2043 = STYLED_ITEM ( 'NONE', ( #1562 ), #1720 ) ;
#2044 = SURFACE_SIDE_STYLE ('',( #13 ) ) ;
#2045 = EDGE_CURVE ( 'NONE', #1410, #2102, #789, .T. ) ;
#2046 = CYLINDRICAL_SURFACE ( 'NONE', #1951, 0.03999999999999999389 ) ;
#2047 = VECTOR ( 'NONE', #1433, 1000.000000000000000 ) ;
#2048 = CARTESIAN_POINT ( 'NONE',  ( -1.156482317317999984E-18, 0.4000000000000000222, 0.002000000000000000042 ) ) ;
#2049 = EDGE_CURVE ( 'NONE', #1298, #2123, #2253, .T. ) ;
#2050 = VERTEX_POINT ( 'NONE', #1685 ) ;
#2051 = LINE ( 'NONE', #1666, #243 ) ;
#2052 =( NAMED_UNIT ( * ) PLANE_ANGLE_UNIT ( ) SI_UNIT ( $, .RADIAN. ) );
#2053 = CARTESIAN_POINT ( 'NONE',  ( 0.2000000000000000111, 0.4000000000000000222, -4.898587196589000156E-17 ) ) ;
#2054 = VERTEX_POINT ( 'NONE', #2048 ) ;
#2055 = DIRECTION ( 'NONE',  ( -1.000000000000000000, 0.0000000000000000000, 0.0000000000000000000 ) ) ;
#2056 =( NAMED_UNIT ( * ) PLANE_ANGLE_UNIT ( ) SI_UNIT ( $, .RADIAN. ) );
#2057 =( LENGTH_UNIT ( ) NAMED_UNIT ( * ) SI_UNIT ( .MILLI., .METRE. ) );
#2058 =( NAMED_UNIT ( * ) PLANE_ANGLE_UNIT ( ) SI_UNIT ( $, .RADIAN. ) );
#2059 = CARTESIAN_POINT ( 'NONE',  ( -0.6999999999999999556, -0.2999999999999999889, 0.2000000000000000111 ) ) ;
#2060 = EDGE_CURVE ( 'NONE', #1013, #456, #638, .T. ) ;
#2061 = ORIENTED_EDGE ( 'NONE', *, *, #1648, .T. ) ;
#2062 =( NAMED_UNIT ( * ) SI_UNIT ( $, .STERADIAN. ) SOLID_ANGLE_UNIT ( ) );
#2063 =( NAMED_UNIT ( * ) PLANE_ANGLE_UNIT ( ) SI_UNIT ( $, .RADIAN. ) );
#2064 = CONTEXT_DEPENDENT_SHAPE_REPRESENTATION ( #582, #1881 ) ;
#2065 = ORIENTED_EDGE ( 'NONE', *, *, #511, .T. ) ;
#2066 =( LENGTH_UNIT ( ) NAMED_UNIT ( * ) SI_UNIT ( .MILLI., .METRE. ) );
#2067 = LINE ( 'NONE', #70, #1400 ) ;
#2068 = VECTOR ( 'NONE', #1070, 1000.000000000000000 ) ;
#2069 = DIRECTION ( 'NONE',  ( 0.0000000000000000000, -1.000000000000000000, -0.0000000000000000000 ) ) ;
#2070 = COLOUR_RGB ( '',0.0000000000000000000, 0.6666666666666666297, 0.0000000000000000000 ) ;
#2071 = APPLICATION_CONTEXT ( 'automotive_design' ) ;
#2072 = AXIS2_PLACEMENT_3D ( 'NONE', #54, #374, #1301 ) ;
#2073 = FILL_AREA_STYLE_COLOUR ( '', #2010 ) ;
#2074 = VECTOR ( 'NONE', #265, 1000.000000000000000 ) ;
#2075 = ORIENTED_EDGE ( 'NONE', *, *, #1042, .T. ) ;
#2076 = CARTESIAN_POINT ( 'NONE',  ( 0.8000000000000000444, 0.4000000000000000222, 0.0000000000000000000 ) ) ;
#2077 =( LENGTH_UNIT ( ) NAMED_UNIT ( * ) SI_UNIT ( .MILLI., .METRE. ) );
#2078 = PLANE ( 'NONE',  #1768 ) ;
#2079 = AXIS2_PLACEMENT_3D ( 'NONE', #1207, #63, #475 ) ;
#2080 = ITEM_DEFINED_TRANSFORMATION ( 'NONE', 'NONE', #326,  #2194 ) ;
#2081 = ORIENTED_EDGE ( 'NONE', *, *, #1051, .T. ) ;
#2082 = EDGE_CURVE ( 'NONE', #1863, #730, #1320, .T. ) ;
#2083 =( NAMED_UNIT ( * ) PLANE_ANGLE_UNIT ( ) SI_UNIT ( $, .RADIAN. ) );
#2084 = AXIS2_PLACEMENT_3D ( 'NONE', #97, #1197, #871 ) ;
#2085 = COLOUR_RGB ( '',0.7921568627450980005, 0.8196078431372548767, 0.9333333333333333481 ) ;
#2086 = AXIS2_PLACEMENT_3D ( 'NONE', #46, #611, #1151 ) ;
#2087 = DIRECTION ( 'NONE',  ( 1.000000000000000000, 0.0000000000000000000, 0.0000000000000000000 ) ) ;
#2088 = PRODUCT_DEFINITION_FORMATION_WITH_SPECIFIED_SOURCE ( 'ANY', '', #1709, .NOT_KNOWN. ) ;
#2089 = PRESENTATION_LAYER_ASSIGNMENT (  '', '', ( #768 ) ) ;
#2090 = FACE_BOUND ( 'NONE', #248, .T. ) ;
#2091 = STYLED_ITEM ( 'NONE', ( #1715 ), #1981 ) ;
#2092 = CARTESIAN_POINT ( 'NONE',  ( -0.4706339073361388015, 0.3206339073361387237, 0.5926044144130639957 ) ) ;
#2093 = ITEM_DEFINED_TRANSFORMATION ( 'NONE', 'NONE', #1365,  #2194 ) ;
#2094 = ORIENTED_EDGE ( 'NONE', *, *, #405, .T. ) ;
#2095 =( NAMED_UNIT ( * ) SI_UNIT ( $, .STERADIAN. ) SOLID_ANGLE_UNIT ( ) );
#2096 = EDGE_CURVE ( 'NONE', #1045, #596, #1290, .T. ) ;
#2097 = FILL_AREA_STYLE_COLOUR ( '', #1362 ) ;
#2098 = DIRECTION ( 'NONE',  ( 0.0000000000000000000, -0.0000000000000000000, 1.000000000000000000 ) ) ;
#2099 = SURFACE_STYLE_FILL_AREA ( #1363 ) ;
#2100 = SURFACE_STYLE_FILL_AREA ( #100 ) ;
#2101 = SHAPE_DEFINITION_REPRESENTATION ( #646, #2288 ) ;
#2102 = VERTEX_POINT ( 'NONE', #1672 ) ;
#2103 =( NAMED_UNIT ( * ) SI_UNIT ( $, .STERADIAN. ) SOLID_ANGLE_UNIT ( ) );
#2104 = DIRECTION ( 'NONE',  ( 0.08509140416868289647, -0.08509140416959970477, 0.9927330486455296921 ) ) ;
#2105 = ADVANCED_FACE ( 'NONE', ( #429 ), #1712, .F. ) ;
#2106 =( GEOMETRIC_REPRESENTATION_CONTEXT ( 3 ) GLOBAL_UNCERTAINTY_ASSIGNED_CONTEXT ( ( #365 ) ) GLOBAL_UNIT_ASSIGNED_CONTEXT ( ( #1029, #2131, #1737 ) ) REPRESENTATION_CONTEXT ( 'NONE', 'WORKASPACE' ) );
#2107 = FILL_AREA_STYLE ('',( #1406 ) ) ;
#2108 = CIRCLE ( 'NONE', #2263, 0.03999999999999999389 ) ;
#2109 = PRODUCT_DEFINITION_CONTEXT ( 'detailed design', #1463, 'design' ) ;
#2110 = LINE ( 'NONE', #463, #52 ) ;
#2111 = COLOUR_RGB ( '',0.7803921568627451011, 0.5686274509803921351, 0.1137254901960784298 ) ;
#2112 =( LENGTH_UNIT ( ) NAMED_UNIT ( * ) SI_UNIT ( .MILLI., .METRE. ) );
#2113 = VECTOR ( 'NONE', #2313, 1000.000000000000000 ) ;
#2114 = DIRECTION ( 'NONE',  ( 1.000000000000000000, 0.0000000000000000000, 0.0000000000000000000 ) ) ;
#2115 = DIRECTION ( 'NONE',  ( 0.0000000000000000000, 0.0000000000000000000, -1.000000000000000000 ) ) ;
#2116 = AXIS2_PLACEMENT_3D ( 'NONE', #1727, #2272, #1529 ) ;
#2117 = ORIENTED_EDGE ( 'NONE', *, *, #1597, .F. ) ;
#2118 = SURFACE_STYLE_USAGE ( .BOTH. , #1891 ) ;
#2119 = VECTOR ( 'NONE', #2098, 1000.000000000000000 ) ;
#2120 = APPLICATION_CONTEXT ( 'automotive_design' ) ;
#2121 = DIRECTION ( 'NONE',  ( 0.0000000000000000000, -1.000000000000000000, 1.224646799146999945E-16 ) ) ;
#2122 = FACE_OUTER_BOUND ( 'NONE', #123, .T. ) ;
#2123 = VERTEX_POINT ( 'NONE', #62 ) ;
#2124 =( LENGTH_UNIT ( ) NAMED_UNIT ( * ) SI_UNIT ( .MILLI., .METRE. ) );
#2125 =( GEOMETRIC_REPRESENTATION_CONTEXT ( 3 ) GLOBAL_UNCERTAINTY_ASSIGNED_CONTEXT ( ( #1565 ) ) GLOBAL_UNIT_ASSIGNED_CONTEXT ( ( #982, #2063, #198 ) ) REPRESENTATION_CONTEXT ( 'NONE', 'WORKASPACE' ) );
#2126 =( LENGTH_UNIT ( ) NAMED_UNIT ( * ) SI_UNIT ( .MILLI., .METRE. ) );
#2127 =( GEOMETRIC_REPRESENTATION_CONTEXT ( 3 ) GLOBAL_UNCERTAINTY_ASSIGNED_CONTEXT ( ( #2175 ) ) GLOBAL_UNIT_ASSIGNED_CONTEXT ( ( #1513, #629, #1164 ) ) REPRESENTATION_CONTEXT ( 'NONE', 'WORKASPACE' ) );
#2128 = VERTEX_POINT ( 'NONE', #1897 ) ;
#2129 = FILL_AREA_STYLE ('',( #490 ) ) ;
#2130 =( LENGTH_UNIT ( ) NAMED_UNIT ( * ) SI_UNIT ( .MILLI., .METRE. ) );
#2131 =( NAMED_UNIT ( * ) PLANE_ANGLE_UNIT ( ) SI_UNIT ( $, .RADIAN. ) );
#2132 = PRODUCT_DEFINITION_CONTEXT ( 'detailed design', #2071, 'design' ) ;
#2133 = ORIENTED_EDGE ( 'NONE', *, *, #1124, .F. ) ;
#2134 = SURFACE_STYLE_USAGE ( .BOTH. , #119 ) ;
#2135 = EDGE_CURVE ( 'NONE', #645, #2168, #1500, .T. ) ;
#2136 = ORIENTED_EDGE ( 'NONE', *, *, #1467, .F. ) ;
#2137 = LINE ( 'NONE', #1238, #2335 ) ;
#2138 = LINE ( 'NONE', #1063, #1241 ) ;
#2139 = LINE ( 'NONE', #725, #1662 ) ;
#2140 =( LENGTH_UNIT ( ) NAMED_UNIT ( * ) SI_UNIT ( .MILLI., .METRE. ) );
#2141 = PLANE ( 'NONE',  #1831 ) ;
#2142 = STYLED_ITEM ( 'NONE', ( #832 ), #886 ) ;
#2143 = ADVANCED_FACE ( 'NONE', ( #617 ), #244, .T. ) ;
#2144 = MECHANICAL_DESIGN_GEOMETRIC_PRESENTATION_REPRESENTATION (  '', ( #522 ), #49 ) ;
#2145 = EDGE_LOOP ( 'NONE', ( #704, #2094, #1338, #138 ) ) ;
#2146 = DIRECTION ( 'NONE',  ( -0.0000000000000000000, -0.0000000000000000000, -1.000000000000000000 ) ) ;
#2147 =( NAMED_UNIT ( * ) SI_UNIT ( $, .STERADIAN. ) SOLID_ANGLE_UNIT ( ) );
#2148 = AXIS2_PLACEMENT_3D ( 'NONE', #2256, #1171, #1885 ) ;
#2149 = ADVANCED_FACE ( 'NONE', ( #839 ), #302, .T. ) ;
#2150 = CARTESIAN_POINT ( 'NONE',  ( 0.0000000000000000000, -0.1000000000000000056, 0.002000000000000000042 ) ) ;
#2151 = UNCERTAINTY_MEASURE_WITH_UNIT (LENGTH_MEASURE( 1.000000000000000082E-05 ), #1638, 'distance_accuracy_value', 'NONE');
#2152 = SURFACE_STYLE_FILL_AREA ( #557 ) ;
#2153 = UNCERTAINTY_MEASURE_WITH_UNIT (LENGTH_MEASURE( 1.000000000000000082E-05 ), #1340, 'distance_accuracy_value', 'NONE');
#2154 = STYLED_ITEM ( 'NONE', ( #1153 ), #2105 ) ;
#2155 = CARTESIAN_POINT ( 'NONE',  ( -0.6000000000000000888, 0.0000000000000000000, 0.0000000000000000000 ) ) ;
#2156 =( NAMED_UNIT ( * ) SI_UNIT ( $, .STERADIAN. ) SOLID_ANGLE_UNIT ( ) );
#2157 = PRESENTATION_LAYER_ASSIGNMENT (  '', '', ( #367 ) ) ;
#2158 = ORIENTED_EDGE ( 'NONE', *, *, #594, .T. ) ;
#2159 = AXIS2_PLACEMENT_3D ( 'NONE', #187, #7, #215 ) ;
#2160 =( LENGTH_UNIT ( ) NAMED_UNIT ( * ) SI_UNIT ( .MILLI., .METRE. ) );
#2161 = LINE ( 'NONE', #333, #43 ) ;
#2162 = FILL_AREA_STYLE_COLOUR ( '', #693 ) ;
#2163 = EDGE_CURVE ( 'NONE', #1570, #1717, #668, .T. ) ;
#2164 =( NAMED_UNIT ( * ) SI_UNIT ( $, .STERADIAN. ) SOLID_ANGLE_UNIT ( ) );
#2165 = FILL_AREA_STYLE_COLOUR ( '', #1639 ) ;
#2166 = FILL_AREA_STYLE_COLOUR ( '', #1547 ) ;
#2167 = CARTESIAN_POINT ( 'NONE',  ( 0.8000000000000000444, -0.2000000000000000389, 0.2000000000000000111 ) ) ;
#2168 = VERTEX_POINT ( 'NONE', #1395 ) ;
#2169 = FILL_AREA_STYLE ('',( #1617 ) ) ;
#2170 = SURFACE_STYLE_FILL_AREA ( #1266 ) ;
#2171 = DIRECTION ( 'NONE',  ( 0.0000000000000000000, -0.0000000000000000000, -1.000000000000000000 ) ) ;
#2172 =( NAMED_UNIT ( * ) PLANE_ANGLE_UNIT ( ) SI_UNIT ( $, .RADIAN. ) );
#2173 = DIRECTION ( 'NONE',  ( 0.0000000000000000000, 0.0000000000000000000, 1.000000000000000000 ) ) ;
#2174 = ADVANCED_FACE ( 'NONE', ( #2122 ), #1056, .T. ) ;
#2175 = UNCERTAINTY_MEASURE_WITH_UNIT (LENGTH_MEASURE( 1.000000000000000082E-05 ), #1513, 'distance_accuracy_value', 'NONE');
#2176 = ORIENTED_EDGE ( 'NONE', *, *, #73, .T. ) ;
#2177 = SURFACE_STYLE_USAGE ( .BOTH. , #1858 ) ;
#2178 = VECTOR ( 'NONE', #2265, 1000.000000000000000 ) ;
#2179 = VERTEX_POINT ( 'NONE', #1766 ) ;
#2180 = PRESENTATION_LAYER_ASSIGNMENT (  '', '', ( #560 ) ) ;
#2181 = DIRECTION ( 'NONE',  ( -1.000000000000000000, -0.0000000000000000000, -0.0000000000000000000 ) ) ;
#2182 = AXIS2_PLACEMENT_3D ( 'NONE', #1424, #526, #1785 ) ;
#2183 = ORIENTED_EDGE ( 'NONE', *, *, #1354, .T. ) ;
#2184 = FILL_AREA_STYLE_COLOUR ( '', #2070 ) ;
#2185 = CARTESIAN_POINT ( 'NONE',  ( -0.6999999999999999556, -0.2999999999999999889, 0.2000000000000000111 ) ) ;
#2186 = CIRCLE ( 'NONE', #651, 0.1999999999999999833 ) ;
#2187 = MECHANICAL_DESIGN_GEOMETRIC_PRESENTATION_REPRESENTATION (  '', ( #1998 ), #317 ) ;
#2188 = DIRECTION ( 'NONE',  ( -1.000000000000000000, 0.0000000000000000000, 0.0000000000000000000 ) ) ;
#2189 = DIRECTION ( 'NONE',  ( -0.0000000000000000000, -0.0000000000000000000, -1.000000000000000000 ) ) ;
#2190 = COLOUR_RGB ( '',0.7803921568627451011, 0.5686274509803921351, 0.1137254901960784298 ) ;
#2191 = ORIENTED_EDGE ( 'NONE', *, *, #843, .T. ) ;
#2192 = LINE ( 'NONE', #196, #1841 ) ;
#2193 = PLANE ( 'NONE',  #199 ) ;
#2194 = AXIS2_PLACEMENT_3D ( 'NONE', #2305, #299, #1907 ) ;
#2195 = AXIS2_PLACEMENT_3D ( 'NONE', #2185, #180, #2298 ) ;
#2196 = PRESENTATION_STYLE_ASSIGNMENT (( #608 ) ) ;
#2197 = PRESENTATION_LAYER_ASSIGNMENT (  '', '', ( #1934 ) ) ;
#2198 = VERTEX_POINT ( 'NONE', #1910 ) ;
#2199 =( GEOMETRIC_REPRESENTATION_CONTEXT ( 3 ) GLOBAL_UNCERTAINTY_ASSIGNED_CONTEXT ( ( #2151 ) ) GLOBAL_UNIT_ASSIGNED_CONTEXT ( ( #1638, #1955, #1776 ) ) REPRESENTATION_CONTEXT ( 'NONE', 'WORKASPACE' ) );
#2200 = CARTESIAN_POINT ( 'NONE',  ( -0.8000000000000000444, -0.4000000000000000222, 0.2000000000000000111 ) ) ;
#2201 = VECTOR ( 'NONE', #2231, 1000.000000000000114 ) ;
#2202 = FILL_AREA_STYLE_COLOUR ( '', #2085 ) ;
#2203 = SURFACE_STYLE_USAGE ( .BOTH. , #71 ) ;
#2204 = UNCERTAINTY_MEASURE_WITH_UNIT (LENGTH_MEASURE( 1.000000000000000082E-05 ), #171, 'distance_accuracy_value', 'NONE');
#2205 =( NAMED_UNIT ( * ) SI_UNIT ( $, .STERADIAN. ) SOLID_ANGLE_UNIT ( ) );
#2206 = ORIENTED_EDGE ( 'NONE', *, *, #88, .F. ) ;
#2207 = EDGE_CURVE ( 'NONE', #195, #645, #1574, .T. ) ;
#2208 = CARTESIAN_POINT ( 'NONE',  ( 0.5000000000000000000, -0.3499999999999999778, 0.2500000000000000000 ) ) ;
#2209 = FILL_AREA_STYLE ('',( #1486 ) ) ;
#2210 = FILL_AREA_STYLE_COLOUR ( '', #327 ) ;
#2211 = ORIENTED_EDGE ( 'NONE', *, *, #1230, .T. ) ;
#2212 = FILL_AREA_STYLE ('',( #427 ) ) ;
#2213 =( NAMED_UNIT ( * ) SI_UNIT ( $, .STERADIAN. ) SOLID_ANGLE_UNIT ( ) );
#2214 = CLOSED_SHELL ( 'NONE', ( #674, #1695, #1619, #896, #1720, #1299, #613, #1889, #2143, #1561, #1726, #2240, #2252, #886 ) ) ;
#2215 = DIRECTION ( 'NONE',  ( 0.0000000000000000000, -0.0000000000000000000, -1.000000000000000000 ) ) ;
#2216 = FILL_AREA_STYLE ('',( #957 ) ) ;
#2217 = ORIENTED_EDGE ( 'NONE', *, *, #1396, .F. ) ;
#2218 =( NAMED_UNIT ( * ) SI_UNIT ( $, .STERADIAN. ) SOLID_ANGLE_UNIT ( ) );
#2219 = SURFACE_SIDE_STYLE ('',( #1846 ) ) ;
#2220 = STYLED_ITEM ( 'NONE', ( #838 ), #205 ) ;
#2221 = EDGE_CURVE ( 'NONE', #231, #355, #1537, .T. ) ;
#2222 = COLOUR_RGB ( '',0.0000000000000000000, 0.6666666666666666297, 0.0000000000000000000 ) ;
#2223 = VERTEX_POINT ( 'NONE', #1789 ) ;
#2224 = SURFACE_SIDE_STYLE ('',( #1835 ) ) ;
#2225 = PRESENTATION_STYLE_ASSIGNMENT (( #648 ) ) ;
#2226 =( BOUNDED_CURVE ( )  B_SPLINE_CURVE ( 3, ( #1244, #568, #127, #1631 ),
 .UNSPECIFIED., .F., .T. ) 
 B_SPLINE_CURVE_WITH_KNOTS ( ( 4, 4 ),
 ( 4.712388980384689674, 6.197680013498873208 ),
 .UNSPECIFIED. ) 
 CURVE ( )  GEOMETRIC_REPRESENTATION_ITEM ( )  RATIONAL_B_SPLINE_CURVE ( ( 1.000000000000000000, 0.8244547578640665231, 0.8244547578640665231, 1.000000000000000000 ) ) 
 REPRESENTATION_ITEM ( '' )  );
#2227 = COLOUR_RGB ( '',0.8470588235294117530, 0.0000000000000000000, 0.0000000000000000000 ) ;
#2228 = EDGE_CURVE ( 'NONE', #2245, #1989, #335, .T. ) ;
#2229 = MECHANICAL_DESIGN_GEOMETRIC_PRESENTATION_REPRESENTATION (  '', ( #1956 ), #1839 ) ;
#2230 = CARTESIAN_POINT ( 'NONE',  ( -0.4516409507770000054, -0.3016409507769999832, 0.6000000000000000888 ) ) ;
#2231 = DIRECTION ( 'NONE',  ( 0.08509140416959970477, -0.08509140416868289647, -0.9927330486455296921 ) ) ;
#2232 = FILL_AREA_STYLE ('',( #1501 ) ) ;
#2233 =( GEOMETRIC_REPRESENTATION_CONTEXT ( 3 ) GLOBAL_UNCERTAINTY_ASSIGNED_CONTEXT ( ( #2204 ) ) GLOBAL_UNIT_ASSIGNED_CONTEXT ( ( #171, #791, #2205 ) ) REPRESENTATION_CONTEXT ( 'NONE', 'WORKASPACE' ) );
#2234 = ORIENTED_EDGE ( 'NONE', *, *, #828, .T. ) ;
#2235 =( NAMED_UNIT ( * ) SI_UNIT ( $, .STERADIAN. ) SOLID_ANGLE_UNIT ( ) );
#2236 = DIRECTION ( 'NONE',  ( 1.000000000000000000, 0.0000000000000000000, 0.0000000000000000000 ) ) ;
#2237 = ORIENTED_EDGE ( 'NONE', *, *, #1051, .F. ) ;
#2238 = VECTOR ( 'NONE', #240, 1000.000000000000000 ) ;
#2239 = LINE ( 'NONE', #811, #1106 ) ;
#2240 = ADVANCED_FACE ( 'NONE', ( #1633 ), #1069, .T. ) ;
#2241 = AXIS2_PLACEMENT_3D ( 'NONE', #1425, #1448, #1267 ) ;
#2242 = SURFACE_SIDE_STYLE ('',( #390 ) ) ;
#2243 =( NAMED_UNIT ( * ) SI_UNIT ( $, .STERADIAN. ) SOLID_ANGLE_UNIT ( ) );
#2244 = PRODUCT ( 'Pocket001', 'Pocket001', '', ( #1135 ) ) ;
#2245 = VERTEX_POINT ( 'NONE', #547 ) ;
#2246 = FILL_AREA_STYLE_COLOUR ( '', #1647 ) ;
#2247 = VERTEX_POINT ( 'NONE', #2342 ) ;
#2248 = FACE_OUTER_BOUND ( 'NONE', #409, .T. ) ;
#2249 = CARTESIAN_POINT ( 'NONE',  ( 0.4000000000000000222, -0.4000000000000000222, 0.0000000000000000000 ) ) ;
#2250 = SURFACE_SIDE_STYLE ('',( #1477 ) ) ;
#2251 = SURFACE_STYLE_USAGE ( .BOTH. , #776 ) ;
#2252 = ADVANCED_FACE ( 'NONE', ( #532 ), #2011, .T. ) ;
#2253 = LINE ( 'NONE', #419, #1851 ) ;
#2254 = UNCERTAINTY_MEASURE_WITH_UNIT (LENGTH_MEASURE( 1.000000000000000082E-05 ), #1382, 'distance_accuracy_value', 'NONE');
#2255 = EDGE_LOOP ( 'NONE', ( #18, #996, #1024, #425 ) ) ;
#2256 = CARTESIAN_POINT ( 'NONE',  ( -0.5000000000000000000, 0.3350000000000000200, 0.4249999999999999889 ) ) ;
#2257 = DIRECTION ( 'NONE',  ( 0.0000000000000000000, -1.000000000000000000, -0.0000000000000000000 ) ) ;
#2258 = STYLED_ITEM ( 'NONE', ( #1094 ), #16 ) ;
#2259 = ORIENTED_EDGE ( 'NONE', *, *, #1082, .T. ) ;
#2260 = PRESENTATION_LAYER_ASSIGNMENT (  '', '', ( #1920 ) ) ;
#2261 = CARTESIAN_POINT ( 'NONE',  ( 0.8000000000000000444, 0.4000000000000000222, 0.2000000000000000111 ) ) ;
#2262 = CARTESIAN_POINT ( 'NONE',  ( -0.4715678837580004612, -0.3215678837576906868, 0.5817080228269734254 ) ) ;
#2263 = AXIS2_PLACEMENT_3D ( 'NONE', #80, #104, #859 ) ;
#2264 = SURFACE_STYLE_USAGE ( .BOTH. , #1213 ) ;
#2265 = DIRECTION ( 'NONE',  ( 0.0000000000000000000, 1.000000000000000000, -0.0000000000000000000 ) ) ;
#2266 = MECHANICAL_DESIGN_GEOMETRIC_PRESENTATION_REPRESENTATION (  '', ( #560 ), #1239 ) ;
#2267 =( GEOMETRIC_REPRESENTATION_CONTEXT ( 3 ) GLOBAL_UNCERTAINTY_ASSIGNED_CONTEXT ( ( #2013 ) ) GLOBAL_UNIT_ASSIGNED_CONTEXT ( ( #1818, #931, #2235 ) ) REPRESENTATION_CONTEXT ( 'NONE', 'WORKASPACE' ) );
#2268 = CARTESIAN_POINT ( 'NONE',  ( 0.4516409507770000054, -0.3016409507769999832, 0.6000000000000000888 ) ) ;
#2269 = FILL_AREA_STYLE ('',( #1882 ) ) ;
#2270 = AXIS2_PLACEMENT_3D ( 'NONE', #1816, #520, #1525 ) ;
#2271 =( GEOMETRIC_REPRESENTATION_CONTEXT ( 3 ) GLOBAL_UNCERTAINTY_ASSIGNED_CONTEXT ( ( #2344 ) ) GLOBAL_UNIT_ASSIGNED_CONTEXT ( ( #1555, #1926, #854 ) ) REPRESENTATION_CONTEXT ( 'NONE', 'WORKASPACE' ) );
#2272 = DIRECTION ( 'NONE',  ( 0.0000000000000000000, 0.0000000000000000000, 1.000000000000000000 ) ) ;
#2273 = CARTESIAN_POINT ( 'NONE',  ( -0.8000000000000000444, -0.4000000000000000222, 0.2000000000000000111 ) ) ;
#2274 = EDGE_CURVE ( 'NONE', #2336, #2128, #1434, .T. ) ;
#2275 = AXIS2_PLACEMENT_3D ( 'NONE', #421, #1453, #1843 ) ;
#2276 = ORIENTED_EDGE ( 'NONE', *, *, #750, .F. ) ;
#2277 = PLANE ( 'NONE',  #2334 ) ;
#2278 =( LENGTH_UNIT ( ) NAMED_UNIT ( * ) SI_UNIT ( .MILLI., .METRE. ) );
#2279 = MECHANICAL_DESIGN_GEOMETRIC_PRESENTATION_REPRESENTATION (  '', ( #763 ), #1404 ) ;
#2280 = CARTESIAN_POINT ( 'NONE',  ( -0.5000000000000000000, 0.3499999999999970357, 0.2499999999999996669 ) ) ;
#2281 = STYLED_ITEM ( 'NONE', ( #922 ), #1889 ) ;
#2282 = DIRECTION ( 'NONE',  ( 0.0000000000000000000, -1.000000000000000000, -0.0000000000000000000 ) ) ;
#2283 = SURFACE_SIDE_STYLE ('',( #678 ) ) ;
#2284 = PLANE ( 'NONE',  #1997 ) ;
#2285 = SURFACE_STYLE_USAGE ( .BOTH. , #1936 ) ;
#2286 = ORIENTED_EDGE ( 'NONE', *, *, #2096, .T. ) ;
#2287 = CARTESIAN_POINT ( 'NONE',  ( 0.0000000000000000000, -0.09999999999999999167, 0.002000000000000000042 ) ) ;
#2288 = SHAPE_REPRESENTATION ( 'Pad004', ( #2194 ), #213 ) ;
#2289 = DIRECTION ( 'NONE',  ( 1.000000000000000000, 0.0000000000000000000, 0.0000000000000000000 ) ) ;
#2290 = ORIENTED_EDGE ( 'NONE', *, *, #1380, .T. ) ;
#2291 = CYLINDRICAL_SURFACE ( 'NONE', #1209, 0.1999999999999999833 ) ;
#2292 = SURFACE_SIDE_STYLE ('',( #491 ) ) ;
#2293 = EDGE_CURVE ( 'NONE', #2359, #1169, #1415, .T. ) ;
#2294 =( GEOMETRIC_REPRESENTATION_CONTEXT ( 3 ) GLOBAL_UNCERTAINTY_ASSIGNED_CONTEXT ( ( #790 ) ) GLOBAL_UNIT_ASSIGNED_CONTEXT ( ( #48, #2058, #1855 ) ) REPRESENTATION_CONTEXT ( 'NONE', 'WORKASPACE' ) );
#2295 = AXIS2_PLACEMENT_3D ( 'NONE', #468, #1534, #1222 ) ;
#2296 = UNCERTAINTY_MEASURE_WITH_UNIT (LENGTH_MEASURE( 1.000000000000000082E-05 ), #389, 'distance_accuracy_value', 'NONE');
#2297 = ORIENTED_EDGE ( 'NONE', *, *, #1944, .F. ) ;
#2298 = DIRECTION ( 'NONE',  ( 1.000000000000000000, 0.0000000000000000000, 0.0000000000000000000 ) ) ;
#2299 = FACE_OUTER_BOUND ( 'NONE', #1264, .T. ) ;
#2300 = PRESENTATION_LAYER_ASSIGNMENT (  '', '', ( #1956 ) ) ;
#2301 =( LENGTH_UNIT ( ) NAMED_UNIT ( * ) SI_UNIT ( .MILLI., .METRE. ) );
#2302 =( GEOMETRIC_REPRESENTATION_CONTEXT ( 3 ) GLOBAL_UNCERTAINTY_ASSIGNED_CONTEXT ( ( #1262 ) ) GLOBAL_UNIT_ASSIGNED_CONTEXT ( ( #979, #1518, #373 ) ) REPRESENTATION_CONTEXT ( 'NONE', 'WORKASPACE' ) );
#2303 = ORIENTED_EDGE ( 'NONE', *, *, #898, .T. ) ;
#2304 = DIRECTION ( 'NONE',  ( 0.0000000000000000000, 0.0000000000000000000, 1.000000000000000000 ) ) ;
#2305 = CARTESIAN_POINT ( 'NONE',  ( 0.0000000000000000000, 0.0000000000000000000, 0.0000000000000000000 ) ) ;
#2306 = DIRECTION ( 'NONE',  ( 0.0000000000000000000, 0.0000000000000000000, 1.000000000000000000 ) ) ;
#2307 = MECHANICAL_DESIGN_GEOMETRIC_PRESENTATION_REPRESENTATION (  '', ( #2091 ), #952 ) ;
#2308 = EDGE_CURVE ( 'NONE', #1732, #456, #1601, .T. ) ;
#2309 = EDGE_LOOP ( 'NONE', ( #619, #340, #1773, #758 ) ) ;
#2310 = MECHANICAL_DESIGN_GEOMETRIC_PRESENTATION_REPRESENTATION (  '', ( #364 ), #1475 ) ;
#2311 =( GEOMETRIC_REPRESENTATION_CONTEXT ( 3 ) GLOBAL_UNCERTAINTY_ASSIGNED_CONTEXT ( ( #1723 ) ) GLOBAL_UNIT_ASSIGNED_CONTEXT ( ( #1902, #1385, #77 ) ) REPRESENTATION_CONTEXT ( 'NONE', 'WORKASPACE' ) );
#2312 = DIRECTION ( 'NONE',  ( 1.000000000000000000, 0.0000000000000000000, -0.0000000000000000000 ) ) ;
#2313 = DIRECTION ( 'NONE',  ( 0.0000000000000000000, -1.000000000000000000, -0.0000000000000000000 ) ) ;
#2314 = ADVANCED_BREP_SHAPE_REPRESENTATION ( '', ( #399, #2194 ), #213 ) ;
#2315 = AXIS2_PLACEMENT_3D ( 'NONE', #2059, #804, #207 ) ;
#2316 =( REPRESENTATION_RELATIONSHIP ('NONE','NONE', #158, #2288 ) REPRESENTATION_RELATIONSHIP_WITH_TRANSFORMATION ( #2080 )SHAPE_REPRESENTATION_RELATIONSHIP( ) );
#2317 = EDGE_LOOP ( 'NONE', ( #700, #1401, #1148, #846 ) ) ;
#2318 = LINE ( 'NONE', #1828, #1610 ) ;
#2319 = FILL_AREA_STYLE ('',( #1930 ) ) ;
#2320 =( LENGTH_UNIT ( ) NAMED_UNIT ( * ) SI_UNIT ( .MILLI., .METRE. ) );
#2321 = SURFACE_STYLE_FILL_AREA ( #1426 ) ;
#2322 = CARTESIAN_POINT ( 'NONE',  ( -0.8000000000000000444, 0.0000000000000000000, 0.2000000000000000111 ) ) ;
#2323 = UNCERTAINTY_MEASURE_WITH_UNIT (LENGTH_MEASURE( 1.000000000000000082E-05 ), #492, 'distance_accuracy_value', 'NONE');
#2324 = VERTEX_POINT ( 'NONE', #761 ) ;
#2325 = EDGE_CURVE ( 'NONE', #1605, #1533, #615, .T. ) ;
#2326 = EDGE_CURVE ( 'NONE', #303, #1085, #599, .T. ) ;
#2327 = ORIENTED_EDGE ( 'NONE', *, *, #336, .F. ) ;
#2328 = DIRECTION ( 'NONE',  ( -1.000000000000000000, 0.0000000000000000000, 0.0000000000000000000 ) ) ;
#2329 = DIRECTION ( 'NONE',  ( 0.0000000000000000000, 0.0000000000000000000, -1.000000000000000000 ) ) ;
#2330 = ORIENTED_EDGE ( 'NONE', *, *, #111, .F. ) ;
#2331 =( GEOMETRIC_REPRESENTATION_CONTEXT ( 3 ) GLOBAL_UNCERTAINTY_ASSIGNED_CONTEXT ( ( #1673 ) ) GLOBAL_UNIT_ASSIGNED_CONTEXT ( ( #1646, #1634, #1280 ) ) REPRESENTATION_CONTEXT ( 'NONE', 'WORKASPACE' ) );
#2332 = CIRCLE ( 'NONE', #1576, 0.1999999999999999833 ) ;
#2333 =( LENGTH_UNIT ( ) NAMED_UNIT ( * ) SI_UNIT ( .MILLI., .METRE. ) );
#2334 = AXIS2_PLACEMENT_3D ( 'NONE', #1101, #891, #1274 ) ;
#2335 = VECTOR ( 'NONE', #1954, 1000.000000000000000 ) ;
#2336 = VERTEX_POINT ( 'NONE', #812 ) ;
#2337 = EDGE_CURVE ( 'NONE', #1335, #1605, #325, .T. ) ;
#2338 = SURFACE_STYLE_FILL_AREA ( #1969 ) ;
#2339 = CARTESIAN_POINT ( 'NONE',  ( 0.4000000000000000222, 0.4000000000000000222, 0.0000000000000000000 ) ) ;
#2340 = PRESENTATION_LAYER_ASSIGNMENT (  '', '', ( #800 ) ) ;
#2341 = CARTESIAN_POINT ( 'NONE',  ( -0.6999999999999999556, -0.2999999999999999889, 0.2000000000000000111 ) ) ;
#2342 = CARTESIAN_POINT ( 'NONE',  ( 0.0000000000000000000, -0.09999999999999999167, 1.224646799145999725E-17 ) ) ;
#2343 = ORIENTED_EDGE ( 'NONE', *, *, #144, .F. ) ;
#2344 = UNCERTAINTY_MEASURE_WITH_UNIT (LENGTH_MEASURE( 1.000000000000000082E-05 ), #1555, 'distance_accuracy_value', 'NONE');
#2345 = MECHANICAL_DESIGN_GEOMETRIC_PRESENTATION_REPRESENTATION (  '', ( #133 ), #1895 ) ;
#2346 = CARTESIAN_POINT ( 'NONE',  ( 0.4000000000000000222, -0.4000000000000000222, 0.0000000000000000000 ) ) ;
#2347 = PRODUCT_DEFINITION_FORMATION_WITH_SPECIFIED_SOURCE ( 'ANY', '', #1834, .NOT_KNOWN. ) ;
#2348 = PRESENTATION_LAYER_ASSIGNMENT (  '', '', ( #2043 ) ) ;
#2349 = ORIENTED_EDGE ( 'NONE', *, *, #1675, .F. ) ;
#2350 = FILL_AREA_STYLE_COLOUR ( '', #1994 ) ;
#2351 = DIRECTION ( 'NONE',  ( 0.0000000000000000000, 0.0000000000000000000, -1.000000000000000000 ) ) ;
#2352 = AXIS2_PLACEMENT_3D ( 'NONE', #593, #434, #1310 ) ;
#2353 = PRESENTATION_STYLE_ASSIGNMENT (( #1995 ) ) ;
#2354 = CARTESIAN_POINT ( 'NONE',  ( 0.8000000000000000444, 0.4000000000000000222, 0.0000000000000000000 ) ) ;
#2355 =( NAMED_UNIT ( * ) SI_UNIT ( $, .STERADIAN. ) SOLID_ANGLE_UNIT ( ) );
#2356 =( LENGTH_UNIT ( ) NAMED_UNIT ( * ) SI_UNIT ( .MILLI., .METRE. ) );
#2357 = EDGE_LOOP ( 'NONE', ( #507, #1271, #1758, #1635 ) ) ;
#2358 = APPLICATION_CONTEXT ( 'automotive_design' ) ;
#2359 = VERTEX_POINT ( 'NONE', #989 ) ;
#2360 = DIRECTION ( 'NONE',  ( 1.000000000000000000, 0.0000000000000000000, 0.0000000000000000000 ) ) ;
#2361 = CARTESIAN_POINT ( 'NONE',  ( 0.2000000000000000111, -0.4000000000000000222, 4.898587196589000156E-17 ) ) ;
#2362 = SURFACE_STYLE_USAGE ( .BOTH. , #166 ) ;
#2363 = FACE_OUTER_BOUND ( 'NONE', #1503, .T. ) ;
#2364 = NEXT_ASSEMBLY_USAGE_OCCURRENCE ( 'NAUO1', ' ', ' ', #1097, #940, $ ) ;
#2365 = NEXT_ASSEMBLY_USAGE_OCCURRENCE ( 'NAUO2', ' ', ' ', #1097, #1725, $ ) ;
#2366 = NEXT_ASSEMBLY_USAGE_OCCURRENCE ( 'NAUO3', ' ', ' ', #1097, #509, $ ) ;
#2367 = NEXT_ASSEMBLY_USAGE_OCCURRENCE ( 'NAUO4', ' ', ' ', #1097, #2018, $ ) ;
#2368 = NEXT_ASSEMBLY_USAGE_OCCURRENCE ( 'NAUO5', ' ', ' ', #1097, #684, $ ) ;
ENDSEC;
END-ISO-10303-21;
