ISO-10303-21;
HEADER;
FILE_DESCRIPTION (( 'STEP AP214' ),
    '1' );
FILE_NAME ('User Library-ws2812B-1.STEP',
    '2022-05-30T09:02:38',
    ( '' ),
    ( '' ),
    'SwSTEP 2.0',
    'SolidWorks 2021',
    '' );
FILE_SCHEMA (( 'AUTOMOTIVE_DESIGN' ));
ENDSEC;

DATA;
#1 = DIRECTION ( 'NONE',  ( -3.043374519257556424E-15, -0.0000000000000000000, -1.000000000000000000 ) ) ;
#2 = ORIENTED_EDGE ( 'NONE', *, *, #3046, .F. ) ;
#3 = STYLED_ITEM ( 'NONE', ( #692 ), #4333 ) ;
#4 = CARTESIAN_POINT ( 'NONE',  ( 0.5500000000000001554, 2.254834989607331863, -0.5699999999999999512 ) ) ;
#5 = EDGE_CURVE ( 'NONE', #402, #4422, #5618, .T. ) ;
#6 = LINE ( 'NONE', #4221, #880 ) ;
#7 =( GEOMETRIC_REPRESENTATION_CONTEXT ( 3 ) GLOBAL_UNCERTAINTY_ASSIGNED_CONTEXT ( ( #4282 ) ) GLOBAL_UNIT_ASSIGNED_CONTEXT ( ( #3133, #5670, #3662 ) ) REPRESENTATION_CONTEXT ( 'NONE', 'WORKASPACE' ) );
#8 = SURFACE_STYLE_USAGE ( .BOTH. , #5323 ) ;
#9 = ORIENTED_EDGE ( 'NONE', *, *, #5987, .F. ) ;
#10 = SURFACE_SIDE_STYLE ('',( #3314 ) ) ;
#11 = UNCERTAINTY_MEASURE_WITH_UNIT (LENGTH_MEASURE( 1.000000000000000082E-05 ), #2657, 'distance_accuracy_value', 'NONE');
#12 = FILL_AREA_STYLE ('',( #6370 ) ) ;
#13 = DIRECTION ( 'NONE',  ( -1.000000000000000000, 0.0000000000000000000, 0.0000000000000000000 ) ) ;
#14 = LINE ( 'NONE', #3769, #6858 ) ;
#15 = SURFACE_SIDE_STYLE ('',( #2673 ) ) ;
#16 = CARTESIAN_POINT ( 'NONE',  ( 1.700000000000000400, -2.099999999999999645, -0.5699999999999999512 ) ) ;
#17 = STYLED_ITEM ( 'NONE', ( #5039 ), #4976 ) ;
#18 = ORIENTED_EDGE ( 'NONE', *, *, #1692, .T. ) ;
#19 = DIRECTION ( 'NONE',  ( 1.000000000000000000, 0.0000000000000000000, 0.0000000000000000000 ) ) ;
#20 = DIRECTION ( 'NONE',  ( -0.0000000000000000000, -1.000000000000000000, -0.0000000000000000000 ) ) ;
#21 = MECHANICAL_DESIGN_GEOMETRIC_PRESENTATION_REPRESENTATION (  '', ( #6688 ), #3804 ) ;
#22 = CARTESIAN_POINT ( 'NONE',  ( 2.400000000000002132, -1.199999999999999734, -0.2999999999999993783 ) ) ;
#23 = SURFACE_STYLE_FILL_AREA ( #2717 ) ;
#24 =( LENGTH_UNIT ( ) NAMED_UNIT ( * ) SI_UNIT ( .MILLI., .METRE. ) );
#25 = DIRECTION ( 'NONE',  ( -3.043374519257556424E-15, 0.0000000000000000000, -1.000000000000000000 ) ) ;
#26 = ORIENTED_EDGE ( 'NONE', *, *, #6191, .T. ) ;
#27 = COLOUR_RGB ( '',1.000000000000000000, 1.000000000000000000, 1.000000000000000000 ) ;
#28 = ORIENTED_EDGE ( 'NONE', *, *, #3088, .F. ) ;
#29 = ORIENTED_EDGE ( 'NONE', *, *, #4076, .T. ) ;
#30 = EDGE_CURVE ( 'NONE', #5865, #4511, #3137, .T. ) ;
#31 = SURFACE_STYLE_USAGE ( .BOTH. , #4601 ) ;
#32 = UNCERTAINTY_MEASURE_WITH_UNIT (LENGTH_MEASURE( 1.000000000000000082E-05 ), #5721, 'distance_accuracy_value', 'NONE');
#33 = SURFACE_STYLE_USAGE ( .BOTH. , #6777 ) ;
#34 = MECHANICAL_DESIGN_GEOMETRIC_PRESENTATION_REPRESENTATION (  '', ( #1926 ), #6582 ) ;
#35 = VECTOR ( 'NONE', #2211, 1000.000000000000000 ) ;
#36 =( NAMED_UNIT ( * ) SI_UNIT ( $, .STERADIAN. ) SOLID_ANGLE_UNIT ( ) );
#37 = VERTEX_POINT ( 'NONE', #2615 ) ;
#38 = SURFACE_SIDE_STYLE ('',( #2107 ) ) ;
#39 = VECTOR ( 'NONE', #6658, 1000.000000000000000 ) ;
#40 = ORIENTED_EDGE ( 'NONE', *, *, #4719, .T. ) ;
#41 = VECTOR ( 'NONE', #3498, 1000.000000000000000 ) ;
#42 = EDGE_CURVE ( 'NONE', #4382, #6640, #4132, .T. ) ;
#43 = DIRECTION ( 'NONE',  ( 0.0000000000000000000, 0.0000000000000000000, -1.000000000000000000 ) ) ;
#44 = EDGE_CURVE ( 'NONE', #1381, #434, #6797, .T. ) ;
#45 = FILL_AREA_STYLE ('',( #592 ) ) ;
#46 = ORIENTED_EDGE ( 'NONE', *, *, #4341, .T. ) ;
#47 = AXIS2_PLACEMENT_3D ( 'NONE', #2743, #2214, #118 ) ;
#48 = AXIS2_PLACEMENT_3D ( 'NONE', #1258, #5566, #5530 ) ;
#49 =( NAMED_UNIT ( * ) SI_UNIT ( $, .STERADIAN. ) SOLID_ANGLE_UNIT ( ) );
#50 = VERTEX_POINT ( 'NONE', #5822 ) ;
#51 = ADVANCED_FACE ( 'NONE', ( #4234 ), #2093, .F. ) ;
#52 = DIRECTION ( 'NONE',  ( 1.000000000000000000, 0.0000000000000000000, -0.0000000000000000000 ) ) ;
#53 = STYLED_ITEM ( 'NONE', ( #2265 ), #640 ) ;
#54 = DIRECTION ( 'NONE',  ( -1.000000000000000000, 0.0000000000000000000, 0.0000000000000000000 ) ) ;
#55 = DIRECTION ( 'NONE',  ( -0.0000000000000000000, -0.0000000000000000000, -1.000000000000000000 ) ) ;
#56 = PRESENTATION_STYLE_ASSIGNMENT (( #5521 ) ) ;
#57 =( NAMED_UNIT ( * ) PLANE_ANGLE_UNIT ( ) SI_UNIT ( $, .RADIAN. ) );
#58 = CARTESIAN_POINT ( 'NONE',  ( 1.700000000000000400, 1.200000000000000622, -0.7699999999999999067 ) ) ;
#59 = ORIENTED_EDGE ( 'NONE', *, *, #1732, .T. ) ;
#60 = EDGE_CURVE ( 'NONE', #6118, #6594, #4723, .T. ) ;
#61 = DIRECTION ( 'NONE',  ( -0.05233595624294388321, 0.0000000000000000000, -0.9986295347545739443 ) ) ;
#62 = FILL_AREA_STYLE ('',( #4821 ) ) ;
#63 = DIRECTION ( 'NONE',  ( -1.000000000000000000, 0.0000000000000000000, 0.0000000000000000000 ) ) ;
#64 = DIRECTION ( 'NONE',  ( -0.0000000000000000000, -0.0000000000000000000, -1.000000000000000000 ) ) ;
#65 = FACE_OUTER_BOUND ( 'NONE', #4728, .T. ) ;
#66 = VERTEX_POINT ( 'NONE', #1966 ) ;
#67 =( GEOMETRIC_REPRESENTATION_CONTEXT ( 3 ) GLOBAL_UNCERTAINTY_ASSIGNED_CONTEXT ( ( #6569 ) ) GLOBAL_UNIT_ASSIGNED_CONTEXT ( ( #1446, #3618, #5692 ) ) REPRESENTATION_CONTEXT ( 'NONE', 'WORKASPACE' ) );
#68 = EDGE_LOOP ( 'NONE', ( #1537, #6035, #3283, #4372 ) ) ;
#69 = CARTESIAN_POINT ( 'NONE',  ( -1.700000000000000400, -2.099999999999999645, -0.7699999999999999067 ) ) ;
#70 = CARTESIAN_POINT ( 'NONE',  ( 0.5500000000000000444, -1.049999999999999822, -0.5699999999999999512 ) ) ;
#71 = CIRCLE ( 'NONE', #5073, 0.3000000000000000444 ) ;
#72 = ORIENTED_EDGE ( 'NONE', *, *, #5272, .F. ) ;
#73 = ORIENTED_EDGE ( 'NONE', *, *, #1992, .T. ) ;
#74 = CARTESIAN_POINT ( 'NONE',  ( -2.400000000000002132, 2.100000000000000089, -0.2999999999999993783 ) ) ;
#75 =( NAMED_UNIT ( * ) PLANE_ANGLE_UNIT ( ) SI_UNIT ( $, .RADIAN. ) );
#76 = FACE_OUTER_BOUND ( 'NONE', #3261, .T. ) ;
#77 = MECHANICAL_DESIGN_GEOMETRIC_PRESENTATION_REPRESENTATION (  '', ( #2619 ), #4520 ) ;
#78 = SURFACE_STYLE_FILL_AREA ( #6328 ) ;
#79 = EDGE_CURVE ( 'NONE', #4168, #685, #5136, .T. ) ;
#80 = CARTESIAN_POINT ( 'NONE',  ( -0.5500000000000001554, -1.049999999999999822, -0.5699999999999999512 ) ) ;
#81 = VECTOR ( 'NONE', #2276, 1000.000000000000000 ) ;
#82 = ORIENTED_EDGE ( 'NONE', *, *, #3994, .F. ) ;
#83 = COLOUR_RGB ( '',0.8980392156862745390, 0.9215686274509803377, 0.9294117647058823817 ) ;
#84 = AXIS2_PLACEMENT_3D ( 'NONE', #6605, #1826, #3959 ) ;
#85 = MANIFOLD_SOLID_BREP ( '?????1', #4026 ) ;
#86 = UNCERTAINTY_MEASURE_WITH_UNIT (LENGTH_MEASURE( 1.000000000000000082E-05 ), #3156, 'distance_accuracy_value', 'NONE');
#87 =( GEOMETRIC_REPRESENTATION_CONTEXT ( 3 ) GLOBAL_UNCERTAINTY_ASSIGNED_CONTEXT ( ( #1059 ) ) GLOBAL_UNIT_ASSIGNED_CONTEXT ( ( #3122, #868, #6222 ) ) REPRESENTATION_CONTEXT ( 'NONE', 'WORKASPACE' ) );
#88 = DIRECTION ( 'NONE',  ( 0.0000000000000000000, -1.000000000000000000, 0.0000000000000000000 ) ) ;
#89 = SURFACE_STYLE_FILL_AREA ( #5850 ) ;
#90 = CARTESIAN_POINT ( 'NONE',  ( 0.2838201673205150710, 0.9163225641662154919, 0.4500000000000000666 ) ) ;
#91 =( NAMED_UNIT ( * ) PLANE_ANGLE_UNIT ( ) SI_UNIT ( $, .RADIAN. ) );
#92 = LINE ( 'NONE', #2710, #3751 ) ;
#93 = EDGE_CURVE ( 'NONE', #5908, #402, #5683, .T. ) ;
#94 = LINE ( 'NONE', #1086, #5616 ) ;
#95 =( GEOMETRIC_REPRESENTATION_CONTEXT ( 3 ) GLOBAL_UNCERTAINTY_ASSIGNED_CONTEXT ( ( #6219 ) ) GLOBAL_UNIT_ASSIGNED_CONTEXT ( ( #2026, #1506, #3801 ) ) REPRESENTATION_CONTEXT ( 'NONE', 'WORKASPACE' ) );
#96 = ORIENTED_EDGE ( 'NONE', *, *, #349, .F. ) ;
#97 = SURFACE_SIDE_STYLE ('',( #2163 ) ) ;
#98 =( GEOMETRIC_REPRESENTATION_CONTEXT ( 3 ) GLOBAL_UNCERTAINTY_ASSIGNED_CONTEXT ( ( #5045 ) ) GLOBAL_UNIT_ASSIGNED_CONTEXT ( ( #3919, #5006, #4480 ) ) REPRESENTATION_CONTEXT ( 'NONE', 'WORKASPACE' ) );
#99 = PRESENTATION_STYLE_ASSIGNMENT (( #610 ) ) ;
#100 = DIRECTION ( 'NONE',  ( 0.0000000000000000000, -1.000000000000000000, 0.0000000000000000000 ) ) ;
#101 = EDGE_CURVE ( 'NONE', #5506, #5081, #3041, .T. ) ;
#102 = DIRECTION ( 'NONE',  ( -1.000000000000000000, -4.818676322157797375E-16, 0.0000000000000000000 ) ) ;
#103 = ORIENTED_EDGE ( 'NONE', *, *, #6053, .T. ) ;
#104 = ORIENTED_EDGE ( 'NONE', *, *, #3827, .T. ) ;
#105 = ORIENTED_EDGE ( 'NONE', *, *, #5459, .F. ) ;
#106 = LINE ( 'NONE', #4966, #2922 ) ;
#107 = DIRECTION ( 'NONE',  ( 0.0000000000000000000, 0.0000000000000000000, 1.000000000000000000 ) ) ;
#108 = UNCERTAINTY_MEASURE_WITH_UNIT (LENGTH_MEASURE( 1.000000000000000082E-05 ), #3246, 'distance_accuracy_value', 'NONE');
#109 = ORIENTED_EDGE ( 'NONE', *, *, #5019, .F. ) ;
#110 = STYLED_ITEM ( 'NONE', ( #5594 ), #3872 ) ;
#111 = CARTESIAN_POINT ( 'NONE',  ( 2.400000000000002132, 2.100000000000000089, -0.2999999999999993783 ) ) ;
#112 = ORIENTED_EDGE ( 'NONE', *, *, #6028, .T. ) ;
#113 = LINE ( 'NONE', #5805, #2790 ) ;
#114 = CARTESIAN_POINT ( 'NONE',  ( 2.500000000000000444, -1.199999999999999734, -0.5699999999999999512 ) ) ;
#115 = VERTEX_POINT ( 'NONE', #3674 ) ;
#116 =( NAMED_UNIT ( * ) SI_UNIT ( $, .STERADIAN. ) SOLID_ANGLE_UNIT ( ) );
#117 = CIRCLE ( 'NONE', #671, 0.1499999999999999667 ) ;
#118 = DIRECTION ( 'NONE',  ( 0.0000000000000000000, 0.0000000000000000000, 1.000000000000000000 ) ) ;
#119 = EDGE_CURVE ( 'NONE', #5689, #3635, #1025, .T. ) ;
#120 = SURFACE_SIDE_STYLE ('',( #89 ) ) ;
#121 = DIRECTION ( 'NONE',  ( 0.0000000000000000000, -1.000000000000000000, 0.0000000000000000000 ) ) ;
#122 = MECHANICAL_DESIGN_GEOMETRIC_PRESENTATION_REPRESENTATION (  '', ( #3115 ), #5333 ) ;
#123 = CARTESIAN_POINT ( 'NONE',  ( 2.500000000000002220, 1.200000000000000622, 0.0000000000000000000 ) ) ;
#124 = CARTESIAN_POINT ( 'NONE',  ( 1.262305442492821728, 0.6070589046025534063, 0.3500000000000000333 ) ) ;
#125 = ORIENTED_EDGE ( 'NONE', *, *, #5953, .T. ) ;
#126 = STYLED_ITEM ( 'NONE', ( #1759 ), #4838 ) ;
#127 = DIRECTION ( 'NONE',  ( 0.0000000000000000000, -0.0000000000000000000, -1.000000000000000000 ) ) ;
#128 = EDGE_CURVE ( 'NONE', #6039, #5212, #2223, .T. ) ;
#129 = SURFACE_SIDE_STYLE ('',( #608 ) ) ;
#130 = CARTESIAN_POINT ( 'NONE',  ( -2.500000000000002220, 1.100000000000000089, 0.0000000000000000000 ) ) ;
#131 = PLANE ( 'NONE',  #3700 ) ;
#132 = CARTESIAN_POINT ( 'NONE',  ( 2.700000000000001066, 2.100000000000000089, -0.4700000000000007505 ) ) ;
#133 = EDGE_CURVE ( 'NONE', #6685, #5212, #1712, .T. ) ;
#134 = VECTOR ( 'NONE', #1440, 1000.000000000000000 ) ;
#135 = LINE ( 'NONE', #5127, #4233 ) ;
#136 = CARTESIAN_POINT ( 'NONE',  ( 2.500000000000002220, 2.430009069179262848, 0.8000000000000000444 ) ) ;
#137 = VERTEX_POINT ( 'NONE', #164 ) ;
#138 = EDGE_LOOP ( 'NONE', ( #4667, #4796, #3848, #532, #6234, #6142, #4477, #154, #1721 ) ) ;
#139 = ORIENTED_EDGE ( 'NONE', *, *, #4513, .F. ) ;
#140 = AXIS2_PLACEMENT_3D ( 'NONE', #4368, #5439, #679 ) ;
#141 = EDGE_CURVE ( 'NONE', #6256, #2508, #6712, .T. ) ;
#142 = DIRECTION ( 'NONE',  ( -1.000000000000000000, 0.0000000000000000000, 0.0000000000000000000 ) ) ;
#143 = DIRECTION ( 'NONE',  ( -1.000000000000000000, 0.0000000000000000000, 0.0000000000000000000 ) ) ;
#144 = FILL_AREA_STYLE ('',( #4937 ) ) ;
#145 = ORIENTED_EDGE ( 'NONE', *, *, #3775, .F. ) ;
#146 = FILL_AREA_STYLE ('',( #3721 ) ) ;
#147 = ORIENTED_EDGE ( 'NONE', *, *, #1190, .F. ) ;
#148 = ORIENTED_EDGE ( 'NONE', *, *, #5647, .T. ) ;
#149 = VECTOR ( 'NONE', #927, 1000.000000000000000 ) ;
#150 =( GEOMETRIC_REPRESENTATION_CONTEXT ( 3 ) GLOBAL_UNCERTAINTY_ASSIGNED_CONTEXT ( ( #6562 ) ) GLOBAL_UNIT_ASSIGNED_CONTEXT ( ( #4455, #3861, #4523 ) ) REPRESENTATION_CONTEXT ( 'NONE', 'WORKASPACE' ) );
#151 = DIRECTION ( 'NONE',  ( -0.0000000000000000000, -1.000000000000000000, -0.0000000000000000000 ) ) ;
#152 = CARTESIAN_POINT ( 'NONE',  ( 2.463314554501873310, 1.099999999999999423, -0.6999999999999999556 ) ) ;
#153 = DIRECTION ( 'NONE',  ( 0.0000000000000000000, 1.000000000000000000, -0.0000000000000000000 ) ) ;
#154 = ORIENTED_EDGE ( 'NONE', *, *, #4136, .F. ) ;
#155 = AXIS2_PLACEMENT_3D ( 'NONE', #4823, #3325, #3286 ) ;
#156 = PLANE ( 'NONE',  #3499 ) ;
#157 = DIRECTION ( 'NONE',  ( 0.0000000000000000000, -1.000000000000000000, 0.0000000000000000000 ) ) ;
#158 =( GEOMETRIC_REPRESENTATION_CONTEXT ( 3 ) GLOBAL_UNCERTAINTY_ASSIGNED_CONTEXT ( ( #1117 ) ) GLOBAL_UNIT_ASSIGNED_CONTEXT ( ( #2880, #2356, #803 ) ) REPRESENTATION_CONTEXT ( 'NONE', 'WORKASPACE' ) );
#159 = CIRCLE ( 'NONE', #48, 0.1500000000000000222 ) ;
#160 = DIRECTION ( 'NONE',  ( 0.0000000000000000000, 0.0000000000000000000, 1.000000000000000000 ) ) ;
#161 = EDGE_CURVE ( 'NONE', #4450, #1799, #4786, .T. ) ;
#162 = MECHANICAL_DESIGN_GEOMETRIC_PRESENTATION_REPRESENTATION (  '', ( #53 ), #5927 ) ;
#163 = APPLICATION_CONTEXT ( 'automotive_design' ) ;
#164 = CARTESIAN_POINT ( 'NONE',  ( 1.600000000000000533, 2.200000000000000178, -0.6999999999999999556 ) ) ;
#165 = FILL_AREA_STYLE_COLOUR ( '', #286 ) ;
#166 = LINE ( 'NONE', #4788, #251 ) ;
#167 = COLOUR_RGB ( '',1.000000000000000000, 1.000000000000000000, 1.000000000000000000 ) ;
#168 = MANIFOLD_SOLID_BREP ( '???????-????????5[4]', #5356 ) ;
#169 = DIRECTION ( 'NONE',  ( 1.000000000000000000, 0.0000000000000000000, 0.0000000000000000000 ) ) ;
#170 = CARTESIAN_POINT ( 'NONE',  ( 2.700000000000000622, 2.100000000000000089, -0.5700000000000006173 ) ) ;
#171 = ORIENTED_EDGE ( 'NONE', *, *, #1483, .F. ) ;
#172 = ADVANCED_FACE ( 'NONE', ( #3322 ), #4856, .F. ) ;
#173 = ORIENTED_EDGE ( 'NONE', *, *, #4885, .T. ) ;
#174 = VECTOR ( 'NONE', #5770, 1000.000000000000000 ) ;
#175 = EDGE_LOOP ( 'NONE', ( #5730, #6755, #2499, #6543 ) ) ;
#176 = CARTESIAN_POINT ( 'NONE',  ( -0.03316504619021998224, -2.056952929731181712, 0.3000000000000000444 ) ) ;
#177 = SURFACE_SIDE_STYLE ('',( #1685 ) ) ;
#178 = UNCERTAINTY_MEASURE_WITH_UNIT (LENGTH_MEASURE( 1.000000000000000082E-05 ), #6776, 'distance_accuracy_value', 'NONE');
#179 =( NAMED_UNIT ( * ) SI_UNIT ( $, .STERADIAN. ) SOLID_ANGLE_UNIT ( ) );
#180 = EDGE_LOOP ( 'NONE', ( #2109, #125, #3217, #1170 ) ) ;
#181 = STYLED_ITEM ( 'NONE', ( #4640 ), #1356 ) ;
#182 = EDGE_CURVE ( 'NONE', #6193, #977, #5065, .T. ) ;
#183 = ORIENTED_EDGE ( 'NONE', *, *, #5403, .F. ) ;
#184 = ORIENTED_EDGE ( 'NONE', *, *, #1344, .F. ) ;
#185 = VECTOR ( 'NONE', #1198, 1000.000000000000000 ) ;
#186 = CARTESIAN_POINT ( 'NONE',  ( -1.919276727925023351, -0.8787392438591723476, 0.3000000000000000444 ) ) ;
#187 = FACE_OUTER_BOUND ( 'NONE', #4880, .T. ) ;
#188 = DIRECTION ( 'NONE',  ( 1.000000000000000000, 0.0000000000000000000, 0.0000000000000000000 ) ) ;
#189 = EDGE_CURVE ( 'NONE', #3783, #66, #1919, .T. ) ;
#190 = LINE ( 'NONE', #4562, #4514 ) ;
#191 = PRESENTATION_LAYER_ASSIGNMENT (  '', '', ( #3173 ) ) ;
#192 = SURFACE_SIDE_STYLE ('',( #6122 ) ) ;
#193 = FILL_AREA_STYLE_COLOUR ( '', #6379 ) ;
#194 = DIRECTION ( 'NONE',  ( -0.0000000000000000000, -0.0000000000000000000, -1.000000000000000000 ) ) ;
#195 = MECHANICAL_DESIGN_GEOMETRIC_PRESENTATION_REPRESENTATION (  '', ( #1616 ), #4853 ) ;
#196 = CARTESIAN_POINT ( 'NONE',  ( -2.700000000000001954, -3.299999999999998490, -0.4700000000000007505 ) ) ;
#197 = PLANE ( 'NONE',  #3530 ) ;
#198 = DIRECTION ( 'NONE',  ( 0.0000000000000000000, 0.0000000000000000000, 1.000000000000000000 ) ) ;
#199 = STYLED_ITEM ( 'NONE', ( #6452 ), #3218 ) ;
#200 = PRESENTATION_LAYER_ASSIGNMENT (  '', '', ( #3746 ) ) ;
#201 = COLOUR_RGB ( '',1.000000000000000000, 1.000000000000000000, 1.000000000000000000 ) ;
#202 = CARTESIAN_POINT ( 'NONE',  ( -0.5500000000000002665, -2.240667692902679420, -0.6999999999999999556 ) ) ;
#203 =( NAMED_UNIT ( * ) SI_UNIT ( $, .STERADIAN. ) SOLID_ANGLE_UNIT ( ) );
#204 = LINE ( 'NONE', #2292, #5905 ) ;
#205 = VECTOR ( 'NONE', #6690, 1000.000000000000000 ) ;
#206 = PLANE ( 'NONE',  #5434 ) ;
#207 = ORIENTED_EDGE ( 'NONE', *, *, #5319, .F. ) ;
#208 = VERTEX_POINT ( 'NONE', #1811 ) ;
#209 = CARTESIAN_POINT ( 'NONE',  ( -1.043697599916538765, 0.4413501301401799304, 0.4500000000000000666 ) ) ;
#210 = EDGE_CURVE ( 'NONE', #1125, #492, #3352, .T. ) ;
#211 = CARTESIAN_POINT ( 'NONE',  ( 1.562305442492822882, -0.6860159872360381828, 0.3500000000000000333 ) ) ;
#212 = EDGE_LOOP ( 'NONE', ( #1462, #2247, #5000, #3329 ) ) ;
#213 = CARTESIAN_POINT ( 'NONE',  ( -0.03316504619021998224, 2.110000814877110997, 0.3000000000000000444 ) ) ;
#214 = VERTEX_POINT ( 'NONE', #202 ) ;
#215 = EDGE_CURVE ( 'NONE', #2987, #1200, #305, .T. ) ;
#216 = FACE_OUTER_BOUND ( 'NONE', #1865, .T. ) ;
#217 = DIRECTION ( 'NONE',  ( 0.0000000000000000000, -1.000000000000000000, 0.0000000000000000000 ) ) ;
#218 = DIRECTION ( 'NONE',  ( 0.0000000000000000000, -1.000000000000000000, 0.0000000000000000000 ) ) ;
#219 = ORIENTED_EDGE ( 'NONE', *, *, #4771, .T. ) ;
#220 = FILL_AREA_STYLE_COLOUR ( '', #4398 ) ;
#221 = ORIENTED_EDGE ( 'NONE', *, *, #6767, .T. ) ;
#222 = CONICAL_SURFACE ( 'NONE', #3988, 1.699999999999999956, 0.5410520681182429126 ) ;
#223 = EDGE_CURVE ( 'NONE', #1703, #1828, #6692, .T. ) ;
#224 = CARTESIAN_POINT ( 'NONE',  ( -2.486873320506370000, -1.199999999999999734, -0.2504719656739949341 ) ) ;
#225 = CARTESIAN_POINT ( 'NONE',  ( 2.400000000000001243, 1.200000000000000622, -0.5700000000000000622 ) ) ;
#226 = CARTESIAN_POINT ( 'NONE',  ( 0.2103187164337327886, -2.056952929731181712, 0.3000000000000000444 ) ) ;
#227 = STYLED_ITEM ( 'NONE', ( #4769 ), #4251 ) ;
#228 = DIRECTION ( 'NONE',  ( 1.000000000000000000, 0.0000000000000000000, 0.0000000000000000000 ) ) ;
#229 = DIRECTION ( 'NONE',  ( -0.0000000000000000000, 1.000000000000000000, -0.0000000000000000000 ) ) ;
#230 = UNCERTAINTY_MEASURE_WITH_UNIT (LENGTH_MEASURE( 1.000000000000000082E-05 ), #4399, 'distance_accuracy_value', 'NONE');
#231 = LINE ( 'NONE', #5610, #823 ) ;
#232 = DIRECTION ( 'NONE',  ( -0.0000000000000000000, -0.0000000000000000000, -1.000000000000000000 ) ) ;
#233 = PRESENTATION_STYLE_ASSIGNMENT (( #3420 ) ) ;
#234 = LINE ( 'NONE', #1815, #6588 ) ;
#235 = CARTESIAN_POINT ( 'NONE',  ( -0.5500000000000000444, 1.049999999999999822, -0.6999999999999999556 ) ) ;
#236 = ORIENTED_EDGE ( 'NONE', *, *, #1149, .T. ) ;
#237 = AXIS2_PLACEMENT_3D ( 'NONE', #1717, #1753, #2227 ) ;
#238 = ORIENTED_EDGE ( 'NONE', *, *, #4757, .T. ) ;
#239 = CARTESIAN_POINT ( 'NONE',  ( 2.486873320506370000, 2.100000000000000089, -0.2504719656739949341 ) ) ;
#240 = UNCERTAINTY_MEASURE_WITH_UNIT (LENGTH_MEASURE( 1.000000000000000082E-05 ), #2804, 'distance_accuracy_value', 'NONE');
#241 = STYLED_ITEM ( 'NONE', ( #6401 ), #4741 ) ;
#242 = LINE ( 'NONE', #6603, #1550 ) ;
#243 = ORIENTED_EDGE ( 'NONE', *, *, #3022, .F. ) ;
#244 =( NAMED_UNIT ( * ) PLANE_ANGLE_UNIT ( ) SI_UNIT ( $, .RADIAN. ) );
#245 = AXIS2_PLACEMENT_3D ( 'NONE', #5544, #5005, #1929 ) ;
#246 = DIRECTION ( 'NONE',  ( -0.05233595624294388321, 0.0000000000000000000, -0.9986295347545739443 ) ) ;
#247 = EDGE_CURVE ( 'NONE', #6778, #5898, #743, .T. ) ;
#248 = EDGE_LOOP ( 'NONE', ( #4948, #2652, #2250, #2341 ) ) ;
#249 = UNCERTAINTY_MEASURE_WITH_UNIT (LENGTH_MEASURE( 1.000000000000000082E-05 ), #1737, 'distance_accuracy_value', 'NONE');
#250 = LINE ( 'NONE', #3341, #1795 ) ;
#251 = VECTOR ( 'NONE', #20, 1000.000000000000000 ) ;
#252 = DIRECTION ( 'NONE',  ( 1.185975313885231567E-16, -1.000000000000000000, -0.0000000000000000000 ) ) ;
#253 = ORIENTED_EDGE ( 'NONE', *, *, #5228, .T. ) ;
#254 = DIRECTION ( 'NONE',  ( -1.000000000000000000, -0.0000000000000000000, -0.0000000000000000000 ) ) ;
#255 = SURFACE_STYLE_FILL_AREA ( #2807 ) ;
#256 = ADVANCED_FACE ( 'NONE', ( #5464 ), #2849, .F. ) ;
#257 = ORIENTED_EDGE ( 'NONE', *, *, #5092, .F. ) ;
#258 = CARTESIAN_POINT ( 'NONE',  ( -0.03316504619021998224, -2.056952929731181712, 0.3500000000000000333 ) ) ;
#259 = PRODUCT_DEFINITION ( 'UNKNOWN', '', #319, #4059 ) ;
#260 =( NAMED_UNIT ( * ) PLANE_ANGLE_UNIT ( ) SI_UNIT ( $, .RADIAN. ) );
#261 = PLANE ( 'NONE',  #4252 ) ;
#262 = FILL_AREA_STYLE_COLOUR ( '', #2923 ) ;
#263 = FACE_OUTER_BOUND ( 'NONE', #2486, .T. ) ;
#264 = COLOUR_RGB ( '',1.000000000000000000, 1.000000000000000000, 1.000000000000000000 ) ;
#265 = VECTOR ( 'NONE', #591, 1000.000000000000114 ) ;
#266 = DIRECTION ( 'NONE',  ( 1.000000000000000000, 0.0000000000000000000, 0.0000000000000000000 ) ) ;
#267 = EDGE_CURVE ( 'NONE', #1102, #2654, #4470, .T. ) ;
#268 = FILL_AREA_STYLE_COLOUR ( '', #3920 ) ;
#269 = AXIS2_PLACEMENT_3D ( 'NONE', #1262, #1332, #4994 ) ;
#270 = CARTESIAN_POINT ( 'NONE',  ( 2.500000000000001332, 1.200000000000000400, -0.4700000000000001399 ) ) ;
#271 = LINE ( 'NONE', #4504, #1963 ) ;
#272 = CARTESIAN_POINT ( 'NONE',  ( -1.146028625818473756, -0.1370056143358102385, 0.3500000000000000333 ) ) ;
#273 = ORIENTED_EDGE ( 'NONE', *, *, #4460, .F. ) ;
#274 =( GEOMETRIC_REPRESENTATION_CONTEXT ( 3 ) GLOBAL_UNCERTAINTY_ASSIGNED_CONTEXT ( ( #851 ) ) GLOBAL_UNIT_ASSIGNED_CONTEXT ( ( #4226, #6368, #2772 ) ) REPRESENTATION_CONTEXT ( 'NONE', 'WORKASPACE' ) );
#275 = MECHANICAL_DESIGN_GEOMETRIC_PRESENTATION_REPRESENTATION (  '', ( #3033 ), #6709 ) ;
#276 = EDGE_CURVE ( 'NONE', #981, #4123, #808, .T. ) ;
#277 = ORIENTED_EDGE ( 'NONE', *, *, #6791, .F. ) ;
#278 = ORIENTED_EDGE ( 'NONE', *, *, #2419, .F. ) ;
#279 = LINE ( 'NONE', #821, #3932 ) ;
#280 = LINE ( 'NONE', #239, #5452 ) ;
#281 = VECTOR ( 'NONE', #4580, 1000.000000000000000 ) ;
#282 = SURFACE_STYLE_USAGE ( .BOTH. , #6182 ) ;
#283 = PLANE ( 'NONE',  #3334 ) ;
#284 = EDGE_LOOP ( 'NONE', ( #6806, #2017, #5663, #3163 ) ) ;
#285 = SURFACE_STYLE_USAGE ( .BOTH. , #2343 ) ;
#286 = COLOUR_RGB ( '',1.000000000000000000, 1.000000000000000000, 1.000000000000000000 ) ;
#287 = EDGE_LOOP ( 'NONE', ( #3396, #3619, #2231, #6528 ) ) ;
#288 = DIRECTION ( 'NONE',  ( -1.000000000000000000, 0.0000000000000000000, 0.0000000000000000000 ) ) ;
#289 = SURFACE_SIDE_STYLE ('',( #358 ) ) ;
#290 = VECTOR ( 'NONE', #2252, 1000.000000000000000 ) ;
#291 = CARTESIAN_POINT ( 'NONE',  ( 0.5500000000000000444, -2.240667692902679420, -0.5699999999999999512 ) ) ;
#292 = PRESENTATION_STYLE_ASSIGNMENT (( #5049 ) ) ;
#293 = ORIENTED_EDGE ( 'NONE', *, *, #5552, .F. ) ;
#294 = CARTESIAN_POINT ( 'NONE',  ( 2.500000000000002220, 1.099999999999999645, -1.113822951755387618E-17 ) ) ;
#295 = ORIENTED_EDGE ( 'NONE', *, *, #1771, .T. ) ;
#296 = VERTEX_POINT ( 'NONE', #5028 ) ;
#297 = DIRECTION ( 'NONE',  ( 0.0000000000000000000, 0.0000000000000000000, -1.000000000000000000 ) ) ;
#298 =( LENGTH_UNIT ( ) NAMED_UNIT ( * ) SI_UNIT ( .MILLI., .METRE. ) );
#299 = FACE_OUTER_BOUND ( 'NONE', #4778, .T. ) ;
#300 = ADVANCED_FACE ( 'NONE', ( #812 ), #5534, .F. ) ;
#301 = SURFACE_STYLE_USAGE ( .BOTH. , #5059 ) ;
#302 = CARTESIAN_POINT ( 'NONE',  ( 1.562305442492824215, -0.8360159872360380939, 0.3500000000000000333 ) ) ;
#303 = CIRCLE ( 'NONE', #1284, 0.1499999999999999667 ) ;
#304 = CARTESIAN_POINT ( 'NONE',  ( -2.400000000000002132, 1.200000000000000622, -0.2999999999999993783 ) ) ;
#305 = LINE ( 'NONE', #4540, #39 ) ;
#306 = CARTESIAN_POINT ( 'NONE',  ( 2.400000000000001243, -1.199999999999999734, -0.4699999999999998068 ) ) ;
#307 = ADVANCED_FACE ( 'NONE', ( #3563 ), #5643, .T. ) ;
#308 = CARTESIAN_POINT ( 'NONE',  ( -2.400000000000001243, -2.099999999999998312, -0.7699999999999999067 ) ) ;
#309 = PRESENTATION_STYLE_ASSIGNMENT (( #6030 ) ) ;
#310 = FILL_AREA_STYLE_COLOUR ( '', #4329 ) ;
#311 = MECHANICAL_DESIGN_GEOMETRIC_PRESENTATION_REPRESENTATION (  '', ( #1749 ), #2410 ) ;
#312 = VECTOR ( 'NONE', #6042, 1000.000000000000000 ) ;
#313 = ORIENTED_EDGE ( 'NONE', *, *, #6683, .T. ) ;
#314 = CIRCLE ( 'NONE', #2176, 0.3000000000000002665 ) ;
#315 = CARTESIAN_POINT ( 'NONE',  ( -2.500000000000000444, -1.199999999999999734, -0.5699999999999999512 ) ) ;
#316 = CARTESIAN_POINT ( 'NONE',  ( 1.700000000000000622, 2.100000000000000089, -0.5699999999999999512 ) ) ;
#317 = VECTOR ( 'NONE', #1434, 1000.000000000000000 ) ;
#318 = EDGE_CURVE ( 'NONE', #5116, #543, #3533, .T. ) ;
#319 = PRODUCT_DEFINITION_FORMATION_WITH_SPECIFIED_SOURCE ( 'ANY', '', #5303, .NOT_KNOWN. ) ;
#320 = ORIENTED_EDGE ( 'NONE', *, *, #2786, .T. ) ;
#321 = SURFACE_STYLE_FILL_AREA ( #2379 ) ;
#322 = MECHANICAL_DESIGN_GEOMETRIC_PRESENTATION_REPRESENTATION (  '', ( #1414 ), #5211 ) ;
#323 = PRESENTATION_LAYER_ASSIGNMENT (  '', '', ( #3307 ) ) ;
#324 =( NAMED_UNIT ( * ) PLANE_ANGLE_UNIT ( ) SI_UNIT ( $, .RADIAN. ) );
#325 = EDGE_LOOP ( 'NONE', ( #4147, #5821, #6313, #1787 ) ) ;
#326 = UNCERTAINTY_MEASURE_WITH_UNIT (LENGTH_MEASURE( 1.000000000000000082E-05 ), #3285, 'distance_accuracy_value', 'NONE');
#327 = CARTESIAN_POINT ( 'NONE',  ( -1.296028625818473667, -0.7287392438591724364, 0.3000000000000000444 ) ) ;
#328 = VECTOR ( 'NONE', #2587, 1000.000000000000000 ) ;
#329 = VERTEX_POINT ( 'NONE', #2996 ) ;
#330 = ORIENTED_EDGE ( 'NONE', *, *, #3910, .F. ) ;
#331 = FACE_OUTER_BOUND ( 'NONE', #1151, .T. ) ;
#332 =( LENGTH_UNIT ( ) NAMED_UNIT ( * ) SI_UNIT ( .MILLI., .METRE. ) );
#333 = LINE ( 'NONE', #1803, #694 ) ;
#334 = DIRECTION ( 'NONE',  ( 1.000000000000000000, 0.0000000000000000000, -0.0000000000000000000 ) ) ;
#335 = LINE ( 'NONE', #408, #4974 ) ;
#336 = FILL_AREA_STYLE ('',( #1809 ) ) ;
#337 = PRESENTATION_LAYER_ASSIGNMENT (  '', '', ( #6315 ) ) ;
#338 = EDGE_CURVE ( 'NONE', #3016, #6652, #3139, .T. ) ;
#339 =( NAMED_UNIT ( * ) SI_UNIT ( $, .STERADIAN. ) SOLID_ANGLE_UNIT ( ) );
#340 = LINE ( 'NONE', #270, #4907 ) ;
#341 = FILL_AREA_STYLE ('',( #6134 ) ) ;
#342 = AXIS2_PLACEMENT_3D ( 'NONE', #3984, #344, #818 ) ;
#343 = PRESENTATION_STYLE_ASSIGNMENT (( #1851 ) ) ;
#344 = DIRECTION ( 'NONE',  ( 0.0000000000000000000, 1.000000000000000000, 0.0000000000000000000 ) ) ;
#345 = ORIENTED_EDGE ( 'NONE', *, *, #1394, .T. ) ;
#346 = EDGE_CURVE ( 'NONE', #1619, #2207, #6253, .T. ) ;
#347 = CARTESIAN_POINT ( 'NONE',  ( 0.2838201673205150155, 0.4046747618464905383, 0.4500000000000000666 ) ) ;
#348 = CARTESIAN_POINT ( 'NONE',  ( 0.2103187164337324833, 0.4570589046025521629, 0.3500000000000000333 ) ) ;
#349 = EDGE_CURVE ( 'NONE', #1972, #2663, #4749, .T. ) ;
#350 =( LENGTH_UNIT ( ) NAMED_UNIT ( * ) SI_UNIT ( .MILLI., .METRE. ) );
#351 = AXIS2_PLACEMENT_3D ( 'NONE', #6454, #3780, #1000 ) ;
#352 = ORIENTED_EDGE ( 'NONE', *, *, #773, .T. ) ;
#353 = SURFACE_SIDE_STYLE ('',( #4064 ) ) ;
#354 = DIRECTION ( 'NONE',  ( 0.0000000000000000000, -1.000000000000000000, 0.0000000000000000000 ) ) ;
#355 = ADVANCED_FACE ( 'NONE', ( #5166 ), #469, .F. ) ;
#356 = ORIENTED_EDGE ( 'NONE', *, *, #4430, .F. ) ;
#357 =( GEOMETRIC_REPRESENTATION_CONTEXT ( 3 ) GLOBAL_UNCERTAINTY_ASSIGNED_CONTEXT ( ( #5868 ) ) GLOBAL_UNIT_ASSIGNED_CONTEXT ( ( #1800, #3933, #5597 ) ) REPRESENTATION_CONTEXT ( 'NONE', 'WORKASPACE' ) );
#358 = SURFACE_STYLE_FILL_AREA ( #4107 ) ;
#359 = DIRECTION ( 'NONE',  ( 1.000000000000000000, 0.0000000000000000000, 0.0000000000000000000 ) ) ;
#360 = ORIENTED_EDGE ( 'NONE', *, *, #5385, .T. ) ;
#361 = VECTOR ( 'NONE', #3465, 1000.000000000000000 ) ;
#362 = VERTEX_POINT ( 'NONE', #4682 ) ;
#363 = ORIENTED_EDGE ( 'NONE', *, *, #3775, .T. ) ;
#364 = CARTESIAN_POINT ( 'NONE',  ( -0.1831650461902210869, -0.2870056143358111767, 0.3500000000000000333 ) ) ;
#365 = CARTESIAN_POINT ( 'NONE',  ( 2.400000000000001243, 2.100000000000000089, -0.4699999999999998068 ) ) ;
#366 = CYLINDRICAL_SURFACE ( 'NONE', #6294, 0.3000000000000003775 ) ;
#367 = SURFACE_STYLE_FILL_AREA ( #6197 ) ;
#368 = FACE_OUTER_BOUND ( 'NONE', #4007, .T. ) ;
#369 = PLANE ( 'NONE',  #6841 ) ;
#370 =( GEOMETRIC_REPRESENTATION_CONTEXT ( 3 ) GLOBAL_UNCERTAINTY_ASSIGNED_CONTEXT ( ( #6427 ) ) GLOBAL_UNIT_ASSIGNED_CONTEXT ( ( #4359, #1705, #1194 ) ) REPRESENTATION_CONTEXT ( 'NONE', 'WORKASPACE' ) );
#371 = DIRECTION ( 'NONE',  ( -0.05226442768871396305, -0.05226442768871396305, 0.9972646886342373396 ) ) ;
#372 = CARTESIAN_POINT ( 'NONE',  ( 0.2838201673205150710, -0.4871897488101240015, 0.4500000000000000666 ) ) ;
#373 = COLOUR_RGB ( '',0.8313725490196077761, 0.8392156862745098200, 0.8313725490196077761 ) ;
#374 = CARTESIAN_POINT ( 'NONE',  ( -2.500000000000002220, -2.199999999999999734, 0.0000000000000000000 ) ) ;
#375 = PRESENTATION_LAYER_ASSIGNMENT (  '', '', ( #6474 ) ) ;
#376 = DIRECTION ( 'NONE',  ( 0.0000000000000000000, -1.000000000000000000, -0.0000000000000000000 ) ) ;
#377 =( NAMED_UNIT ( * ) SI_UNIT ( $, .STERADIAN. ) SOLID_ANGLE_UNIT ( ) );
#378 = EDGE_CURVE ( 'NONE', #1445, #981, #2055, .T. ) ;
#379 = CARTESIAN_POINT ( 'NONE',  ( -1.146028625818473756, -0.6832195235787661414, 0.3000000000000000444 ) ) ;
#380 =( GEOMETRIC_REPRESENTATION_CONTEXT ( 3 ) GLOBAL_UNCERTAINTY_ASSIGNED_CONTEXT ( ( #1884 ) ) GLOBAL_UNIT_ASSIGNED_CONTEXT ( ( #413, #4650, #443 ) ) REPRESENTATION_CONTEXT ( 'NONE', 'WORKASPACE' ) );
#381 = AXIS2_PLACEMENT_3D ( 'NONE', #1782, #3536, #6662 ) ;
#382 = VERTEX_POINT ( 'NONE', #4160 ) ;
#383 = DIRECTION ( 'NONE',  ( 8.673617379884033894E-15, 0.0000000000000000000, 1.000000000000000000 ) ) ;
#384 =( LENGTH_UNIT ( ) NAMED_UNIT ( * ) SI_UNIT ( .MILLI., .METRE. ) );
#385 = LINE ( 'NONE', #755, #788 ) ;
#386 =( NAMED_UNIT ( * ) SI_UNIT ( $, .STERADIAN. ) SOLID_ANGLE_UNIT ( ) );
#387 = CIRCLE ( 'NONE', #5365, 0.3000000000000000444 ) ;
#388 = ADVANCED_FACE ( 'NONE', ( #6305 ), #1502, .T. ) ;
#389 = DIRECTION ( 'NONE',  ( 1.000000000000000000, 0.0000000000000000000, 0.0000000000000000000 ) ) ;
#390 = ORIENTED_EDGE ( 'NONE', *, *, #6236, .F. ) ;
#391 = LINE ( 'NONE', #4699, #6385 ) ;
#392 = VECTOR ( 'NONE', #4692, 1000.000000000000000 ) ;
#393 = EDGE_LOOP ( 'NONE', ( #4458, #4408, #5001, #5659, #6309, #3997 ) ) ;
#394 = UNCERTAINTY_MEASURE_WITH_UNIT (LENGTH_MEASURE( 1.000000000000000082E-05 ), #1138, 'distance_accuracy_value', 'NONE');
#395 = FILL_AREA_STYLE_COLOUR ( '', #6189 ) ;
#396 = EDGE_CURVE ( 'NONE', #3758, #577, #4913, .T. ) ;
#397 = LINE ( 'NONE', #6717, #2422 ) ;
#398 = ORIENTED_EDGE ( 'NONE', *, *, #2241, .T. ) ;
#399 =( GEOMETRIC_REPRESENTATION_CONTEXT ( 3 ) GLOBAL_UNCERTAINTY_ASSIGNED_CONTEXT ( ( #730 ) ) GLOBAL_UNIT_ASSIGNED_CONTEXT ( ( #2365, #779, #6131 ) ) REPRESENTATION_CONTEXT ( 'NONE', 'WORKASPACE' ) );
#400 = FILL_AREA_STYLE ('',( #1527 ) ) ;
#401 = ORIENTED_EDGE ( 'NONE', *, *, #6290, .F. ) ;
#402 = VERTEX_POINT ( 'NONE', #5295 ) ;
#403 = CARTESIAN_POINT ( 'NONE',  ( 1.930905544980987543, -2.056952929731181268, 0.3500000000000000333 ) ) ;
#404 = MECHANICAL_DESIGN_GEOMETRIC_PRESENTATION_REPRESENTATION (  '', ( #4617 ), #4052 ) ;
#405 = SURFACE_SIDE_STYLE ('',( #1531 ) ) ;
#406 = FILL_AREA_STYLE ('',( #3100 ) ) ;
#407 = ADVANCED_FACE ( 'NONE', ( #3696 ), #2637, .F. ) ;
#408 = CARTESIAN_POINT ( 'NONE',  ( -1.919276727925023351, -0.8787392438591723476, 0.3500000000000000333 ) ) ;
#409 = LINE ( 'NONE', #954, #4678 ) ;
#410 = CARTESIAN_POINT ( 'NONE',  ( 0.3603187164337327553, 0.9751250982098667031, 0.3500000000000000333 ) ) ;
#411 = ORIENTED_EDGE ( 'NONE', *, *, #5615, .T. ) ;
#412 = COLOUR_RGB ( '',0.8980392156862745390, 0.9215686274509803377, 0.9294117647058823817 ) ;
#413 =( LENGTH_UNIT ( ) NAMED_UNIT ( * ) SI_UNIT ( .MILLI., .METRE. ) );
#414 = LINE ( 'NONE', #4228, #4468 ) ;
#415 = PRESENTATION_STYLE_ASSIGNMENT (( #5168 ) ) ;
#416 = DIRECTION ( 'NONE',  ( 0.0000000000000000000, -1.000000000000000000, 0.0000000000000000000 ) ) ;
#417 = EDGE_LOOP ( 'NONE', ( #1875, #4319, #2572, #3914 ) ) ;
#418 = DIRECTION ( 'NONE',  ( 0.7071067811865474617, 0.7071067811865474617, -0.0000000000000000000 ) ) ;
#419 = SURFACE_STYLE_USAGE ( .BOTH. , #5175 ) ;
#420 = PLANE ( 'NONE',  #3302 ) ;
#421 = VECTOR ( 'NONE', #2765, 1000.000000000000000 ) ;
#422 = CARTESIAN_POINT ( 'NONE',  ( 1.262305442492821728, 0.6070589046025534063, 0.3000000000000000444 ) ) ;
#423 = ORIENTED_EDGE ( 'NONE', *, *, #4136, .T. ) ;
#424 = FILL_AREA_STYLE_COLOUR ( '', #2279 ) ;
#425 = MECHANICAL_DESIGN_GEOMETRIC_PRESENTATION_REPRESENTATION (  '', ( #1410 ), #3079 ) ;
#426 = EDGE_CURVE ( 'NONE', #6118, #524, #5813, .T. ) ;
#427 = SURFACE_SIDE_STYLE ('',( #2420 ) ) ;
#428 = FACE_OUTER_BOUND ( 'NONE', #3259, .T. ) ;
#429 = SURFACE_STYLE_FILL_AREA ( #4035 ) ;
#430 = VECTOR ( 'NONE', #1225, 1000.000000000000000 ) ;
#431 = VECTOR ( 'NONE', #121, 1000.000000000000000 ) ;
#432 = VERTEX_POINT ( 'NONE', #5358 ) ;
#433 = PLANE ( 'NONE',  #4748 ) ;
#434 = VERTEX_POINT ( 'NONE', #598 ) ;
#435 = ORIENTED_EDGE ( 'NONE', *, *, #5508, .F. ) ;
#436 = EDGE_CURVE ( 'NONE', #1580, #1657, #2580, .T. ) ;
#437 = VECTOR ( 'NONE', #1442, 1000.000000000000000 ) ;
#438 = DIRECTION ( 'NONE',  ( 0.0000000000000000000, -1.000000000000000000, 0.0000000000000000000 ) ) ;
#439 = LINE ( 'NONE', #3523, #5033 ) ;
#440 = CARTESIAN_POINT ( 'NONE',  ( 0.0000000000000000000, 0.0000000000000000000, 0.3007161552948416916 ) ) ;
#441 = DIRECTION ( 'NONE',  ( 0.05233595624294388321, -0.0000000000000000000, 0.9986295347545739443 ) ) ;
#442 = ORIENTED_EDGE ( 'NONE', *, *, #4341, .F. ) ;
#443 =( NAMED_UNIT ( * ) SI_UNIT ( $, .STERADIAN. ) SOLID_ANGLE_UNIT ( ) );
#444 = FILL_AREA_STYLE ('',( #6334 ) ) ;
#445 = LINE ( 'NONE', #1539, #6459 ) ;
#446 = FACE_OUTER_BOUND ( 'NONE', #3085, .T. ) ;
#447 = VERTEX_POINT ( 'NONE', #3170 ) ;
#448 = COLOUR_RGB ( '',1.000000000000000000, 1.000000000000000000, 1.000000000000000000 ) ;
#449 = DIRECTION ( 'NONE',  ( 1.000000000000000000, 2.520540444682888024E-16, -0.0000000000000000000 ) ) ;
#450 = PLANE ( 'NONE',  #4519 ) ;
#451 = ORIENTED_EDGE ( 'NONE', *, *, #757, .F. ) ;
#452 = PRESENTATION_STYLE_ASSIGNMENT (( #6773 ) ) ;
#453 = ORIENTED_EDGE ( 'NONE', *, *, #4086, .F. ) ;
#454 = PRESENTATION_STYLE_ASSIGNMENT (( #549 ) ) ;
#455 = ORIENTED_EDGE ( 'NONE', *, *, #5201, .F. ) ;
#456 = ADVANCED_FACE ( 'NONE', ( #534 ), #2705, .T. ) ;
#457 = CARTESIAN_POINT ( 'NONE',  ( 0.4838201673205150821, 1.116322564166215559, 0.4500000000000000666 ) ) ;
#458 = EDGE_LOOP ( 'NONE', ( #4054, #1393, #3094, #6844 ) ) ;
#459 = ORIENTED_EDGE ( 'NONE', *, *, #6064, .F. ) ;
#460 = CARTESIAN_POINT ( 'NONE',  ( -2.463314554501873310, 0.0000000000000000000, -0.6999999999999999556 ) ) ;
#461 = AXIS2_PLACEMENT_3D ( 'NONE', #1861, #2973, #1789 ) ;
#462 = SURFACE_STYLE_FILL_AREA ( #6725 ) ;
#463 = DIRECTION ( 'NONE',  ( -1.000000000000000000, -2.353123974012615088E-15, 0.0000000000000000000 ) ) ;
#464 = EDGE_CURVE ( 'NONE', #5081, #3593, #1155, .T. ) ;
#465 = DIRECTION ( 'NONE',  ( 1.000000000000000000, 0.0000000000000000000, 0.0000000000000000000 ) ) ;
#466 = EDGE_LOOP ( 'NONE', ( #1044, #5411, #4067, #4552 ) ) ;
#467 = EDGE_CURVE ( 'NONE', #5708, #6753, #3448, .T. ) ;
#468 = MECHANICAL_DESIGN_GEOMETRIC_PRESENTATION_REPRESENTATION (  '', ( #5562 ), #3798 ) ;
#469 = PLANE ( 'NONE',  #4265 ) ;
#470 =( NAMED_UNIT ( * ) PLANE_ANGLE_UNIT ( ) SI_UNIT ( $, .RADIAN. ) );
#471 = FILL_AREA_STYLE_COLOUR ( '', #6010 ) ;
#472 = SURFACE_SIDE_STYLE ('',( #5230 ) ) ;
#473 = AXIS2_PLACEMENT_3D ( 'NONE', #4464, #2883, #5022 ) ;
#474 = ADVANCED_FACE ( 'NONE', ( #1742 ), #4950, .T. ) ;
#475 = DIRECTION ( 'NONE',  ( -1.000000000000000000, 0.0000000000000000000, 0.0000000000000000000 ) ) ;
#476 = EDGE_LOOP ( 'NONE', ( #510, #6194, #3931, #1180 ) ) ;
#477 = SURFACE_SIDE_STYLE ('',( #6209 ) ) ;
#478 = MECHANICAL_DESIGN_GEOMETRIC_PRESENTATION_REPRESENTATION (  '', ( #1577 ), #150 ) ;
#479 =( NAMED_UNIT ( * ) PLANE_ANGLE_UNIT ( ) SI_UNIT ( $, .RADIAN. ) );
#480 = PLANE ( 'NONE',  #6008 ) ;
#481 = DIRECTION ( 'NONE',  ( -4.818676322157797375E-16, -1.000000000000000000, -1.466503673540475756E-30 ) ) ;
#482 = CARTESIAN_POINT ( 'NONE',  ( 0.5500000000000000444, -2.240667692902679420, -0.5699999999999999512 ) ) ;
#483 = ADVANCED_FACE ( 'NONE', ( #3935 ), #6578, .T. ) ;
#484 = ORIENTED_EDGE ( 'NONE', *, *, #2607, .F. ) ;
#485 = VECTOR ( 'NONE', #6078, 1000.000000000000000 ) ;
#486 = LINE ( 'NONE', #1582, #1600 ) ;
#487 = VERTEX_POINT ( 'NONE', #6511 ) ;
#488 = VECTOR ( 'NONE', #3000, 1000.000000000000000 ) ;
#489 =( NAMED_UNIT ( * ) PLANE_ANGLE_UNIT ( ) SI_UNIT ( $, .RADIAN. ) );
#490 = ORIENTED_EDGE ( 'NONE', *, *, #2530, .T. ) ;
#491 = PRESENTATION_STYLE_ASSIGNMENT (( #3655 ) ) ;
#492 = VERTEX_POINT ( 'NONE', #6087 ) ;
#493 = AXIS2_PLACEMENT_3D ( 'NONE', #347, #3464, #6704 ) ;
#494 = CIRCLE ( 'NONE', #706, 0.5500000000000000444 ) ;
#495 = ORIENTED_EDGE ( 'NONE', *, *, #848, .F. ) ;
#496 = DIRECTION ( 'NONE',  ( 1.000000000000000000, -0.0000000000000000000, -0.0000000000000000000 ) ) ;
#497 = MECHANICAL_DESIGN_GEOMETRIC_PRESENTATION_REPRESENTATION (  '', ( #4172 ), #1930 ) ;
#498 = DIRECTION ( 'NONE',  ( 1.000000000000000000, 0.0000000000000000000, -3.071906155375592215E-15 ) ) ;
#499 = LINE ( 'NONE', #5911, #3204 ) ;
#500 = CARTESIAN_POINT ( 'NONE',  ( -0.03316504619021998224, -2.056952929731181712, 0.3500000000000000333 ) ) ;
#501 = LINE ( 'NONE', #3692, #4955 ) ;
#502 = ORIENTED_EDGE ( 'NONE', *, *, #4363, .T. ) ;
#503 = VECTOR ( 'NONE', #1802, 1000.000000000000000 ) ;
#504 = SURFACE_STYLE_USAGE ( .BOTH. , #4089 ) ;
#505 = EDGE_CURVE ( 'NONE', #6267, #5724, #704, .T. ) ;
#506 = FILL_AREA_STYLE_COLOUR ( '', #6240 ) ;
#507 = DIRECTION ( 'NONE',  ( -0.0000000000000000000, -1.000000000000000000, -0.0000000000000000000 ) ) ;
#508 = FILL_AREA_STYLE ('',( #2513 ) ) ;
#509 = DIRECTION ( 'NONE',  ( 1.000000000000000000, 4.818676322157797375E-16, -3.047392128993071134E-15 ) ) ;
#510 = ORIENTED_EDGE ( 'NONE', *, *, #2198, .F. ) ;
#511 = COLOUR_RGB ( '',0.8980392156862745390, 0.9215686274509803377, 0.9294117647058823817 ) ;
#512 = DIRECTION ( 'NONE',  ( -1.000000000000000000, 0.0000000000000000000, 0.0000000000000000000 ) ) ;
#513 = EDGE_CURVE ( 'NONE', #5050, #1312, #771, .T. ) ;
#514 = CARTESIAN_POINT ( 'NONE',  ( 0.2838201673205150710, 0.2046747618464905827, 0.4500000000000000666 ) ) ;
#515 = DIRECTION ( 'NONE',  ( 0.0000000000000000000, -1.000000000000000000, 0.0000000000000000000 ) ) ;
#516 = CARTESIAN_POINT ( 'NONE',  ( 1.700000000000000400, 1.200000000000000622, -0.7699999999999999067 ) ) ;
#517 = DIRECTION ( 'NONE',  ( -2.710505431213759113E-16, 1.000000000000000000, 0.0000000000000000000 ) ) ;
#518 = EDGE_LOOP ( 'NONE', ( #728, #3361, #6447, #390 ) ) ;
#519 = MECHANICAL_DESIGN_GEOMETRIC_PRESENTATION_REPRESENTATION (  '', ( #1836 ), #6054 ) ;
#520 = ORIENTED_EDGE ( 'NONE', *, *, #4919, .T. ) ;
#521 = EDGE_CURVE ( 'NONE', #4690, #3016, #5020, .T. ) ;
#522 = VECTOR ( 'NONE', #6291, 1000.000000000000000 ) ;
#523 = CARTESIAN_POINT ( 'NONE',  ( 2.499117102666011725, -2.099999999999999645, -0.01684668471109857651 ) ) ;
#524 = VERTEX_POINT ( 'NONE', #5601 ) ;
#525 = CARTESIAN_POINT ( 'NONE',  ( 2.486873320506370000, 1.200000000000000622, -0.2504719656739949341 ) ) ;
#526 = EDGE_LOOP ( 'NONE', ( #4663, #1982, #2605, #2896 ) ) ;
#527 = VECTOR ( 'NONE', #1733, 1000.000000000000000 ) ;
#528 = ORIENTED_EDGE ( 'NONE', *, *, #2272, .F. ) ;
#529 = CARTESIAN_POINT ( 'NONE',  ( -2.499117102666011725, 2.100000000000000089, -0.01684668471109857651 ) ) ;
#530 = CARTESIAN_POINT ( 'NONE',  ( 0.0000000000000000000, 0.0000000000000000000, 0.8000000000000000444 ) ) ;
#531 = DIRECTION ( 'NONE',  ( 3.043374519257556424E-15, 0.0000000000000000000, -1.000000000000000000 ) ) ;
#532 = ORIENTED_EDGE ( 'NONE', *, *, #378, .F. ) ;
#533 = PRESENTATION_LAYER_ASSIGNMENT (  '', '', ( #2077 ) ) ;
#534 = FACE_OUTER_BOUND ( 'NONE', #1647, .T. ) ;
#535 =( LENGTH_UNIT ( ) NAMED_UNIT ( * ) SI_UNIT ( .MILLI., .METRE. ) );
#536 = DIRECTION ( 'NONE',  ( -3.043374519257556424E-15, -0.0000000000000000000, -1.000000000000000000 ) ) ;
#537 = EDGE_CURVE ( 'NONE', #1594, #3850, #4494, .T. ) ;
#538 = ORIENTED_EDGE ( 'NONE', *, *, #5472, .F. ) ;
#539 = CARTESIAN_POINT ( 'NONE',  ( 0.2838201673205150155, 0.4046747618464905383, 0.4500000000000000666 ) ) ;
#540 =( NAMED_UNIT ( * ) PLANE_ANGLE_UNIT ( ) SI_UNIT ( $, .RADIAN. ) );
#541 = FACE_OUTER_BOUND ( 'NONE', #2136, .T. ) ;
#542 = DIRECTION ( 'NONE',  ( 1.000000000000000000, 4.818676322157797375E-16, -3.043374519257556424E-15 ) ) ;
#543 = VERTEX_POINT ( 'NONE', #1912 ) ;
#544 = ADVANCED_FACE ( 'NONE', ( #1425 ), #4040, .F. ) ;
#545 = ORIENTED_EDGE ( 'NONE', *, *, #5150, .T. ) ;
#546 = VECTOR ( 'NONE', #3864, 1000.000000000000000 ) ;
#547 = EDGE_CURVE ( 'NONE', #6492, #3758, #2500, .T. ) ;
#548 = SURFACE_STYLE_FILL_AREA ( #6388 ) ;
#549 = SURFACE_STYLE_USAGE ( .BOTH. , #5213 ) ;
#550 = STYLED_ITEM ( 'NONE', ( #4864 ), #4032 ) ;
#551 = CARTESIAN_POINT ( 'NONE',  ( -0.9960286258184738450, -0.1370056143358112655, 0.3500000000000000333 ) ) ;
#552 = ORIENTED_EDGE ( 'NONE', *, *, #513, .T. ) ;
#553 = EDGE_CURVE ( 'NONE', #2654, #820, #387, .T. ) ;
#554 = CARTESIAN_POINT ( 'NONE',  ( -1.599999999999999867, 1.100000000000000089, -0.5699999999999999512 ) ) ;
#555 = ORIENTED_EDGE ( 'NONE', *, *, #60, .T. ) ;
#556 =( NAMED_UNIT ( * ) SI_UNIT ( $, .STERADIAN. ) SOLID_ANGLE_UNIT ( ) );
#557 = DIRECTION ( 'NONE',  ( -1.000000000000000000, -2.520540444682888024E-16, 0.0000000000000000000 ) ) ;
#558 =( GEOMETRIC_REPRESENTATION_CONTEXT ( 3 ) GLOBAL_UNCERTAINTY_ASSIGNED_CONTEXT ( ( #2724 ) ) GLOBAL_UNIT_ASSIGNED_CONTEXT ( ( #2296, #3909, #2959 ) ) REPRESENTATION_CONTEXT ( 'NONE', 'WORKASPACE' ) );
#559 = EDGE_CURVE ( 'NONE', #4278, #1323, #909, .T. ) ;
#560 = CARTESIAN_POINT ( 'NONE',  ( 2.470127565808668990, -1.199999999999999734, -0.5699999999999999512 ) ) ;
#561 = VERTEX_POINT ( 'NONE', #364 ) ;
#562 = DIRECTION ( 'NONE',  ( -0.0000000000000000000, -0.0000000000000000000, -1.000000000000000000 ) ) ;
#563 =( GEOMETRIC_REPRESENTATION_CONTEXT ( 3 ) GLOBAL_UNCERTAINTY_ASSIGNED_CONTEXT ( ( #583 ) ) GLOBAL_UNIT_ASSIGNED_CONTEXT ( ( #2769, #3232, #116 ) ) REPRESENTATION_CONTEXT ( 'NONE', 'WORKASPACE' ) );
#564 = UNCERTAINTY_MEASURE_WITH_UNIT (LENGTH_MEASURE( 1.000000000000000082E-05 ), #575, 'distance_accuracy_value', 'NONE');
#565 =( LENGTH_UNIT ( ) NAMED_UNIT ( * ) SI_UNIT ( .MILLI., .METRE. ) );
#566 = LINE ( 'NONE', #4812, #5349 ) ;
#567 = FILL_AREA_STYLE ('',( #4297 ) ) ;
#568 = FILL_AREA_STYLE ('',( #5363 ) ) ;
#569 = CARTESIAN_POINT ( 'NONE',  ( 2.500000000000002220, 1.200000000000000622, 0.0000000000000000000 ) ) ;
#570 = VECTOR ( 'NONE', #3151, 1000.000000000000000 ) ;
#571 = ORIENTED_EDGE ( 'NONE', *, *, #6311, .F. ) ;
#572 =( NAMED_UNIT ( * ) SI_UNIT ( $, .STERADIAN. ) SOLID_ANGLE_UNIT ( ) );
#573 = CIRCLE ( 'NONE', #1668, 0.1000000000000000194 ) ;
#574 = PLANE ( 'NONE',  #3481 ) ;
#575 =( LENGTH_UNIT ( ) NAMED_UNIT ( * ) SI_UNIT ( .MILLI., .METRE. ) );
#576 = SURFACE_STYLE_USAGE ( .BOTH. , #3213 ) ;
#577 = VERTEX_POINT ( 'NONE', #6261 ) ;
#578 = AXIS2_PLACEMENT_3D ( 'NONE', #2776, #6371, #5297 ) ;
#579 = VERTEX_POINT ( 'NONE', #3024 ) ;
#580 = ORIENTED_EDGE ( 'NONE', *, *, #5686, .T. ) ;
#581 =( NAMED_UNIT ( * ) SI_UNIT ( $, .STERADIAN. ) SOLID_ANGLE_UNIT ( ) );
#582 = DIRECTION ( 'NONE',  ( -0.05233595624294388321, 7.966796444468710527E-18, -0.9986295347545739443 ) ) ;
#583 = UNCERTAINTY_MEASURE_WITH_UNIT (LENGTH_MEASURE( 1.000000000000000082E-05 ), #2769, 'distance_accuracy_value', 'NONE');
#584 = EDGE_CURVE ( 'NONE', #5116, #4278, #5156, .T. ) ;
#585 = MECHANICAL_DESIGN_GEOMETRIC_PRESENTATION_REPRESENTATION (  '', ( #2127 ), #1026 ) ;
#586 = ORIENTED_EDGE ( 'NONE', *, *, #6754, .T. ) ;
#587 =( NAMED_UNIT ( * ) SI_UNIT ( $, .STERADIAN. ) SOLID_ANGLE_UNIT ( ) );
#588 = PRESENTATION_LAYER_ASSIGNMENT (  '', '', ( #4366 ) ) ;
#589 = EDGE_LOOP ( 'NONE', ( #3254, #453, #3336, #4310 ) ) ;
#590 = ADVANCED_FACE ( 'NONE', ( #331 ), #5191, .T. ) ;
#591 = DIRECTION ( 'NONE',  ( 0.7071067811865474617, 0.7071067811865474617, -0.0000000000000000000 ) ) ;
#592 = FILL_AREA_STYLE_COLOUR ( '', #201 ) ;
#593 = DIRECTION ( 'NONE',  ( 1.000000000000000000, 0.0000000000000000000, -0.0000000000000000000 ) ) ;
#594 = VECTOR ( 'NONE', #2467, 1000.000000000000000 ) ;
#595 = SURFACE_STYLE_USAGE ( .BOTH. , #2185 ) ;
#596 = CARTESIAN_POINT ( 'NONE',  ( 2.500000000000002220, -2.430009069179262848, 0.8000000000000000444 ) ) ;
#597 = ORIENTED_EDGE ( 'NONE', *, *, #6236, .T. ) ;
#598 = CARTESIAN_POINT ( 'NONE',  ( -1.043697599916538765, 0.4413501301401799304, 0.3500000000000000333 ) ) ;
#599 = VECTOR ( 'NONE', #6635, 1000.000000000000000 ) ;
#600 = ADVANCED_FACE ( 'NONE', ( #6228 ), #2430, .T. ) ;
#601 = LINE ( 'NONE', #6476, #290 ) ;
#602 = FACE_OUTER_BOUND ( 'NONE', #606, .T. ) ;
#603 = SURFACE_STYLE_USAGE ( .BOTH. , #5398 ) ;
#604 = CARTESIAN_POINT ( 'NONE',  ( -0.5500000000000001554, -1.049999999999999822, -0.5699999999999999512 ) ) ;
#605 = DIRECTION ( 'NONE',  ( -0.0000000000000000000, -1.000000000000000000, -0.0000000000000000000 ) ) ;
#606 = EDGE_LOOP ( 'NONE', ( #3186, #5936, #5950, #3164 ) ) ;
#607 = DIRECTION ( 'NONE',  ( 0.0000000000000000000, 0.0000000000000000000, 1.000000000000000000 ) ) ;
#608 = SURFACE_STYLE_FILL_AREA ( #3809 ) ;
#609 = FILL_AREA_STYLE_COLOUR ( '', #1457 ) ;
#610 = SURFACE_STYLE_USAGE ( .BOTH. , #3779 ) ;
#611 = DIRECTION ( 'NONE',  ( 1.000000000000000000, 0.0000000000000000000, 0.0000000000000000000 ) ) ;
#612 =( NAMED_UNIT ( * ) SI_UNIT ( $, .STERADIAN. ) SOLID_ANGLE_UNIT ( ) );
#613 = CARTESIAN_POINT ( 'NONE',  ( 0.5500000000000001554, 1.049999999999999822, -0.6999999999999999556 ) ) ;
#614 = ORIENTED_EDGE ( 'NONE', *, *, #873, .F. ) ;
#615 = PRESENTATION_LAYER_ASSIGNMENT (  '', '', ( #2378 ) ) ;
#616 = ORIENTED_EDGE ( 'NONE', *, *, #4005, .F. ) ;
#617 = VERTEX_POINT ( 'NONE', #5702 ) ;
#618 = DIRECTION ( 'NONE',  ( -0.0000000000000000000, -1.000000000000000000, -0.0000000000000000000 ) ) ;
#619 = PLANE ( 'NONE',  #2662 ) ;
#620 =( LENGTH_UNIT ( ) NAMED_UNIT ( * ) SI_UNIT ( .MILLI., .METRE. ) );
#621 = PRESENTATION_LAYER_ASSIGNMENT (  '', '', ( #3626 ) ) ;
#622 = ORIENTED_EDGE ( 'NONE', *, *, #2030, .F. ) ;
#623 = DIRECTION ( 'NONE',  ( 0.0000000000000000000, -1.000000000000000000, 0.0000000000000000000 ) ) ;
#624 = EDGE_CURVE ( 'NONE', #4482, #5656, #1156, .T. ) ;
#625 = PRESENTATION_LAYER_ASSIGNMENT (  '', '', ( #5622 ) ) ;
#626 = ORIENTED_EDGE ( 'NONE', *, *, #3565, .F. ) ;
#627 = CARTESIAN_POINT ( 'NONE',  ( 1.412305442492822749, 0.4570589046025523849, 0.3500000000000000333 ) ) ;
#628 = CARTESIAN_POINT ( 'NONE',  ( 2.471716000805965763, 1.200000000000000622, -0.5396908546970039522 ) ) ;
#629 = MECHANICAL_DESIGN_GEOMETRIC_PRESENTATION_REPRESENTATION (  '', ( #3086 ), #98 ) ;
#630 = FILL_AREA_STYLE_COLOUR ( '', #5985 ) ;
#631 = AXIS2_PLACEMENT_3D ( 'NONE', #6811, #3624, #5151 ) ;
#632 = VERTEX_POINT ( 'NONE', #4793 ) ;
#633 = CARTESIAN_POINT ( 'NONE',  ( -2.499117102666011725, 2.100000000000000089, -0.01684668471109857651 ) ) ;
#634 = SURFACE_SIDE_STYLE ('',( #5390 ) ) ;
#635 = VECTOR ( 'NONE', #2909, 1000.000000000000000 ) ;
#636 = ORIENTED_EDGE ( 'NONE', *, *, #3275, .T. ) ;
#637 = EDGE_CURVE ( 'NONE', #4482, #2564, #4672, .T. ) ;
#638 =( GEOMETRIC_REPRESENTATION_CONTEXT ( 3 ) GLOBAL_UNCERTAINTY_ASSIGNED_CONTEXT ( ( #2382 ) ) GLOBAL_UNIT_ASSIGNED_CONTEXT ( ( #2098, #4203, #4174 ) ) REPRESENTATION_CONTEXT ( 'NONE', 'WORKASPACE' ) );
#639 =( GEOMETRIC_REPRESENTATION_CONTEXT ( 3 ) GLOBAL_UNCERTAINTY_ASSIGNED_CONTEXT ( ( #1661 ) ) GLOBAL_UNIT_ASSIGNED_CONTEXT ( ( #5109, #897, #6674 ) ) REPRESENTATION_CONTEXT ( 'NONE', 'WORKASPACE' ) );
#640 = ADVANCED_FACE ( 'NONE', ( #3628 ), #983, .T. ) ;
#641 = DIRECTION ( 'NONE',  ( 0.0000000000000000000, 0.0000000000000000000, -1.000000000000000000 ) ) ;
#642 =( NAMED_UNIT ( * ) PLANE_ANGLE_UNIT ( ) SI_UNIT ( $, .RADIAN. ) );
#643 = DIRECTION ( 'NONE',  ( 0.0000000000000000000, 0.0000000000000000000, 1.000000000000000000 ) ) ;
#644 = LINE ( 'NONE', #2711, #4843 ) ;
#645 = PRODUCT_DEFINITION_SHAPE ( 'NONE', 'NONE',  #259 ) ;
#646 = PRESENTATION_LAYER_ASSIGNMENT (  '', '', ( #1749 ) ) ;
#647 = EDGE_CURVE ( 'NONE', #2029, #6415, #6532, .T. ) ;
#648 = VERTEX_POINT ( 'NONE', #1173 ) ;
#649 =( NAMED_UNIT ( * ) PLANE_ANGLE_UNIT ( ) SI_UNIT ( $, .RADIAN. ) );
#650 =( NAMED_UNIT ( * ) SI_UNIT ( $, .STERADIAN. ) SOLID_ANGLE_UNIT ( ) );
#651 = VECTOR ( 'NONE', #3543, 1000.000000000000000 ) ;
#652 = CARTESIAN_POINT ( 'NONE',  ( -2.400000000000002132, -2.099999999999999645, -0.2999999999999993783 ) ) ;
#653 = CARTESIAN_POINT ( 'NONE',  ( 2.500000000000001776, -2.099999999999999645, -0.2999999999999997113 ) ) ;
#654 = LINE ( 'NONE', #5607, #5010 ) ;
#655 = FACE_OUTER_BOUND ( 'NONE', #904, .T. ) ;
#656 = ORIENTED_EDGE ( 'NONE', *, *, #3703, .T. ) ;
#657 = ORIENTED_EDGE ( 'NONE', *, *, #6449, .F. ) ;
#658 = CARTESIAN_POINT ( 'NONE',  ( -0.5500000000000000444, 1.049999999999999822, -0.5699999999999999512 ) ) ;
#659 =( NAMED_UNIT ( * ) PLANE_ANGLE_UNIT ( ) SI_UNIT ( $, .RADIAN. ) );
#660 = UNCERTAINTY_MEASURE_WITH_UNIT (LENGTH_MEASURE( 1.000000000000000082E-05 ), #4230, 'distance_accuracy_value', 'NONE');
#661 = DIRECTION ( 'NONE',  ( -0.0000000000000000000, -0.0000000000000000000, -1.000000000000000000 ) ) ;
#662 = VERTEX_POINT ( 'NONE', #4410 ) ;
#663 = VECTOR ( 'NONE', #3443, 1000.000000000000000 ) ;
#664 = LINE ( 'NONE', #2661, #421 ) ;
#665 = ORIENTED_EDGE ( 'NONE', *, *, #2151, .F. ) ;
#666 = SURFACE_STYLE_USAGE ( .BOTH. , #6115 ) ;
#667 = EDGE_CURVE ( 'NONE', #1038, #6728, #3885, .T. ) ;
#668 =( NAMED_UNIT ( * ) SI_UNIT ( $, .STERADIAN. ) SOLID_ANGLE_UNIT ( ) );
#669 = SURFACE_SIDE_STYLE ('',( #1219 ) ) ;
#670 = ORIENTED_EDGE ( 'NONE', *, *, #4460, .T. ) ;
#671 = AXIS2_PLACEMENT_3D ( 'NONE', #551, #5280, #5798 ) ;
#672 = DIRECTION ( 'NONE',  ( 0.0000000000000000000, 1.000000000000000000, 0.0000000000000000000 ) ) ;
#673 = VECTOR ( 'NONE', #4155, 1000.000000000000000 ) ;
#674 = EDGE_CURVE ( 'NONE', #1898, #6728, #106, .T. ) ;
#675 = SURFACE_SIDE_STYLE ('',( #4298 ) ) ;
#676 = LINE ( 'NONE', #58, #844 ) ;
#677 =( GEOMETRIC_REPRESENTATION_CONTEXT ( 3 ) GLOBAL_UNCERTAINTY_ASSIGNED_CONTEXT ( ( #1822 ) ) GLOBAL_UNIT_ASSIGNED_CONTEXT ( ( #2875, #3970, #5088 ) ) REPRESENTATION_CONTEXT ( 'NONE', 'WORKASPACE' ) );
#678 = PLANE ( 'NONE',  #6821 ) ;
#679 = DIRECTION ( 'NONE',  ( 2.409338161078899674E-16, 1.000000000000000000, 0.0000000000000000000 ) ) ;
#680 = ADVANCED_FACE ( 'NONE', ( #6425 ), #2689, .F. ) ;
#681 = CARTESIAN_POINT ( 'NONE',  ( -0.1415856775653445976, 0.4413501301401799304, 0.3500000000000000333 ) ) ;
#682 =( GEOMETRIC_REPRESENTATION_CONTEXT ( 3 ) GLOBAL_UNCERTAINTY_ASSIGNED_CONTEXT ( ( #3220 ) ) GLOBAL_UNIT_ASSIGNED_CONTEXT ( ( #2266, #659, #1174 ) ) REPRESENTATION_CONTEXT ( 'NONE', 'WORKASPACE' ) );
#683 = LINE ( 'NONE', #3527, #6226 ) ;
#684 = ORIENTED_EDGE ( 'NONE', *, *, #4212, .F. ) ;
#685 = VERTEX_POINT ( 'NONE', #658 ) ;
#686 = VERTEX_POINT ( 'NONE', #5900 ) ;
#687 = PRESENTATION_LAYER_ASSIGNMENT (  '', '', ( #6688 ) ) ;
#688 = CARTESIAN_POINT ( 'NONE',  ( -1.699999999999999956, 2.081899558550500280E-16, 0.3000000000000000444 ) ) ;
#689 =( LENGTH_UNIT ( ) NAMED_UNIT ( * ) SI_UNIT ( .MILLI., .METRE. ) );
#690 = EDGE_CURVE ( 'NONE', #6162, #1856, #6001, .T. ) ;
#691 = FILL_AREA_STYLE ('',( #3367 ) ) ;
#692 = PRESENTATION_STYLE_ASSIGNMENT (( #5449 ) ) ;
#693 = ORIENTED_EDGE ( 'NONE', *, *, #3312, .F. ) ;
#694 = VECTOR ( 'NONE', #3938, 1000.000000000000000 ) ;
#695 = PRESENTATION_STYLE_ASSIGNMENT (( #1792 ) ) ;
#696 = EDGE_LOOP ( 'NONE', ( #4873, #2335, #5355, #5422 ) ) ;
#697 = AXIS2_PLACEMENT_3D ( 'NONE', #2447, #5753, #3643 ) ;
#698 = COLOUR_RGB ( '',0.8313725490196077761, 0.8392156862745098200, 0.8313725490196077761 ) ;
#699 = SURFACE_STYLE_FILL_AREA ( #3475 ) ;
#700 =( NAMED_UNIT ( * ) SI_UNIT ( $, .STERADIAN. ) SOLID_ANGLE_UNIT ( ) );
#701 = ORIENTED_EDGE ( 'NONE', *, *, #3216, .F. ) ;
#702 =( GEOMETRIC_REPRESENTATION_CONTEXT ( 3 ) GLOBAL_UNCERTAINTY_ASSIGNED_CONTEXT ( ( #6623 ) ) GLOBAL_UNIT_ASSIGNED_CONTEXT ( ( #850, #5097, #339 ) ) REPRESENTATION_CONTEXT ( 'NONE', 'WORKASPACE' ) );
#703 = AXIS2_PLACEMENT_3D ( 'NONE', #3878, #6420, #6487 ) ;
#704 = LINE ( 'NONE', #1360, #1804 ) ;
#705 = CARTESIAN_POINT ( 'NONE',  ( -1.600000000000000311, -2.199999999999999734, -0.6999999999999999556 ) ) ;
#706 = AXIS2_PLACEMENT_3D ( 'NONE', #2287, #6618, #1399 ) ;
#707 = LINE ( 'NONE', #775, #2072 ) ;
#708 = CARTESIAN_POINT ( 'NONE',  ( 2.470127565808668990, -2.099999999999997868, -0.5699999999999999512 ) ) ;
#709 = CIRCLE ( 'NONE', #5159, 0.1500000000000000222 ) ;
#710 = EDGE_CURVE ( 'NONE', #948, #4216, #938, .T. ) ;
#711 = FILL_AREA_STYLE ('',( #6023 ) ) ;
#712 = LINE ( 'NONE', #4956, #5026 ) ;
#713 = DIRECTION ( 'NONE',  ( 1.000000000000000000, -0.0000000000000000000, -0.0000000000000000000 ) ) ;
#714 = DIRECTION ( 'NONE',  ( -1.000000000000000000, 0.0000000000000000000, 0.0000000000000000000 ) ) ;
#715 = STYLED_ITEM ( 'NONE', ( #5858 ), #984 ) ;
#716 = PRESENTATION_STYLE_ASSIGNMENT (( #4961 ) ) ;
#717 = SURFACE_STYLE_FILL_AREA ( #5340 ) ;
#718 = ORIENTED_EDGE ( 'NONE', *, *, #3101, .F. ) ;
#719 = VERTEX_POINT ( 'NONE', #5973 ) ;
#720 = EDGE_CURVE ( 'NONE', #4110, #4637, #1208, .T. ) ;
#721 = PRESENTATION_LAYER_ASSIGNMENT (  '', '', ( #3617 ) ) ;
#722 = FACE_OUTER_BOUND ( 'NONE', #1094, .T. ) ;
#723 = UNCERTAINTY_MEASURE_WITH_UNIT (LENGTH_MEASURE( 1.000000000000000082E-05 ), #912, 'distance_accuracy_value', 'NONE');
#724 =( LENGTH_UNIT ( ) NAMED_UNIT ( * ) SI_UNIT ( .MILLI., .METRE. ) );
#725 = ORIENTED_EDGE ( 'NONE', *, *, #4971, .F. ) ;
#726 =( NAMED_UNIT ( * ) PLANE_ANGLE_UNIT ( ) SI_UNIT ( $, .RADIAN. ) );
#727 = EDGE_CURVE ( 'NONE', #6572, #3016, #4933, .T. ) ;
#728 = ORIENTED_EDGE ( 'NONE', *, *, #1937, .T. ) ;
#729 = VECTOR ( 'NONE', #1575, 1000.000000000000000 ) ;
#730 = UNCERTAINTY_MEASURE_WITH_UNIT (LENGTH_MEASURE( 1.000000000000000082E-05 ), #2365, 'distance_accuracy_value', 'NONE');
#731 = PRESENTATION_STYLE_ASSIGNMENT (( #666 ) ) ;
#732 = CARTESIAN_POINT ( 'NONE',  ( -2.500000000000002220, 2.500000000000002220, 0.0000000000000000000 ) ) ;
#733 = DIRECTION ( 'NONE',  ( -0.0000000000000000000, -1.000000000000000000, -0.0000000000000000000 ) ) ;
#734 = ORIENTED_EDGE ( 'NONE', *, *, #4960, .T. ) ;
#735 = FACE_OUTER_BOUND ( 'NONE', #2081, .T. ) ;
#736 = FACE_OUTER_BOUND ( 'NONE', #3194, .T. ) ;
#737 =( NAMED_UNIT ( * ) SI_UNIT ( $, .STERADIAN. ) SOLID_ANGLE_UNIT ( ) );
#738 = CIRCLE ( 'NONE', #631, 0.1000000000000000194 ) ;
#739 = CARTESIAN_POINT ( 'NONE',  ( -2.500000000000002665, 1.200000000000000400, 0.0000000000000000000 ) ) ;
#740 = MECHANICAL_DESIGN_GEOMETRIC_PRESENTATION_REPRESENTATION (  '', ( #1964 ), #4522 ) ;
#741 = CARTESIAN_POINT ( 'NONE',  ( -1.146028625818473756, -0.7287392438591713262, 0.3000000000000000444 ) ) ;
#742 = CARTESIAN_POINT ( 'NONE',  ( -2.700000000000001066, -1.199999999999999734, -0.4700000000000007505 ) ) ;
#743 = LINE ( 'NONE', #6093, #1031 ) ;
#744 = FILL_AREA_STYLE ('',( #2402 ) ) ;
#745 = CARTESIAN_POINT ( 'NONE',  ( -1.919276727925023351, -0.8787392438591723476, 0.3500000000000000333 ) ) ;
#746 = AXIS2_PLACEMENT_3D ( 'NONE', #3771, #643, #1122 ) ;
#747 = CARTESIAN_POINT ( 'NONE',  ( 2.500000000000002220, -2.099999999999999645, 0.0000000000000000000 ) ) ;
#748 = VECTOR ( 'NONE', #4768, 1000.000000000000000 ) ;
#749 = EDGE_CURVE ( 'NONE', #4419, #4272, #1699, .T. ) ;
#750 = DIRECTION ( 'NONE',  ( 0.0000000000000000000, -1.000000000000000000, 0.0000000000000000000 ) ) ;
#751 = ORIENTED_EDGE ( 'NONE', *, *, #5253, .T. ) ;
#752 = ORIENTED_EDGE ( 'NONE', *, *, #3096, .T. ) ;
#753 = VECTOR ( 'NONE', #1863, 1000.000000000000000 ) ;
#754 = DIRECTION ( 'NONE',  ( 1.000000000000000000, -0.0000000000000000000, -0.0000000000000000000 ) ) ;
#755 = CARTESIAN_POINT ( 'NONE',  ( 0.5500000000000001554, 2.254834989607331863, -0.6999999999999999556 ) ) ;
#756 = LINE ( 'NONE', #3506, #753 ) ;
#757 = EDGE_CURVE ( 'NONE', #2683, #3815, #1968, .T. ) ;
#758 = DIRECTION ( 'NONE',  ( 1.000000000000000000, 0.0000000000000000000, -0.0000000000000000000 ) ) ;
#759 = ORIENTED_EDGE ( 'NONE', *, *, #5027, .F. ) ;
#760 = EDGE_CURVE ( 'NONE', #4250, #50, #2588, .T. ) ;
#761 = ORIENTED_EDGE ( 'NONE', *, *, #6504, .F. ) ;
#762 = LINE ( 'NONE', #2310, #485 ) ;
#763 = MECHANICAL_DESIGN_GEOMETRIC_PRESENTATION_REPRESENTATION (  '', ( #4881 ), #6431 ) ;
#764 = ADVANCED_FACE ( 'NONE', ( #6180 ), #5075, .F. ) ;
#765 = CARTESIAN_POINT ( 'NONE',  ( 2.400000000000001243, 2.100000000000000089, -0.4699999999999998068 ) ) ;
#766 = CARTESIAN_POINT ( 'NONE',  ( 0.5500000000000000444, -1.049999999999999822, -0.5699999999999999512 ) ) ;
#767 = VERTEX_POINT ( 'NONE', #3989 ) ;
#768 = SURFACE_STYLE_USAGE ( .BOTH. , #4292 ) ;
#769 = ORIENTED_EDGE ( 'NONE', *, *, #3658, .T. ) ;
#770 = MECHANICAL_DESIGN_GEOMETRIC_PRESENTATION_REPRESENTATION (  '', ( #550 ), #1096 ) ;
#771 = LINE ( 'NONE', #3484, #1694 ) ;
#772 = DIRECTION ( 'NONE',  ( 0.0000000000000000000, 0.0000000000000000000, -1.000000000000000000 ) ) ;
#773 = EDGE_CURVE ( 'NONE', #3060, #4209, #279, .T. ) ;
#774 = SURFACE_STYLE_USAGE ( .BOTH. , #4013 ) ;
#775 = CARTESIAN_POINT ( 'NONE',  ( 0.2838201673205150710, -0.4871897488101240015, 0.4500000000000000666 ) ) ;
#776 = STYLED_ITEM ( 'NONE', ( #5623 ), #4388 ) ;
#777 = DIRECTION ( 'NONE',  ( -0.05233595624294388321, 0.0000000000000000000, 0.9986295347545739443 ) ) ;
#778 = VECTOR ( 'NONE', #5706, 1000.000000000000000 ) ;
#779 =( NAMED_UNIT ( * ) PLANE_ANGLE_UNIT ( ) SI_UNIT ( $, .RADIAN. ) );
#780 = PLANE ( 'NONE',  #6794 ) ;
#781 = DIRECTION ( 'NONE',  ( -1.000000000000000000, 0.0000000000000000000, 0.0000000000000000000 ) ) ;
#782 = DIRECTION ( 'NONE',  ( 0.0000000000000000000, 0.0000000000000000000, 1.000000000000000000 ) ) ;
#783 = EDGE_LOOP ( 'NONE', ( #725, #6061, #3155, #2970 ) ) ;
#784 = CONICAL_SURFACE ( 'NONE', #5017, 1.699999999999999956, 0.5410520681182429126 ) ;
#785 = ORIENTED_EDGE ( 'NONE', *, *, #6791, .T. ) ;
#786 = CARTESIAN_POINT ( 'NONE',  ( 1.930905544980987543, -2.056952929731181268, 0.3000000000000000444 ) ) ;
#787 = FILL_AREA_STYLE ('',( #2899 ) ) ;
#788 = VECTOR ( 'NONE', #3505, 1000.000000000000000 ) ;
#789 = PLANE ( 'NONE',  #2742 ) ;
#790 = ORIENTED_EDGE ( 'NONE', *, *, #1274, .F. ) ;
#791 = COLOUR_RGB ( '',1.000000000000000000, 1.000000000000000000, 1.000000000000000000 ) ;
#792 = LINE ( 'NONE', #4554, #6502 ) ;
#793 = EDGE_CURVE ( 'NONE', #6530, #1114, #5038, .T. ) ;
#794 = UNCERTAINTY_MEASURE_WITH_UNIT (LENGTH_MEASURE( 1.000000000000000082E-05 ), #565, 'distance_accuracy_value', 'NONE');
#795 = PLANE ( 'NONE',  #6352 ) ;
#796 = PRESENTATION_STYLE_ASSIGNMENT (( #5697 ) ) ;
#797 = PRESENTATION_LAYER_ASSIGNMENT (  '', '', ( #2220 ) ) ;
#798 = VERTEX_POINT ( 'NONE', #5543 ) ;
#799 = PRESENTATION_STYLE_ASSIGNMENT (( #6684 ) ) ;
#800 = VERTEX_POINT ( 'NONE', #2858 ) ;
#801 = STYLED_ITEM ( 'NONE', ( #4535 ), #5762 ) ;
#802 = EDGE_CURVE ( 'NONE', #3462, #1703, #5004, .T. ) ;
#803 =( NAMED_UNIT ( * ) SI_UNIT ( $, .STERADIAN. ) SOLID_ANGLE_UNIT ( ) );
#804 = DIRECTION ( 'NONE',  ( 0.0000000000000000000, -1.000000000000000000, 0.0000000000000000000 ) ) ;
#805 = CARTESIAN_POINT ( 'NONE',  ( -2.465004534589632978, -2.500000000000002220, 0.4000000000000000222 ) ) ;
#806 = SURFACE_STYLE_FILL_AREA ( #3415 ) ;
#807 = CARTESIAN_POINT ( 'NONE',  ( -2.700000000000001954, 2.100000000000000089, -0.3000000000000003220 ) ) ;
#808 = CIRCLE ( 'NONE', #4154, 0.1499999999999999667 ) ;
#809 = AXIS2_PLACEMENT_3D ( 'NONE', #3724, #1148, #5350 ) ;
#810 = CARTESIAN_POINT ( 'NONE',  ( 0.2103187164337327886, 0.9751250982098678133, 0.3500000000000000333 ) ) ;
#811 = ADVANCED_FACE ( 'NONE', ( #4622 ), #2448, .F. ) ;
#812 = FACE_OUTER_BOUND ( 'NONE', #4731, .T. ) ;
#813 = PRESENTATION_LAYER_ASSIGNMENT (  '', '', ( #4485 ) ) ;
#814 = PLANE ( 'NONE',  #4721 ) ;
#815 = DIRECTION ( 'NONE',  ( -0.0000000000000000000, -1.000000000000000000, -0.0000000000000000000 ) ) ;
#816 = DIRECTION ( 'NONE',  ( -0.0000000000000000000, -0.0000000000000000000, -1.000000000000000000 ) ) ;
#817 = CARTESIAN_POINT ( 'NONE',  ( 2.500000000000002220, 2.200000000000000178, 0.0000000000000000000 ) ) ;
#818 = DIRECTION ( 'NONE',  ( 0.0000000000000000000, 0.0000000000000000000, 1.000000000000000000 ) ) ;
#819 = ORIENTED_EDGE ( 'NONE', *, *, #4219, .F. ) ;
#820 = VERTEX_POINT ( 'NONE', #4057 ) ;
#821 = CARTESIAN_POINT ( 'NONE',  ( -1.043697599916538765, -0.1584055984559433750, 0.3500000000000000333 ) ) ;
#822 = DIRECTION ( 'NONE',  ( -0.0000000000000000000, -1.000000000000000000, -0.0000000000000000000 ) ) ;
#823 = VECTOR ( 'NONE', #371, 1000.000000000000000 ) ;
#824 = ORIENTED_EDGE ( 'NONE', *, *, #30, .T. ) ;
#825 = SURFACE_STYLE_FILL_AREA ( #1652 ) ;
#826 = STYLED_ITEM ( 'NONE', ( #3485 ), #1253 ) ;
#827 = DIRECTION ( 'NONE',  ( 0.0000000000000000000, 0.0000000000000000000, 1.000000000000000000 ) ) ;
#828 = VERTEX_POINT ( 'NONE', #2936 ) ;
#829 = FACE_OUTER_BOUND ( 'NONE', #3482, .T. ) ;
#830 = DIRECTION ( 'NONE',  ( 1.896992367213331698E-16, -1.000000000000000000, 0.0000000000000000000 ) ) ;
#831 = VECTOR ( 'NONE', #4750, 1000.000000000000000 ) ;
#832 = LINE ( 'NONE', #4982, #5628 ) ;
#833 = DIRECTION ( 'NONE',  ( 0.0000000000000000000, 0.0000000000000000000, -1.000000000000000000 ) ) ;
#834 = ORIENTED_EDGE ( 'NONE', *, *, #3565, .T. ) ;
#835 = LINE ( 'NONE', #294, #5894 ) ;
#836 = EDGE_CURVE ( 'NONE', #2934, #432, #6667, .T. ) ;
#837 = LINE ( 'NONE', #3898, #5835 ) ;
#838 = EDGE_LOOP ( 'NONE', ( #3136, #6607, #6260, #3243 ) ) ;
#839 = ORIENTED_EDGE ( 'NONE', *, *, #1847, .T. ) ;
#840 = DIRECTION ( 'NONE',  ( 2.710505431213761578E-16, -1.000000000000000000, 0.0000000000000000000 ) ) ;
#841 = CARTESIAN_POINT ( 'NONE',  ( 1.600000000000000311, 1.099999999999999867, -0.6999999999999999556 ) ) ;
#842 = CARTESIAN_POINT ( 'NONE',  ( 2.400000000000001243, 1.200000000000000622, -0.4699999999999998068 ) ) ;
#843 = DIRECTION ( 'NONE',  ( -0.0000000000000000000, -0.0000000000000000000, 1.000000000000000000 ) ) ;
#844 = VECTOR ( 'NONE', #5331, 1000.000000000000000 ) ;
#845 = LINE ( 'NONE', #4925, #1004 ) ;
#846 = ADVANCED_FACE ( 'NONE', ( #2972 ), #6740, .F. ) ;
#847 = CARTESIAN_POINT ( 'NONE',  ( 0.0000000000000000000, 0.0000000000000000000, 0.4500000000000000666 ) ) ;
#848 = EDGE_CURVE ( 'NONE', #577, #6640, #3504, .T. ) ;
#849 = VECTOR ( 'NONE', #6402, 1000.000000000000000 ) ;
#850 =( LENGTH_UNIT ( ) NAMED_UNIT ( * ) SI_UNIT ( .MILLI., .METRE. ) );
#851 = UNCERTAINTY_MEASURE_WITH_UNIT (LENGTH_MEASURE( 1.000000000000000082E-05 ), #4226, 'distance_accuracy_value', 'NONE');
#852 = CARTESIAN_POINT ( 'NONE',  ( 2.700000000000002842, 1.200000000000000400, -6.982962677686266711E-16 ) ) ;
#853 = DIRECTION ( 'NONE',  ( 0.0000000000000000000, 0.0000000000000000000, 1.000000000000000000 ) ) ;
#854 = EDGE_CURVE ( 'NONE', #4224, #6463, #709, .T. ) ;
#855 = CARTESIAN_POINT ( 'NONE',  ( -1.296028625818473667, 0.6751250982098668807, 0.3000000000000000444 ) ) ;
#856 = PRESENTATION_LAYER_ASSIGNMENT (  '', '', ( #1519 ) ) ;
#857 = AXIS2_PLACEMENT_3D ( 'NONE', #4001, #3343, #4945 ) ;
#858 = EDGE_LOOP ( 'NONE', ( #1105, #1871, #6493, #3432 ) ) ;
#859 = VERTEX_POINT ( 'NONE', #3645 ) ;
#860 = VECTOR ( 'NONE', #6090, 1000.000000000000000 ) ;
#861 = DIRECTION ( 'NONE',  ( 3.043374519257556424E-15, -0.0000000000000000000, -1.000000000000000000 ) ) ;
#862 = DIRECTION ( 'NONE',  ( -1.000000000000000000, 4.818676322157797375E-16, -3.047392128993071134E-15 ) ) ;
#863 = PRESENTATION_LAYER_ASSIGNMENT (  '', '', ( #1416 ) ) ;
#864 = FILL_AREA_STYLE_COLOUR ( '', #2848 ) ;
#865 = EDGE_LOOP ( 'NONE', ( #4232, #3540, #5108, #2558 ) ) ;
#866 = ORIENTED_EDGE ( 'NONE', *, *, #5993, .T. ) ;
#867 = UNCERTAINTY_MEASURE_WITH_UNIT (LENGTH_MEASURE( 1.000000000000000082E-05 ), #4877, 'distance_accuracy_value', 'NONE');
#868 =( NAMED_UNIT ( * ) PLANE_ANGLE_UNIT ( ) SI_UNIT ( $, .RADIAN. ) );
#869 = PRESENTATION_STYLE_ASSIGNMENT (( #4071 ) ) ;
#870 = ORIENTED_EDGE ( 'NONE', *, *, #30, .F. ) ;
#871 = EDGE_LOOP ( 'NONE', ( #4819, #5420, #5484, #3774 ) ) ;
#872 = SURFACE_STYLE_FILL_AREA ( #1495 ) ;
#873 = EDGE_CURVE ( 'NONE', #3850, #3346, #2552, .T. ) ;
#874 = CARTESIAN_POINT ( 'NONE',  ( -1.680009069179262626, 2.500000000000002220, 1.750070525410787692E-16 ) ) ;
#875 = CARTESIAN_POINT ( 'NONE',  ( -2.430009069179262848, -2.430009069179262848, 0.8000000000000000444 ) ) ;
#876 = LINE ( 'NONE', #4711, #3964 ) ;
#877 = DIRECTION ( 'NONE',  ( -1.971276677246371519E-16, -1.000000000000000000, 0.0000000000000000000 ) ) ;
#878 = CARTESIAN_POINT ( 'NONE',  ( -0.1415856775653445976, 0.4413501301401799304, 0.4500000000000000666 ) ) ;
#879 = DIRECTION ( 'NONE',  ( 1.445602896647339114E-15, 0.0000000000000000000, 1.000000000000000000 ) ) ;
#880 = VECTOR ( 'NONE', #5807, 1000.000000000000000 ) ;
#881 = CARTESIAN_POINT ( 'NONE',  ( 0.2838201673205150710, 1.116322564166215559, 0.4500000000000000666 ) ) ;
#882 = EDGE_CURVE ( 'NONE', #5578, #6572, #6832, .T. ) ;
#883 = DIRECTION ( 'NONE',  ( -2.409338161078899674E-16, 1.000000000000000000, 0.0000000000000000000 ) ) ;
#884 = DIRECTION ( 'NONE',  ( 0.0000000000000000000, 0.0000000000000000000, 1.000000000000000000 ) ) ;
#885 = AXIS2_PLACEMENT_3D ( 'NONE', #1907, #1978, #4109 ) ;
#886 = DIRECTION ( 'NONE',  ( -0.0000000000000000000, -0.0000000000000000000, 1.000000000000000000 ) ) ;
#887 = PRESENTATION_STYLE_ASSIGNMENT (( #5540 ) ) ;
#888 = ORIENTED_EDGE ( 'NONE', *, *, #133, .F. ) ;
#889 = ORIENTED_EDGE ( 'NONE', *, *, #1344, .T. ) ;
#890 = ADVANCED_FACE ( 'NONE', ( #5718 ), #1027, .F. ) ;
#891 = CARTESIAN_POINT ( 'NONE',  ( 0.4838201673205150821, 0.4046747618464905383, 0.4500000000000000666 ) ) ;
#892 =( LENGTH_UNIT ( ) NAMED_UNIT ( * ) SI_UNIT ( .MILLI., .METRE. ) );
#893 = PLANE ( 'NONE',  #3978 ) ;
#894 = AXIS2_PLACEMENT_3D ( 'NONE', #1460, #4121, #2052 ) ;
#895 = PLANE ( 'NONE',  #3439 ) ;
#896 = ORIENTED_EDGE ( 'NONE', *, *, #3387, .F. ) ;
#897 =( NAMED_UNIT ( * ) PLANE_ANGLE_UNIT ( ) SI_UNIT ( $, .RADIAN. ) );
#898 = VERTEX_POINT ( 'NONE', #3179 ) ;
#899 = PRESENTATION_LAYER_ASSIGNMENT (  '', '', ( #1658 ) ) ;
#900 = EDGE_CURVE ( 'NONE', #447, #5506, #4760, .T. ) ;
#901 = SURFACE_STYLE_USAGE ( .BOTH. , #2459 ) ;
#902 =( NAMED_UNIT ( * ) PLANE_ANGLE_UNIT ( ) SI_UNIT ( $, .RADIAN. ) );
#903 = APPLICATION_PROTOCOL_DEFINITION ( 'draft international standard', 'automotive_design', 1998, #6198 ) ;
#904 = EDGE_LOOP ( 'NONE', ( #4443, #6644, #1355, #2829 ) ) ;
#905 = MECHANICAL_DESIGN_GEOMETRIC_PRESENTATION_REPRESENTATION (  '', ( #2331 ), #1343 ) ;
#906 = LINE ( 'NONE', #5248, #522 ) ;
#907 = ORIENTED_EDGE ( 'NONE', *, *, #5201, .T. ) ;
#908 = ORIENTED_EDGE ( 'NONE', *, *, #4765, .T. ) ;
#909 = LINE ( 'NONE', #5222, #3603 ) ;
#910 = CARTESIAN_POINT ( 'NONE',  ( 0.2838201673205150155, 0.4046747618464905383, 0.3500000000000000333 ) ) ;
#911 = DIRECTION ( 'NONE',  ( 1.000000000000000000, 0.0000000000000000000, 0.0000000000000000000 ) ) ;
#912 =( LENGTH_UNIT ( ) NAMED_UNIT ( * ) SI_UNIT ( .MILLI., .METRE. ) );
#913 = DIRECTION ( 'NONE',  ( 0.0000000000000000000, -1.000000000000000000, 0.0000000000000000000 ) ) ;
#914 =( NAMED_UNIT ( * ) PLANE_ANGLE_UNIT ( ) SI_UNIT ( $, .RADIAN. ) );
#915 = ORIENTED_EDGE ( 'NONE', *, *, #5818, .T. ) ;
#916 =( GEOMETRIC_REPRESENTATION_CONTEXT ( 3 ) GLOBAL_UNCERTAINTY_ASSIGNED_CONTEXT ( ( #4210 ) ) GLOBAL_UNIT_ASSIGNED_CONTEXT ( ( #4153, #1398, #2019 ) ) REPRESENTATION_CONTEXT ( 'NONE', 'WORKASPACE' ) );
#917 = LINE ( 'NONE', #3034, #831 ) ;
#918 = DIRECTION ( 'NONE',  ( -0.0000000000000000000, -1.000000000000000000, -0.0000000000000000000 ) ) ;
#919 = DIRECTION ( 'NONE',  ( 0.0000000000000000000, 1.000000000000000000, 0.0000000000000000000 ) ) ;
#920 = AXIS2_PLACEMENT_3D ( 'NONE', #5046, #5012, #1351 ) ;
#921 = LINE ( 'NONE', #1996, #3143 ) ;
#922 = DIRECTION ( 'NONE',  ( 0.0000000000000000000, -1.000000000000000000, 0.0000000000000000000 ) ) ;
#923 = LINE ( 'NONE', #3147, #3393 ) ;
#924 = EDGE_CURVE ( 'NONE', #800, #1246, #4235, .T. ) ;
#925 = VECTOR ( 'NONE', #2576, 1000.000000000000000 ) ;
#926 = EDGE_LOOP ( 'NONE', ( #82, #5037, #6141, #1386 ) ) ;
#927 = DIRECTION ( 'NONE',  ( -0.0000000000000000000, -0.0000000000000000000, -1.000000000000000000 ) ) ;
#928 = CARTESIAN_POINT ( 'NONE',  ( -2.486873320506370000, -1.199999999999999734, -0.2504719656739949341 ) ) ;
#929 = FILL_AREA_STYLE ('',( #5685 ) ) ;
#930 = DIRECTION ( 'NONE',  ( -0.0000000000000000000, -0.0000000000000000000, -1.000000000000000000 ) ) ;
#931 = MECHANICAL_DESIGN_GEOMETRIC_PRESENTATION_REPRESENTATION (  '', ( #4485 ), #3816 ) ;
#932 = STYLED_ITEM ( 'NONE', ( #2845 ), #6584 ) ;
#933 = SURFACE_STYLE_USAGE ( .BOTH. , #6279 ) ;
#934 = VERTEX_POINT ( 'NONE', #5823 ) ;
#935 = EDGE_CURVE ( 'NONE', #1067, #5219, #6310, .T. ) ;
#936 = PRESENTATION_STYLE_ASSIGNMENT (( #5180 ) ) ;
#937 = FILL_AREA_STYLE ('',( #5145 ) ) ;
#938 = CIRCLE ( 'NONE', #3608, 0.3000000000000000444 ) ;
#939 = ORIENTED_EDGE ( 'NONE', *, *, #5188, .T. ) ;
#940 = UNCERTAINTY_MEASURE_WITH_UNIT (LENGTH_MEASURE( 1.000000000000000082E-05 ), #1249, 'distance_accuracy_value', 'NONE');
#941 = PLANE ( 'NONE',  #3245 ) ;
#942 =( NAMED_UNIT ( * ) SI_UNIT ( $, .STERADIAN. ) SOLID_ANGLE_UNIT ( ) );
#943 = PLANE ( 'NONE',  #885 ) ;
#944 = ORIENTED_EDGE ( 'NONE', *, *, #1563, .F. ) ;
#945 = MECHANICAL_DESIGN_GEOMETRIC_PRESENTATION_REPRESENTATION (  '', ( #1378 ), #2810 ) ;
#946 = EDGE_CURVE ( 'NONE', #5234, #1417, #998, .T. ) ;
#947 = FACE_OUTER_BOUND ( 'NONE', #4417, .T. ) ;
#948 = VERTEX_POINT ( 'NONE', #5269 ) ;
#949 = DIRECTION ( 'NONE',  ( 0.0000000000000000000, -1.000000000000000000, -0.0000000000000000000 ) ) ;
#950 = VECTOR ( 'NONE', #1773, 1000.000000000000000 ) ;
#951 = LINE ( 'NONE', #460, #2600 ) ;
#952 = PLANE ( 'NONE',  #5735 ) ;
#953 = CARTESIAN_POINT ( 'NONE',  ( -1.599999999999999645, 2.200000000000000178, -0.5699999999999999512 ) ) ;
#954 = CARTESIAN_POINT ( 'NONE',  ( 1.600000000000000533, 2.200000000000000178, -0.5699999999999999512 ) ) ;
#955 = DIRECTION ( 'NONE',  ( -0.0000000000000000000, -0.0000000000000000000, -1.000000000000000000 ) ) ;
#956 = ORIENTED_EDGE ( 'NONE', *, *, #1050, .T. ) ;
#957 = SURFACE_STYLE_FILL_AREA ( #444 ) ;
#958 = LINE ( 'NONE', #4652, #3459 ) ;
#959 = VECTOR ( 'NONE', #5853, 1000.000000000000000 ) ;
#960 = CARTESIAN_POINT ( 'NONE',  ( -0.0000000000000000000, -1.099999999999999645, -0.6999999999999999556 ) ) ;
#961 =( NAMED_UNIT ( * ) PLANE_ANGLE_UNIT ( ) SI_UNIT ( $, .RADIAN. ) );
#962 = FACE_OUTER_BOUND ( 'NONE', #6430, .T. ) ;
#963 = EDGE_LOOP ( 'NONE', ( #147, #4214, #1868, #4828 ) ) ;
#964 = SURFACE_STYLE_FILL_AREA ( #3706 ) ;
#965 = FACE_OUTER_BOUND ( 'NONE', #3859, .T. ) ;
#966 = ADVANCED_FACE ( 'NONE', ( #6342 ), #1057, .F. ) ;
#967 = MECHANICAL_DESIGN_GEOMETRIC_PRESENTATION_REPRESENTATION (  '', ( #3294 ), #6628 ) ;
#968 =( GEOMETRIC_REPRESENTATION_CONTEXT ( 3 ) GLOBAL_UNCERTAINTY_ASSIGNED_CONTEXT ( ( #1421 ) ) GLOBAL_UNIT_ASSIGNED_CONTEXT ( ( #5525, #2876, #3478 ) ) REPRESENTATION_CONTEXT ( 'NONE', 'WORKASPACE' ) );
#969 = PRESENTATION_LAYER_ASSIGNMENT (  '', '', ( #4303 ) ) ;
#970 = ORIENTED_EDGE ( 'NONE', *, *, #5053, .T. ) ;
#971 = AXIS2_PLACEMENT_3D ( 'NONE', #2818, #4996, #781 ) ;
#972 = ORIENTED_EDGE ( 'NONE', *, *, #4696, .F. ) ;
#973 = ADVANCED_FACE ( 'NONE', ( #5684 ), #6799, .T. ) ;
#974 = PRESENTATION_STYLE_ASSIGNMENT (( #33 ) ) ;
#975 = PRODUCT_CONTEXT ( 'NONE', #6198, 'mechanical' ) ;
#976 = VECTOR ( 'NONE', #3549, 1000.000000000000000 ) ;
#977 = VERTEX_POINT ( 'NONE', #6245 ) ;
#978 = EDGE_CURVE ( 'NONE', #798, #4216, #2584, .T. ) ;
#979 = LINE ( 'NONE', #4073, #5734 ) ;
#980 = VERTEX_POINT ( 'NONE', #4725 ) ;
#981 = VERTEX_POINT ( 'NONE', #2062 ) ;
#982 = COLOUR_RGB ( '',0.8980392156862745390, 0.9215686274509803377, 0.9294117647058823817 ) ;
#983 = PLANE ( 'NONE',  #5933 ) ;
#984 = ADVANCED_FACE ( 'NONE', ( #3675 ), #1126, .F. ) ;
#985 = CARTESIAN_POINT ( 'NONE',  ( 2.000000000000002220, 0.0000000000000000000, 0.8000000000000000444 ) ) ;
#986 = DIRECTION ( 'NONE',  ( -0.0000000000000000000, -0.0000000000000000000, -1.000000000000000000 ) ) ;
#987 = CARTESIAN_POINT ( 'NONE',  ( 2.400000000000001243, -1.199999999999999734, -0.4699999999999998068 ) ) ;
#988 = CARTESIAN_POINT ( 'NONE',  ( 0.5500000000000000444, -1.049999999999999822, -0.5699999999999999512 ) ) ;
#989 = ORIENTED_EDGE ( 'NONE', *, *, #338, .T. ) ;
#990 = ADVANCED_FACE ( 'NONE', ( #5438 ), #678, .F. ) ;
#991 = SURFACE_SIDE_STYLE ('',( #4162 ) ) ;
#992 = DIRECTION ( 'NONE',  ( -0.0000000000000000000, -0.0000000000000000000, -1.000000000000000000 ) ) ;
#993 = FILL_AREA_STYLE_COLOUR ( '', #3853 ) ;
#994 =( NAMED_UNIT ( * ) SI_UNIT ( $, .STERADIAN. ) SOLID_ANGLE_UNIT ( ) );
#995 = ORIENTED_EDGE ( 'NONE', *, *, #5393, .T. ) ;
#996 = DIRECTION ( 'NONE',  ( -1.000000000000000000, 0.0000000000000000000, 0.0000000000000000000 ) ) ;
#997 =( GEOMETRIC_REPRESENTATION_CONTEXT ( 3 ) GLOBAL_UNCERTAINTY_ASSIGNED_CONTEXT ( ( #6350 ) ) GLOBAL_UNIT_ASSIGNED_CONTEXT ( ( #1677, #2788, #5372 ) ) REPRESENTATION_CONTEXT ( 'NONE', 'WORKASPACE' ) );
#998 = LINE ( 'NONE', #3611, #4275 ) ;
#999 = CARTESIAN_POINT ( 'NONE',  ( 0.2838201673205150710, 1.116322564166215559, 0.4500000000000000666 ) ) ;
#1000 = DIRECTION ( 'NONE',  ( -1.000000000000000000, 0.0000000000000000000, -3.252606517456505019E-15 ) ) ;
#1001 = ORIENTED_EDGE ( 'NONE', *, *, #5220, .T. ) ;
#1002 = PRESENTATION_LAYER_ASSIGNMENT (  '', '', ( #227 ) ) ;
#1003 = DIRECTION ( 'NONE',  ( -0.0000000000000000000, -0.0000000000000000000, -1.000000000000000000 ) ) ;
#1004 = VECTOR ( 'NONE', #1401, 1000.000000000000000 ) ;
#1005 = CARTESIAN_POINT ( 'NONE',  ( 0.0000000000000000000, -2.200000000000000178, -0.6999999999999999556 ) ) ;
#1006 = ORIENTED_EDGE ( 'NONE', *, *, #4159, .T. ) ;
#1007 = DIRECTION ( 'NONE',  ( -0.0000000000000000000, -0.0000000000000000000, 1.000000000000000000 ) ) ;
#1008 = ADVANCED_FACE ( 'NONE', ( #6377 ), #6485, .F. ) ;
#1009 = ORIENTED_EDGE ( 'NONE', *, *, #1867, .F. ) ;
#1010 = VECTOR ( 'NONE', #2585, 1000.000000000000000 ) ;
#1011 = DIRECTION ( 'NONE',  ( -1.000000000000000000, -0.0000000000000000000, -0.0000000000000000000 ) ) ;
#1012 = PLANE ( 'NONE',  #1400 ) ;
#1013 = ORIENTED_EDGE ( 'NONE', *, *, #3667, .F. ) ;
#1014 = ADVANCED_FACE ( 'NONE', ( #4857 ), #6451, .T. ) ;
#1015 = VECTOR ( 'NONE', #4436, 1000.000000000000000 ) ;
#1016 = DIRECTION ( 'NONE',  ( -0.0000000000000000000, -0.0000000000000000000, -1.000000000000000000 ) ) ;
#1017 =( NAMED_UNIT ( * ) PLANE_ANGLE_UNIT ( ) SI_UNIT ( $, .RADIAN. ) );
#1018 = DIRECTION ( 'NONE',  ( -0.05233595624294388321, 0.0000000000000000000, 0.9986295347545739443 ) ) ;
#1019 = CARTESIAN_POINT ( 'NONE',  ( 2.470127565808668990, -1.100000000000000089, -0.5699999999999999512 ) ) ;
#1020 = FACE_OUTER_BOUND ( 'NONE', #5240, .T. ) ;
#1021 =( GEOMETRIC_REPRESENTATION_CONTEXT ( 3 ) GLOBAL_UNCERTAINTY_ASSIGNED_CONTEXT ( ( #1137 ) ) GLOBAL_UNIT_ASSIGNED_CONTEXT ( ( #1878, #6088, #737 ) ) REPRESENTATION_CONTEXT ( 'NONE', 'WORKASPACE' ) );
#1022 = CARTESIAN_POINT ( 'NONE',  ( -1.700000000000000622, 2.100000000000000089, -0.7699999999999999067 ) ) ;
#1023 = EDGE_CURVE ( 'NONE', #1619, #5588, #4501, .T. ) ;
#1024 = ORIENTED_EDGE ( 'NONE', *, *, #5071, .T. ) ;
#1025 = LINE ( 'NONE', #5268, #6249 ) ;
#1026 =( GEOMETRIC_REPRESENTATION_CONTEXT ( 3 ) GLOBAL_UNCERTAINTY_ASSIGNED_CONTEXT ( ( #178 ) ) GLOBAL_UNIT_ASSIGNED_CONTEXT ( ( #6776, #540, #5310 ) ) REPRESENTATION_CONTEXT ( 'NONE', 'WORKASPACE' ) );
#1027 = PLANE ( 'NONE',  #5481 ) ;
#1028 = DIRECTION ( 'NONE',  ( -1.971276677246371519E-16, -1.000000000000000000, -0.0000000000000000000 ) ) ;
#1029 = SURFACE_STYLE_FILL_AREA ( #2166 ) ;
#1030 = VERTEX_POINT ( 'NONE', #3419 ) ;
#1031 = VECTOR ( 'NONE', #6586, 1000.000000000000000 ) ;
#1032 = COLOUR_RGB ( '',1.000000000000000000, 1.000000000000000000, 1.000000000000000000 ) ;
#1033 = VERTEX_POINT ( 'NONE', #3457 ) ;
#1034 = AXIS2_PLACEMENT_3D ( 'NONE', #2187, #52, #6406 ) ;
#1035 = VECTOR ( 'NONE', #6861, 1000.000000000000000 ) ;
#1036 = FILL_AREA_STYLE ('',( #5796 ) ) ;
#1037 = FACE_OUTER_BOUND ( 'NONE', #2141, .T. ) ;
#1038 = VERTEX_POINT ( 'NONE', #5570 ) ;
#1039 =( LENGTH_UNIT ( ) NAMED_UNIT ( * ) SI_UNIT ( .MILLI., .METRE. ) );
#1040 = ORIENTED_EDGE ( 'NONE', *, *, #1980, .F. ) ;
#1041 = LINE ( 'NONE', #4740, #35 ) ;
#1042 = EDGE_CURVE ( 'NONE', #4272, #3095, #5644, .T. ) ;
#1043 = SURFACE_STYLE_FILL_AREA ( #45 ) ;
#1044 = ORIENTED_EDGE ( 'NONE', *, *, #3146, .T. ) ;
#1045 = MECHANICAL_DESIGN_GEOMETRIC_PRESENTATION_REPRESENTATION (  '', ( #3720 ), #4285 ) ;
#1046 = SURFACE_SIDE_STYLE ('',( #4262 ) ) ;
#1047 = SURFACE_STYLE_USAGE ( .BOTH. , #991 ) ;
#1048 = CARTESIAN_POINT ( 'NONE',  ( -1.919276727925023351, -0.8787392438591723476, 0.3000000000000000444 ) ) ;
#1049 = CARTESIAN_POINT ( 'NONE',  ( -2.499117102666011725, -1.199999999999999734, -0.01684668471109857651 ) ) ;
#1050 = EDGE_CURVE ( 'NONE', #6321, #6685, #231, .T. ) ;
#1051 = SURFACE_STYLE_USAGE ( .BOTH. , #4686 ) ;
#1052 = DIRECTION ( 'NONE',  ( 1.000000000000000000, -1.400746772075018613E-16, 0.0000000000000000000 ) ) ;
#1053 = ADVANCED_FACE ( 'NONE', ( #1849 ), #814, .T. ) ;
#1054 = EDGE_LOOP ( 'NONE', ( #4492, #2209, #6044, #3519 ) ) ;
#1055 = COLOUR_RGB ( '',1.000000000000000000, 1.000000000000000000, 1.000000000000000000 ) ;
#1056 = DIRECTION ( 'NONE',  ( 0.0000000000000000000, 1.000000000000000000, 0.0000000000000000000 ) ) ;
#1057 = PLANE ( 'NONE',  #6160 ) ;
#1058 = SURFACE_SIDE_STYLE ('',( #2553 ) ) ;
#1059 = UNCERTAINTY_MEASURE_WITH_UNIT (LENGTH_MEASURE( 1.000000000000000082E-05 ), #3122, 'distance_accuracy_value', 'NONE');
#1060 = ADVANCED_FACE ( 'NONE', ( #1779 ), #2964, .F. ) ;
#1061 = PRESENTATION_STYLE_ASSIGNMENT (( #6715 ) ) ;
#1062 = CARTESIAN_POINT ( 'NONE',  ( -0.5500000000000000444, 0.0000000000000000000, -0.6999999999999999556 ) ) ;
#1063 = CYLINDRICAL_SURFACE ( 'NONE', #351, 0.1000000000000002554 ) ;
#1064 = EDGE_LOOP ( 'NONE', ( #1289, #684, #5975, #2525 ) ) ;
#1065 = MECHANICAL_DESIGN_GEOMETRIC_PRESENTATION_REPRESENTATION (  '', ( #5622 ), #6510 ) ;
#1066 = VERTEX_POINT ( 'NONE', #4572 ) ;
#1067 = VERTEX_POINT ( 'NONE', #2997 ) ;
#1068 = COLOUR_RGB ( '',1.000000000000000000, 1.000000000000000000, 1.000000000000000000 ) ;
#1069 = UNCERTAINTY_MEASURE_WITH_UNIT (LENGTH_MEASURE( 1.000000000000000082E-05 ), #2004, 'distance_accuracy_value', 'NONE');
#1070 = EDGE_CURVE ( 'NONE', #362, #1799, #5066, .T. ) ;
#1071 = CARTESIAN_POINT ( 'NONE',  ( 0.3603187164337338100, 0.8251250982098667919, 0.3500000000000000333 ) ) ;
#1072 = CARTESIAN_POINT ( 'NONE',  ( -2.430009069179262848, 1.680009069179262848, 0.4000000000000000222 ) ) ;
#1073 = ORIENTED_EDGE ( 'NONE', *, *, #1144, .F. ) ;
#1074 = CARTESIAN_POINT ( 'NONE',  ( 0.2838201673205150155, 0.4046747618464905383, 0.4500000000000000666 ) ) ;
#1075 = VECTOR ( 'NONE', #2385, 1000.000000000000000 ) ;
#1076 = EDGE_LOOP ( 'NONE', ( #26, #1272, #1739, #4590 ) ) ;
#1077 = CARTESIAN_POINT ( 'NONE',  ( -2.500000000000001332, -2.099999999999999645, -0.4700000000000001399 ) ) ;
#1078 = FILL_AREA_STYLE_COLOUR ( '', #3451 ) ;
#1079 = FACE_OUTER_BOUND ( 'NONE', #2043, .T. ) ;
#1080 = ORIENTED_EDGE ( 'NONE', *, *, #5071, .F. ) ;
#1081 = MECHANICAL_DESIGN_GEOMETRIC_PRESENTATION_REPRESENTATION (  '', ( #5400 ), #5206 ) ;
#1082 = FACE_OUTER_BOUND ( 'NONE', #2078, .T. ) ;
#1083 = CARTESIAN_POINT ( 'NONE',  ( 1.930905544980987543, -2.056952929731181268, 0.3500000000000000333 ) ) ;
#1084 = DIRECTION ( 'NONE',  ( 1.000000000000000000, 0.0000000000000000000, 0.0000000000000000000 ) ) ;
#1085 = CARTESIAN_POINT ( 'NONE',  ( 0.0000000000000000000, 2.200000000000000178, -0.6999999999999999556 ) ) ;
#1086 = CARTESIAN_POINT ( 'NONE',  ( -2.700000000000000622, -1.199999999999999734, -0.5700000000000006173 ) ) ;
#1087 = ORIENTED_EDGE ( 'NONE', *, *, #1524, .T. ) ;
#1088 = ADVANCED_FACE ( 'NONE', ( #1264 ), #5503, .T. ) ;
#1089 = SURFACE_STYLE_USAGE ( .BOTH. , #129 ) ;
#1090 = CARTESIAN_POINT ( 'NONE',  ( -1.700000000000000622, -1.199999999999999734, -0.5699999999999999512 ) ) ;
#1091 = CARTESIAN_POINT ( 'NONE',  ( -0.1831650461902200044, -0.6832195235787650311, 0.3500000000000000333 ) ) ;
#1092 = CARTESIAN_POINT ( 'NONE',  ( -1.043697599916538765, 0.4413501301401799304, 0.4500000000000000666 ) ) ;
#1093 = FILL_AREA_STYLE ('',( #2424 ) ) ;
#1094 = EDGE_LOOP ( 'NONE', ( #2264, #819, #1644, #1485 ) ) ;
#1095 = ORIENTED_EDGE ( 'NONE', *, *, #5064, .F. ) ;
#1096 =( GEOMETRIC_REPRESENTATION_CONTEXT ( 3 ) GLOBAL_UNCERTAINTY_ASSIGNED_CONTEXT ( ( #3716 ) ) GLOBAL_UNIT_ASSIGNED_CONTEXT ( ( #5474, #2820, #6557 ) ) REPRESENTATION_CONTEXT ( 'NONE', 'WORKASPACE' ) );
#1097 = ADVANCED_FACE ( 'NONE', ( #6761 ), #4612, .T. ) ;
#1098 = ORIENTED_EDGE ( 'NONE', *, *, #1361, .F. ) ;
#1099 = CARTESIAN_POINT ( 'NONE',  ( -0.03316504619021998224, -2.056952929731181712, 0.3500000000000000333 ) ) ;
#1100 = CARTESIAN_POINT ( 'NONE',  ( 1.700000000000000622, 2.100000000000000089, -0.7699999999999999067 ) ) ;
#1101 = CARTESIAN_POINT ( 'NONE',  ( -1.296028625818474778, 0.8251250982098669029, 0.3500000000000000333 ) ) ;
#1102 = VERTEX_POINT ( 'NONE', #1433 ) ;
#1103 = FACE_OUTER_BOUND ( 'NONE', #1481, .T. ) ;
#1104 = EDGE_CURVE ( 'NONE', #37, #1033, #1570, .T. ) ;
#1105 = ORIENTED_EDGE ( 'NONE', *, *, #2569, .T. ) ;
#1106 = MECHANICAL_DESIGN_GEOMETRIC_PRESENTATION_REPRESENTATION (  '', ( #3 ), #6772 ) ;
#1107 = CARTESIAN_POINT ( 'NONE',  ( -2.700000000000001954, 2.100000000000000089, -0.3000000000000003220 ) ) ;
#1108 =( LENGTH_UNIT ( ) NAMED_UNIT ( * ) SI_UNIT ( .MILLI., .METRE. ) );
#1109 = FACE_OUTER_BOUND ( 'NONE', #3328, .T. ) ;
#1110 = EDGE_LOOP ( 'NONE', ( #1610, #1691, #6085, #3069, #6455, #4510, #2006, #6190, #1500, #59 ) ) ;
#1111 =( LENGTH_UNIT ( ) NAMED_UNIT ( * ) SI_UNIT ( .MILLI., .METRE. ) );
#1112 = CIRCLE ( 'NONE', #2440, 0.1499999999999999667 ) ;
#1113 =( NAMED_UNIT ( * ) SI_UNIT ( $, .STERADIAN. ) SOLID_ANGLE_UNIT ( ) );
#1114 = VERTEX_POINT ( 'NONE', #5675 ) ;
#1115 = DIRECTION ( 'NONE',  ( 0.0000000000000000000, 0.0000000000000000000, 1.000000000000000000 ) ) ;
#1116 = STYLED_ITEM ( 'NONE', ( #6013 ), #4756 ) ;
#1117 = UNCERTAINTY_MEASURE_WITH_UNIT (LENGTH_MEASURE( 1.000000000000000082E-05 ), #2880, 'distance_accuracy_value', 'NONE');
#1118 = SURFACE_STYLE_USAGE ( .BOTH. , #5849 ) ;
#1119 = LINE ( 'NONE', #3768, #5241 ) ;
#1120 = CARTESIAN_POINT ( 'NONE',  ( -1.599999999999999645, 2.200000000000000178, -0.5699999999999999512 ) ) ;
#1121 = DIRECTION ( 'NONE',  ( 0.0000000000000000000, 0.0000000000000000000, 1.000000000000000000 ) ) ;
#1122 = DIRECTION ( 'NONE',  ( -1.000000000000000000, 0.0000000000000000000, 0.0000000000000000000 ) ) ;
#1123 = DIRECTION ( 'NONE',  ( 1.000000000000000000, 0.0000000000000000000, 0.0000000000000000000 ) ) ;
#1124 = VECTOR ( 'NONE', #3082, 1000.000000000000000 ) ;
#1125 = VERTEX_POINT ( 'NONE', #4651 ) ;
#1126 = PLANE ( 'NONE',  #2927 ) ;
#1127 = AXIS2_PLACEMENT_3D ( 'NONE', #4472, #6590, #4502 ) ;
#1128 = DIRECTION ( 'NONE',  ( 0.0000000000000000000, -1.000000000000000000, -0.0000000000000000000 ) ) ;
#1129 = EDGE_CURVE ( 'NONE', #2508, #4965, #917, .T. ) ;
#1130 = FILL_AREA_STYLE_COLOUR ( '', #2003 ) ;
#1131 = ORIENTED_EDGE ( 'NONE', *, *, #5184, .T. ) ;
#1132 = VECTOR ( 'NONE', #2050, 1000.000000000000000 ) ;
#1133 = ORIENTED_EDGE ( 'NONE', *, *, #5639, .T. ) ;
#1134 = ORIENTED_EDGE ( 'NONE', *, *, #5769, .F. ) ;
#1135 = FILL_AREA_STYLE_COLOUR ( '', #4717 ) ;
#1136 = FILL_AREA_STYLE_COLOUR ( '', #5124 ) ;
#1137 = UNCERTAINTY_MEASURE_WITH_UNIT (LENGTH_MEASURE( 1.000000000000000082E-05 ), #1878, 'distance_accuracy_value', 'NONE');
#1138 =( LENGTH_UNIT ( ) NAMED_UNIT ( * ) SI_UNIT ( .MILLI., .METRE. ) );
#1139 = MECHANICAL_DESIGN_GEOMETRIC_PRESENTATION_REPRESENTATION (  '', ( #4591 ), #380 ) ;
#1140 = ADVANCED_FACE ( 'NONE', ( #1993 ), #6859, .F. ) ;
#1141 =( NAMED_UNIT ( * ) PLANE_ANGLE_UNIT ( ) SI_UNIT ( $, .RADIAN. ) );
#1142 = ORIENTED_EDGE ( 'NONE', *, *, #674, .T. ) ;
#1143 = DIRECTION ( 'NONE',  ( 2.710505431213759113E-16, 1.000000000000000000, 0.0000000000000000000 ) ) ;
#1144 = EDGE_CURVE ( 'NONE', #6492, #3476, #601, .T. ) ;
#1145 = COLOUR_RGB ( '',0.8313725490196077761, 0.8392156862745098200, 0.8313725490196077761 ) ;
#1146 = ORIENTED_EDGE ( 'NONE', *, *, #1669, .F. ) ;
#1147 =( GEOMETRIC_REPRESENTATION_CONTEXT ( 3 ) GLOBAL_UNCERTAINTY_ASSIGNED_CONTEXT ( ( #4343 ) ) GLOBAL_UNIT_ASSIGNED_CONTEXT ( ( #1165, #4401, #1715 ) ) REPRESENTATION_CONTEXT ( 'NONE', 'WORKASPACE' ) );
#1148 = DIRECTION ( 'NONE',  ( 0.0000000000000000000, 1.000000000000000000, 0.0000000000000000000 ) ) ;
#1149 = EDGE_CURVE ( 'NONE', #685, #2702, #2155, .T. ) ;
#1150 = DIRECTION ( 'NONE',  ( -1.000000000000000000, 0.0000000000000000000, -0.0000000000000000000 ) ) ;
#1151 = EDGE_LOOP ( 'NONE', ( #435, #751, #3123, #6386 ) ) ;
#1152 = FILL_AREA_STYLE ('',( #1591 ) ) ;
#1153 = PRESENTATION_LAYER_ASSIGNMENT (  '', '', ( #3033 ) ) ;
#1154 = FILL_AREA_STYLE_COLOUR ( '', #6394 ) ;
#1155 = LINE ( 'NONE', #3274, #3255 ) ;
#1156 = CIRCLE ( 'NONE', #3039, 0.1500000000000000222 ) ;
#1157 = PLANE ( 'NONE',  #578 ) ;
#1158 = PRESENTATION_STYLE_ASSIGNMENT (( #4268 ) ) ;
#1159 = DIRECTION ( 'NONE',  ( 0.0000000000000000000, 0.0000000000000000000, 1.000000000000000000 ) ) ;
#1160 =( GEOMETRIC_REPRESENTATION_CONTEXT ( 3 ) GLOBAL_UNCERTAINTY_ASSIGNED_CONTEXT ( ( #5359 ) ) GLOBAL_UNIT_ASSIGNED_CONTEXT ( ( #3116, #479, #5208 ) ) REPRESENTATION_CONTEXT ( 'NONE', 'WORKASPACE' ) );
#1161 = ORIENTED_EDGE ( 'NONE', *, *, #1553, .F. ) ;
#1162 =( NAMED_UNIT ( * ) PLANE_ANGLE_UNIT ( ) SI_UNIT ( $, .RADIAN. ) );
#1163 = FILL_AREA_STYLE ('',( #609 ) ) ;
#1164 = MECHANICAL_DESIGN_GEOMETRIC_PRESENTATION_REPRESENTATION (  '', ( #5382 ), #5944 ) ;
#1165 =( LENGTH_UNIT ( ) NAMED_UNIT ( * ) SI_UNIT ( .MILLI., .METRE. ) );
#1166 = DIRECTION ( 'NONE',  ( -0.0000000000000000000, -1.000000000000000000, -0.0000000000000000000 ) ) ;
#1167 = CARTESIAN_POINT ( 'NONE',  ( 2.463314554501873754, 2.200000000000000178, -0.6999999999999999556 ) ) ;
#1168 = ORIENTED_EDGE ( 'NONE', *, *, #6317, .F. ) ;
#1169 = STYLED_ITEM ( 'NONE', ( #5518 ), #1441 ) ;
#1170 = ORIENTED_EDGE ( 'NONE', *, *, #3584, .T. ) ;
#1171 = EDGE_LOOP ( 'NONE', ( #3962, #5698, #5490, #4386 ) ) ;
#1172 = ADVANCED_FACE ( 'NONE', ( #1082 ), #4779, .F. ) ;
#1173 = CARTESIAN_POINT ( 'NONE',  ( 0.5500000000000000444, 6.735557395310442516E-17, -0.6999999999999999556 ) ) ;
#1174 =( NAMED_UNIT ( * ) SI_UNIT ( $, .STERADIAN. ) SOLID_ANGLE_UNIT ( ) );
#1175 = CARTESIAN_POINT ( 'NONE',  ( 0.3603187164337338100, 0.8251250982098667919, 0.3000000000000000444 ) ) ;
#1176 = VECTOR ( 'NONE', #777, 1000.000000000000114 ) ;
#1177 = SURFACE_SIDE_STYLE ('',( #5380 ) ) ;
#1178 = ORIENTED_EDGE ( 'NONE', *, *, #4038, .T. ) ;
#1179 = CARTESIAN_POINT ( 'NONE',  ( 0.5500000000000000444, -2.240667692902679420, -0.6999999999999999556 ) ) ;
#1180 = ORIENTED_EDGE ( 'NONE', *, *, #210, .F. ) ;
#1181 = AXIS2_PLACEMENT_3D ( 'NONE', #4258, #6436, #4805 ) ;
#1182 = ORIENTED_EDGE ( 'NONE', *, *, #2815, .T. ) ;
#1183 = ADVANCED_FACE ( 'NONE', ( #6512 ), #4882, .F. ) ;
#1184 = LINE ( 'NONE', #529, #6696 ) ;
#1185 = MECHANICAL_DESIGN_GEOMETRIC_PRESENTATION_REPRESENTATION (  '', ( #2730 ), #2064 ) ;
#1186 = CARTESIAN_POINT ( 'NONE',  ( 1.930905544980987543, -2.056952929731181268, 0.3500000000000000333 ) ) ;
#1187 = AXIS2_PLACEMENT_3D ( 'NONE', #111, #4286, #4772 ) ;
#1188 = COLOUR_RGB ( '',0.8980392156862745390, 0.9215686274509803377, 0.9294117647058823817 ) ;
#1189 = ORIENTED_EDGE ( 'NONE', *, *, #4555, .T. ) ;
#1190 = EDGE_CURVE ( 'NONE', #3657, #6686, #1632, .T. ) ;
#1191 = VECTOR ( 'NONE', #1783, 1000.000000000000114 ) ;
#1192 = VECTOR ( 'NONE', #6237, 1000.000000000000000 ) ;
#1193 = LINE ( 'NONE', #5430, #2814 ) ;
#1194 =( NAMED_UNIT ( * ) SI_UNIT ( $, .STERADIAN. ) SOLID_ANGLE_UNIT ( ) );
#1195 = DIRECTION ( 'NONE',  ( 1.776016655323403858E-16, -1.000000000000000000, 0.0000000000000000000 ) ) ;
#1196 = CARTESIAN_POINT ( 'NONE',  ( -0.1415856775653445976, 0.4413501301401799304, 0.4500000000000000666 ) ) ;
#1197 = PLANE ( 'NONE',  #4647 ) ;
#1198 = DIRECTION ( 'NONE',  ( 0.0000000000000000000, -1.000000000000000000, 0.0000000000000000000 ) ) ;
#1199 = AXIS2_PLACEMENT_3D ( 'NONE', #4269, #3870, #2640 ) ;
#1200 = VERTEX_POINT ( 'NONE', #3237 ) ;
#1201 = ADVANCED_FACE ( 'NONE', ( #1704 ), #156, .F. ) ;
#1202 = DIRECTION ( 'NONE',  ( 0.0000000000000000000, -1.000000000000000000, 0.0000000000000000000 ) ) ;
#1203 = DIRECTION ( 'NONE',  ( 0.0000000000000000000, 1.000000000000000000, 0.0000000000000000000 ) ) ;
#1204 = CARTESIAN_POINT ( 'NONE',  ( 2.400000000000002132, 1.200000000000000622, -0.2999999999999993783 ) ) ;
#1205 = LINE ( 'NONE', #2932, #4997 ) ;
#1206 = ORIENTED_EDGE ( 'NONE', *, *, #1806, .T. ) ;
#1207 = ORIENTED_EDGE ( 'NONE', *, *, #426, .F. ) ;
#1208 = LINE ( 'NONE', #688, #4935 ) ;
#1209 = SURFACE_SIDE_STYLE ('',( #3219 ) ) ;
#1210 = UNCERTAINTY_MEASURE_WITH_UNIT (LENGTH_MEASURE( 1.000000000000000082E-05 ), #24, 'distance_accuracy_value', 'NONE');
#1211 = ORIENTED_EDGE ( 'NONE', *, *, #6551, .T. ) ;
#1212 = VECTOR ( 'NONE', #4385, 1000.000000000000000 ) ;
#1213 = PRESENTATION_STYLE_ASSIGNMENT (( #285 ) ) ;
#1214 = ORIENTED_EDGE ( 'NONE', *, *, #4771, .F. ) ;
#1215 = VECTOR ( 'NONE', #4576, 1000.000000000000000 ) ;
#1216 = DIRECTION ( 'NONE',  ( 0.0000000000000000000, 0.0000000000000000000, 1.000000000000000000 ) ) ;
#1217 = PLANE ( 'NONE',  #3098 ) ;
#1218 = ORIENTED_EDGE ( 'NONE', *, *, #1236, .T. ) ;
#1219 = SURFACE_STYLE_FILL_AREA ( #1152 ) ;
#1220 = EDGE_CURVE ( 'NONE', #2508, #4123, #1193, .T. ) ;
#1221 = COLOUR_RGB ( '',0.8313725490196077761, 0.8392156862745098200, 0.8313725490196077761 ) ;
#1222 = CARTESIAN_POINT ( 'NONE',  ( -1.296028625818473667, 0.6751250982098668807, 0.3500000000000000333 ) ) ;
#1223 = LINE ( 'NONE', #3975, #1681 ) ;
#1224 =( GEOMETRIC_REPRESENTATION_CONTEXT ( 3 ) GLOBAL_UNCERTAINTY_ASSIGNED_CONTEXT ( ( #32 ) ) GLOBAL_UNIT_ASSIGNED_CONTEXT ( ( #5721, #3084, #4695 ) ) REPRESENTATION_CONTEXT ( 'NONE', 'WORKASPACE' ) );
#1225 = DIRECTION ( 'NONE',  ( 0.0000000000000000000, 1.000000000000000000, 0.0000000000000000000 ) ) ;
#1226 = EDGE_CURVE ( 'NONE', #4139, #1580, #6440, .T. ) ;
#1227 = PLANE ( 'NONE',  #6281 ) ;
#1228 = VECTOR ( 'NONE', #3886, 1000.000000000000000 ) ;
#1229 = DIRECTION ( 'NONE',  ( -1.000000000000000000, 4.818676322157797375E-16, -3.047392128993071134E-15 ) ) ;
#1230 = DIRECTION ( 'NONE',  ( -0.0000000000000000000, -1.000000000000000000, -0.0000000000000000000 ) ) ;
#1231 =( LENGTH_UNIT ( ) NAMED_UNIT ( * ) SI_UNIT ( .MILLI., .METRE. ) );
#1232 = CARTESIAN_POINT ( 'NONE',  ( 2.400000000000001243, 2.100000000000000089, -0.4699999999999998068 ) ) ;
#1233 = CARTESIAN_POINT ( 'NONE',  ( -1.700000000000000622, -1.199999999999999734, -0.5699999999999999512 ) ) ;
#1234 = VECTOR ( 'NONE', #3917, 1000.000000000000000 ) ;
#1235 = CARTESIAN_POINT ( 'NONE',  ( 0.3603187164337335324, 0.6070589046025531843, 0.3500000000000000333 ) ) ;
#1236 = EDGE_CURVE ( 'NONE', #5828, #6685, #3800, .T. ) ;
#1237 = ORIENTED_EDGE ( 'NONE', *, *, #2586, .T. ) ;
#1238 = VERTEX_POINT ( 'NONE', #2843 ) ;
#1239 = VERTEX_POINT ( 'NONE', #3414 ) ;
#1240 = AXIS2_PLACEMENT_3D ( 'NONE', #6056, #4017, #853 ) ;
#1241 =( NAMED_UNIT ( * ) SI_UNIT ( $, .STERADIAN. ) SOLID_ANGLE_UNIT ( ) );
#1242 =( NAMED_UNIT ( * ) PLANE_ANGLE_UNIT ( ) SI_UNIT ( $, .RADIAN. ) );
#1243 = LINE ( 'NONE', #70, #6080 ) ;
#1244 = VERTEX_POINT ( 'NONE', #6048 ) ;
#1245 =( LENGTH_UNIT ( ) NAMED_UNIT ( * ) SI_UNIT ( .MILLI., .METRE. ) );
#1246 = VERTEX_POINT ( 'NONE', #224 ) ;
#1247 = MECHANICAL_DESIGN_GEOMETRIC_PRESENTATION_REPRESENTATION (  '', ( #4917 ), #5036 ) ;
#1248 = DIRECTION ( 'NONE',  ( -1.896992367213331451E-16, 1.000000000000000000, 0.0000000000000000000 ) ) ;
#1249 =( LENGTH_UNIT ( ) NAMED_UNIT ( * ) SI_UNIT ( .MILLI., .METRE. ) );
#1250 = ORIENTED_EDGE ( 'NONE', *, *, #5134, .T. ) ;
#1251 =( NAMED_UNIT ( * ) SI_UNIT ( $, .STERADIAN. ) SOLID_ANGLE_UNIT ( ) );
#1252 = VECTOR ( 'NONE', #6697, 1000.000000000000000 ) ;
#1253 = ADVANCED_FACE ( 'NONE', ( #2920 ), #1877, .F. ) ;
#1254 = FILL_AREA_STYLE ('',( #6165 ) ) ;
#1255 = CARTESIAN_POINT ( 'NONE',  ( -1.146028625818473756, -0.1370056143358112655, 0.3500000000000000333 ) ) ;
#1256 = STYLED_ITEM ( 'NONE', ( #5429 ), #407 ) ;
#1257 = AXIS2_PLACEMENT_3D ( 'NONE', #5989, #5884, #3838 ) ;
#1258 = CARTESIAN_POINT ( 'NONE',  ( -0.1831650461902200044, -0.6832195235787650311, 0.3500000000000000333 ) ) ;
#1259 = CARTESIAN_POINT ( 'NONE',  ( -0.9960286258184727348, -0.2870056143358112877, 0.3500000000000000333 ) ) ;
#1260 = SURFACE_STYLE_USAGE ( .BOTH. , #5608 ) ;
#1261 = STYLED_ITEM ( 'NONE', ( #5579 ), #846 ) ;
#1262 = CARTESIAN_POINT ( 'NONE',  ( -1.600000000000000089, -1.099999999999999645, -0.5699999999999999512 ) ) ;
#1263 = EDGE_CURVE ( 'NONE', #4428, #1589, #5093, .T. ) ;
#1264 = FACE_OUTER_BOUND ( 'NONE', #2168, .T. ) ;
#1265 = DIRECTION ( 'NONE',  ( 0.0000000000000000000, 1.000000000000000000, 0.0000000000000000000 ) ) ;
#1266 =( NAMED_UNIT ( * ) PLANE_ANGLE_UNIT ( ) SI_UNIT ( $, .RADIAN. ) );
#1267 = LINE ( 'NONE', #2852, #488 ) ;
#1268 = COLOUR_RGB ( '',0.8980392156862745390, 0.9215686274509803377, 0.9294117647058823817 ) ;
#1269 = EDGE_CURVE ( 'NONE', #5281, #1943, #4010, .T. ) ;
#1270 = LINE ( 'NONE', #6663, #1324 ) ;
#1271 = ORIENTED_EDGE ( 'NONE', *, *, #2059, .F. ) ;
#1272 = ORIENTED_EDGE ( 'NONE', *, *, #1428, .T. ) ;
#1273 = VECTOR ( 'NONE', #4392, 1000.000000000000000 ) ;
#1274 = EDGE_CURVE ( 'NONE', #1731, #5636, #4951, .T. ) ;
#1275 = CARTESIAN_POINT ( 'NONE',  ( -2.700000000000003286, -3.299999999999998490, -8.306732565912526210E-15 ) ) ;
#1276 = DIRECTION ( 'NONE',  ( -7.228014483236695175E-15, 0.0000000000000000000, 1.000000000000000000 ) ) ;
#1277 = UNCERTAINTY_MEASURE_WITH_UNIT (LENGTH_MEASURE( 1.000000000000000082E-05 ), #4094, 'distance_accuracy_value', 'NONE');
#1278 = CARTESIAN_POINT ( 'NONE',  ( -2.400000000000001243, -1.199999999999999734, -0.7700000000000000178 ) ) ;
#1279 = ORIENTED_EDGE ( 'NONE', *, *, #5427, .T. ) ;
#1280 = PRESENTATION_LAYER_ASSIGNMENT (  '', '', ( #3723 ) ) ;
#1281 = LINE ( 'NONE', #6184, #3390 ) ;
#1282 = ORIENTED_EDGE ( 'NONE', *, *, #4724, .T. ) ;
#1283 = EDGE_CURVE ( 'NONE', #4382, #3627, #6689, .T. ) ;
#1284 = AXIS2_PLACEMENT_3D ( 'NONE', #3417, #3904, #4498 ) ;
#1285 = UNCERTAINTY_MEASURE_WITH_UNIT (LENGTH_MEASURE( 1.000000000000000082E-05 ), #3713, 'distance_accuracy_value', 'NONE');
#1286 = FILL_AREA_STYLE_COLOUR ( '', #4708 ) ;
#1287 = LINE ( 'NONE', #186, #635 ) ;
#1288 = FACE_OUTER_BOUND ( 'NONE', #2465, .T. ) ;
#1289 = ORIENTED_EDGE ( 'NONE', *, *, #2484, .T. ) ;
#1290 = DIRECTION ( 'NONE',  ( 0.0000000000000000000, 0.0000000000000000000, 1.000000000000000000 ) ) ;
#1291 = ORIENTED_EDGE ( 'NONE', *, *, #1220, .F. ) ;
#1292 = VECTOR ( 'NONE', #465, 1000.000000000000000 ) ;
#1293 = DIRECTION ( 'NONE',  ( 4.818676322157797375E-16, -1.000000000000000000, -1.466503673540475756E-30 ) ) ;
#1294 = PRESENTATION_LAYER_ASSIGNMENT (  '', '', ( #2619 ) ) ;
#1295 = PRESENTATION_LAYER_ASSIGNMENT (  '', '', ( #2725 ) ) ;
#1296 = CARTESIAN_POINT ( 'NONE',  ( 2.500000000000000888, -1.199999999999999734, -0.4700000000000001399 ) ) ;
#1297 =( GEOMETRIC_REPRESENTATION_CONTEXT ( 3 ) GLOBAL_UNCERTAINTY_ASSIGNED_CONTEXT ( ( #3200 ) ) GLOBAL_UNIT_ASSIGNED_CONTEXT ( ( #2577, #1960, #377 ) ) REPRESENTATION_CONTEXT ( 'NONE', 'WORKASPACE' ) );
#1298 = DIRECTION ( 'NONE',  ( 0.0000000000000000000, 0.0000000000000000000, 1.000000000000000000 ) ) ;
#1299 = DIRECTION ( 'NONE',  ( 1.000000000000000000, -4.818676322157797375E-16, 0.0000000000000000000 ) ) ;
#1300 = CARTESIAN_POINT ( 'NONE',  ( -2.400000000000001243, -1.199999999999999734, -0.4699999999999998068 ) ) ;
#1301 = CARTESIAN_POINT ( 'NONE',  ( 2.400000000000002132, 2.100000000000000089, -0.2999999999999993783 ) ) ;
#1302 = MECHANICAL_DESIGN_GEOMETRIC_PRESENTATION_REPRESENTATION (  '', ( #2179 ), #6412 ) ;
#1303 = MECHANICAL_DESIGN_GEOMETRIC_PRESENTATION_REPRESENTATION (  '', ( #3188 ), #5971 ) ;
#1304 = LINE ( 'NONE', #6627, #2645 ) ;
#1305 = ORIENTED_EDGE ( 'NONE', *, *, #3108, .F. ) ;
#1306 = ADVANCED_FACE ( 'NONE', ( #4534 ), #5496, .F. ) ;
#1307 = ORIENTED_EDGE ( 'NONE', *, *, #760, .T. ) ;
#1308 = ORIENTED_EDGE ( 'NONE', *, *, #5344, .F. ) ;
#1309 = DIRECTION ( 'NONE',  ( 1.000000000000000000, 0.0000000000000000000, -3.252606517456505019E-15 ) ) ;
#1310 = CARTESIAN_POINT ( 'NONE',  ( 0.2838201673205150710, 1.116322564166215559, 0.3500000000000000333 ) ) ;
#1311 = FACE_BOUND ( 'NONE', #2738, .T. ) ;
#1312 = VERTEX_POINT ( 'NONE', #1362 ) ;
#1313 = EDGE_CURVE ( 'NONE', #5724, #3593, #5603, .T. ) ;
#1314 = FILL_AREA_STYLE_COLOUR ( '', #4643 ) ;
#1315 = ORIENTED_EDGE ( 'NONE', *, *, #3867, .F. ) ;
#1316 = CARTESIAN_POINT ( 'NONE',  ( 1.412305442492822971, -0.6860159872360371835, 0.3500000000000000333 ) ) ;
#1317 = MECHANICAL_DESIGN_GEOMETRIC_PRESENTATION_REPRESENTATION (  '', ( #4217 ), #4104 ) ;
#1318 =( NAMED_UNIT ( * ) PLANE_ANGLE_UNIT ( ) SI_UNIT ( $, .RADIAN. ) );
#1319 = ORIENTED_EDGE ( 'NONE', *, *, #5609, .T. ) ;
#1320 = EDGE_CURVE ( 'NONE', #6086, #4376, #2990, .T. ) ;
#1321 = DIRECTION ( 'NONE',  ( 0.0000000000000000000, 0.0000000000000000000, 1.000000000000000000 ) ) ;
#1322 = ORIENTED_EDGE ( 'NONE', *, *, #4505, .T. ) ;
#1323 = VERTEX_POINT ( 'NONE', #6195 ) ;
#1324 = VECTOR ( 'NONE', #1961, 1000.000000000000000 ) ;
#1325 =( LENGTH_UNIT ( ) NAMED_UNIT ( * ) SI_UNIT ( .MILLI., .METRE. ) );
#1326 = DIRECTION ( 'NONE',  ( -4.818676322157797375E-16, 1.000000000000000000, 1.751623080406021339E-46 ) ) ;
#1327 = FACE_OUTER_BOUND ( 'NONE', #1818, .T. ) ;
#1328 = CARTESIAN_POINT ( 'NONE',  ( 0.0000000000000000000, 1.200000000000000622, -0.5699999999999999512 ) ) ;
#1329 = DIRECTION ( 'NONE',  ( -0.0000000000000000000, -1.000000000000000000, -0.0000000000000000000 ) ) ;
#1330 = AXIS2_PLACEMENT_3D ( 'NONE', #4515, #758, #2828 ) ;
#1331 = DIRECTION ( 'NONE',  ( 1.000000000000000000, 0.0000000000000000000, 0.0000000000000000000 ) ) ;
#1332 = DIRECTION ( 'NONE',  ( 0.0000000000000000000, 1.000000000000000000, -0.0000000000000000000 ) ) ;
#1333 = COLOUR_RGB ( '',1.000000000000000000, 1.000000000000000000, 1.000000000000000000 ) ;
#1334 = FILL_AREA_STYLE ('',( #6659 ) ) ;
#1335 = CARTESIAN_POINT ( 'NONE',  ( -1.599999999999999867, 1.100000000000000089, -0.6999999999999999556 ) ) ;
#1336 = LINE ( 'NONE', #3142, #3641 ) ;
#1337 =( LENGTH_UNIT ( ) NAMED_UNIT ( * ) SI_UNIT ( .MILLI., .METRE. ) );
#1338 = CARTESIAN_POINT ( 'NONE',  ( -2.470127565808668990, -1.199999999999998845, -0.5699999999999999512 ) ) ;
#1339 = VECTOR ( 'NONE', #254, 1000.000000000000000 ) ;
#1340 = EDGE_LOOP ( 'NONE', ( #4938, #1765, #2952, #3819 ) ) ;
#1341 = FILL_AREA_STYLE ('',( #6104 ) ) ;
#1342 = CARTESIAN_POINT ( 'NONE',  ( -2.500000000000001776, 2.100000000000000089, -0.2999999999999997113 ) ) ;
#1343 =( GEOMETRIC_REPRESENTATION_CONTEXT ( 3 ) GLOBAL_UNCERTAINTY_ASSIGNED_CONTEXT ( ( #4833 ) ) GLOBAL_UNIT_ASSIGNED_CONTEXT ( ( #2001, #5308, #4171 ) ) REPRESENTATION_CONTEXT ( 'NONE', 'WORKASPACE' ) );
#1344 = EDGE_CURVE ( 'NONE', #208, #5588, #2048, .T. ) ;
#1345 = FACE_OUTER_BOUND ( 'NONE', #6665, .T. ) ;
#1346 = ORIENTED_EDGE ( 'NONE', *, *, #6545, .T. ) ;
#1347 = SURFACE_STYLE_FILL_AREA ( #5550 ) ;
#1348 = VERTEX_POINT ( 'NONE', #910 ) ;
#1349 = UNCERTAINTY_MEASURE_WITH_UNIT (LENGTH_MEASURE( 1.000000000000000082E-05 ), #3323, 'distance_accuracy_value', 'NONE');
#1350 = EDGE_CURVE ( 'NONE', #3192, #2987, #1720, .T. ) ;
#1351 = DIRECTION ( 'NONE',  ( -1.000000000000000000, 0.0000000000000000000, 0.0000000000000000000 ) ) ;
#1352 = PRESENTATION_LAYER_ASSIGNMENT (  '', '', ( #4912 ) ) ;
#1353 = DIRECTION ( 'NONE',  ( -1.000000000000000000, 0.0000000000000000000, 0.0000000000000000000 ) ) ;
#1354 = CARTESIAN_POINT ( 'NONE',  ( 2.700000000000001954, -1.199999999999999734, -0.3000000000000003220 ) ) ;
#1355 = ORIENTED_EDGE ( 'NONE', *, *, #3469, .T. ) ;
#1356 = ADVANCED_FACE ( 'NONE', ( #2567, #1426, #3659 ), #4673, .T. ) ;
#1357 = CLOSED_SHELL ( 'NONE', ( #1140, #6457, #1088, #6584, #2881, #1608, #3315, #1515, #4461, #3435, #4095 ) ) ;
#1358 = VERTEX_POINT ( 'NONE', #5122 ) ;
#1359 = CIRCLE ( 'NONE', #920, 0.5500000000000000444 ) ;
#1360 = CARTESIAN_POINT ( 'NONE',  ( -1.700000000000000400, -2.099999999999999645, -0.7699999999999999067 ) ) ;
#1361 = EDGE_CURVE ( 'NONE', #5284, #3031, #951, .T. ) ;
#1362 = CARTESIAN_POINT ( 'NONE',  ( 0.2103187164337327886, 0.9751250982098678133, 0.3000000000000000444 ) ) ;
#1363 = CARTESIAN_POINT ( 'NONE',  ( -2.500000000000001776, -2.099999999999999645, -0.2999999999999997113 ) ) ;
#1364 = DIRECTION ( 'NONE',  ( -0.0000000000000000000, -1.000000000000000000, -0.0000000000000000000 ) ) ;
#1365 = CARTESIAN_POINT ( 'NONE',  ( 1.700000000000000400, -2.099999999999999645, -0.7699999999999999067 ) ) ;
#1366 =( GEOMETRIC_REPRESENTATION_CONTEXT ( 3 ) GLOBAL_UNCERTAINTY_ASSIGNED_CONTEXT ( ( #5029 ) ) GLOBAL_UNIT_ASSIGNED_CONTEXT ( ( #1605, #4891, #572 ) ) REPRESENTATION_CONTEXT ( 'NONE', 'WORKASPACE' ) );
#1367 = PRESENTATION_LAYER_ASSIGNMENT (  '', '', ( #2797 ) ) ;
#1368 =( NAMED_UNIT ( * ) PLANE_ANGLE_UNIT ( ) SI_UNIT ( $, .RADIAN. ) );
#1369 = SURFACE_STYLE_USAGE ( .BOTH. , #2963 ) ;
#1370 = MECHANICAL_DESIGN_GEOMETRIC_PRESENTATION_REPRESENTATION (  '', ( #3480 ), #6033 ) ;
#1371 = DIRECTION ( 'NONE',  ( 4.818676322157797375E-16, 1.000000000000000000, 1.466503673540475756E-30 ) ) ;
#1372 = DIRECTION ( 'NONE',  ( -0.0000000000000000000, -1.000000000000000000, -0.0000000000000000000 ) ) ;
#1373 = DIRECTION ( 'NONE',  ( 1.000000000000000000, 0.0000000000000000000, 0.0000000000000000000 ) ) ;
#1374 = SURFACE_STYLE_FILL_AREA ( #4959 ) ;
#1375 = VERTEX_POINT ( 'NONE', #4709 ) ;
#1376 = ORIENTED_EDGE ( 'NONE', *, *, #2030, .T. ) ;
#1377 = CARTESIAN_POINT ( 'NONE',  ( 1.600000000000000533, 2.200000000000000178, -0.5699999999999999512 ) ) ;
#1378 = STYLED_ITEM ( 'NONE', ( #1639 ), #1014 ) ;
#1379 = FILL_AREA_STYLE ('',( #864 ) ) ;
#1380 = CARTESIAN_POINT ( 'NONE',  ( 1.562305442492822882, -0.6860159872360381828, 0.3000000000000000444 ) ) ;
#1381 = VERTEX_POINT ( 'NONE', #3062 ) ;
#1382 = FILL_AREA_STYLE ('',( #3616 ) ) ;
#1383 = AXIS2_PLACEMENT_3D ( 'NONE', #4463, #6546, #4566 ) ;
#1384 = FILL_AREA_STYLE_COLOUR ( '', #3502 ) ;
#1385 = ADVANCED_FACE ( 'NONE', ( #4116 ), #4079, .F. ) ;
#1386 = ORIENTED_EDGE ( 'NONE', *, *, #4173, .F. ) ;
#1387 = FILL_AREA_STYLE ('',( #4633 ) ) ;
#1388 =( LENGTH_UNIT ( ) NAMED_UNIT ( * ) SI_UNIT ( .MILLI., .METRE. ) );
#1389 = PRESENTATION_LAYER_ASSIGNMENT (  '', '', ( #181 ) ) ;
#1390 = SURFACE_STYLE_FILL_AREA ( #1093 ) ;
#1391 = VERTEX_POINT ( 'NONE', #4518 ) ;
#1392 = CARTESIAN_POINT ( 'NONE',  ( -1.700000000000000622, -1.199999999999999734, -0.7699999999999999067 ) ) ;
#1393 = ORIENTED_EDGE ( 'NONE', *, *, #5467, .T. ) ;
#1394 = EDGE_CURVE ( 'NONE', #5865, #1731, #1866, .T. ) ;
#1395 = VECTOR ( 'NONE', #3773, 1000.000000000000114 ) ;
#1396 = ORIENTED_EDGE ( 'NONE', *, *, #4293, .T. ) ;
#1397 = PRESENTATION_STYLE_ASSIGNMENT (( #31 ) ) ;
#1398 =( NAMED_UNIT ( * ) PLANE_ANGLE_UNIT ( ) SI_UNIT ( $, .RADIAN. ) );
#1399 = DIRECTION ( 'NONE',  ( -1.000000000000000000, 0.0000000000000000000, 0.0000000000000000000 ) ) ;
#1400 = AXIS2_PLACEMENT_3D ( 'NONE', #3135, #4157, #5258 ) ;
#1401 = DIRECTION ( 'NONE',  ( 3.043374519257556424E-15, -0.0000000000000000000, 1.000000000000000000 ) ) ;
#1402 = LINE ( 'NONE', #3491, #1604 ) ;
#1403 = EDGE_CURVE ( 'NONE', #4556, #5689, #6150, .T. ) ;
#1404 = DIRECTION ( 'NONE',  ( 1.000000000000000000, 0.0000000000000000000, 0.0000000000000000000 ) ) ;
#1405 = CARTESIAN_POINT ( 'NONE',  ( 1.699999999999999956, 0.0000000000000000000, 0.3000000000000000444 ) ) ;
#1406 = PLANE ( 'NONE',  #3817 ) ;
#1407 = SURFACE_STYLE_FILL_AREA ( #3983 ) ;
#1408 = CARTESIAN_POINT ( 'NONE',  ( 0.4838201673205150821, 0.2046747618464905827, 0.4500000000000000666 ) ) ;
#1409 = COLOUR_RGB ( '',0.8313725490196077761, 0.8392156862745098200, 0.8313725490196077761 ) ;
#1410 = STYLED_ITEM ( 'NONE', ( #233 ), #2501 ) ;
#1411 = ADVANCED_FACE ( 'NONE', ( #4977 ), #2456, .T. ) ;
#1412 = ORIENTED_EDGE ( 'NONE', *, *, #2530, .F. ) ;
#1413 = EDGE_LOOP ( 'NONE', ( #6785, #3583, #6065, #2099 ) ) ;
#1414 = STYLED_ITEM ( 'NONE', ( #3559 ), #3725 ) ;
#1415 = CARTESIAN_POINT ( 'NONE',  ( -1.146028625818473756, -0.7287392438591713262, 0.3500000000000000333 ) ) ;
#1416 = STYLED_ITEM ( 'NONE', ( #936 ), #2483 ) ;
#1417 = VERTEX_POINT ( 'NONE', #213 ) ;
#1418 =( GEOMETRIC_REPRESENTATION_CONTEXT ( 3 ) GLOBAL_UNCERTAINTY_ASSIGNED_CONTEXT ( ( #11 ) ) GLOBAL_UNIT_ASSIGNED_CONTEXT ( ( #2657, #489, #942 ) ) REPRESENTATION_CONTEXT ( 'NONE', 'WORKASPACE' ) );
#1419 = CARTESIAN_POINT ( 'NONE',  ( -1.146028625818473756, 0.6751250982098658815, 0.3500000000000000333 ) ) ;
#1420 = ORIENTED_EDGE ( 'NONE', *, *, #2260, .F. ) ;
#1421 = UNCERTAINTY_MEASURE_WITH_UNIT (LENGTH_MEASURE( 1.000000000000000082E-05 ), #5525, 'distance_accuracy_value', 'NONE');
#1422 = ORIENTED_EDGE ( 'NONE', *, *, #5092, .T. ) ;
#1423 = LINE ( 'NONE', #2985, #6519 ) ;
#1424 = ORIENTED_EDGE ( 'NONE', *, *, #1070, .F. ) ;
#1425 = FACE_OUTER_BOUND ( 'NONE', #3362, .T. ) ;
#1426 = FACE_BOUND ( 'NONE', #3127, .T. ) ;
#1427 = CYLINDRICAL_SURFACE ( 'NONE', #6577, 0.1499999999999999667 ) ;
#1428 = EDGE_CURVE ( 'NONE', #800, #1102, #2865, .T. ) ;
#1429 = DIRECTION ( 'NONE',  ( 0.0000000000000000000, 1.000000000000000000, 0.0000000000000000000 ) ) ;
#1430 = SURFACE_STYLE_USAGE ( .BOTH. , #2634 ) ;
#1431 = EDGE_LOOP ( 'NONE', ( #3058, #1526, #3719, #3806, #2371 ) ) ;
#1432 = DIRECTION ( 'NONE',  ( 0.0000000000000000000, -1.000000000000000000, 0.0000000000000000000 ) ) ;
#1433 = CARTESIAN_POINT ( 'NONE',  ( -2.499117102666011725, -2.099999999999999645, -0.01684668471109857651 ) ) ;
#1434 = DIRECTION ( 'NONE',  ( -1.000000000000000000, 0.0000000000000000000, 0.0000000000000000000 ) ) ;
#1435 = CIRCLE ( 'NONE', #3107, 1.699999999999999956 ) ;
#1436 = EDGE_CURVE ( 'NONE', #5758, #1452, #792, .T. ) ;
#1437 = VERTEX_POINT ( 'NONE', #6711 ) ;
#1438 = CIRCLE ( 'NONE', #5114, 0.3000000000000000444 ) ;
#1439 = CARTESIAN_POINT ( 'NONE',  ( 0.0000000000000000000, 0.0000000000000000000, 0.3500000000000000333 ) ) ;
#1440 = DIRECTION ( 'NONE',  ( -0.0000000000000000000, 1.000000000000000000, -0.0000000000000000000 ) ) ;
#1441 = ADVANCED_FACE ( 'NONE', ( #3996 ), #5042, .F. ) ;
#1442 = DIRECTION ( 'NONE',  ( -0.0000000000000000000, -0.0000000000000000000, 1.000000000000000000 ) ) ;
#1443 = AXIS2_PLACEMENT_3D ( 'NONE', #987, #3028, #6855 ) ;
#1444 = SURFACE_STYLE_FILL_AREA ( #2522 ) ;
#1445 = VERTEX_POINT ( 'NONE', #5110 ) ;
#1446 =( LENGTH_UNIT ( ) NAMED_UNIT ( * ) SI_UNIT ( .MILLI., .METRE. ) );
#1447 = ORIENTED_EDGE ( 'NONE', *, *, #2966, .F. ) ;
#1448 = VECTOR ( 'NONE', #5016, 1000.000000000000000 ) ;
#1449 = FILL_AREA_STYLE_COLOUR ( '', #3471 ) ;
#1450 = DIRECTION ( 'NONE',  ( 0.0000000000000000000, -0.0000000000000000000, 1.000000000000000000 ) ) ;
#1451 = SURFACE_SIDE_STYLE ('',( #1390 ) ) ;
#1452 = VERTEX_POINT ( 'NONE', #1935 ) ;
#1453 =( GEOMETRIC_REPRESENTATION_CONTEXT ( 3 ) GLOBAL_UNCERTAINTY_ASSIGNED_CONTEXT ( ( #3089 ) ) GLOBAL_UNIT_ASSIGNED_CONTEXT ( ( #892, #6636, #4447 ) ) REPRESENTATION_CONTEXT ( 'NONE', 'WORKASPACE' ) );
#1454 = DIRECTION ( 'NONE',  ( 0.0000000000000000000, 0.0000000000000000000, 1.000000000000000000 ) ) ;
#1455 = EDGE_LOOP ( 'NONE', ( #4890, #2938, #5635, #6864 ) ) ;
#1456 = CARTESIAN_POINT ( 'NONE',  ( 2.400000000000001243, 1.200000000000000622, -0.4699999999999998068 ) ) ;
#1457 = COLOUR_RGB ( '',0.8313725490196077761, 0.8392156862745098200, 0.8313725490196077761 ) ;
#1458 = SURFACE_STYLE_USAGE ( .BOTH. , #405 ) ;
#1459 = PRESENTATION_STYLE_ASSIGNMENT (( #6853 ) ) ;
#1460 = CARTESIAN_POINT ( 'NONE',  ( 0.0000000000000000000, -3.299999999999999822, -0.7699999999999999067 ) ) ;
#1461 = DIRECTION ( 'NONE',  ( -0.0000000000000000000, -0.0000000000000000000, -1.000000000000000000 ) ) ;
#1462 = ORIENTED_EDGE ( 'NONE', *, *, #4076, .F. ) ;
#1463 = CIRCLE ( 'NONE', #4800, 2.000000000000002220 ) ;
#1464 = EDGE_CURVE ( 'NONE', #1348, #3346, #1281, .T. ) ;
#1465 =( NAMED_UNIT ( * ) PLANE_ANGLE_UNIT ( ) SI_UNIT ( $, .RADIAN. ) );
#1466 = SURFACE_STYLE_USAGE ( .BOTH. , #3697 ) ;
#1467 = FACE_OUTER_BOUND ( 'NONE', #1762, .T. ) ;
#1468 = VECTOR ( 'NONE', #5115, 1000.000000000000000 ) ;
#1469 = DIRECTION ( 'NONE',  ( -1.000000000000000000, 0.0000000000000000000, 0.0000000000000000000 ) ) ;
#1470 = CARTESIAN_POINT ( 'NONE',  ( 2.400000000000002132, 2.100000000000000089, -0.2999999999999993783 ) ) ;
#1471 = MECHANICAL_DESIGN_GEOMETRIC_PRESENTATION_REPRESENTATION (  '', ( #4706 ), #6473 ) ;
#1472 = CIRCLE ( 'NONE', #2354, 0.5500000000000000444 ) ;
#1473 = VERTEX_POINT ( 'NONE', #1419 ) ;
#1474 = ADVANCED_FACE ( 'NONE', ( #2941 ), #5079, .F. ) ;
#1475 = PRESENTATION_STYLE_ASSIGNMENT (( #6243 ) ) ;
#1476 = DIRECTION ( 'NONE',  ( -0.0000000000000000000, -0.0000000000000000000, -1.000000000000000000 ) ) ;
#1477 = SURFACE_STYLE_USAGE ( .BOTH. , #1058 ) ;
#1478 = EDGE_CURVE ( 'NONE', #5830, #1066, #486, .T. ) ;
#1479 = PRESENTATION_LAYER_ASSIGNMENT (  '', '', ( #4486 ) ) ;
#1480 = CARTESIAN_POINT ( 'NONE',  ( -1.146028625818473756, -0.7287392438591713262, 0.3500000000000000333 ) ) ;
#1481 = EDGE_LOOP ( 'NONE', ( #1910, #3712, #3408, #2789 ) ) ;
#1482 =( NAMED_UNIT ( * ) SI_UNIT ( $, .STERADIAN. ) SOLID_ANGLE_UNIT ( ) );
#1483 = EDGE_CURVE ( 'NONE', #1603, #3783, #391, .T. ) ;
#1484 =( GEOMETRIC_REPRESENTATION_CONTEXT ( 3 ) GLOBAL_UNCERTAINTY_ASSIGNED_CONTEXT ( ( #1486 ) ) GLOBAL_UNIT_ASSIGNED_CONTEXT ( ( #384, #1893, #5511 ) ) REPRESENTATION_CONTEXT ( 'NONE', 'WORKASPACE' ) );
#1485 = ORIENTED_EDGE ( 'NONE', *, *, #3755, .T. ) ;
#1486 = UNCERTAINTY_MEASURE_WITH_UNIT (LENGTH_MEASURE( 1.000000000000000082E-05 ), #384, 'distance_accuracy_value', 'NONE');
#1487 = CARTESIAN_POINT ( 'NONE',  ( -2.500000000000002220, -1.199999999999999734, 0.0000000000000000000 ) ) ;
#1488 = FILL_AREA_STYLE_COLOUR ( '', #6210 ) ;
#1489 = EDGE_LOOP ( 'NONE', ( #6840, #278, #3987, #6183 ) ) ;
#1490 = STYLED_ITEM ( 'NONE', ( #3534 ), #1060 ) ;
#1491 = DIRECTION ( 'NONE',  ( -0.0000000000000000000, 1.000000000000000000, -0.0000000000000000000 ) ) ;
#1492 = ORIENTED_EDGE ( 'NONE', *, *, #5351, .F. ) ;
#1493 = ADVANCED_FACE ( 'NONE', ( #5759 ), #6805, .T. ) ;
#1494 = ORIENTED_EDGE ( 'NONE', *, *, #5545, .F. ) ;
#1495 = FILL_AREA_STYLE ('',( #2137 ) ) ;
#1496 = DIRECTION ( 'NONE',  ( 2.404031325876694646E-16, -1.000000000000000000, 0.0000000000000000000 ) ) ;
#1497 = CARTESIAN_POINT ( 'NONE',  ( 0.2103187164337326220, 2.110000814877110997, 0.3500000000000000333 ) ) ;
#1498 = CARTESIAN_POINT ( 'NONE',  ( -1.700000000000000622, 2.100000000000000089, -0.7699999999999999067 ) ) ;
#1499 =( LENGTH_UNIT ( ) NAMED_UNIT ( * ) SI_UNIT ( .MILLI., .METRE. ) );
#1500 = ORIENTED_EDGE ( 'NONE', *, *, #1684, .T. ) ;
#1501 = AXIS2_PLACEMENT_3D ( 'NONE', #365, #6781, #6296 ) ;
#1502 = PLANE ( 'NONE',  #2028 ) ;
#1503 = DIRECTION ( 'NONE',  ( 3.043374519257556424E-15, 0.0000000000000000000, -1.000000000000000000 ) ) ;
#1504 = DIRECTION ( 'NONE',  ( 1.000000000000000000, 0.0000000000000000000, -0.0000000000000000000 ) ) ;
#1505 = VECTOR ( 'NONE', #228, 1000.000000000000000 ) ;
#1506 =( NAMED_UNIT ( * ) PLANE_ANGLE_UNIT ( ) SI_UNIT ( $, .RADIAN. ) );
#1507 = SURFACE_SIDE_STYLE ('',( #5748 ) ) ;
#1508 = CYLINDRICAL_SURFACE ( 'NONE', #6846, 0.3000000000000000444 ) ;
#1509 = CARTESIAN_POINT ( 'NONE',  ( 0.2838201673205150155, 0.4046747618464905383, 0.4500000000000000666 ) ) ;
#1510 = EDGE_LOOP ( 'NONE', ( #2464, #1447, #4184, #5736 ) ) ;
#1511 = DIRECTION ( 'NONE',  ( -0.0000000000000000000, 1.000000000000000000, -0.0000000000000000000 ) ) ;
#1512 = DIRECTION ( 'NONE',  ( 1.000000000000000000, 0.0000000000000000000, 0.0000000000000000000 ) ) ;
#1513 = LINE ( 'NONE', #5824, #1010 ) ;
#1514 = MECHANICAL_DESIGN_GEOMETRIC_PRESENTATION_REPRESENTATION (  '', ( #4406 ), #5626 ) ;
#1515 = ADVANCED_FACE ( 'NONE', ( #6283 ), #2642, .F. ) ;
#1516 = VECTOR ( 'NONE', #5321, 1000.000000000000000 ) ;
#1517 = ORIENTED_EDGE ( 'NONE', *, *, #5272, .T. ) ;
#1518 = SURFACE_SIDE_STYLE ('',( #4628 ) ) ;
#1519 = STYLED_ITEM ( 'NONE', ( #6337 ), #3348 ) ;
#1520 = MECHANICAL_DESIGN_GEOMETRIC_PRESENTATION_REPRESENTATION (  '', ( #2399 ), #6637 ) ;
#1521 = ORIENTED_EDGE ( 'NONE', *, *, #1823, .F. ) ;
#1522 = COLOUR_RGB ( '',1.000000000000000000, 1.000000000000000000, 1.000000000000000000 ) ;
#1523 =( NAMED_UNIT ( * ) PLANE_ANGLE_UNIT ( ) SI_UNIT ( $, .RADIAN. ) );
#1524 = EDGE_CURVE ( 'NONE', #4209, #3228, #4755, .T. ) ;
#1525 = PRESENTATION_LAYER_ASSIGNMENT (  '', '', ( #3188 ) ) ;
#1526 = ORIENTED_EDGE ( 'NONE', *, *, #1823, .T. ) ;
#1527 = FILL_AREA_STYLE_COLOUR ( '', #1957 ) ;
#1528 = ORIENTED_EDGE ( 'NONE', *, *, #6615, .F. ) ;
#1529 = EDGE_LOOP ( 'NONE', ( #4791, #3479, #5324, #96 ) ) ;
#1530 = VECTOR ( 'NONE', #4936, 1000.000000000000114 ) ;
#1531 = SURFACE_STYLE_FILL_AREA ( #3521 ) ;
#1532 = PLANE ( 'NONE',  #3694 ) ;
#1533 = EDGE_CURVE ( 'NONE', #4511, #4428, #923, .T. ) ;
#1534 = DIRECTION ( 'NONE',  ( -2.409338161078899674E-16, 1.000000000000000000, 0.0000000000000000000 ) ) ;
#1535 = DIRECTION ( 'NONE',  ( 0.08715574274765820750, 0.0000000000000000000, 0.9961946980917455452 ) ) ;
#1536 = CARTESIAN_POINT ( 'NONE',  ( 0.2838201673205150710, -0.2871897488101240459, 0.3500000000000000333 ) ) ;
#1537 = ORIENTED_EDGE ( 'NONE', *, *, #1785, .T. ) ;
#1538 = FILL_AREA_STYLE_COLOUR ( '', #4373 ) ;
#1539 = CARTESIAN_POINT ( 'NONE',  ( -2.400000000000001243, 2.100000000000000089, -0.5700000000000000622 ) ) ;
#1540 = FACE_OUTER_BOUND ( 'NONE', #3447, .T. ) ;
#1541 = CARTESIAN_POINT ( 'NONE',  ( 1.600000000000000533, 2.200000000000000178, -0.5699999999999999512 ) ) ;
#1542 =( GEOMETRIC_REPRESENTATION_CONTEXT ( 3 ) GLOBAL_UNCERTAINTY_ASSIGNED_CONTEXT ( ( #6775 ) ) GLOBAL_UNIT_ASSIGNED_CONTEXT ( ( #4527, #5729, #2493 ) ) REPRESENTATION_CONTEXT ( 'NONE', 'WORKASPACE' ) );
#1543 = SURFACE_STYLE_FILL_AREA ( #3077 ) ;
#1544 = ORIENTED_EDGE ( 'NONE', *, *, #5682, .T. ) ;
#1545 = DIRECTION ( 'NONE',  ( 1.000000000000000000, 0.0000000000000000000, 0.0000000000000000000 ) ) ;
#1546 = DIRECTION ( 'NONE',  ( -0.0000000000000000000, 0.0000000000000000000, 1.000000000000000000 ) ) ;
#1547 = FILL_AREA_STYLE ('',( #4694 ) ) ;
#1548 = LINE ( 'NONE', #1092, #2210 ) ;
#1549 = ORIENTED_EDGE ( 'NONE', *, *, #1601, .F. ) ;
#1550 = VECTOR ( 'NONE', #2798, 1000.000000000000000 ) ;
#1551 = SURFACE_STYLE_USAGE ( .BOTH. , #6349 ) ;
#1552 = ORIENTED_EDGE ( 'NONE', *, *, #3387, .T. ) ;
#1553 = EDGE_CURVE ( 'NONE', #5636, #662, #2547, .T. ) ;
#1554 = STYLED_ITEM ( 'NONE', ( #2200 ), #4423 ) ;
#1555 = DIRECTION ( 'NONE',  ( 0.08715574274765820750, 0.0000000000000000000, -0.9961946980917455452 ) ) ;
#1556 = DIRECTION ( 'NONE',  ( 0.0000000000000000000, -0.08715574274765820750, -0.9961946980917455452 ) ) ;
#1557 = ORIENTED_EDGE ( 'NONE', *, *, #1070, .T. ) ;
#1558 = DIRECTION ( 'NONE',  ( 0.0000000000000000000, 0.0000000000000000000, -1.000000000000000000 ) ) ;
#1559 = ORIENTED_EDGE ( 'NONE', *, *, #5467, .F. ) ;
#1560 = VERTEX_POINT ( 'NONE', #6766 ) ;
#1561 = ADVANCED_FACE ( 'NONE', ( #962 ), #3639, .F. ) ;
#1562 = SURFACE_SIDE_STYLE ('',( #4289 ) ) ;
#1563 = EDGE_CURVE ( 'NONE', #2207, #208, #4688, .T. ) ;
#1564 =( GEOMETRIC_REPRESENTATION_CONTEXT ( 3 ) GLOBAL_UNCERTAINTY_ASSIGNED_CONTEXT ( ( #2300 ) ) GLOBAL_UNIT_ASSIGNED_CONTEXT ( ( #3743, #1713, #1606 ) ) REPRESENTATION_CONTEXT ( 'NONE', 'WORKASPACE' ) );
#1565 = CARTESIAN_POINT ( 'NONE',  ( -2.700000000000001510, 1.200000000000000622, -0.4700000000000008060 ) ) ;
#1566 = CARTESIAN_POINT ( 'NONE',  ( -2.400000000000001243, -2.099999999999999645, -0.4699999999999998068 ) ) ;
#1567 = FILL_AREA_STYLE ('',( #4190 ) ) ;
#1568 = ORIENTED_EDGE ( 'NONE', *, *, #1701, .F. ) ;
#1569 = FILL_AREA_STYLE ('',( #1538 ) ) ;
#1570 = LINE ( 'NONE', #3566, #1710 ) ;
#1571 = CARTESIAN_POINT ( 'NONE',  ( 0.2838201673205150710, -0.2871897488101240459, 0.4500000000000000666 ) ) ;
#1572 = CARTESIAN_POINT ( 'NONE',  ( 0.5500000000000000444, -1.049999999999999822, -0.5699999999999999512 ) ) ;
#1573 =( NAMED_UNIT ( * ) SI_UNIT ( $, .STERADIAN. ) SOLID_ANGLE_UNIT ( ) );
#1574 = COLOUR_RGB ( '',0.8313725490196077761, 0.8392156862745098200, 0.8313725490196077761 ) ;
#1575 = DIRECTION ( 'NONE',  ( -0.0000000000000000000, 1.000000000000000000, -0.0000000000000000000 ) ) ;
#1576 = ORIENTED_EDGE ( 'NONE', *, *, #3963, .F. ) ;
#1577 = STYLED_ITEM ( 'NONE', ( #2908 ), #6075 ) ;
#1578 = FILL_AREA_STYLE_COLOUR ( '', #167 ) ;
#1579 = DIRECTION ( 'NONE',  ( -0.0000000000000000000, 0.0000000000000000000, 1.000000000000000000 ) ) ;
#1580 = VERTEX_POINT ( 'NONE', #3702 ) ;
#1581 = PRESENTATION_LAYER_ASSIGNMENT (  '', '', ( #3253 ) ) ;
#1582 = CARTESIAN_POINT ( 'NONE',  ( 1.599999999999999867, -2.200000000000000178, -0.5699999999999999512 ) ) ;
#1583 = EDGE_LOOP ( 'NONE', ( #670, #1622, #4105, #3986 ) ) ;
#1584 = FILL_AREA_STYLE ('',( #4179 ) ) ;
#1585 = ORIENTED_EDGE ( 'NONE', *, *, #3015, .F. ) ;
#1586 = EDGE_CURVE ( 'NONE', #5423, #5284, #5172, .T. ) ;
#1587 = ORIENTED_EDGE ( 'NONE', *, *, #4126, .T. ) ;
#1588 = VECTOR ( 'NONE', #1476, 1000.000000000000000 ) ;
#1589 = VERTEX_POINT ( 'NONE', #5819 ) ;
#1590 = CARTESIAN_POINT ( 'NONE',  ( -2.500000000000002220, 2.500000000000002220, 0.0000000000000000000 ) ) ;
#1591 = FILL_AREA_STYLE_COLOUR ( '', #2554 ) ;
#1592 = EDGE_CURVE ( 'NONE', #898, #5018, #2123, .T. ) ;
#1593 = FACE_OUTER_BOUND ( 'NONE', #5187, .T. ) ;
#1594 = VERTEX_POINT ( 'NONE', #1509 ) ;
#1595 =( LENGTH_UNIT ( ) NAMED_UNIT ( * ) SI_UNIT ( .MILLI., .METRE. ) );
#1596 = UNCERTAINTY_MEASURE_WITH_UNIT (LENGTH_MEASURE( 1.000000000000000082E-05 ), #1388, 'distance_accuracy_value', 'NONE');
#1597 = LINE ( 'NONE', #6408, #5794 ) ;
#1598 = DIRECTION ( 'NONE',  ( 0.0000000000000000000, 0.0000000000000000000, -1.000000000000000000 ) ) ;
#1599 = FACE_OUTER_BOUND ( 'NONE', #2629, .T. ) ;
#1600 = VECTOR ( 'NONE', #4141, 1000.000000000000000 ) ;
#1601 = EDGE_CURVE ( 'NONE', #5972, #5210, #6863, .T. ) ;
#1602 = FACE_OUTER_BOUND ( 'NONE', #417, .T. ) ;
#1603 = VERTEX_POINT ( 'NONE', #2091 ) ;
#1604 = VECTOR ( 'NONE', #3529, 1000.000000000000000 ) ;
#1605 =( LENGTH_UNIT ( ) NAMED_UNIT ( * ) SI_UNIT ( .MILLI., .METRE. ) );
#1606 =( NAMED_UNIT ( * ) SI_UNIT ( $, .STERADIAN. ) SOLID_ANGLE_UNIT ( ) );
#1607 = PLANE ( 'NONE',  #1654 ) ;
#1608 = ADVANCED_FACE ( 'NONE', ( #6828 ), #2578, .F. ) ;
#1609 = DIRECTION ( 'NONE',  ( 0.0000000000000000000, 0.0000000000000000000, 1.000000000000000000 ) ) ;
#1610 = ORIENTED_EDGE ( 'NONE', *, *, #4989, .F. ) ;
#1611 = VECTOR ( 'NONE', #6302, 1000.000000000000000 ) ;
#1612 = ORIENTED_EDGE ( 'NONE', *, *, #1394, .F. ) ;
#1613 = ORIENTED_EDGE ( 'NONE', *, *, #119, .F. ) ;
#1614 = SURFACE_SIDE_STYLE ('',( #548 ) ) ;
#1615 = CARTESIAN_POINT ( 'NONE',  ( 1.700000000000000400, 1.200000000000000622, -0.5699999999999999512 ) ) ;
#1616 = STYLED_ITEM ( 'NONE', ( #491 ), #2275 ) ;
#1617 = UNCERTAINTY_MEASURE_WITH_UNIT (LENGTH_MEASURE( 1.000000000000000082E-05 ), #1111, 'distance_accuracy_value', 'NONE');
#1618 = VECTOR ( 'NONE', #1248, 1000.000000000000000 ) ;
#1619 = VERTEX_POINT ( 'NONE', #3282 ) ;
#1620 = VECTOR ( 'NONE', #4128, 1000.000000000000114 ) ;
#1621 = MECHANICAL_DESIGN_GEOMETRIC_PRESENTATION_REPRESENTATION (  '', ( #3746 ), #5966 ) ;
#1622 = ORIENTED_EDGE ( 'NONE', *, *, #3015, .T. ) ;
#1623 = VECTOR ( 'NONE', #3902, 1000.000000000000000 ) ;
#1624 = CARTESIAN_POINT ( 'NONE',  ( 1.262305442492821728, 0.6070589046025534063, 0.3500000000000000333 ) ) ;
#1625 = AXIS2_PLACEMENT_3D ( 'NONE', #6750, #2871, #4558 ) ;
#1626 = FACE_OUTER_BOUND ( 'NONE', #2202, .T. ) ;
#1627 = CARTESIAN_POINT ( 'NONE',  ( 0.2838201673205150710, -0.2871897488101240459, 0.3500000000000000333 ) ) ;
#1628 = LINE ( 'NONE', #3409, #2009 ) ;
#1629 = CARTESIAN_POINT ( 'NONE',  ( 2.500000000000001332, 2.100000000000000089, -0.4700000000000001399 ) ) ;
#1630 = SURFACE_STYLE_USAGE ( .BOTH. , #10 ) ;
#1631 = EDGE_CURVE ( 'NONE', #6739, #3057, #4301, .T. ) ;
#1632 = LINE ( 'NONE', #1745, #3386 ) ;
#1633 = FACE_OUTER_BOUND ( 'NONE', #3589, .T. ) ;
#1634 = PLANE ( 'NONE',  #4312 ) ;
#1635 = LINE ( 'NONE', #3770, #5699 ) ;
#1636 = CARTESIAN_POINT ( 'NONE',  ( -1.296028625818473667, -0.7287392438591724364, 0.3000000000000000444 ) ) ;
#1637 = VERTEX_POINT ( 'NONE', #6517 ) ;
#1638 = EDGE_CURVE ( 'NONE', #5888, #4482, #5436, .T. ) ;
#1639 = PRESENTATION_STYLE_ASSIGNMENT (( #6416 ) ) ;
#1640 = LINE ( 'NONE', #6486, #3009 ) ;
#1641 = SURFACE_STYLE_FILL_AREA ( #5932 ) ;
#1642 = FACE_OUTER_BOUND ( 'NONE', #5843, .T. ) ;
#1643 = PRESENTATION_STYLE_ASSIGNMENT (( #3289 ) ) ;
#1644 = ORIENTED_EDGE ( 'NONE', *, *, #182, .F. ) ;
#1645 = VERTEX_POINT ( 'NONE', #6446 ) ;
#1646 = PRESENTATION_LAYER_ASSIGNMENT (  '', '', ( #550 ) ) ;
#1647 = EDGE_LOOP ( 'NONE', ( #2221, #3728, #4978, #3503 ) ) ;
#1648 =( LENGTH_UNIT ( ) NAMED_UNIT ( * ) SI_UNIT ( .MILLI., .METRE. ) );
#1649 = COLOUR_RGB ( '',1.000000000000000000, 1.000000000000000000, 1.000000000000000000 ) ;
#1650 = CARTESIAN_POINT ( 'NONE',  ( 2.500000000000002220, -2.500000000000002220, 0.0000000000000000000 ) ) ;
#1651 = ORIENTED_EDGE ( 'NONE', *, *, #2575, .F. ) ;
#1652 = FILL_AREA_STYLE ('',( #5907 ) ) ;
#1653 = ORIENTED_EDGE ( 'NONE', *, *, #1464, .F. ) ;
#1654 = AXIS2_PLACEMENT_3D ( 'NONE', #6346, #3747, #5862 ) ;
#1655 = DIRECTION ( 'NONE',  ( -0.05226442768871396305, 0.05226442768871396305, 0.9972646886342373396 ) ) ;
#1656 = LINE ( 'NONE', #3794, #663 ) ;
#1657 = VERTEX_POINT ( 'NONE', #1709 ) ;
#1658 = STYLED_ITEM ( 'NONE', ( #4320 ), #4732 ) ;
#1659 = CARTESIAN_POINT ( 'NONE',  ( 0.0000000000000000000, 0.0000000000000000000, 0.3500000000000000333 ) ) ;
#1660 = EDGE_LOOP ( 'NONE', ( #18, #4600, #6063, #3891 ) ) ;
#1661 = UNCERTAINTY_MEASURE_WITH_UNIT (LENGTH_MEASURE( 1.000000000000000082E-05 ), #5109, 'distance_accuracy_value', 'NONE');
#1662 = CARTESIAN_POINT ( 'NONE',  ( -2.486873320506370000, 2.100000000000000089, -0.2504719656739949341 ) ) ;
#1663 = CARTESIAN_POINT ( 'NONE',  ( 0.2103187164337326220, 2.110000814877110997, 0.3500000000000000333 ) ) ;
#1664 = DIRECTION ( 'NONE',  ( -1.000000000000000000, 0.0000000000000000000, 0.0000000000000000000 ) ) ;
#1665 =( LENGTH_UNIT ( ) NAMED_UNIT ( * ) SI_UNIT ( .MILLI., .METRE. ) );
#1666 = FILL_AREA_STYLE_COLOUR ( '', #6850 ) ;
#1667 = CARTESIAN_POINT ( 'NONE',  ( 0.0000000000000000000, 2.100000000000000089, -0.5699999999999999512 ) ) ;
#1668 = AXIS2_PLACEMENT_3D ( 'NONE', #5782, #5167, #2573 ) ;
#1669 = EDGE_CURVE ( 'NONE', #6039, #4577, #2674, .T. ) ;
#1670 = ORIENTED_EDGE ( 'NONE', *, *, #4649, .F. ) ;
#1671 = CARTESIAN_POINT ( 'NONE',  ( 0.0000000000000000000, 0.0000000000000000000, 0.3000000000000000444 ) ) ;
#1672 = DIRECTION ( 'NONE',  ( -0.0000000000000000000, -0.0000000000000000000, -1.000000000000000000 ) ) ;
#1673 = CIRCLE ( 'NONE', #1127, 1.699999999999999956 ) ;
#1674 =( LENGTH_UNIT ( ) NAMED_UNIT ( * ) SI_UNIT ( .MILLI., .METRE. ) );
#1675 = FILL_AREA_STYLE_COLOUR ( '', #2398 ) ;
#1676 = LINE ( 'NONE', #4826, #3221 ) ;
#1677 =( LENGTH_UNIT ( ) NAMED_UNIT ( * ) SI_UNIT ( .MILLI., .METRE. ) );
#1678 = VERTEX_POINT ( 'NONE', #2813 ) ;
#1679 = EDGE_CURVE ( 'NONE', #4355, #2687, #4362, .T. ) ;
#1680 = VECTOR ( 'NONE', #19, 1000.000000000000000 ) ;
#1681 = VECTOR ( 'NONE', #194, 1000.000000000000000 ) ;
#1682 = VERTEX_POINT ( 'NONE', #3805 ) ;
#1683 = ORIENTED_EDGE ( 'NONE', *, *, #6285, .F. ) ;
#1684 = EDGE_CURVE ( 'NONE', #2377, #5523, #6480, .T. ) ;
#1685 = SURFACE_STYLE_FILL_AREA ( #3821 ) ;
#1686 = UNCERTAINTY_MEASURE_WITH_UNIT (LENGTH_MEASURE( 1.000000000000000082E-05 ), #1674, 'distance_accuracy_value', 'NONE');
#1687 = PRESENTATION_STYLE_ASSIGNMENT (( #1725 ) ) ;
#1688 = COLOUR_RGB ( '',0.8980392156862745390, 0.9215686274509803377, 0.9294117647058823817 ) ;
#1689 = PRESENTATION_LAYER_ASSIGNMENT (  '', '', ( #2127 ) ) ;
#1690 = PLANE ( 'NONE',  #2317 ) ;
#1691 = ORIENTED_EDGE ( 'NONE', *, *, #4375, .F. ) ;
#1692 = EDGE_CURVE ( 'NONE', #2879, #4224, #1748, .T. ) ;
#1693 = PLANE ( 'NONE',  #5507 ) ;
#1694 = VECTOR ( 'NONE', #5527, 1000.000000000000000 ) ;
#1695 = EDGE_LOOP ( 'NONE', ( #1001, #5514, #6815, #2766 ) ) ;
#1696 = CARTESIAN_POINT ( 'NONE',  ( -2.500000000000001332, -2.099999999999999645, -0.4700000000000001399 ) ) ;
#1697 = SURFACE_SIDE_STYLE ('',( #6397 ) ) ;
#1698 = CARTESIAN_POINT ( 'NONE',  ( 0.4838201673205150821, 0.9163225641662154919, 0.3500000000000000333 ) ) ;
#1699 = CIRCLE ( 'NONE', #5587, 0.1000000000000002554 ) ;
#1700 =( NAMED_UNIT ( * ) PLANE_ANGLE_UNIT ( ) SI_UNIT ( $, .RADIAN. ) );
#1701 = EDGE_CURVE ( 'NONE', #4758, #1391, #676, .T. ) ;
#1702 = SURFACE_STYLE_USAGE ( .BOTH. , #634 ) ;
#1703 = VERTEX_POINT ( 'NONE', #2219 ) ;
#1704 = FACE_OUTER_BOUND ( 'NONE', #5937, .T. ) ;
#1705 =( NAMED_UNIT ( * ) PLANE_ANGLE_UNIT ( ) SI_UNIT ( $, .RADIAN. ) );
#1706 = CARTESIAN_POINT ( 'NONE',  ( -2.400000000000001243, -2.099999999999999645, -0.4699999999999998068 ) ) ;
#1707 = CARTESIAN_POINT ( 'NONE',  ( 1.412305442492822971, -0.6860159872360371835, 0.3000000000000000444 ) ) ;
#1708 = LINE ( 'NONE', #604, #4531 ) ;
#1709 = CARTESIAN_POINT ( 'NONE',  ( -2.500000000000001776, 2.100000000000000089, -0.2999999999999997113 ) ) ;
#1710 = VECTOR ( 'NONE', #6269, 1000.000000000000000 ) ;
#1711 = ORIENTED_EDGE ( 'NONE', *, *, #1764, .T. ) ;
#1712 = LINE ( 'NONE', #1750, #1680 ) ;
#1713 =( NAMED_UNIT ( * ) PLANE_ANGLE_UNIT ( ) SI_UNIT ( $, .RADIAN. ) );
#1714 = COLOUR_RGB ( '',0.8980392156862745390, 0.9215686274509803377, 0.9294117647058823817 ) ;
#1715 =( NAMED_UNIT ( * ) SI_UNIT ( $, .STERADIAN. ) SOLID_ANGLE_UNIT ( ) );
#1716 = CARTESIAN_POINT ( 'NONE',  ( -2.400000000000001243, 2.100000000000000089, -0.4699999999999998068 ) ) ;
#1717 = CARTESIAN_POINT ( 'NONE',  ( 0.2838201673205150710, -0.4871897488101240015, 0.4500000000000000666 ) ) ;
#1718 = DIRECTION ( 'NONE',  ( 1.000000000000000000, 0.0000000000000000000, 0.0000000000000000000 ) ) ;
#1719 = EDGE_LOOP ( 'NONE', ( #5402, #614, #2751, #970 ) ) ;
#1720 = CIRCLE ( 'NONE', #1501, 0.3000000000000002665 ) ;
#1721 = ORIENTED_EDGE ( 'NONE', *, *, #6760, .F. ) ;
#1722 = DIRECTION ( 'NONE',  ( -2.710505431213759113E-16, 1.000000000000000000, 0.0000000000000000000 ) ) ;
#1723 = CARTESIAN_POINT ( 'NONE',  ( 1.930905544980987543, 2.110000814877110997, 0.3000000000000000444 ) ) ;
#1724 = EDGE_CURVE ( 'NONE', #6483, #5234, #6411, .T. ) ;
#1725 = SURFACE_STYLE_USAGE ( .BOTH. , #4448 ) ;
#1726 = CIRCLE ( 'NONE', #6620, 0.3000000000000002665 ) ;
#1727 = SURFACE_STYLE_USAGE ( .BOTH. , #3431 ) ;
#1728 = EDGE_LOOP ( 'NONE', ( #2316, #6597, #236, #2712 ) ) ;
#1729 = SURFACE_STYLE_FILL_AREA ( #6537 ) ;
#1730 = AXIS2_PLACEMENT_3D ( 'NONE', #4006, #5492, #3379 ) ;
#1731 = VERTEX_POINT ( 'NONE', #708 ) ;
#1732 = EDGE_CURVE ( 'NONE', #5523, #1244, #4918, .T. ) ;
#1733 = DIRECTION ( 'NONE',  ( -3.043374519257556424E-15, -0.0000000000000000000, -1.000000000000000000 ) ) ;
#1734 = PRESENTATION_LAYER_ASSIGNMENT (  '', '', ( #2730 ) ) ;
#1735 = CARTESIAN_POINT ( 'NONE',  ( -2.700000000000001954, 1.301042606982606110E-15, -0.4700000000000007505 ) ) ;
#1736 = COLOUR_RGB ( '',1.000000000000000000, 1.000000000000000000, 1.000000000000000000 ) ;
#1737 =( LENGTH_UNIT ( ) NAMED_UNIT ( * ) SI_UNIT ( .MILLI., .METRE. ) );
#1738 = AXIS2_PLACEMENT_3D ( 'NONE', #4317, #4908, #1150 ) ;
#1739 = ORIENTED_EDGE ( 'NONE', *, *, #2318, .F. ) ;
#1740 = VECTOR ( 'NONE', #1329, 1000.000000000000000 ) ;
#1741 = VECTOR ( 'NONE', #5204, 1000.000000000000114 ) ;
#1742 = FACE_OUTER_BOUND ( 'NONE', #3679, .T. ) ;
#1743 = EDGE_CURVE ( 'NONE', #6652, #1445, #3059, .T. ) ;
#1744 = PRESENTATION_LAYER_ASSIGNMENT (  '', '', ( #4308 ) ) ;
#1745 = CARTESIAN_POINT ( 'NONE',  ( -2.500000000000002220, 2.500000000000002220, 0.0000000000000000000 ) ) ;
#1746 = FILL_AREA_STYLE ('',( #5460 ) ) ;
#1747 = LINE ( 'NONE', #3175, #1852 ) ;
#1748 = LINE ( 'NONE', #4816, #4063 ) ;
#1749 = STYLED_ITEM ( 'NONE', ( #974 ), #2869 ) ;
#1750 = CARTESIAN_POINT ( 'NONE',  ( -2.500000000000002220, -2.500000000000002220, 0.0000000000000000000 ) ) ;
#1751 = LINE ( 'NONE', #5368, #4792 ) ;
#1752 = PLANE ( 'NONE',  #703 ) ;
#1753 = DIRECTION ( 'NONE',  ( 0.0000000000000000000, 1.000000000000000000, 0.0000000000000000000 ) ) ;
#1754 = SURFACE_STYLE_USAGE ( .BOTH. , #4962 ) ;
#1755 = ORIENTED_EDGE ( 'NONE', *, *, #3790, .T. ) ;
#1756 = ORIENTED_EDGE ( 'NONE', *, *, #2704, .F. ) ;
#1757 = ORIENTED_EDGE ( 'NONE', *, *, #5305, .F. ) ;
#1758 = CARTESIAN_POINT ( 'NONE',  ( 2.500000000000002220, -1.099999999999999867, -2.635522335218303699E-17 ) ) ;
#1759 = PRESENTATION_STYLE_ASSIGNMENT (( #5378 ) ) ;
#1760 = UNCERTAINTY_MEASURE_WITH_UNIT (LENGTH_MEASURE( 1.000000000000000082E-05 ), #6515, 'distance_accuracy_value', 'NONE');
#1761 = DIRECTION ( 'NONE',  ( -0.0000000000000000000, 0.0000000000000000000, -1.000000000000000000 ) ) ;
#1762 = EDGE_LOOP ( 'NONE', ( #2686, #6400, #5672, #5541 ) ) ;
#1763 = AXIS2_PLACEMENT_3D ( 'NONE', #1186, #2114, #557 ) ;
#1764 = EDGE_CURVE ( 'NONE', #561, #6483, #2714, .T. ) ;
#1765 = ORIENTED_EDGE ( 'NONE', *, *, #1679, .F. ) ;
#1766 = VECTOR ( 'NONE', #2228, 1000.000000000000000 ) ;
#1767 = CARTESIAN_POINT ( 'NONE',  ( -2.471716000805965763, 2.100000000000000089, -0.5396908546970038412 ) ) ;
#1768 = LINE ( 'NONE', #2423, #1075 ) ;
#1769 = CARTESIAN_POINT ( 'NONE',  ( 0.2103187164337327886, -2.056952929731181712, 0.3500000000000000333 ) ) ;
#1770 = STYLED_ITEM ( 'NONE', ( #3047 ), #4413 ) ;
#1771 = EDGE_CURVE ( 'NONE', #3425, #980, #6175, .T. ) ;
#1772 = EDGE_CURVE ( 'NONE', #1200, #1682, #1726, .T. ) ;
#1773 = DIRECTION ( 'NONE',  ( -1.971276677246371519E-16, -1.000000000000000000, -0.0000000000000000000 ) ) ;
#1774 = CARTESIAN_POINT ( 'NONE',  ( 2.700000000000003286, -3.299999999999998490, -8.306732565912526210E-15 ) ) ;
#1775 = LINE ( 'NONE', #2812, #4087 ) ;
#1776 = CARTESIAN_POINT ( 'NONE',  ( -2.500000000000002220, 2.200000000000000178, 0.0000000000000000000 ) ) ;
#1777 = ADVANCED_FACE ( 'NONE', ( #1602 ), #1227, .F. ) ;
#1778 = STYLED_ITEM ( 'NONE', ( #1872 ), #4801 ) ;
#1779 = FACE_OUTER_BOUND ( 'NONE', #5164, .T. ) ;
#1780 = DIRECTION ( 'NONE',  ( 1.000000000000000000, -0.0000000000000000000, -0.0000000000000000000 ) ) ;
#1781 = CARTESIAN_POINT ( 'NONE',  ( 0.2103187164337327886, -2.056952929731181712, 0.3000000000000000444 ) ) ;
#1782 = CARTESIAN_POINT ( 'NONE',  ( -2.400000000000001243, -1.199999999999999734, -0.4699999999999998068 ) ) ;
#1783 = DIRECTION ( 'NONE',  ( 0.05233595624294388321, -0.0000000000000000000, 0.9986295347545739443 ) ) ;
#1784 = ORIENTED_EDGE ( 'NONE', *, *, #6375, .F. ) ;
#1785 = EDGE_CURVE ( 'NONE', #1114, #1348, #644, .T. ) ;
#1786 = ORIENTED_EDGE ( 'NONE', *, *, #2484, .F. ) ;
#1787 = ORIENTED_EDGE ( 'NONE', *, *, #1220, .T. ) ;
#1788 = CIRCLE ( 'NONE', #1240, 0.3000000000000002665 ) ;
#1789 = DIRECTION ( 'NONE',  ( -1.000000000000000000, 0.0000000000000000000, -0.0000000000000000000 ) ) ;
#1790 = VERTEX_POINT ( 'NONE', #4851 ) ;
#1791 = VECTOR ( 'NONE', #6580, 1000.000000000000000 ) ;
#1792 = SURFACE_STYLE_USAGE ( .BOTH. , #4939 ) ;
#1793 = SURFACE_STYLE_USAGE ( .BOTH. , #3402 ) ;
#1794 = ORIENTED_EDGE ( 'NONE', *, *, #4219, .T. ) ;
#1795 = VECTOR ( 'NONE', #2870, 1000.000000000000000 ) ;
#1796 = LINE ( 'NONE', #5978, #2466 ) ;
#1797 = DIRECTION ( 'NONE',  ( 0.0000000000000000000, 0.0000000000000000000, -1.000000000000000000 ) ) ;
#1798 = CARTESIAN_POINT ( 'NONE',  ( -2.463314554501873310, 0.0000000000000000000, -0.6999999999999999556 ) ) ;
#1799 = VERTEX_POINT ( 'NONE', #5463 ) ;
#1800 =( LENGTH_UNIT ( ) NAMED_UNIT ( * ) SI_UNIT ( .MILLI., .METRE. ) );
#1801 = SURFACE_STYLE_FILL_AREA ( #3410 ) ;
#1802 = DIRECTION ( 'NONE',  ( -1.000000000000000000, -2.353123974012615088E-15, 0.0000000000000000000 ) ) ;
#1803 = CARTESIAN_POINT ( 'NONE',  ( 1.700000000000000622, 2.100000000000000089, -0.7699999999999999067 ) ) ;
#1804 = VECTOR ( 'NONE', #6653, 1000.000000000000000 ) ;
#1805 = PRESENTATION_LAYER_ASSIGNMENT (  '', '', ( #932 ) ) ;
#1806 = EDGE_CURVE ( 'NONE', #820, #1828, #94, .T. ) ;
#1807 = CARTESIAN_POINT ( 'NONE',  ( -0.1831650461902210314, -0.2870056143358111211, 0.3500000000000000333 ) ) ;
#1808 = FACE_OUTER_BOUND ( 'NONE', #5091, .T. ) ;
#1809 = FILL_AREA_STYLE_COLOUR ( '', #1055 ) ;
#1810 = VECTOR ( 'NONE', #5480, 1000.000000000000000 ) ;
#1811 = CARTESIAN_POINT ( 'NONE',  ( 2.500000000000001776, -2.099999999999999645, -0.2999999999999997113 ) ) ;
#1812 = SURFACE_STYLE_FILL_AREA ( #1334 ) ;
#1813 = CARTESIAN_POINT ( 'NONE',  ( 2.471716000805965763, -1.199999999999999734, -0.5396908546970038412 ) ) ;
#1814 = ADVANCED_FACE ( 'NONE', ( #2750 ), #4889, .T. ) ;
#1815 = CARTESIAN_POINT ( 'NONE',  ( 1.700000000000000622, 2.100000000000000089, -0.7699999999999999067 ) ) ;
#1816 = SURFACE_SIDE_STYLE ('',( #2444 ) ) ;
#1817 = ORIENTED_EDGE ( 'NONE', *, *, #4505, .F. ) ;
#1818 = EDGE_LOOP ( 'NONE', ( #5732, #5478, #4829, #3339 ) ) ;
#1819 = ORIENTED_EDGE ( 'NONE', *, *, #2198, .T. ) ;
#1820 = DIRECTION ( 'NONE',  ( 0.0000000000000000000, 0.0000000000000000000, -1.000000000000000000 ) ) ;
#1821 = SURFACE_SIDE_STYLE ('',( #3542 ) ) ;
#1822 = UNCERTAINTY_MEASURE_WITH_UNIT (LENGTH_MEASURE( 1.000000000000000082E-05 ), #2875, 'distance_accuracy_value', 'NONE');
#1823 = EDGE_CURVE ( 'NONE', #1856, #2877, #5612, .T. ) ;
#1824 = ORIENTED_EDGE ( 'NONE', *, *, #6801, .F. ) ;
#1825 = AXIS2_PLACEMENT_3D ( 'NONE', #6314, #1003, #2037 ) ;
#1826 = DIRECTION ( 'NONE',  ( 2.353123974012615482E-15, -1.000000000000000000, 0.0000000000000000000 ) ) ;
#1827 = DIRECTION ( 'NONE',  ( 0.0000000000000000000, -0.0000000000000000000, -1.000000000000000000 ) ) ;
#1828 = VERTEX_POINT ( 'NONE', #742 ) ;
#1829 = CIRCLE ( 'NONE', #2057, 0.1499999999999999667 ) ;
#1830 = UNCERTAINTY_MEASURE_WITH_UNIT (LENGTH_MEASURE( 1.000000000000000082E-05 ), #5746, 'distance_accuracy_value', 'NONE');
#1831 = CARTESIAN_POINT ( 'NONE',  ( -1.680009069179262848, 2.465004534589632978, 0.4000000000000000222 ) ) ;
#1832 = FILL_AREA_STYLE_COLOUR ( '', #2068 ) ;
#1833 = ORIENTED_EDGE ( 'NONE', *, *, #141, .F. ) ;
#1834 = SURFACE_SIDE_STYLE ('',( #2950 ) ) ;
#1835 = CARTESIAN_POINT ( 'NONE',  ( -0.03316504619021998224, -2.056952929731181712, 0.3500000000000000333 ) ) ;
#1836 = STYLED_ITEM ( 'NONE', ( #4879 ), #2110 ) ;
#1837 = ORIENTED_EDGE ( 'NONE', *, *, #5857, .F. ) ;
#1838 = CARTESIAN_POINT ( 'NONE',  ( 0.2838201673205150155, 0.4046747618464905383, 0.4500000000000000666 ) ) ;
#1839 = PRESENTATION_LAYER_ASSIGNMENT (  '', '', ( #3086 ) ) ;
#1840 = SURFACE_STYLE_FILL_AREA ( #6617 ) ;
#1841 = CYLINDRICAL_SURFACE ( 'NONE', #6403, 0.1499999999999999667 ) ;
#1842 = AXIS2_PLACEMENT_3D ( 'NONE', #6817, #2504, #4644 ) ;
#1843 = DIRECTION ( 'NONE',  ( 0.0000000000000000000, 1.000000000000000000, 0.0000000000000000000 ) ) ;
#1844 = CARTESIAN_POINT ( 'NONE',  ( 0.3603187164337338100, 0.8251250982098667919, 0.3000000000000000444 ) ) ;
#1845 = AXIS2_PLACEMENT_3D ( 'NONE', #2819, #1166, #2199 ) ;
#1846 = COLOUR_RGB ( '',1.000000000000000000, 1.000000000000000000, 1.000000000000000000 ) ;
#1847 = EDGE_CURVE ( 'NONE', #1452, #1473, #303, .T. ) ;
#1848 = SURFACE_STYLE_USAGE ( .BOTH. , #6621 ) ;
#1849 = FACE_OUTER_BOUND ( 'NONE', #2446, .T. ) ;
#1850 = DIRECTION ( 'NONE',  ( 0.0000000000000000000, 0.0000000000000000000, 1.000000000000000000 ) ) ;
#1851 = SURFACE_STYLE_USAGE ( .BOTH. , #5101 ) ;
#1852 = VECTOR ( 'NONE', #536, 1000.000000000000000 ) ;
#1853 = PLANE ( 'NONE',  #5844 ) ;
#1854 = MECHANICAL_DESIGN_GEOMETRIC_PRESENTATION_REPRESENTATION (  '', ( #2077 ), #1418 ) ;
#1855 = CARTESIAN_POINT ( 'NONE',  ( 1.600000000000000533, 2.200000000000000178, -0.5699999999999999512 ) ) ;
#1856 = VERTEX_POINT ( 'NONE', #810 ) ;
#1857 = EDGE_CURVE ( 'NONE', #6321, #362, #6657, .T. ) ;
#1858 = AXIS2_PLACEMENT_3D ( 'NONE', #5941, #6564, #1761 ) ;
#1859 = ORIENTED_EDGE ( 'NONE', *, *, #5984, .T. ) ;
#1860 = DIRECTION ( 'NONE',  ( 0.0000000000000000000, 1.000000000000000000, 0.0000000000000000000 ) ) ;
#1861 = CARTESIAN_POINT ( 'NONE',  ( 0.0000000000000000000, 0.0000000000000000000, -0.5699999999999999512 ) ) ;
#1862 = EDGE_CURVE ( 'NONE', #2942, #2239, #5532, .T. ) ;
#1863 = DIRECTION ( 'NONE',  ( -0.0000000000000000000, -0.0000000000000000000, -1.000000000000000000 ) ) ;
#1864 =( NAMED_UNIT ( * ) PLANE_ANGLE_UNIT ( ) SI_UNIT ( $, .RADIAN. ) );
#1865 = EDGE_LOOP ( 'NONE', ( #3672, #2808, #1346, #6745 ) ) ;
#1866 = LINE ( 'NONE', #4589, #6170 ) ;
#1867 = EDGE_CURVE ( 'NONE', #1038, #4419, #2289, .T. ) ;
#1868 = ORIENTED_EDGE ( 'NONE', *, *, #119, .T. ) ;
#1869 = VECTOR ( 'NONE', #218, 1000.000000000000000 ) ;
#1870 =( NAMED_UNIT ( * ) SI_UNIT ( $, .STERADIAN. ) SOLID_ANGLE_UNIT ( ) );
#1871 = ORIENTED_EDGE ( 'NONE', *, *, #210, .T. ) ;
#1872 = PRESENTATION_STYLE_ASSIGNMENT (( #6084 ) ) ;
#1873 = CARTESIAN_POINT ( 'NONE',  ( 0.0000000000000000000, -3.299999999999999822, -0.7699999999999999067 ) ) ;
#1874 = ORIENTED_EDGE ( 'NONE', *, *, #6356, .F. ) ;
#1875 = ORIENTED_EDGE ( 'NONE', *, *, #6367, .T. ) ;
#1876 = PRESENTATION_LAYER_ASSIGNMENT (  '', '', ( #4664 ) ) ;
#1877 = PLANE ( 'NONE',  #1383 ) ;
#1878 =( LENGTH_UNIT ( ) NAMED_UNIT ( * ) SI_UNIT ( .MILLI., .METRE. ) );
#1879 = FACE_OUTER_BOUND ( 'NONE', #1660, .T. ) ;
#1880 = DIRECTION ( 'NONE',  ( -3.043374519257556424E-15, 0.0000000000000000000, -1.000000000000000000 ) ) ;
#1881 =( GEOMETRIC_REPRESENTATION_CONTEXT ( 3 ) GLOBAL_UNCERTAINTY_ASSIGNED_CONTEXT ( ( #4479 ) ) GLOBAL_UNIT_ASSIGNED_CONTEXT ( ( #3757, #1141, #2206 ) ) REPRESENTATION_CONTEXT ( 'NONE', 'WORKASPACE' ) );
#1882 = CARTESIAN_POINT ( 'NONE',  ( 0.3603187164337327553, 0.9751250982098667031, 0.3500000000000000333 ) ) ;
#1883 = VECTOR ( 'NONE', #169, 1000.000000000000000 ) ;
#1884 = UNCERTAINTY_MEASURE_WITH_UNIT (LENGTH_MEASURE( 1.000000000000000082E-05 ), #413, 'distance_accuracy_value', 'NONE');
#1885 = CARTESIAN_POINT ( 'NONE',  ( -2.500000000000001332, 1.200000000000000400, -0.4700000000000001399 ) ) ;
#1886 = LINE ( 'NONE', #3389, #2455 ) ;
#1887 = CARTESIAN_POINT ( 'NONE',  ( -1.700000000000000622, 2.100000000000000089, -0.7699999999999999067 ) ) ;
#1888 = EDGE_CURVE ( 'NONE', #1657, #3095, #1402, .T. ) ;
#1889 = LINE ( 'NONE', #5034, #5657 ) ;
#1890 = PRESENTATION_LAYER_ASSIGNMENT (  '', '', ( #4902 ) ) ;
#1891 = ORIENTED_EDGE ( 'NONE', *, *, #4687, .F. ) ;
#1892 = ORIENTED_EDGE ( 'NONE', *, *, #5105, .F. ) ;
#1893 =( NAMED_UNIT ( * ) PLANE_ANGLE_UNIT ( ) SI_UNIT ( $, .RADIAN. ) );
#1894 = DIRECTION ( 'NONE',  ( -1.000000000000000000, -0.0000000000000000000, -0.0000000000000000000 ) ) ;
#1895 = CARTESIAN_POINT ( 'NONE',  ( -0.03316504619021998224, -2.056952929731181712, 0.3000000000000000444 ) ) ;
#1896 = ADVANCED_FACE ( 'NONE', ( #5062 ), #5568, .T. ) ;
#1897 = SURFACE_STYLE_USAGE ( .BOTH. , #3507 ) ;
#1898 = VERTEX_POINT ( 'NONE', #5642 ) ;
#1899 = SURFACE_SIDE_STYLE ('',( #2978 ) ) ;
#1900 = VECTOR ( 'NONE', #4163, 1000.000000000000000 ) ;
#1901 =( LENGTH_UNIT ( ) NAMED_UNIT ( * ) SI_UNIT ( .MILLI., .METRE. ) );
#1902 = UNCERTAINTY_MEASURE_WITH_UNIT (LENGTH_MEASURE( 1.000000000000000082E-05 ), #4166, 'distance_accuracy_value', 'NONE');
#1903 = FACE_OUTER_BOUND ( 'NONE', #138, .T. ) ;
#1904 = SURFACE_STYLE_USAGE ( .BOTH. , #6609 ) ;
#1905 = EDGE_CURVE ( 'NONE', #5291, #4168, #2885, .T. ) ;
#1906 = APPLICATION_PROTOCOL_DEFINITION ( 'draft international standard', 'automotive_design', 1998, #163 ) ;
#1907 = CARTESIAN_POINT ( 'NONE',  ( -2.500000000000002220, 2.500000000000002220, 0.0000000000000000000 ) ) ;
#1908 = ORIENTED_EDGE ( 'NONE', *, *, #5441, .T. ) ;
#1909 =( LENGTH_UNIT ( ) NAMED_UNIT ( * ) SI_UNIT ( .MILLI., .METRE. ) );
#1910 = ORIENTED_EDGE ( 'NONE', *, *, #553, .F. ) ;
#1911 = COLOUR_RGB ( '',1.000000000000000000, 1.000000000000000000, 1.000000000000000000 ) ;
#1912 = CARTESIAN_POINT ( 'NONE',  ( 0.2838201673205150710, 1.116322564166215559, 0.3500000000000000333 ) ) ;
#1913 = FILL_AREA_STYLE ('',( #193 ) ) ;
#1914 = EDGE_CURVE ( 'NONE', #4284, #5863, #71, .T. ) ;
#1915 = LINE ( 'NONE', #2396, #1740 ) ;
#1916 = MECHANICAL_DESIGN_GEOMETRIC_PRESENTATION_REPRESENTATION (  '', ( #6357 ), #2353 ) ;
#1917 = DIRECTION ( 'NONE',  ( 0.0000000000000000000, -1.000000000000000000, -0.0000000000000000000 ) ) ;
#1918 = CARTESIAN_POINT ( 'NONE',  ( -2.500000000000002220, 1.200000000000000622, 0.0000000000000000000 ) ) ;
#1919 = LINE ( 'NONE', #3494, #5250 ) ;
#1920 = VECTOR ( 'NONE', #3413, 1000.000000000000000 ) ;
#1921 = DIRECTION ( 'NONE',  ( -1.000000000000000000, -0.0000000000000000000, -0.0000000000000000000 ) ) ;
#1922 = DIRECTION ( 'NONE',  ( -8.673617379884033894E-15, 0.0000000000000000000, 1.000000000000000000 ) ) ;
#1923 = LINE ( 'NONE', #4018, #2238 ) ;
#1924 = DIRECTION ( 'NONE',  ( -0.0000000000000000000, -0.0000000000000000000, -1.000000000000000000 ) ) ;
#1925 = AXIS2_PLACEMENT_3D ( 'NONE', #6211, #2481, #1309 ) ;
#1926 = STYLED_ITEM ( 'NONE', ( #1475 ), #85 ) ;
#1927 = ORIENTED_EDGE ( 'NONE', *, *, #1320, .T. ) ;
#1928 = ORIENTED_EDGE ( 'NONE', *, *, #2151, .T. ) ;
#1929 = DIRECTION ( 'NONE',  ( 0.0000000000000000000, 0.0000000000000000000, -1.000000000000000000 ) ) ;
#1930 =( GEOMETRIC_REPRESENTATION_CONTEXT ( 3 ) GLOBAL_UNCERTAINTY_ASSIGNED_CONTEXT ( ( #326 ) ) GLOBAL_UNIT_ASSIGNED_CONTEXT ( ( #3285, #4367, #3353 ) ) REPRESENTATION_CONTEXT ( 'NONE', 'WORKASPACE' ) );
#1931 = ORIENTED_EDGE ( 'NONE', *, *, #6848, .T. ) ;
#1932 = PRESENTATION_STYLE_ASSIGNMENT (( #4102 ) ) ;
#1933 = ORIENTED_EDGE ( 'NONE', *, *, #3403, .F. ) ;
#1934 =( GEOMETRIC_REPRESENTATION_CONTEXT ( 3 ) GLOBAL_UNCERTAINTY_ASSIGNED_CONTEXT ( ( #794 ) ) GLOBAL_UNIT_ASSIGNED_CONTEXT ( ( #565, #4811, #5394 ) ) REPRESENTATION_CONTEXT ( 'NONE', 'WORKASPACE' ) );
#1935 = CARTESIAN_POINT ( 'NONE',  ( -1.296028625818474778, 0.8251250982098669029, 0.3500000000000000333 ) ) ;
#1936 = ORIENTED_EDGE ( 'NONE', *, *, #346, .T. ) ;
#1937 = EDGE_CURVE ( 'NONE', #3052, #2313, #2437, .T. ) ;
#1938 = PLANE ( 'NONE',  #5690 ) ;
#1939 = CARTESIAN_POINT ( 'NONE',  ( 2.500000000000001776, 1.200000000000000622, -0.2999999999999997113 ) ) ;
#1940 = PRESENTATION_LAYER_ASSIGNMENT (  '', '', ( #1169 ) ) ;
#1941 =( NAMED_UNIT ( * ) PLANE_ANGLE_UNIT ( ) SI_UNIT ( $, .RADIAN. ) );
#1942 = SURFACE_SIDE_STYLE ('',( #4036 ) ) ;
#1943 = VERTEX_POINT ( 'NONE', #6022 ) ;
#1944 = CARTESIAN_POINT ( 'NONE',  ( 0.2103187164337326220, 2.110000814877110997, 0.3500000000000000333 ) ) ;
#1945 = ORIENTED_EDGE ( 'NONE', *, *, #1144, .T. ) ;
#1946 = PRESENTATION_LAYER_ASSIGNMENT (  '', '', ( #2162 ) ) ;
#1947 = ORIENTED_EDGE ( 'NONE', *, *, #4381, .F. ) ;
#1948 = EDGE_CURVE ( 'NONE', #4965, #579, #1829, .T. ) ;
#1949 =( NAMED_UNIT ( * ) PLANE_ANGLE_UNIT ( ) SI_UNIT ( $, .RADIAN. ) );
#1950 = LINE ( 'NONE', #3102, #4081 ) ;
#1951 = FACE_OUTER_BOUND ( 'NONE', #458, .T. ) ;
#1952 = AXIS2_PLACEMENT_3D ( 'NONE', #1659, #4777, #4354 ) ;
#1953 = DIRECTION ( 'NONE',  ( -0.0000000000000000000, -1.000000000000000000, -0.0000000000000000000 ) ) ;
#1954 = CARTESIAN_POINT ( 'NONE',  ( 2.463314554501873754, -1.100000000000000089, -0.6999999999999999556 ) ) ;
#1955 = EDGE_LOOP ( 'NONE', ( #4302, #3299, #4722, #1131 ) ) ;
#1956 = ADVANCED_FACE ( 'NONE', ( #4537 ), #4015, .F. ) ;
#1957 = COLOUR_RGB ( '',0.8313725490196077761, 0.8392156862745098200, 0.8313725490196077761 ) ;
#1958 = SURFACE_STYLE_USAGE ( .BOTH. , #2476 ) ;
#1959 = LINE ( 'NONE', #5646, #4528 ) ;
#1960 =( NAMED_UNIT ( * ) PLANE_ANGLE_UNIT ( ) SI_UNIT ( $, .RADIAN. ) );
#1961 = DIRECTION ( 'NONE',  ( -2.409338161078899674E-16, 1.000000000000000000, 0.0000000000000000000 ) ) ;
#1962 =( GEOMETRIC_REPRESENTATION_CONTEXT ( 3 ) GLOBAL_UNCERTAINTY_ASSIGNED_CONTEXT ( ( #564 ) ) GLOBAL_UNIT_ASSIGNED_CONTEXT ( ( #575, #6381, #4824 ) ) REPRESENTATION_CONTEXT ( 'NONE', 'WORKASPACE' ) );
#1963 = VECTOR ( 'NONE', #6625, 1000.000000000000114 ) ;
#1964 = STYLED_ITEM ( 'NONE', ( #3929 ), #6830 ) ;
#1965 = ORIENTED_EDGE ( 'NONE', *, *, #1104, .F. ) ;
#1966 = CARTESIAN_POINT ( 'NONE',  ( 0.4838201673205150821, 1.116322564166215559, 0.3500000000000000333 ) ) ;
#1967 =( GEOMETRIC_REPRESENTATION_CONTEXT ( 3 ) GLOBAL_UNCERTAINTY_ASSIGNED_CONTEXT ( ( #4557 ) ) GLOBAL_UNIT_ASSIGNED_CONTEXT ( ( #2505, #3632, #4082 ) ) REPRESENTATION_CONTEXT ( 'NONE', 'WORKASPACE' ) );
#1968 = LINE ( 'NONE', #6143, #281 ) ;
#1969 = CARTESIAN_POINT ( 'NONE',  ( 2.500000000000001332, -2.099999999999999645, -0.4700000000000001399 ) ) ;
#1970 = LINE ( 'NONE', #516, #6418 ) ;
#1971 =( NAMED_UNIT ( * ) PLANE_ANGLE_UNIT ( ) SI_UNIT ( $, .RADIAN. ) );
#1972 = VERTEX_POINT ( 'NONE', #3634 ) ;
#1973 = DIRECTION ( 'NONE',  ( 1.000000000000000000, 1.604850264224746292E-16, 0.0000000000000000000 ) ) ;
#1974 = AXIS2_PLACEMENT_3D ( 'NONE', #5343, #4970, #4834 ) ;
#1975 = SURFACE_STYLE_USAGE ( .BOTH. , #4176 ) ;
#1976 = ORIENTED_EDGE ( 'NONE', *, *, #161, .F. ) ;
#1977 = UNCERTAINTY_MEASURE_WITH_UNIT (LENGTH_MEASURE( 1.000000000000000082E-05 ), #3310, 'distance_accuracy_value', 'NONE');
#1978 = DIRECTION ( 'NONE',  ( 0.0000000000000000000, 0.9986295347545739443, -0.05233595624294388321 ) ) ;
#1979 = VERTEX_POINT ( 'NONE', #1536 ) ;
#1980 = EDGE_CURVE ( 'NONE', #3057, #1972, #4680, .T. ) ;
#1981 = ORIENTED_EDGE ( 'NONE', *, *, #1269, .F. ) ;
#1982 = ORIENTED_EDGE ( 'NONE', *, *, #5639, .F. ) ;
#1983 = DIRECTION ( 'NONE',  ( 1.000000000000000000, 4.818676322157797375E-16, -3.043374519257556424E-15 ) ) ;
#1984 = AXIS2_PLACEMENT_3D ( 'NONE', #5353, #2184, #593 ) ;
#1985 = SURFACE_STYLE_USAGE ( .BOTH. , #6757 ) ;
#1986 = PLANE ( 'NONE',  #1842 ) ;
#1987 =( NAMED_UNIT ( * ) SI_UNIT ( $, .STERADIAN. ) SOLID_ANGLE_UNIT ( ) );
#1988 = SURFACE_STYLE_FILL_AREA ( #3633 ) ;
#1989 = EDGE_CURVE ( 'NONE', #37, #3884, #6819, .T. ) ;
#1990 = ORIENTED_EDGE ( 'NONE', *, *, #3903, .F. ) ;
#1991 =( GEOMETRIC_REPRESENTATION_CONTEXT ( 3 ) GLOBAL_UNCERTAINTY_ASSIGNED_CONTEXT ( ( #4143 ) ) GLOBAL_UNIT_ASSIGNED_CONTEXT ( ( #2651, #2012, #4146 ) ) REPRESENTATION_CONTEXT ( 'NONE', 'WORKASPACE' ) );
#1992 = EDGE_CURVE ( 'NONE', #1323, #3783, #5197, .T. ) ;
#1993 = FACE_OUTER_BOUND ( 'NONE', #1695, .T. ) ;
#1994 = SURFACE_STYLE_FILL_AREA ( #2511 ) ;
#1995 = VECTOR ( 'NONE', #5582, 1000.000000000000000 ) ;
#1996 = CARTESIAN_POINT ( 'NONE',  ( 0.5500000000000000444, -2.240667692902679420, -0.6999999999999999556 ) ) ;
#1997 = ADVANCED_FACE ( 'NONE', ( #5743 ), #3600, .T. ) ;
#1998 = CARTESIAN_POINT ( 'NONE',  ( 2.500000000000001776, -1.199999999999999734, -0.2999999999999997113 ) ) ;
#1999 = ORIENTED_EDGE ( 'NONE', *, *, #3537, .F. ) ;
#2000 = CARTESIAN_POINT ( 'NONE',  ( 0.0000000000000000000, 0.0000000000000000000, -0.5699999999999999512 ) ) ;
#2001 =( LENGTH_UNIT ( ) NAMED_UNIT ( * ) SI_UNIT ( .MILLI., .METRE. ) );
#2002 = PRESENTATION_STYLE_ASSIGNMENT (( #2033 ) ) ;
#2003 = COLOUR_RGB ( '',0.8980392156862745390, 0.9215686274509803377, 0.9294117647058823817 ) ;
#2004 =( LENGTH_UNIT ( ) NAMED_UNIT ( * ) SI_UNIT ( .MILLI., .METRE. ) );
#2005 = ADVANCED_FACE ( 'NONE', ( #6330 ), #1012, .T. ) ;
#2006 = ORIENTED_EDGE ( 'NONE', *, *, #4182, .T. ) ;
#2007 = SURFACE_STYLE_USAGE ( .BOTH. , #1518 ) ;
#2008 = ORIENTED_EDGE ( 'NONE', *, *, #710, .T. ) ;
#2009 = VECTOR ( 'NONE', #6573, 1000.000000000000000 ) ;
#2010 = FILL_AREA_STYLE ('',( #1449 ) ) ;
#2011 = SURFACE_SIDE_STYLE ('',( #429 ) ) ;
#2012 =( NAMED_UNIT ( * ) PLANE_ANGLE_UNIT ( ) SI_UNIT ( $, .RADIAN. ) );
#2013 = ORIENTED_EDGE ( 'NONE', *, *, #1857, .T. ) ;
#2014 = PRESENTATION_LAYER_ASSIGNMENT (  '', '', ( #17 ) ) ;
#2015 = DIRECTION ( 'NONE',  ( 0.0000000000000000000, 0.0000000000000000000, -1.000000000000000000 ) ) ;
#2016 = ORIENTED_EDGE ( 'NONE', *, *, #4375, .T. ) ;
#2017 = ORIENTED_EDGE ( 'NONE', *, *, #3943, .F. ) ;
#2018 = DIRECTION ( 'NONE',  ( -0.0000000000000000000, -0.0000000000000000000, -1.000000000000000000 ) ) ;
#2019 =( NAMED_UNIT ( * ) SI_UNIT ( $, .STERADIAN. ) SOLID_ANGLE_UNIT ( ) );
#2020 = LINE ( 'NONE', #3104, #6443 ) ;
#2021 = ORIENTED_EDGE ( 'NONE', *, *, #3827, .F. ) ;
#2022 = VECTOR ( 'NONE', #496, 1000.000000000000000 ) ;
#2023 = DIRECTION ( 'NONE',  ( -1.000000000000000000, -0.0000000000000000000, -0.0000000000000000000 ) ) ;
#2024 = EDGE_CURVE ( 'NONE', #686, #2377, #3068, .T. ) ;
#2025 = FACE_OUTER_BOUND ( 'NONE', #4364, .T. ) ;
#2026 =( LENGTH_UNIT ( ) NAMED_UNIT ( * ) SI_UNIT ( .MILLI., .METRE. ) );
#2027 = FACE_OUTER_BOUND ( 'NONE', #2980, .T. ) ;
#2028 = AXIS2_PLACEMENT_3D ( 'NONE', #5952, #1115, #3199 ) ;
#2029 = VERTEX_POINT ( 'NONE', #1954 ) ;
#2030 = EDGE_CURVE ( 'NONE', #6456, #4209, #501, .T. ) ;
#2031 = CARTESIAN_POINT ( 'NONE',  ( 2.499117102666011725, -1.199999999999999734, -0.01684668471109857651 ) ) ;
#2032 = CARTESIAN_POINT ( 'NONE',  ( 2.500000000000002220, 2.500000000000002220, 0.0000000000000000000 ) ) ;
#2033 = SURFACE_STYLE_USAGE ( .BOTH. , #2521 ) ;
#2034 = CIRCLE ( 'NONE', #2474, 0.1000000000000002554 ) ;
#2035 = CARTESIAN_POINT ( 'NONE',  ( -1.680009069179262848, 2.430009069179262848, 0.8000000000000000444 ) ) ;
#2036 = ORIENTED_EDGE ( 'NONE', *, *, #4794, .F. ) ;
#2037 = DIRECTION ( 'NONE',  ( -1.000000000000000000, 0.0000000000000000000, 0.0000000000000000000 ) ) ;
#2038 = PRESENTATION_LAYER_ASSIGNMENT (  '', '', ( #53 ) ) ;
#2039 = ORIENTED_EDGE ( 'NONE', *, *, #6449, .T. ) ;
#2040 = ADVANCED_FACE ( 'NONE', ( #3167 ), #369, .F. ) ;
#2041 = UNCERTAINTY_MEASURE_WITH_UNIT (LENGTH_MEASURE( 1.000000000000000082E-05 ), #4253, 'distance_accuracy_value', 'NONE');
#2042 = DIRECTION ( 'NONE',  ( 0.9961946980917455452, 0.0000000000000000000, 0.08715574274765820750 ) ) ;
#2043 = EDGE_LOOP ( 'NONE', ( #4705, #1965, #4739, #3683 ) ) ;
#2044 = PRESENTATION_LAYER_ASSIGNMENT (  '', '', ( #1378 ) ) ;
#2045 = CARTESIAN_POINT ( 'NONE',  ( 2.400000000000001243, -2.099999999999999645, -0.5700000000000000622 ) ) ;
#2046 = EDGE_LOOP ( 'NONE', ( #3656, #2918, #2494, #3290, #2768 ) ) ;
#2047 = ORIENTED_EDGE ( 'NONE', *, *, #4243, .F. ) ;
#2048 = CIRCLE ( 'NONE', #2939, 0.1000000000000000194 ) ;
#2049 = SURFACE_STYLE_FILL_AREA ( #6816 ) ;
#2050 = DIRECTION ( 'NONE',  ( 3.043374519257556424E-15, -0.0000000000000000000, 1.000000000000000000 ) ) ;
#2051 = CARTESIAN_POINT ( 'NONE',  ( -2.400000000000002132, 1.200000000000000622, -0.2999999999999993783 ) ) ;
#2052 = DIRECTION ( 'NONE',  ( -1.000000000000000000, 0.0000000000000000000, 0.0000000000000000000 ) ) ;
#2053 = ORIENTED_EDGE ( 'NONE', *, *, #935, .F. ) ;
#2054 = PRESENTATION_LAYER_ASSIGNMENT (  '', '', ( #4949 ) ) ;
#2055 = LINE ( 'NONE', #6787, #5581 ) ;
#2056 = DIRECTION ( 'NONE',  ( 0.0000000000000000000, 0.0000000000000000000, 1.000000000000000000 ) ) ;
#2057 = AXIS2_PLACEMENT_3D ( 'NONE', #2397, #5025, #266 ) ;
#2058 =( NAMED_UNIT ( * ) PLANE_ANGLE_UNIT ( ) SI_UNIT ( $, .RADIAN. ) );
#2059 = EDGE_CURVE ( 'NONE', #2207, #115, #4389, .T. ) ;
#2060 = MECHANICAL_DESIGN_GEOMETRIC_PRESENTATION_REPRESENTATION (  '', ( #6738 ), #5954 ) ;
#2061 = ORIENTED_EDGE ( 'NONE', *, *, #2318, .T. ) ;
#2062 = CARTESIAN_POINT ( 'NONE',  ( -0.9960286258184727348, -0.5332195235787651200, 0.3000000000000000444 ) ) ;
#2063 = FILL_AREA_STYLE_COLOUR ( '', #4242 ) ;
#2064 =( GEOMETRIC_REPRESENTATION_CONTEXT ( 3 ) GLOBAL_UNCERTAINTY_ASSIGNED_CONTEXT ( ( #5848 ) ) GLOBAL_UNIT_ASSIGNED_CONTEXT ( ( #1337, #5574, #6177 ) ) REPRESENTATION_CONTEXT ( 'NONE', 'WORKASPACE' ) );
#2065 = LINE ( 'NONE', #4658, #5419 ) ;
#2066 = VECTOR ( 'NONE', #5664, 1000.000000000000000 ) ;
#2067 = SURFACE_STYLE_FILL_AREA ( #6835 ) ;
#2068 = COLOUR_RGB ( '',0.8980392156862745390, 0.9215686274509803377, 0.9294117647058823817 ) ;
#2069 = ORIENTED_EDGE ( 'NONE', *, *, #3452, .F. ) ;
#2070 = EDGE_CURVE ( 'NONE', #898, #4670, #5841, .T. ) ;
#2071 = SURFACE_STYLE_FILL_AREA ( #3119 ) ;
#2072 = VECTOR ( 'NONE', #2434, 1000.000000000000000 ) ;
#2073 = AXIS2_PLACEMENT_3D ( 'NONE', #3035, #3075, #1922 ) ;
#2074 = VERTEX_POINT ( 'NONE', #1629 ) ;
#2075 = ADVANCED_FACE ( 'NONE', ( #1079 ), #5290, .F. ) ;
#2076 = DIRECTION ( 'NONE',  ( 0.0000000000000000000, 0.0000000000000000000, 1.000000000000000000 ) ) ;
#2077 = STYLED_ITEM ( 'NONE', ( #454 ), #2840 ) ;
#2078 = EDGE_LOOP ( 'NONE', ( #2914, #2531, #2799, #4703 ) ) ;
#2079 = EDGE_CURVE ( 'NONE', #5828, #6039, #5354, .T. ) ;
#2080 = LINE ( 'NONE', #2045, #2509 ) ;
#2081 = EDGE_LOOP ( 'NONE', ( #5595, #6284, #4546, #6612 ) ) ;
#2082 = DIRECTION ( 'NONE',  ( -1.896992367213331451E-16, 1.000000000000000000, 0.0000000000000000000 ) ) ;
#2083 = PLANE ( 'NONE',  #1763 ) ;
#2084 = FILL_AREA_STYLE_COLOUR ( '', #3227 ) ;
#2085 = SURFACE_SIDE_STYLE ('',( #6266 ) ) ;
#2086 = VERTEX_POINT ( 'NONE', #560 ) ;
#2087 = LINE ( 'NONE', #372, #1900 ) ;
#2088 =( NAMED_UNIT ( * ) SI_UNIT ( $, .STERADIAN. ) SOLID_ANGLE_UNIT ( ) );
#2089 = LINE ( 'NONE', #5170, #1620 ) ;
#2090 = AXIS2_PLACEMENT_3D ( 'NONE', #3661, #5774, #3132 ) ;
#2091 = CARTESIAN_POINT ( 'NONE',  ( 0.2838201673205150710, 0.9163225641662154919, 0.3500000000000000333 ) ) ;
#2092 = ORIENTED_EDGE ( 'NONE', *, *, #3584, .F. ) ;
#2093 = CYLINDRICAL_SURFACE ( 'NONE', #2345, 0.1000000000000000194 ) ;
#2094 = AXIS2_PLACEMENT_3D ( 'NONE', #4926, #5410, #102 ) ;
#2095 = DIRECTION ( 'NONE',  ( 0.0000000000000000000, 1.000000000000000000, 0.0000000000000000000 ) ) ;
#2096 = CARTESIAN_POINT ( 'NONE',  ( 1.930905544980987543, -2.056952929731181268, 0.3000000000000000444 ) ) ;
#2097 = EDGE_CURVE ( 'NONE', #4637, #1238, #5725, .T. ) ;
#2098 =( LENGTH_UNIT ( ) NAMED_UNIT ( * ) SI_UNIT ( .MILLI., .METRE. ) );
#2099 = ORIENTED_EDGE ( 'NONE', *, *, #3648, .T. ) ;
#2100 =( GEOMETRIC_REPRESENTATION_CONTEXT ( 3 ) GLOBAL_UNCERTAINTY_ASSIGNED_CONTEXT ( ( #4412 ) ) GLOBAL_UNIT_ASSIGNED_CONTEXT ( ( #5418, #3718, #36 ) ) REPRESENTATION_CONTEXT ( 'NONE', 'WORKASPACE' ) );
#2101 = ORIENTED_EDGE ( 'NONE', *, *, #924, .T. ) ;
#2102 = MECHANICAL_DESIGN_GEOMETRIC_PRESENTATION_REPRESENTATION (  '', ( #4454 ), #7 ) ;
#2103 = ADVANCED_FACE ( 'NONE', ( #1593 ), #2635, .F. ) ;
#2104 = LINE ( 'NONE', #1487, #4648 ) ;
#2105 = FILL_AREA_STYLE ('',( #5903 ) ) ;
#2106 = ORIENTED_EDGE ( 'NONE', *, *, #6282, .T. ) ;
#2107 = SURFACE_STYLE_FILL_AREA ( #146 ) ;
#2108 = PRESENTATION_LAYER_ASSIGNMENT (  '', '', ( #1778 ) ) ;
#2109 = ORIENTED_EDGE ( 'NONE', *, *, #1914, .T. ) ;
#2110 = ADVANCED_FACE ( 'NONE', ( #3796 ), #3727, .F. ) ;
#2111 = DIRECTION ( 'NONE',  ( -0.0000000000000000000, -0.0000000000000000000, -1.000000000000000000 ) ) ;
#2112 = VECTOR ( 'NONE', #3295, 1000.000000000000000 ) ;
#2113 = PLANE ( 'NONE',  #3298 ) ;
#2114 = DIRECTION ( 'NONE',  ( -2.520540444682888024E-16, 1.000000000000000000, 0.0000000000000000000 ) ) ;
#2115 = FILL_AREA_STYLE_COLOUR ( '', #2612 ) ;
#2116 = ORIENTED_EDGE ( 'NONE', *, *, #5, .T. ) ;
#2117 = VECTOR ( 'NONE', #992, 1000.000000000000000 ) ;
#2118 = EDGE_CURVE ( 'NONE', #1238, #5793, #837, .T. ) ;
#2119 = DIRECTION ( 'NONE',  ( -8.673617379884033894E-15, 0.0000000000000000000, 1.000000000000000000 ) ) ;
#2120 = LINE ( 'NONE', #5395, #4473 ) ;
#2121 = CARTESIAN_POINT ( 'NONE',  ( -1.296028625818473667, 0.6751250982098668807, 0.3500000000000000333 ) ) ;
#2122 = STYLED_ITEM ( 'NONE', ( #3063 ), #5800 ) ;
#2123 = LINE ( 'NONE', #1022, #2943 ) ;
#2124 = ORIENTED_EDGE ( 'NONE', *, *, #3125, .F. ) ;
#2125 =( NAMED_UNIT ( * ) PLANE_ANGLE_UNIT ( ) SI_UNIT ( $, .RADIAN. ) );
#2126 = PRESENTATION_LAYER_ASSIGNMENT (  '', '', ( #1926 ) ) ;
#2127 = STYLED_ITEM ( 'NONE', ( #1061 ), #6116 ) ;
#2128 = DIRECTION ( 'NONE',  ( 1.000000000000000000, 0.0000000000000000000, 0.0000000000000000000 ) ) ;
#2129 = SURFACE_STYLE_USAGE ( .BOTH. , #2716 ) ;
#2130 = CARTESIAN_POINT ( 'NONE',  ( 0.2103187164337326220, 2.110000814877110997, 0.3500000000000000333 ) ) ;
#2131 = SURFACE_SIDE_STYLE ('',( #23 ) ) ;
#2132 = ORIENTED_EDGE ( 'NONE', *, *, #1023, .F. ) ;
#2133 = COLOUR_RGB ( '',1.000000000000000000, 1.000000000000000000, 1.000000000000000000 ) ;
#2134 = STYLED_ITEM ( 'NONE', ( #4164 ), #6333 ) ;
#2135 = ORIENTED_EDGE ( 'NONE', *, *, #3264, .T. ) ;
#2136 = EDGE_LOOP ( 'NONE', ( #2061, #3321, #5003, #1279 ) ) ;
#2137 = FILL_AREA_STYLE_COLOUR ( '', #2691 ) ;
#2138 = VECTOR ( 'NONE', #3766, 1000.000000000000000 ) ;
#2139 = VECTOR ( 'NONE', #4915, 1000.000000000000000 ) ;
#2140 = PLANE ( 'NONE',  #1330 ) ;
#2141 = EDGE_LOOP ( 'NONE', ( #734, #5313, #2161, #6071 ) ) ;
#2142 = DIRECTION ( 'NONE',  ( -1.000000000000000000, -0.0000000000000000000, -0.0000000000000000000 ) ) ;
#2143 = VECTOR ( 'NONE', #2018, 1000.000000000000000 ) ;
#2144 = ADVANCED_FACE ( 'NONE', ( #2281 ), #2387, .F. ) ;
#2145 = ORIENTED_EDGE ( 'NONE', *, *, #4719, .F. ) ;
#2146 = PRESENTATION_LAYER_ASSIGNMENT (  '', '', ( #5165 ) ) ;
#2147 = DIRECTION ( 'NONE',  ( 0.0000000000000000000, -1.000000000000000000, 0.0000000000000000000 ) ) ;
#2148 = SURFACE_SIDE_STYLE ('',( #4909 ) ) ;
#2149 = FILL_AREA_STYLE ('',( #1078 ) ) ;
#2150 = DIRECTION ( 'NONE',  ( -1.000000000000000000, 9.105833465946933014E-17, 0.0000000000000000000 ) ) ;
#2151 = EDGE_CURVE ( 'NONE', #4250, #648, #190, .T. ) ;
#2152 = AXIS2_PLACEMENT_3D ( 'NONE', #5262, #6732, #6203 ) ;
#2153 =( NAMED_UNIT ( * ) SI_UNIT ( $, .STERADIAN. ) SOLID_ANGLE_UNIT ( ) );
#2154 = UNCERTAINTY_MEASURE_WITH_UNIT (LENGTH_MEASURE( 1.000000000000000082E-05 ), #6052, 'distance_accuracy_value', 'NONE');
#2155 = LINE ( 'NONE', #3316, #1273 ) ;
#2156 = PLANE ( 'NONE',  #5854 ) ;
#2157 = CARTESIAN_POINT ( 'NONE',  ( -1.599999999999999645, 2.200000000000000178, -0.6999999999999999556 ) ) ;
#2158 = DIRECTION ( 'NONE',  ( -1.000000000000000000, 0.0000000000000000000, 0.0000000000000000000 ) ) ;
#2159 = DIRECTION ( 'NONE',  ( -1.000000000000000000, 0.0000000000000000000, 0.0000000000000000000 ) ) ;
#2160 = ADVANCED_FACE ( 'NONE', ( #736 ), #4986, .F. ) ;
#2161 = ORIENTED_EDGE ( 'NONE', *, *, #1905, .F. ) ;
#2162 = STYLED_ITEM ( 'NONE', ( #6338 ), #1608 ) ;
#2163 = SURFACE_STYLE_FILL_AREA ( #62 ) ;
#2164 = CARTESIAN_POINT ( 'NONE',  ( 2.499117102666011725, 1.200000000000000622, -0.01684668471109857651 ) ) ;
#2165 = CARTESIAN_POINT ( 'NONE',  ( -2.500000000000002220, 2.500000000000002220, 0.0000000000000000000 ) ) ;
#2166 = FILL_AREA_STYLE ('',( #1130 ) ) ;
#2167 = DIRECTION ( 'NONE',  ( 1.000000000000000000, 0.0000000000000000000, 0.0000000000000000000 ) ) ;
#2168 = EDGE_LOOP ( 'NONE', ( #2229, #6358, #5428, #4029 ) ) ;
#2169 = MECHANICAL_DESIGN_GEOMETRIC_PRESENTATION_REPRESENTATION (  '', ( #3173 ), #4744 ) ;
#2170 = ORIENTED_EDGE ( 'NONE', *, *, #720, .T. ) ;
#2171 = AXIS2_PLACEMENT_3D ( 'NONE', #4762, #4789, #5687 ) ;
#2172 = DIRECTION ( 'NONE',  ( 0.0000000000000000000, -1.000000000000000000, 0.0000000000000000000 ) ) ;
#2173 = UNCERTAINTY_MEASURE_WITH_UNIT (LENGTH_MEASURE( 1.000000000000000082E-05 ), #3567, 'distance_accuracy_value', 'NONE');
#2174 = MECHANICAL_DESIGN_GEOMETRIC_PRESENTATION_REPRESENTATION (  '', ( #2725 ), #6630 ) ;
#2175 = ORIENTED_EDGE ( 'NONE', *, *, #4687, .T. ) ;
#2176 = AXIS2_PLACEMENT_3D ( 'NONE', #1716, #2785, #3845 ) ;
#2177 =( GEOMETRIC_REPRESENTATION_CONTEXT ( 3 ) GLOBAL_UNCERTAINTY_ASSIGNED_CONTEXT ( ( #3767 ) ) GLOBAL_UNIT_ASSIGNED_CONTEXT ( ( #4483, #726, #4517 ) ) REPRESENTATION_CONTEXT ( 'NONE', 'WORKASPACE' ) );
#2178 = ORIENTED_EDGE ( 'NONE', *, *, #5472, .T. ) ;
#2179 = STYLED_ITEM ( 'NONE', ( #4395 ), #3435 ) ;
#2180 = CARTESIAN_POINT ( 'NONE',  ( -0.5500000000000002665, -2.240667692902679420, -0.5699999999999999512 ) ) ;
#2181 = COLOUR_RGB ( '',0.8980392156862745390, 0.9215686274509803377, 0.9294117647058823817 ) ;
#2182 = EDGE_CURVE ( 'NONE', #382, #6321, #5558, .T. ) ;
#2183 = PLANE ( 'NONE',  #4969 ) ;
#2184 = DIRECTION ( 'NONE',  ( 0.0000000000000000000, 0.0000000000000000000, 1.000000000000000000 ) ) ;
#2185 = SURFACE_SIDE_STYLE ('',( #5982 ) ) ;
#2186 = PRESENTATION_STYLE_ASSIGNMENT (( #8 ) ) ;
#2187 = CARTESIAN_POINT ( 'NONE',  ( 0.5500000000000000444, -1.049999999999999822, -0.5699999999999999512 ) ) ;
#2188 = DIRECTION ( 'NONE',  ( 0.0000000000000000000, -0.0000000000000000000, -1.000000000000000000 ) ) ;
#2189 = FILL_AREA_STYLE_COLOUR ( '', #27 ) ;
#2190 = SURFACE_STYLE_FILL_AREA ( #567 ) ;
#2191 = ADVANCED_FACE ( 'NONE', ( #4148 ), #4669, .F. ) ;
#2192 = PRESENTATION_STYLE_ASSIGNMENT (( #603 ) ) ;
#2193 = CARTESIAN_POINT ( 'NONE',  ( 2.400000000000001243, -1.199999999999999734, -0.4699999999999998068 ) ) ;
#2194 = DIRECTION ( 'NONE',  ( 3.043374519257556424E-15, -0.0000000000000000000, -1.000000000000000000 ) ) ;
#2195 = ORIENTED_EDGE ( 'NONE', *, *, #1638, .T. ) ;
#2196 =( LENGTH_UNIT ( ) NAMED_UNIT ( * ) SI_UNIT ( .MILLI., .METRE. ) );
#2197 = VECTOR ( 'NONE', #733, 1000.000000000000000 ) ;
#2198 = EDGE_CURVE ( 'NONE', #5636, #1125, #2080, .T. ) ;
#2199 = DIRECTION ( 'NONE',  ( 0.0000000000000000000, 0.0000000000000000000, 1.000000000000000000 ) ) ;
#2200 = PRESENTATION_STYLE_ASSIGNMENT (( #576 ) ) ;
#2201 = DIRECTION ( 'NONE',  ( -1.000000000000000000, -4.818676322157797375E-16, 0.0000000000000000000 ) ) ;
#2202 = EDGE_LOOP ( 'NONE', ( #3087, #5412, #555, #6703, #571 ) ) ;
#2203 = ORIENTED_EDGE ( 'NONE', *, *, #6191, .F. ) ;
#2204 = DIRECTION ( 'NONE',  ( -1.445602896647339114E-15, 0.0000000000000000000, 1.000000000000000000 ) ) ;
#2205 = EDGE_CURVE ( 'NONE', #1619, #798, #1423, .T. ) ;
#2206 =( NAMED_UNIT ( * ) SI_UNIT ( $, .STERADIAN. ) SOLID_ANGLE_UNIT ( ) );
#2207 = VERTEX_POINT ( 'NONE', #2563 ) ;
#2208 = CARTESIAN_POINT ( 'NONE',  ( 2.470127565808668990, 2.200000000000000178, -0.5699999999999999512 ) ) ;
#2209 = ORIENTED_EDGE ( 'NONE', *, *, #5693, .F. ) ;
#2210 = VECTOR ( 'NONE', #5239, 1000.000000000000000 ) ;
#2211 = DIRECTION ( 'NONE',  ( -0.0000000000000000000, -0.0000000000000000000, -1.000000000000000000 ) ) ;
#2212 = FACE_OUTER_BOUND ( 'NONE', #5916, .T. ) ;
#2213 =( GEOMETRIC_REPRESENTATION_CONTEXT ( 3 ) GLOBAL_UNCERTAINTY_ASSIGNED_CONTEXT ( ( #2795 ) ) GLOBAL_UNIT_ASSIGNED_CONTEXT ( ( #689, #1242, #6002 ) ) REPRESENTATION_CONTEXT ( 'NONE', 'WORKASPACE' ) );
#2214 = DIRECTION ( 'NONE',  ( -0.0000000000000000000, -1.000000000000000000, -0.0000000000000000000 ) ) ;
#2215 = CIRCLE ( 'NONE', #2450, 0.3000000000000000444 ) ;
#2216 = FACE_OUTER_BOUND ( 'NONE', #871, .T. ) ;
#2217 = CARTESIAN_POINT ( 'NONE',  ( -1.700000000000000622, -1.199999999999999734, -0.7699999999999999067 ) ) ;
#2218 = DIRECTION ( 'NONE',  ( 0.0000000000000000000, 1.000000000000000000, 0.0000000000000000000 ) ) ;
#2219 = CARTESIAN_POINT ( 'NONE',  ( -2.500000000000001332, -1.199999999999999734, -0.4700000000000001399 ) ) ;
#2220 = STYLED_ITEM ( 'NONE', ( #4892 ), #5233 ) ;
#2221 = ORIENTED_EDGE ( 'NONE', *, *, #2445, .F. ) ;
#2222 = EDGE_CURVE ( 'NONE', #6598, #6530, #979, .T. ) ;
#2223 = LINE ( 'NONE', #4365, #3244 ) ;
#2224 = PRESENTATION_STYLE_ASSIGNMENT (( #3209 ) ) ;
#2225 = VECTOR ( 'NONE', #3278, 1000.000000000000000 ) ;
#2226 = DIRECTION ( 'NONE',  ( 8.998760675425412313E-17, -1.000000000000000000, 0.0000000000000000000 ) ) ;
#2227 = DIRECTION ( 'NONE',  ( 0.0000000000000000000, -0.0000000000000000000, 1.000000000000000000 ) ) ;
#2228 = DIRECTION ( 'NONE',  ( -1.000000000000000000, -0.0000000000000000000, 0.0000000000000000000 ) ) ;
#2229 = ORIENTED_EDGE ( 'NONE', *, *, #5403, .T. ) ;
#2230 = CIRCLE ( 'NONE', #809, 0.1000000000000000194 ) ;
#2231 = ORIENTED_EDGE ( 'NONE', *, *, #5976, .F. ) ;
#2232 = EDGE_CURVE ( 'NONE', #5689, #3657, #3093, .T. ) ;
#2233 = EDGE_LOOP ( 'NONE', ( #1189, #4277, #4315, #5509 ) ) ;
#2234 = SURFACE_STYLE_FILL_AREA ( #4377 ) ;
#2235 = FILL_AREA_STYLE_COLOUR ( '', #4683 ) ;
#2236 = UNCERTAINTY_MEASURE_WITH_UNIT (LENGTH_MEASURE( 1.000000000000000082E-05 ), #4106, 'distance_accuracy_value', 'NONE');
#2237 = SURFACE_STYLE_FILL_AREA ( #691 ) ;
#2238 = VECTOR ( 'NONE', #4998, 1000.000000000000000 ) ;
#2239 = VERTEX_POINT ( 'NONE', #4736 ) ;
#2240 = CARTESIAN_POINT ( 'NONE',  ( 2.500000000000000444, 2.100000000000000089, -0.5699999999999999512 ) ) ;
#2241 = EDGE_CURVE ( 'NONE', #2895, #1239, #3126, .T. ) ;
#2242 = VECTOR ( 'NONE', #562, 1000.000000000000000 ) ;
#2243 = ORIENTED_EDGE ( 'NONE', *, *, #5887, .F. ) ;
#2244 = STYLED_ITEM ( 'NONE', ( #5169 ), #6414 ) ;
#2245 = SURFACE_SIDE_STYLE ('',( #1043 ) ) ;
#2246 = DIRECTION ( 'NONE',  ( 0.0000000000000000000, -1.000000000000000000, -0.0000000000000000000 ) ) ;
#2247 = ORIENTED_EDGE ( 'NONE', *, *, #6282, .F. ) ;
#2248 = AXIS2_PLACEMENT_3D ( 'NONE', #69, #1722, #5445 ) ;
#2249 = DIRECTION ( 'NONE',  ( -1.000000000000000000, 4.818676322157797375E-16, -3.043374519257556424E-15 ) ) ;
#2250 = ORIENTED_EDGE ( 'NONE', *, *, #1724, .F. ) ;
#2251 = DIRECTION ( 'NONE',  ( 1.000000000000000000, 4.818676322157797375E-16, 0.0000000000000000000 ) ) ;
#2252 = DIRECTION ( 'NONE',  ( -0.0000000000000000000, -0.0000000000000000000, -1.000000000000000000 ) ) ;
#2253 = SURFACE_STYLE_USAGE ( .BOTH. , #120 ) ;
#2254 =( NAMED_UNIT ( * ) SI_UNIT ( $, .STERADIAN. ) SOLID_ANGLE_UNIT ( ) );
#2255 = DIRECTION ( 'NONE',  ( -0.0000000000000000000, -0.0000000000000000000, -1.000000000000000000 ) ) ;
#2256 = FILL_AREA_STYLE_COLOUR ( '', #1688 ) ;
#2257 = AXIS2_PLACEMENT_3D ( 'NONE', #4451, #354, #1827 ) ;
#2258 = PLANE ( 'NONE',  #155 ) ;
#2259 = CARTESIAN_POINT ( 'NONE',  ( 2.500000000000000888, 2.100000000000000089, -0.4700000000000001399 ) ) ;
#2260 = EDGE_CURVE ( 'NONE', #5234, #3580, #2496, .T. ) ;
#2261 = PLANE ( 'NONE',  #237 ) ;
#2262 = VERTEX_POINT ( 'NONE', #3590 ) ;
#2263 = VECTOR ( 'NONE', #3840, 1000.000000000000000 ) ;
#2264 = ORIENTED_EDGE ( 'NONE', *, *, #4549, .T. ) ;
#2265 = PRESENTATION_STYLE_ASSIGNMENT (( #3753 ) ) ;
#2266 =( LENGTH_UNIT ( ) NAMED_UNIT ( * ) SI_UNIT ( .MILLI., .METRE. ) );
#2267 =( NAMED_UNIT ( * ) PLANE_ANGLE_UNIT ( ) SI_UNIT ( $, .RADIAN. ) );
#2268 = COLOUR_RGB ( '',0.8980392156862745390, 0.9215686274509803377, 0.9294117647058823817 ) ;
#2269 = EDGE_CURVE ( 'NONE', #5929, #4355, #906, .T. ) ;
#2270 = VERTEX_POINT ( 'NONE', #6257 ) ;
#2271 =( NAMED_UNIT ( * ) SI_UNIT ( $, .STERADIAN. ) SOLID_ANGLE_UNIT ( ) );
#2272 = EDGE_CURVE ( 'NONE', #1246, #3462, #738, .T. ) ;
#2273 = ORIENTED_EDGE ( 'NONE', *, *, #4931, .T. ) ;
#2274 = DIRECTION ( 'NONE',  ( 0.0000000000000000000, -1.000000000000000000, 0.0000000000000000000 ) ) ;
#2275 = ADVANCED_FACE ( 'NONE', ( #947 ), #433, .F. ) ;
#2276 = DIRECTION ( 'NONE',  ( 3.043374519257556424E-15, -0.0000000000000000000, 1.000000000000000000 ) ) ;
#2277 = VECTOR ( 'NONE', #611, 1000.000000000000000 ) ;
#2278 = PLANE ( 'NONE',  #3324 ) ;
#2279 = COLOUR_RGB ( '',1.000000000000000000, 1.000000000000000000, 1.000000000000000000 ) ;
#2280 = CARTESIAN_POINT ( 'NONE',  ( 0.0000000000000000000, -1.199999999999999734, -0.5699999999999999512 ) ) ;
#2281 = FACE_OUTER_BOUND ( 'NONE', #4904, .T. ) ;
#2282 = MECHANICAL_DESIGN_GEOMETRIC_PRESENTATION_REPRESENTATION (  '', ( #4303 ), #4855 ) ;
#2283 = ORIENTED_EDGE ( 'NONE', *, *, #3366, .T. ) ;
#2284 = VECTOR ( 'NONE', #3238, 1000.000000000000000 ) ;
#2285 = SURFACE_STYLE_USAGE ( .BOTH. , #4495 ) ;
#2286 = EDGE_CURVE ( 'NONE', #977, #6162, #6721, .T. ) ;
#2287 = CARTESIAN_POINT ( 'NONE',  ( 0.0000000000000000000, 0.0000000000000000000, -0.5699999999999999512 ) ) ;
#2288 = DIRECTION ( 'NONE',  ( 1.000000000000000000, 4.818676322157797375E-16, -3.043374519257556424E-15 ) ) ;
#2289 = LINE ( 'NONE', #1918, #1176 ) ;
#2290 = VECTOR ( 'NONE', #5148, 1000.000000000000000 ) ;
#2291 = DIRECTION ( 'NONE',  ( 1.971276677246371519E-16, 1.000000000000000000, 0.0000000000000000000 ) ) ;
#2292 = CARTESIAN_POINT ( 'NONE',  ( 0.5500000000000001554, 2.254834989607331863, -0.6999999999999999556 ) ) ;
#2293 = FACE_OUTER_BOUND ( 'NONE', #4149, .T. ) ;
#2294 = FACE_OUTER_BOUND ( 'NONE', #526, .T. ) ;
#2295 =( NAMED_UNIT ( * ) PLANE_ANGLE_UNIT ( ) SI_UNIT ( $, .RADIAN. ) );
#2296 =( LENGTH_UNIT ( ) NAMED_UNIT ( * ) SI_UNIT ( .MILLI., .METRE. ) );
#2297 = DIRECTION ( 'NONE',  ( 1.971276677246371519E-16, 1.000000000000000000, 0.0000000000000000000 ) ) ;
#2298 = VERTEX_POINT ( 'NONE', #2529 ) ;
#2299 = ORIENTED_EDGE ( 'NONE', *, *, #3867, .T. ) ;
#2300 = UNCERTAINTY_MEASURE_WITH_UNIT (LENGTH_MEASURE( 1.000000000000000082E-05 ), #3743, 'distance_accuracy_value', 'NONE');
#2301 = CARTESIAN_POINT ( 'NONE',  ( -0.1831650461902200044, -0.1370056143358111267, 0.3500000000000000333 ) ) ;
#2302 = CARTESIAN_POINT ( 'NONE',  ( 1.700000000000000622, 2.100000000000000089, -0.7699999999999999067 ) ) ;
#2303 = ORIENTED_EDGE ( 'NONE', *, *, #6409, .F. ) ;
#2304 = VECTOR ( 'NONE', #4318, 1000.000000000000000 ) ;
#2305 = DIRECTION ( 'NONE',  ( 1.000000000000000000, 0.0000000000000000000, -0.0000000000000000000 ) ) ;
#2306 = VERTEX_POINT ( 'NONE', #6779 ) ;
#2307 = EDGE_CURVE ( 'NONE', #1030, #4112, #2628, .T. ) ;
#2308 = UNCERTAINTY_MEASURE_WITH_UNIT (LENGTH_MEASURE( 1.000000000000000082E-05 ), #1648, 'distance_accuracy_value', 'NONE');
#2309 = VECTOR ( 'NONE', #6320, 1000.000000000000000 ) ;
#2310 = CARTESIAN_POINT ( 'NONE',  ( -2.471716000805965763, -1.199999999999999734, -0.5396908546970038412 ) ) ;
#2311 = CARTESIAN_POINT ( 'NONE',  ( -2.400000000000002132, -2.099999999999999645, -0.2999999999999993783 ) ) ;
#2312 = CARTESIAN_POINT ( 'NONE',  ( -2.400000000000001243, -2.099999999999999645, -0.5700000000000000622 ) ) ;
#2313 = VERTEX_POINT ( 'NONE', #3260 ) ;
#2314 = PLANE ( 'NONE',  #5337 ) ;
#2315 = SURFACE_SIDE_STYLE ('',( #1801 ) ) ;
#2316 = ORIENTED_EDGE ( 'NONE', *, *, #1905, .T. ) ;
#2317 = AXIS2_PLACEMENT_3D ( 'NONE', #1650, #3823, #1556 ) ;
#2318 = EDGE_CURVE ( 'NONE', #2687, #1102, #2723, .T. ) ;
#2319 =( NAMED_UNIT ( * ) SI_UNIT ( $, .STERADIAN. ) SOLID_ANGLE_UNIT ( ) );
#2320 = LINE ( 'NONE', #5604, #1791 ) ;
#2321 = AXIS2_PLACEMENT_3D ( 'NONE', #2451, #517, #4863 ) ;
#2322 =( NAMED_UNIT ( * ) SI_UNIT ( $, .STERADIAN. ) SOLID_ANGLE_UNIT ( ) );
#2323 = CARTESIAN_POINT ( 'NONE',  ( 2.500000000000003109, 1.204669080539450774E-15, -7.608436298143901117E-15 ) ) ;
#2324 = DIRECTION ( 'NONE',  ( 1.000000000000000000, 0.0000000000000000000, 0.0000000000000000000 ) ) ;
#2325 = COLOUR_RGB ( '',1.000000000000000000, 1.000000000000000000, 1.000000000000000000 ) ;
#2326 = EDGE_CURVE ( 'NONE', #6530, #1594, #3825, .T. ) ;
#2327 = DIRECTION ( 'NONE',  ( 4.818676322157797375E-16, 1.000000000000000000, 0.0000000000000000000 ) ) ;
#2328 = LINE ( 'NONE', #745, #2670 ) ;
#2329 =( NAMED_UNIT ( * ) PLANE_ANGLE_UNIT ( ) SI_UNIT ( $, .RADIAN. ) );
#2330 = SURFACE_STYLE_USAGE ( .BOTH. , #2407 ) ;
#2331 = STYLED_ITEM ( 'NONE', ( #6800 ), #5098 ) ;
#2332 = CARTESIAN_POINT ( 'NONE',  ( 1.562305442492824215, -0.8360159872360380939, 0.3500000000000000333 ) ) ;
#2333 = VERTEX_POINT ( 'NONE', #525 ) ;
#2334 = ORIENTED_EDGE ( 'NONE', *, *, #5686, .F. ) ;
#2335 = ORIENTED_EDGE ( 'NONE', *, *, #4300, .F. ) ;
#2336 = CIRCLE ( 'NONE', #3124, 0.1000000000000000194 ) ;
#2337 = DIRECTION ( 'NONE',  ( -1.971276677246371272E-16, -1.000000000000000000, 0.0000000000000000000 ) ) ;
#2338 = CARTESIAN_POINT ( 'NONE',  ( -2.400000000000002132, 2.100000000000000089, -0.2999999999999993783 ) ) ;
#2339 = DIRECTION ( 'NONE',  ( 1.000000000000000000, 0.0000000000000000000, 0.0000000000000000000 ) ) ;
#2340 = PLANE ( 'NONE',  #4122 ) ;
#2341 = ORIENTED_EDGE ( 'NONE', *, *, #4177, .T. ) ;
#2342 = VECTOR ( 'NONE', #3382, 1000.000000000000000 ) ;
#2343 = SURFACE_SIDE_STYLE ('',( #1729 ) ) ;
#2344 =( NAMED_UNIT ( * ) SI_UNIT ( $, .STERADIAN. ) SOLID_ANGLE_UNIT ( ) );
#2345 = AXIS2_PLACEMENT_3D ( 'NONE', #2583, #1056, #383 ) ;
#2346 = VECTOR ( 'NONE', #2082, 1000.000000000000000 ) ;
#2347 = SURFACE_SIDE_STYLE ('',( #4488 ) ) ;
#2348 = FACE_OUTER_BOUND ( 'NONE', #3834, .T. ) ;
#2349 = CARTESIAN_POINT ( 'NONE',  ( 0.2838201673205150710, 0.2046747618464905827, 0.4500000000000000666 ) ) ;
#2350 = ORIENTED_EDGE ( 'NONE', *, *, #1263, .F. ) ;
#2351 = CARTESIAN_POINT ( 'NONE',  ( 1.700000000000000622, -1.199999999999999734, -0.5699999999999999512 ) ) ;
#2352 = ADVANCED_FACE ( 'NONE', ( #1103 ), #1693, .F. ) ;
#2353 =( GEOMETRIC_REPRESENTATION_CONTEXT ( 3 ) GLOBAL_UNCERTAINTY_ASSIGNED_CONTEXT ( ( #3980 ) ) GLOBAL_UNIT_ASSIGNED_CONTEXT ( ( #3666, #1465, #6172 ) ) REPRESENTATION_CONTEXT ( 'NONE', 'WORKASPACE' ) );
#2354 = AXIS2_PLACEMENT_3D ( 'NONE', #5265, #6826, #1469 ) ;
#2355 = EDGE_LOOP ( 'NONE', ( #6568, #3371, #4380, #4020 ) ) ;
#2356 =( NAMED_UNIT ( * ) PLANE_ANGLE_UNIT ( ) SI_UNIT ( $, .RADIAN. ) );
#2357 = SURFACE_SIDE_STYLE ('',( #6124 ) ) ;
#2358 = FILL_AREA_STYLE_COLOUR ( '', #4702 ) ;
#2359 = PRESENTATION_LAYER_ASSIGNMENT (  '', '', ( #6708 ) ) ;
#2360 = FILL_AREA_STYLE ('',( #262 ) ) ;
#2361 = CARTESIAN_POINT ( 'NONE',  ( -2.400000000000001243, 2.100000000000000089, -0.4699999999999998068 ) ) ;
#2362 = ADVANCED_FACE ( 'NONE', ( #4798 ), #3685, .F. ) ;
#2363 = VECTOR ( 'NONE', #5619, 1000.000000000000000 ) ;
#2364 = FILL_AREA_STYLE ('',( #268 ) ) ;
#2365 =( LENGTH_UNIT ( ) NAMED_UNIT ( * ) SI_UNIT ( .MILLI., .METRE. ) );
#2366 = DIRECTION ( 'NONE',  ( 1.000000000000000000, 4.818676322157797375E-16, -3.047392128993071134E-15 ) ) ;
#2367 = CARTESIAN_POINT ( 'NONE',  ( -0.9960286258184727348, -0.5332195235787651200, 0.3500000000000000333 ) ) ;
#2368 = PLANE ( 'NONE',  #4197 ) ;
#2369 = ADVANCED_FACE ( 'NONE', ( #4872 ), #6393, .F. ) ;
#2370 = LINE ( 'NONE', #2408, #6871 ) ;
#2371 = ORIENTED_EDGE ( 'NONE', *, *, #2286, .T. ) ;
#2372 = EDGE_LOOP ( 'NONE', ( #1552, #3511, #3012, #5267 ) ) ;
#2373 = PRESENTATION_LAYER_ASSIGNMENT (  '', '', ( #826 ) ) ;
#2374 = ORIENTED_EDGE ( 'NONE', *, *, #1948, .T. ) ;
#2375 = CARTESIAN_POINT ( 'NONE',  ( -2.400000000000001243, 1.200000000000000622, -0.4699999999999998068 ) ) ;
#2376 = FILL_AREA_STYLE ('',( #6535 ) ) ;
#2377 = VERTEX_POINT ( 'NONE', #2208 ) ;
#2378 = STYLED_ITEM ( 'NONE', ( #3678 ), #1515 ) ;
#2379 = FILL_AREA_STYLE ('',( #3890 ) ) ;
#2380 = ORIENTED_EDGE ( 'NONE', *, *, #5253, .F. ) ;
#2381 = MECHANICAL_DESIGN_GEOMETRIC_PRESENTATION_REPRESENTATION (  '', ( #2162 ), #5392 ) ;
#2382 = UNCERTAINTY_MEASURE_WITH_UNIT (LENGTH_MEASURE( 1.000000000000000082E-05 ), #2098, 'distance_accuracy_value', 'NONE');
#2383 = CARTESIAN_POINT ( 'NONE',  ( 1.700000000000000622, -1.199999999999999734, -0.7699999999999999067 ) ) ;
#2384 = DIRECTION ( 'NONE',  ( 0.05233595624294388321, -0.0000000000000000000, -0.9986295347545739443 ) ) ;
#2385 = DIRECTION ( 'NONE',  ( 3.043374519257556424E-15, -0.0000000000000000000, -1.000000000000000000 ) ) ;
#2386 = ORIENTED_EDGE ( 'NONE', *, *, #247, .F. ) ;
#2387 = PLANE ( 'NONE',  #1730 ) ;
#2388 = EDGE_LOOP ( 'NONE', ( #3652, #6505, #2101, #3857 ) ) ;
#2389 = ORIENTED_EDGE ( 'NONE', *, *, #42, .T. ) ;
#2390 = EDGE_CURVE ( 'NONE', #1898, #5423, #4347, .T. ) ;
#2391 = SURFACE_STYLE_FILL_AREA ( #1254 ) ;
#2392 = VECTOR ( 'NONE', #4415, 1000.000000000000000 ) ;
#2393 = SURFACE_STYLE_USAGE ( .BOTH. , #3450 ) ;
#2394 = STYLED_ITEM ( 'NONE', ( #5451 ), #2449 ) ;
#2395 = PRESENTATION_STYLE_ASSIGNMENT (( #301 ) ) ;
#2396 = CARTESIAN_POINT ( 'NONE',  ( -2.500000000000001776, -1.199999999999999734, -0.2999999999999997113 ) ) ;
#2397 = CARTESIAN_POINT ( 'NONE',  ( -1.296028625818473667, -0.7287392438591724364, 0.3500000000000000333 ) ) ;
#2398 = COLOUR_RGB ( '',1.000000000000000000, 1.000000000000000000, 1.000000000000000000 ) ;
#2399 = STYLED_ITEM ( 'NONE', ( #452 ), #2495 ) ;
#2400 = CARTESIAN_POINT ( 'NONE',  ( 1.930905544980987543, 2.110000814877110997, 0.3500000000000000333 ) ) ;
#2401 = EDGE_CURVE ( 'NONE', #50, #3114, #6465, .T. ) ;
#2402 = FILL_AREA_STYLE_COLOUR ( '', #1268 ) ;
#2403 = DIRECTION ( 'NONE',  ( 0.0000000000000000000, 1.000000000000000000, 0.0000000000000000000 ) ) ;
#2404 = LINE ( 'NONE', #6661, #3858 ) ;
#2405 =( NAMED_UNIT ( * ) SI_UNIT ( $, .STERADIAN. ) SOLID_ANGLE_UNIT ( ) );
#2406 = VECTOR ( 'NONE', #3384, 1000.000000000000000 ) ;
#2407 = SURFACE_SIDE_STYLE ('',( #1407 ) ) ;
#2408 = CARTESIAN_POINT ( 'NONE',  ( -1.919276727925023351, -0.8787392438591723476, 0.3000000000000000444 ) ) ;
#2409 = ORIENTED_EDGE ( 'NONE', *, *, #505, .T. ) ;
#2410 =( GEOMETRIC_REPRESENTATION_CONTEXT ( 3 ) GLOBAL_UNCERTAINTY_ASSIGNED_CONTEXT ( ( #5113 ) ) GLOBAL_UNIT_ASSIGNED_CONTEXT ( ( #3717, #1523, #2595 ) ) REPRESENTATION_CONTEXT ( 'NONE', 'WORKASPACE' ) );
#2411 = VERTEX_POINT ( 'NONE', #1179 ) ;
#2412 = EDGE_CURVE ( 'NONE', #4025, #2074, #5421, .T. ) ;
#2413 = DIRECTION ( 'NONE',  ( -0.0000000000000000000, -0.0000000000000000000, -1.000000000000000000 ) ) ;
#2414 = DIRECTION ( 'NONE',  ( -4.822120870246893339E-16, 1.000000000000000000, 0.0000000000000000000 ) ) ;
#2415 = PLANE ( 'NONE',  #2321 ) ;
#2416 = ORIENTED_EDGE ( 'NONE', *, *, #6867, .F. ) ;
#2417 = DIRECTION ( 'NONE',  ( -0.05233595624294388321, 0.0000000000000000000, 0.9986295347545739443 ) ) ;
#2418 = EDGE_LOOP ( 'NONE', ( #238, #5895, #401, #5035 ) ) ;
#2419 = EDGE_CURVE ( 'NONE', #6812, #4521, #664, .T. ) ;
#2420 = SURFACE_STYLE_FILL_AREA ( #2010 ) ;
#2421 = PLANE ( 'NONE',  #1625 ) ;
#2422 = VECTOR ( 'NONE', #5086, 1000.000000000000000 ) ;
#2423 = CARTESIAN_POINT ( 'NONE',  ( -2.700000000000000622, 2.100000000000000089, -0.5700000000000006173 ) ) ;
#2424 = FILL_AREA_STYLE_COLOUR ( '', #5537 ) ;
#2425 = ORIENTED_EDGE ( 'NONE', *, *, #5847, .F. ) ;
#2426 = MANIFOLD_SOLID_BREP ( '???????-????????4[1]', #4807 ) ;
#2427 = LINE ( 'NONE', #2280, #1448 ) ;
#2428 = EDGE_LOOP ( 'NONE', ( #2984, #4008, #3882, #5078 ) ) ;
#2429 = AXIS2_PLACEMENT_3D ( 'NONE', #855, #4618, #5575 ) ;
#2430 = PLANE ( 'NONE',  #6601 ) ;
#2431 =( NAMED_UNIT ( * ) SI_UNIT ( $, .STERADIAN. ) SOLID_ANGLE_UNIT ( ) );
#2432 = LINE ( 'NONE', #6125, #2342 ) ;
#2433 = DIRECTION ( 'NONE',  ( -0.0000000000000000000, -0.0000000000000000000, 1.000000000000000000 ) ) ;
#2434 = DIRECTION ( 'NONE',  ( -0.0000000000000000000, -0.0000000000000000000, -1.000000000000000000 ) ) ;
#2435 = LINE ( 'NONE', #5997, #6559 ) ;
#2436 =( GEOMETRIC_REPRESENTATION_CONTEXT ( 3 ) GLOBAL_UNCERTAINTY_ASSIGNED_CONTEXT ( ( #5939 ) ) GLOBAL_UNIT_ASSIGNED_CONTEXT ( ( #724, #5548, #179 ) ) REPRESENTATION_CONTEXT ( 'NONE', 'WORKASPACE' ) );
#2437 = LINE ( 'NONE', #1776, #3950 ) ;
#2438 = MANIFOLD_SOLID_BREP ( '???????-????????4[3]', #6351 ) ;
#2439 = CARTESIAN_POINT ( 'NONE',  ( -0.9960286258184738450, -0.6832195235787650311, 0.3000000000000000444 ) ) ;
#2440 = AXIS2_PLACEMENT_3D ( 'NONE', #3846, #3288, #6691 ) ;
#2441 = DIRECTION ( 'NONE',  ( -1.000000000000000000, -2.409338161078899674E-16, 0.0000000000000000000 ) ) ;
#2442 = CARTESIAN_POINT ( 'NONE',  ( -2.470127565808668990, 2.500000000000002220, -0.5699999999999999512 ) ) ;
#2443 = FACE_OUTER_BOUND ( 'NONE', #2653, .T. ) ;
#2444 = SURFACE_STYLE_FILL_AREA ( #3002 ) ;
#2445 = EDGE_CURVE ( 'NONE', #798, #115, #2832, .T. ) ;
#2446 = EDGE_LOOP ( 'NONE', ( #2599, #6083, #995, #6558 ) ) ;
#2447 = CARTESIAN_POINT ( 'NONE',  ( 2.400000000000001243, -2.099999999999999645, -0.4699999999999998068 ) ) ;
#2448 = PLANE ( 'NONE',  #493 ) ;
#2449 = MANIFOLD_SOLID_BREP ( '???????-????????4[2]', #6021 ) ;
#2450 = AXIS2_PLACEMENT_3D ( 'NONE', #5417, #4967, #6533 ) ;
#2451 = CARTESIAN_POINT ( 'NONE',  ( -1.700000000000000400, 1.200000000000000622, -0.7699999999999999067 ) ) ;
#2452 = ORIENTED_EDGE ( 'NONE', *, *, #3233, .F. ) ;
#2453 = ADVANCED_FACE ( 'NONE', ( #4418 ), #3995, .F. ) ;
#2454 =( LENGTH_UNIT ( ) NAMED_UNIT ( * ) SI_UNIT ( .MILLI., .METRE. ) );
#2455 = VECTOR ( 'NONE', #232, 1000.000000000000000 ) ;
#2456 = PLANE ( 'NONE',  #5275 ) ;
#2457 = EDGE_LOOP ( 'NONE', ( #72, #824, #1250, #3207 ) ) ;
#2458 = UNCERTAINTY_MEASURE_WITH_UNIT (LENGTH_MEASURE( 1.000000000000000082E-05 ), #5121, 'distance_accuracy_value', 'NONE');
#2459 = SURFACE_SIDE_STYLE ('',( #6380 ) ) ;
#2460 = PRESENTATION_LAYER_ASSIGNMENT (  '', '', ( #5458 ) ) ;
#2461 = DIRECTION ( 'NONE',  ( -1.000000000000000000, 0.0000000000000000000, 0.0000000000000000000 ) ) ;
#2462 = EDGE_LOOP ( 'NONE', ( #839, #4927, #5055, #6527, #1711, #6012, #5486, #5897, #4199 ) ) ;
#2463 = ADVANCED_FACE ( 'NONE', ( #6111 ), #6072, .F. ) ;
#2464 = ORIENTED_EDGE ( 'NONE', *, *, #378, .T. ) ;
#2465 = EDGE_LOOP ( 'NONE', ( #2008, #636, #184, #5542 ) ) ;
#2466 = VECTOR ( 'NONE', #3965, 1000.000000000000000 ) ;
#2467 = DIRECTION ( 'NONE',  ( 0.0000000000000000000, -1.000000000000000000, 0.0000000000000000000 ) ) ;
#2468 =( NAMED_UNIT ( * ) SI_UNIT ( $, .STERADIAN. ) SOLID_ANGLE_UNIT ( ) );
#2469 = CARTESIAN_POINT ( 'NONE',  ( 1.930905544980987321, -0.8360159872360372058, 0.3000000000000000444 ) ) ;
#2470 = PRESENTATION_STYLE_ASSIGNMENT (( #4120 ) ) ;
#2471 = CARTESIAN_POINT ( 'NONE',  ( 2.486342147991857487, -2.486342147991858376, -0.2606073410281599112 ) ) ;
#2472 = CARTESIAN_POINT ( 'NONE',  ( -1.599999999999999867, 1.100000000000000089, -0.5699999999999999512 ) ) ;
#2473 = PRESENTATION_LAYER_ASSIGNMENT (  '', '', ( #1256 ) ) ;
#2474 = AXIS2_PLACEMENT_3D ( 'NONE', #842, #1364, #3901 ) ;
#2475 =( NAMED_UNIT ( * ) PLANE_ANGLE_UNIT ( ) SI_UNIT ( $, .RADIAN. ) );
#2476 = SURFACE_SIDE_STYLE ('',( #6335 ) ) ;
#2477 = PLANE ( 'NONE',  #4532 ) ;
#2478 = CARTESIAN_POINT ( 'NONE',  ( -2.486873320506370000, 1.200000000000000622, -0.2504719656739949341 ) ) ;
#2479 = ORIENTED_EDGE ( 'NONE', *, *, #1283, .F. ) ;
#2480 = FILL_AREA_STYLE_COLOUR ( '', #373 ) ;
#2481 = DIRECTION ( 'NONE',  ( 0.0000000000000000000, 1.000000000000000000, 0.0000000000000000000 ) ) ;
#2482 = PLANE ( 'NONE',  #6682 ) ;
#2483 = MANIFOLD_SOLID_BREP ( '???????-????????5[1]', #5244 ) ;
#2484 = EDGE_CURVE ( 'NONE', #6469, #767, #4627, .T. ) ;
#2485 = CARTESIAN_POINT ( 'NONE',  ( 1.930905544980987321, -0.8360159872360372058, 0.3500000000000000333 ) ) ;
#2486 = EDGE_LOOP ( 'NONE', ( #3760, #4660, #5043, #4037 ) ) ;
#2487 = COLOUR_RGB ( '',1.000000000000000000, 1.000000000000000000, 1.000000000000000000 ) ;
#2488 = FILL_AREA_STYLE_COLOUR ( '', #412 ) ;
#2489 = ORIENTED_EDGE ( 'NONE', *, *, #2541, .F. ) ;
#2490 = EDGE_CURVE ( 'NONE', #296, #898, #3581, .T. ) ;
#2491 = CARTESIAN_POINT ( 'NONE',  ( 2.400000000000001243, 2.100000000000000089, -0.5700000000000000622 ) ) ;
#2492 =( LENGTH_UNIT ( ) NAMED_UNIT ( * ) SI_UNIT ( .MILLI., .METRE. ) );
#2493 =( NAMED_UNIT ( * ) SI_UNIT ( $, .STERADIAN. ) SOLID_ANGLE_UNIT ( ) );
#2494 = ORIENTED_EDGE ( 'NONE', *, *, #4549, .F. ) ;
#2495 = ADVANCED_FACE ( 'NONE', ( #4028 ), #3049, .T. ) ;
#2496 = LINE ( 'NONE', #3553, #2066 ) ;
#2497 = ORIENTED_EDGE ( 'NONE', *, *, #6822, .F. ) ;
#2498 = VECTOR ( 'NONE', #3454, 1000.000000000000000 ) ;
#2499 = ORIENTED_EDGE ( 'NONE', *, *, #3189, .F. ) ;
#2500 = LINE ( 'NONE', #403, #3372 ) ;
#2501 = ADVANCED_FACE ( 'NONE', ( #4957 ), #3876, .F. ) ;
#2502 = DIRECTION ( 'NONE',  ( 4.202755260653519586E-17, -0.08715574274765819363, 0.9961946980917455452 ) ) ;
#2503 = FACE_OUTER_BOUND ( 'NONE', #3023, .T. ) ;
#2504 = DIRECTION ( 'NONE',  ( 0.0000000000000000000, -1.000000000000000000, -0.0000000000000000000 ) ) ;
#2505 =( LENGTH_UNIT ( ) NAMED_UNIT ( * ) SI_UNIT ( .MILLI., .METRE. ) );
#2506 =( GEOMETRIC_REPRESENTATION_CONTEXT ( 3 ) GLOBAL_UNCERTAINTY_ASSIGNED_CONTEXT ( ( #4979 ) ) GLOBAL_UNIT_ASSIGNED_CONTEXT ( ( #2538, #914, #3663 ) ) REPRESENTATION_CONTEXT ( 'NONE', 'WORKASPACE' ) );
#2507 = FACE_OUTER_BOUND ( 'NONE', #3818, .T. ) ;
#2508 = VERTEX_POINT ( 'NONE', #6057 ) ;
#2509 = VECTOR ( 'NONE', #2015, 1000.000000000000000 ) ;
#2510 = ADVANCED_FACE ( 'NONE', ( #2293 ), #2930, .F. ) ;
#2511 = FILL_AREA_STYLE ('',( #506 ) ) ;
#2512 = FILL_AREA_STYLE ('',( #5712 ) ) ;
#2513 = FILL_AREA_STYLE_COLOUR ( '', #83 ) ;
#2514 = DIRECTION ( 'NONE',  ( -0.0000000000000000000, -0.0000000000000000000, -1.000000000000000000 ) ) ;
#2515 = STYLED_ITEM ( 'NONE', ( #3112 ), #3315 ) ;
#2516 = PRESENTATION_LAYER_ASSIGNMENT (  '', '', ( #2399 ) ) ;
#2517 = ORIENTED_EDGE ( 'NONE', *, *, #3609, .F. ) ;
#2518 = VECTOR ( 'NONE', #843, 1000.000000000000000 ) ;
#2519 = LINE ( 'NONE', #5719, #134 ) ;
#2520 = AXIS2_PLACEMENT_3D ( 'NONE', #1316, #3473, #830 ) ;
#2521 = SURFACE_SIDE_STYLE ('',( #3676 ) ) ;
#2522 = FILL_AREA_STYLE ('',( #3544 ) ) ;
#2523 = ORIENTED_EDGE ( 'NONE', *, *, #3483, .F. ) ;
#2524 = FILL_AREA_STYLE ('',( #424 ) ) ;
#2525 = ORIENTED_EDGE ( 'NONE', *, *, #4300, .T. ) ;
#2526 = UNCERTAINTY_MEASURE_WITH_UNIT (LENGTH_MEASURE( 1.000000000000000082E-05 ), #1039, 'distance_accuracy_value', 'NONE');
#2527 = DIRECTION ( 'NONE',  ( 0.0000000000000000000, 0.0000000000000000000, 1.000000000000000000 ) ) ;
#2528 = ORIENTED_EDGE ( 'NONE', *, *, #4476, .T. ) ;
#2529 = CARTESIAN_POINT ( 'NONE',  ( -0.03316504619021998224, -0.6832195235787661414, 0.3500000000000000333 ) ) ;
#2530 = EDGE_CURVE ( 'NONE', #4942, #3476, #5068, .T. ) ;
#2531 = ORIENTED_EDGE ( 'NONE', *, *, #5914, .F. ) ;
#2532 = DIRECTION ( 'NONE',  ( 1.000000000000000000, 0.0000000000000000000, 0.0000000000000000000 ) ) ;
#2533 = PRESENTATION_STYLE_ASSIGNMENT (( #5193 ) ) ;
#2534 = LINE ( 'NONE', #3130, #2022 ) ;
#2535 = DIRECTION ( 'NONE',  ( -1.000000000000000000, -0.0000000000000000000, -0.0000000000000000000 ) ) ;
#2536 = PLANE ( 'NONE',  #3877 ) ;
#2537 = DIRECTION ( 'NONE',  ( -0.08682659386424762538, 0.08682659386424762538, -0.9924325091389669673 ) ) ;
#2538 =( LENGTH_UNIT ( ) NAMED_UNIT ( * ) SI_UNIT ( .MILLI., .METRE. ) );
#2539 = EDGE_LOOP ( 'NONE', ( #870, #345, #5831, #1819, #6509, #3749 ) ) ;
#2540 = VECTOR ( 'NONE', #2854, 1000.000000000000000 ) ;
#2541 = EDGE_CURVE ( 'NONE', #2683, #4836, #2404, .T. ) ;
#2542 = DIRECTION ( 'NONE',  ( 0.7071067811865475727, -0.7071067811865475727, 0.0000000000000000000 ) ) ;
#2543 = PRESENTATION_STYLE_ASSIGNMENT (( #6825 ) ) ;
#2544 =( GEOMETRIC_REPRESENTATION_CONTEXT ( 3 ) GLOBAL_UNCERTAINTY_ASSIGNED_CONTEXT ( ( #1069 ) ) GLOBAL_UNIT_ASSIGNED_CONTEXT ( ( #2004, #1971, #2976 ) ) REPRESENTATION_CONTEXT ( 'NONE', 'WORKASPACE' ) );
#2545 = FILL_AREA_STYLE_COLOUR ( '', #2589 ) ;
#2546 = DIRECTION ( 'NONE',  ( -1.000000000000000000, 1.400746772075018613E-16, 0.0000000000000000000 ) ) ;
#2547 = LINE ( 'NONE', #16, #4396 ) ;
#2548 = EDGE_CURVE ( 'NONE', #5506, #1437, #271, .T. ) ;
#2549 = ORIENTED_EDGE ( 'NONE', *, *, #4476, .F. ) ;
#2550 = VECTOR ( 'NONE', #2537, 1000.000000000000114 ) ;
#2551 =( NAMED_UNIT ( * ) SI_UNIT ( $, .STERADIAN. ) SOLID_ANGLE_UNIT ( ) );
#2552 = LINE ( 'NONE', #514, #4603 ) ;
#2553 = SURFACE_STYLE_FILL_AREA ( #3180 ) ;
#2554 = COLOUR_RGB ( '',0.0000000000000000000, 0.0000000000000000000, 1.000000000000000000 ) ;
#2555 = SURFACE_STYLE_FILL_AREA ( #4584 ) ;
#2556 = ORIENTED_EDGE ( 'NONE', *, *, #128, .T. ) ;
#2557 = DIRECTION ( 'NONE',  ( -2.409338161078899674E-16, 1.000000000000000000, 0.0000000000000000000 ) ) ;
#2558 = ORIENTED_EDGE ( 'NONE', *, *, #5700, .F. ) ;
#2559 = MECHANICAL_DESIGN_GEOMETRIC_PRESENTATION_REPRESENTATION (  '', ( #5021 ), #682 ) ;
#2560 = FILL_AREA_STYLE ('',( #6288 ) ) ;
#2561 = EDGE_LOOP ( 'NONE', ( #5181, #4629, #5624, #6274 ) ) ;
#2562 = PRESENTATION_LAYER_ASSIGNMENT (  '', '', ( #5562 ) ) ;
#2563 = CARTESIAN_POINT ( 'NONE',  ( 2.500000000000001776, -1.199999999999999734, -0.2999999999999997113 ) ) ;
#2564 = VERTEX_POINT ( 'NONE', #3982 ) ;
#2565 = EDGE_LOOP ( 'NONE', ( #3851, #3687, #3359, #1282 ) ) ;
#2566 = MECHANICAL_DESIGN_GEOMETRIC_PRESENTATION_REPRESENTATION (  '', ( #801 ), #1021 ) ;
#2567 = FACE_OUTER_BOUND ( 'NONE', #6295, .T. ) ;
#2568 = CARTESIAN_POINT ( 'NONE',  ( 1.599999999999999867, -2.200000000000000178, -0.5699999999999999512 ) ) ;
#2569 = EDGE_CURVE ( 'NONE', #934, #1125, #1336, .T. ) ;
#2570 = DIRECTION ( 'NONE',  ( 1.000000000000000000, 1.194186020286707760E-16, -0.0000000000000000000 ) ) ;
#2571 = LINE ( 'NONE', #4714, #3003 ) ;
#2572 = ORIENTED_EDGE ( 'NONE', *, *, #2222, .F. ) ;
#2573 = DIRECTION ( 'NONE',  ( 0.0000000000000000000, 0.0000000000000000000, 1.000000000000000000 ) ) ;
#2574 = CARTESIAN_POINT ( 'NONE',  ( -2.400000000000001243, -2.099999999999999645, -0.4699999999999998068 ) ) ;
#2575 = EDGE_CURVE ( 'NONE', #4348, #5116, #1959, .T. ) ;
#2576 = DIRECTION ( 'NONE',  ( -0.0000000000000000000, 1.000000000000000000, -0.0000000000000000000 ) ) ;
#2577 =( LENGTH_UNIT ( ) NAMED_UNIT ( * ) SI_UNIT ( .MILLI., .METRE. ) );
#2578 = PLANE ( 'NONE',  #6051 ) ;
#2579 = EDGE_CURVE ( 'NONE', #6267, #4355, #5408, .T. ) ;
#2580 = CIRCLE ( 'NONE', #47, 0.1000000000000000194 ) ;
#2581 = AXIS2_PLACEMENT_3D ( 'NONE', #1091, #64, #6555 ) ;
#2582 = EDGE_LOOP ( 'NONE', ( #944, #313, #3020, #5198 ) ) ;
#2583 = CARTESIAN_POINT ( 'NONE',  ( 2.400000000000002132, -1.199999999999999734, -0.2999999999999993783 ) ) ;
#2584 = LINE ( 'NONE', #2031, #2931 ) ;
#2585 = DIRECTION ( 'NONE',  ( 0.0000000000000000000, -1.000000000000000000, 0.0000000000000000000 ) ) ;
#2586 = EDGE_CURVE ( 'NONE', #5281, #3031, #2999, .T. ) ;
#2587 = DIRECTION ( 'NONE',  ( 0.0000000000000000000, 1.000000000000000000, 0.0000000000000000000 ) ) ;
#2588 = CIRCLE ( 'NONE', #6481, 0.5500000000000000444 ) ;
#2589 = COLOUR_RGB ( '',1.000000000000000000, 1.000000000000000000, 1.000000000000000000 ) ;
#2590 = EDGE_LOOP ( 'NONE', ( #6836, #5803, #4072, #4113 ) ) ;
#2591 = DIRECTION ( 'NONE',  ( 1.000000000000000000, 0.0000000000000000000, 0.0000000000000000000 ) ) ;
#2592 = PRESENTATION_LAYER_ASSIGNMENT (  '', '', ( #5596 ) ) ;
#2593 = EDGE_LOOP ( 'NONE', ( #5493, #1891, #5600, #586 ) ) ;
#2594 = UNCERTAINTY_MEASURE_WITH_UNIT (LENGTH_MEASURE( 1.000000000000000082E-05 ), #5123, 'distance_accuracy_value', 'NONE');
#2595 =( NAMED_UNIT ( * ) SI_UNIT ( $, .STERADIAN. ) SOLID_ANGLE_UNIT ( ) );
#2596 = PRESENTATION_STYLE_ASSIGNMENT (( #3551 ) ) ;
#2597 = ORIENTED_EDGE ( 'NONE', *, *, #3430, .F. ) ;
#2598 = EDGE_LOOP ( 'NONE', ( #1207, #2047, #693 ) ) ;
#2599 = ORIENTED_EDGE ( 'NONE', *, *, #4724, .F. ) ;
#2600 = VECTOR ( 'NONE', #438, 1000.000000000000000 ) ;
#2601 = CARTESIAN_POINT ( 'NONE',  ( 2.500000000000002220, 2.100000000000000089, 0.0000000000000000000 ) ) ;
#2602 = CARTESIAN_POINT ( 'NONE',  ( 2.400000000000001243, -1.199999999999999734, -0.4699999999999998068 ) ) ;
#2603 = LINE ( 'NONE', #3599, #778 ) ;
#2604 = FILL_AREA_STYLE_COLOUR ( '', #3733 ) ;
#2605 = ORIENTED_EDGE ( 'NONE', *, *, #2070, .F. ) ;
#2606 = AXIS2_PLACEMENT_3D ( 'NONE', #1882, #4046, #2324 ) ;
#2607 = EDGE_CURVE ( 'NONE', #4348, #66, #6695, .T. ) ;
#2608 =( NAMED_UNIT ( * ) SI_UNIT ( $, .STERADIAN. ) SOLID_ANGLE_UNIT ( ) );
#2609 = MECHANICAL_DESIGN_GEOMETRIC_PRESENTATION_REPRESENTATION (  '', ( #3626 ), #3169 ) ;
#2610 = LINE ( 'NONE', #4753, #1035 ) ;
#2611 = SURFACE_STYLE_USAGE ( .BOTH. , #4165 ) ;
#2612 = COLOUR_RGB ( '',1.000000000000000000, 1.000000000000000000, 1.000000000000000000 ) ;
#2613 = EDGE_LOOP ( 'NONE', ( #3881, #1168, #398, #5332 ) ) ;
#2614 = ADVANCED_FACE ( 'NONE', ( #1540 ), #5677, .F. ) ;
#2615 = CARTESIAN_POINT ( 'NONE',  ( -0.5500000000000001554, -1.049999999999999822, -0.5699999999999999512 ) ) ;
#2616 = DIRECTION ( 'NONE',  ( 0.0000000000000000000, 0.0000000000000000000, 1.000000000000000000 ) ) ;
#2617 = CARTESIAN_POINT ( 'NONE',  ( 2.471716000805965763, 2.100000000000000089, -0.5396908546970039522 ) ) ;
#2618 = CARTESIAN_POINT ( 'NONE',  ( 1.699999999999999956, 0.0000000000000000000, 0.3000000000000000444 ) ) ;
#2619 = STYLED_ITEM ( 'NONE', ( #695 ), #2438 ) ;
#2620 = VERTEX_POINT ( 'NONE', #5132 ) ;
#2621 = EDGE_CURVE ( 'NONE', #382, #447, #5783, .T. ) ;
#2622 = VECTOR ( 'NONE', #2958, 1000.000000000000000 ) ;
#2623 = STYLED_ITEM ( 'NONE', ( #415 ), #2630 ) ;
#2624 = EDGE_LOOP ( 'NONE', ( #1211, #1307 ) ) ;
#2625 = CARTESIAN_POINT ( 'NONE',  ( 0.4838201673205150821, -0.4871897488101240015, 0.3500000000000000333 ) ) ;
#2626 = AXIS2_PLACEMENT_3D ( 'NONE', #4144, #3090, #6870 ) ;
#2627 = ORIENTED_EDGE ( 'NONE', *, *, #882, .T. ) ;
#2628 = LINE ( 'NONE', #3300, #3296 ) ;
#2629 = EDGE_LOOP ( 'NONE', ( #6868, #6387, #1396, #5983 ) ) ;
#2630 = ADVANCED_FACE ( 'NONE', ( #1467 ), #2477, .F. ) ;
#2631 = ORIENTED_EDGE ( 'NONE', *, *, #6801, .T. ) ;
#2632 = FACE_OUTER_BOUND ( 'NONE', #6768, .T. ) ;
#2633 = DIRECTION ( 'NONE',  ( 0.0000000000000000000, -0.0000000000000000000, 1.000000000000000000 ) ) ;
#2634 = SURFACE_SIDE_STYLE ('',( #1988 ) ) ;
#2635 = PLANE ( 'NONE',  #1952 ) ;
#2636 = ORIENTED_EDGE ( 'NONE', *, *, #5953, .F. ) ;
#2637 = PLANE ( 'NONE',  #1034 ) ;
#2638 = CARTESIAN_POINT ( 'NONE',  ( -2.430009069179262848, 1.680009069179262848, 0.4000000000000000222 ) ) ;
#2639 = DIRECTION ( 'NONE',  ( 0.0000000000000000000, -1.000000000000000000, 0.0000000000000000000 ) ) ;
#2640 = DIRECTION ( 'NONE',  ( 1.000000000000000000, 0.0000000000000000000, -0.0000000000000000000 ) ) ;
#2641 = PRESENTATION_LAYER_ASSIGNMENT (  '', '', ( #2753 ) ) ;
#2642 = PLANE ( 'NONE',  #3729 ) ;
#2643 = VERTEX_POINT ( 'NONE', #4360 ) ;
#2644 = SURFACE_STYLE_FILL_AREA ( #5962 ) ;
#2645 = VECTOR ( 'NONE', #1924, 1000.000000000000000 ) ;
#2646 = SURFACE_SIDE_STYLE ('',( #964 ) ) ;
#2647 = CARTESIAN_POINT ( 'NONE',  ( -2.430009069179262848, 1.680009069179262848, 0.4000000000000000222 ) ) ;
#2648 = CYLINDRICAL_SURFACE ( 'NONE', #2171, 0.3000000000000000444 ) ;
#2649 = ADVANCED_FACE ( 'NONE', ( #602 ), #1634, .F. ) ;
#2650 =( NAMED_UNIT ( * ) SI_UNIT ( $, .STERADIAN. ) SOLID_ANGLE_UNIT ( ) );
#2651 =( LENGTH_UNIT ( ) NAMED_UNIT ( * ) SI_UNIT ( .MILLI., .METRE. ) );
#2652 = ORIENTED_EDGE ( 'NONE', *, *, #946, .F. ) ;
#2653 = EDGE_LOOP ( 'NONE', ( #616, #2170, #3251, #2833 ) ) ;
#2654 = VERTEX_POINT ( 'NONE', #1049 ) ;
#2655 = UNCERTAINTY_MEASURE_WITH_UNIT (LENGTH_MEASURE( 1.000000000000000082E-05 ), #6680, 'distance_accuracy_value', 'NONE');
#2656 = MECHANICAL_DESIGN_GEOMETRIC_PRESENTATION_REPRESENTATION (  '', ( #1554 ), #5883 ) ;
#2657 =( LENGTH_UNIT ( ) NAMED_UNIT ( * ) SI_UNIT ( .MILLI., .METRE. ) );
#2658 = EDGE_CURVE ( 'NONE', #3884, #6778, #3279, .T. ) ;
#2659 = PRESENTATION_STYLE_ASSIGNMENT (( #6391 ) ) ;
#2660 = ORIENTED_EDGE ( 'NONE', *, *, #1361, .T. ) ;
#2661 = CARTESIAN_POINT ( 'NONE',  ( 1.600000000000000089, -1.099999999999999867, -0.5699999999999999512 ) ) ;
#2662 = AXIS2_PLACEMENT_3D ( 'NONE', #1099, #6461, #107 ) ;
#2663 = VERTEX_POINT ( 'NONE', #3174 ) ;
#2664 = PRESENTATION_LAYER_ASSIGNMENT (  '', '', ( #5021 ) ) ;
#2665 = ADVANCED_FACE ( 'NONE', ( #5298 ), #2156, .T. ) ;
#2666 = FACE_BOUND ( 'NONE', #5314, .T. ) ;
#2667 =( NAMED_UNIT ( * ) SI_UNIT ( $, .STERADIAN. ) SOLID_ANGLE_UNIT ( ) );
#2668 = SURFACE_STYLE_USAGE ( .BOTH. , #669 ) ;
#2669 = EDGE_LOOP ( 'NONE', ( #2719, #4178, #3004, #4911 ) ) ;
#2670 = VECTOR ( 'NONE', #2817, 1000.000000000000000 ) ;
#2671 =( NAMED_UNIT ( * ) SI_UNIT ( $, .STERADIAN. ) SOLID_ANGLE_UNIT ( ) );
#2672 = CARTESIAN_POINT ( 'NONE',  ( -2.400000000000001243, 1.200000000000000622, -0.5699999999999999512 ) ) ;
#2673 = SURFACE_STYLE_FILL_AREA ( #6410 ) ;
#2674 = LINE ( 'NONE', #4954, #4294 ) ;
#2675 = ORIENTED_EDGE ( 'NONE', *, *, #690, .F. ) ;
#2676 = VECTOR ( 'NONE', #2734, 1000.000000000000000 ) ;
#2677 = DIRECTION ( 'NONE',  ( 1.000000000000000000, 0.0000000000000000000, 0.0000000000000000000 ) ) ;
#2678 = CARTESIAN_POINT ( 'NONE',  ( 1.412305442492822749, 0.4570589046025523849, 0.3000000000000000444 ) ) ;
#2679 = FILL_AREA_STYLE_COLOUR ( '', #4814 ) ;
#2680 = FACE_OUTER_BOUND ( 'NONE', #3187, .T. ) ;
#2681 = DIRECTION ( 'NONE',  ( 0.0000000000000000000, -0.0000000000000000000, -1.000000000000000000 ) ) ;
#2682 = SURFACE_SIDE_STYLE ('',( #4827 ) ) ;
#2683 = VERTEX_POINT ( 'NONE', #2672 ) ;
#2684 = VECTOR ( 'NONE', #3602, 1000.000000000000000 ) ;
#2685 = VECTOR ( 'NONE', #6204, 1000.000000000000000 ) ;
#2686 = ORIENTED_EDGE ( 'NONE', *, *, #848, .T. ) ;
#2687 = VERTEX_POINT ( 'NONE', #2746 ) ;
#2688 = ADVANCED_FACE ( 'NONE', ( #6860 ), #4229, .T. ) ;
#2689 = PLANE ( 'NONE',  #2248 ) ;
#2690 = FACE_OUTER_BOUND ( 'NONE', #4322, .T. ) ;
#2691 = COLOUR_RGB ( '',0.8313725490196077761, 0.8392156862745098200, 0.8313725490196077761 ) ;
#2692 = CARTESIAN_POINT ( 'NONE',  ( -1.599999999999999645, 2.200000000000000178, -0.5699999999999999512 ) ) ;
#2693 = DIRECTION ( 'NONE',  ( -0.0000000000000000000, -1.000000000000000000, -0.0000000000000000000 ) ) ;
#2694 = ORIENTED_EDGE ( 'NONE', *, *, #1631, .F. ) ;
#2695 = ORIENTED_EDGE ( 'NONE', *, *, #5315, .T. ) ;
#2696 = EDGE_CURVE ( 'NONE', #5701, #5346, #14, .T. ) ;
#2697 = LINE ( 'NONE', #2601, #3594 ) ;
#2698 = PRESENTATION_LAYER_ASSIGNMENT (  '', '', ( #4172 ) ) ;
#2699 = EDGE_CURVE ( 'NONE', #6152, #447, #4884, .T. ) ;
#2700 = CARTESIAN_POINT ( 'NONE',  ( -2.400000000000001243, 1.200000000000001954, -0.7699999999999999067 ) ) ;
#2701 = CARTESIAN_POINT ( 'NONE',  ( -1.700000000000000622, 2.100000000000000089, -0.7699999999999999067 ) ) ;
#2702 = VERTEX_POINT ( 'NONE', #6372 ) ;
#2703 = MECHANICAL_DESIGN_GEOMETRIC_PRESENTATION_REPRESENTATION (  '', ( #826 ), #5602 ) ;
#2704 = EDGE_CURVE ( 'NONE', #6829, #632, #5882, .T. ) ;
#2705 = CYLINDRICAL_SURFACE ( 'NONE', #6145, 0.3000000000000000444 ) ;
#2706 = UNCERTAINTY_MEASURE_WITH_UNIT (LENGTH_MEASURE( 1.000000000000000082E-05 ), #332, 'distance_accuracy_value', 'NONE');
#2707 = SURFACE_STYLE_FILL_AREA ( #12 ) ;
#2708 = LINE ( 'NONE', #1120, #2284 ) ;
#2709 = CARTESIAN_POINT ( 'NONE',  ( -1.146028625818473756, -0.1370056143358102385, 0.3500000000000000333 ) ) ;
#2710 = CARTESIAN_POINT ( 'NONE',  ( -1.146028625818473756, 0.6751250982098658815, 0.3500000000000000333 ) ) ;
#2711 = CARTESIAN_POINT ( 'NONE',  ( 0.2838201673205150155, 0.4046747618464905383, 0.3500000000000000333 ) ) ;
#2712 = ORIENTED_EDGE ( 'NONE', *, *, #5976, .T. ) ;
#2713 = EDGE_CURVE ( 'NONE', #2911, #6424, #2708, .T. ) ;
#2714 = CIRCLE ( 'NONE', #2823, 0.1500000000000000222 ) ;
#2715 =( NAMED_UNIT ( * ) SI_UNIT ( $, .STERADIAN. ) SOLID_ANGLE_UNIT ( ) );
#2716 = SURFACE_SIDE_STYLE ('',( #3778 ) ) ;
#2717 = FILL_AREA_STYLE ('',( #1675 ) ) ;
#2718 =( NAMED_UNIT ( * ) PLANE_ANGLE_UNIT ( ) SI_UNIT ( $, .RADIAN. ) );
#2719 = ORIENTED_EDGE ( 'NONE', *, *, #5887, .T. ) ;
#2720 = ORIENTED_EDGE ( 'NONE', *, *, #5857, .T. ) ;
#2721 = COLOUR_RGB ( '',0.8980392156862745390, 0.9215686274509803377, 0.9294117647058823817 ) ;
#2722 = SURFACE_SIDE_STYLE ('',( #2234 ) ) ;
#2723 = CIRCLE ( 'NONE', #6399, 0.3000000000000000444 ) ;
#2724 = UNCERTAINTY_MEASURE_WITH_UNIT (LENGTH_MEASURE( 1.000000000000000082E-05 ), #2296, 'distance_accuracy_value', 'NONE');
#2725 = STYLED_ITEM ( 'NONE', ( #5352 ), #6706 ) ;
#2726 = PLANE ( 'NONE',  #1858 ) ;
#2727 = DIRECTION ( 'NONE',  ( -0.0000000000000000000, -0.0000000000000000000, -1.000000000000000000 ) ) ;
#2728 = ORIENTED_EDGE ( 'NONE', *, *, #3178, .F. ) ;
#2729 = CARTESIAN_POINT ( 'NONE',  ( 1.700000000000000400, 1.200000000000000622, -0.7699999999999999067 ) ) ;
#2730 = STYLED_ITEM ( 'NONE', ( #5070 ), #3304 ) ;
#2731 = VECTOR ( 'NONE', #2890, 1000.000000000000000 ) ;
#2732 = ORIENTED_EDGE ( 'NONE', *, *, #5615, .F. ) ;
#2733 = CIRCLE ( 'NONE', #2961, 0.1000000000000002554 ) ;
#2734 = DIRECTION ( 'NONE',  ( 1.000000000000000000, -0.0000000000000000000, -0.0000000000000000000 ) ) ;
#2735 = VECTOR ( 'NONE', #6477, 1000.000000000000000 ) ;
#2736 = LINE ( 'NONE', #114, #527 ) ;
#2737 = FILL_AREA_STYLE ('',( #630 ) ) ;
#2738 = EDGE_LOOP ( 'NONE', ( #2303, #2732, #356, #1528 ) ) ;
#2739 = CARTESIAN_POINT ( 'NONE',  ( 1.700000000000000400, 1.200000000000000622, -0.7699999999999999067 ) ) ;
#2740 = ADVANCED_FACE ( 'NONE', ( #4849 ), #5955, .F. ) ;
#2741 = ORIENTED_EDGE ( 'NONE', *, *, #3994, .T. ) ;
#2742 = AXIS2_PLACEMENT_3D ( 'NONE', #4582, #6069, #2414 ) ;
#2743 = CARTESIAN_POINT ( 'NONE',  ( -2.400000000000002132, 2.100000000000000089, -0.2999999999999993783 ) ) ;
#2744 =( NAMED_UNIT ( * ) SI_UNIT ( $, .STERADIAN. ) SOLID_ANGLE_UNIT ( ) );
#2745 = CARTESIAN_POINT ( 'NONE',  ( -1.919276727925023351, -2.056952929731181712, 0.3500000000000000333 ) ) ;
#2746 = CARTESIAN_POINT ( 'NONE',  ( -2.700000000000001954, -2.099999999999999645, -0.3000000000000003220 ) ) ;
#2747 =( NAMED_UNIT ( * ) SI_UNIT ( $, .STERADIAN. ) SOLID_ANGLE_UNIT ( ) );
#2748 = DIRECTION ( 'NONE',  ( -0.0000000000000000000, 0.0000000000000000000, -1.000000000000000000 ) ) ;
#2749 = EDGE_CURVE ( 'NONE', #5888, #5812, #6678, .T. ) ;
#2750 = FACE_OUTER_BOUND ( 'NONE', #2590, .T. ) ;
#2751 = ORIENTED_EDGE ( 'NONE', *, *, #537, .F. ) ;
#2752 = DIRECTION ( 'NONE',  ( 1.000000000000000000, 0.0000000000000000000, 0.0000000000000000000 ) ) ;
#2753 = STYLED_ITEM ( 'NONE', ( #292 ), #3936 ) ;
#2754 = DIRECTION ( 'NONE',  ( 0.0000000000000000000, 0.0000000000000000000, -1.000000000000000000 ) ) ;
#2755 = LINE ( 'NONE', #878, #3340 ) ;
#2756 = EDGE_CURVE ( 'NONE', #1030, #4309, #5084, .T. ) ;
#2757 = CARTESIAN_POINT ( 'NONE',  ( -1.600000000000000311, -2.199999999999999734, -0.5699999999999999512 ) ) ;
#2758 = ORIENTED_EDGE ( 'NONE', *, *, #2548, .T. ) ;
#2759 = ORIENTED_EDGE ( 'NONE', *, *, #6506, .T. ) ;
#2760 = EDGE_LOOP ( 'NONE', ( #490, #1073, #1990, #5376 ) ) ;
#2761 = SURFACE_STYLE_USAGE ( .BOTH. , #2722 ) ;
#2762 = DIRECTION ( 'NONE',  ( -0.0000000000000000000, -0.0000000000000000000, -1.000000000000000000 ) ) ;
#2763 = CARTESIAN_POINT ( 'NONE',  ( 1.930905544980987543, 2.110000814877110997, 0.3500000000000000333 ) ) ;
#2764 = ORIENTED_EDGE ( 'NONE', *, *, #2699, .T. ) ;
#2765 = DIRECTION ( 'NONE',  ( -0.0000000000000000000, -0.0000000000000000000, -1.000000000000000000 ) ) ;
#2766 = ORIENTED_EDGE ( 'NONE', *, *, #4212, .T. ) ;
#2767 = PLANE ( 'NONE',  #1738 ) ;
#2768 = ORIENTED_EDGE ( 'NONE', *, *, #2822, .F. ) ;
#2769 =( LENGTH_UNIT ( ) NAMED_UNIT ( * ) SI_UNIT ( .MILLI., .METRE. ) );
#2770 = AXIS2_PLACEMENT_3D ( 'NONE', #5877, #5426, #4257 ) ;
#2771 = ORIENTED_EDGE ( 'NONE', *, *, #4844, .T. ) ;
#2772 =( NAMED_UNIT ( * ) SI_UNIT ( $, .STERADIAN. ) SOLID_ANGLE_UNIT ( ) );
#2773 = VECTOR ( 'NONE', #2413, 1000.000000000000000 ) ;
#2774 = EDGE_CURVE ( 'NONE', #4025, #2821, #5047, .T. ) ;
#2775 = DIRECTION ( 'NONE',  ( -0.08682659386424762538, -0.08682659386424762538, -0.9924325091389669673 ) ) ;
#2776 = CARTESIAN_POINT ( 'NONE',  ( 0.5500000000000000444, -1.049999999999999822, -0.5699999999999999512 ) ) ;
#2777 = CARTESIAN_POINT ( 'NONE',  ( 0.0000000000000000000, 0.0000000000000000000, 0.3000000000000000444 ) ) ;
#2778 = LINE ( 'NONE', #4916, #5413 ) ;
#2779 = CARTESIAN_POINT ( 'NONE',  ( -2.700000000000002842, -2.099999999999999645, -6.982962677686266711E-16 ) ) ;
#2780 = AXIS2_PLACEMENT_3D ( 'NONE', #306, #2403, #4541 ) ;
#2781 = ADVANCED_FACE ( 'NONE', ( #2348 ), #2421, .T. ) ;
#2782 = CARTESIAN_POINT ( 'NONE',  ( -0.03316504619021998224, 2.110000814877110997, 0.3500000000000000333 ) ) ;
#2783 = VECTOR ( 'NONE', #5094, 1000.000000000000000 ) ;
#2784 = LINE ( 'NONE', #4923, #3029 ) ;
#2785 = DIRECTION ( 'NONE',  ( -0.0000000000000000000, -1.000000000000000000, -0.0000000000000000000 ) ) ;
#2786 = EDGE_CURVE ( 'NONE', #2270, #3835, #4034, .T. ) ;
#2787 = DIRECTION ( 'NONE',  ( -0.0000000000000000000, -0.0000000000000000000, -1.000000000000000000 ) ) ;
#2788 =( NAMED_UNIT ( * ) PLANE_ANGLE_UNIT ( ) SI_UNIT ( $, .RADIAN. ) );
#2789 = ORIENTED_EDGE ( 'NONE', *, *, #5599, .T. ) ;
#2790 = VECTOR ( 'NONE', #6434, 1000.000000000000000 ) ;
#2791 = ORIENTED_EDGE ( 'NONE', *, *, #2445, .T. ) ;
#2792 = ADVANCED_FACE ( 'NONE', ( #5013 ), #6079, .F. ) ;
#2793 = DIRECTION ( 'NONE',  ( -0.0000000000000000000, -0.0000000000000000000, 1.000000000000000000 ) ) ;
#2794 = FILL_AREA_STYLE ('',( #2235 ) ) ;
#2795 = UNCERTAINTY_MEASURE_WITH_UNIT (LENGTH_MEASURE( 1.000000000000000082E-05 ), #689, 'distance_accuracy_value', 'NONE');
#2796 = LINE ( 'NONE', #4344, #1530 ) ;
#2797 = STYLED_ITEM ( 'NONE', ( #4439 ), #6206 ) ;
#2798 = DIRECTION ( 'NONE',  ( -4.818676322157797375E-16, 1.000000000000000000, 0.0000000000000000000 ) ) ;
#2799 = ORIENTED_EDGE ( 'NONE', *, *, #4555, .F. ) ;
#2800 = VECTOR ( 'NONE', #840, 1000.000000000000000 ) ;
#2801 = ORIENTED_EDGE ( 'NONE', *, *, #2569, .F. ) ;
#2802 = AXIS2_PLACEMENT_3D ( 'NONE', #1541, #3670, #5784 ) ;
#2803 = FILL_AREA_STYLE ('',( #4424 ) ) ;
#2804 =( LENGTH_UNIT ( ) NAMED_UNIT ( * ) SI_UNIT ( .MILLI., .METRE. ) );
#2805 = CARTESIAN_POINT ( 'NONE',  ( -2.470127565808668990, 2.100000000000000089, -0.5699999999999999512 ) ) ;
#2806 = VECTOR ( 'NONE', #6496, 1000.000000000000114 ) ;
#2807 = FILL_AREA_STYLE ('',( #5457 ) ) ;
#2808 = ORIENTED_EDGE ( 'NONE', *, *, #6419, .F. ) ;
#2809 = SURFACE_STYLE_FILL_AREA ( #2953 ) ;
#2810 =( GEOMETRIC_REPRESENTATION_CONTEXT ( 3 ) GLOBAL_UNCERTAINTY_ASSIGNED_CONTEXT ( ( #5183 ) ) GLOBAL_UNIT_ASSIGNED_CONTEXT ( ( #2196, #1162, #6094 ) ) REPRESENTATION_CONTEXT ( 'NONE', 'WORKASPACE' ) );
#2811 = SURFACE_STYLE_FILL_AREA ( #1746 ) ;
#2812 = CARTESIAN_POINT ( 'NONE',  ( 0.0000000000000000000, 2.100000000000000089, -0.5699999999999999512 ) ) ;
#2813 = CARTESIAN_POINT ( 'NONE',  ( 2.500000000000001332, 1.200000000000000622, -0.4700000000000001399 ) ) ;
#2814 = VECTOR ( 'NONE', #4326, 1000.000000000000000 ) ;
#2815 = EDGE_CURVE ( 'NONE', #4690, #2298, #6157, .T. ) ;
#2816 = SURFACE_STYLE_FILL_AREA ( #711 ) ;
#2817 = DIRECTION ( 'NONE',  ( 0.0000000000000000000, -1.000000000000000000, 0.0000000000000000000 ) ) ;
#2818 = CARTESIAN_POINT ( 'NONE',  ( 0.0000000000000000000, 0.0000000000000000000, -0.5699999999999999512 ) ) ;
#2819 = CARTESIAN_POINT ( 'NONE',  ( 2.400000000000001243, -2.099999999999999645, -0.4699999999999998068 ) ) ;
#2820 =( NAMED_UNIT ( * ) PLANE_ANGLE_UNIT ( ) SI_UNIT ( $, .RADIAN. ) );
#2821 = VERTEX_POINT ( 'NONE', #1939 ) ;
#2822 = EDGE_CURVE ( 'NONE', #1312, #2942, #2842, .T. ) ;
#2823 = AXIS2_PLACEMENT_3D ( 'NONE', #6374, #160, #1123 ) ;
#2824 = ORIENTED_EDGE ( 'NONE', *, *, #3516, .F. ) ;
#2825 = CARTESIAN_POINT ( 'NONE',  ( 1.930905544980987543, 2.110000814877110997, 0.3500000000000000333 ) ) ;
#2826 = CARTESIAN_POINT ( 'NONE',  ( -0.9960286258184727348, -0.5332195235787651200, 0.3500000000000000333 ) ) ;
#2827 = PRESENTATION_LAYER_ASSIGNMENT (  '', '', ( #1836 ) ) ;
#2828 = DIRECTION ( 'NONE',  ( -0.0000000000000000000, 0.0000000000000000000, -1.000000000000000000 ) ) ;
#2829 = ORIENTED_EDGE ( 'NONE', *, *, #3658, .F. ) ;
#2830 = EDGE_CURVE ( 'NONE', #1066, #1799, #3121, .T. ) ;
#2831 = DIRECTION ( 'NONE',  ( 0.0000000000000000000, 1.000000000000000000, 0.0000000000000000000 ) ) ;
#2832 = CIRCLE ( 'NONE', #5401, 0.3000000000000000444 ) ;
#2833 = ORIENTED_EDGE ( 'NONE', *, *, #3096, .F. ) ;
#2834 = PRESENTATION_LAYER_ASSIGNMENT (  '', '', ( #4414 ) ) ;
#2835 = LINE ( 'NONE', #3407, #81 ) ;
#2836 = PRESENTATION_LAYER_ASSIGNMENT (  '', '', ( #5293 ) ) ;
#2837 = COLOUR_RGB ( '',0.003921568627450980338, 0.0000000000000000000, 0.3372549019607843368 ) ;
#2838 = ORIENTED_EDGE ( 'NONE', *, *, #5847, .T. ) ;
#2839 = FILL_AREA_STYLE_COLOUR ( '', #2325 ) ;
#2840 = ADVANCED_FACE ( 'NONE', ( #5278 ), #5727, .T. ) ;
#2841 = ORIENTED_EDGE ( 'NONE', *, *, #4903, .F. ) ;
#2842 = CIRCLE ( 'NONE', #3647, 0.1499999999999999667 ) ;
#2843 = CARTESIAN_POINT ( 'NONE',  ( 1.699999999999999956, 0.0000000000000000000, 0.3007161552948416916 ) ) ;
#2844 = DIRECTION ( 'NONE',  ( 1.000000000000000000, 4.818676322157797375E-16, -3.043374519257556424E-15 ) ) ;
#2845 = PRESENTATION_STYLE_ASSIGNMENT (( #774 ) ) ;
#2846 = LINE ( 'NONE', #1365, #2518 ) ;
#2847 =( NAMED_UNIT ( * ) SI_UNIT ( $, .STERADIAN. ) SOLID_ANGLE_UNIT ( ) );
#2848 = COLOUR_RGB ( '',1.000000000000000000, 1.000000000000000000, 1.000000000000000000 ) ;
#2849 = PLANE ( 'NONE',  #269 ) ;
#2850 = CARTESIAN_POINT ( 'NONE',  ( -1.146028625818473756, -0.1370056143358112655, 0.3000000000000000444 ) ) ;
#2851 =( NAMED_UNIT ( * ) SI_UNIT ( $, .STERADIAN. ) SOLID_ANGLE_UNIT ( ) );
#2852 = CARTESIAN_POINT ( 'NONE',  ( -2.500000000000002665, -2.099999999999999645, 0.0000000000000000000 ) ) ;
#2853 = FILL_AREA_STYLE_COLOUR ( '', #6404 ) ;
#2854 = DIRECTION ( 'NONE',  ( -1.000000000000000000, -0.0000000000000000000, -0.0000000000000000000 ) ) ;
#2855 = ORIENTED_EDGE ( 'NONE', *, *, #1937, .F. ) ;
#2856 = ORIENTED_EDGE ( 'NONE', *, *, #6545, .F. ) ;
#2857 = COLOUR_RGB ( '',0.8313725490196077761, 0.8392156862745098200, 0.8313725490196077761 ) ;
#2858 = CARTESIAN_POINT ( 'NONE',  ( -2.486873320506370000, -2.099999999999999645, -0.2504719656739949341 ) ) ;
#2859 = UNCERTAINTY_MEASURE_WITH_UNIT (LENGTH_MEASURE( 1.000000000000000082E-05 ), #1108, 'distance_accuracy_value', 'NONE');
#2860 = EDGE_CURVE ( 'NONE', #2654, #1246, #2104, .T. ) ;
#2861 = FACE_BOUND ( 'NONE', #926, .T. ) ;
#2862 = SURFACE_STYLE_FILL_AREA ( #144 ) ;
#2863 = VERTEX_POINT ( 'NONE', #4795 ) ;
#2864 = MECHANICAL_DESIGN_GEOMETRIC_PRESENTATION_REPRESENTATION (  '', ( #4664 ), #5214 ) ;
#2865 = LINE ( 'NONE', #6567, #4734 ) ;
#2866 = ORIENTED_EDGE ( 'NONE', *, *, #854, .F. ) ;
#2867 = UNCERTAINTY_MEASURE_WITH_UNIT (LENGTH_MEASURE( 1.000000000000000082E-05 ), #2454, 'distance_accuracy_value', 'NONE');
#2868 = AXIS2_PLACEMENT_3D ( 'NONE', #211, #5483, #5040 ) ;
#2869 = ADVANCED_FACE ( 'NONE', ( #3681 ), #6318, .T. ) ;
#2870 = DIRECTION ( 'NONE',  ( -0.0000000000000000000, 1.000000000000000000, -0.0000000000000000000 ) ) ;
#2871 = DIRECTION ( 'NONE',  ( 4.818676322157797375E-16, 1.000000000000000000, 1.466503673540475756E-30 ) ) ;
#2872 = DIRECTION ( 'NONE',  ( 0.0000000000000000000, 1.000000000000000000, 0.0000000000000000000 ) ) ;
#2873 = LINE ( 'NONE', #2312, #5872 ) ;
#2874 = ORIENTED_EDGE ( 'NONE', *, *, #836, .F. ) ;
#2875 =( LENGTH_UNIT ( ) NAMED_UNIT ( * ) SI_UNIT ( .MILLI., .METRE. ) );
#2876 =( NAMED_UNIT ( * ) PLANE_ANGLE_UNIT ( ) SI_UNIT ( $, .RADIAN. ) );
#2877 = VERTEX_POINT ( 'NONE', #1071 ) ;
#2878 = AXIS2_PLACEMENT_3D ( 'NONE', #482, #100, #2681 ) ;
#2879 = VERTEX_POINT ( 'NONE', #5185 ) ;
#2880 =( LENGTH_UNIT ( ) NAMED_UNIT ( * ) SI_UNIT ( .MILLI., .METRE. ) );
#2881 = ADVANCED_FACE ( 'NONE', ( #428 ), #4211, .T. ) ;
#2882 =( NAMED_UNIT ( * ) PLANE_ANGLE_UNIT ( ) SI_UNIT ( $, .RADIAN. ) );
#2883 = DIRECTION ( 'NONE',  ( -0.0000000000000000000, 0.0000000000000000000, -1.000000000000000000 ) ) ;
#2884 = PLANE ( 'NONE',  #6364 ) ;
#2885 = LINE ( 'NONE', #2925, #2498 ) ;
#2886 = MECHANICAL_DESIGN_GEOMETRIC_PRESENTATION_REPRESENTATION (  '', ( #1778 ), #357 ) ;
#2887 = PRESENTATION_STYLE_ASSIGNMENT (( #1369 ) ) ;
#2888 = SURFACE_STYLE_FILL_AREA ( #744 ) ;
#2889 = DIRECTION ( 'NONE',  ( -1.000000000000000000, 0.0000000000000000000, 0.0000000000000000000 ) ) ;
#2890 = DIRECTION ( 'NONE',  ( 1.185975313885231567E-16, -1.000000000000000000, -0.0000000000000000000 ) ) ;
#2891 =( NAMED_UNIT ( * ) SI_UNIT ( $, .STERADIAN. ) SOLID_ANGLE_UNIT ( ) );
#2892 = VECTOR ( 'NONE', #6036, 1000.000000000000000 ) ;
#2893 = CARTESIAN_POINT ( 'NONE',  ( -1.043697599916538765, 0.4413501301401799304, 0.3500000000000000333 ) ) ;
#2894 = ORIENTED_EDGE ( 'NONE', *, *, #133, .T. ) ;
#2895 = VERTEX_POINT ( 'NONE', #1100 ) ;
#2896 = ORIENTED_EDGE ( 'NONE', *, *, #1592, .T. ) ;
#2897 = MECHANICAL_DESIGN_GEOMETRIC_PRESENTATION_REPRESENTATION (  '', ( #2220 ), #4698 ) ;
#2898 = SURFACE_SIDE_STYLE ('',( #3006 ) ) ;
#2899 = FILL_AREA_STYLE_COLOUR ( '', #4462 ) ;
#2900 = CARTESIAN_POINT ( 'NONE',  ( 0.0000000000000000000, 0.0000000000000000000, -0.6999999999999999556 ) ) ;
#2901 = ORIENTED_EDGE ( 'NONE', *, *, #44, .F. ) ;
#2902 = VECTOR ( 'NONE', #2991, 1000.000000000000000 ) ;
#2903 = SURFACE_SIDE_STYLE ('',( #321 ) ) ;
#2904 = DIRECTION ( 'NONE',  ( 1.000000000000000000, 1.604850264224746292E-16, 0.0000000000000000000 ) ) ;
#2905 = ADVANCED_FACE ( 'NONE', ( #3257 ), #2726, .F. ) ;
#2906 = ORIENTED_EDGE ( 'NONE', *, *, #1050, .F. ) ;
#2907 = STYLED_ITEM ( 'NONE', ( #2887 ), #256 ) ;
#2908 = PRESENTATION_STYLE_ASSIGNMENT (( #3472 ) ) ;
#2909 = DIRECTION ( 'NONE',  ( -1.000000000000000000, -0.0000000000000000000, -0.0000000000000000000 ) ) ;
#2910 = SURFACE_STYLE_FILL_AREA ( #3894 ) ;
#2911 = VERTEX_POINT ( 'NONE', #2692 ) ;
#2912 = CARTESIAN_POINT ( 'NONE',  ( 0.0000000000000000000, 0.0000000000000000000, 0.3007161552948416916 ) ) ;
#2913 = DIRECTION ( 'NONE',  ( 1.000000000000000000, 0.0000000000000000000, -0.0000000000000000000 ) ) ;
#2914 = ORIENTED_EDGE ( 'NONE', *, *, #1226, .F. ) ;
#2915 = PRESENTATION_LAYER_ASSIGNMENT (  '', '', ( #3480 ) ) ;
#2916 = MECHANICAL_DESIGN_GEOMETRIC_PRESENTATION_REPRESENTATION (  '', ( #2134 ), #5147 ) ;
#2917 = EDGE_CURVE ( 'NONE', #3591, #2879, #4869, .T. ) ;
#2918 = ORIENTED_EDGE ( 'NONE', *, *, #6673, .F. ) ;
#2919 = CARTESIAN_POINT ( 'NONE',  ( 0.0000000000000000000, 0.0000000000000000000, -0.5699999999999999512 ) ) ;
#2920 = FACE_OUTER_BOUND ( 'NONE', #2760, .T. ) ;
#2921 = CARTESIAN_POINT ( 'NONE',  ( -1.700000000000000400, -2.099999999999999645, -0.7699999999999999067 ) ) ;
#2922 = VECTOR ( 'NONE', #142, 1000.000000000000000 ) ;
#2923 = COLOUR_RGB ( '',0.8980392156862745390, 0.9215686274509803377, 0.9294117647058823817 ) ;
#2924 = CARTESIAN_POINT ( 'NONE',  ( 1.600000000000000533, 2.200000000000000178, -0.6999999999999999556 ) ) ;
#2925 = CARTESIAN_POINT ( 'NONE',  ( 0.5500000000000001554, 2.254834989607331863, -0.5699999999999999512 ) ) ;
#2926 = EDGE_CURVE ( 'NONE', #4637, #5551, #2796, .T. ) ;
#2927 = AXIS2_PLACEMENT_3D ( 'NONE', #5930, #5963, #2291 ) ;
#2928 = DIRECTION ( 'NONE',  ( -1.000000000000000000, 2.710505431213759113E-16, -0.0000000000000000000 ) ) ;
#2929 = LINE ( 'NONE', #2442, #6123 ) ;
#2930 = PLANE ( 'NONE',  #6852 ) ;
#2931 = VECTOR ( 'NONE', #4170, 1000.000000000000000 ) ;
#2932 = CARTESIAN_POINT ( 'NONE',  ( -1.043697599916538765, 0.4413501301401799304, 0.3500000000000000333 ) ) ;
#2933 = ADVANCED_FACE ( 'NONE', ( #6462 ), #6534, .T. ) ;
#2934 = VERTEX_POINT ( 'NONE', #6004 ) ;
#2935 = EDGE_LOOP ( 'NONE', ( #3705, #2901, #2841, #104 ) ) ;
#2936 = CARTESIAN_POINT ( 'NONE',  ( 2.700000000000001954, 2.100000000000000089, -0.3000000000000003220 ) ) ;
#2937 = LINE ( 'NONE', #5076, #2773 ) ;
#2938 = ORIENTED_EDGE ( 'NONE', *, *, #3493, .F. ) ;
#2939 = AXIS2_PLACEMENT_3D ( 'NONE', #5738, #6723, #5667 ) ;
#2940 =( NAMED_UNIT ( * ) SI_UNIT ( $, .STERADIAN. ) SOLID_ANGLE_UNIT ( ) );
#2941 = FACE_OUTER_BOUND ( 'NONE', #1110, .T. ) ;
#2942 = VERTEX_POINT ( 'NONE', #1175 ) ;
#2943 = VECTOR ( 'NONE', #6795, 1000.000000000000000 ) ;
#2944 = UNCERTAINTY_MEASURE_WITH_UNIT (LENGTH_MEASURE( 1.000000000000000082E-05 ), #5956, 'distance_accuracy_value', 'NONE');
#2945 = AXIS2_PLACEMENT_3D ( 'NONE', #4070, #4665, #359 ) ;
#2946 =( NAMED_UNIT ( * ) SI_UNIT ( $, .STERADIAN. ) SOLID_ANGLE_UNIT ( ) );
#2947 = DIRECTION ( 'NONE',  ( 0.0000000000000000000, 1.000000000000000000, 0.0000000000000000000 ) ) ;
#2948 = SURFACE_STYLE_FILL_AREA ( #6571 ) ;
#2949 = EDGE_LOOP ( 'NONE', ( #2132, #1936, #3866, #889 ) ) ;
#2950 = SURFACE_STYLE_FILL_AREA ( #5491 ) ;
#2951 = DIRECTION ( 'NONE',  ( 0.5150380749100548217, 0.0000000000000000000, 0.8571673007021118895 ) ) ;
#2952 = ORIENTED_EDGE ( 'NONE', *, *, #2269, .F. ) ;
#2953 = FILL_AREA_STYLE ('',( #3381 ) ) ;
#2954 = LINE ( 'NONE', #805, #2783 ) ;
#2955 = EDGE_CURVE ( 'NONE', #3884, #2863, #1243, .T. ) ;
#2956 = FACE_OUTER_BOUND ( 'NONE', #1171, .T. ) ;
#2957 = VECTOR ( 'NONE', #6196, 1000.000000000000000 ) ;
#2958 = DIRECTION ( 'NONE',  ( 1.000000000000000000, 2.710505431213759113E-16, 0.0000000000000000000 ) ) ;
#2959 =( NAMED_UNIT ( * ) SI_UNIT ( $, .STERADIAN. ) SOLID_ANGLE_UNIT ( ) );
#2960 = CARTESIAN_POINT ( 'NONE',  ( 0.2838201673205150710, 1.116322564166215559, 0.4500000000000000666 ) ) ;
#2961 = AXIS2_PLACEMENT_3D ( 'NONE', #2193, #2218, #5330 ) ;
#2962 = VECTOR ( 'NONE', #1973, 1000.000000000000000 ) ;
#2963 = SURFACE_SIDE_STYLE ('',( #2816 ) ) ;
#2964 = PLANE ( 'NONE',  #4279 ) ;
#2965 = DIRECTION ( 'NONE',  ( 0.0000000000000000000, 0.0000000000000000000, 1.000000000000000000 ) ) ;
#2966 = EDGE_CURVE ( 'NONE', #6256, #981, #6429, .T. ) ;
#2967 = FILL_AREA_STYLE_COLOUR ( '', #1032 ) ;
#2968 = AXIS2_PLACEMENT_3D ( 'NONE', #3837, #4781, #5327 ) ;
#2969 = LINE ( 'NONE', #2893, #2540 ) ;
#2970 = ORIENTED_EDGE ( 'NONE', *, *, #5487, .T. ) ;
#2971 = CARTESIAN_POINT ( 'NONE',  ( 0.4838201673205150821, -0.2871897488101240459, 0.4500000000000000666 ) ) ;
#2972 = FACE_OUTER_BOUND ( 'NONE', #2593, .T. ) ;
#2973 = DIRECTION ( 'NONE',  ( 0.0000000000000000000, 0.0000000000000000000, -1.000000000000000000 ) ) ;
#2974 = ADVANCED_FACE ( 'NONE', ( #1345 ), #789, .F. ) ;
#2975 = FACE_OUTER_BOUND ( 'NONE', #6248, .T. ) ;
#2976 =( NAMED_UNIT ( * ) SI_UNIT ( $, .STERADIAN. ) SOLID_ANGLE_UNIT ( ) );
#2977 = ORIENTED_EDGE ( 'NONE', *, *, #1403, .T. ) ;
#2978 = SURFACE_STYLE_FILL_AREA ( #2524 ) ;
#2979 = CARTESIAN_POINT ( 'NONE',  ( 0.3603187164337327553, 0.9751250982098667031, 0.3000000000000000444 ) ) ;
#2980 = EDGE_LOOP ( 'NONE', ( #2838, #759, #1420, #6565 ) ) ;
#2981 = DIRECTION ( 'NONE',  ( -0.0000000000000000000, -0.0000000000000000000, -1.000000000000000000 ) ) ;
#2982 = PRESENTATION_LAYER_ASSIGNMENT (  '', '', ( #110 ) ) ;
#2983 =( NAMED_UNIT ( * ) SI_UNIT ( $, .STERADIAN. ) SOLID_ANGLE_UNIT ( ) );
#2984 = ORIENTED_EDGE ( 'NONE', *, *, #647, .T. ) ;
#2985 = CARTESIAN_POINT ( 'NONE',  ( 2.500000000000002220, -1.199999999999999734, 0.0000000000000000000 ) ) ;
#2986 = ORIENTED_EDGE ( 'NONE', *, *, #978, .F. ) ;
#2987 = VERTEX_POINT ( 'NONE', #6707 ) ;
#2988 = PRESENTATION_LAYER_ASSIGNMENT (  '', '', ( #5874 ) ) ;
#2989 = DIRECTION ( 'NONE',  ( -1.000000000000000000, 4.818676322157797375E-16, -3.043374519257556424E-15 ) ) ;
#2990 = LINE ( 'NONE', #874, #4837 ) ;
#2991 = DIRECTION ( 'NONE',  ( -1.000000000000000000, 0.0000000000000000000, 0.0000000000000000000 ) ) ;
#2992 = DIRECTION ( 'NONE',  ( -0.0000000000000000000, -0.0000000000000000000, -1.000000000000000000 ) ) ;
#2993 = PLANE ( 'NONE',  #4899 ) ;
#2994 = COLOUR_RGB ( '',0.8980392156862745390, 0.9215686274509803377, 0.9294117647058823817 ) ;
#2995 = ADVANCED_FACE ( 'NONE', ( #2861, #1311, #3429, #2975 ), #893, .F. ) ;
#2996 = CARTESIAN_POINT ( 'NONE',  ( 2.486873320506370000, 2.100000000000000089, -0.2504719656739949341 ) ) ;
#2997 = CARTESIAN_POINT ( 'NONE',  ( 2.499117102666011725, 2.100000000000000089, -0.01684668471109857651 ) ) ;
#2998 = DIRECTION ( 'NONE',  ( -0.0000000000000000000, -1.000000000000000000, -0.0000000000000000000 ) ) ;
#2999 = LINE ( 'NONE', #960, #317 ) ;
#3000 = DIRECTION ( 'NONE',  ( -3.043374519257556424E-15, 0.0000000000000000000, 1.000000000000000000 ) ) ;
#3001 = SURFACE_STYLE_USAGE ( .BOTH. , #472 ) ;
#3002 = FILL_AREA_STYLE ('',( #310 ) ) ;
#3003 = VECTOR ( 'NONE', #4745, 1000.000000000000000 ) ;
#3004 = ORIENTED_EDGE ( 'NONE', *, *, #3910, .T. ) ;
#3005 = EDGE_CURVE ( 'NONE', #5291, #1375, #756, .T. ) ;
#3006 = SURFACE_STYLE_FILL_AREA ( #1341 ) ;
#3007 = PLANE ( 'NONE',  #461 ) ;
#3008 = EDGE_CURVE ( 'NONE', #6739, #5141, #3466, .T. ) ;
#3009 = VECTOR ( 'NONE', #4858, 1000.000000000000000 ) ;
#3010 = CARTESIAN_POINT ( 'NONE',  ( 2.471716000805965763, 2.100000000000000089, -0.5396908546970038412 ) ) ;
#3011 = CARTESIAN_POINT ( 'NONE',  ( 2.500000000000002220, 2.500000000000002220, 0.0000000000000000000 ) ) ;
#3012 = ORIENTED_EDGE ( 'NONE', *, *, #3744, .F. ) ;
#3013 = AXIS2_PLACEMENT_3D ( 'NONE', #4050, #1372, #5468 ) ;
#3014 = FILL_AREA_STYLE ('',( #2488 ) ) ;
#3015 = EDGE_CURVE ( 'NONE', #2620, #6456, #4550, .T. ) ;
#3016 = VERTEX_POINT ( 'NONE', #1895 ) ;
#3017 = UNCERTAINTY_MEASURE_WITH_UNIT (LENGTH_MEASURE( 1.000000000000000082E-05 ), #620, 'distance_accuracy_value', 'NONE');
#3018 = PRESENTATION_STYLE_ASSIGNMENT (( #901 ) ) ;
#3019 = DIRECTION ( 'NONE',  ( 0.0000000000000000000, 1.000000000000000000, 0.0000000000000000000 ) ) ;
#3020 = ORIENTED_EDGE ( 'NONE', *, *, #5134, .F. ) ;
#3021 = CARTESIAN_POINT ( 'NONE',  ( 2.500000000000002220, 2.500000000000002220, 0.0000000000000000000 ) ) ;
#3022 = EDGE_CURVE ( 'NONE', #4746, #1580, #3398, .T. ) ;
#3023 = EDGE_LOOP ( 'NONE', ( #5752, #3444, #273, #3293 ) ) ;
#3024 = CARTESIAN_POINT ( 'NONE',  ( -1.296028625818474778, -0.8787392438591723476, 0.3500000000000000333 ) ) ;
#3025 =( NAMED_UNIT ( * ) SI_UNIT ( $, .STERADIAN. ) SOLID_ANGLE_UNIT ( ) );
#3026 = CARTESIAN_POINT ( 'NONE',  ( -2.499117102666011725, 1.200000000000000622, -0.01684668471109857651 ) ) ;
#3027 = CARTESIAN_POINT ( 'NONE',  ( -1.700000000000000622, -1.199999999999999734, -0.7699999999999999067 ) ) ;
#3028 = DIRECTION ( 'NONE',  ( 0.0000000000000000000, -1.000000000000000000, -0.0000000000000000000 ) ) ;
#3029 = VECTOR ( 'NONE', #5892, 1000.000000000000000 ) ;
#3030 = CARTESIAN_POINT ( 'NONE',  ( 1.600000000000000533, 2.200000000000000178, -0.5699999999999999512 ) ) ;
#3031 = VERTEX_POINT ( 'NONE', #5621 ) ;
#3032 = CARTESIAN_POINT ( 'NONE',  ( 1.600000000000000311, 1.099999999999999867, -0.5699999999999999512 ) ) ;
#3033 = STYLED_ITEM ( 'NONE', ( #2192 ), #6499 ) ;
#3034 = CARTESIAN_POINT ( 'NONE',  ( -1.146028625818473756, -0.7287392438591713262, 0.3500000000000000333 ) ) ;
#3035 = CARTESIAN_POINT ( 'NONE',  ( -2.400000000000002132, -1.199999999999999734, -0.2999999999999993783 ) ) ;
#3036 = SURFACE_STYLE_FILL_AREA ( #5817 ) ;
#3037 = CARTESIAN_POINT ( 'NONE',  ( 0.2838201673205150710, -0.2871897488101240459, 0.4500000000000000666 ) ) ;
#3038 = CARTESIAN_POINT ( 'NONE',  ( -0.1415856775653445976, 0.4413501301401799304, 0.3500000000000000333 ) ) ;
#3039 = AXIS2_PLACEMENT_3D ( 'NONE', #3061, #5737, #2532 ) ;
#3040 = ORIENTED_EDGE ( 'NONE', *, *, #5700, .T. ) ;
#3041 = LINE ( 'NONE', #4200, #3592 ) ;
#3042 = DIRECTION ( 'NONE',  ( -0.0000000000000000000, 0.0000000000000000000, -1.000000000000000000 ) ) ;
#3043 = SURFACE_STYLE_FILL_AREA ( #929 ) ;
#3044 = COLOUR_RGB ( '',0.8313725490196077761, 0.8392156862745098200, 0.8313725490196077761 ) ;
#3045 = CARTESIAN_POINT ( 'NONE',  ( -1.600000000000000311, -2.199999999999999734, -0.5699999999999999512 ) ) ;
#3046 = EDGE_CURVE ( 'NONE', #6594, #4376, #3578, .T. ) ;
#3047 = PRESENTATION_STYLE_ASSIGNMENT (( #933 ) ) ;
#3048 = ORIENTED_EDGE ( 'NONE', *, *, #882, .F. ) ;
#3049 = PLANE ( 'NONE',  #971 ) ;
#3050 = COLOUR_RGB ( '',0.8980392156862745390, 0.9215686274509803377, 0.9294117647058823817 ) ;
#3051 = PRESENTATION_STYLE_ASSIGNMENT (( #2007 ) ) ;
#3052 = VERTEX_POINT ( 'NONE', #4100 ) ;
#3053 =( NAMED_UNIT ( * ) PLANE_ANGLE_UNIT ( ) SI_UNIT ( $, .RADIAN. ) );
#3054 = COLOUR_RGB ( '',1.000000000000000000, 1.000000000000000000, 1.000000000000000000 ) ;
#3055 = ADVANCED_FACE ( 'NONE', ( #5273 ), #450, .F. ) ;
#3056 = FACE_OUTER_BOUND ( 'NONE', #2582, .T. ) ;
#3057 = VERTEX_POINT ( 'NONE', #3153 ) ;
#3058 = ORIENTED_EDGE ( 'NONE', *, *, #690, .T. ) ;
#3059 = CIRCLE ( 'NONE', #4738, 0.1500000000000000222 ) ;
#3060 = VERTEX_POINT ( 'NONE', #6312 ) ;
#3061 = CARTESIAN_POINT ( 'NONE',  ( 0.3603187164337324777, 0.4570589046025532176, 0.3500000000000000333 ) ) ;
#3062 = CARTESIAN_POINT ( 'NONE',  ( -1.043697599916538765, 0.4413501301401799304, 0.4500000000000000666 ) ) ;
#3063 = PRESENTATION_STYLE_ASSIGNMENT (( #1985 ) ) ;
#3064 = ADVANCED_FACE ( 'NONE', ( #541 ), #2648, .T. ) ;
#3065 = CARTESIAN_POINT ( 'NONE',  ( -0.5500000000000001554, -1.049999999999999822, -0.6999999999999999556 ) ) ;
#3066 = SURFACE_SIDE_STYLE ('',( #367 ) ) ;
#3067 = LINE ( 'NONE', #5196, #2550 ) ;
#3068 = LINE ( 'NONE', #3030, #1292 ) ;
#3069 = ORIENTED_EDGE ( 'NONE', *, *, #3206, .T. ) ;
#3070 = PRESENTATION_LAYER_ASSIGNMENT (  '', '', ( #5400 ) ) ;
#3071 = VECTOR ( 'NONE', #2142, 1000.000000000000000 ) ;
#3072 = CARTESIAN_POINT ( 'NONE',  ( -1.680009069179262848, 2.430009069179262848, 0.4000000000000000222 ) ) ;
#3073 = DIRECTION ( 'NONE',  ( -1.000000000000000000, 4.818676322157797375E-16, -3.043374519257556424E-15 ) ) ;
#3074 =( LENGTH_UNIT ( ) NAMED_UNIT ( * ) SI_UNIT ( .MILLI., .METRE. ) );
#3075 = DIRECTION ( 'NONE',  ( 0.0000000000000000000, 1.000000000000000000, 0.0000000000000000000 ) ) ;
#3076 = DIRECTION ( 'NONE',  ( -1.000000000000000000, 0.0000000000000000000, 0.0000000000000000000 ) ) ;
#3077 = FILL_AREA_STYLE ('',( #3671 ) ) ;
#3078 = COLOUR_RGB ( '',0.8313725490196077761, 0.8392156862745098200, 0.8313725490196077761 ) ;
#3079 =( GEOMETRIC_REPRESENTATION_CONTEXT ( 3 ) GLOBAL_UNCERTAINTY_ASSIGNED_CONTEXT ( ( #6077 ) ) GLOBAL_UNIT_ASSIGNED_CONTEXT ( ( #1231, #2329, #5469 ) ) REPRESENTATION_CONTEXT ( 'NONE', 'WORKASPACE' ) );
#3080 = ORIENTED_EDGE ( 'NONE', *, *, #2412, .F. ) ;
#3081 = MECHANICAL_DESIGN_GEOMETRIC_PRESENTATION_REPRESENTATION (  '', ( #6751 ), #1967 ) ;
#3082 = DIRECTION ( 'NONE',  ( -4.818676322157797375E-16, 1.000000000000000000, 0.0000000000000000000 ) ) ;
#3083 = CARTESIAN_POINT ( 'NONE',  ( -1.599999999999999645, 2.200000000000000178, -0.6999999999999999556 ) ) ;
#3084 =( NAMED_UNIT ( * ) PLANE_ANGLE_UNIT ( ) SI_UNIT ( $, .RADIAN. ) );
#3085 = EDGE_LOOP ( 'NONE', ( #2135, #4906, #2175, #2720 ) ) ;
#3086 = STYLED_ITEM ( 'NONE', ( #5546 ), #2995 ) ;
#3087 = ORIENTED_EDGE ( 'NONE', *, *, #5740, .F. ) ;
#3088 = EDGE_CURVE ( 'NONE', #1200, #4758, #1970, .T. ) ;
#3089 = UNCERTAINTY_MEASURE_WITH_UNIT (LENGTH_MEASURE( 1.000000000000000082E-05 ), #892, 'distance_accuracy_value', 'NONE');
#3090 = DIRECTION ( 'NONE',  ( -4.818676322157797375E-16, -1.000000000000000000, -1.466503673540475756E-30 ) ) ;
#3091 = CARTESIAN_POINT ( 'NONE',  ( 2.500000000000003109, -3.299999999999998490, -7.608436298143901117E-15 ) ) ;
#3092 = ORIENTED_EDGE ( 'NONE', *, *, #3275, .F. ) ;
#3093 = LINE ( 'NONE', #3021, #4964 ) ;
#3094 = ORIENTED_EDGE ( 'NONE', *, *, #1914, .F. ) ;
#3095 = VERTEX_POINT ( 'NONE', #6213 ) ;
#3096 = EDGE_CURVE ( 'NONE', #5259, #1238, #5792, .T. ) ;
#3097 = FILL_AREA_STYLE_COLOUR ( '', #5371 ) ;
#3098 = AXIS2_PLACEMENT_3D ( 'NONE', #4002, #2246, #3930 ) ;
#3099 = CARTESIAN_POINT ( 'NONE',  ( 2.500000000000002220, 2.500000000000002220, 0.0000000000000000000 ) ) ;
#3100 = FILL_AREA_STYLE_COLOUR ( '', #5137 ) ;
#3101 = EDGE_CURVE ( 'NONE', #432, #6152, #6345, .T. ) ;
#3102 = CARTESIAN_POINT ( 'NONE',  ( 1.599999999999999867, -2.200000000000000178, -0.5699999999999999512 ) ) ;
#3103 = FACE_OUTER_BOUND ( 'NONE', #865, .T. ) ;
#3104 = CARTESIAN_POINT ( 'NONE',  ( 1.930905544980987321, -0.8360159872360372058, 0.3000000000000000444 ) ) ;
#3105 = DIRECTION ( 'NONE',  ( -0.0000000000000000000, -0.0000000000000000000, -1.000000000000000000 ) ) ;
#3106 = ORIENTED_EDGE ( 'NONE', *, *, #5112, .F. ) ;
#3107 = AXIS2_PLACEMENT_3D ( 'NONE', #3250, #3880, #2167 ) ;
#3108 = EDGE_CURVE ( 'NONE', #4511, #208, #6247, .T. ) ;
#3109 = DIRECTION ( 'NONE',  ( -0.0000000000000000000, 0.0000000000000000000, 1.000000000000000000 ) ) ;
#3110 = CARTESIAN_POINT ( 'NONE',  ( -2.470127565808668990, -2.099999999999999645, -0.5699999999999999512 ) ) ;
#3111 =( NAMED_UNIT ( * ) PLANE_ANGLE_UNIT ( ) SI_UNIT ( $, .RADIAN. ) );
#3112 = PRESENTATION_STYLE_ASSIGNMENT (( #2611 ) ) ;
#3113 = CARTESIAN_POINT ( 'NONE',  ( 1.412305442492822749, 0.4570589046025523849, 0.3500000000000000333 ) ) ;
#3114 = VERTEX_POINT ( 'NONE', #1062 ) ;
#3115 = STYLED_ITEM ( 'NONE', ( #6422 ), #4461 ) ;
#3116 =( LENGTH_UNIT ( ) NAMED_UNIT ( * ) SI_UNIT ( .MILLI., .METRE. ) );
#3117 = LINE ( 'NONE', #1969, #1124 ) ;
#3118 = ORIENTED_EDGE ( 'NONE', *, *, #6767, .F. ) ;
#3119 = FILL_AREA_STYLE ('',( #4730 ) ) ;
#3120 = ORIENTED_EDGE ( 'NONE', *, *, #1592, .F. ) ;
#3121 = LINE ( 'NONE', #1005, #748 ) ;
#3122 =( LENGTH_UNIT ( ) NAMED_UNIT ( * ) SI_UNIT ( .MILLI., .METRE. ) );
#3123 = ORIENTED_EDGE ( 'NONE', *, *, #4469, .F. ) ;
#3124 = AXIS2_PLACEMENT_3D ( 'NONE', #3637, #918, #2056 ) ;
#3125 = EDGE_CURVE ( 'NONE', #2298, #6652, #2065, .T. ) ;
#3126 = LINE ( 'NONE', #4704, #3740 ) ;
#3127 = EDGE_LOOP ( 'NONE', ( #2986, #4085, #5560, #3092 ) ) ;
#3128 = ORIENTED_EDGE ( 'NONE', *, *, #6574, .F. ) ;
#3129 = AXIS2_PLACEMENT_3D ( 'NONE', #4914, #5881, #5431 ) ;
#3130 = CARTESIAN_POINT ( 'NONE',  ( -0.03316504619021998224, -2.056952929731181712, 0.3500000000000000333 ) ) ;
#3131 =( NAMED_UNIT ( * ) PLANE_ANGLE_UNIT ( ) SI_UNIT ( $, .RADIAN. ) );
#3132 = DIRECTION ( 'NONE',  ( -1.000000000000000000, 0.0000000000000000000, 0.0000000000000000000 ) ) ;
#3133 =( LENGTH_UNIT ( ) NAMED_UNIT ( * ) SI_UNIT ( .MILLI., .METRE. ) );
#3134 = EDGE_CURVE ( 'NONE', #4112, #2934, #5177, .T. ) ;
#3135 = CARTESIAN_POINT ( 'NONE',  ( 0.0000000000000000000, 0.0000000000000000000, 0.4500000000000000666 ) ) ;
#3136 = ORIENTED_EDGE ( 'NONE', *, *, #2774, .F. ) ;
#3137 = CIRCLE ( 'NONE', #697, 0.1000000000000002554 ) ;
#3138 = VECTOR ( 'NONE', #151, 1000.000000000000000 ) ;
#3139 = LINE ( 'NONE', #4611, #2684 ) ;
#3140 = DIRECTION ( 'NONE',  ( 0.05233595624294388321, -0.0000000000000000000, -0.9986295347545739443 ) ) ;
#3141 = AXIS2_PLACEMENT_3D ( 'NONE', #3776, #5890, #127 ) ;
#3142 = CARTESIAN_POINT ( 'NONE',  ( 2.400000000000001243, -1.199999999999999734, -0.7700000000000000178 ) ) ;
#3143 = VECTOR ( 'NONE', #3076, 1000.000000000000000 ) ;
#3144 =( LENGTH_UNIT ( ) NAMED_UNIT ( * ) SI_UNIT ( .MILLI., .METRE. ) );
#3145 = PLANE ( 'NONE',  #4526 ) ;
#3146 = EDGE_CURVE ( 'NONE', #6424, #5423, #4726, .T. ) ;
#3147 = CARTESIAN_POINT ( 'NONE',  ( 2.500000000000001332, -2.099999999999999645, -0.4700000000000001399 ) ) ;
#3148 = PRESENTATION_LAYER_ASSIGNMENT (  '', '', ( #2244 ) ) ;
#3149 = ORIENTED_EDGE ( 'NONE', *, *, #5772, .T. ) ;
#3150 = DIRECTION ( 'NONE',  ( 0.0000000000000000000, 1.000000000000000000, 0.0000000000000000000 ) ) ;
#3151 = DIRECTION ( 'NONE',  ( -0.0000000000000000000, -0.0000000000000000000, -1.000000000000000000 ) ) ;
#3152 = UNCERTAINTY_MEASURE_WITH_UNIT (LENGTH_MEASURE( 1.000000000000000082E-05 ), #5215, 'distance_accuracy_value', 'NONE');
#3153 = CARTESIAN_POINT ( 'NONE',  ( 2.470127565808668990, 1.200000000000000622, -0.5699999999999999512 ) ) ;
#3154 = ADVANCED_FACE ( 'NONE', ( #3183 ), #420, .T. ) ;
#3155 = ORIENTED_EDGE ( 'NONE', *, *, #2774, .T. ) ;
#3156 =( LENGTH_UNIT ( ) NAMED_UNIT ( * ) SI_UNIT ( .MILLI., .METRE. ) );
#3157 = ORIENTED_EDGE ( 'NONE', *, *, #3897, .T. ) ;
#3158 = SURFACE_STYLE_FILL_AREA ( #1036 ) ;
#3159 = LINE ( 'NONE', #1101, #4445 ) ;
#3160 = ORIENTED_EDGE ( 'NONE', *, *, #6324, .F. ) ;
#3161 = AXIS2_PLACEMENT_3D ( 'NONE', #3449, #804, #5057 ) ;
#3162 = DIRECTION ( 'NONE',  ( -0.0000000000000000000, -0.0000000000000000000, -1.000000000000000000 ) ) ;
#3163 = ORIENTED_EDGE ( 'NONE', *, *, #318, .T. ) ;
#3164 = ORIENTED_EDGE ( 'NONE', *, *, #6633, .F. ) ;
#3165 =( GEOMETRIC_REPRESENTATION_CONTEXT ( 3 ) GLOBAL_UNCERTAINTY_ASSIGNED_CONTEXT ( ( #3998 ) ) GLOBAL_UNIT_ASSIGNED_CONTEXT ( ( #1901, #324, #3510 ) ) REPRESENTATION_CONTEXT ( 'NONE', 'WORKASPACE' ) );
#3166 = SURFACE_STYLE_FILL_AREA ( #3833 ) ;
#3167 = FACE_OUTER_BOUND ( 'NONE', #2233, .T. ) ;
#3168 = EDGE_LOOP ( 'NONE', ( #6423, #3841, #4898, #785 ) ) ;
#3169 =( GEOMETRIC_REPRESENTATION_CONTEXT ( 3 ) GLOBAL_UNCERTAINTY_ASSIGNED_CONTEXT ( ( #2154 ) ) GLOBAL_UNIT_ASSIGNED_CONTEXT ( ( #6052, #1368, #2847 ) ) REPRESENTATION_CONTEXT ( 'NONE', 'WORKASPACE' ) );
#3170 = CARTESIAN_POINT ( 'NONE',  ( -2.470127565808668990, -2.199999999999999734, -0.5699999999999999512 ) ) ;
#3171 = EDGE_CURVE ( 'NONE', #2074, #3192, #6421, .T. ) ;
#3172 =( LENGTH_UNIT ( ) NAMED_UNIT ( * ) SI_UNIT ( .MILLI., .METRE. ) );
#3173 = STYLED_ITEM ( 'NONE', ( #4223 ), #2040 ) ;
#3174 = CARTESIAN_POINT ( 'NONE',  ( 1.600000000000000311, 1.099999999999999867, -0.5699999999999999512 ) ) ;
#3175 = CARTESIAN_POINT ( 'NONE',  ( 2.700000000000000622, -1.199999999999999734, -0.5700000000000006173 ) ) ;
#3176 = ORIENTED_EDGE ( 'NONE', *, *, #6531, .T. ) ;
#3177 = SURFACE_SIDE_STYLE ('',( #6520 ) ) ;
#3178 = EDGE_CURVE ( 'NONE', #1125, #4428, #4860, .T. ) ;
#3179 = CARTESIAN_POINT ( 'NONE',  ( -1.700000000000000622, 2.100000000000000089, -0.7699999999999999067 ) ) ;
#3180 = FILL_AREA_STYLE ('',( #2063 ) ) ;
#3181 = CARTESIAN_POINT ( 'NONE',  ( -1.600000000000000311, -2.199999999999999734, -0.5699999999999999512 ) ) ;
#3182 = VECTOR ( 'NONE', #5614, 1000.000000000000114 ) ;
#3183 = FACE_OUTER_BOUND ( 'NONE', #1340, .T. ) ;
#3184 =( GEOMETRIC_REPRESENTATION_CONTEXT ( 3 ) GLOBAL_UNCERTAINTY_ASSIGNED_CONTEXT ( ( #6407 ) ) GLOBAL_UNIT_ASSIGNED_CONTEXT ( ( #1245, #3434, #2271 ) ) REPRESENTATION_CONTEXT ( 'NONE', 'WORKASPACE' ) );
#3185 = CARTESIAN_POINT ( 'NONE',  ( 2.470127565808668990, -2.200000000000000178, -0.5699999999999999512 ) ) ;
#3186 = ORIENTED_EDGE ( 'NONE', *, *, #161, .T. ) ;
#3187 = EDGE_LOOP ( 'NONE', ( #5722, #6366, #4096, #5389, #956, #2416, #3958, #6759, #2855, #5242, #3263, #5801, #1009, #4635, #4291, #2660, #538, #4131, #5649, #103 ) ) ;
#3188 = STYLED_ITEM ( 'NONE', ( #796 ), #2781 ) ;
#3189 = EDGE_CURVE ( 'NONE', #1682, #3192, #3287, .T. ) ;
#3190 = SURFACE_SIDE_STYLE ('',( #3158 ) ) ;
#3191 = SURFACE_SIDE_STYLE ('',( #6353 ) ) ;
#3192 = VERTEX_POINT ( 'NONE', #132 ) ;
#3193 = CARTESIAN_POINT ( 'NONE',  ( -2.400000000000002132, -1.199999999999999734, -0.2999999999999993783 ) ) ;
#3194 = EDGE_LOOP ( 'NONE', ( #989, #2124, #5761, #4206 ) ) ;
#3195 = SURFACE_STYLE_FILL_AREA ( #2149 ) ;
#3196 = DIRECTION ( 'NONE',  ( -9.105833465946933014E-17, -1.000000000000000000, 0.0000000000000000000 ) ) ;
#3197 = VERTEX_POINT ( 'NONE', #5996 ) ;
#3198 = PRESENTATION_LAYER_ASSIGNMENT (  '', '', ( #4217 ) ) ;
#3199 = DIRECTION ( 'NONE',  ( 1.000000000000000000, 0.0000000000000000000, -0.0000000000000000000 ) ) ;
#3200 = UNCERTAINTY_MEASURE_WITH_UNIT (LENGTH_MEASURE( 1.000000000000000082E-05 ), #2577, 'distance_accuracy_value', 'NONE');
#3201 = DIRECTION ( 'NONE',  ( 0.0000000000000000000, -0.0000000000000000000, -1.000000000000000000 ) ) ;
#3202 = CARTESIAN_POINT ( 'NONE',  ( -1.296028625818473667, -0.7287392438591724364, 0.3500000000000000333 ) ) ;
#3203 = DIRECTION ( 'NONE',  ( -1.000000000000000000, 4.818676322157797375E-16, -3.047392128993071134E-15 ) ) ;
#3204 = VECTOR ( 'NONE', #4352, 1000.000000000000000 ) ;
#3205 = CARTESIAN_POINT ( 'NONE',  ( -0.03316504619021998224, -0.1370056143358100720, 0.3500000000000000333 ) ) ;
#3206 = EDGE_CURVE ( 'NONE', #6631, #3057, #4861, .T. ) ;
#3207 = ORIENTED_EDGE ( 'NONE', *, *, #3403, .T. ) ;
#3208 = AXIS2_PLACEMENT_3D ( 'NONE', #3091, #542, #25 ) ;
#3209 = SURFACE_STYLE_USAGE ( .BOTH. , #4400 ) ;
#3210 = DIRECTION ( 'NONE',  ( 0.0000000000000000000, -0.9986295347545739443, -0.05233595624294388321 ) ) ;
#3211 = DIRECTION ( 'NONE',  ( -1.000000000000000000, -8.998760675425412313E-17, 0.0000000000000000000 ) ) ;
#3212 = PLANE ( 'NONE',  #5510 ) ;
#3213 = SURFACE_SIDE_STYLE ('',( #2067 ) ) ;
#3214 = FACE_OUTER_BOUND ( 'NONE', #6536, .T. ) ;
#3215 = ORIENTED_EDGE ( 'NONE', *, *, #1785, .F. ) ;
#3216 = EDGE_CURVE ( 'NONE', #632, #1030, #6488, .T. ) ;
#3217 = ORIENTED_EDGE ( 'NONE', *, *, #4261, .T. ) ;
#3218 = ADVANCED_FACE ( 'NONE', ( #2680, #5893, #4370 ), #3212, .T. ) ;
#3219 = SURFACE_STYLE_FILL_AREA ( #2794 ) ;
#3220 = UNCERTAINTY_MEASURE_WITH_UNIT (LENGTH_MEASURE( 1.000000000000000082E-05 ), #2266, 'distance_accuracy_value', 'NONE');
#3221 = VECTOR ( 'NONE', #4238, 1000.000000000000000 ) ;
#3222 = CARTESIAN_POINT ( 'NONE',  ( -0.9960286258184727348, -0.2870056143358112877, 0.3500000000000000333 ) ) ;
#3223 = CARTESIAN_POINT ( 'NONE',  ( -0.1831650461902210869, -0.2870056143358111767, 0.3000000000000000444 ) ) ;
#3224 = ORIENTED_EDGE ( 'NONE', *, *, #4169, .T. ) ;
#3225 = EDGE_CURVE ( 'NONE', #208, #948, #5407, .T. ) ;
#3226 = DIRECTION ( 'NONE',  ( 0.0000000000000000000, 1.000000000000000000, 0.0000000000000000000 ) ) ;
#3227 = COLOUR_RGB ( '',0.8980392156862745390, 0.9215686274509803377, 0.9294117647058823817 ) ;
#3228 = VERTEX_POINT ( 'NONE', #681 ) ;
#3229 = CARTESIAN_POINT ( 'NONE',  ( 0.4838201673205150821, -0.4871897488101240015, 0.4500000000000000666 ) ) ;
#3230 = FACE_OUTER_BOUND ( 'NONE', #5207, .T. ) ;
#3231 = SURFACE_STYLE_USAGE ( .BOTH. , #2148 ) ;
#3232 =( NAMED_UNIT ( * ) PLANE_ANGLE_UNIT ( ) SI_UNIT ( $, .RADIAN. ) );
#3233 = EDGE_CURVE ( 'NONE', #6650, #5018, #314, .T. ) ;
#3234 = VERTEX_POINT ( 'NONE', #4924 ) ;
#3235 = VECTOR ( 'NONE', #815, 1000.000000000000000 ) ;
#3236 = CARTESIAN_POINT ( 'NONE',  ( -2.430009069179262848, 1.680009069179262848, 0.4000000000000000222 ) ) ;
#3237 = CARTESIAN_POINT ( 'NONE',  ( 2.400000000000001243, 1.200000000000001954, -0.7699999999999999067 ) ) ;
#3238 = DIRECTION ( 'NONE',  ( -0.0000000000000000000, -0.0000000000000000000, -1.000000000000000000 ) ) ;
#3239 = CARTESIAN_POINT ( 'NONE',  ( -1.600000000000000311, -2.199999999999999734, -0.5699999999999999512 ) ) ;
#3240 = DIRECTION ( 'NONE',  ( -0.0000000000000000000, -0.0000000000000000000, -1.000000000000000000 ) ) ;
#3241 = VECTOR ( 'NONE', #772, 1000.000000000000000 ) ;
#3242 = CARTESIAN_POINT ( 'NONE',  ( 2.400000000000001243, 1.200000000000000622, -0.4699999999999998068 ) ) ;
#3243 = ORIENTED_EDGE ( 'NONE', *, *, #5810, .T. ) ;
#3244 = VECTOR ( 'NONE', #5334, 1000.000000000000114 ) ;
#3245 = AXIS2_PLACEMENT_3D ( 'NONE', #22, #5629, #5083 ) ;
#3246 =( LENGTH_UNIT ( ) NAMED_UNIT ( * ) SI_UNIT ( .MILLI., .METRE. ) );
#3247 = SURFACE_STYLE_USAGE ( .BOTH. , #5440 ) ;
#3248 = DIRECTION ( 'NONE',  ( -4.818676322157797375E-16, 1.000000000000000000, 1.751623080406021339E-46 ) ) ;
#3249 =( LENGTH_UNIT ( ) NAMED_UNIT ( * ) SI_UNIT ( .MILLI., .METRE. ) );
#3250 = CARTESIAN_POINT ( 'NONE',  ( 0.0000000000000000000, 0.0000000000000000000, 0.3000000000000000444 ) ) ;
#3251 = ORIENTED_EDGE ( 'NONE', *, *, #2097, .T. ) ;
#3252 = VECTOR ( 'NONE', #5229, 1000.000000000000000 ) ;
#3253 = STYLED_ITEM ( 'NONE', ( #99 ), #6244 ) ;
#3254 = ORIENTED_EDGE ( 'NONE', *, *, #4066, .F. ) ;
#3255 = VECTOR ( 'NONE', #4357, 1000.000000000000000 ) ;
#3256 = ADVANCED_FACE ( 'NONE', ( #3946 ), #2368, .F. ) ;
#3257 = FACE_OUTER_BOUND ( 'NONE', #4561, .T. ) ;
#3258 = SURFACE_STYLE_USAGE ( .BOTH. , #1177 ) ;
#3259 = EDGE_LOOP ( 'NONE', ( #5864, #3922, #5519, #3224 ) ) ;
#3260 = CARTESIAN_POINT ( 'NONE',  ( -2.463314554501873310, 2.199999999999999289, -0.6999999999999999556 ) ) ;
#3261 = EDGE_LOOP ( 'NONE', ( #5190, #4806, #5155, #1945 ) ) ;
#3262 = PRESENTATION_LAYER_ASSIGNMENT (  '', '', ( #1261 ) ) ;
#3263 = ORIENTED_EDGE ( 'NONE', *, *, #2786, .F. ) ;
#3264 = EDGE_CURVE ( 'NONE', #4556, #2377, #6137, .T. ) ;
#3265 = FILL_AREA_STYLE ('',( #4349 ) ) ;
#3266 = AXIS2_PLACEMENT_3D ( 'NONE', #2000, #3042, #4133 ) ;
#3267 = FACE_OUTER_BOUND ( 'NONE', #5832, .T. ) ;
#3268 = CARTESIAN_POINT ( 'NONE',  ( 1.930905544980987543, -2.056952929731181268, 0.3500000000000000333 ) ) ;
#3269 = ORIENTED_EDGE ( 'NONE', *, *, #584, .T. ) ;
#3270 = SURFACE_SIDE_STYLE ('',( #78 ) ) ;
#3271 = FILL_AREA_STYLE ('',( #1154 ) ) ;
#3272 = ORIENTED_EDGE ( 'NONE', *, *, #4430, .T. ) ;
#3273 = AXIS2_PLACEMENT_3D ( 'NONE', #5710, #3073, #1503 ) ;
#3274 = CARTESIAN_POINT ( 'NONE',  ( -1.700000000000000400, -2.099999999999999645, -0.5699999999999999512 ) ) ;
#3275 = EDGE_CURVE ( 'NONE', #4216, #5588, #4507, .T. ) ;
#3276 = UNCERTAINTY_MEASURE_WITH_UNIT (LENGTH_MEASURE( 1.000000000000000082E-05 ), #5625, 'distance_accuracy_value', 'NONE');
#3277 = PRESENTATION_STYLE_ASSIGNMENT (( #1118 ) ) ;
#3278 = DIRECTION ( 'NONE',  ( 1.971276677246371272E-16, 1.000000000000000000, 0.0000000000000000000 ) ) ;
#3279 = LINE ( 'NONE', #1572, #431 ) ;
#3280 = SURFACE_STYLE_FILL_AREA ( #568 ) ;
#3281 = MECHANICAL_DESIGN_GEOMETRIC_PRESENTATION_REPRESENTATION (  '', ( #2378 ), #5279 ) ;
#3282 = CARTESIAN_POINT ( 'NONE',  ( 2.486873320506370000, -1.199999999999999734, -0.2504719656739949341 ) ) ;
#3283 = ORIENTED_EDGE ( 'NONE', *, *, #2326, .F. ) ;
#3284 = AXIS2_PLACEMENT_3D ( 'NONE', #5786, #6207, #6308 ) ;
#3285 =( LENGTH_UNIT ( ) NAMED_UNIT ( * ) SI_UNIT ( .MILLI., .METRE. ) );
#3286 = DIRECTION ( 'NONE',  ( 0.0000000000000000000, -0.0000000000000000000, -1.000000000000000000 ) ) ;
#3287 = LINE ( 'NONE', #5471, #5739 ) ;
#3288 = DIRECTION ( 'NONE',  ( -0.0000000000000000000, -0.0000000000000000000, -1.000000000000000000 ) ) ;
#3289 = SURFACE_STYLE_USAGE ( .BOTH. , #2682 ) ;
#3290 = ORIENTED_EDGE ( 'NONE', *, *, #1862, .F. ) ;
#3291 = PRESENTATION_LAYER_ASSIGNMENT (  '', '', ( #3849 ) ) ;
#3292 = ORIENTED_EDGE ( 'NONE', *, *, #6633, .T. ) ;
#3293 = ORIENTED_EDGE ( 'NONE', *, *, #44, .T. ) ;
#3294 = STYLED_ITEM ( 'NONE', ( #5448 ), #2881 ) ;
#3295 = DIRECTION ( 'NONE',  ( -1.000000000000000000, 2.710505431213759113E-16, -0.0000000000000000000 ) ) ;
#3296 = VECTOR ( 'NONE', #5383, 1000.000000000000000 ) ;
#3297 = UNCERTAINTY_MEASURE_WITH_UNIT (LENGTH_MEASURE( 1.000000000000000082E-05 ), #6097, 'distance_accuracy_value', 'NONE');
#3298 = AXIS2_PLACEMENT_3D ( 'NONE', #530, #2633, #4351 ) ;
#3299 = ORIENTED_EDGE ( 'NONE', *, *, #3755, .F. ) ;
#3300 = CARTESIAN_POINT ( 'NONE',  ( 0.0000000000000000000, -1.199999999999999734, -0.5699999999999999512 ) ) ;
#3301 = ORIENTED_EDGE ( 'NONE', *, *, #1313, .T. ) ;
#3302 = AXIS2_PLACEMENT_3D ( 'NONE', #5238, #481, #4236 ) ;
#3303 = STYLED_ITEM ( 'NONE', ( #1213 ), #2453 ) ;
#3304 = ADVANCED_FACE ( 'NONE', ( #6098 ), #1853, .F. ) ;
#3305 = ORIENTED_EDGE ( 'NONE', *, *, #4931, .F. ) ;
#3306 = CARTESIAN_POINT ( 'NONE',  ( 1.412305442492822971, -0.6860159872360371835, 0.3000000000000000444 ) ) ;
#3307 = STYLED_ITEM ( 'NONE', ( #5592 ), #2792 ) ;
#3308 = CARTESIAN_POINT ( 'NONE',  ( -2.500000000000002220, 2.500000000000002220, 0.0000000000000000000 ) ) ;
#3309 =( LENGTH_UNIT ( ) NAMED_UNIT ( * ) SI_UNIT ( .MILLI., .METRE. ) );
#3310 =( LENGTH_UNIT ( ) NAMED_UNIT ( * ) SI_UNIT ( .MILLI., .METRE. ) );
#3311 = ORIENTED_EDGE ( 'NONE', *, *, #3422, .T. ) ;
#3312 = EDGE_CURVE ( 'NONE', #524, #5103, #2089, .T. ) ;
#3313 = VECTOR ( 'NONE', #6038, 1000.000000000000000 ) ;
#3314 = SURFACE_STYLE_FILL_AREA ( #3730 ) ;
#3315 = ADVANCED_FACE ( 'NONE', ( #2027 ), #3606, .F. ) ;
#3316 = CARTESIAN_POINT ( 'NONE',  ( -0.5500000000000001554, 2.254834989607331863, -0.5699999999999999512 ) ) ;
#3317 = PLANE ( 'NONE',  #5257 ) ;
#3318 = DIRECTION ( 'NONE',  ( 0.0000000000000000000, 1.000000000000000000, 0.0000000000000000000 ) ) ;
#3319 = DIRECTION ( 'NONE',  ( 0.0000000000000000000, 0.0000000000000000000, 1.000000000000000000 ) ) ;
#3320 = ADVANCED_FACE ( 'NONE', ( #1020 ), #3145, .F. ) ;
#3321 = ORIENTED_EDGE ( 'NONE', *, *, #267, .T. ) ;
#3322 = FACE_OUTER_BOUND ( 'NONE', #1510, .T. ) ;
#3323 =( LENGTH_UNIT ( ) NAMED_UNIT ( * ) SI_UNIT ( .MILLI., .METRE. ) );
#3324 = AXIS2_PLACEMENT_3D ( 'NONE', #3621, #5186, #2461 ) ;
#3325 = DIRECTION ( 'NONE',  ( 0.0000000000000000000, -1.000000000000000000, 0.0000000000000000000 ) ) ;
#3326 = DIRECTION ( 'NONE',  ( -0.05233595624294388321, 0.0000000000000000000, 0.9986295347545739443 ) ) ;
#3327 = CARTESIAN_POINT ( 'NONE',  ( -2.400000000000001243, 2.100000000000000089, -0.5699999999999999512 ) ) ;
#3328 = EDGE_LOOP ( 'NONE', ( #5282, #1412, #3889, #1947, #896, #4963, #5249, #2145, #495 ) ) ;
#3329 = ORIENTED_EDGE ( 'NONE', *, *, #2070, .T. ) ;
#3330 = PRESENTATION_LAYER_ASSIGNMENT (  '', '', ( #3993 ) ) ;
#3331 = ORIENTED_EDGE ( 'NONE', *, *, #5896, .F. ) ;
#3332 = DIRECTION ( 'NONE',  ( -1.000000000000000000, 4.818676322157797375E-16, -3.043374519257556424E-15 ) ) ;
#3333 = SURFACE_STYLE_USAGE ( .BOTH. , #3190 ) ;
#3334 = AXIS2_PLACEMENT_3D ( 'NONE', #6802, #5077, #6743 ) ;
#3335 = SURFACE_STYLE_FILL_AREA ( #2376 ) ;
#3336 = ORIENTED_EDGE ( 'NONE', *, *, #1524, .F. ) ;
#3337 = SURFACE_STYLE_USAGE ( .BOTH. , #2903 ) ;
#3338 = EDGE_LOOP ( 'NONE', ( #5716, #1291, #1833, #5694 ) ) ;
#3339 = ORIENTED_EDGE ( 'NONE', *, *, #2749, .T. ) ;
#3340 = VECTOR ( 'NONE', #4570, 1000.000000000000000 ) ;
#3341 = CARTESIAN_POINT ( 'NONE',  ( 0.4838201673205150821, -0.2871897488101240459, 0.3500000000000000333 ) ) ;
#3342 = ADVANCED_FACE ( 'NONE', ( #6272 ), #1508, .T. ) ;
#3343 = DIRECTION ( 'NONE',  ( 0.0000000000000000000, 1.000000000000000000, 0.0000000000000000000 ) ) ;
#3344 = SURFACE_STYLE_USAGE ( .BOTH. , #4457 ) ;
#3345 = PRESENTATION_STYLE_ASSIGNMENT (( #595 ) ) ;
#3346 = VERTEX_POINT ( 'NONE', #4092 ) ;
#3347 = DIRECTION ( 'NONE',  ( 0.0000000000000000000, 1.000000000000000000, 0.0000000000000000000 ) ) ;
#3348 = ADVANCED_FACE ( 'NONE', ( #5749 ), #4754, .T. ) ;
#3349 = LINE ( 'NONE', #3239, #2139 ) ;
#3350 = LINE ( 'NONE', #5990, #430 ) ;
#3351 = DIRECTION ( 'NONE',  ( -1.000000000000000000, -0.0000000000000000000, -0.0000000000000000000 ) ) ;
#3352 = LINE ( 'NONE', #3979, #5917 ) ;
#3353 =( NAMED_UNIT ( * ) SI_UNIT ( $, .STERADIAN. ) SOLID_ANGLE_UNIT ( ) );
#3354 = FACE_OUTER_BOUND ( 'NONE', #5627, .T. ) ;
#3355 = SURFACE_SIDE_STYLE ('',( #3906 ) ) ;
#3356 = EDGE_CURVE ( 'NONE', #5898, #37, #1708, .T. ) ;
#3357 = FILL_AREA_STYLE ('',( #4894 ) ) ;
#3358 = FILL_AREA_STYLE_COLOUR ( '', #1333 ) ;
#3359 = ORIENTED_EDGE ( 'NONE', *, *, #5487, .F. ) ;
#3360 = VECTOR ( 'NONE', #1655, 1000.000000000000000 ) ;
#3361 = ORIENTED_EDGE ( 'NONE', *, *, #3366, .F. ) ;
#3362 = EDGE_LOOP ( 'NONE', ( #4346, #1683, #3782, #4831 ) ) ;
#3363 = CARTESIAN_POINT ( 'NONE',  ( 0.2103187164337326220, 2.110000814877110997, 0.3500000000000000333 ) ) ;
#3364 = PRESENTATION_STYLE_ASSIGNMENT (( #6389 ) ) ;
#3365 = UNCERTAINTY_MEASURE_WITH_UNIT (LENGTH_MEASURE( 1.000000000000000082E-05 ), #3939, 'distance_accuracy_value', 'NONE');
#3366 = EDGE_CURVE ( 'NONE', #6424, #2313, #5300, .T. ) ;
#3367 = FILL_AREA_STYLE_COLOUR ( '', #2721 ) ;
#3368 = VECTOR ( 'NONE', #1016, 1000.000000000000000 ) ;
#3369 = AXIS2_PLACEMENT_3D ( 'NONE', #4615, #886, #6591 ) ;
#3370 =( LENGTH_UNIT ( ) NAMED_UNIT ( * ) SI_UNIT ( .MILLI., .METRE. ) );
#3371 = ORIENTED_EDGE ( 'NONE', *, *, #6028, .F. ) ;
#3372 = VECTOR ( 'NONE', #4152, 1000.000000000000000 ) ;
#3373 = EDGE_LOOP ( 'NONE', ( #2178, #4246, #5943, #2874 ) ) ;
#3374 = FILL_AREA_STYLE ('',( #1286 ) ) ;
#3375 = SURFACE_SIDE_STYLE ('',( #2910 ) ) ;
#3376 = EDGE_LOOP ( 'NONE', ( #4340, #5054, #6675, #5317, #4074, #3912 ) ) ;
#3377 = VECTOR ( 'NONE', #2095, 1000.000000000000000 ) ;
#3378 = DIRECTION ( 'NONE',  ( 0.0000000000000000000, -0.0000000000000000000, 1.000000000000000000 ) ) ;
#3379 = DIRECTION ( 'NONE',  ( 1.000000000000000000, 0.0000000000000000000, -0.0000000000000000000 ) ) ;
#3380 = ORIENTED_EDGE ( 'NONE', *, *, #3963, .T. ) ;
#3381 = FILL_AREA_STYLE_COLOUR ( '', #4161 ) ;
#3382 = DIRECTION ( 'NONE',  ( -0.0000000000000000000, -0.0000000000000000000, -1.000000000000000000 ) ) ;
#3383 = DIRECTION ( 'NONE',  ( 0.0000000000000000000, 0.0000000000000000000, 1.000000000000000000 ) ) ;
#3384 = DIRECTION ( 'NONE',  ( -0.0000000000000000000, -0.0000000000000000000, -1.000000000000000000 ) ) ;
#3385 = PRESENTATION_STYLE_ASSIGNMENT (( #1260 ) ) ;
#3386 = VECTOR ( 'NONE', #5880, 1000.000000000000000 ) ;
#3387 = EDGE_CURVE ( 'NONE', #5210, #5812, #5085, .T. ) ;
#3388 = CARTESIAN_POINT ( 'NONE',  ( 2.463314554501873310, 0.0000000000000000000, -0.6999999999999999556 ) ) ;
#3389 = CARTESIAN_POINT ( 'NONE',  ( -0.5500000000000002665, -2.240667692902679420, -0.5699999999999999512 ) ) ;
#3390 = VECTOR ( 'NONE', #3436, 1000.000000000000000 ) ;
#3391 = CARTESIAN_POINT ( 'NONE',  ( 1.700000000000000400, -2.099999999999999645, -0.7699999999999999067 ) ) ;
#3392 = ORIENTED_EDGE ( 'NONE', *, *, #2756, .T. ) ;
#3393 = VECTOR ( 'NONE', #509, 1000.000000000000000 ) ;
#3394 = ORIENTED_EDGE ( 'NONE', *, *, #79, .F. ) ;
#3395 = EDGE_CURVE ( 'NONE', #1473, #3715, #92, .T. ) ;
#3396 = ORIENTED_EDGE ( 'NONE', *, *, #5338, .T. ) ;
#3397 = CARTESIAN_POINT ( 'NONE',  ( -2.400000000000001243, 2.100000000000000089, -0.7700000000000000178 ) ) ;
#3398 = LINE ( 'NONE', #4024, #5733 ) ;
#3399 = COLOUR_RGB ( '',1.000000000000000000, 1.000000000000000000, 1.000000000000000000 ) ;
#3400 =( NAMED_UNIT ( * ) SI_UNIT ( $, .STERADIAN. ) SOLID_ANGLE_UNIT ( ) );
#3401 = ORIENTED_EDGE ( 'NONE', *, *, #3615, .T. ) ;
#3402 = SURFACE_SIDE_STYLE ('',( #4065 ) ) ;
#3403 = EDGE_CURVE ( 'NONE', #2306, #1358, #2733, .T. ) ;
#3404 = VECTOR ( 'NONE', #5318, 1000.000000000000000 ) ;
#3405 =( GEOMETRIC_REPRESENTATION_CONTEXT ( 3 ) GLOBAL_UNCERTAINTY_ASSIGNED_CONTEXT ( ( #3152 ) ) GLOBAL_UNIT_ASSIGNED_CONTEXT ( ( #5215, #1941, #5246 ) ) REPRESENTATION_CONTEXT ( 'NONE', 'WORKASPACE' ) );
#3406 = FACE_OUTER_BOUND ( 'NONE', #1529, .T. ) ;
#3407 = CARTESIAN_POINT ( 'NONE',  ( 2.700000000000002842, -2.099999999999999645, -6.982962677686266711E-16 ) ) ;
#3408 = ORIENTED_EDGE ( 'NONE', *, *, #2272, .T. ) ;
#3409 = CARTESIAN_POINT ( 'NONE',  ( -1.146028625818473756, -0.1370056143358102385, 0.3000000000000000444 ) ) ;
#3410 = FILL_AREA_STYLE ('',( #220 ) ) ;
#3411 = VECTOR ( 'NONE', #2158, 1000.000000000000000 ) ;
#3412 = PRESENTATION_LAYER_ASSIGNMENT (  '', '', ( #5309 ) ) ;
#3413 = DIRECTION ( 'NONE',  ( 1.000000000000000000, -1.522241498270670007E-16, 0.0000000000000000000 ) ) ;
#3414 = CARTESIAN_POINT ( 'NONE',  ( 1.700000000000000622, 2.100000000000000089, -0.5699999999999999512 ) ) ;
#3415 = FILL_AREA_STYLE ('',( #5498 ) ) ;
#3416 = DIRECTION ( 'NONE',  ( 1.000000000000000000, 4.818676322157797375E-16, -3.047392128993071134E-15 ) ) ;
#3417 = CARTESIAN_POINT ( 'NONE',  ( -1.296028625818473667, 0.6751250982098668807, 0.3500000000000000333 ) ) ;
#3418 = DIRECTION ( 'NONE',  ( 1.000000000000000000, 0.0000000000000000000, 0.0000000000000000000 ) ) ;
#3419 = CARTESIAN_POINT ( 'NONE',  ( -2.400000000000001243, -1.199999999999999734, -0.5699999999999999512 ) ) ;
#3420 = SURFACE_STYLE_USAGE ( .BOTH. , #3355 ) ;
#3421 = CARTESIAN_POINT ( 'NONE',  ( -2.463314554501873754, -2.463314554501873754, -0.6999999999999999556 ) ) ;
#3422 = EDGE_CURVE ( 'NONE', #6812, #6415, #4361, .T. ) ;
#3423 = CARTESIAN_POINT ( 'NONE',  ( -0.5500000000000001554, 2.254834989607331863, -0.6999999999999999556 ) ) ;
#3424 = ORIENTED_EDGE ( 'NONE', *, *, #5728, .T. ) ;
#3425 = VERTEX_POINT ( 'NONE', #5885 ) ;
#3426 = MECHANICAL_DESIGN_GEOMETRIC_PRESENTATION_REPRESENTATION (  '', ( #110 ), #5533 ) ;
#3427 = DIRECTION ( 'NONE',  ( -0.0000000000000000000, -0.0000000000000000000, -1.000000000000000000 ) ) ;
#3428 = PLANE ( 'NONE',  #245 ) ;
#3429 = FACE_BOUND ( 'NONE', #5367, .T. ) ;
#3430 = EDGE_CURVE ( 'NONE', #5219, #2333, #4299, .T. ) ;
#3431 = SURFACE_SIDE_STYLE ('',( #2862 ) ) ;
#3432 = ORIENTED_EDGE ( 'NONE', *, *, #6419, .T. ) ;
#3433 = AXIS2_PLACEMENT_3D ( 'NONE', #170, #3911, #2201 ) ;
#3434 =( NAMED_UNIT ( * ) PLANE_ANGLE_UNIT ( ) SI_UNIT ( $, .RADIAN. ) );
#3435 = ADVANCED_FACE ( 'NONE', ( #4783 ), #1197, .F. ) ;
#3436 = DIRECTION ( 'NONE',  ( 2.710505431213761578E-16, -1.000000000000000000, 0.0000000000000000000 ) ) ;
#3437 = EDGE_LOOP ( 'NONE', ( #4191, #4003, #1521, #6331 ) ) ;
#3438 = UNCERTAINTY_MEASURE_WITH_UNIT (LENGTH_MEASURE( 1.000000000000000082E-05 ), #5202, 'distance_accuracy_value', 'NONE');
#3439 = AXIS2_PLACEMENT_3D ( 'NONE', #1480, #389, #5757 ) ;
#3440 = CARTESIAN_POINT ( 'NONE',  ( -1.700000000000000622, -1.199999999999999734, -0.7699999999999999067 ) ) ;
#3441 = ADVANCED_FACE ( 'NONE', ( #1599 ), #3737, .F. ) ;
#3442 = DIRECTION ( 'NONE',  ( 1.000000000000000000, 0.0000000000000000000, -3.252606517456519613E-15 ) ) ;
#3443 = DIRECTION ( 'NONE',  ( -0.0000000000000000000, -0.0000000000000000000, -1.000000000000000000 ) ) ;
#3444 = ORIENTED_EDGE ( 'NONE', *, *, #6099, .F. ) ;
#3445 =( NAMED_UNIT ( * ) PLANE_ANGLE_UNIT ( ) SI_UNIT ( $, .RADIAN. ) );
#3446 = EDGE_LOOP ( 'NONE', ( #6458, #5178, #3269, #6120 ) ) ;
#3447 = EDGE_LOOP ( 'NONE', ( #5681, #2203, #2824, #528 ) ) ;
#3448 = LINE ( 'NONE', #5561, #1920 ) ;
#3449 = CARTESIAN_POINT ( 'NONE',  ( 0.5500000000000001554, 1.049999999999999822, -0.5699999999999999512 ) ) ;
#3450 = SURFACE_SIDE_STYLE ('',( #1840 ) ) ;
#3451 = COLOUR_RGB ( '',1.000000000000000000, 0.0000000000000000000, 0.0000000000000000000 ) ;
#3452 = EDGE_CURVE ( 'NONE', #3095, #6650, #2778, .T. ) ;
#3453 = LINE ( 'NONE', #807, #1623 ) ;
#3454 = DIRECTION ( 'NONE',  ( 0.0000000000000000000, -1.000000000000000000, 0.0000000000000000000 ) ) ;
#3455 = STYLED_ITEM ( 'NONE', ( #4922 ), #5176 ) ;
#3456 = PRESENTATION_STYLE_ASSIGNMENT (( #1848 ) ) ;
#3457 = CARTESIAN_POINT ( 'NONE',  ( -0.5500000000000001554, -1.049999999999999822, -0.6999999999999999556 ) ) ;
#3458 = LINE ( 'NONE', #5571, #3235 ) ;
#3459 = VECTOR ( 'NONE', #2998, 1000.000000000000000 ) ;
#3460 = PLANE ( 'NONE',  #2429 ) ;
#3461 = ORIENTED_EDGE ( 'NONE', *, *, #3146, .F. ) ;
#3462 = VERTEX_POINT ( 'NONE', #6516 ) ;
#3463 = PRESENTATION_LAYER_ASSIGNMENT (  '', '', ( #801 ) ) ;
#3464 = DIRECTION ( 'NONE',  ( 0.0000000000000000000, -1.000000000000000000, 0.0000000000000000000 ) ) ;
#3465 = DIRECTION ( 'NONE',  ( -1.000000000000000000, 0.0000000000000000000, -3.252606517456519613E-15 ) ) ;
#3466 = LINE ( 'NONE', #3010, #651 ) ;
#3467 = EDGE_LOOP ( 'NONE', ( #6869, #6820, #3750, #5041, #1931, #6392, #2195, #3622, #5074 ) ) ;
#3468 = DIRECTION ( 'NONE',  ( 1.000000000000000000, 0.0000000000000000000, 0.0000000000000000000 ) ) ;
#3469 = EDGE_CURVE ( 'NONE', #115, #1589, #1747, .T. ) ;
#3470 = PRESENTATION_LAYER_ASSIGNMENT (  '', '', ( #4706 ) ) ;
#3471 = COLOUR_RGB ( '',0.8980392156862745390, 0.9215686274509803377, 0.9294117647058823817 ) ;
#3472 = SURFACE_STYLE_USAGE ( .BOTH. , #2347 ) ;
#3473 = DIRECTION ( 'NONE',  ( -1.000000000000000000, -1.896992367213331698E-16, 0.0000000000000000000 ) ) ;
#3474 = LINE ( 'NONE', #5488, #1618 ) ;
#3475 = FILL_AREA_STYLE ('',( #5456 ) ) ;
#3476 = VERTEX_POINT ( 'NONE', #226 ) ;
#3477 = DIRECTION ( 'NONE',  ( 0.0000000000000000000, 1.000000000000000000, 0.0000000000000000000 ) ) ;
#3478 =( NAMED_UNIT ( * ) SI_UNIT ( $, .STERADIAN. ) SOLID_ANGLE_UNIT ( ) );
#3479 = ORIENTED_EDGE ( 'NONE', *, *, #467, .F. ) ;
#3480 = STYLED_ITEM ( 'NONE', ( #5326 ), #388 ) ;
#3481 = AXIS2_PLACEMENT_3D ( 'NONE', #1887, #376, #4506 ) ;
#3482 = EDGE_LOOP ( 'NONE', ( #6121, #3693, #2791, #1271 ) ) ;
#3483 = EDGE_CURVE ( 'NONE', #5708, #137, #4569, .T. ) ;
#3484 = CARTESIAN_POINT ( 'NONE',  ( 0.2103187164337326220, 2.110000814877110997, 0.3000000000000000444 ) ) ;
#3485 = PRESENTATION_STYLE_ASSIGNMENT (( #4987 ) ) ;
#3486 = CARTESIAN_POINT ( 'NONE',  ( -1.146028625818473756, -0.7287392438591713262, 0.3500000000000000333 ) ) ;
#3487 = VECTOR ( 'NONE', #3427, 1000.000000000000000 ) ;
#3488 =( GEOMETRIC_REPRESENTATION_CONTEXT ( 3 ) GLOBAL_UNCERTAINTY_ASSIGNED_CONTEXT ( ( #5513 ) ) GLOBAL_UNIT_ASSIGNED_CONTEXT ( ( #3144, #3111, #5299 ) ) REPRESENTATION_CONTEXT ( 'NONE', 'WORKASPACE' ) );
#3489 = CYLINDRICAL_SURFACE ( 'NONE', #5199, 0.1000000000000002554 ) ;
#3490 = CARTESIAN_POINT ( 'NONE',  ( 1.600000000000000089, -1.099999999999999867, -0.6999999999999999556 ) ) ;
#3491 = CARTESIAN_POINT ( 'NONE',  ( -2.500000000000000444, 2.100000000000000089, -0.5699999999999999512 ) ) ;
#3492 = PRESENTATION_LAYER_ASSIGNMENT (  '', '', ( #715 ) ) ;
#3493 = EDGE_CURVE ( 'NONE', #4700, #1445, #6548, .T. ) ;
#3494 = CARTESIAN_POINT ( 'NONE',  ( 0.4838201673205150821, 1.116322564166215559, 0.3500000000000000333 ) ) ;
#3495 = UNCERTAINTY_MEASURE_WITH_UNIT (LENGTH_MEASURE( 1.000000000000000082E-05 ), #1595, 'distance_accuracy_value', 'NONE');
#3496 = CARTESIAN_POINT ( 'NONE',  ( 2.486873320506370000, -1.199999999999999734, -0.2504719656739949341 ) ) ;
#3497 = CARTESIAN_POINT ( 'NONE',  ( -2.500000000000002220, -1.199999999999999734, 0.0000000000000000000 ) ) ;
#3498 = DIRECTION ( 'NONE',  ( 1.971276677246371272E-16, 1.000000000000000000, 0.0000000000000000000 ) ) ;
#3499 = AXIS2_PLACEMENT_3D ( 'NONE', #5360, #88, #2188 ) ;
#3500 = LINE ( 'NONE', #3423, #5991 ) ;
#3501 = EDGE_LOOP ( 'NONE', ( #6376, #1305, #5381, #4453 ) ) ;
#3502 = COLOUR_RGB ( '',0.8980392156862745390, 0.9215686274509803377, 0.9294117647058823817 ) ;
#3503 = ORIENTED_EDGE ( 'NONE', *, *, #3831, .F. ) ;
#3504 = LINE ( 'NONE', #786, #2363 ) ;
#3505 = DIRECTION ( 'NONE',  ( 0.0000000000000000000, -1.000000000000000000, 0.0000000000000000000 ) ) ;
#3506 = CARTESIAN_POINT ( 'NONE',  ( 0.5500000000000001554, 2.254834989607331863, -0.5699999999999999512 ) ) ;
#3507 = SURFACE_SIDE_STYLE ('',( #2555 ) ) ;
#3508 = EDGE_LOOP ( 'NONE', ( #253, #6032, #5152, #3380 ) ) ;
#3509 = VECTOR ( 'NONE', #475, 1000.000000000000000 ) ;
#3510 =( NAMED_UNIT ( * ) SI_UNIT ( $, .STERADIAN. ) SOLID_ANGLE_UNIT ( ) );
#3511 = ORIENTED_EDGE ( 'NONE', *, *, #2749, .F. ) ;
#3512 = PRESENTATION_LAYER_ASSIGNMENT (  '', '', ( #6738 ) ) ;
#3513 = UNCERTAINTY_MEASURE_WITH_UNIT (LENGTH_MEASURE( 1.000000000000000082E-05 ), #3556, 'distance_accuracy_value', 'NONE');
#3514 = CARTESIAN_POINT ( 'NONE',  ( -0.03316504619021998224, -2.056952929731181712, 0.3500000000000000333 ) ) ;
#3515 = ORIENTED_EDGE ( 'NONE', *, *, #1857, .F. ) ;
#3516 = EDGE_CURVE ( 'NONE', #3462, #1790, #1915, .T. ) ;
#3517 = CARTESIAN_POINT ( 'NONE',  ( -2.463314554501873310, 0.0000000000000000000, -0.6999999999999999556 ) ) ;
#3518 = AXIS2_PLACEMENT_3D ( 'NONE', #1873, #4427, #2913 ) ;
#3519 = ORIENTED_EDGE ( 'NONE', *, *, #4118, .T. ) ;
#3520 = DIRECTION ( 'NONE',  ( 3.043374519257556424E-15, 0.0000000000000000000, -1.000000000000000000 ) ) ;
#3521 = FILL_AREA_STYLE ('',( #5157 ) ) ;
#3522 = PRESENTATION_LAYER_ASSIGNMENT (  '', '', ( #199 ) ) ;
#3523 = CARTESIAN_POINT ( 'NONE',  ( 0.2838201673205150710, -0.4871897488101240015, 0.3500000000000000333 ) ) ;
#3524 = VECTOR ( 'NONE', #5189, 1000.000000000000000 ) ;
#3525 =( NAMED_UNIT ( * ) PLANE_ANGLE_UNIT ( ) SI_UNIT ( $, .RADIAN. ) );
#3526 = SURFACE_SIDE_STYLE ('',( #5640 ) ) ;
#3527 = CARTESIAN_POINT ( 'NONE',  ( 0.2103187164337326220, 2.110000814877110997, 0.3500000000000000333 ) ) ;
#3528 = EDGE_CURVE ( 'NONE', #4123, #3425, #4991, .T. ) ;
#3529 = DIRECTION ( 'NONE',  ( 3.043374519257556424E-15, -0.0000000000000000000, -1.000000000000000000 ) ) ;
#3530 = AXIS2_PLACEMENT_3D ( 'NONE', #4536, #3940, #4433 ) ;
#3531 = COLOUR_RGB ( '',0.8980392156862745390, 0.9215686274509803377, 0.9294117647058823817 ) ;
#3532 = ADVANCED_FACE ( 'NONE', ( #263 ), #3489, .F. ) ;
#3533 = LINE ( 'NONE', #881, #3368 ) ;
#3534 = PRESENTATION_STYLE_ASSIGNMENT (( #5099 ) ) ;
#3535 = CARTESIAN_POINT ( 'NONE',  ( -1.296028625818474778, -0.8787392438591723476, 0.3500000000000000333 ) ) ;
#3536 = DIRECTION ( 'NONE',  ( 0.0000000000000000000, -1.000000000000000000, 0.0000000000000000000 ) ) ;
#3537 = EDGE_CURVE ( 'NONE', #6463, #1417, #3350, .T. ) ;
#3538 =( NAMED_UNIT ( * ) PLANE_ANGLE_UNIT ( ) SI_UNIT ( $, .RADIAN. ) );
#3539 = ORIENTED_EDGE ( 'NONE', *, *, #5150, .F. ) ;
#3540 = ORIENTED_EDGE ( 'NONE', *, *, #5264, .F. ) ;
#3541 = DIRECTION ( 'NONE',  ( -1.000000000000000000, 1.971276677246371272E-16, 0.0000000000000000000 ) ) ;
#3542 = SURFACE_STYLE_FILL_AREA ( #787 ) ;
#3543 = DIRECTION ( 'NONE',  ( 0.0000000000000000000, 1.000000000000000000, 0.0000000000000000000 ) ) ;
#3544 = FILL_AREA_STYLE_COLOUR ( '', #1221 ) ;
#3545 = ORIENTED_EDGE ( 'NONE', *, *, #3452, .T. ) ;
#3546 = CARTESIAN_POINT ( 'NONE',  ( 0.0000000000000000000, 0.0000000000000000000, 0.4500000000000000666 ) ) ;
#3547 = ORIENTED_EDGE ( 'NONE', *, *, #101, .F. ) ;
#3548 = CYLINDRICAL_SURFACE ( 'NONE', #2581, 0.1500000000000000222 ) ;
#3549 = DIRECTION ( 'NONE',  ( 0.0000000000000000000, 0.0000000000000000000, -1.000000000000000000 ) ) ;
#3550 = AXIS2_PLACEMENT_3D ( 'NONE', #6542, #153, #4983 ) ;
#3551 = SURFACE_STYLE_USAGE ( .BOTH. , #2011 ) ;
#3552 = ORIENTED_EDGE ( 'NONE', *, *, #4204, .F. ) ;
#3553 = CARTESIAN_POINT ( 'NONE',  ( -0.03316504619021998224, 2.110000814877110997, 0.3500000000000000333 ) ) ;
#3554 = ORIENTED_EDGE ( 'NONE', *, *, #464, .F. ) ;
#3555 = VECTOR ( 'NONE', #5870, 1000.000000000000000 ) ;
#3556 =( LENGTH_UNIT ( ) NAMED_UNIT ( * ) SI_UNIT ( .MILLI., .METRE. ) );
#3557 = DIRECTION ( 'NONE',  ( -0.0000000000000000000, -0.0000000000000000000, -1.000000000000000000 ) ) ;
#3558 =( LENGTH_UNIT ( ) NAMED_UNIT ( * ) SI_UNIT ( .MILLI., .METRE. ) );
#3559 = PRESENTATION_STYLE_ASSIGNMENT (( #5126 ) ) ;
#3560 = CARTESIAN_POINT ( 'NONE',  ( 2.500000000000002220, 2.100000000000000089, 0.0000000000000000000 ) ) ;
#3561 = CARTESIAN_POINT ( 'NONE',  ( 2.470127565808668990, 2.500000000000002220, -0.5699999999999999512 ) ) ;
#3562 = ORIENTED_EDGE ( 'NONE', *, *, #3943, .T. ) ;
#3563 = FACE_OUTER_BOUND ( 'NONE', #1413, .T. ) ;
#3564 = STYLED_ITEM ( 'NONE', ( #716 ), #4593 ) ;
#3565 = EDGE_CURVE ( 'NONE', #3835, #4544, #1775, .T. ) ;
#3566 = CARTESIAN_POINT ( 'NONE',  ( -0.5500000000000001554, -1.049999999999999822, -0.5699999999999999512 ) ) ;
#3567 =( LENGTH_UNIT ( ) NAMED_UNIT ( * ) SI_UNIT ( .MILLI., .METRE. ) );
#3568 = SURFACE_STYLE_FILL_AREA ( #6790 ) ;
#3569 = LINE ( 'NONE', #6792, #925 ) ;
#3570 = SURFACE_STYLE_FILL_AREA ( #508 ) ;
#3571 =( NAMED_UNIT ( * ) SI_UNIT ( $, .STERADIAN. ) SOLID_ANGLE_UNIT ( ) );
#3572 = COLOUR_RGB ( '',1.000000000000000000, 1.000000000000000000, 1.000000000000000000 ) ;
#3573 = ORIENTED_EDGE ( 'NONE', *, *, #5987, .T. ) ;
#3574 = EDGE_CURVE ( 'NONE', #492, #3197, #5606, .T. ) ;
#3575 = DIRECTION ( 'NONE',  ( -0.0000000000000000000, -0.0000000000000000000, -1.000000000000000000 ) ) ;
#3576 = DIRECTION ( 'NONE',  ( 0.0000000000000000000, 1.000000000000000000, 0.0000000000000000000 ) ) ;
#3577 = VECTOR ( 'NONE', #6833, 1000.000000000000000 ) ;
#3578 = LINE ( 'NONE', #3649, #4653 ) ;
#3579 = CARTESIAN_POINT ( 'NONE',  ( 1.700000000000000622, 2.100000000000000089, -0.5699999999999999512 ) ) ;
#3580 = VERTEX_POINT ( 'NONE', #5567 ) ;
#3581 = LINE ( 'NONE', #5691, #4968 ) ;
#3582 = CIRCLE ( 'NONE', #2780, 0.3000000000000002665 ) ;
#3583 = ORIENTED_EDGE ( 'NONE', *, *, #2326, .T. ) ;
#3584 = EDGE_CURVE ( 'NONE', #5977, #4284, #3453, .T. ) ;
#3585 = UNCERTAINTY_MEASURE_WITH_UNIT (LENGTH_MEASURE( 1.000000000000000082E-05 ), #3309, 'distance_accuracy_value', 'NONE');
#3586 = CARTESIAN_POINT ( 'NONE',  ( -2.400000000000001243, -1.199999999999999734, -0.5700000000000000622 ) ) ;
#3587 = VECTOR ( 'NONE', #55, 1000.000000000000000 ) ;
#3588 =( NAMED_UNIT ( * ) PLANE_ANGLE_UNIT ( ) SI_UNIT ( $, .RADIAN. ) );
#3589 = EDGE_LOOP ( 'NONE', ( #3272, #5009, #4405, #5008 ) ) ;
#3590 = CARTESIAN_POINT ( 'NONE',  ( 2.700000000000001954, 1.200000000000000400, -0.3000000000000003220 ) ) ;
#3591 = VERTEX_POINT ( 'NONE', #1259 ) ;
#3592 = VECTOR ( 'NONE', #1545, 1000.000000000000000 ) ;
#3593 = VERTEX_POINT ( 'NONE', #5060 ) ;
#3594 = VECTOR ( 'NONE', #4841, 1000.000000000000114 ) ;
#3595 = DIRECTION ( 'NONE',  ( -0.05233595624294388321, 0.0000000000000000000, -0.9986295347545739443 ) ) ;
#3596 = CARTESIAN_POINT ( 'NONE',  ( 2.500000000000002665, 1.200000000000000400, 0.0000000000000000000 ) ) ;
#3597 = FACE_OUTER_BOUND ( 'NONE', #212, .T. ) ;
#3598 = AXIS2_PLACEMENT_3D ( 'NONE', #2472, #1432, #3636 ) ;
#3599 = CARTESIAN_POINT ( 'NONE',  ( 1.930905544980987543, -2.056952929731181268, 0.3500000000000000333 ) ) ;
#3600 = CYLINDRICAL_SURFACE ( 'NONE', #6514, 0.1499999999999999667 ) ;
#3601 = ORIENTED_EDGE ( 'NONE', *, *, #128, .F. ) ;
#3602 = DIRECTION ( 'NONE',  ( 0.0000000000000000000, 1.000000000000000000, 0.0000000000000000000 ) ) ;
#3603 = VECTOR ( 'NONE', #6164, 1000.000000000000000 ) ;
#3604 = PRESENTATION_STYLE_ASSIGNMENT (( #1466 ) ) ;
#3605 = DIRECTION ( 'NONE',  ( -1.000000000000000000, -0.0000000000000000000, -0.0000000000000000000 ) ) ;
#3606 = PLANE ( 'NONE',  #3640 ) ;
#3607 = DIRECTION ( 'NONE',  ( -0.0000000000000000000, -1.000000000000000000, -0.0000000000000000000 ) ) ;
#3608 = AXIS2_PLACEMENT_3D ( 'NONE', #3854, #618, #2204 ) ;
#3609 = EDGE_CURVE ( 'NONE', #5998, #4578, #707, .T. ) ;
#3610 = ORIENTED_EDGE ( 'NONE', *, *, #3667, .T. ) ;
#3611 = CARTESIAN_POINT ( 'NONE',  ( -0.03316504619021998224, 2.110000814877110997, 0.3500000000000000333 ) ) ;
#3612 = CARTESIAN_POINT ( 'NONE',  ( 1.412305442492822971, -0.6860159872360371835, 0.3500000000000000333 ) ) ;
#3613 = DIRECTION ( 'NONE',  ( -0.0000000000000000000, -0.0000000000000000000, -1.000000000000000000 ) ) ;
#3614 = EDGE_LOOP ( 'NONE', ( #29, #1133, #626, #5744, #597, #656, #1142, #4529, #3128, #5453 ) ) ;
#3615 = EDGE_CURVE ( 'NONE', #492, #662, #2846, .T. ) ;
#3616 = FILL_AREA_STYLE_COLOUR ( '', #2837 ) ;
#3617 = STYLED_ITEM ( 'NONE', ( #3277 ), #1183 ) ;
#3618 =( NAMED_UNIT ( * ) PLANE_ANGLE_UNIT ( ) SI_UNIT ( $, .RADIAN. ) );
#3619 = ORIENTED_EDGE ( 'NONE', *, *, #3005, .F. ) ;
#3620 = PRESENTATION_LAYER_ASSIGNMENT (  '', '', ( #4288 ) ) ;
#3621 = CARTESIAN_POINT ( 'NONE',  ( 0.0000000000000000000, 0.0000000000000000000, -0.7699999999999999067 ) ) ;
#3622 = ORIENTED_EDGE ( 'NONE', *, *, #624, .T. ) ;
#3623 = ADVANCED_FACE ( 'NONE', ( #5462 ), #6656, .F. ) ;
#3624 = DIRECTION ( 'NONE',  ( -0.0000000000000000000, -1.000000000000000000, -0.0000000000000000000 ) ) ;
#3625 = ORIENTED_EDGE ( 'NONE', *, *, #521, .F. ) ;
#3626 = STYLED_ITEM ( 'NONE', ( #3385 ), #1814 ) ;
#3627 = VERTEX_POINT ( 'NONE', #302 ) ;
#3628 = FACE_OUTER_BOUND ( 'NONE', #6614, .T. ) ;
#3629 = CARTESIAN_POINT ( 'NONE',  ( -1.700000000000000400, -2.099999999999999645, -0.7699999999999999067 ) ) ;
#3630 = CARTESIAN_POINT ( 'NONE',  ( 1.262305442492821728, 0.6070589046025534063, 0.3500000000000000333 ) ) ;
#3631 = CARTESIAN_POINT ( 'NONE',  ( -2.700000000000001066, 2.100000000000000089, -0.4700000000000007505 ) ) ;
#3632 =( NAMED_UNIT ( * ) PLANE_ANGLE_UNIT ( ) SI_UNIT ( $, .RADIAN. ) );
#3633 = FILL_AREA_STYLE ('',( #5289 ) ) ;
#3634 = CARTESIAN_POINT ( 'NONE',  ( 2.470127565808668990, 1.099999999999999645, -0.5699999999999999512 ) ) ;
#3635 = VERTEX_POINT ( 'NONE', #4952 ) ;
#3636 = DIRECTION ( 'NONE',  ( 0.0000000000000000000, -0.0000000000000000000, -1.000000000000000000 ) ) ;
#3637 = CARTESIAN_POINT ( 'NONE',  ( 2.400000000000002132, 1.200000000000000622, -0.2999999999999993783 ) ) ;
#3638 = DIRECTION ( 'NONE',  ( 7.228014483236695175E-15, 0.0000000000000000000, 1.000000000000000000 ) ) ;
#3639 = PLANE ( 'NONE',  #3284 ) ;
#3640 = AXIS2_PLACEMENT_3D ( 'NONE', #5785, #922, #5205 ) ;
#3641 = VECTOR ( 'NONE', #507, 1000.000000000000000 ) ;
#3642 = ORIENTED_EDGE ( 'NONE', *, *, #5385, .F. ) ;
#3643 = DIRECTION ( 'NONE',  ( 0.0000000000000000000, 0.0000000000000000000, 1.000000000000000000 ) ) ;
#3644 = PRESENTATION_LAYER_ASSIGNMENT (  '', '', ( #1414 ) ) ;
#3645 = CARTESIAN_POINT ( 'NONE',  ( 0.5500000000000001554, 1.049999999999999822, -0.6999999999999999556 ) ) ;
#3646 = DIRECTION ( 'NONE',  ( 0.0000000000000000000, -0.08715574274765820750, 0.9961946980917455452 ) ) ;
#3647 = AXIS2_PLACEMENT_3D ( 'NONE', #3756, #2527, #4244 ) ;
#3648 = EDGE_CURVE ( 'NONE', #3850, #6598, #6619, .T. ) ;
#3649 = CARTESIAN_POINT ( 'NONE',  ( -1.680009069179262848, 2.430009069179262848, 0.4000000000000000222 ) ) ;
#3650 = DIRECTION ( 'NONE',  ( 0.08682659386424762538, 0.08682659386424762538, -0.9924325091389669673 ) ) ;
#3651 = ORIENTED_EDGE ( 'NONE', *, *, #5609, .F. ) ;
#3652 = ORIENTED_EDGE ( 'NONE', *, *, #267, .F. ) ;
#3653 = ADVANCED_FACE ( 'NONE', ( #1808 ), #197, .F. ) ;
#3654 = ORIENTED_EDGE ( 'NONE', *, *, #3790, .F. ) ;
#3655 = SURFACE_STYLE_USAGE ( .BOTH. , #6192 ) ;
#3656 = ORIENTED_EDGE ( 'NONE', *, *, #513, .F. ) ;
#3657 = VERTEX_POINT ( 'NONE', #4014 ) ;
#3658 = EDGE_CURVE ( 'NONE', #2306, #1589, #6050, .T. ) ;
#3659 = FACE_BOUND ( 'NONE', #6576, .T. ) ;
#3660 = LINE ( 'NONE', #5773, #5296 ) ;
#3661 = CARTESIAN_POINT ( 'NONE',  ( 1.262305442492822838, 0.4570589046025533841, 0.3500000000000000333 ) ) ;
#3662 =( NAMED_UNIT ( * ) SI_UNIT ( $, .STERADIAN. ) SOLID_ANGLE_UNIT ( ) );
#3663 =( NAMED_UNIT ( * ) SI_UNIT ( $, .STERADIAN. ) SOLID_ANGLE_UNIT ( ) );
#3664 = ORIENTED_EDGE ( 'NONE', *, *, #6466, .T. ) ;
#3665 = AXIS2_PLACEMENT_3D ( 'NONE', #4276, #6383, #1609 ) ;
#3666 =( LENGTH_UNIT ( ) NAMED_UNIT ( * ) SI_UNIT ( .MILLI., .METRE. ) );
#3667 = EDGE_CURVE ( 'NONE', #3815, #296, #5531, .T. ) ;
#3668 = FILL_AREA_STYLE ('',( #471 ) ) ;
#3669 = MECHANICAL_DESIGN_GEOMETRIC_PRESENTATION_REPRESENTATION (  '', ( #6220 ), #1881 ) ;
#3670 = DIRECTION ( 'NONE',  ( 0.0000000000000000000, 1.000000000000000000, 0.0000000000000000000 ) ) ;
#3671 = FILL_AREA_STYLE_COLOUR ( '', #511 ) ;
#3672 = ORIENTED_EDGE ( 'NONE', *, *, #4852, .T. ) ;
#3673 = CIRCLE ( 'NONE', #4563, 0.1000000000000002554 ) ;
#3674 = CARTESIAN_POINT ( 'NONE',  ( 2.700000000000001954, -1.199999999999999734, -0.3000000000000003220 ) ) ;
#3675 = FACE_OUTER_BOUND ( 'NONE', #466, .T. ) ;
#3676 = SURFACE_STYLE_FILL_AREA ( #1547 ) ;
#3677 = ORIENTED_EDGE ( 'NONE', *, *, #1236, .F. ) ;
#3678 = PRESENTATION_STYLE_ASSIGNMENT (( #1551 ) ) ;
#3679 = EDGE_LOOP ( 'NONE', ( #5960, #2036, #2334, #1161, #790, #1892, #3292, #148, #3311, #1308 ) ) ;
#3680 = PRESENTATION_LAYER_ASSIGNMENT (  '', '', ( #3455 ) ) ;
#3681 = FACE_OUTER_BOUND ( 'NONE', #4715, .T. ) ;
#3682 = FACE_OUTER_BOUND ( 'NONE', #3764, .T. ) ;
#3683 = ORIENTED_EDGE ( 'NONE', *, *, #5305, .T. ) ;
#3684 = VECTOR ( 'NONE', #6095, 1000.000000000000000 ) ;
#3685 = PLANE ( 'NONE',  #6629 ) ;
#3686 = EDGE_CURVE ( 'NONE', #1560, #5577, #335, .T. ) ;
#3687 = ORIENTED_EDGE ( 'NONE', *, *, #3430, .T. ) ;
#3688 = VECTOR ( 'NONE', #4011, 1000.000000000000000 ) ;
#3689 = DIRECTION ( 'NONE',  ( -0.0000000000000000000, 0.0000000000000000000, -1.000000000000000000 ) ) ;
#3690 =( NAMED_UNIT ( * ) SI_UNIT ( $, .STERADIAN. ) SOLID_ANGLE_UNIT ( ) );
#3691 = DIRECTION ( 'NONE',  ( 0.0000000000000000000, 1.000000000000000000, 0.0000000000000000000 ) ) ;
#3692 = CARTESIAN_POINT ( 'NONE',  ( -0.1415856775653445976, -0.1584055984559433750, 0.4500000000000000666 ) ) ;
#3693 = ORIENTED_EDGE ( 'NONE', *, *, #2205, .T. ) ;
#3694 = AXIS2_PLACEMENT_3D ( 'NONE', #6262, #5910, #3689 ) ;
#3695 = ADVANCED_FACE ( 'NONE', ( #3597 ), #5705, .F. ) ;
#3696 = FACE_OUTER_BOUND ( 'NONE', #6179, .T. ) ;
#3697 = SURFACE_SIDE_STYLE ('',( #957 ) ) ;
#3698 =( NAMED_UNIT ( * ) PLANE_ANGLE_UNIT ( ) SI_UNIT ( $, .RADIAN. ) );
#3699 = AXIS2_PLACEMENT_3D ( 'NONE', #5780, #3109, #1404 ) ;
#3700 = AXIS2_PLACEMENT_3D ( 'NONE', #5470, #3211, #2226 ) ;
#3701 = DIRECTION ( 'NONE',  ( 0.0000000000000000000, -0.0000000000000000000, -1.000000000000000000 ) ) ;
#3702 = CARTESIAN_POINT ( 'NONE',  ( -2.486873320506370000, 2.100000000000000089, -0.2504719656739949341 ) ) ;
#3703 = EDGE_CURVE ( 'NONE', #2911, #1898, #5255, .T. ) ;
#3704 = VECTOR ( 'NONE', #2433, 1000.000000000000000 ) ;
#3705 = ORIENTED_EDGE ( 'NONE', *, *, #4086, .T. ) ;
#3706 = FILL_AREA_STYLE ('',( #1578 ) ) ;
#3707 = DIRECTION ( 'NONE',  ( 0.0000000000000000000, 1.000000000000000000, 0.0000000000000000000 ) ) ;
#3708 =( NAMED_UNIT ( * ) SI_UNIT ( $, .STERADIAN. ) SOLID_ANGLE_UNIT ( ) );
#3709 = CARTESIAN_POINT ( 'NONE',  ( 2.500000000000002665, -2.099999999999999645, 0.0000000000000000000 ) ) ;
#3710 = AXIS2_PLACEMENT_3D ( 'NONE', #1377, #3541, #2337 ) ;
#3711 =( NAMED_UNIT ( * ) PLANE_ANGLE_UNIT ( ) SI_UNIT ( $, .RADIAN. ) );
#3712 = ORIENTED_EDGE ( 'NONE', *, *, #2860, .T. ) ;
#3713 =( LENGTH_UNIT ( ) NAMED_UNIT ( * ) SI_UNIT ( .MILLI., .METRE. ) );
#3714 = MECHANICAL_DESIGN_GEOMETRIC_PRESENTATION_REPRESENTATION (  '', ( #1490 ), #399 ) ;
#3715 = VERTEX_POINT ( 'NONE', #5742 ) ;
#3716 = UNCERTAINTY_MEASURE_WITH_UNIT (LENGTH_MEASURE( 1.000000000000000082E-05 ), #5474, 'distance_accuracy_value', 'NONE');
#3717 =( LENGTH_UNIT ( ) NAMED_UNIT ( * ) SI_UNIT ( .MILLI., .METRE. ) );
#3718 =( NAMED_UNIT ( * ) PLANE_ANGLE_UNIT ( ) SI_UNIT ( $, .RADIAN. ) );
#3719 = ORIENTED_EDGE ( 'NONE', *, *, #4041, .T. ) ;
#3720 = STYLED_ITEM ( 'NONE', ( #3604 ), #1097 ) ;
#3721 = FILL_AREA_STYLE_COLOUR ( '', #1736 ) ;
#3722 = ORIENTED_EDGE ( 'NONE', *, *, #189, .F. ) ;
#3723 = STYLED_ITEM ( 'NONE', ( #3051 ), #1474 ) ;
#3724 = CARTESIAN_POINT ( 'NONE',  ( -2.400000000000002132, 1.200000000000000622, -0.2999999999999993783 ) ) ;
#3725 = ADVANCED_FACE ( 'NONE', ( #3103 ), #222, .F. ) ;
#3726 =( NAMED_UNIT ( * ) SI_UNIT ( $, .STERADIAN. ) SOLID_ANGLE_UNIT ( ) );
#3727 = PLANE ( 'NONE',  #3518 ) ;
#3728 = ORIENTED_EDGE ( 'NONE', *, *, #978, .T. ) ;
#3729 = AXIS2_PLACEMENT_3D ( 'NONE', #5751, #6241, #5231 ) ;
#3730 = FILL_AREA_STYLE ('',( #3836 ) ) ;
#3731 = CARTESIAN_POINT ( 'NONE',  ( -2.400000000000002132, 2.100000000000000089, -0.2999999999999993783 ) ) ;
#3732 = LINE ( 'NONE', #1363, #3688 ) ;
#3733 = COLOUR_RGB ( '',0.8313725490196077761, 0.8392156862745098200, 0.8313725490196077761 ) ;
#3734 = DIRECTION ( 'NONE',  ( 0.0000000000000000000, -1.000000000000000000, 0.0000000000000000000 ) ) ;
#3735 = ADVANCED_FACE ( 'NONE', ( #1951 ), #2536, .T. ) ;
#3736 = FILL_AREA_STYLE ('',( #5924 ) ) ;
#3737 = CYLINDRICAL_SURFACE ( 'NONE', #5516, 0.1000000000000002554 ) ;
#3738 = CARTESIAN_POINT ( 'NONE',  ( 0.4838201673205150821, 0.4046747618464905383, 0.4500000000000000666 ) ) ;
#3739 = EDGE_CURVE ( 'NONE', #5724, #6829, #6300, .T. ) ;
#3740 = VECTOR ( 'NONE', #1007, 1000.000000000000000 ) ;
#3741 = ORIENTED_EDGE ( 'NONE', *, *, #3008, .T. ) ;
#3742 = PRESENTATION_LAYER_ASSIGNMENT (  '', '', ( #1964 ) ) ;
#3743 =( LENGTH_UNIT ( ) NAMED_UNIT ( * ) SI_UNIT ( .MILLI., .METRE. ) );
#3744 = EDGE_CURVE ( 'NONE', #5972, #5888, #4662, .T. ) ;
#3745 = VECTOR ( 'NONE', #4895, 1000.000000000000000 ) ;
#3746 = STYLED_ITEM ( 'NONE', ( #1932 ), #2463 ) ;
#3747 = DIRECTION ( 'NONE',  ( -1.604850264224746292E-16, 1.000000000000000000, 0.0000000000000000000 ) ) ;
#3748 = FACE_OUTER_BOUND ( 'NONE', #6223, .T. ) ;
#3749 = ORIENTED_EDGE ( 'NONE', *, *, #1533, .F. ) ;
#3750 = ORIENTED_EDGE ( 'NONE', *, *, #1283, .T. ) ;
#3751 = VECTOR ( 'NONE', #3240, 1000.000000000000000 ) ;
#3752 = MECHANICAL_DESIGN_GEOMETRIC_PRESENTATION_REPRESENTATION (  '', ( #5309 ), #4975 ) ;
#3753 = SURFACE_STYLE_USAGE ( .BOTH. , #1614 ) ;
#3754 = LINE ( 'NONE', #1615, #2112 ) ;
#3755 = EDGE_CURVE ( 'NONE', #6193, #2239, #499, .T. ) ;
#3756 = CARTESIAN_POINT ( 'NONE',  ( 0.3603187164337327553, 0.9751250982098667031, 0.3000000000000000444 ) ) ;
#3757 =( LENGTH_UNIT ( ) NAMED_UNIT ( * ) SI_UNIT ( .MILLI., .METRE. ) );
#3758 = VERTEX_POINT ( 'NONE', #3268 ) ;
#3759 =( NAMED_UNIT ( * ) PLANE_ANGLE_UNIT ( ) SI_UNIT ( $, .RADIAN. ) );
#3760 = ORIENTED_EDGE ( 'NONE', *, *, #6037, .F. ) ;
#3761 = CARTESIAN_POINT ( 'NONE',  ( 0.0000000000000000000, 0.0000000000000000000, -0.5699999999999999512 ) ) ;
#3762 = PRESENTATION_STYLE_ASSIGNMENT (( #3832 ) ) ;
#3763 = DIRECTION ( 'NONE',  ( -1.000000000000000000, -0.0000000000000000000, -0.0000000000000000000 ) ) ;
#3764 = EDGE_LOOP ( 'NONE', ( #2894, #3601, #4865, #1218 ) ) ;
#3765 = SURFACE_STYLE_FILL_AREA ( #5915 ) ;
#3766 = DIRECTION ( 'NONE',  ( -0.0000000000000000000, -0.0000000000000000000, 1.000000000000000000 ) ) ;
#3767 = UNCERTAINTY_MEASURE_WITH_UNIT (LENGTH_MEASURE( 1.000000000000000082E-05 ), #4483, 'distance_accuracy_value', 'NONE');
#3768 = CARTESIAN_POINT ( 'NONE',  ( -1.700000000000000622, 2.100000000000000089, -0.5699999999999999512 ) ) ;
#3769 = CARTESIAN_POINT ( 'NONE',  ( -1.146028625818473756, -0.1370056143358112655, 0.3500000000000000333 ) ) ;
#3770 = CARTESIAN_POINT ( 'NONE',  ( 2.500000000000002220, 2.500000000000002220, 0.0000000000000000000 ) ) ;
#3771 = CARTESIAN_POINT ( 'NONE',  ( 1.262305442492822838, 0.4570589046025533841, 0.3000000000000000444 ) ) ;
#3772 = VECTOR ( 'NONE', #3814, 1000.000000000000000 ) ;
#3773 = DIRECTION ( 'NONE',  ( -0.05233595624294388321, 0.0000000000000000000, -0.9986295347545739443 ) ) ;
#3774 = ORIENTED_EDGE ( 'NONE', *, *, #6356, .T. ) ;
#3775 = EDGE_CURVE ( 'NONE', #3791, #4284, #6, .T. ) ;
#3776 = CARTESIAN_POINT ( 'NONE',  ( -0.9960286258184727348, -0.5332195235787651200, 0.3500000000000000333 ) ) ;
#3777 = COLOUR_RGB ( '',0.8980392156862745390, 0.9215686274509803377, 0.9294117647058823817 ) ;
#3778 = SURFACE_STYLE_FILL_AREA ( #1163 ) ;
#3779 = SURFACE_SIDE_STYLE ('',( #1641 ) ) ;
#3780 = DIRECTION ( 'NONE',  ( 0.0000000000000000000, 1.000000000000000000, 0.0000000000000000000 ) ) ;
#3781 = LINE ( 'NONE', #613, #3772 ) ;
#3782 = ORIENTED_EDGE ( 'NONE', *, *, #6720, .T. ) ;
#3783 = VERTEX_POINT ( 'NONE', #1698 ) ;
#3784 = ADVANCED_FACE ( 'NONE', ( #76 ), #2083, .F. ) ;
#3785 = ORIENTED_EDGE ( 'NONE', *, *, #6720, .F. ) ;
#3786 = CARTESIAN_POINT ( 'NONE',  ( -1.700000000000000400, 1.200000000000000622, -0.5699999999999999512 ) ) ;
#3787 = MECHANICAL_DESIGN_GEOMETRIC_PRESENTATION_REPRESENTATION (  '', ( #241 ), #4130 ) ;
#3788 =( NAMED_UNIT ( * ) SI_UNIT ( $, .STERADIAN. ) SOLID_ANGLE_UNIT ( ) );
#3789 = DIRECTION ( 'NONE',  ( 1.445602896647339114E-15, 0.0000000000000000000, 1.000000000000000000 ) ) ;
#3790 = EDGE_CURVE ( 'NONE', #4422, #1979, #6327, .T. ) ;
#3791 = VERTEX_POINT ( 'NONE', #1565 ) ;
#3792 = FACE_OUTER_BOUND ( 'NONE', #4930, .T. ) ;
#3793 = VECTOR ( 'NONE', #3576, 1000.000000000000000 ) ;
#3794 = CARTESIAN_POINT ( 'NONE',  ( -0.1415856775653445976, 0.4413501301401799304, 0.4500000000000000666 ) ) ;
#3795 = ORIENTED_EDGE ( 'NONE', *, *, #1190, .T. ) ;
#3796 = FACE_OUTER_BOUND ( 'NONE', #858, .T. ) ;
#3797 = ORIENTED_EDGE ( 'NONE', *, *, #2307, .F. ) ;
#3798 =( GEOMETRIC_REPRESENTATION_CONTEXT ( 3 ) GLOBAL_UNCERTAINTY_ASSIGNED_CONTEXT ( ( #4701 ) ) GLOBAL_UNIT_ASSIGNED_CONTEXT ( ( #3074, #5131, #6733 ) ) REPRESENTATION_CONTEXT ( 'NONE', 'WORKASPACE' ) );
#3799 = DIRECTION ( 'NONE',  ( 0.0000000000000000000, 1.000000000000000000, 0.0000000000000000000 ) ) ;
#3800 = LINE ( 'NONE', #5921, #6827 ) ;
#3801 =( NAMED_UNIT ( * ) SI_UNIT ( $, .STERADIAN. ) SOLID_ANGLE_UNIT ( ) );
#3802 = CARTESIAN_POINT ( 'NONE',  ( -0.1415856775653445976, -0.1584055984559433750, 0.4500000000000000666 ) ) ;
#3803 = CARTESIAN_POINT ( 'NONE',  ( 1.600000000000000089, -1.099999999999999867, -0.5699999999999999512 ) ) ;
#3804 =( GEOMETRIC_REPRESENTATION_CONTEXT ( 3 ) GLOBAL_UNCERTAINTY_ASSIGNED_CONTEXT ( ( #2173 ) ) GLOBAL_UNIT_ASSIGNED_CONTEXT ( ( #3567, #3698, #2671 ) ) REPRESENTATION_CONTEXT ( 'NONE', 'WORKASPACE' ) );
#3805 = CARTESIAN_POINT ( 'NONE',  ( 2.700000000000001510, 1.200000000000000622, -0.4700000000000008060 ) ) ;
#3806 = ORIENTED_EDGE ( 'NONE', *, *, #182, .T. ) ;
#3807 = SURFACE_SIDE_STYLE ('',( #2644 ) ) ;
#3808 = COLOUR_RGB ( '',0.0000000000000000000, 1.000000000000000000, 0.0000000000000000000 ) ;
#3809 = FILL_AREA_STYLE ('',( #165 ) ) ;
#3810 = LINE ( 'NONE', #5995, #5455 ) ;
#3811 = CARTESIAN_POINT ( 'NONE',  ( -1.599999999999999645, 2.200000000000000178, -0.5699999999999999512 ) ) ;
#3812 = DIRECTION ( 'NONE',  ( -0.9986295347545739443, 0.0000000000000000000, -0.05233595624294388321 ) ) ;
#3813 = ADVANCED_FACE ( 'NONE', ( #1109 ), #4776, .F. ) ;
#3814 = DIRECTION ( 'NONE',  ( -1.000000000000000000, 0.0000000000000000000, 0.0000000000000000000 ) ) ;
#3815 = VERTEX_POINT ( 'NONE', #2700 ) ;
#3816 =( GEOMETRIC_REPRESENTATION_CONTEXT ( 3 ) GLOBAL_UNCERTAINTY_ASSIGNED_CONTEXT ( ( #5920 ) ) GLOBAL_UNIT_ASSIGNED_CONTEXT ( ( #1325, #6047, #2319 ) ) REPRESENTATION_CONTEXT ( 'NONE', 'WORKASPACE' ) );
#3817 = AXIS2_PLACEMENT_3D ( 'NONE', #6238, #416, #3701 ) ;
#3818 = EDGE_LOOP ( 'NONE', ( #908, #2771, #1933, #769, #1908, #5475 ) ) ;
#3819 = ORIENTED_EDGE ( 'NONE', *, *, #6285, .T. ) ;
#3820 =( NAMED_UNIT ( * ) PLANE_ANGLE_UNIT ( ) SI_UNIT ( $, .RADIAN. ) );
#3821 = FILL_AREA_STYLE ('',( #1136 ) ) ;
#3822 = EDGE_CURVE ( 'NONE', #4984, #4284, #4842, .T. ) ;
#3823 = DIRECTION ( 'NONE',  ( 0.0000000000000000000, -0.9961946980917455452, 0.08715574274765820750 ) ) ;
#3824 = EDGE_LOOP ( 'NONE', ( #6495, #219, #1422, #5173 ) ) ;
#3825 = LINE ( 'NONE', #1074, #3071 ) ;
#3826 = VECTOR ( 'NONE', #2327, 1000.000000000000000 ) ;
#3827 = EDGE_CURVE ( 'NONE', #6437, #3228, #1656, .T. ) ;
#3828 = ORIENTED_EDGE ( 'NONE', *, *, #6019, .F. ) ;
#3829 = LINE ( 'NONE', #1590, #3360 ) ;
#3830 = AXIS2_PLACEMENT_3D ( 'NONE', #3731, #3347, #2119 ) ;
#3831 = EDGE_CURVE ( 'NONE', #115, #948, #5489, .T. ) ;
#3832 = SURFACE_STYLE_USAGE ( .BOTH. , #1697 ) ;
#3833 = FILL_AREA_STYLE ('',( #4256 ) ) ;
#3834 = EDGE_LOOP ( 'NONE', ( #5217, #4331, #4878, #4475 ) ) ;
#3835 = VERTEX_POINT ( 'NONE', #2805 ) ;
#3836 = FILL_AREA_STYLE_COLOUR ( '', #6807 ) ;
#3837 = CARTESIAN_POINT ( 'NONE',  ( -2.400000000000001243, 2.100000000000000089, -0.4699999999999998068 ) ) ;
#3838 = DIRECTION ( 'NONE',  ( 1.000000000000000000, 0.0000000000000000000, 0.0000000000000000000 ) ) ;
#3839 = VECTOR ( 'NONE', #2831, 1000.000000000000000 ) ;
#3840 = DIRECTION ( 'NONE',  ( 0.0000000000000000000, 1.000000000000000000, 0.0000000000000000000 ) ) ;
#3841 = ORIENTED_EDGE ( 'NONE', *, *, #2699, .F. ) ;
#3842 = VECTOR ( 'NONE', #4270, 1000.000000000000000 ) ;
#3843 = LINE ( 'NONE', #130, #3899 ) ;
#3844 = DIRECTION ( 'NONE',  ( 0.0000000000000000000, 0.0000000000000000000, 1.000000000000000000 ) ) ;
#3845 = DIRECTION ( 'NONE',  ( 0.0000000000000000000, 0.0000000000000000000, 1.000000000000000000 ) ) ;
#3846 = CARTESIAN_POINT ( 'NONE',  ( 1.562305442492822882, -0.6860159872360381828, 0.3500000000000000333 ) ) ;
#3847 = FILL_AREA_STYLE ('',( #4337 ) ) ;
#3848 = ORIENTED_EDGE ( 'NONE', *, *, #276, .F. ) ;
#3849 = STYLED_ITEM ( 'NONE', ( #4609 ), #1997 ) ;
#3850 = VERTEX_POINT ( 'NONE', #2349 ) ;
#3851 = ORIENTED_EDGE ( 'NONE', *, *, #4893, .T. ) ;
#3852 = EDGE_CURVE ( 'NONE', #3635, #2313, #6043, .T. ) ;
#3853 = COLOUR_RGB ( '',0.8980392156862745390, 0.9215686274509803377, 0.9294117647058823817 ) ;
#3854 = CARTESIAN_POINT ( 'NONE',  ( 2.400000000000002132, -2.099999999999999645, -0.2999999999999993783 ) ) ;
#3855 = LINE ( 'NONE', #209, #4016 ) ;
#3856 = FACE_OUTER_BOUND ( 'NONE', #2613, .T. ) ;
#3857 = ORIENTED_EDGE ( 'NONE', *, *, #2860, .F. ) ;
#3858 = VECTOR ( 'NONE', #6027, 1000.000000000000000 ) ;
#3859 = EDGE_LOOP ( 'NONE', ( #5111, #1927, #5836, #46, #3795, #972 ) ) ;
#3860 = ADVANCED_FACE ( 'NONE', ( #1288 ), #1217, .T. ) ;
#3861 =( NAMED_UNIT ( * ) PLANE_ANGLE_UNIT ( ) SI_UNIT ( $, .RADIAN. ) );
#3862 = COLOUR_RGB ( '',0.8313725490196077761, 0.8392156862745098200, 0.8313725490196077761 ) ;
#3863 =( NAMED_UNIT ( * ) PLANE_ANGLE_UNIT ( ) SI_UNIT ( $, .RADIAN. ) );
#3864 = DIRECTION ( 'NONE',  ( 4.818676322157797375E-16, 1.000000000000000000, 1.751623080406021339E-46 ) ) ;
#3865 = ORIENTED_EDGE ( 'NONE', *, *, #1669, .T. ) ;
#3866 = ORIENTED_EDGE ( 'NONE', *, *, #1563, .T. ) ;
#3867 = EDGE_CURVE ( 'NONE', #5081, #6267, #2873, .T. ) ;
#3868 = SURFACE_STYLE_USAGE ( .BOTH. , #192 ) ;
#3869 = DIRECTION ( 'NONE',  ( 1.000000000000000000, 0.0000000000000000000, 0.0000000000000000000 ) ) ;
#3870 = DIRECTION ( 'NONE',  ( 0.0000000000000000000, 0.0000000000000000000, 1.000000000000000000 ) ) ;
#3871 = DIRECTION ( 'NONE',  ( 1.000000000000000000, 2.000708728360073455E-16, -0.0000000000000000000 ) ) ;
#3872 = ADVANCED_FACE ( 'NONE', ( #6082 ), #4425, .F. ) ;
#3873 = CARTESIAN_POINT ( 'NONE',  ( -0.9960286258184738450, -0.6832195235787650311, 0.3500000000000000333 ) ) ;
#3874 = CARTESIAN_POINT ( 'NONE',  ( 0.2838201673205150710, 1.116322564166215559, 0.4500000000000000666 ) ) ;
#3875 = DIRECTION ( 'NONE',  ( -2.409338161078899674E-16, 1.000000000000000000, 0.0000000000000000000 ) ) ;
#3876 = CYLINDRICAL_SURFACE ( 'NONE', #4862, 0.5500000000000000444 ) ;
#3877 = AXIS2_PLACEMENT_3D ( 'NONE', #2051, #913, #4187 ) ;
#3878 = CARTESIAN_POINT ( 'NONE',  ( -1.043697599916538765, -0.1584055984559433750, 0.4500000000000000666 ) ) ;
#3879 = LINE ( 'NONE', #6526, #1883 ) ;
#3880 = DIRECTION ( 'NONE',  ( 0.0000000000000000000, 0.0000000000000000000, 1.000000000000000000 ) ) ;
#3881 = ORIENTED_EDGE ( 'NONE', *, *, #6126, .T. ) ;
#3882 = ORIENTED_EDGE ( 'NONE', *, *, #2419, .T. ) ;
#3883 = MECHANICAL_DESIGN_GEOMETRIC_PRESENTATION_REPRESENTATION (  '', ( #5874 ), #6096 ) ;
#3884 = VERTEX_POINT ( 'NONE', #766 ) ;
#3885 = LINE ( 'NONE', #3916, #4378 ) ;
#3886 = DIRECTION ( 'NONE',  ( 0.0000000000000000000, 0.0000000000000000000, -1.000000000000000000 ) ) ;
#3887 = PRESENTATION_LAYER_ASSIGNMENT (  '', '', ( #3 ) ) ;
#3888 = LINE ( 'NONE', #3957, #1995 ) ;
#3889 = ORIENTED_EDGE ( 'NONE', *, *, #6428, .F. ) ;
#3890 = FILL_AREA_STYLE_COLOUR ( '', #6742 ) ;
#3891 = ORIENTED_EDGE ( 'NONE', *, *, #2917, .T. ) ;
#3892 = LINE ( 'NONE', #3440, #6135 ) ;
#3893 = CARTESIAN_POINT ( 'NONE',  ( -1.700000000000000622, -1.199999999999999734, -0.7699999999999999067 ) ) ;
#3894 = FILL_AREA_STYLE ('',( #4491 ) ) ;
#3895 = EDGE_LOOP ( 'NONE', ( #502, #1080, #139, #1006 ) ) ;
#3896 = MECHANICAL_DESIGN_GEOMETRIC_PRESENTATION_REPRESENTATION (  '', ( #126 ), #2213 ) ;
#3897 = EDGE_CURVE ( 'NONE', #4168, #859, #5980, .T. ) ;
#3898 = CARTESIAN_POINT ( 'NONE',  ( 1.699999999999999956, 0.0000000000000000000, 0.3007161552948416916 ) ) ;
#3899 = VECTOR ( 'NONE', #5931, 1000.000000000000114 ) ;
#3900 = DIRECTION ( 'NONE',  ( -0.0000000000000000000, -0.0000000000000000000, -1.000000000000000000 ) ) ;
#3901 = DIRECTION ( 'NONE',  ( 0.0000000000000000000, 0.0000000000000000000, 1.000000000000000000 ) ) ;
#3902 = DIRECTION ( 'NONE',  ( -0.0000000000000000000, -1.000000000000000000, -0.0000000000000000000 ) ) ;
#3903 = EDGE_CURVE ( 'NONE', #5656, #6492, #6011, .T. ) ;
#3904 = DIRECTION ( 'NONE',  ( -0.0000000000000000000, -0.0000000000000000000, -1.000000000000000000 ) ) ;
#3905 = LINE ( 'NONE', #5100, #4797 ) ;
#3906 = SURFACE_STYLE_FILL_AREA ( #341 ) ;
#3907 =( NAMED_UNIT ( * ) PLANE_ANGLE_UNIT ( ) SI_UNIT ( $, .RADIAN. ) );
#3908 = SURFACE_SIDE_STYLE ('',( #1374 ) ) ;
#3909 =( NAMED_UNIT ( * ) PLANE_ANGLE_UNIT ( ) SI_UNIT ( $, .RADIAN. ) );
#3910 = EDGE_CURVE ( 'NONE', #3791, #6650, #6507, .T. ) ;
#3911 = DIRECTION ( 'NONE',  ( -4.818676322157797375E-16, 1.000000000000000000, 1.466503673540475756E-30 ) ) ;
#3912 = ORIENTED_EDGE ( 'NONE', *, *, #5393, .F. ) ;
#3913 = PRESENTATION_LAYER_ASSIGNMENT (  '', '', ( #4917 ) ) ;
#3914 = ORIENTED_EDGE ( 'NONE', *, *, #4204, .T. ) ;
#3915 = ORIENTED_EDGE ( 'NONE', *, *, #4696, .T. ) ;
#3916 = CARTESIAN_POINT ( 'NONE',  ( -2.470127565808668990, 2.500000000000002220, -0.5699999999999999512 ) ) ;
#3917 = DIRECTION ( 'NONE',  ( -0.0000000000000000000, -0.0000000000000000000, -1.000000000000000000 ) ) ;
#3918 = UNCERTAINTY_MEASURE_WITH_UNIT (LENGTH_MEASURE( 1.000000000000000082E-05 ), #6361, 'distance_accuracy_value', 'NONE');
#3919 =( LENGTH_UNIT ( ) NAMED_UNIT ( * ) SI_UNIT ( .MILLI., .METRE. ) );
#3920 = COLOUR_RGB ( '',1.000000000000000000, 1.000000000000000000, 1.000000000000000000 ) ;
#3921 = COLOUR_RGB ( '',1.000000000000000000, 1.000000000000000000, 1.000000000000000000 ) ;
#3922 = ORIENTED_EDGE ( 'NONE', *, *, #4177, .F. ) ;
#3923 =( LENGTH_UNIT ( ) NAMED_UNIT ( * ) SI_UNIT ( .MILLI., .METRE. ) );
#3924 = AXIS2_PLACEMENT_3D ( 'NONE', #2919, #297, #5056 ) ;
#3925 = ORIENTED_EDGE ( 'NONE', *, *, #5654, .F. ) ;
#3926 = VECTOR ( 'NONE', #4465, 1000.000000000000000 ) ;
#3927 = UNCERTAINTY_MEASURE_WITH_UNIT (LENGTH_MEASURE( 1.000000000000000082E-05 ), #1909, 'distance_accuracy_value', 'NONE');
#3928 = FACE_OUTER_BOUND ( 'NONE', #4646, .T. ) ;
#3929 = PRESENTATION_STYLE_ASSIGNMENT (( #3967 ) ) ;
#3930 = DIRECTION ( 'NONE',  ( 0.0000000000000000000, 0.0000000000000000000, -1.000000000000000000 ) ) ;
#3931 = ORIENTED_EDGE ( 'NONE', *, *, #3615, .F. ) ;
#3932 = VECTOR ( 'NONE', #6067, 1000.000000000000000 ) ;
#3933 =( NAMED_UNIT ( * ) PLANE_ANGLE_UNIT ( ) SI_UNIT ( $, .RADIAN. ) );
#3934 = PRESENTATION_STYLE_ASSIGNMENT (( #6575 ) ) ;
#3935 = FACE_OUTER_BOUND ( 'NONE', #3501, .T. ) ;
#3936 = ADVANCED_FACE ( 'NONE', ( #187 ), #2278, .F. ) ;
#3937 = PRESENTATION_STYLE_ASSIGNMENT (( #4431 ) ) ;
#3938 = DIRECTION ( 'NONE',  ( 2.409338161078899674E-16, 1.000000000000000000, -0.0000000000000000000 ) ) ;
#3939 =( LENGTH_UNIT ( ) NAMED_UNIT ( * ) SI_UNIT ( .MILLI., .METRE. ) );
#3940 = DIRECTION ( 'NONE',  ( 1.000000000000000000, -2.409338161078899674E-16, 0.0000000000000000000 ) ) ;
#3941 = COLOUR_RGB ( '',0.8980392156862745390, 0.9215686274509803377, 0.9294117647058823817 ) ;
#3942 = CARTESIAN_POINT ( 'NONE',  ( -2.499117102666011725, -1.199999999999999734, -0.01684668471109857651 ) ) ;
#3943 = EDGE_CURVE ( 'NONE', #4278, #1603, #397, .T. ) ;
#3944 = LINE ( 'NONE', #5611, #3684 ) ;
#3945 =( NAMED_UNIT ( * ) PLANE_ANGLE_UNIT ( ) SI_UNIT ( $, .RADIAN. ) );
#3946 = FACE_OUTER_BOUND ( 'NONE', #476, .T. ) ;
#3947 = ADVANCED_FACE ( 'NONE', ( #4595 ), #943, .T. ) ;
#3948 = CARTESIAN_POINT ( 'NONE',  ( -0.1831650461902210869, -0.2870056143358111767, 0.3500000000000000333 ) ) ;
#3949 = ORIENTED_EDGE ( 'NONE', *, *, #4575, .T. ) ;
#3950 = VECTOR ( 'NONE', #4467, 1000.000000000000114 ) ;
#3951 = ORIENTED_EDGE ( 'NONE', *, *, #4893, .F. ) ;
#3952 = ORIENTED_EDGE ( 'NONE', *, *, #318, .F. ) ;
#3953 = ADVANCED_FACE ( 'NONE', ( #3056 ), #4666, .F. ) ;
#3954 = CARTESIAN_POINT ( 'NONE',  ( 0.0000000000000000000, 0.0000000000000000000, -0.5699999999999999512 ) ) ;
#3955 = CARTESIAN_POINT ( 'NONE',  ( -2.500000000000001332, 1.200000000000000400, -0.4700000000000001399 ) ) ;
#3956 =( NAMED_UNIT ( * ) PLANE_ANGLE_UNIT ( ) SI_UNIT ( $, .RADIAN. ) );
#3957 = CARTESIAN_POINT ( 'NONE',  ( -1.971607025033961236, 0.8251250982098667919, 0.3500000000000000333 ) ) ;
#3958 = ORIENTED_EDGE ( 'NONE', *, *, #5940, .F. ) ;
#3959 = DIRECTION ( 'NONE',  ( 1.000000000000000000, 2.353123974012615482E-15, 0.0000000000000000000 ) ) ;
#3960 = AXIS2_PLACEMENT_3D ( 'NONE', #6390, #2042, #1555 ) ;
#3961 = VECTOR ( 'NONE', #5765, 1000.000000000000000 ) ;
#3962 = ORIENTED_EDGE ( 'NONE', *, *, #6428, .T. ) ;
#3963 = EDGE_CURVE ( 'NONE', #1828, #4309, #4108, .T. ) ;
#3964 = VECTOR ( 'NONE', #5125, 1000.000000000000000 ) ;
#3965 = DIRECTION ( 'NONE',  ( -0.0000000000000000000, -0.0000000000000000000, -1.000000000000000000 ) ) ;
#3966 =( NAMED_UNIT ( * ) SI_UNIT ( $, .STERADIAN. ) SOLID_ANGLE_UNIT ( ) );
#3967 = SURFACE_STYLE_USAGE ( .BOTH. , #4525 ) ;
#3968 =( NAMED_UNIT ( * ) SI_UNIT ( $, .STERADIAN. ) SOLID_ANGLE_UNIT ( ) );
#3969 = ORIENTED_EDGE ( 'NONE', *, *, #1586, .T. ) ;
#3970 =( NAMED_UNIT ( * ) PLANE_ANGLE_UNIT ( ) SI_UNIT ( $, .RADIAN. ) );
#3971 = DIRECTION ( 'NONE',  ( -1.000000000000000000, 0.0000000000000000000, 0.0000000000000000000 ) ) ;
#3972 = ORIENTED_EDGE ( 'NONE', *, *, #5984, .F. ) ;
#3973 = AXIS2_PLACEMENT_3D ( 'NONE', #1498, #4743, #6854 ) ;
#3974 = FILL_AREA_STYLE_COLOUR ( '', #1145 ) ;
#3975 = CARTESIAN_POINT ( 'NONE',  ( -0.5500000000000001554, 2.254834989607331863, -0.5699999999999999512 ) ) ;
#3976 = SURFACE_STYLE_FILL_AREA ( #2360 ) ;
#3977 = DIRECTION ( 'NONE',  ( 2.409338161078899674E-16, 1.000000000000000000, -0.0000000000000000000 ) ) ;
#3978 = AXIS2_PLACEMENT_3D ( 'NONE', #2900, #4060, #2339 ) ;
#3979 = CARTESIAN_POINT ( 'NONE',  ( 1.700000000000000400, -2.099999999999999645, -0.7699999999999999067 ) ) ;
#3980 = UNCERTAINTY_MEASURE_WITH_UNIT (LENGTH_MEASURE( 1.000000000000000082E-05 ), #3666, 'distance_accuracy_value', 'NONE');
#3981 = DIRECTION ( 'NONE',  ( -1.000000000000000000, 0.0000000000000000000, 0.0000000000000000000 ) ) ;
#3982 = CARTESIAN_POINT ( 'NONE',  ( 0.3603187164337335324, 0.6070589046025531843, 0.3000000000000000444 ) ) ;
#3983 = FILL_AREA_STYLE ('',( #2853 ) ) ;
#3984 = CARTESIAN_POINT ( 'NONE',  ( 2.400000000000002132, 2.100000000000000089, -0.2999999999999993783 ) ) ;
#3985 = ADVANCED_FACE ( 'NONE', ( #3748 ), #6158, .T. ) ;
#3986 = ORIENTED_EDGE ( 'NONE', *, *, #4903, .T. ) ;
#3987 = ORIENTED_EDGE ( 'NONE', *, *, #5647, .F. ) ;
#3988 = AXIS2_PLACEMENT_3D ( 'NONE', #440, #6233, #4712 ) ;
#3989 = CARTESIAN_POINT ( 'NONE',  ( -1.296028625818474778, 0.8251250982098669029, 0.3000000000000000444 ) ) ;
#3990 = LINE ( 'NONE', #348, #1234 ) ;
#3991 = PRESENTATION_STYLE_ASSIGNMENT (( #6106 ) ) ;
#3992 = ORIENTED_EDGE ( 'NONE', *, *, #1403, .F. ) ;
#3993 = STYLED_ITEM ( 'NONE', ( #1643 ), #4023 ) ;
#3994 = EDGE_CURVE ( 'NONE', #859, #4158, #3781, .T. ) ;
#3995 = PLANE ( 'NONE',  #84 ) ;
#3996 = FACE_OUTER_BOUND ( 'NONE', #2046, .T. ) ;
#3997 = ORIENTED_EDGE ( 'NONE', *, *, #6126, .F. ) ;
#3998 = UNCERTAINTY_MEASURE_WITH_UNIT (LENGTH_MEASURE( 1.000000000000000082E-05 ), #1901, 'distance_accuracy_value', 'NONE');
#3999 = PRESENTATION_LAYER_ASSIGNMENT (  '', '', ( #6220 ) ) ;
#4000 = SURFACE_STYLE_FILL_AREA ( #3374 ) ;
#4001 = CARTESIAN_POINT ( 'NONE',  ( 0.3603187164337338100, 0.8251250982098667919, 0.3500000000000000333 ) ) ;
#4002 = CARTESIAN_POINT ( 'NONE',  ( 2.400000000000002132, -2.099999999999999645, -0.2999999999999993783 ) ) ;
#4003 = ORIENTED_EDGE ( 'NONE', *, *, #5184, .F. ) ;
#4004 = LINE ( 'NONE', #4459, #1339 ) ;
#4005 = EDGE_CURVE ( 'NONE', #4110, #5259, #1435, .T. ) ;
#4006 = CARTESIAN_POINT ( 'NONE',  ( 0.0000000000000000000, 0.0000000000000000000, -0.5699999999999999512 ) ) ;
#4007 = EDGE_LOOP ( 'NONE', ( #2549, #5795, #6857, #3915, #5764, #3677 ) ) ;
#4008 = ORIENTED_EDGE ( 'NONE', *, *, #3422, .F. ) ;
#4009 = SURFACE_STYLE_USAGE ( .BOTH. , #5986 ) ;
#4010 = LINE ( 'NONE', #705, #950 ) ;
#4011 = DIRECTION ( 'NONE',  ( -1.000000000000000000, 0.0000000000000000000, -3.252606517456519613E-15 ) ) ;
#4012 = MECHANICAL_DESIGN_GEOMETRIC_PRESENTATION_REPRESENTATION (  '', ( #4902 ), #5781 ) ;
#4013 = SURFACE_SIDE_STYLE ('',( #806 ) ) ;
#4014 = CARTESIAN_POINT ( 'NONE',  ( 2.500000000000002220, 2.500000000000002220, 0.0000000000000000000 ) ) ;
#4015 = PLANE ( 'NONE',  #4296 ) ;
#4016 = VECTOR ( 'NONE', #4058, 1000.000000000000000 ) ;
#4017 = DIRECTION ( 'NONE',  ( 0.0000000000000000000, 1.000000000000000000, 0.0000000000000000000 ) ) ;
#4018 = CARTESIAN_POINT ( 'NONE',  ( 2.500000000000002220, 2.465004534589632978, 0.4000000000000000222 ) ) ;
#4019 = CARTESIAN_POINT ( 'NONE',  ( -1.699999999999999956, 2.081899558550500280E-16, 0.3000000000000000444 ) ) ;
#4020 = ORIENTED_EDGE ( 'NONE', *, *, #505, .F. ) ;
#4021 = VECTOR ( 'NONE', #3900, 1000.000000000000000 ) ;
#4022 = FACE_OUTER_BOUND ( 'NONE', #2624, .T. ) ;
#4023 = ADVANCED_FACE ( 'NONE', ( #655 ), #5935, .T. ) ;
#4024 = CARTESIAN_POINT ( 'NONE',  ( -2.500000000000002220, 2.100000000000000089, 0.0000000000000000000 ) ) ;
#4025 = VERTEX_POINT ( 'NONE', #6031 ) ;
#4026 = CLOSED_SHELL ( 'NONE', ( #4801, #6252, #2501, #2144, #2495, #474, #1474, #1356, #5176, #3218, #3947, #2995, #5948, #4976, #407, #5586, #2075, #4423, #1814, #4273, #4333, #6206, #1306, #973, #4032, #256, #6333, #2463, #2649, #3304, #6414, #846, #6112, #300, #984, #3872, #2869, #5098, #4593, #4251, #6706, #3985, #590, #3623, #4324, #2362, #6108, #3653, #600, #6201, #6872, #3441, #1053, #4545, #2510, #3342, #2369, #4023, #5762, #3953, #6075, #3256, #2110, #5233, #6626, #4668, #6645, #764, #483, #3860, #6154, #456, #51, #1014, #1097, #2040, #6244, #4413, #3936, #3695, #4941, #6714, #2688, #3532, #2840, #3735, #5906, #5011, #1172, #2781, #640, #544, #2275, #680, #4638, #1060, #2665, #6273, #2933, #4452, #3154, #6839, #2352, #3064, #2614, #2974, #1183, #6731, #355, #1008, #5515, #3725 ) ) ;
#4027 =( GEOMETRIC_REPRESENTATION_CONTEXT ( 3 ) GLOBAL_UNCERTAINTY_ASSIGNED_CONTEXT ( ( #6842 ) ) GLOBAL_UNIT_ASSIGNED_CONTEXT ( ( #5454, #6677, #2946 ) ) REPRESENTATION_CONTEXT ( 'NONE', 'WORKASPACE' ) );
#4028 = FACE_OUTER_BOUND ( 'NONE', #3614, .T. ) ;
#4029 = ORIENTED_EDGE ( 'NONE', *, *, #2696, .T. ) ;
#4030 = PRESENTATION_LAYER_ASSIGNMENT (  '', '', ( #2907 ) ) ;
#4031 = COLOUR_RGB ( '',1.000000000000000000, 1.000000000000000000, 1.000000000000000000 ) ;
#4032 = ADVANCED_FACE ( 'NONE', ( #3214 ), #206, .F. ) ;
#4033 = LINE ( 'NONE', #2491, #1468 ) ;
#4034 = LINE ( 'NONE', #6187, #5414 ) ;
#4035 = FILL_AREA_STYLE ('',( #4594 ) ) ;
#4036 = SURFACE_STYLE_FILL_AREA ( #6752 ) ;
#4037 = ORIENTED_EDGE ( 'NONE', *, *, #749, .F. ) ;
#4038 = EDGE_CURVE ( 'NONE', #4577, #4376, #4442, .T. ) ;
#4039 = ORIENTED_EDGE ( 'NONE', *, *, #3609, .T. ) ;
#4040 = PLANE ( 'NONE',  #6595 ) ;
#4041 = EDGE_CURVE ( 'NONE', #2877, #6193, #6491, .T. ) ;
#4042 =( NAMED_UNIT ( * ) PLANE_ANGLE_UNIT ( ) SI_UNIT ( $, .RADIAN. ) );
#4043 = LINE ( 'NONE', #196, #5809 ) ;
#4044 =( NAMED_UNIT ( * ) PLANE_ANGLE_UNIT ( ) SI_UNIT ( $, .RADIAN. ) );
#4045 = DIRECTION ( 'NONE',  ( -0.0000000000000000000, -1.000000000000000000, -0.0000000000000000000 ) ) ;
#4046 = DIRECTION ( 'NONE',  ( 0.0000000000000000000, 0.0000000000000000000, 1.000000000000000000 ) ) ;
#4047 = AXIS2_PLACEMENT_3D ( 'NONE', #5130, #1371, #1299 ) ;
#4048 = DIRECTION ( 'NONE',  ( -0.0000000000000000000, 1.000000000000000000, -0.0000000000000000000 ) ) ;
#4049 = CARTESIAN_POINT ( 'NONE',  ( -1.700000000000000622, -1.199999999999999734, -0.7699999999999999067 ) ) ;
#4050 = CARTESIAN_POINT ( 'NONE',  ( -2.400000000000001243, 2.100000000000000089, -0.4699999999999998068 ) ) ;
#4051 = CARTESIAN_POINT ( 'NONE',  ( -1.700000000000000400, 1.200000000000000622, -0.7699999999999999067 ) ) ;
#4052 =( GEOMETRIC_REPRESENTATION_CONTEXT ( 3 ) GLOBAL_UNCERTAINTY_ASSIGNED_CONTEXT ( ( #4263 ) ) GLOBAL_UNIT_ASSIGNED_CONTEXT ( ( #298, #2882, #6616 ) ) REPRESENTATION_CONTEXT ( 'NONE', 'WORKASPACE' ) );
#4053 = LINE ( 'NONE', #1855, #6549 ) ;
#4054 = ORIENTED_EDGE ( 'NONE', *, *, #5914, .T. ) ;
#4055 = COLOUR_RGB ( '',1.000000000000000000, 1.000000000000000000, 1.000000000000000000 ) ;
#4056 = EDGE_LOOP ( 'NONE', ( #915, #1874, #1494, #4039 ) ) ;
#4057 = CARTESIAN_POINT ( 'NONE',  ( -2.700000000000001954, -1.199999999999999734, -0.3000000000000003220 ) ) ;
#4058 = DIRECTION ( 'NONE',  ( -1.000000000000000000, -0.0000000000000000000, -0.0000000000000000000 ) ) ;
#4059 = PRODUCT_DEFINITION_CONTEXT ( 'detailed design', #163, 'design' ) ;
#4060 = DIRECTION ( 'NONE',  ( -0.0000000000000000000, 0.0000000000000000000, 1.000000000000000000 ) ) ;
#4061 = DIRECTION ( 'NONE',  ( 1.000000000000000000, 0.0000000000000000000, 0.0000000000000000000 ) ) ;
#4062 = ORIENTED_EDGE ( 'NONE', *, *, #6489, .F. ) ;
#4063 = VECTOR ( 'NONE', #3871, 1000.000000000000000 ) ;
#4064 = SURFACE_STYLE_FILL_AREA ( #1382 ) ;
#4065 = SURFACE_STYLE_FILL_AREA ( #4484 ) ;
#4066 = EDGE_CURVE ( 'NONE', #434, #3060, #1205, .T. ) ;
#4067 = ORIENTED_EDGE ( 'NONE', *, *, #3703, .F. ) ;
#4068 = UNCERTAINTY_MEASURE_WITH_UNIT (LENGTH_MEASURE( 1.000000000000000082E-05 ), #3172, 'distance_accuracy_value', 'NONE');
#4069 = DIRECTION ( 'NONE',  ( 1.000000000000000000, -1.522241498270670007E-16, 0.0000000000000000000 ) ) ;
#4070 = CARTESIAN_POINT ( 'NONE',  ( 0.0000000000000000000, 0.0000000000000000000, 0.0000000000000000000 ) ) ;
#4071 = SURFACE_STYLE_USAGE ( .BOTH. , #1942 ) ;
#4072 = ORIENTED_EDGE ( 'NONE', *, *, #3356, .T. ) ;
#4073 = CARTESIAN_POINT ( 'NONE',  ( 0.4838201673205150821, 0.4046747618464905383, 0.4500000000000000666 ) ) ;
#4074 = ORIENTED_EDGE ( 'NONE', *, *, #1772, .T. ) ;
#4075 = VECTOR ( 'NONE', #1, 1000.000000000000000 ) ;
#4076 = EDGE_CURVE ( 'NONE', #4836, #4670, #1270, .T. ) ;
#4077 = EDGE_LOOP ( 'NONE', ( #40, #5598, #2479, #2389 ) ) ;
#4078 = CARTESIAN_POINT ( 'NONE',  ( -2.400000000000002132, -1.199999999999999734, -0.2999999999999993783 ) ) ;
#4079 = PLANE ( 'NONE',  #2257 ) ;
#4080 = LINE ( 'NONE', #3065, #2957 ) ;
#4081 = VECTOR ( 'NONE', #2535, 1000.000000000000000 ) ;
#4082 =( NAMED_UNIT ( * ) SI_UNIT ( $, .STERADIAN. ) SOLID_ANGLE_UNIT ( ) );
#4083 = CARTESIAN_POINT ( 'NONE',  ( -1.699999999999999956, 2.081899558550500280E-16, 0.3007161552948416916 ) ) ;
#4084 = DIRECTION ( 'NONE',  ( -1.000000000000000000, 0.0000000000000000000, 0.0000000000000000000 ) ) ;
#4085 = ORIENTED_EDGE ( 'NONE', *, *, #2205, .F. ) ;
#4086 = EDGE_CURVE ( 'NONE', #3228, #434, #2969, .T. ) ;
#4087 = VECTOR ( 'NONE', #4497, 1000.000000000000000 ) ;
#4088 = MECHANICAL_DESIGN_GEOMETRIC_PRESENTATION_REPRESENTATION (  '', ( #2623 ), #95 ) ;
#4089 = SURFACE_SIDE_STYLE ('',( #5129 ) ) ;
#4090 = PRESENTATION_STYLE_ASSIGNMENT (( #1958 ) ) ;
#4091 = LINE ( 'NONE', #6735, #2685 ) ;
#4092 = CARTESIAN_POINT ( 'NONE',  ( 0.2838201673205150710, 0.2046747618464905827, 0.3500000000000000333 ) ) ;
#4093 = AXIS2_PLACEMENT_3D ( 'NONE', #2301, #661, #5902 ) ;
#4094 =( LENGTH_UNIT ( ) NAMED_UNIT ( * ) SI_UNIT ( .MILLI., .METRE. ) );
#4095 = ADVANCED_FACE ( 'NONE', ( #5072 ), #3460, .T. ) ;
#4096 = ORIENTED_EDGE ( 'NONE', *, *, #2621, .F. ) ;
#4097 = CARTESIAN_POINT ( 'NONE',  ( -1.043697599916538765, 0.4413501301401799304, 0.4500000000000000666 ) ) ;
#4098 = CARTESIAN_POINT ( 'NONE',  ( -1.600000000000000089, -1.099999999999999645, -0.5699999999999999512 ) ) ;
#4099 = FACE_OUTER_BOUND ( 'NONE', #6076, .T. ) ;
#4100 = CARTESIAN_POINT ( 'NONE',  ( -2.470127565808668990, 2.200000000000000178, -0.5699999999999999512 ) ) ;
#4101 = ORIENTED_EDGE ( 'NONE', *, *, #3171, .F. ) ;
#4102 = SURFACE_STYLE_USAGE ( .BOTH. , #5584 ) ;
#4103 = SURFACE_STYLE_FILL_AREA ( #3014 ) ;
#4104 =( GEOMETRIC_REPRESENTATION_CONTEXT ( 3 ) GLOBAL_UNCERTAINTY_ASSIGNED_CONTEXT ( ( #3585 ) ) GLOBAL_UNIT_ASSIGNED_CONTEXT ( ( #3309, #5876, #668 ) ) REPRESENTATION_CONTEXT ( 'NONE', 'WORKASPACE' ) );
#4105 = ORIENTED_EDGE ( 'NONE', *, *, #4496, .T. ) ;
#4106 =( LENGTH_UNIT ( ) NAMED_UNIT ( * ) SI_UNIT ( .MILLI., .METRE. ) );
#4107 = FILL_AREA_STYLE ('',( #395 ) ) ;
#4108 = CIRCLE ( 'NONE', #3665, 0.3000000000000002665 ) ;
#4109 = DIRECTION ( 'NONE',  ( 0.0000000000000000000, 0.05233595624294388321, 0.9986295347545739443 ) ) ;
#4110 = VERTEX_POINT ( 'NONE', #4019 ) ;
#4111 =( NAMED_UNIT ( * ) PLANE_ANGLE_UNIT ( ) SI_UNIT ( $, .RADIAN. ) );
#4112 = VERTEX_POINT ( 'NONE', #1338 ) ;
#4113 = ORIENTED_EDGE ( 'NONE', *, *, #1989, .T. ) ;
#4114 = COLOUR_RGB ( '',0.8313725490196077761, 0.8392156862745098200, 0.8313725490196077761 ) ;
#4115 = DIRECTION ( 'NONE',  ( -3.043374519257556424E-15, 0.0000000000000000000, -1.000000000000000000 ) ) ;
#4116 = FACE_OUTER_BOUND ( 'NONE', #2561, .T. ) ;
#4117 = PRESENTATION_STYLE_ASSIGNMENT (( #2393 ) ) ;
#4118 = EDGE_CURVE ( 'NONE', #685, #4158, #1889, .T. ) ;
#4119 = CARTESIAN_POINT ( 'NONE',  ( -1.680009069179262848, 2.430009069179262848, 0.4000000000000000222 ) ) ;
#4120 = SURFACE_STYLE_USAGE ( .BOTH. , #3526 ) ;
#4121 = DIRECTION ( 'NONE',  ( 0.0000000000000000000, 0.0000000000000000000, 1.000000000000000000 ) ) ;
#4122 = AXIS2_PLACEMENT_3D ( 'NONE', #2302, #6109, #6005 ) ;
#4123 = VERTEX_POINT ( 'NONE', #379 ) ;
#4124 = FILL_AREA_STYLE_COLOUR ( '', #3050 ) ;
#4125 = SURFACE_SIDE_STYLE ('',( #1994 ) ) ;
#4126 = EDGE_CURVE ( 'NONE', #1067, #828, #6319, .T. ) ;
#4127 = SURFACE_STYLE_USAGE ( .BOTH. , #1507 ) ;
#4128 = DIRECTION ( 'NONE',  ( -0.08715574274765819363, -0.0000000000000000000, -0.9961946980917455452 ) ) ;
#4129 = SURFACE_STYLE_USAGE ( .BOTH. , #4231 ) ;
#4130 =( GEOMETRIC_REPRESENTATION_CONTEXT ( 3 ) GLOBAL_UNCERTAINTY_ASSIGNED_CONTEXT ( ( #1617 ) ) GLOBAL_UNIT_ASSIGNED_CONTEXT ( ( #1111, #5913, #4947 ) ) REPRESENTATION_CONTEXT ( 'NONE', 'WORKASPACE' ) );
#4131 = ORIENTED_EDGE ( 'NONE', *, *, #3134, .F. ) ;
#4132 = LINE ( 'NONE', #4759, #6153 ) ;
#4133 = DIRECTION ( 'NONE',  ( -1.000000000000000000, 0.0000000000000000000, 0.0000000000000000000 ) ) ;
#4134 = DIRECTION ( 'NONE',  ( 0.0000000000000000000, 1.000000000000000000, 0.0000000000000000000 ) ) ;
#4135 = VECTOR ( 'NONE', #4134, 1000.000000000000000 ) ;
#4136 = EDGE_CURVE ( 'NONE', #5577, #6572, #2370, .T. ) ;
#4137 = CARTESIAN_POINT ( 'NONE',  ( 0.0000000000000000000, 0.0000000000000000000, 0.3500000000000000333 ) ) ;
#4138 = CARTESIAN_POINT ( 'NONE',  ( 0.4838201673205150821, 1.116322564166215559, 0.4500000000000000666 ) ) ;
#4139 = VERTEX_POINT ( 'NONE', #2478 ) ;
#4140 = AXIS2_PLACEMENT_3D ( 'NONE', #5676, #4751, #1504 ) ;
#4141 = DIRECTION ( 'NONE',  ( -0.0000000000000000000, -0.0000000000000000000, -1.000000000000000000 ) ) ;
#4142 = VERTEX_POINT ( 'NONE', #4508 ) ;
#4143 = UNCERTAINTY_MEASURE_WITH_UNIT (LENGTH_MEASURE( 1.000000000000000082E-05 ), #2651, 'distance_accuracy_value', 'NONE');
#4144 = CARTESIAN_POINT ( 'NONE',  ( -2.700000000000002842, 1.200000000000000400, -6.982962677686266711E-16 ) ) ;
#4145 = PRESENTATION_LAYER_ASSIGNMENT (  '', '', ( #2122 ) ) ;
#4146 =( NAMED_UNIT ( * ) SI_UNIT ( $, .STERADIAN. ) SOLID_ANGLE_UNIT ( ) );
#4147 = ORIENTED_EDGE ( 'NONE', *, *, #3528, .T. ) ;
#4148 = FACE_OUTER_BOUND ( 'NONE', #5559, .T. ) ;
#4149 = EDGE_LOOP ( 'NONE', ( #105, #3573, #1587, #3118 ) ) ;
#4150 = ORIENTED_EDGE ( 'NONE', *, *, #760, .F. ) ;
#4151 = STYLED_ITEM ( 'NONE', ( #3018 ), #6163 ) ;
#4152 = DIRECTION ( 'NONE',  ( 1.000000000000000000, 2.520540444682888024E-16, -0.0000000000000000000 ) ) ;
#4153 =( LENGTH_UNIT ( ) NAMED_UNIT ( * ) SI_UNIT ( .MILLI., .METRE. ) );
#4154 = AXIS2_PLACEMENT_3D ( 'NONE', #2439, #1298, #3418 ) ;
#4155 = DIRECTION ( 'NONE',  ( 1.000000000000000000, -1.400746772075018613E-16, 0.0000000000000000000 ) ) ;
#4156 = STYLED_ITEM ( 'NONE', ( #343 ), #6252 ) ;
#4157 = DIRECTION ( 'NONE',  ( -0.0000000000000000000, 0.0000000000000000000, 1.000000000000000000 ) ) ;
#4158 = VERTEX_POINT ( 'NONE', #235 ) ;
#4159 = EDGE_CURVE ( 'NONE', #3627, #6501, #4999, .T. ) ;
#4160 = CARTESIAN_POINT ( 'NONE',  ( -2.463314554501873754, -2.199999999999999734, -0.6999999999999999556 ) ) ;
#4161 = COLOUR_RGB ( '',1.000000000000000000, 1.000000000000000000, 1.000000000000000000 ) ;
#4162 = SURFACE_STYLE_FILL_AREA ( #6788 ) ;
#4163 = DIRECTION ( 'NONE',  ( 1.000000000000000000, 0.0000000000000000000, 0.0000000000000000000 ) ) ;
#4164 = PRESENTATION_STYLE_ASSIGNMENT (( #4127 ) ) ;
#4165 = SURFACE_SIDE_STYLE ('',( #3570 ) ) ;
#4166 =( LENGTH_UNIT ( ) NAMED_UNIT ( * ) SI_UNIT ( .MILLI., .METRE. ) );
#4167 = VECTOR ( 'NONE', #861, 1000.000000000000000 ) ;
#4168 = VERTEX_POINT ( 'NONE', #4474 ) ;
#4169 = EDGE_CURVE ( 'NONE', #561, #4224, #6593, .T. ) ;
#4170 = DIRECTION ( 'NONE',  ( -0.0000000000000000000, -1.000000000000000000, -0.0000000000000000000 ) ) ;
#4171 =( NAMED_UNIT ( * ) SI_UNIT ( $, .STERADIAN. ) SOLID_ANGLE_UNIT ( ) );
#4172 = STYLED_ITEM ( 'NONE', ( #2224 ), #1008 ) ;
#4173 = EDGE_CURVE ( 'NONE', #4158, #2643, #3500, .T. ) ;
#4174 =( NAMED_UNIT ( * ) SI_UNIT ( $, .STERADIAN. ) SOLID_ANGLE_UNIT ( ) );
#4175 = ORIENTED_EDGE ( 'NONE', *, *, #5264, .T. ) ;
#4176 = SURFACE_SIDE_STYLE ('',( #4103 ) ) ;
#4177 = EDGE_CURVE ( 'NONE', #6483, #6463, #1304, .T. ) ;
#4178 = ORIENTED_EDGE ( 'NONE', *, *, #5377, .T. ) ;
#4179 = FILL_AREA_STYLE_COLOUR ( '', #6642 ) ;
#4180 = SHAPE_DEFINITION_REPRESENTATION ( #645, #6271 ) ;
#4181 = ORIENTED_EDGE ( 'NONE', *, *, #4757, .F. ) ;
#4182 = EDGE_CURVE ( 'NONE', #2663, #686, #4053, .T. ) ;
#4183 = VECTOR ( 'NONE', #4992, 1000.000000000000000 ) ;
#4184 = ORIENTED_EDGE ( 'NONE', *, *, #5266, .F. ) ;
#4185 = SURFACE_SIDE_STYLE ('',( #2049 ) ) ;
#4186 = LINE ( 'NONE', #4567, #6798 ) ;
#4187 = DIRECTION ( 'NONE',  ( 0.0000000000000000000, 0.0000000000000000000, -1.000000000000000000 ) ) ;
#4188 = AXIS2_PLACEMENT_3D ( 'NONE', #80, #2150, #3196 ) ;
#4189 = FACE_OUTER_BOUND ( 'NONE', #2355, .T. ) ;
#4190 = FILL_AREA_STYLE_COLOUR ( '', #2268 ) ;
#4191 = ORIENTED_EDGE ( 'NONE', *, *, #2822, .T. ) ;
#4192 = MECHANICAL_DESIGN_GEOMETRIC_PRESENTATION_REPRESENTATION (  '', ( #5293 ), #638 ) ;
#4193 = MECHANICAL_DESIGN_GEOMETRIC_PRESENTATION_REPRESENTATION (  '', ( #2394 ), #3184 ) ;
#4194 = AXIS2_PLACEMENT_3D ( 'NONE', #765, #2872, #5014 ) ;
#4195 = CARTESIAN_POINT ( 'NONE',  ( -2.500000000000002220, -1.099999999999999423, 0.0000000000000000000 ) ) ;
#4196 = SURFACE_SIDE_STYLE ('',( #3568 ) ) ;
#4197 = AXIS2_PLACEMENT_3D ( 'NONE', #3391, #4440, #6698 ) ;
#4198 = MECHANICAL_DESIGN_GEOMETRIC_PRESENTATION_REPRESENTATION (  '', ( #1416 ), #639 ) ;
#4199 = ORIENTED_EDGE ( 'NONE', *, *, #1436, .T. ) ;
#4200 = CARTESIAN_POINT ( 'NONE',  ( 0.0000000000000000000, -2.099999999999999645, -0.5699999999999999512 ) ) ;
#4201 = DIRECTION ( 'NONE',  ( 1.000000000000000000, 2.710505431213761578E-16, -0.0000000000000000000 ) ) ;
#4202 = VECTOR ( 'NONE', #3019, 1000.000000000000000 ) ;
#4203 =( NAMED_UNIT ( * ) PLANE_ANGLE_UNIT ( ) SI_UNIT ( $, .RADIAN. ) );
#4204 = EDGE_CURVE ( 'NONE', #6598, #617, #6178, .T. ) ;
#4205 = PLANE ( 'NONE',  #2878 ) ;
#4206 = ORIENTED_EDGE ( 'NONE', *, *, #521, .T. ) ;
#4207 = VECTOR ( 'NONE', #5756, 1000.000000000000000 ) ;
#4208 = CARTESIAN_POINT ( 'NONE',  ( 0.0000000000000000000, 0.0000000000000000000, -0.5699999999999999512 ) ) ;
#4209 = VERTEX_POINT ( 'NONE', #4345 ) ;
#4210 = UNCERTAINTY_MEASURE_WITH_UNIT (LENGTH_MEASURE( 1.000000000000000082E-05 ), #4153, 'distance_accuracy_value', 'NONE');
#4211 = CYLINDRICAL_SURFACE ( 'NONE', #4093, 0.1500000000000000222 ) ;
#4212 = EDGE_CURVE ( 'NONE', #1452, #767, #3159, .T. ) ;
#4213 = CARTESIAN_POINT ( 'NONE',  ( 0.5500000000000000444, 6.735557395310442516E-17, -0.5699999999999999512 ) ) ;
#4214 = ORIENTED_EDGE ( 'NONE', *, *, #2232, .F. ) ;
#4215 = SURFACE_STYLE_FILL_AREA ( #400 ) ;
#4216 = VERTEX_POINT ( 'NONE', #523 ) ;
#4217 = STYLED_ITEM ( 'NONE', ( #5388 ), #3813 ) ;
#4218 = CARTESIAN_POINT ( 'NONE',  ( 0.2838201673205150710, -0.4871897488101240015, 0.4500000000000000666 ) ) ;
#4219 = EDGE_CURVE ( 'NONE', #977, #4900, #5942, .T. ) ;
#4220 = FACE_OUTER_BOUND ( 'NONE', #2539, .T. ) ;
#4221 = CARTESIAN_POINT ( 'NONE',  ( -2.700000000000002842, 1.200000000000000400, -6.982962677686266711E-16 ) ) ;
#4222 = FILL_AREA_STYLE_COLOUR ( '', #3572 ) ;
#4223 = PRESENTATION_STYLE_ASSIGNMENT (( #6727 ) ) ;
#4224 = VERTEX_POINT ( 'NONE', #3223 ) ;
#4225 = VECTOR ( 'NONE', #6138, 1000.000000000000000 ) ;
#4226 =( LENGTH_UNIT ( ) NAMED_UNIT ( * ) SI_UNIT ( .MILLI., .METRE. ) );
#4227 = PRESENTATION_STYLE_ASSIGNMENT (( #1047 ) ) ;
#4228 = CARTESIAN_POINT ( 'NONE',  ( 2.700000000000000622, 2.100000000000000089, -0.5700000000000006173 ) ) ;
#4229 = CYLINDRICAL_SURFACE ( 'NONE', #2968, 0.3000000000000003775 ) ;
#4230 =( LENGTH_UNIT ( ) NAMED_UNIT ( * ) SI_UNIT ( .MILLI., .METRE. ) );
#4231 = SURFACE_SIDE_STYLE ('',( #1543 ) ) ;
#4232 = ORIENTED_EDGE ( 'NONE', *, *, #2926, .F. ) ;
#4233 = VECTOR ( 'NONE', #4045, 1000.000000000000000 ) ;
#4234 = FACE_OUTER_BOUND ( 'NONE', #2949, .T. ) ;
#4235 = LINE ( 'NONE', #928, #3377 ) ;
#4236 = DIRECTION ( 'NONE',  ( -1.000000000000000000, 4.818676322157797375E-16, 0.0000000000000000000 ) ) ;
#4237 = VECTOR ( 'NONE', #5901, 1000.000000000000114 ) ;
#4238 = DIRECTION ( 'NONE',  ( 1.000000000000000000, -0.0000000000000000000, -0.0000000000000000000 ) ) ;
#4239 = VERTEX_POINT ( 'NONE', #2625 ) ;
#4240 =( NAMED_UNIT ( * ) PLANE_ANGLE_UNIT ( ) SI_UNIT ( $, .RADIAN. ) );
#4241 = ORIENTED_EDGE ( 'NONE', *, *, #1948, .F. ) ;
#4242 = COLOUR_RGB ( '',1.000000000000000000, 1.000000000000000000, 1.000000000000000000 ) ;
#4243 = EDGE_CURVE ( 'NONE', #5103, #6118, #4283, .T. ) ;
#4244 = DIRECTION ( 'NONE',  ( 1.000000000000000000, 0.0000000000000000000, 0.0000000000000000000 ) ) ;
#4245 = FILL_AREA_STYLE_COLOUR ( '', #6217 ) ;
#4246 = ORIENTED_EDGE ( 'NONE', *, *, #2586, .F. ) ;
#4247 = CIRCLE ( 'NONE', #4574, 0.1499999999999999667 ) ;
#4248 = CARTESIAN_POINT ( 'NONE',  ( -0.5500000000000000444, 0.0000000000000000000, -0.5699999999999999512 ) ) ;
#4249 = ORIENTED_EDGE ( 'NONE', *, *, #5019, .T. ) ;
#4250 = VERTEX_POINT ( 'NONE', #4213 ) ;
#4251 = ADVANCED_FACE ( 'NONE', ( #3682 ), #1690, .T. ) ;
#4252 = AXIS2_PLACEMENT_3D ( 'NONE', #3630, #1496, #4642 ) ;
#4253 =( LENGTH_UNIT ( ) NAMED_UNIT ( * ) SI_UNIT ( .MILLI., .METRE. ) );
#4254 = EDGE_CURVE ( 'NONE', #5701, #3591, #117, .T. ) ;
#4255 = FILL_AREA_STYLE ('',( #4290 ) ) ;
#4256 = FILL_AREA_STYLE_COLOUR ( '', #6544 ) ;
#4257 = DIRECTION ( 'NONE',  ( -1.000000000000000000, 0.0000000000000000000, 0.0000000000000000000 ) ) ;
#4258 = CARTESIAN_POINT ( 'NONE',  ( 0.0000000000000000000, 0.0000000000000000000, 0.3007161552948416916 ) ) ;
#4259 = EDGE_LOOP ( 'NONE', ( #4596, #3610, #2106, #2489 ) ) ;
#4260 = MECHANICAL_DESIGN_GEOMETRIC_PRESENTATION_REPRESENTATION (  '', ( #6474 ), #4027 ) ;
#4261 = EDGE_CURVE ( 'NONE', #4746, #5977, #1438, .T. ) ;
#4262 = SURFACE_STYLE_FILL_AREA ( #1569 ) ;
#4263 = UNCERTAINTY_MEASURE_WITH_UNIT (LENGTH_MEASURE( 1.000000000000000082E-05 ), #298, 'distance_accuracy_value', 'NONE');
#4264 = CARTESIAN_POINT ( 'NONE',  ( 0.2103187164337324833, 0.4570589046025521629, 0.3500000000000000333 ) ) ;
#4265 = AXIS2_PLACEMENT_3D ( 'NONE', #3072, #2542, #6823 ) ;
#4266 = CARTESIAN_POINT ( 'NONE',  ( -1.600000000000000311, -2.199999999999999734, -0.5699999999999999512 ) ) ;
#4267 = VECTOR ( 'NONE', #782, 1000.000000000000000 ) ;
#4268 = SURFACE_STYLE_USAGE ( .BOTH. , #675 ) ;
#4269 = CARTESIAN_POINT ( 'NONE',  ( 0.3603187164337327553, 0.9751250982098667031, 0.3500000000000000333 ) ) ;
#4270 = DIRECTION ( 'NONE',  ( -1.000000000000000000, -2.404031325876694646E-16, 0.0000000000000000000 ) ) ;
#4271 =( GEOMETRIC_REPRESENTATION_CONTEXT ( 3 ) GLOBAL_UNCERTAINTY_ASSIGNED_CONTEXT ( ( #6498 ) ) GLOBAL_UNIT_ASSIGNED_CONTEXT ( ( #1665, #642, #2254 ) ) REPRESENTATION_CONTEXT ( 'NONE', 'WORKASPACE' ) );
#4272 = VERTEX_POINT ( 'NONE', #6873 ) ;
#4273 = ADVANCED_FACE ( 'NONE', ( #1037 ), #2140, .F. ) ;
#4274 = CARTESIAN_POINT ( 'NONE',  ( -2.470127565808668990, 2.500000000000002220, -0.5699999999999999512 ) ) ;
#4275 = VECTOR ( 'NONE', #3575, 1000.000000000000000 ) ;
#4276 = CARTESIAN_POINT ( 'NONE',  ( -2.400000000000001243, -1.199999999999999734, -0.4699999999999998068 ) ) ;
#4277 = ORIENTED_EDGE ( 'NONE', *, *, #6531, .F. ) ;
#4278 = VERTEX_POINT ( 'NONE', #4972 ) ;
#4279 = AXIS2_PLACEMENT_3D ( 'NONE', #4049, #2441, #883 ) ;
#4280 = EDGE_LOOP ( 'NONE', ( #4764, #1786, #6000, #2425, #1999, #2866, #6560, #183, #4181 ) ) ;
#4281 = DIRECTION ( 'NONE',  ( 0.0000000000000000000, 0.0000000000000000000, 1.000000000000000000 ) ) ;
#4282 = UNCERTAINTY_MEASURE_WITH_UNIT (LENGTH_MEASURE( 1.000000000000000082E-05 ), #3133, 'distance_accuracy_value', 'NONE');
#4283 = LINE ( 'NONE', #1072, #2309 ) ;
#4284 = VERTEX_POINT ( 'NONE', #4481 ) ;
#4285 =( GEOMETRIC_REPRESENTATION_CONTEXT ( 3 ) GLOBAL_UNCERTAINTY_ASSIGNED_CONTEXT ( ( #4068 ) ) GLOBAL_UNIT_ASSIGNED_CONTEXT ( ( #3172, #2475, #2608 ) ) REPRESENTATION_CONTEXT ( 'NONE', 'WORKASPACE' ) );
#4286 = DIRECTION ( 'NONE',  ( 0.0000000000000000000, 1.000000000000000000, 0.0000000000000000000 ) ) ;
#4287 = ORIENTED_EDGE ( 'NONE', *, *, #4919, .F. ) ;
#4288 = STYLED_ITEM ( 'NONE', ( #6838 ), #1493 ) ;
#4289 = SURFACE_STYLE_FILL_AREA ( #3265 ) ;
#4290 = FILL_AREA_STYLE_COLOUR ( '', #5842 ) ;
#4291 = ORIENTED_EDGE ( 'NONE', *, *, #5188, .F. ) ;
#4292 = SURFACE_SIDE_STYLE ('',( #3195 ) ) ;
#4293 = EDGE_CURVE ( 'NONE', #1678, #2074, #242, .T. ) ;
#4294 = VECTOR ( 'NONE', #5364, 1000.000000000000000 ) ;
#4295 = DIRECTION ( 'NONE',  ( 0.0000000000000000000, -0.0000000000000000000, -1.000000000000000000 ) ) ;
#4296 = AXIS2_PLACEMENT_3D ( 'NONE', #2960, #5096, #5226 ) ;
#4297 = FILL_AREA_STYLE_COLOUR ( '', #5637 ) ;
#4298 = SURFACE_STYLE_FILL_AREA ( #3736 ) ;
#4299 = LINE ( 'NONE', #123, #5745 ) ;
#4300 = EDGE_CURVE ( 'NONE', #5758, #6469, #3888, .T. ) ;
#4301 = LINE ( 'NONE', #569, #1395 ) ;
#4302 = ORIENTED_EDGE ( 'NONE', *, *, #1862, .T. ) ;
#4303 = STYLED_ITEM ( 'NONE', ( #1459 ), #6664 ) ;
#4304 = FILL_AREA_STYLE ('',( #2256 ) ) ;
#4305 = CARTESIAN_POINT ( 'NONE',  ( 2.500000000000002220, -2.500000000000002220, 0.0000000000000000000 ) ) ;
#4306 = FILL_AREA_STYLE_COLOUR ( '', #6107 ) ;
#4307 = ADVANCED_FACE ( 'NONE', ( #4416 ), #6500, .F. ) ;
#4308 = STYLED_ITEM ( 'NONE', ( #2596 ), #6271 ) ;
#4309 = VERTEX_POINT ( 'NONE', #1278 ) ;
#4310 = ORIENTED_EDGE ( 'NONE', *, *, #773, .F. ) ;
#4311 = AXIS2_PLACEMENT_3D ( 'NONE', #2323, #2288, #1880 ) ;
#4312 = AXIS2_PLACEMENT_3D ( 'NONE', #4752, #3734, #3201 ) ;
#4313 = PLANE ( 'NONE',  #6339 ) ;
#4314 = VECTOR ( 'NONE', #1028, 1000.000000000000000 ) ;
#4315 = ORIENTED_EDGE ( 'NONE', *, *, #1042, .T. ) ;
#4316 = ORIENTED_EDGE ( 'NONE', *, *, #5377, .F. ) ;
#4317 = CARTESIAN_POINT ( 'NONE',  ( 0.0000000000000000000, 0.0000000000000000000, 0.4000000000000000222 ) ) ;
#4318 = DIRECTION ( 'NONE',  ( -1.000000000000000000, 0.0000000000000000000, -3.252606517456519613E-15 ) ) ;
#4319 = ORIENTED_EDGE ( 'NONE', *, *, #793, .F. ) ;
#4320 = PRESENTATION_STYLE_ASSIGNMENT (( #5322 ) ) ;
#4321 = DIRECTION ( 'NONE',  ( 1.000000000000000000, -0.0000000000000000000, -0.0000000000000000000 ) ) ;
#4322 = EDGE_LOOP ( 'NONE', ( #4444, #3625, #6303, #2627 ) ) ;
#4323 = VECTOR ( 'NONE', #3763, 1000.000000000000000 ) ;
#4324 = ADVANCED_FACE ( 'NONE', ( #3856 ), #2340, .F. ) ;
#4325 = UNCERTAINTY_MEASURE_WITH_UNIT (LENGTH_MEASURE( 1.000000000000000082E-05 ), #1499, 'distance_accuracy_value', 'NONE');
#4326 = DIRECTION ( 'NONE',  ( -0.0000000000000000000, -0.0000000000000000000, -1.000000000000000000 ) ) ;
#4327 = LINE ( 'NONE', #6441, #2225 ) ;
#4328 = SURFACE_SIDE_STYLE ('',( #2190 ) ) ;
#4329 = COLOUR_RGB ( '',0.8980392156862745390, 0.9215686274509803377, 0.9294117647058823817 ) ;
#4330 = DIRECTION ( 'NONE',  ( -1.000000000000000000, 0.0000000000000000000, 0.0000000000000000000 ) ) ;
#4331 = ORIENTED_EDGE ( 'NONE', *, *, #223, .T. ) ;
#4332 = CIRCLE ( 'NONE', #5007, 0.1499999999999999667 ) ;
#4333 = ADVANCED_FACE ( 'NONE', ( #5974 ), #283, .F. ) ;
#4334 =( NAMED_UNIT ( * ) PLANE_ANGLE_UNIT ( ) SI_UNIT ( $, .RADIAN. ) );
#4335 = SURFACE_STYLE_USAGE ( .BOTH. , #2131 ) ;
#4336 = CARTESIAN_POINT ( 'NONE',  ( 2.700000000000001510, -2.099999999999999645, -0.4700000000000008060 ) ) ;
#4337 = FILL_AREA_STYLE_COLOUR ( '', #4114 ) ;
#4338 = ORIENTED_EDGE ( 'NONE', *, *, #3574, .F. ) ;
#4339 = PRESENTATION_LAYER_ASSIGNMENT (  '', '', ( #1554 ) ) ;
#4340 = ORIENTED_EDGE ( 'NONE', *, *, #6539, .F. ) ;
#4341 = EDGE_CURVE ( 'NONE', #4577, #3657, #5688, .T. ) ;
#4342 = LINE ( 'NONE', #4934, #1228 ) ;
#4343 = UNCERTAINTY_MEASURE_WITH_UNIT (LENGTH_MEASURE( 1.000000000000000082E-05 ), #1165, 'distance_accuracy_value', 'NONE');
#4344 = CARTESIAN_POINT ( 'NONE',  ( -1.699999999999999956, 2.081899558550500280E-16, 0.3007161552948416916 ) ) ;
#4345 = CARTESIAN_POINT ( 'NONE',  ( -0.1415856775653445976, -0.1584055984559433750, 0.3500000000000000333 ) ) ;
#4346 = ORIENTED_EDGE ( 'NONE', *, *, #3516, .T. ) ;
#4347 = LINE ( 'NONE', #554, #5840 ) ;
#4348 = VERTEX_POINT ( 'NONE', #4138 ) ;
#4349 = FILL_AREA_STYLE_COLOUR ( '', #1911 ) ;
#4350 = VECTOR ( 'NONE', #3140, 1000.000000000000114 ) ;
#4351 = DIRECTION ( 'NONE',  ( 1.000000000000000000, 0.0000000000000000000, -0.0000000000000000000 ) ) ;
#4352 = DIRECTION ( 'NONE',  ( -0.0000000000000000000, -0.0000000000000000000, -1.000000000000000000 ) ) ;
#4353 = FILL_AREA_STYLE ('',( #2084 ) ) ;
#4354 = DIRECTION ( 'NONE',  ( 1.000000000000000000, 0.0000000000000000000, 0.0000000000000000000 ) ) ;
#4355 = VERTEX_POINT ( 'NONE', #6147 ) ;
#4356 = MECHANICAL_DESIGN_GEOMETRIC_PRESENTATION_REPRESENTATION (  '', ( #4912 ), #370 ) ;
#4357 = DIRECTION ( 'NONE',  ( 1.000000000000000000, 2.710505431213759113E-16, 0.0000000000000000000 ) ) ;
#4358 = DIRECTION ( 'NONE',  ( -0.0000000000000000000, -0.0000000000000000000, -1.000000000000000000 ) ) ;
#4359 =( LENGTH_UNIT ( ) NAMED_UNIT ( * ) SI_UNIT ( .MILLI., .METRE. ) );
#4360 = CARTESIAN_POINT ( 'NONE',  ( -0.5500000000000001554, 2.254834989607331863, -0.6999999999999999556 ) ) ;
#4361 = LINE ( 'NONE', #3803, #6304 ) ;
#4362 = LINE ( 'NONE', #2779, #5723 ) ;
#4363 = EDGE_CURVE ( 'NONE', #6501, #6433, #4332, .T. ) ;
#4364 = EDGE_LOOP ( 'NONE', ( #5118, #1817, #4516, #1794 ) ) ;
#4365 = CARTESIAN_POINT ( 'NONE',  ( 2.500000000000002220, -2.500000000000002220, 0.0000000000000000000 ) ) ;
#4366 = STYLED_ITEM ( 'NONE', ( #6450 ), #172 ) ;
#4367 =( NAMED_UNIT ( * ) PLANE_ANGLE_UNIT ( ) SI_UNIT ( $, .RADIAN. ) );
#4368 = CARTESIAN_POINT ( 'NONE',  ( 1.700000000000000622, -1.199999999999999734, -0.7699999999999999067 ) ) ;
#4369 = FACE_OUTER_BOUND ( 'NONE', #6101, .T. ) ;
#4370 = FACE_BOUND ( 'NONE', #6289, .T. ) ;
#4371 = PLANE ( 'NONE',  #6670 ) ;
#4372 = ORIENTED_EDGE ( 'NONE', *, *, #793, .T. ) ;
#4373 = COLOUR_RGB ( '',0.8980392156862745390, 0.9215686274509803377, 0.9294117647058823817 ) ;
#4374 = AXIS2_PLACEMENT_3D ( 'NONE', #1232, #1128, #2754 ) ;
#4375 = EDGE_CURVE ( 'NONE', #1391, #1239, #6671, .T. ) ;
#4376 = VERTEX_POINT ( 'NONE', #2035 ) ;
#4377 = FILL_AREA_STYLE ('',( #1135 ) ) ;
#4378 = VECTOR ( 'NONE', #2172, 1000.000000000000000 ) ;
#4379 = MECHANICAL_DESIGN_GEOMETRIC_PRESENTATION_REPRESENTATION (  '', ( #4486 ), #5366 ) ;
#4380 = ORIENTED_EDGE ( 'NONE', *, *, #3739, .F. ) ;
#4381 = EDGE_CURVE ( 'NONE', #5812, #2564, #5655, .T. ) ;
#4382 = VERTEX_POINT ( 'NONE', #2485 ) ;
#4383 = AXIS2_PLACEMENT_3D ( 'NONE', #1671, #6521, #2677 ) ;
#4384 = ORIENTED_EDGE ( 'NONE', *, *, #4005, .T. ) ;
#4385 = DIRECTION ( 'NONE',  ( -0.0000000000000000000, -0.0000000000000000000, -1.000000000000000000 ) ) ;
#4386 = ORIENTED_EDGE ( 'NONE', *, *, #637, .T. ) ;
#4387 = CYLINDRICAL_SURFACE ( 'NONE', #2770, 0.1499999999999999667 ) ;
#4388 = ADVANCED_FACE ( 'NONE', ( #4625 ), #895, .F. ) ;
#4389 = LINE ( 'NONE', #6471, #5182 ) ;
#4390 = ORIENTED_EDGE ( 'NONE', *, *, #900, .T. ) ;
#4391 = DIRECTION ( 'NONE',  ( -0.0000000000000000000, -0.0000000000000000000, -1.000000000000000000 ) ) ;
#4392 = DIRECTION ( 'NONE',  ( -8.998760675425412313E-17, 1.000000000000000000, -0.0000000000000000000 ) ) ;
#4393 = CARTESIAN_POINT ( 'NONE',  ( 2.486873320506370000, -2.099999999999999645, -0.2504719656739949341 ) ) ;
#4394 = CARTESIAN_POINT ( 'NONE',  ( 0.2103187164337327886, -2.056952929731181712, 0.3500000000000000333 ) ) ;
#4395 = PRESENTATION_STYLE_ASSIGNMENT (( #6445 ) ) ;
#4396 = VECTOR ( 'NONE', #5301, 1000.000000000000000 ) ;
#4397 = DIRECTION ( 'NONE',  ( 0.0000000000000000000, 0.0000000000000000000, 1.000000000000000000 ) ) ;
#4398 = COLOUR_RGB ( '',0.8980392156862745390, 0.9215686274509803377, 0.9294117647058823817 ) ;
#4399 =( LENGTH_UNIT ( ) NAMED_UNIT ( * ) SI_UNIT ( .MILLI., .METRE. ) );
#4400 = SURFACE_SIDE_STYLE ('',( #5891 ) ) ;
#4401 =( NAMED_UNIT ( * ) PLANE_ANGLE_UNIT ( ) SI_UNIT ( $, .RADIAN. ) );
#4402 = DIRECTION ( 'NONE',  ( 1.000000000000000000, 4.818676322157797375E-16, -3.047392128993071134E-15 ) ) ;
#4403 = DIRECTION ( 'NONE',  ( 0.05226442768871396305, -0.05226442768871396305, 0.9972646886342373396 ) ) ;
#4404 = FILL_AREA_STYLE_COLOUR ( '', #448 ) ;
#4405 = ORIENTED_EDGE ( 'NONE', *, *, #1989, .F. ) ;
#4406 = STYLED_ITEM ( 'NONE', ( #5833 ), #2426 ) ;
#4407 = ORIENTED_EDGE ( 'NONE', *, *, #2830, .T. ) ;
#4408 = ORIENTED_EDGE ( 'NONE', *, *, #4649, .T. ) ;
#4409 = MECHANICAL_DESIGN_GEOMETRIC_PRESENTATION_REPRESENTATION (  '', ( #199 ), #1962 ) ;
#4410 = CARTESIAN_POINT ( 'NONE',  ( 1.700000000000000400, -2.099999999999999645, -0.5699999999999999512 ) ) ;
#4411 = AXIS2_PLACEMENT_3D ( 'NONE', #457, #5218, #1454 ) ;
#4412 = UNCERTAINTY_MEASURE_WITH_UNIT (LENGTH_MEASURE( 1.000000000000000082E-05 ), #5418, 'distance_accuracy_value', 'NONE');
#4413 = ADVANCED_FACE ( 'NONE', ( #6214 ), #2415, .F. ) ;
#4414 = STYLED_ITEM ( 'NONE', ( #3762 ), #6731 ) ;
#4415 = DIRECTION ( 'NONE',  ( -0.0000000000000000000, -0.0000000000000000000, -1.000000000000000000 ) ) ;
#4416 = FACE_OUTER_BOUND ( 'NONE', #3895, .T. ) ;
#4417 = EDGE_LOOP ( 'NONE', ( #4564, #701, #1756, #112 ) ) ;
#4418 = FACE_OUTER_BOUND ( 'NONE', #4077, .T. ) ;
#4419 = VERTEX_POINT ( 'NONE', #5339 ) ;
#4420 = COLOUR_RGB ( '',1.000000000000000000, 1.000000000000000000, 1.000000000000000000 ) ;
#4421 = AXIS2_PLACEMENT_3D ( 'NONE', #4553, #4661, #6149 ) ;
#4422 = VERTEX_POINT ( 'NONE', #4763 ) ;
#4423 = ADVANCED_FACE ( 'NONE', ( #1642 ), #4205, .F. ) ;
#4424 = FILL_AREA_STYLE_COLOUR ( '', #698 ) ;
#4425 = PLANE ( 'NONE',  #3550 ) ;
#4426 = CARTESIAN_POINT ( 'NONE',  ( 0.2838201673205150710, 0.2046747618464905827, 0.4500000000000000666 ) ) ;
#4427 = DIRECTION ( 'NONE',  ( 0.0000000000000000000, 0.0000000000000000000, 1.000000000000000000 ) ) ;
#4428 = VERTEX_POINT ( 'NONE', #4336 ) ;
#4429 = PRESENTATION_STYLE_ASSIGNMENT (( #3868 ) ) ;
#4430 = EDGE_CURVE ( 'NONE', #1033, #2863, #1676, .T. ) ;
#4431 = SURFACE_STYLE_USAGE ( .BOTH. , #2357 ) ;
#4432 = DIRECTION ( 'NONE',  ( -1.000000000000000000, 0.0000000000000000000, 0.0000000000000000000 ) ) ;
#4433 = DIRECTION ( 'NONE',  ( 2.409338161078899674E-16, 1.000000000000000000, 0.0000000000000000000 ) ) ;
#4434 = DIRECTION ( 'NONE',  ( -0.0000000000000000000, 0.0000000000000000000, -1.000000000000000000 ) ) ;
#4435 = SURFACE_SIDE_STYLE ('',( #1812 ) ) ;
#4436 = DIRECTION ( 'NONE',  ( 0.0000000000000000000, 1.000000000000000000, 0.0000000000000000000 ) ) ;
#4437 = DIRECTION ( 'NONE',  ( 0.0000000000000000000, -1.000000000000000000, -0.0000000000000000000 ) ) ;
#4438 = MECHANICAL_DESIGN_GEOMETRIC_PRESENTATION_REPRESENTATION (  '', ( #6315 ), #1991 ) ;
#4439 = PRESENTATION_STYLE_ASSIGNMENT (( #3247 ) ) ;
#4440 = DIRECTION ( 'NONE',  ( 2.710505431213759113E-16, 1.000000000000000000, 0.0000000000000000000 ) ) ;
#4441 = CARTESIAN_POINT ( 'NONE',  ( 2.500000000000001332, -2.099999999999999645, -0.4700000000000001399 ) ) ;
#4442 = LINE ( 'NONE', #136, #1766 ) ;
#4443 = ORIENTED_EDGE ( 'NONE', *, *, #6683, .F. ) ;
#4444 = ORIENTED_EDGE ( 'NONE', *, *, #727, .T. ) ;
#4445 = VECTOR ( 'NONE', #2727, 1000.000000000000000 ) ;
#4446 =( LENGTH_UNIT ( ) NAMED_UNIT ( * ) SI_UNIT ( .MILLI., .METRE. ) );
#4447 =( NAMED_UNIT ( * ) SI_UNIT ( $, .STERADIAN. ) SOLID_ANGLE_UNIT ( ) );
#4448 = SURFACE_SIDE_STYLE ('',( #2237 ) ) ;
#4449 = PRESENTATION_LAYER_ASSIGNMENT (  '', '', ( #5768 ) ) ;
#4450 = VERTEX_POINT ( 'NONE', #3185 ) ;
#4451 = CARTESIAN_POINT ( 'NONE',  ( -1.919276727925023351, -0.8787392438591723476, 0.3500000000000000333 ) ) ;
#4452 = ADVANCED_FACE ( 'NONE', ( #65 ), #1063, .F. ) ;
#4453 = ORIENTED_EDGE ( 'NONE', *, *, #6822, .T. ) ;
#4454 = STYLED_ITEM ( 'NONE', ( #5808 ), #4638 ) ;
#4455 =( LENGTH_UNIT ( ) NAMED_UNIT ( * ) SI_UNIT ( .MILLI., .METRE. ) );
#4456 = LINE ( 'NONE', #5048, #6062 ) ;
#4457 = SURFACE_SIDE_STYLE ('',( #699 ) ) ;
#4458 = ORIENTED_EDGE ( 'NONE', *, *, #1732, .F. ) ;
#4459 = CARTESIAN_POINT ( 'NONE',  ( 0.2838201673205150710, -0.2871897488101240459, 0.4500000000000000666 ) ) ;
#4460 = EDGE_CURVE ( 'NONE', #1381, #2620, #1548, .T. ) ;
#4461 = ADVANCED_FACE ( 'NONE', ( #5312 ), #1607, .F. ) ;
#4462 = COLOUR_RGB ( '',1.000000000000000000, 1.000000000000000000, 1.000000000000000000 ) ;
#4463 = CARTESIAN_POINT ( 'NONE',  ( 0.2103187164337327886, -2.056952929731181712, 0.3500000000000000333 ) ) ;
#4464 = CARTESIAN_POINT ( 'NONE',  ( 0.0000000000000000000, 0.0000000000000000000, 0.8000000000000000444 ) ) ;
#4465 = DIRECTION ( 'NONE',  ( -3.043374519257556424E-15, 0.0000000000000000000, 1.000000000000000000 ) ) ;
#4466 = CARTESIAN_POINT ( 'NONE',  ( -0.1831650461902210314, -0.5332195235787651200, 0.3500000000000000333 ) ) ;
#4467 = DIRECTION ( 'NONE',  ( 0.05233595624294388321, -0.0000000000000000000, -0.9986295347545739443 ) ) ;
#4468 = VECTOR ( 'NONE', #4720, 1000.000000000000000 ) ;
#4469 = EDGE_CURVE ( 'NONE', #1682, #2262, #845, .T. ) ;
#4470 = LINE ( 'NONE', #3942, #4813 ) ;
#4471 = DIRECTION ( 'NONE',  ( 1.000000000000000000, 4.818676322157797375E-16, 0.0000000000000000000 ) ) ;
#4472 = CARTESIAN_POINT ( 'NONE',  ( 0.0000000000000000000, 0.0000000000000000000, 0.3007161552948416916 ) ) ;
#4473 = VECTOR ( 'NONE', #4883, 1000.000000000000000 ) ;
#4474 = CARTESIAN_POINT ( 'NONE',  ( 0.5500000000000001554, 1.049999999999999822, -0.5699999999999999512 ) ) ;
#4475 = ORIENTED_EDGE ( 'NONE', *, *, #5599, .F. ) ;
#4476 = EDGE_CURVE ( 'NONE', #524, #5828, #2435, .T. ) ;
#4477 = ORIENTED_EDGE ( 'NONE', *, *, #727, .F. ) ;
#4478 = ORIENTED_EDGE ( 'NONE', *, *, #5441, .F. ) ;
#4479 = UNCERTAINTY_MEASURE_WITH_UNIT (LENGTH_MEASURE( 1.000000000000000082E-05 ), #3757, 'distance_accuracy_value', 'NONE');
#4480 =( NAMED_UNIT ( * ) SI_UNIT ( $, .STERADIAN. ) SOLID_ANGLE_UNIT ( ) );
#4481 = CARTESIAN_POINT ( 'NONE',  ( -2.700000000000001954, 1.200000000000000400, -0.3000000000000003220 ) ) ;
#4482 = VERTEX_POINT ( 'NONE', #1235 ) ;
#4483 =( LENGTH_UNIT ( ) NAMED_UNIT ( * ) SI_UNIT ( .MILLI., .METRE. ) );
#4484 = FILL_AREA_STYLE ('',( #1384 ) ) ;
#4485 = STYLED_ITEM ( 'NONE', ( #4429 ), #483 ) ;
#4486 = STYLED_ITEM ( 'NONE', ( #2395 ), #6592 ) ;
#4487 = UNCERTAINTY_MEASURE_WITH_UNIT (LENGTH_MEASURE( 1.000000000000000082E-05 ), #6250, 'distance_accuracy_value', 'NONE');
#4488 = SURFACE_STYLE_FILL_AREA ( #2803 ) ;
#4489 = FILL_AREA_STYLE ('',( #4524 ) ) ;
#4490 = FACE_OUTER_BOUND ( 'NONE', #1076, .T. ) ;
#4491 = FILL_AREA_STYLE_COLOUR ( '', #2857 ) ;
#4492 = ORIENTED_EDGE ( 'NONE', *, *, #4173, .T. ) ;
#4493 = ORIENTED_EDGE ( 'NONE', *, *, #6409, .T. ) ;
#4494 = LINE ( 'NONE', #1838, #2800 ) ;
#4495 = SURFACE_SIDE_STYLE ('',( #2811 ) ) ;
#4496 = EDGE_CURVE ( 'NONE', #6456, #6437, #2755, .T. ) ;
#4497 = DIRECTION ( 'NONE',  ( 1.000000000000000000, -0.0000000000000000000, -0.0000000000000000000 ) ) ;
#4498 = DIRECTION ( 'NONE',  ( -1.000000000000000000, 0.0000000000000000000, 0.0000000000000000000 ) ) ;
#4499 = VECTOR ( 'NONE', #672, 1000.000000000000000 ) ;
#4500 = SURFACE_STYLE_FILL_AREA ( #2364 ) ;
#4501 = LINE ( 'NONE', #3496, #5938 ) ;
#4502 = DIRECTION ( 'NONE',  ( 1.000000000000000000, 0.0000000000000000000, 0.0000000000000000000 ) ) ;
#4503 = MECHANICAL_DESIGN_GEOMETRIC_PRESENTATION_REPRESENTATION (  '', ( #4288 ), #67 ) ;
#4504 = CARTESIAN_POINT ( 'NONE',  ( -2.500000000000002220, -2.099999999999999645, 0.0000000000000000000 ) ) ;
#4505 = EDGE_CURVE ( 'NONE', #6162, #5050, #683, .T. ) ;
#4506 = DIRECTION ( 'NONE',  ( -0.0000000000000000000, 0.0000000000000000000, -1.000000000000000000 ) ) ;
#4507 = LINE ( 'NONE', #747, #3182 ) ;
#4508 = CARTESIAN_POINT ( 'NONE',  ( -1.971607025033961236, 2.110000814877110997, 0.3000000000000000444 ) ) ;
#4509 = ORIENTED_EDGE ( 'NONE', *, *, #2490, .F. ) ;
#4510 = ORIENTED_EDGE ( 'NONE', *, *, #349, .T. ) ;
#4511 = VERTEX_POINT ( 'NONE', #4441 ) ;
#4512 = DIRECTION ( 'NONE',  ( -1.000000000000000000, 0.0000000000000000000, 0.0000000000000000000 ) ) ;
#4513 = EDGE_CURVE ( 'NONE', #3627, #1637, #1112, .T. ) ;
#4514 = VECTOR ( 'NONE', #6119, 1000.000000000000000 ) ;
#4515 = CARTESIAN_POINT ( 'NONE',  ( 0.5500000000000001554, 2.254834989607331863, -0.5699999999999999512 ) ) ;
#4516 = ORIENTED_EDGE ( 'NONE', *, *, #2286, .F. ) ;
#4517 =( NAMED_UNIT ( * ) SI_UNIT ( $, .STERADIAN. ) SOLID_ANGLE_UNIT ( ) );
#4518 = CARTESIAN_POINT ( 'NONE',  ( 1.700000000000000400, 1.200000000000000622, -0.5699999999999999512 ) ) ;
#4519 = AXIS2_PLACEMENT_3D ( 'NONE', #4137, #1579, #6834 ) ;
#4520 =( GEOMETRIC_REPRESENTATION_CONTEXT ( 3 ) GLOBAL_UNCERTAINTY_ASSIGNED_CONTEXT ( ( #5726 ) ) GLOBAL_UNIT_ASSIGNED_CONTEXT ( ( #3923, #244, #2940 ) ) REPRESENTATION_CONTEXT ( 'NONE', 'WORKASPACE' ) );
#4521 = VERTEX_POINT ( 'NONE', #3490 ) ;
#4522 =( GEOMETRIC_REPRESENTATION_CONTEXT ( 3 ) GLOBAL_UNCERTAINTY_ASSIGNED_CONTEXT ( ( #240 ) ) GLOBAL_UNIT_ASSIGNED_CONTEXT ( ( #2804, #3863, #1870 ) ) REPRESENTATION_CONTEXT ( 'NONE', 'WORKASPACE' ) );
#4523 =( NAMED_UNIT ( * ) SI_UNIT ( $, .STERADIAN. ) SOLID_ANGLE_UNIT ( ) );
#4524 = FILL_AREA_STYLE_COLOUR ( '', #2181 ) ;
#4525 = SURFACE_SIDE_STYLE ('',( #2948 ) ) ;
#4526 = AXIS2_PLACEMENT_3D ( 'NONE', #3037, #6765, #6239 ) ;
#4527 =( LENGTH_UNIT ( ) NAMED_UNIT ( * ) SI_UNIT ( .MILLI., .METRE. ) );
#4528 = VECTOR ( 'NONE', #4685, 1000.000000000000000 ) ;
#4529 = ORIENTED_EDGE ( 'NONE', *, *, #667, .F. ) ;
#4530 = ORIENTED_EDGE ( 'NONE', *, *, #6551, .F. ) ;
#4531 = VECTOR ( 'NONE', #6373, 1000.000000000000000 ) ;
#4532 = AXIS2_PLACEMENT_3D ( 'NONE', #1083, #6336, #1195 ) ;
#4533 = CARTESIAN_POINT ( 'NONE',  ( 2.700000000000002842, -2.099999999999999645, -6.982962677686266711E-16 ) ) ;
#4534 = FACE_OUTER_BOUND ( 'NONE', #4707, .T. ) ;
#4535 = PRESENTATION_STYLE_ASSIGNMENT (( #2285 ) ) ;
#4536 = CARTESIAN_POINT ( 'NONE',  ( 1.700000000000000622, 2.100000000000000089, -0.7699999999999999067 ) ) ;
#4537 = FACE_OUTER_BOUND ( 'NONE', #284, .T. ) ;
#4538 = STYLED_ITEM ( 'NONE', ( #3991 ), #2974 ) ;
#4539 = EDGE_CURVE ( 'NONE', #362, #5212, #5934, .T. ) ;
#4540 = CARTESIAN_POINT ( 'NONE',  ( 2.400000000000001243, 2.100000000000000089, -0.7700000000000000178 ) ) ;
#4541 = DIRECTION ( 'NONE',  ( 0.0000000000000000000, 0.0000000000000000000, 1.000000000000000000 ) ) ;
#4542 = PLANE ( 'NONE',  #381 ) ;
#4543 =( NAMED_UNIT ( * ) SI_UNIT ( $, .STERADIAN. ) SOLID_ANGLE_UNIT ( ) );
#4544 = VERTEX_POINT ( 'NONE', #3327 ) ;
#4545 = ADVANCED_FACE ( 'NONE', ( #5967 ), #2993, .T. ) ;
#4546 = ORIENTED_EDGE ( 'NONE', *, *, #5772, .F. ) ;
#4547 = MECHANICAL_DESIGN_GEOMETRIC_PRESENTATION_REPRESENTATION (  '', ( #2753 ), #1542 ) ;
#4548 = CARTESIAN_POINT ( 'NONE',  ( 0.2103187164337326220, 2.110000814877110997, 0.3000000000000000444 ) ) ;
#4549 = EDGE_CURVE ( 'NONE', #2239, #4900, #654, .T. ) ;
#4550 = LINE ( 'NONE', #5139, #3313 ) ;
#4551 = DIRECTION ( 'NONE',  ( 2.409338161078899674E-16, 1.000000000000000000, -0.0000000000000000000 ) ) ;
#4552 = ORIENTED_EDGE ( 'NONE', *, *, #2713, .T. ) ;
#4553 = CARTESIAN_POINT ( 'NONE',  ( 1.599999999999999867, -2.200000000000000178, -0.5699999999999999512 ) ) ;
#4554 = CARTESIAN_POINT ( 'NONE',  ( -1.971607025033961236, 0.8251250982098667919, 0.3500000000000000333 ) ) ;
#4555 = EDGE_CURVE ( 'NONE', #1657, #4984, #135, .T. ) ;
#4556 = VERTEX_POINT ( 'NONE', #1167 ) ;
#4557 = UNCERTAINTY_MEASURE_WITH_UNIT (LENGTH_MEASURE( 1.000000000000000082E-05 ), #2505, 'distance_accuracy_value', 'NONE');
#4558 = DIRECTION ( 'NONE',  ( 1.000000000000000000, -4.818676322157797375E-16, 0.0000000000000000000 ) ) ;
#4559 = CARTESIAN_POINT ( 'NONE',  ( 1.600000000000000311, 1.099999999999999867, -0.5699999999999999512 ) ) ;
#4560 = SURFACE_STYLE_USAGE ( .BOTH. , #1451 ) ;
#4561 = EDGE_LOOP ( 'NONE', ( #423, #3048, #207, #4655 ) ) ;
#4562 = CARTESIAN_POINT ( 'NONE',  ( 0.5500000000000000444, 6.735557395310442516E-17, -0.5699999999999999512 ) ) ;
#4563 = AXIS2_PLACEMENT_3D ( 'NONE', #1566, #3691, #6818 ) ;
#4564 = ORIENTED_EDGE ( 'NONE', *, *, #2756, .F. ) ;
#4565 = CARTESIAN_POINT ( 'NONE',  ( 0.3603187164337335324, 0.6070589046025531843, 0.3500000000000000333 ) ) ;
#4566 = DIRECTION ( 'NONE',  ( -1.185975313885231567E-16, 1.000000000000000000, 0.0000000000000000000 ) ) ;
#4567 = CARTESIAN_POINT ( 'NONE',  ( 1.600000000000000533, 2.200000000000000178, -0.6999999999999999556 ) ) ;
#4568 = CARTESIAN_POINT ( 'NONE',  ( 1.562305442492824215, -0.8360159872360380939, 0.3000000000000000444 ) ) ;
#4569 = LINE ( 'NONE', #2924, #205 ) ;
#4570 = DIRECTION ( 'NONE',  ( -0.0000000000000000000, 1.000000000000000000, -0.0000000000000000000 ) ) ;
#4571 = AXIS2_PLACEMENT_3D ( 'NONE', #2338, #6105, #1276 ) ;
#4572 = CARTESIAN_POINT ( 'NONE',  ( 1.599999999999999867, -2.200000000000000178, -0.6999999999999999556 ) ) ;
#4573 = CARTESIAN_POINT ( 'NONE',  ( -0.1415856775653445976, 0.4413501301401799304, 0.4500000000000000666 ) ) ;
#4574 = AXIS2_PLACEMENT_3D ( 'NONE', #4822, #1672, #63 ) ;
#4575 = EDGE_CURVE ( 'NONE', #3346, #617, #3879, .T. ) ;
#4576 = DIRECTION ( 'NONE',  ( -0.0000000000000000000, -0.0000000000000000000, -1.000000000000000000 ) ) ;
#4577 = VERTEX_POINT ( 'NONE', #6726 ) ;
#4578 = VERTEX_POINT ( 'NONE', #6168 ) ;
#4579 = AXIS2_PLACEMENT_3D ( 'NONE', #1774, #2844, #5497 ) ;
#4580 = DIRECTION ( 'NONE',  ( 0.0000000000000000000, 0.0000000000000000000, -1.000000000000000000 ) ) ;
#4581 = CYLINDRICAL_SURFACE ( 'NONE', #4571, 0.3000000000000000444 ) ;
#4582 = CARTESIAN_POINT ( 'NONE',  ( -1.680009069179263070, 2.879687624179894101, 0.4000000000000000222 ) ) ;
#4583 = ADVANCED_FACE ( 'NONE', ( #5641 ), #2261, .F. ) ;
#4584 = FILL_AREA_STYLE ('',( #4659 ) ) ;
#4585 = EDGE_LOOP ( 'NONE', ( #1134, #173, #1568, #28 ) ) ;
#4586 = VECTOR ( 'NONE', #996, 1000.000000000000000 ) ;
#4587 = PRESENTATION_LAYER_ASSIGNMENT (  '', '', ( #1577 ) ) ;
#4588 =( NAMED_UNIT ( * ) PLANE_ANGLE_UNIT ( ) SI_UNIT ( $, .RADIAN. ) );
#4589 = CARTESIAN_POINT ( 'NONE',  ( 2.500000000000002220, -2.099999999999999645, 0.0000000000000000000 ) ) ;
#4590 = ORIENTED_EDGE ( 'NONE', *, *, #5673, .F. ) ;
#4591 = STYLED_ITEM ( 'NONE', ( #6202 ), #355 ) ;
#4592 = DIRECTION ( 'NONE',  ( -1.522241498270670007E-16, -1.000000000000000000, 0.0000000000000000000 ) ) ;
#4593 = ADVANCED_FACE ( 'NONE', ( #368 ), #4371, .T. ) ;
#4594 = FILL_AREA_STYLE_COLOUR ( '', #1522 ) ;
#4595 = FACE_OUTER_BOUND ( 'NONE', #963, .T. ) ;
#4596 = ORIENTED_EDGE ( 'NONE', *, *, #757, .T. ) ;
#4597 = DIRECTION ( 'NONE',  ( -0.0000000000000000000, 0.0000000000000000000, -1.000000000000000000 ) ) ;
#4598 = MECHANICAL_DESIGN_GEOMETRIC_PRESENTATION_REPRESENTATION (  '', ( #6708 ), #5153 ) ;
#4599 = COLOUR_RGB ( '',0.8980392156862745390, 0.9215686274509803377, 0.9294117647058823817 ) ;
#4600 = ORIENTED_EDGE ( 'NONE', *, *, #4169, .F. ) ;
#4601 = SURFACE_SIDE_STYLE ('',( #872 ) ) ;
#4602 = SURFACE_STYLE_FILL_AREA ( #406 ) ;
#4603 = VECTOR ( 'NONE', #5754, 1000.000000000000000 ) ;
#4604 = VECTOR ( 'NONE', #1511, 1000.000000000000000 ) ;
#4605 = EDGE_CURVE ( 'NONE', #4521, #2029, #5256, .T. ) ;
#4606 = FILL_AREA_STYLE_COLOUR ( '', #1188 ) ;
#4607 =( LENGTH_UNIT ( ) NAMED_UNIT ( * ) SI_UNIT ( .MILLI., .METRE. ) );
#4608 = SURFACE_STYLE_FILL_AREA ( #5473 ) ;
#4609 = PRESENTATION_STYLE_ASSIGNMENT (( #5811 ) ) ;
#4610 = COLOUR_RGB ( '',0.8313725490196077761, 0.8392156862745098200, 0.8313725490196077761 ) ;
#4611 = CARTESIAN_POINT ( 'NONE',  ( -0.03316504619021998224, -2.056952929731181712, 0.3000000000000000444 ) ) ;
#4612 = PLANE ( 'NONE',  #3273 ) ;
#4613 = LINE ( 'NONE', #5645, #5133 ) ;
#4614 = FILL_AREA_STYLE_COLOUR ( '', #5632 ) ;
#4615 = CARTESIAN_POINT ( 'NONE',  ( 0.0000000000000000000, 0.0000000000000000000, 0.3000000000000000444 ) ) ;
#4616 = FILL_AREA_STYLE ('',( #993 ) ) ;
#4617 = STYLED_ITEM ( 'NONE', ( #3937 ), #1306 ) ;
#4618 = DIRECTION ( 'NONE',  ( -0.0000000000000000000, 0.0000000000000000000, -1.000000000000000000 ) ) ;
#4619 = ORIENTED_EDGE ( 'NONE', *, *, #2401, .T. ) ;
#4620 =( GEOMETRIC_REPRESENTATION_CONTEXT ( 3 ) GLOBAL_UNCERTAINTY_ASSIGNED_CONTEXT ( ( #1285 ) ) GLOBAL_UNIT_ASSIGNED_CONTEXT ( ( #3713, #5276, #1482 ) ) REPRESENTATION_CONTEXT ( 'NONE', 'WORKASPACE' ) );
#4621 =( LENGTH_UNIT ( ) NAMED_UNIT ( * ) SI_UNIT ( .MILLI., .METRE. ) );
#4622 = FACE_OUTER_BOUND ( 'NONE', #68, .T. ) ;
#4623 = CARTESIAN_POINT ( 'NONE',  ( -2.465004534589632978, 1.680009069179262848, 0.4000000000000000222 ) ) ;
#4624 = SURFACE_STYLE_FILL_AREA ( #1379 ) ;
#4625 = FACE_OUTER_BOUND ( 'NONE', #325, .T. ) ;
#4626 = ORIENTED_EDGE ( 'NONE', *, *, #6367, .F. ) ;
#4627 = LINE ( 'NONE', #6746, #2962 ) ;
#4628 = SURFACE_STYLE_FILL_AREA ( #937 ) ;
#4629 = ORIENTED_EDGE ( 'NONE', *, *, #3686, .F. ) ;
#4630 = EDGE_CURVE ( 'NONE', #1437, #5929, #3673, .T. ) ;
#4631 = VECTOR ( 'NONE', #1461, 1000.000000000000000 ) ;
#4632 = UNCERTAINTY_MEASURE_WITH_UNIT (LENGTH_MEASURE( 1.000000000000000082E-05 ), #350, 'distance_accuracy_value', 'NONE');
#4633 = FILL_AREA_STYLE_COLOUR ( '', #4808 ) ;
#4634 =( NAMED_UNIT ( * ) SI_UNIT ( $, .STERADIAN. ) SOLID_ANGLE_UNIT ( ) );
#4635 = ORIENTED_EDGE ( 'NONE', *, *, #667, .T. ) ;
#4636 = MECHANICAL_DESIGN_GEOMETRIC_PRESENTATION_REPRESENTATION (  '', ( #5396 ), #968 ) ;
#4637 = VERTEX_POINT ( 'NONE', #4083 ) ;
#4638 = ADVANCED_FACE ( 'NONE', ( #4189 ), #6199, .F. ) ;
#4639 = CARTESIAN_POINT ( 'NONE',  ( 2.700000000000003286, 1.301042606982606899E-15, -8.306732565912526210E-15 ) ) ;
#4640 = PRESENTATION_STYLE_ASSIGNMENT (( #1458 ) ) ;
#4641 =( GEOMETRIC_REPRESENTATION_CONTEXT ( 3 ) GLOBAL_UNCERTAINTY_ASSIGNED_CONTEXT ( ( #6646 ) ) GLOBAL_UNIT_ASSIGNED_CONTEXT ( ( #5539, #2295, #6556 ) ) REPRESENTATION_CONTEXT ( 'NONE', 'WORKASPACE' ) );
#4642 = DIRECTION ( 'NONE',  ( 1.000000000000000000, 2.404031325876694646E-16, 0.0000000000000000000 ) ) ;
#4643 = COLOUR_RGB ( '',1.000000000000000000, 1.000000000000000000, 1.000000000000000000 ) ;
#4644 = DIRECTION ( 'NONE',  ( 0.0000000000000000000, 0.0000000000000000000, -1.000000000000000000 ) ) ;
#4645 = FILL_AREA_STYLE_COLOUR ( '', #4420 ) ;
#4646 = EDGE_LOOP ( 'NONE', ( #6218, #4973, #5304, #6280 ) ) ;
#4647 = AXIS2_PLACEMENT_3D ( 'NONE', #2121, #2748, #4887 ) ;
#4648 = VECTOR ( 'NONE', #6255, 1000.000000000000114 ) ;
#4649 = EDGE_CURVE ( 'NONE', #5523, #5141, #6301, .T. ) ;
#4650 =( NAMED_UNIT ( * ) PLANE_ANGLE_UNIT ( ) SI_UNIT ( $, .RADIAN. ) );
#4651 = CARTESIAN_POINT ( 'NONE',  ( 2.400000000000001243, -2.099999999999998312, -0.7699999999999999067 ) ) ;
#4652 = CARTESIAN_POINT ( 'NONE',  ( -1.971607025033961236, 0.8251250982098667919, 0.3000000000000000444 ) ) ;
#4653 = VECTOR ( 'NONE', #5311, 1000.000000000000000 ) ;
#4654 = CARTESIAN_POINT ( 'NONE',  ( -0.03316504619021998224, -0.1370056143358100720, 0.3500000000000000333 ) ) ;
#4655 = ORIENTED_EDGE ( 'NONE', *, *, #3686, .T. ) ;
#4656 = FILL_AREA_STYLE ('',( #2480 ) ) ;
#4657 = DIRECTION ( 'NONE',  ( 0.0000000000000000000, 0.9961946980917455452, 0.08715574274765820750 ) ) ;
#4658 = CARTESIAN_POINT ( 'NONE',  ( -0.03316504619021998224, -0.6832195235787661414, 0.3500000000000000333 ) ) ;
#4659 = FILL_AREA_STYLE_COLOUR ( '', #3777 ) ;
#4660 = ORIENTED_EDGE ( 'NONE', *, *, #5292, .F. ) ;
#4661 = DIRECTION ( 'NONE',  ( -1.000000000000000000, 1.971276677246371272E-16, 0.0000000000000000000 ) ) ;
#4662 = CIRCLE ( 'NONE', #2090, 0.1499999999999999667 ) ;
#4663 = ORIENTED_EDGE ( 'NONE', *, *, #5524, .F. ) ;
#4664 = STYLED_ITEM ( 'NONE', ( #887 ), #4095 ) ;
#4665 = DIRECTION ( 'NONE',  ( 0.0000000000000000000, 0.0000000000000000000, 1.000000000000000000 ) ) ;
#4666 = PLANE ( 'NONE',  #3208 ) ;
#4667 = ORIENTED_EDGE ( 'NONE', *, *, #1771, .F. ) ;
#4668 = ADVANCED_FACE ( 'NONE', ( #2507 ), #6758, .F. ) ;
#4669 = PLANE ( 'NONE',  #4411 ) ;
#4670 = VERTEX_POINT ( 'NONE', #5162 ) ;
#4671 = PRESENTATION_LAYER_ASSIGNMENT (  '', '', ( #776 ) ) ;
#4672 = LINE ( 'NONE', #4565, #2143 ) ;
#4673 = PLANE ( 'NONE',  #4729 ) ;
#4674 = CARTESIAN_POINT ( 'NONE',  ( -2.465004534589632978, 2.465004534589632978, 0.4000000000000000222 ) ) ;
#4675 = DIRECTION ( 'NONE',  ( -1.194186020286707760E-16, 1.000000000000000000, 0.0000000000000000000 ) ) ;
#4676 = FILL_AREA_STYLE ('',( #5161 ) ) ;
#4677 = CARTESIAN_POINT ( 'NONE',  ( -0.1831650461902210314, -0.5332195235787651200, 0.3500000000000000333 ) ) ;
#4678 = VECTOR ( 'NONE', #5775, 1000.000000000000000 ) ;
#4679 = EDGE_CURVE ( 'NONE', #3758, #4382, #2603, .T. ) ;
#4680 = LINE ( 'NONE', #3561, #1611 ) ;
#4681 = ORIENTED_EDGE ( 'NONE', *, *, #6019, .T. ) ;
#4682 = CARTESIAN_POINT ( 'NONE',  ( 2.463314554501873754, -2.463314554501873754, -0.6999999999999999556 ) ) ;
#4683 = COLOUR_RGB ( '',0.8980392156862745390, 0.9215686274509803377, 0.9294117647058823817 ) ;
#4684 = DIRECTION ( 'NONE',  ( 0.0000000000000000000, 0.0000000000000000000, -1.000000000000000000 ) ) ;
#4685 = DIRECTION ( 'NONE',  ( -1.000000000000000000, -0.0000000000000000000, -0.0000000000000000000 ) ) ;
#4686 = SURFACE_SIDE_STYLE ('',( #3036 ) ) ;
#4687 = EDGE_CURVE ( 'NONE', #686, #137, #409, .T. ) ;
#4688 = LINE ( 'NONE', #1998, #5179 ) ;
#4689 = CIRCLE ( 'NONE', #5557, 0.1000000000000002554 ) ;
#4690 = VERTEX_POINT ( 'NONE', #500 ) ;
#4691 = DIRECTION ( 'NONE',  ( -0.0000000000000000000, -0.0000000000000000000, -1.000000000000000000 ) ) ;
#4692 = DIRECTION ( 'NONE',  ( -0.0000000000000000000, -1.000000000000000000, -0.0000000000000000000 ) ) ;
#4693 = VECTOR ( 'NONE', #862, 1000.000000000000000 ) ;
#4694 = FILL_AREA_STYLE_COLOUR ( '', #1409 ) ;
#4695 =( NAMED_UNIT ( * ) SI_UNIT ( $, .STERADIAN. ) SOLID_ANGLE_UNIT ( ) );
#4696 = EDGE_CURVE ( 'NONE', #5834, #6686, #3067, .T. ) ;
#4697 = ORIENTED_EDGE ( 'NONE', *, *, #559, .F. ) ;
#4698 =( GEOMETRIC_REPRESENTATION_CONTEXT ( 3 ) GLOBAL_UNCERTAINTY_ASSIGNED_CONTEXT ( ( #108 ) ) GLOBAL_UNIT_ASSIGNED_CONTEXT ( ( #3246, #4334, #650 ) ) REPRESENTATION_CONTEXT ( 'NONE', 'WORKASPACE' ) );
#4699 = CARTESIAN_POINT ( 'NONE',  ( 0.2838201673205150710, 0.9163225641662154919, 0.3500000000000000333 ) ) ;
#4700 = VERTEX_POINT ( 'NONE', #4677 ) ;
#4701 = UNCERTAINTY_MEASURE_WITH_UNIT (LENGTH_MEASURE( 1.000000000000000082E-05 ), #3074, 'distance_accuracy_value', 'NONE');
#4702 = COLOUR_RGB ( '',0.8980392156862745390, 0.9215686274509803377, 0.9294117647058823817 ) ;
#4703 = ORIENTED_EDGE ( 'NONE', *, *, #436, .F. ) ;
#4704 = CARTESIAN_POINT ( 'NONE',  ( 1.700000000000000622, 2.100000000000000089, -0.7699999999999999067 ) ) ;
#4705 = ORIENTED_EDGE ( 'NONE', *, *, #6615, .T. ) ;
#4706 = STYLED_ITEM ( 'NONE', ( #6484 ), #168 ) ;
#4707 = EDGE_LOOP ( 'NONE', ( #2741, #6561, #3394, #3157 ) ) ;
#4708 = COLOUR_RGB ( '',1.000000000000000000, 1.000000000000000000, 1.000000000000000000 ) ;
#4709 = CARTESIAN_POINT ( 'NONE',  ( 0.5500000000000001554, 2.254834989607331863, -0.6999999999999999556 ) ) ;
#4710 = LINE ( 'NONE', #6782, #2902 ) ;
#4711 = CARTESIAN_POINT ( 'NONE',  ( -0.1831650461902210314, -0.2870056143358111211, 0.3500000000000000333 ) ) ;
#4712 = DIRECTION ( 'NONE',  ( 1.000000000000000000, 0.0000000000000000000, 0.0000000000000000000 ) ) ;
#4713 = AXIS2_PLACEMENT_3D ( 'NONE', #4533, #1293, #2251 ) ;
#4714 = CARTESIAN_POINT ( 'NONE',  ( 2.500000000000001776, 1.200000000000000622, -0.2999999999999997113 ) ) ;
#4715 = EDGE_LOOP ( 'NONE', ( #2039, #442, #1146, #2556 ) ) ;
#4716 = DIRECTION ( 'NONE',  ( 0.0000000000000000000, 1.000000000000000000, 0.0000000000000000000 ) ) ;
#4717 = COLOUR_RGB ( '',0.8313725490196077761, 0.8392156862745098200, 0.8313725490196077761 ) ;
#4718 = AXIS2_PLACEMENT_3D ( 'NONE', #3202, #3383, #334 ) ;
#4719 = EDGE_CURVE ( 'NONE', #6640, #6501, #2020, .T. ) ;
#4720 = DIRECTION ( 'NONE',  ( -3.043374519257556424E-15, -0.0000000000000000000, -1.000000000000000000 ) ) ;
#4721 = AXIS2_PLACEMENT_3D ( 'NONE', #852, #5535, #4471 ) ;
#4722 = ORIENTED_EDGE ( 'NONE', *, *, #4041, .F. ) ;
#4723 = LINE ( 'NONE', #5235, #6694 ) ;
#4724 = EDGE_CURVE ( 'NONE', #2821, #2262, #2571, .T. ) ;
#4725 = CARTESIAN_POINT ( 'NONE',  ( -1.296028625818474778, -0.8787392438591723476, 0.3000000000000000444 ) ) ;
#4726 = LINE ( 'NONE', #3083, #4207 ) ;
#4727 = SURFACE_SIDE_STYLE ('',( #1029 ) ) ;
#4728 = EDGE_LOOP ( 'NONE', ( #5583, #3642, #3785, #6384 ) ) ;
#4729 = AXIS2_PLACEMENT_3D ( 'NONE', #3099, #5223, #3595 ) ;
#4730 = FILL_AREA_STYLE_COLOUR ( '', #6613 ) ;
#4731 = EDGE_LOOP ( 'NONE', ( #939, #6009, #5904, #3969 ) ) ;
#4732 = MANIFOLD_SOLID_BREP ( '???????-????????4[4]', #1357 ) ;
#4733 = ADVANCED_FACE ( 'NONE', ( #2212 ), #4387, .F. ) ;
#4734 = VECTOR ( 'NONE', #2417, 1000.000000000000114 ) ;
#4735 = EDGE_LOOP ( 'NONE', ( #2631, #330, #363, #2092 ) ) ;
#4736 = CARTESIAN_POINT ( 'NONE',  ( 1.930905544980987543, 0.8251250982098667919, 0.3000000000000000444 ) ) ;
#4737 = ORIENTED_EDGE ( 'NONE', *, *, #5427, .F. ) ;
#4738 = AXIS2_PLACEMENT_3D ( 'NONE', #5957, #3319, #2159 ) ;
#4739 = ORIENTED_EDGE ( 'NONE', *, *, #3356, .F. ) ;
#4740 = CARTESIAN_POINT ( 'NONE',  ( 0.5500000000000000444, -2.240667692902679420, -0.5699999999999999512 ) ) ;
#4741 = MANIFOLD_SOLID_BREP ( '???????-????????5[3]', #5797 ) ;
#4742 = FACE_OUTER_BOUND ( 'NONE', #6014, .T. ) ;
#4743 = DIRECTION ( 'NONE',  ( -1.000000000000000000, -2.409338161078899674E-16, 0.0000000000000000000 ) ) ;
#4744 =( GEOMETRIC_REPRESENTATION_CONTEXT ( 3 ) GLOBAL_UNCERTAINTY_ASSIGNED_CONTEXT ( ( #4325 ) ) GLOBAL_UNIT_ASSIGNED_CONTEXT ( ( #1499, #5671, #49 ) ) REPRESENTATION_CONTEXT ( 'NONE', 'WORKASPACE' ) );
#4745 = DIRECTION ( 'NONE',  ( 1.000000000000000000, 0.0000000000000000000, -3.252606517456519613E-15 ) ) ;
#4746 = VERTEX_POINT ( 'NONE', #633 ) ;
#4747 = MECHANICAL_DESIGN_GEOMETRIC_PRESENTATION_REPRESENTATION (  '', ( #1519 ), #4867 ) ;
#4748 = AXIS2_PLACEMENT_3D ( 'NONE', #1392, #6224, #4597 ) ;
#4749 = LINE ( 'NONE', #3032, #3252 ) ;
#4750 = DIRECTION ( 'NONE',  ( -0.0000000000000000000, -1.000000000000000000, -0.0000000000000000000 ) ) ;
#4751 = DIRECTION ( 'NONE',  ( 0.0000000000000000000, 0.0000000000000000000, 1.000000000000000000 ) ) ;
#4752 = CARTESIAN_POINT ( 'NONE',  ( 1.599999999999999867, -2.200000000000000178, -0.5699999999999999512 ) ) ;
#4753 = CARTESIAN_POINT ( 'NONE',  ( 1.700000000000000622, -1.199999999999999734, -0.7699999999999999067 ) ) ;
#4754 = PLANE ( 'NONE',  #1199 ) ;
#4755 = LINE ( 'NONE', #3038, #729 ) ;
#4756 = MANIFOLD_SOLID_BREP ( '???????-????????5[2]', #6133 ) ;
#4757 = EDGE_CURVE ( 'NONE', #3715, #5346, #1628, .T. ) ;
#4758 = VERTEX_POINT ( 'NONE', #2739 ) ;
#4759 = CARTESIAN_POINT ( 'NONE',  ( 1.930905544980987321, -0.8360159872360372058, 0.3500000000000000333 ) ) ;
#4760 = LINE ( 'NONE', #4274, #6369 ) ;
#4761 = CARTESIAN_POINT ( 'NONE',  ( 2.463314554501873310, 0.0000000000000000000, -0.6999999999999999556 ) ) ;
#4762 = CARTESIAN_POINT ( 'NONE',  ( -2.400000000000002132, -1.199999999999999734, -0.2999999999999993783 ) ) ;
#4763 = CARTESIAN_POINT ( 'NONE',  ( 0.4838201673205150821, -0.2871897488101240459, 0.3500000000000000333 ) ) ;
#4764 = ORIENTED_EDGE ( 'NONE', *, *, #5220, .F. ) ;
#4765 = EDGE_CURVE ( 'NONE', #487, #2086, #2427, .T. ) ;
#4766 = ORIENTED_EDGE ( 'NONE', *, *, #4539, .T. ) ;
#4767 = ADVANCED_FACE ( 'NONE', ( #4985 ), #2314, .F. ) ;
#4768 = DIRECTION ( 'NONE',  ( 1.000000000000000000, 0.0000000000000000000, 0.0000000000000000000 ) ) ;
#4769 = PRESENTATION_STYLE_ASSIGNMENT (( #3258 ) ) ;
#4770 = EDGE_LOOP ( 'NONE', ( #6771, #145, #4287, #3176 ) ) ;
#4771 = EDGE_CURVE ( 'NONE', #402, #719, #4004, .T. ) ;
#4772 = DIRECTION ( 'NONE',  ( 8.673617379884033894E-15, 0.0000000000000000000, 1.000000000000000000 ) ) ;
#4773 = EDGE_LOOP ( 'NONE', ( #3664, #4384 ) ) ;
#4774 =( NAMED_UNIT ( * ) PLANE_ANGLE_UNIT ( ) SI_UNIT ( $, .RADIAN. ) );
#4775 = CARTESIAN_POINT ( 'NONE',  ( -2.470127565808668990, 1.100000000000000089, -0.5699999999999999512 ) ) ;
#4776 = PLANE ( 'NONE',  #1984 ) ;
#4777 = DIRECTION ( 'NONE',  ( -0.0000000000000000000, 0.0000000000000000000, 1.000000000000000000 ) ) ;
#4778 = EDGE_LOOP ( 'NONE', ( #5767, #6225, #2497, #6538 ) ) ;
#4779 = CYLINDRICAL_SURFACE ( 'NONE', #3830, 0.1000000000000000194 ) ;
#4780 = CARTESIAN_POINT ( 'NONE',  ( 2.400000000000001243, -2.099999999999999645, -0.5699999999999999512 ) ) ;
#4781 = DIRECTION ( 'NONE',  ( 0.0000000000000000000, 1.000000000000000000, 0.0000000000000000000 ) ) ;
#4782 = MECHANICAL_DESIGN_GEOMETRIC_PRESENTATION_REPRESENTATION (  '', ( #776 ), #2544 ) ;
#4783 = FACE_OUTER_BOUND ( 'NONE', #2462, .T. ) ;
#4784 = ORIENTED_EDGE ( 'NONE', *, *, #6848, .F. ) ;
#4785 = VECTOR ( 'NONE', #441, 1000.000000000000114 ) ;
#4786 = LINE ( 'NONE', #5856, #6804 ) ;
#4787 = PRESENTATION_STYLE_ASSIGNMENT (( #5174 ) ) ;
#4788 = CARTESIAN_POINT ( 'NONE',  ( 2.700000000000001954, 2.100000000000000089, -0.3000000000000003220 ) ) ;
#4789 = DIRECTION ( 'NONE',  ( 0.0000000000000000000, 1.000000000000000000, 0.0000000000000000000 ) ) ;
#4790 = ORIENTED_EDGE ( 'NONE', *, *, #1226, .T. ) ;
#4791 = ORIENTED_EDGE ( 'NONE', *, *, #4809, .T. ) ;
#4792 = VECTOR ( 'NONE', #6417, 1000.000000000000000 ) ;
#4793 = CARTESIAN_POINT ( 'NONE',  ( -1.700000000000000622, -1.199999999999999734, -0.5699999999999999512 ) ) ;
#4794 = EDGE_CURVE ( 'NONE', #1645, #487, #6651, .T. ) ;
#4795 = CARTESIAN_POINT ( 'NONE',  ( 0.5500000000000000444, -1.049999999999999822, -0.6999999999999999556 ) ) ;
#4796 = ORIENTED_EDGE ( 'NONE', *, *, #3528, .F. ) ;
#4797 = VECTOR ( 'NONE', #1265, 1000.000000000000000 ) ;
#4798 = FACE_OUTER_BOUND ( 'NONE', #4585, .T. ) ;
#4799 = ORIENTED_EDGE ( 'NONE', *, *, #3022, .T. ) ;
#4800 = AXIS2_PLACEMENT_3D ( 'NONE', #6018, #5058, #3869 ) ;
#4801 = ADVANCED_FACE ( 'NONE', ( #735 ), #784, .F. ) ;
#4802 = PLANE ( 'NONE',  #5245 ) ;
#4803 = SURFACE_STYLE_USAGE ( .BOTH. , #2245 ) ;
#4804 =( NAMED_UNIT ( * ) SI_UNIT ( $, .STERADIAN. ) SOLID_ANGLE_UNIT ( ) );
#4805 = DIRECTION ( 'NONE',  ( 1.000000000000000000, 0.0000000000000000000, 0.0000000000000000000 ) ) ;
#4806 = ORIENTED_EDGE ( 'NONE', *, *, #396, .F. ) ;
#4807 = CLOSED_SHELL ( 'NONE', ( #6664, #1997, #6830, #4875, #5556, #3348, #1441 ) ) ;
#4808 = COLOUR_RGB ( '',0.8980392156862745390, 0.9215686274509803377, 0.9294117647058823817 ) ;
#4809 = EDGE_CURVE ( 'NONE', #1972, #6753, #835, .T. ) ;
#4810 = UNCERTAINTY_MEASURE_WITH_UNIT (LENGTH_MEASURE( 1.000000000000000082E-05 ), #535, 'distance_accuracy_value', 'NONE');
#4811 =( NAMED_UNIT ( * ) PLANE_ANGLE_UNIT ( ) SI_UNIT ( $, .RADIAN. ) );
#4812 = CARTESIAN_POINT ( 'NONE',  ( -2.500000000000001776, -1.199999999999999734, -0.2999999999999997113 ) ) ;
#4813 = VECTOR ( 'NONE', #6055, 1000.000000000000000 ) ;
#4814 = COLOUR_RGB ( '',0.8313725490196077761, 0.8392156862745098200, 0.8313725490196077761 ) ;
#4815 = CARTESIAN_POINT ( 'NONE',  ( -0.03316504619021998224, -0.1370056143358100720, 0.3500000000000000333 ) ) ;
#4816 = CARTESIAN_POINT ( 'NONE',  ( -0.1831650461902210314, -0.2870056143358111211, 0.3000000000000000444 ) ) ;
#4817 = PRESENTATION_LAYER_ASSIGNMENT (  '', '', ( #5476 ) ) ;
#4818 = COLOUR_RGB ( '',0.8980392156862745390, 0.9215686274509803377, 0.9294117647058823817 ) ;
#4819 = ORIENTED_EDGE ( 'NONE', *, *, #6064, .T. ) ;
#4820 = FILL_AREA_STYLE_COLOUR ( '', #3808 ) ;
#4821 = FILL_AREA_STYLE_COLOUR ( '', #4610 ) ;
#4822 = CARTESIAN_POINT ( 'NONE',  ( -1.296028625818473667, 0.6751250982098668807, 0.3000000000000000444 ) ) ;
#4823 = CARTESIAN_POINT ( 'NONE',  ( -1.043697599916538765, 0.4413501301401799304, 0.4500000000000000666 ) ) ;
#4824 =( NAMED_UNIT ( * ) SI_UNIT ( $, .STERADIAN. ) SOLID_ANGLE_UNIT ( ) );
#4825 = STYLED_ITEM ( 'NONE', ( #5416 ), #680 ) ;
#4826 = CARTESIAN_POINT ( 'NONE',  ( 0.5500000000000000444, -1.049999999999999822, -0.6999999999999999556 ) ) ;
#4827 = SURFACE_STYLE_FILL_AREA ( #3847 ) ;
#4828 = ORIENTED_EDGE ( 'NONE', *, *, #5940, .T. ) ;
#4829 = ORIENTED_EDGE ( 'NONE', *, *, #1638, .F. ) ;
#4830 =( GEOMETRIC_REPRESENTATION_CONTEXT ( 3 ) GLOBAL_UNCERTAINTY_ASSIGNED_CONTEXT ( ( #1830 ) ) GLOBAL_UNIT_ASSIGNED_CONTEXT ( ( #5746, #1017, #6824 ) ) REPRESENTATION_CONTEXT ( 'NONE', 'WORKASPACE' ) );
#4831 = ORIENTED_EDGE ( 'NONE', *, *, #802, .F. ) ;
#4832 = CARTESIAN_POINT ( 'NONE',  ( 2.500000000000002220, -1.199999999999999734, 0.0000000000000000000 ) ) ;
#4833 = UNCERTAINTY_MEASURE_WITH_UNIT (LENGTH_MEASURE( 1.000000000000000082E-05 ), #2001, 'distance_accuracy_value', 'NONE');
#4834 = DIRECTION ( 'NONE',  ( -1.000000000000000000, 0.0000000000000000000, -3.071906155375592215E-15 ) ) ;
#4835 = DIRECTION ( 'NONE',  ( -0.0000000000000000000, -0.0000000000000000000, -1.000000000000000000 ) ) ;
#4836 = VERTEX_POINT ( 'NONE', #3786 ) ;
#4837 = VECTOR ( 'NONE', #2502, 1000.000000000000114 ) ;
#4838 = ADVANCED_FACE ( 'NONE', ( #2690 ), #619, .F. ) ;
#4839 = ORIENTED_EDGE ( 'NONE', *, *, #6099, .T. ) ;
#4840 = MECHANICAL_DESIGN_GEOMETRIC_PRESENTATION_REPRESENTATION (  '', ( #3723 ), #4620 ) ;
#4841 = DIRECTION ( 'NONE',  ( 0.05233595624294388321, -0.0000000000000000000, 0.9986295347545739443 ) ) ;
#4842 = LINE ( 'NONE', #6435, #2304 ) ;
#4843 = VECTOR ( 'NONE', #3351, 1000.000000000000000 ) ;
#4844 = EDGE_CURVE ( 'NONE', #2086, #1358, #6426, .T. ) ;
#4845 = SURFACE_STYLE_USAGE ( .BOTH. , #1046 ) ;
#4846 = DIRECTION ( 'NONE',  ( 0.0000000000000000000, 0.0000000000000000000, -1.000000000000000000 ) ) ;
#4847 = DIRECTION ( 'NONE',  ( -1.000000000000000000, 0.0000000000000000000, -3.252606517456519613E-15 ) ) ;
#4848 = VECTOR ( 'NONE', #5777, 1000.000000000000000 ) ;
#4849 = FACE_OUTER_BOUND ( 'NONE', #5348, .T. ) ;
#4850 = DIRECTION ( 'NONE',  ( -0.05233595624294388321, 0.0000000000000000000, -0.9986295347545739443 ) ) ;
#4851 = CARTESIAN_POINT ( 'NONE',  ( -2.500000000000001776, -2.099999999999999645, -0.2999999999999997113 ) ) ;
#4852 = EDGE_CURVE ( 'NONE', #487, #934, #4342, .T. ) ;
#4853 =( GEOMETRIC_REPRESENTATION_CONTEXT ( 3 ) GLOBAL_UNCERTAINTY_ASSIGNED_CONTEXT ( ( #5520 ) ) GLOBAL_UNIT_ASSIGNED_CONTEXT ( ( #6845, #4111, #5634 ) ) REPRESENTATION_CONTEXT ( 'NONE', 'WORKASPACE' ) );
#4854 = ORIENTED_EDGE ( 'NONE', *, *, #3216, .T. ) ;
#4855 =( GEOMETRIC_REPRESENTATION_CONTEXT ( 3 ) GLOBAL_UNCERTAINTY_ASSIGNED_CONTEXT ( ( #723 ) ) GLOBAL_UNIT_ASSIGNED_CONTEXT ( ( #912, #6299, #5160 ) ) REPRESENTATION_CONTEXT ( 'NONE', 'WORKASPACE' ) );
#4856 = PLANE ( 'NONE',  #3141 ) ;
#4857 = FACE_OUTER_BOUND ( 'NONE', #6242, .T. ) ;
#4858 = DIRECTION ( 'NONE',  ( -0.0000000000000000000, -0.0000000000000000000, -1.000000000000000000 ) ) ;
#4859 = CARTESIAN_POINT ( 'NONE',  ( 1.930905544980987543, 0.8251250982098667919, 0.3500000000000000333 ) ) ;
#4860 = CIRCLE ( 'NONE', #1845, 0.3000000000000002665 ) ;
#4861 = LINE ( 'NONE', #5370, #2277 ) ;
#4862 = AXIS2_PLACEMENT_3D ( 'NONE', #5032, #816, #5572 ) ;
#4863 = DIRECTION ( 'NONE',  ( 1.000000000000000000, 2.710505431213759113E-16, 0.0000000000000000000 ) ) ;
#4864 = PRESENTATION_STYLE_ASSIGNMENT (( #1754 ) ) ;
#4865 = ORIENTED_EDGE ( 'NONE', *, *, #2079, .F. ) ;
#4866 = ORIENTED_EDGE ( 'NONE', *, *, #5344, .T. ) ;
#4867 =( GEOMETRIC_REPRESENTATION_CONTEXT ( 3 ) GLOBAL_UNCERTAINTY_ASSIGNED_CONTEXT ( ( #5590 ) ) GLOBAL_UNIT_ASSIGNED_CONTEXT ( ( #6862, #6205, #6736 ) ) REPRESENTATION_CONTEXT ( 'NONE', 'WORKASPACE' ) );
#4868 = EDGE_LOOP ( 'NONE', ( #5149, #6681, #752, #4175 ) ) ;
#4869 = LINE ( 'NONE', #3222, #2392 ) ;
#4870 = PRESENTATION_LAYER_ASSIGNMENT (  '', '', ( #3294 ) ) ;
#4871 = ORIENTED_EDGE ( 'NONE', *, *, #223, .F. ) ;
#4872 = FACE_OUTER_BOUND ( 'NONE', #783, .T. ) ;
#4873 = ORIENTED_EDGE ( 'NONE', *, *, #5479, .T. ) ;
#4874 = CARTESIAN_POINT ( 'NONE',  ( -1.680009069179262848, 2.430009069179262848, 0.8000000000000000444 ) ) ;
#4875 = ADVANCED_FACE ( 'NONE', ( #722 ), #4313, .F. ) ;
#4876 = CARTESIAN_POINT ( 'NONE',  ( -2.400000000000001243, 2.100000000000000089, -0.4699999999999998068 ) ) ;
#4877 =( LENGTH_UNIT ( ) NAMED_UNIT ( * ) SI_UNIT ( .MILLI., .METRE. ) );
#4878 = ORIENTED_EDGE ( 'NONE', *, *, #1806, .F. ) ;
#4879 = PRESENTATION_STYLE_ASSIGNMENT (( #1702 ) ) ;
#4880 = EDGE_LOOP ( 'NONE', ( #2243, #3120, #4509, #1013 ) ) ;
#4881 = STYLED_ITEM ( 'NONE', ( #5287 ), #3784 ) ;
#4882 = PLANE ( 'NONE',  #5714 ) ;
#4883 = DIRECTION ( 'NONE',  ( -0.0000000000000000000, -0.0000000000000000000, -1.000000000000000000 ) ) ;
#4884 = LINE ( 'NONE', #4266, #6529 ) ;
#4885 = EDGE_CURVE ( 'NONE', #6631, #1391, #3754, .T. ) ;
#4886 = CARTESIAN_POINT ( 'NONE',  ( -1.971607025033961236, 0.8251250982098667919, 0.3000000000000000444 ) ) ;
#4887 = DIRECTION ( 'NONE',  ( -1.000000000000000000, 0.0000000000000000000, 0.0000000000000000000 ) ) ;
#4888 = VECTOR ( 'NONE', #1718, 1000.000000000000000 ) ;
#4889 = PLANE ( 'NONE',  #5500 ) ;
#4890 = ORIENTED_EDGE ( 'NONE', *, *, #1743, .T. ) ;
#4891 =( NAMED_UNIT ( * ) PLANE_ANGLE_UNIT ( ) SI_UNIT ( $, .RADIAN. ) );
#4892 = PRESENTATION_STYLE_ASSIGNMENT (( #2129 ) ) ;
#4893 = EDGE_CURVE ( 'NONE', #2262, #5219, #2215, .T. ) ;
#4894 = FILL_AREA_STYLE_COLOUR ( '', #4031 ) ;
#4895 = DIRECTION ( 'NONE',  ( 1.000000000000000000, 0.0000000000000000000, -3.252606517456519613E-15 ) ) ;
#4896 = DIRECTION ( 'NONE',  ( 0.0000000000000000000, 0.0000000000000000000, -1.000000000000000000 ) ) ;
#4897 = DIRECTION ( 'NONE',  ( 1.000000000000000000, -1.971276677246371519E-16, 0.0000000000000000000 ) ) ;
#4898 = ORIENTED_EDGE ( 'NONE', *, *, #6489, .T. ) ;
#4899 = AXIS2_PLACEMENT_3D ( 'NONE', #1204, #1917, #4896 ) ;
#4900 = VERTEX_POINT ( 'NONE', #1723 ) ;
#4901 =( NAMED_UNIT ( * ) PLANE_ANGLE_UNIT ( ) SI_UNIT ( $, .RADIAN. ) );
#4902 = STYLED_ITEM ( 'NONE', ( #3345 ), #4733 ) ;
#4903 = EDGE_CURVE ( 'NONE', #6437, #1381, #3855, .T. ) ;
#4904 = EDGE_LOOP ( 'NONE', ( #4854, #5373, #6340, #5650, #6148, #2764, #4390, #6874, #6185, #907 ) ) ;
#4905 = DIRECTION ( 'NONE',  ( 0.0000000000000000000, 1.000000000000000000, 0.0000000000000000000 ) ) ;
#4906 = ORIENTED_EDGE ( 'NONE', *, *, #2024, .F. ) ;
#4907 = VECTOR ( 'NONE', #2366, 1000.000000000000000 ) ;
#4908 = DIRECTION ( 'NONE',  ( 0.0000000000000000000, 0.0000000000000000000, -1.000000000000000000 ) ) ;
#4909 = SURFACE_STYLE_FILL_AREA ( #2737 ) ;
#4910 =( NAMED_UNIT ( * ) PLANE_ANGLE_UNIT ( ) SI_UNIT ( $, .RADIAN. ) );
#4911 = ORIENTED_EDGE ( 'NONE', *, *, #3233, .T. ) ;
#4912 = STYLED_ITEM ( 'NONE', ( #5815 ), #5586 ) ;
#4913 = LINE ( 'NONE', #6475, #2242 ) ;
#4914 = CARTESIAN_POINT ( 'NONE',  ( 0.4838201673205150821, -0.2871897488101240459, 0.4500000000000000666 ) ) ;
#4915 = DIRECTION ( 'NONE',  ( -0.0000000000000000000, -0.0000000000000000000, -1.000000000000000000 ) ) ;
#4916 = CARTESIAN_POINT ( 'NONE',  ( -2.500000000000000888, 2.100000000000000089, -0.4700000000000001399 ) ) ;
#4917 = STYLED_ITEM ( 'NONE', ( #5837 ), #5948 ) ;
#4918 = LINE ( 'NONE', #1667, #959 ) ;
#4919 = EDGE_CURVE ( 'NONE', #4272, #3791, #5620, .T. ) ;
#4920 = SURFACE_STYLE_USAGE ( .BOTH. , #3807 ) ;
#4921 = AXIS2_PLACEMENT_3D ( 'NONE', #3873, #607, #2752 ) ;
#4922 = PRESENTATION_STYLE_ASSIGNMENT (( #419 ) ) ;
#4923 = CARTESIAN_POINT ( 'NONE',  ( -1.971607025033961236, 0.8251250982098667919, 0.3500000000000000333 ) ) ;
#4924 = CARTESIAN_POINT ( 'NONE',  ( -2.471716000805965763, -1.199999999999999734, -0.5396908546970039522 ) ) ;
#4925 = CARTESIAN_POINT ( 'NONE',  ( 2.700000000000002842, 1.200000000000000400, -6.982962677686266711E-16 ) ) ;
#4926 = CARTESIAN_POINT ( 'NONE',  ( 2.700000000000000622, -1.199999999999999734, -0.5700000000000006173 ) ) ;
#4927 = ORIENTED_EDGE ( 'NONE', *, *, #6290, .T. ) ;
#4928 = VECTOR ( 'NONE', #4391, 1000.000000000000000 ) ;
#4929 = MECHANICAL_DESIGN_GEOMETRIC_PRESENTATION_REPRESENTATION (  '', ( #6482 ), #4271 ) ;
#4930 = EDGE_LOOP ( 'NONE', ( #665, #4530, #4619, #5878 ) ) ;
#4931 = EDGE_CURVE ( 'NONE', #66, #543, #5512, .T. ) ;
#4932 = ORIENTED_EDGE ( 'NONE', *, *, #5896, .T. ) ;
#4933 = LINE ( 'NONE', #176, #5051 ) ;
#4934 = CARTESIAN_POINT ( 'NONE',  ( 2.400000000000001243, -1.199999999999999734, -0.5700000000000000622 ) ) ;
#4935 = VECTOR ( 'NONE', #2793, 1000.000000000000000 ) ;
#4936 = DIRECTION ( 'NONE',  ( -0.5150380749100548217, 6.307397298776134510E-17, 0.8571673007021118895 ) ) ;
#4937 = FILL_AREA_STYLE_COLOUR ( '', #2994 ) ;
#4938 = ORIENTED_EDGE ( 'NONE', *, *, #5673, .T. ) ;
#4939 = SURFACE_SIDE_STYLE ('',( #825 ) ) ;
#4940 = PRESENTATION_LAYER_ASSIGNMENT (  '', '', ( #1490 ) ) ;
#4941 = ADVANCED_FACE ( 'NONE', ( #6068 ), #3428, .T. ) ;
#4942 = VERTEX_POINT ( 'NONE', #6181 ) ;
#4943 = CARTESIAN_POINT ( 'NONE',  ( 2.430009069179262848, -2.430009069179262848, 0.8000000000000000444 ) ) ;
#4944 = AXIS2_PLACEMENT_3D ( 'NONE', #1222, #4358, #54 ) ;
#4945 = DIRECTION ( 'NONE',  ( 0.0000000000000000000, -0.0000000000000000000, 1.000000000000000000 ) ) ;
#4946 = CARTESIAN_POINT ( 'NONE',  ( 0.5500000000000001554, 1.049999999999999822, -0.5699999999999999512 ) ) ;
#4947 =( NAMED_UNIT ( * ) SI_UNIT ( $, .STERADIAN. ) SOLID_ANGLE_UNIT ( ) );
#4948 = ORIENTED_EDGE ( 'NONE', *, *, #3537, .T. ) ;
#4949 = STYLED_ITEM ( 'NONE', ( #2533 ), #1385 ) ;
#4950 = PLANE ( 'NONE',  #3924 ) ;
#4951 = LINE ( 'NONE', #6017, #5063 ) ;
#4952 = CARTESIAN_POINT ( 'NONE',  ( -2.463314554501873754, 2.463314554501873754, -0.6999999999999999556 ) ) ;
#4953 = AXIS2_PLACEMENT_3D ( 'NONE', #847, #6129, #1331 ) ;
#4954 = CARTESIAN_POINT ( 'NONE',  ( 2.430009069179262848, -2.500000000000002220, 0.8000000000000000444 ) ) ;
#4955 = VECTOR ( 'NONE', #955, 1000.000000000000000 ) ;
#4956 = CARTESIAN_POINT ( 'NONE',  ( -0.9960286258184727348, -0.5332195235787651200, 0.3500000000000000333 ) ) ;
#4957 = FACE_OUTER_BOUND ( 'NONE', #5342, .T. ) ;
#4958 = SURFACE_STYLE_FILL_AREA ( #3357 ) ;
#4959 = FILL_AREA_STYLE ('',( #5102 ) ) ;
#4960 = EDGE_CURVE ( 'NONE', #1375, #859, #385, .T. ) ;
#4961 = SURFACE_STYLE_USAGE ( .BOTH. , #5409 ) ;
#4962 = SURFACE_SIDE_STYLE ('',( #717 ) ) ;
#4963 = ORIENTED_EDGE ( 'NONE', *, *, #5993, .F. ) ;
#4964 = VECTOR ( 'NONE', #5117, 1000.000000000000000 ) ;
#4965 = VERTEX_POINT ( 'NONE', #1415 ) ;
#4966 = CARTESIAN_POINT ( 'NONE',  ( -1.599999999999999867, 1.100000000000000089, -0.5699999999999999512 ) ) ;
#4967 = DIRECTION ( 'NONE',  ( -0.0000000000000000000, -1.000000000000000000, -0.0000000000000000000 ) ) ;
#4968 = VECTOR ( 'NONE', #2557, 1000.000000000000000 ) ;
#4969 = AXIS2_PLACEMENT_3D ( 'NONE', #4876, #2147, #5838 ) ;
#4970 = DIRECTION ( 'NONE',  ( 0.0000000000000000000, 1.000000000000000000, 0.0000000000000000000 ) ) ;
#4971 = EDGE_CURVE ( 'NONE', #329, #2333, #280, .T. ) ;
#4972 = CARTESIAN_POINT ( 'NONE',  ( 0.2838201673205150710, 0.9163225641662154919, 0.4500000000000000666 ) ) ;
#4973 = ORIENTED_EDGE ( 'NONE', *, *, #3088, .T. ) ;
#4974 = VECTOR ( 'NONE', #2992, 1000.000000000000000 ) ;
#4975 =( GEOMETRIC_REPRESENTATION_CONTEXT ( 3 ) GLOBAL_UNCERTAINTY_ASSIGNED_CONTEXT ( ( #4810 ) ) GLOBAL_UNIT_ASSIGNED_CONTEXT ( ( #535, #5816, #2088 ) ) REPRESENTATION_CONTEXT ( 'NONE', 'WORKASPACE' ) );
#4976 = ADVANCED_FACE ( 'NONE', ( #4022 ), #3007, .T. ) ;
#4977 = FACE_OUTER_BOUND ( 'NONE', #1583, .T. ) ;
#4978 = ORIENTED_EDGE ( 'NONE', *, *, #710, .F. ) ;
#4979 = UNCERTAINTY_MEASURE_WITH_UNIT (LENGTH_MEASURE( 1.000000000000000082E-05 ), #2538, 'distance_accuracy_value', 'NONE');
#4980 = LINE ( 'NONE', #1767, #3138 ) ;
#4981 = EDGE_CURVE ( 'NONE', #5656, #4942, #3990, .T. ) ;
#4982 = CARTESIAN_POINT ( 'NONE',  ( 2.500000000000001776, 2.100000000000000089, -0.2999999999999997113 ) ) ;
#4983 = DIRECTION ( 'NONE',  ( 0.0000000000000000000, 0.0000000000000000000, 1.000000000000000000 ) ) ;
#4984 = VERTEX_POINT ( 'NONE', #6705 ) ;
#4985 = FACE_OUTER_BOUND ( 'NONE', #5227, .T. ) ;
#4986 = PLANE ( 'NONE',  #6847 ) ;
#4987 = SURFACE_STYLE_USAGE ( .BOTH. , #6654 ) ;
#4988 = LINE ( 'NONE', #225, #3241 ) ;
#4989 = EDGE_CURVE ( 'NONE', #1239, #1244, #5106, .T. ) ;
#4990 = LINE ( 'NONE', #6655, #3704 ) ;
#4991 = LINE ( 'NONE', #741, #6641 ) ;
#4992 = DIRECTION ( 'NONE',  ( 1.000000000000000000, 0.0000000000000000000, 0.0000000000000000000 ) ) ;
#4993 = PRESENTATION_LAYER_ASSIGNMENT (  '', '', ( #4881 ) ) ;
#4994 = DIRECTION ( 'NONE',  ( 0.0000000000000000000, 0.0000000000000000000, 1.000000000000000000 ) ) ;
#4995 = LINE ( 'NONE', #3497, #5347 ) ;
#4996 = DIRECTION ( 'NONE',  ( -0.0000000000000000000, 0.0000000000000000000, -1.000000000000000000 ) ) ;
#4997 = VECTOR ( 'NONE', #6699, 1000.000000000000000 ) ;
#4998 = DIRECTION ( 'NONE',  ( 1.000000000000000000, -0.0000000000000000000, -0.0000000000000000000 ) ) ;
#4999 = LINE ( 'NONE', #2332, #4225 ) ;
#5000 = ORIENTED_EDGE ( 'NONE', *, *, #2490, .T. ) ;
#5001 = ORIENTED_EDGE ( 'NONE', *, *, #5061, .F. ) ;
#5002 = VECTOR ( 'NONE', #3650, 1000.000000000000114 ) ;
#5003 = ORIENTED_EDGE ( 'NONE', *, *, #553, .T. ) ;
#5004 = LINE ( 'NONE', #315, #4167 ) ;
#5005 = DIRECTION ( 'NONE',  ( 0.0000000000000000000, -1.000000000000000000, 0.0000000000000000000 ) ) ;
#5006 =( NAMED_UNIT ( * ) PLANE_ANGLE_UNIT ( ) SI_UNIT ( $, .RADIAN. ) );
#5007 = AXIS2_PLACEMENT_3D ( 'NONE', #1380, #3613, #4061 ) ;
#5008 = ORIENTED_EDGE ( 'NONE', *, *, #1104, .T. ) ;
#5009 = ORIENTED_EDGE ( 'NONE', *, *, #2955, .F. ) ;
#5010 = VECTOR ( 'NONE', #6490, 1000.000000000000000 ) ;
#5011 = ADVANCED_FACE ( 'NONE', ( #5580 ), #4581, .T. ) ;
#5012 = DIRECTION ( 'NONE',  ( 0.0000000000000000000, 0.0000000000000000000, -1.000000000000000000 ) ) ;
#5013 = FACE_OUTER_BOUND ( 'NONE', #5969, .T. ) ;
#5014 = DIRECTION ( 'NONE',  ( 1.000000000000000000, 0.0000000000000000000, -3.071906155375592215E-15 ) ) ;
#5015 = ORIENTED_EDGE ( 'NONE', *, *, #2232, .T. ) ;
#5016 = DIRECTION ( 'NONE',  ( 1.000000000000000000, -0.0000000000000000000, -0.0000000000000000000 ) ) ;
#5017 = AXIS2_PLACEMENT_3D ( 'NONE', #2912, #1290, #5052 ) ;
#5018 = VERTEX_POINT ( 'NONE', #3397 ) ;
#5019 = EDGE_CURVE ( 'NONE', #1657, #5977, #6600, .T. ) ;
#5020 = LINE ( 'NONE', #258, #4928 ) ;
#5021 = STYLED_ITEM ( 'NONE', ( #3364 ), #4875 ) ;
#5022 = DIRECTION ( 'NONE',  ( 1.000000000000000000, 0.0000000000000000000, 0.0000000000000000000 ) ) ;
#5023 = DIRECTION ( 'NONE',  ( -1.000000000000000000, -2.000708728360073702E-16, 0.0000000000000000000 ) ) ;
#5024 = DIRECTION ( 'NONE',  ( -0.0000000000000000000, -1.000000000000000000, -0.0000000000000000000 ) ) ;
#5025 = DIRECTION ( 'NONE',  ( -0.0000000000000000000, -0.0000000000000000000, -1.000000000000000000 ) ) ;
#5026 = VECTOR ( 'NONE', #1921, 1000.000000000000000 ) ;
#5027 = EDGE_CURVE ( 'NONE', #3580, #4142, #2937, .T. ) ;
#5028 = CARTESIAN_POINT ( 'NONE',  ( -1.700000000000000400, 1.200000000000000622, -0.7699999999999999067 ) ) ;
#5029 = UNCERTAINTY_MEASURE_WITH_UNIT (LENGTH_MEASURE( 1.000000000000000082E-05 ), #1605, 'distance_accuracy_value', 'NONE');
#5030 = SURFACE_STYLE_USAGE ( .BOTH. , #6589 ) ;
#5031 = DIRECTION ( 'NONE',  ( 0.0000000000000000000, 0.0000000000000000000, 1.000000000000000000 ) ) ;
#5032 = CARTESIAN_POINT ( 'NONE',  ( 0.0000000000000000000, 0.0000000000000000000, -0.5699999999999999512 ) ) ;
#5033 = VECTOR ( 'NONE', #6166, 1000.000000000000000 ) ;
#5034 = CARTESIAN_POINT ( 'NONE',  ( -0.5500000000000000444, 1.049999999999999822, -0.5699999999999999512 ) ) ;
#5035 = ORIENTED_EDGE ( 'NONE', *, *, #3395, .T. ) ;
#5036 =( GEOMETRIC_REPRESENTATION_CONTEXT ( 3 ) GLOBAL_UNCERTAINTY_ASSIGNED_CONTEXT ( ( #2041 ) ) GLOBAL_UNIT_ASSIGNED_CONTEXT ( ( #4253, #4774, #556 ) ) REPRESENTATION_CONTEXT ( 'NONE', 'WORKASPACE' ) );
#5037 = ORIENTED_EDGE ( 'NONE', *, *, #4960, .F. ) ;
#5038 = LINE ( 'NONE', #891, #3487 ) ;
#5039 = PRESENTATION_STYLE_ASSIGNMENT (( #5653 ) ) ;
#5040 = DIRECTION ( 'NONE',  ( -1.000000000000000000, 0.0000000000000000000, 0.0000000000000000000 ) ) ;
#5041 = ORIENTED_EDGE ( 'NONE', *, *, #4513, .T. ) ;
#5042 = PLANE ( 'NONE',  #6729 ) ;
#5043 = ORIENTED_EDGE ( 'NONE', *, *, #1042, .F. ) ;
#5044 = PRESENTATION_LAYER_ASSIGNMENT (  '', '', ( #6482 ) ) ;
#5045 = UNCERTAINTY_MEASURE_WITH_UNIT (LENGTH_MEASURE( 1.000000000000000082E-05 ), #3919, 'distance_accuracy_value', 'NONE');
#5046 = CARTESIAN_POINT ( 'NONE',  ( 0.0000000000000000000, 0.0000000000000000000, -0.6999999999999999556 ) ) ;
#5047 = LINE ( 'NONE', #6716, #2290 ) ;
#5048 = CARTESIAN_POINT ( 'NONE',  ( -1.600000000000000311, -2.199999999999999734, -0.6999999999999999556 ) ) ;
#5049 = SURFACE_STYLE_USAGE ( .BOTH. , #3375 ) ;
#5050 = VERTEX_POINT ( 'NONE', #4548 ) ;
#5051 = VECTOR ( 'NONE', #754, 1000.000000000000000 ) ;
#5052 = DIRECTION ( 'NONE',  ( 1.000000000000000000, 0.0000000000000000000, 0.0000000000000000000 ) ) ;
#5053 = EDGE_CURVE ( 'NONE', #1594, #1348, #6668, .T. ) ;
#5054 = ORIENTED_EDGE ( 'NONE', *, *, #1631, .T. ) ;
#5055 = ORIENTED_EDGE ( 'NONE', *, *, #4254, .T. ) ;
#5056 = DIRECTION ( 'NONE',  ( -1.000000000000000000, 0.0000000000000000000, -0.0000000000000000000 ) ) ;
#5057 = DIRECTION ( 'NONE',  ( 0.0000000000000000000, -0.0000000000000000000, -1.000000000000000000 ) ) ;
#5058 = DIRECTION ( 'NONE',  ( -0.0000000000000000000, 0.0000000000000000000, -1.000000000000000000 ) ) ;
#5059 = SURFACE_SIDE_STYLE ('',( #3976 ) ) ;
#5060 = CARTESIAN_POINT ( 'NONE',  ( -1.700000000000000400, -2.099999999999999645, -0.5699999999999999512 ) ) ;
#5061 = EDGE_CURVE ( 'NONE', #2074, #5141, #4689, .T. ) ;
#5062 = FACE_OUTER_BOUND ( 'NONE', #3446, .T. ) ;
#5063 = VECTOR ( 'NONE', #6579, 1000.000000000000000 ) ;
#5064 = EDGE_CURVE ( 'NONE', #1323, #4348, #2519, .T. ) ;
#5065 = LINE ( 'NONE', #2400, #5695 ) ;
#5066 = LINE ( 'NONE', #3388, #5375 ) ;
#5067 = DIRECTION ( 'NONE',  ( 0.0000000000000000000, -1.000000000000000000, 0.0000000000000000000 ) ) ;
#5068 = LINE ( 'NONE', #1781, #2731 ) ;
#5069 = CYLINDRICAL_SURFACE ( 'NONE', #3369, 1.699999999999999956 ) ;
#5070 = PRESENTATION_STYLE_ASSIGNMENT (( #2330 ) ) ;
#5071 = EDGE_CURVE ( 'NONE', #1637, #6433, #6343, .T. ) ;
#5072 = FACE_OUTER_BOUND ( 'NONE', #4280, .T. ) ;
#5073 = AXIS2_PLACEMENT_3D ( 'NONE', #304, #6550, #879 ) ;
#5074 = ORIENTED_EDGE ( 'NONE', *, *, #3903, .T. ) ;
#5075 = CYLINDRICAL_SURFACE ( 'NONE', #1925, 0.1000000000000002554 ) ;
#5076 = CARTESIAN_POINT ( 'NONE',  ( -1.971607025033961236, 2.110000814877110997, 0.3500000000000000333 ) ) ;
#5077 = DIRECTION ( 'NONE',  ( 0.0000000000000000000, 1.000000000000000000, -0.0000000000000000000 ) ) ;
#5078 = ORIENTED_EDGE ( 'NONE', *, *, #4605, .T. ) ;
#5079 = PLANE ( 'NONE',  #5947 ) ;
#5080 = MECHANICAL_DESIGN_GEOMETRIC_PRESENTATION_REPRESENTATION (  '', ( #6066 ), #4641 ) ;
#5081 = VERTEX_POINT ( 'NONE', #5790 ) ;
#5082 = VECTOR ( 'NONE', #5593, 1000.000000000000000 ) ;
#5083 = DIRECTION ( 'NONE',  ( 0.0000000000000000000, 0.0000000000000000000, -1.000000000000000000 ) ) ;
#5084 = LINE ( 'NONE', #3586, #976 ) ;
#5085 = CIRCLE ( 'NONE', #746, 0.1499999999999999667 ) ;
#5086 = DIRECTION ( 'NONE',  ( -0.0000000000000000000, -0.0000000000000000000, -1.000000000000000000 ) ) ;
#5087 = EDGE_LOOP ( 'NONE', ( #6722, #6110, #3951, #2380 ) ) ;
#5088 =( NAMED_UNIT ( * ) SI_UNIT ( $, .STERADIAN. ) SOLID_ANGLE_UNIT ( ) );
#5089 = SURFACE_SIDE_STYLE ('',( #255 ) ) ;
#5090 = ORIENTED_EDGE ( 'NONE', *, *, #2607, .T. ) ;
#5091 = EDGE_LOOP ( 'NONE', ( #2016, #6395, #6467, #6849 ) ) ;
#5092 = EDGE_CURVE ( 'NONE', #719, #5998, #1513, .T. ) ;
#5093 = LINE ( 'NONE', #5564, #6494 ) ;
#5094 = DIRECTION ( 'NONE',  ( -0.0000000000000000000, 1.000000000000000000, -0.0000000000000000000 ) ) ;
#5095 = DIRECTION ( 'NONE',  ( -1.000000000000000000, 0.0000000000000000000, -3.252606517456505019E-15 ) ) ;
#5096 = DIRECTION ( 'NONE',  ( 1.000000000000000000, 0.0000000000000000000, -0.0000000000000000000 ) ) ;
#5097 =( NAMED_UNIT ( * ) PLANE_ANGLE_UNIT ( ) SI_UNIT ( $, .RADIAN. ) );
#5098 = ADVANCED_FACE ( 'NONE', ( #965 ), #2482, .T. ) ;
#5099 = SURFACE_STYLE_USAGE ( .BOTH. , #4435 ) ;
#5100 = CARTESIAN_POINT ( 'NONE',  ( 2.470127565808668990, 2.500000000000002220, -0.5699999999999999512 ) ) ;
#5101 = SURFACE_SIDE_STYLE ('',( #5613 ) ) ;
#5102 = FILL_AREA_STYLE_COLOUR ( '', #3078 ) ;
#5103 = VERTEX_POINT ( 'NONE', #4623 ) ;
#5104 = DIRECTION ( 'NONE',  ( -0.0000000000000000000, -0.0000000000000000000, -1.000000000000000000 ) ) ;
#5105 = EDGE_CURVE ( 'NONE', #4450, #1731, #6212, .T. ) ;
#5106 = LINE ( 'NONE', #316, #2892 ) ;
#5107 = FILL_AREA_STYLE ('',( #6669 ) ) ;
#5108 = ORIENTED_EDGE ( 'NONE', *, *, #2118, .T. ) ;
#5109 =( LENGTH_UNIT ( ) NAMED_UNIT ( * ) SI_UNIT ( .MILLI., .METRE. ) );
#5110 = CARTESIAN_POINT ( 'NONE',  ( -0.1831650461902210314, -0.5332195235787651200, 0.3000000000000000444 ) ) ;
#5111 = ORIENTED_EDGE ( 'NONE', *, *, #6311, .T. ) ;
#5112 = EDGE_CURVE ( 'NONE', #1979, #4578, #5755, .T. ) ;
#5113 = UNCERTAINTY_MEASURE_WITH_UNIT (LENGTH_MEASURE( 1.000000000000000082E-05 ), #3717, 'distance_accuracy_value', 'NONE');
#5114 = AXIS2_PLACEMENT_3D ( 'NONE', #5345, #2693, #2076 ) ;
#5115 = DIRECTION ( 'NONE',  ( 0.0000000000000000000, 0.0000000000000000000, -1.000000000000000000 ) ) ;
#5116 = VERTEX_POINT ( 'NONE', #999 ) ;
#5117 = DIRECTION ( 'NONE',  ( 0.05226442768871396305, 0.05226442768871396305, 0.9972646886342373396 ) ) ;
#5118 = ORIENTED_EDGE ( 'NONE', *, *, #6673, .T. ) ;
#5119 = PRESENTATION_LAYER_ASSIGNMENT (  '', '', ( #4454 ) ) ;
#5120 = EDGE_LOOP ( 'NONE', ( #1859, #2, #6666, #6710 ) ) ;
#5121 =( LENGTH_UNIT ( ) NAMED_UNIT ( * ) SI_UNIT ( .MILLI., .METRE. ) );
#5122 = CARTESIAN_POINT ( 'NONE',  ( 2.471716000805965763, -1.199999999999999734, -0.5396908546970038412 ) ) ;
#5123 =( LENGTH_UNIT ( ) NAMED_UNIT ( * ) SI_UNIT ( .MILLI., .METRE. ) );
#5124 = COLOUR_RGB ( '',0.8980392156862745390, 0.9215686274509803377, 0.9294117647058823817 ) ;
#5125 = DIRECTION ( 'NONE',  ( 1.000000000000000000, 2.000708728360073455E-16, -0.0000000000000000000 ) ) ;
#5126 = SURFACE_STYLE_USAGE ( .BOTH. , #3066 ) ;
#5127 = CARTESIAN_POINT ( 'NONE',  ( -2.500000000000001776, 2.100000000000000089, -0.2999999999999997113 ) ) ;
#5128 = SURFACE_STYLE_FILL_AREA ( #336 ) ;
#5129 = SURFACE_STYLE_FILL_AREA ( #6730 ) ;
#5130 = CARTESIAN_POINT ( 'NONE',  ( -2.700000000000000622, 2.100000000000000089, -0.5700000000000006173 ) ) ;
#5131 =( NAMED_UNIT ( * ) PLANE_ANGLE_UNIT ( ) SI_UNIT ( $, .RADIAN. ) );
#5132 = CARTESIAN_POINT ( 'NONE',  ( -1.043697599916538765, -0.1584055984559433750, 0.4500000000000000666 ) ) ;
#5133 = VECTOR ( 'NONE', #1018, 1000.000000000000114 ) ;
#5134 = EDGE_CURVE ( 'NONE', #4511, #2306, #3117, .T. ) ;
#5135 = ORIENTED_EDGE ( 'NONE', *, *, #2955, .T. ) ;
#5136 = LINE ( 'NONE', #5789, #4586 ) ;
#5137 = COLOUR_RGB ( '',0.8980392156862745390, 0.9215686274509803377, 0.9294117647058823817 ) ;
#5138 = SURFACE_STYLE_USAGE ( .BOTH. , #2898 ) ;
#5139 = CARTESIAN_POINT ( 'NONE',  ( -1.043697599916538765, -0.1584055984559433750, 0.4500000000000000666 ) ) ;
#5140 = DIRECTION ( 'NONE',  ( -1.000000000000000000, -2.404031325876694646E-16, 0.0000000000000000000 ) ) ;
#5141 = VERTEX_POINT ( 'NONE', #2617 ) ;
#5142 = VECTOR ( 'NONE', #5104, 1000.000000000000000 ) ;
#5143 = AXIS2_PLACEMENT_3D ( 'NONE', #5591, #4592, #4069 ) ;
#5144 = EDGE_CURVE ( 'NONE', #3476, #577, #5209, .T. ) ;
#5145 = FILL_AREA_STYLE_COLOUR ( '', #3054 ) ;
#5146 = ORIENTED_EDGE ( 'NONE', *, *, #1992, .F. ) ;
#5147 =( GEOMETRIC_REPRESENTATION_CONTEXT ( 3 ) GLOBAL_UNCERTAINTY_ASSIGNED_CONTEXT ( ( #660 ) ) GLOBAL_UNIT_ASSIGNED_CONTEXT ( ( #4230, #961, #1573 ) ) REPRESENTATION_CONTEXT ( 'NONE', 'WORKASPACE' ) );
#5148 = DIRECTION ( 'NONE',  ( -0.0000000000000000000, -1.000000000000000000, -0.0000000000000000000 ) ) ;
#5149 = ORIENTED_EDGE ( 'NONE', *, *, #720, .F. ) ;
#5150 = EDGE_CURVE ( 'NONE', #2029, #6753, #5236, .T. ) ;
#5151 = DIRECTION ( 'NONE',  ( 0.0000000000000000000, 0.0000000000000000000, 1.000000000000000000 ) ) ;
#5152 = ORIENTED_EDGE ( 'NONE', *, *, #6504, .T. ) ;
#5153 =( GEOMETRIC_REPRESENTATION_CONTEXT ( 3 ) GLOBAL_UNCERTAINTY_ASSIGNED_CONTEXT ( ( #2458 ) ) GLOBAL_UNIT_ASSIGNED_CONTEXT ( ( #5121, #1949, #5867 ) ) REPRESENTATION_CONTEXT ( 'NONE', 'WORKASPACE' ) );
#5154 = COLOUR_RGB ( '',0.8980392156862745390, 0.9215686274509803377, 0.9294117647058823817 ) ;
#5155 = ORIENTED_EDGE ( 'NONE', *, *, #547, .F. ) ;
#5156 = LINE ( 'NONE', #6756, #594 ) ;
#5157 = FILL_AREA_STYLE_COLOUR ( '', #4055 ) ;
#5158 = CARTESIAN_POINT ( 'NONE',  ( 2.471716000805965763, -2.099999999999999645, -0.5396908546970038412 ) ) ;
#5159 = AXIS2_PLACEMENT_3D ( 'NONE', #5652, #2616, #1512 ) ;
#5160 =( NAMED_UNIT ( * ) SI_UNIT ( $, .STERADIAN. ) SOLID_ANGLE_UNIT ( ) );
#5161 = FILL_AREA_STYLE_COLOUR ( '', #5965 ) ;
#5162 = CARTESIAN_POINT ( 'NONE',  ( -1.700000000000000622, 2.100000000000000089, -0.5699999999999999512 ) ) ;
#5163 = SURFACE_SIDE_STYLE ('',( #6784 ) ) ;
#5164 = EDGE_LOOP ( 'NONE', ( #455, #6159, #6718, #6810 ) ) ;
#5165 = STYLED_ITEM ( 'NONE', ( #6693 ), #1088 ) ;
#5166 = FACE_OUTER_BOUND ( 'NONE', #5120, .T. ) ;
#5167 = DIRECTION ( 'NONE',  ( 0.0000000000000000000, 1.000000000000000000, 0.0000000000000000000 ) ) ;
#5168 = SURFACE_STYLE_USAGE ( .BOTH. , #4196 ) ;
#5169 = PRESENTATION_STYLE_ASSIGNMENT (( #1051 ) ) ;
#5170 = CARTESIAN_POINT ( 'NONE',  ( -2.500000000000002220, 1.680009069179262626, 0.0000000000000000000 ) ) ;
#5171 = MECHANICAL_DESIGN_GEOMETRIC_PRESENTATION_REPRESENTATION (  '', ( #3617 ), #1934 ) ;
#5172 = LINE ( 'NONE', #5715, #3509 ) ;
#5173 = ORIENTED_EDGE ( 'NONE', *, *, #5545, .T. ) ;
#5174 = SURFACE_STYLE_USAGE ( .BOTH. , #2646 ) ;
#5175 = SURFACE_SIDE_STYLE ('',( #3043 ) ) ;
#5176 = ADVANCED_FACE ( 'NONE', ( #4099 ), #480, .T. ) ;
#5177 = LINE ( 'NONE', #6866, #328 ) ;
#5178 = ORIENTED_EDGE ( 'NONE', *, *, #2575, .T. ) ;
#5179 = VECTOR ( 'NONE', #3607, 1000.000000000000000 ) ;
#5180 = SURFACE_STYLE_USAGE ( .BOTH. , #353 ) ;
#5181 = ORIENTED_EDGE ( 'NONE', *, *, #6760, .T. ) ;
#5182 = VECTOR ( 'NONE', #6508, 1000.000000000000000 ) ;
#5183 = UNCERTAINTY_MEASURE_WITH_UNIT (LENGTH_MEASURE( 1.000000000000000082E-05 ), #2196, 'distance_accuracy_value', 'NONE');
#5184 = EDGE_CURVE ( 'NONE', #2877, #2942, #1640, .T. ) ;
#5185 = CARTESIAN_POINT ( 'NONE',  ( -0.9960286258184727348, -0.2870056143358112877, 0.3000000000000000444 ) ) ;
#5186 = DIRECTION ( 'NONE',  ( 0.0000000000000000000, 0.0000000000000000000, 1.000000000000000000 ) ) ;
#5187 = EDGE_LOOP ( 'NONE', ( #459, #6316, #3106, #3654 ) ) ;
#5188 = EDGE_CURVE ( 'NONE', #5284, #6728, #3843, .T. ) ;
#5189 = DIRECTION ( 'NONE',  ( -1.000000000000000000, -0.0000000000000000000, -0.0000000000000000000 ) ) ;
#5190 = ORIENTED_EDGE ( 'NONE', *, *, #5144, .T. ) ;
#5191 = PLANE ( 'NONE',  #6263 ) ;
#5192 = EDGE_CURVE ( 'NONE', #6594, #6086, #1751, .T. ) ;
#5193 = SURFACE_STYLE_USAGE ( .BOTH. , #4185 ) ;
#5194 = CARTESIAN_POINT ( 'NONE',  ( -0.9960286258184738450, -0.6832195235787650311, 0.3500000000000000333 ) ) ;
#5195 = CARTESIAN_POINT ( 'NONE',  ( 0.3603187164337324777, 0.4570589046025532176, 0.3500000000000000333 ) ) ;
#5196 = CARTESIAN_POINT ( 'NONE',  ( -2.462305712989667050, 2.462305712989667050, 0.4308476720434270546 ) ) ;
#5197 = LINE ( 'NONE', #5707, #4631 ) ;
#5198 = ORIENTED_EDGE ( 'NONE', *, *, #3108, .T. ) ;
#5199 = AXIS2_PLACEMENT_3D ( 'NONE', #2361, #1843, #5095 ) ;
#5200 = MECHANICAL_DESIGN_GEOMETRIC_PRESENTATION_REPRESENTATION (  '', ( #3307 ), #6413 ) ;
#5201 = EDGE_CURVE ( 'NONE', #3593, #632, #6378, .T. ) ;
#5202 =( LENGTH_UNIT ( ) NAMED_UNIT ( * ) SI_UNIT ( .MILLI., .METRE. ) );
#5203 = CARTESIAN_POINT ( 'NONE',  ( 2.470127565808668990, 2.100000000000000089, -0.5699999999999999512 ) ) ;
#5204 = DIRECTION ( 'NONE',  ( -0.05233595624294388321, 0.0000000000000000000, 0.9986295347545739443 ) ) ;
#5205 = DIRECTION ( 'NONE',  ( 0.0000000000000000000, -0.0000000000000000000, -1.000000000000000000 ) ) ;
#5206 =( GEOMETRIC_REPRESENTATION_CONTEXT ( 3 ) GLOBAL_UNCERTAINTY_ASSIGNED_CONTEXT ( ( #394 ) ) GLOBAL_UNIT_ASSIGNED_CONTEXT ( ( #1138, #5379, #5869 ) ) REPRESENTATION_CONTEXT ( 'NONE', 'WORKASPACE' ) );
#5207 = EDGE_LOOP ( 'NONE', ( #6347, #320, #834, #6796, #2452, #2069 ) ) ;
#5208 =( NAMED_UNIT ( * ) SI_UNIT ( $, .STERADIAN. ) SOLID_ANGLE_UNIT ( ) );
#5209 = LINE ( 'NONE', #2096, #6786 ) ;
#5210 = VERTEX_POINT ( 'NONE', #2678 ) ;
#5211 =( GEOMETRIC_REPRESENTATION_CONTEXT ( 3 ) GLOBAL_UNCERTAINTY_ASSIGNED_CONTEXT ( ( #6155 ) ) GLOBAL_UNIT_ASSIGNED_CONTEXT ( ( #4607, #4044, #1987 ) ) REPRESENTATION_CONTEXT ( 'NONE', 'WORKASPACE' ) );
#5212 = VERTEX_POINT ( 'NONE', #4305 ) ;
#5213 = SURFACE_SIDE_STYLE ('',( #5316 ) ) ;
#5214 =( GEOMETRIC_REPRESENTATION_CONTEXT ( 3 ) GLOBAL_UNCERTAINTY_ASSIGNED_CONTEXT ( ( #1277 ) ) GLOBAL_UNIT_ASSIGNED_CONTEXT ( ( #4094, #3538, #4543 ) ) REPRESENTATION_CONTEXT ( 'NONE', 'WORKASPACE' ) );
#5215 =( LENGTH_UNIT ( ) NAMED_UNIT ( * ) SI_UNIT ( .MILLI., .METRE. ) );
#5216 = PRESENTATION_STYLE_ASSIGNMENT (( #4560 ) ) ;
#5217 = ORIENTED_EDGE ( 'NONE', *, *, #802, .T. ) ;
#5218 = DIRECTION ( 'NONE',  ( -1.000000000000000000, 0.0000000000000000000, 0.0000000000000000000 ) ) ;
#5219 = VERTEX_POINT ( 'NONE', #2164 ) ;
#5220 = EDGE_CURVE ( 'NONE', #767, #3715, #4247, .T. ) ;
#5221 = ORIENTED_EDGE ( 'NONE', *, *, #1483, .T. ) ;
#5222 = CARTESIAN_POINT ( 'NONE',  ( 0.2838201673205150710, 0.9163225641662154919, 0.4500000000000000666 ) ) ;
#5223 = DIRECTION ( 'NONE',  ( 0.9986295347545739443, 0.0000000000000000000, -0.05233595624294388321 ) ) ;
#5224 = CARTESIAN_POINT ( 'NONE',  ( -2.500000000000002220, -2.500000000000002220, 0.0000000000000000000 ) ) ;
#5225 = PRESENTATION_LAYER_ASSIGNMENT (  '', '', ( #3564 ) ) ;
#5226 = DIRECTION ( 'NONE',  ( -0.0000000000000000000, 0.0000000000000000000, -1.000000000000000000 ) ) ;
#5227 = EDGE_LOOP ( 'NONE', ( #3949, #3552, #5788, #6702 ) ) ;
#5228 = EDGE_CURVE ( 'NONE', #4309, #6267, #3810, .T. ) ;
#5229 = DIRECTION ( 'NONE',  ( -1.000000000000000000, 1.522241498270670007E-16, -0.0000000000000000000 ) ) ;
#5230 = SURFACE_STYLE_FILL_AREA ( #4616 ) ;
#5231 = DIRECTION ( 'NONE',  ( 0.0000000000000000000, 0.0000000000000000000, -1.000000000000000000 ) ) ;
#5232 = MECHANICAL_DESIGN_GEOMETRIC_PRESENTATION_REPRESENTATION (  '', ( #3455 ), #1564 ) ;
#5233 = ADVANCED_FACE ( 'NONE', ( #3354 ), #5964, .F. ) ;
#5234 = VERTEX_POINT ( 'NONE', #2782 ) ;
#5235 = CARTESIAN_POINT ( 'NONE',  ( -1.680009069179262848, 2.430009069179262848, 0.4000000000000000222 ) ) ;
#5236 = LINE ( 'NONE', #4761, #3793 ) ;
#5237 = CIRCLE ( 'NONE', #5680, 0.1499999999999999667 ) ;
#5238 = CARTESIAN_POINT ( 'NONE',  ( -2.700000000000002842, -2.099999999999999645, -6.982962677686266711E-16 ) ) ;
#5239 = DIRECTION ( 'NONE',  ( 0.0000000000000000000, -1.000000000000000000, 0.0000000000000000000 ) ) ;
#5240 = EDGE_LOOP ( 'NONE', ( #6216, #2517, #257, #1319 ) ) ;
#5241 = VECTOR ( 'NONE', #13, 1000.000000000000000 ) ;
#5242 = ORIENTED_EDGE ( 'NONE', *, *, #5435, .T. ) ;
#5243 = UNCERTAINTY_MEASURE_WITH_UNIT (LENGTH_MEASURE( 1.000000000000000082E-05 ), #3370, 'distance_accuracy_value', 'NONE');
#5244 = CLOSED_SHELL ( 'NONE', ( #5866, #6215, #5387, #6200, #1411, #890 ) ) ;
#5245 = AXIS2_PLACEMENT_3D ( 'NONE', #74, #5949, #43 ) ;
#5246 =( NAMED_UNIT ( * ) SI_UNIT ( $, .STERADIAN. ) SOLID_ANGLE_UNIT ( ) );
#5247 = ORIENTED_EDGE ( 'NONE', *, *, #1867, .T. ) ;
#5248 = CARTESIAN_POINT ( 'NONE',  ( -2.500000000000001332, -2.099999999999999645, -0.4700000000000001399 ) ) ;
#5249 = ORIENTED_EDGE ( 'NONE', *, *, #4363, .F. ) ;
#5250 = VECTOR ( 'NONE', #229, 1000.000000000000000 ) ;
#5251 = EDGE_LOOP ( 'NONE', ( #2801, #4478, #2350, #2728 ) ) ;
#5252 = PRESENTATION_LAYER_ASSIGNMENT (  '', '', ( #4156 ) ) ;
#5253 = EDGE_CURVE ( 'NONE', #828, #2262, #166, .T. ) ;
#5254 = CARTESIAN_POINT ( 'NONE',  ( -0.03316504619021998224, -0.6832195235787661414, 0.3000000000000000444 ) ) ;
#5255 = LINE ( 'NONE', #953, #6524 ) ;
#5256 = LINE ( 'NONE', #6783, #673 ) ;
#5257 = AXIS2_PLACEMENT_3D ( 'NONE', #2709, #1084, #1598 ) ;
#5258 = DIRECTION ( 'NONE',  ( 1.000000000000000000, 0.0000000000000000000, 0.0000000000000000000 ) ) ;
#5259 = VERTEX_POINT ( 'NONE', #1405 ) ;
#5260 = FILL_AREA_STYLE_COLOUR ( '', #264 ) ;
#5261 =( GEOMETRIC_REPRESENTATION_CONTEXT ( 3 ) GLOBAL_UNCERTAINTY_ASSIGNED_CONTEXT ( ( #2308 ) ) GLOBAL_UNIT_ASSIGNED_CONTEXT ( ( #1648, #3820, #581 ) ) REPRESENTATION_CONTEXT ( 'NONE', 'WORKASPACE' ) );
#5262 = CARTESIAN_POINT ( 'NONE',  ( -0.9960286258184738450, -0.1370056143358112655, 0.3500000000000000333 ) ) ;
#5263 = FACE_OUTER_BOUND ( 'NONE', #4773, .T. ) ;
#5264 = EDGE_CURVE ( 'NONE', #1238, #4637, #1673, .T. ) ;
#5265 = CARTESIAN_POINT ( 'NONE',  ( 0.0000000000000000000, 0.0000000000000000000, -0.6999999999999999556 ) ) ;
#5266 = EDGE_CURVE ( 'NONE', #4700, #6256, #712, .T. ) ;
#5267 = ORIENTED_EDGE ( 'NONE', *, *, #1601, .T. ) ;
#5268 = CARTESIAN_POINT ( 'NONE',  ( 0.0000000000000000000, 2.463314554501873310, -0.6999999999999999556 ) ) ;
#5269 = CARTESIAN_POINT ( 'NONE',  ( 2.700000000000001954, -2.099999999999999645, -0.3000000000000003220 ) ) ;
#5270 = CARTESIAN_POINT ( 'NONE',  ( 2.470127565808668990, 2.500000000000002220, -0.5699999999999999512 ) ) ;
#5271 = PRESENTATION_LAYER_ASSIGNMENT (  '', '', ( #4617 ) ) ;
#5272 = EDGE_CURVE ( 'NONE', #5865, #1358, #5504, .T. ) ;
#5273 = FACE_OUTER_BOUND ( 'NONE', #5443, .T. ) ;
#5274 = ORIENTED_EDGE ( 'NONE', *, *, #189, .T. ) ;
#5275 = AXIS2_PLACEMENT_3D ( 'NONE', #3546, #6643, #3468 ) ;
#5276 =( NAMED_UNIT ( * ) PLANE_ANGLE_UNIT ( ) SI_UNIT ( $, .RADIAN. ) );
#5277 = ORIENTED_EDGE ( 'NONE', *, *, #2579, .F. ) ;
#5278 = FACE_OUTER_BOUND ( 'NONE', #4770, .T. ) ;
#5279 =( GEOMETRIC_REPRESENTATION_CONTEXT ( 3 ) GLOBAL_UNCERTAINTY_ASSIGNED_CONTEXT ( ( #86 ) ) GLOBAL_UNIT_ASSIGNED_CONTEXT ( ( #3156, #4240, #994 ) ) REPRESENTATION_CONTEXT ( 'NONE', 'WORKASPACE' ) );
#5280 = DIRECTION ( 'NONE',  ( 0.0000000000000000000, 0.0000000000000000000, 1.000000000000000000 ) ) ;
#5281 = VERTEX_POINT ( 'NONE', #6026 ) ;
#5282 = ORIENTED_EDGE ( 'NONE', *, *, #5144, .F. ) ;
#5283 = PRESENTATION_LAYER_ASSIGNMENT (  '', '', ( #5396 ) ) ;
#5284 = VERTEX_POINT ( 'NONE', #6132 ) ;
#5285 = DIRECTION ( 'NONE',  ( -1.000000000000000000, 0.0000000000000000000, 0.0000000000000000000 ) ) ;
#5286 =( NAMED_UNIT ( * ) PLANE_ANGLE_UNIT ( ) SI_UNIT ( $, .RADIAN. ) );
#5287 = PRESENTATION_STYLE_ASSIGNMENT (( #3231 ) ) ;
#5288 = PRESENTATION_LAYER_ASSIGNMENT (  '', '', ( #4406 ) ) ;
#5289 = FILL_AREA_STYLE_COLOUR ( '', #5547 ) ;
#5290 = PLANE ( 'NONE',  #4188 ) ;
#5291 = VERTEX_POINT ( 'NONE', #6174 ) ;
#5292 = EDGE_CURVE ( 'NONE', #3095, #2270, #6344, .T. ) ;
#5293 = STYLED_ITEM ( 'NONE', ( #2002 ), #3154 ) ;
#5294 = PRESENTATION_LAYER_ASSIGNMENT (  '', '', ( #1410 ) ) ;
#5295 = CARTESIAN_POINT ( 'NONE',  ( 0.4838201673205150821, -0.2871897488101240459, 0.4500000000000000666 ) ) ;
#5296 = VECTOR ( 'NONE', #1011, 1000.000000000000000 ) ;
#5297 = DIRECTION ( 'NONE',  ( 0.0000000000000000000, 0.0000000000000000000, 1.000000000000000000 ) ) ;
#5298 = FACE_OUTER_BOUND ( 'NONE', #6749, .T. ) ;
#5299 =( NAMED_UNIT ( * ) SI_UNIT ( $, .STERADIAN. ) SOLID_ANGLE_UNIT ( ) );
#5300 = LINE ( 'NONE', #1085, #3411 ) ;
#5301 = DIRECTION ( 'NONE',  ( -1.000000000000000000, 2.710505431213759113E-16, -0.0000000000000000000 ) ) ;
#5302 = PRESENTATION_LAYER_ASSIGNMENT (  '', '', ( #2179 ) ) ;
#5303 = PRODUCT ( 'User Library-ws2812B-1', 'User Library-ws2812B-1', '', ( #975 ) ) ;
#5304 = ORIENTED_EDGE ( 'NONE', *, *, #5720, .T. ) ;
#5305 = EDGE_CURVE ( 'NONE', #5898, #214, #1886, .T. ) ;
#5306 = SURFACE_STYLE_USAGE ( .BOTH. , #3177 ) ;
#5307 = CARTESIAN_POINT ( 'NONE',  ( 2.499117102666011725, 2.100000000000000089, -0.01684668471109857651 ) ) ;
#5308 =( NAMED_UNIT ( * ) PLANE_ANGLE_UNIT ( ) SI_UNIT ( $, .RADIAN. ) );
#5309 = STYLED_ITEM ( 'NONE', ( #56 ), #2649 ) ;
#5310 =( NAMED_UNIT ( * ) SI_UNIT ( $, .STERADIAN. ) SOLID_ANGLE_UNIT ( ) );
#5311 = DIRECTION ( 'NONE',  ( -0.0000000000000000000, -0.0000000000000000000, 1.000000000000000000 ) ) ;
#5312 = FACE_OUTER_BOUND ( 'NONE', #1064, .T. ) ;
#5313 = ORIENTED_EDGE ( 'NONE', *, *, #3897, .F. ) ;
#5314 = EDGE_LOOP ( 'NONE', ( #3149, #3040 ) ) ;
#5315 = EDGE_CURVE ( 'NONE', #3234, #4112, #4995, .T. ) ;
#5316 = SURFACE_STYLE_FILL_AREA ( #2560 ) ;
#5317 = ORIENTED_EDGE ( 'NONE', *, *, #5769, .T. ) ;
#5318 = DIRECTION ( 'NONE',  ( -0.0000000000000000000, -0.0000000000000000000, -1.000000000000000000 ) ) ;
#5319 = EDGE_CURVE ( 'NONE', #1560, #5578, #2328, .T. ) ;
#5320 = ORIENTED_EDGE ( 'NONE', *, *, #647, .F. ) ;
#5321 = DIRECTION ( 'NONE',  ( 4.818676322157797375E-16, 1.000000000000000000, 0.0000000000000000000 ) ) ;
#5322 = SURFACE_STYLE_USAGE ( .BOTH. , #3270 ) ;
#5323 = SURFACE_SIDE_STYLE ('',( #3765 ) ) ;
#5324 = ORIENTED_EDGE ( 'NONE', *, *, #6754, .F. ) ;
#5325 = VECTOR ( 'NONE', #4835, 1000.000000000000000 ) ;
#5326 = PRESENTATION_STYLE_ASSIGNMENT (( #4845 ) ) ;
#5327 = DIRECTION ( 'NONE',  ( -1.000000000000000000, 0.0000000000000000000, -3.071906155375592215E-15 ) ) ;
#5328 = MECHANICAL_DESIGN_GEOMETRIC_PRESENTATION_REPRESENTATION (  '', ( #227 ), #2100 ) ;
#5329 = DIRECTION ( 'NONE',  ( 1.000000000000000000, 0.0000000000000000000, 0.0000000000000000000 ) ) ;
#5330 = DIRECTION ( 'NONE',  ( 0.0000000000000000000, 0.0000000000000000000, 1.000000000000000000 ) ) ;
#5331 = DIRECTION ( 'NONE',  ( -0.0000000000000000000, -0.0000000000000000000, 1.000000000000000000 ) ) ;
#5332 = ORIENTED_EDGE ( 'NONE', *, *, #4989, .T. ) ;
#5333 =( GEOMETRIC_REPRESENTATION_CONTEXT ( 3 ) GLOBAL_UNCERTAINTY_ASSIGNED_CONTEXT ( ( #5446 ) ) GLOBAL_UNIT_ASSIGNED_CONTEXT ( ( #3249, #3711, #2650 ) ) REPRESENTATION_CONTEXT ( 'NONE', 'WORKASPACE' ) );
#5334 = DIRECTION ( 'NONE',  ( 0.08682659386424762538, -0.08682659386424762538, -0.9924325091389669673 ) ) ;
#5335 = FILL_AREA_STYLE ('',( #5405 ) ) ;
#5336 = LINE ( 'NONE', #3811, #5466 ) ;
#5337 = AXIS2_PLACEMENT_3D ( 'NONE', #4426, #3477, #3378 ) ;
#5338 = EDGE_CURVE ( 'NONE', #2643, #1375, #204, .T. ) ;
#5339 = CARTESIAN_POINT ( 'NONE',  ( -2.471716000805965763, 1.200000000000000622, -0.5396908546970038412 ) ) ;
#5340 = FILL_AREA_STYLE ('',( #4404 ) ) ;
#5341 = ORIENTED_EDGE ( 'NONE', *, *, #1888, .T. ) ;
#5342 = EDGE_LOOP ( 'NONE', ( #4150, #1928, #4681, #5999 ) ) ;
#5343 = CARTESIAN_POINT ( 'NONE',  ( -2.400000000000001243, -1.199999999999999734, -0.4699999999999998068 ) ) ;
#5344 = EDGE_CURVE ( 'NONE', #2086, #6415, #3905, .T. ) ;
#5345 = CARTESIAN_POINT ( 'NONE',  ( -2.400000000000002132, 2.100000000000000089, -0.2999999999999993783 ) ) ;
#5346 = VERTEX_POINT ( 'NONE', #2850 ) ;
#5347 = VECTOR ( 'NONE', #6553, 1000.000000000000114 ) ;
#5348 = EDGE_LOOP ( 'NONE', ( #5221, #5146, #4697, #3562 ) ) ;
#5349 = VECTOR ( 'NONE', #4847, 1000.000000000000000 ) ;
#5350 = DIRECTION ( 'NONE',  ( 0.0000000000000000000, 0.0000000000000000000, 1.000000000000000000 ) ) ;
#5351 = EDGE_CURVE ( 'NONE', #543, #1603, #3944, .T. ) ;
#5352 = PRESENTATION_STYLE_ASSIGNMENT (( #4803 ) ) ;
#5353 = CARTESIAN_POINT ( 'NONE',  ( 0.3603187164337324777, 0.4570589046025532176, 0.3000000000000000444 ) ) ;
#5354 = LINE ( 'NONE', #596, #6286 ) ;
#5355 = ORIENTED_EDGE ( 'NONE', *, *, #6171, .F. ) ;
#5356 = CLOSED_SHELL ( 'NONE', ( #5563, #1201, #3320, #4583, #2005, #2103 ) ) ;
#5357 = AXIS2_PLACEMENT_3D ( 'NONE', #3761, #2111, #5285 ) ;
#5358 = CARTESIAN_POINT ( 'NONE',  ( -1.600000000000000089, -1.099999999999999645, -0.5699999999999999512 ) ) ;
#5359 = UNCERTAINTY_MEASURE_WITH_UNIT (LENGTH_MEASURE( 1.000000000000000082E-05 ), #3116, 'distance_accuracy_value', 'NONE');
#5360 = CARTESIAN_POINT ( 'NONE',  ( 0.2838201673205150710, -0.2871897488101240459, 0.4500000000000000666 ) ) ;
#5361 = LINE ( 'NONE', #1571, #3587 ) ;
#5362 = PRESENTATION_LAYER_ASSIGNMENT (  '', '', ( #6357 ) ) ;
#5363 = FILL_AREA_STYLE_COLOUR ( '', #4818 ) ;
#5364 = DIRECTION ( 'NONE',  ( -0.0000000000000000000, 1.000000000000000000, 0.0000000000000000000 ) ) ;
#5365 = AXIS2_PLACEMENT_3D ( 'NONE', #4078, #5666, #4281 ) ;
#5366 =( GEOMETRIC_REPRESENTATION_CONTEXT ( 3 ) GLOBAL_UNCERTAINTY_ASSIGNED_CONTEXT ( ( #6287 ) ) GLOBAL_UNIT_ASSIGNED_CONTEXT ( ( #3558, #3131, #3690 ) ) REPRESENTATION_CONTEXT ( 'NONE', 'WORKASPACE' ) );
#5367 = EDGE_LOOP ( 'NONE', ( #1784, #3828 ) ) ;
#5368 = CARTESIAN_POINT ( 'NONE',  ( -1.680009069179263070, 2.879687624179894101, 0.4000000000000000222 ) ) ;
#5369 = FACE_OUTER_BOUND ( 'NONE', #2935, .T. ) ;
#5370 = CARTESIAN_POINT ( 'NONE',  ( 0.0000000000000000000, 1.200000000000000622, -0.5699999999999999512 ) ) ;
#5371 = COLOUR_RGB ( '',0.8313725490196077761, 0.8392156862745098200, 0.8313725490196077761 ) ;
#5372 =( NAMED_UNIT ( * ) SI_UNIT ( $, .STERADIAN. ) SOLID_ANGLE_UNIT ( ) );
#5373 = ORIENTED_EDGE ( 'NONE', *, *, #2307, .T. ) ;
#5374 = ORIENTED_EDGE ( 'NONE', *, *, #5827, .T. ) ;
#5375 = VECTOR ( 'NONE', #6025, 1000.000000000000000 ) ;
#5376 = ORIENTED_EDGE ( 'NONE', *, *, #4981, .T. ) ;
#5377 = EDGE_CURVE ( 'NONE', #3815, #3791, #1788, .T. ) ;
#5378 = SURFACE_STYLE_USAGE ( .BOTH. , #1209 ) ;
#5379 =( NAMED_UNIT ( * ) PLANE_ANGLE_UNIT ( ) SI_UNIT ( $, .RADIAN. ) );
#5380 = SURFACE_STYLE_FILL_AREA ( #6843 ) ;
#5381 = ORIENTED_EDGE ( 'NONE', *, *, #1533, .T. ) ;
#5382 = STYLED_ITEM ( 'NONE', ( #4227 ), #1140 ) ;
#5383 = DIRECTION ( 'NONE',  ( -1.000000000000000000, -0.0000000000000000000, -0.0000000000000000000 ) ) ;
#5384 = ORIENTED_EDGE ( 'NONE', *, *, #1129, .T. ) ;
#5385 = EDGE_CURVE ( 'NONE', #1703, #3234, #5791, .T. ) ;
#5386 = DIRECTION ( 'NONE',  ( 0.0000000000000000000, 1.000000000000000000, 0.0000000000000000000 ) ) ;
#5387 = ADVANCED_FACE ( 'NONE', ( #5536 ), #780, .F. ) ;
#5388 = PRESENTATION_STYLE_ASSIGNMENT (( #6362 ) ) ;
#5389 = ORIENTED_EDGE ( 'NONE', *, *, #2182, .T. ) ;
#5390 = SURFACE_STYLE_FILL_AREA ( #3271 ) ;
#5391 = ORIENTED_EDGE ( 'NONE', *, *, #2269, .T. ) ;
#5392 =( GEOMETRIC_REPRESENTATION_CONTEXT ( 3 ) GLOBAL_UNCERTAINTY_ASSIGNED_CONTEXT ( ( #1902 ) ) GLOBAL_UNIT_ASSIGNED_CONTEXT ( ( #4166, #2058, #3571 ) ) REPRESENTATION_CONTEXT ( 'NONE', 'WORKASPACE' ) );
#5393 = EDGE_CURVE ( 'NONE', #1678, #1682, #340, .T. ) ;
#5394 =( NAMED_UNIT ( * ) SI_UNIT ( $, .STERADIAN. ) SOLID_ANGLE_UNIT ( ) );
#5395 = CARTESIAN_POINT ( 'NONE',  ( 0.2103187164337327886, 0.9751250982098678133, 0.3500000000000000333 ) ) ;
#5396 = STYLED_ITEM ( 'NONE', ( #3934 ), #2160 ) ;
#5397 = DIRECTION ( 'NONE',  ( 0.0000000000000000000, -1.000000000000000000, 0.0000000000000000000 ) ) ;
#5398 = SURFACE_SIDE_STYLE ('',( #3280 ) ) ;
#5399 = DIRECTION ( 'NONE',  ( -1.000000000000000000, 0.0000000000000000000, 0.0000000000000000000 ) ) ;
#5400 = STYLED_ITEM ( 'NONE', ( #1687 ), #2905 ) ;
#5401 = AXIS2_PLACEMENT_3D ( 'NONE', #6432, #4905, #6007 ) ;
#5402 = ORIENTED_EDGE ( 'NONE', *, *, #1464, .T. ) ;
#5403 = EDGE_CURVE ( 'NONE', #5346, #2879, #5237, .T. ) ;
#5404 = AXIS2_PLACEMENT_3D ( 'NONE', #2311, #217, #1797 ) ;
#5405 = FILL_AREA_STYLE_COLOUR ( '', #5820 ) ;
#5406 = FACE_OUTER_BOUND ( 'NONE', #393, .T. ) ;
#5407 = LINE ( 'NONE', #653, #3745 ) ;
#5408 = CIRCLE ( 'NONE', #6298, 0.3000000000000002665 ) ;
#5409 = SURFACE_SIDE_STYLE ('',( #4608 ) ) ;
#5410 = DIRECTION ( 'NONE',  ( -4.818676322157797375E-16, 1.000000000000000000, 1.466503673540475756E-30 ) ) ;
#5411 = ORIENTED_EDGE ( 'NONE', *, *, #2390, .F. ) ;
#5412 = ORIENTED_EDGE ( 'NONE', *, *, #4243, .T. ) ;
#5413 = VECTOR ( 'NONE', #3203, 1000.000000000000000 ) ;
#5414 = VECTOR ( 'NONE', #2384, 1000.000000000000114 ) ;
#5415 = ORIENTED_EDGE ( 'NONE', *, *, #4539, .F. ) ;
#5416 = PRESENTATION_STYLE_ASSIGNMENT (( #2761 ) ) ;
#5417 = CARTESIAN_POINT ( 'NONE',  ( 2.400000000000002132, 1.200000000000000622, -0.2999999999999993783 ) ) ;
#5418 =( LENGTH_UNIT ( ) NAMED_UNIT ( * ) SI_UNIT ( .MILLI., .METRE. ) );
#5419 = VECTOR ( 'NONE', #930, 1000.000000000000000 ) ;
#5420 = ORIENTED_EDGE ( 'NONE', *, *, #5, .F. ) ;
#5421 = LINE ( 'NONE', #2240, #4075 ) ;
#5422 = ORIENTED_EDGE ( 'NONE', *, *, #5027, .T. ) ;
#5423 = VERTEX_POINT ( 'NONE', #1335 ) ;
#5424 = LINE ( 'NONE', #4874, #265 ) ;
#5425 =( NAMED_UNIT ( * ) SI_UNIT ( $, .STERADIAN. ) SOLID_ANGLE_UNIT ( ) );
#5426 = DIRECTION ( 'NONE',  ( -0.0000000000000000000, -0.0000000000000000000, -1.000000000000000000 ) ) ;
#5427 = EDGE_CURVE ( 'NONE', #820, #2687, #3458, .T. ) ;
#5428 = ORIENTED_EDGE ( 'NONE', *, *, #4254, .F. ) ;
#5429 = PRESENTATION_STYLE_ASSIGNMENT (( #1630 ) ) ;
#5430 = CARTESIAN_POINT ( 'NONE',  ( -1.146028625818473756, -0.6832195235787661414, 0.3500000000000000333 ) ) ;
#5431 = DIRECTION ( 'NONE',  ( 0.0000000000000000000, 0.0000000000000000000, 1.000000000000000000 ) ) ;
#5432 = CARTESIAN_POINT ( 'NONE',  ( -0.03316504619021998224, -0.1370056143358100720, 0.3000000000000000444 ) ) ;
#5433 = DIRECTION ( 'NONE',  ( 1.000000000000000000, 0.0000000000000000000, -3.252606517456505019E-15 ) ) ;
#5434 = AXIS2_PLACEMENT_3D ( 'NONE', #2757, #4897, #2297 ) ;
#5435 = EDGE_CURVE ( 'NONE', #3052, #3835, #2929, .T. ) ;
#5436 = LINE ( 'NONE', #124, #3842 ) ;
#5437 = MECHANICAL_DESIGN_GEOMETRIC_PRESENTATION_REPRESENTATION (  '', ( #5768 ), #2436 ) ;
#5438 = FACE_OUTER_BOUND ( 'NONE', #6632, .T. ) ;
#5439 = DIRECTION ( 'NONE',  ( 1.000000000000000000, -2.409338161078899674E-16, 0.0000000000000000000 ) ) ;
#5440 = SURFACE_SIDE_STYLE ('',( #4958 ) ) ;
#5441 = EDGE_CURVE ( 'NONE', #1589, #934, #3582, .T. ) ;
#5442 = ORIENTED_EDGE ( 'NONE', *, *, #2182, .F. ) ;
#5443 = EDGE_LOOP ( 'NONE', ( #3722, #171, #1492, #3305 ) ) ;
#5444 = ORIENTED_EDGE ( 'NONE', *, *, #436, .T. ) ;
#5445 = DIRECTION ( 'NONE',  ( 1.000000000000000000, 2.710505431213759113E-16, 0.0000000000000000000 ) ) ;
#5446 = UNCERTAINTY_MEASURE_WITH_UNIT (LENGTH_MEASURE( 1.000000000000000082E-05 ), #3249, 'distance_accuracy_value', 'NONE');
#5447 = MECHANICAL_DESIGN_GEOMETRIC_PRESENTATION_REPRESENTATION (  '', ( #1658 ), #563 ) ;
#5448 = PRESENTATION_STYLE_ASSIGNMENT (( #3333 ) ) ;
#5449 = SURFACE_STYLE_USAGE ( .BOTH. , #6639 ) ;
#5450 = EDGE_LOOP ( 'NONE', ( #1087, #2021, #5873, #1376 ) ) ;
#5451 = PRESENTATION_STYLE_ASSIGNMENT (( #3337 ) ) ;
#5452 = VECTOR ( 'NONE', #822, 1000.000000000000000 ) ;
#5453 = ORIENTED_EDGE ( 'NONE', *, *, #2541, .T. ) ;
#5454 =( LENGTH_UNIT ( ) NAMED_UNIT ( * ) SI_UNIT ( .MILLI., .METRE. ) );
#5455 = VECTOR ( 'NONE', #1230, 1000.000000000000000 ) ;
#5456 = FILL_AREA_STYLE_COLOUR ( '', #5760 ) ;
#5457 = FILL_AREA_STYLE_COLOUR ( '', #3399 ) ;
#5458 = STYLED_ITEM ( 'NONE', ( #4117 ), #5779 ) ;
#5459 = EDGE_CURVE ( 'NONE', #329, #4025, #573, .T. ) ;
#5460 = FILL_AREA_STYLE_COLOUR ( '', #1574 ) ;
#5461 = FACE_OUTER_BOUND ( 'NONE', #2418, .T. ) ;
#5462 = FACE_OUTER_BOUND ( 'NONE', #838, .T. ) ;
#5463 = CARTESIAN_POINT ( 'NONE',  ( 2.463314554501873754, -2.200000000000000178, -0.6999999999999999556 ) ) ;
#5464 = FACE_OUTER_BOUND ( 'NONE', #3373, .T. ) ;
#5465 = PRESENTATION_LAYER_ASSIGNMENT (  '', '', ( #4591 ) ) ;
#5466 = VECTOR ( 'NONE', #713, 1000.000000000000000 ) ;
#5467 = EDGE_CURVE ( 'NONE', #4139, #5863, #4613, .T. ) ;
#5468 = DIRECTION ( 'NONE',  ( 0.0000000000000000000, 0.0000000000000000000, 1.000000000000000000 ) ) ;
#5469 =( NAMED_UNIT ( * ) SI_UNIT ( $, .STERADIAN. ) SOLID_ANGLE_UNIT ( ) );
#5470 = CARTESIAN_POINT ( 'NONE',  ( -0.5500000000000001554, 2.254834989607331863, -0.5699999999999999512 ) ) ;
#5471 = CARTESIAN_POINT ( 'NONE',  ( 2.700000000000001954, 1.301042606982606110E-15, -0.4700000000000007505 ) ) ;
#5472 = EDGE_CURVE ( 'NONE', #2934, #3031, #6762, .T. ) ;
#5473 = FILL_AREA_STYLE ('',( #3358 ) ) ;
#5474 =( LENGTH_UNIT ( ) NAMED_UNIT ( * ) SI_UNIT ( .MILLI., .METRE. ) );
#5475 = ORIENTED_EDGE ( 'NONE', *, *, #4852, .F. ) ;
#5476 = STYLED_ITEM ( 'NONE', ( #5495 ), #474 ) ;
#5477 = ORIENTED_EDGE ( 'NONE', *, *, #749, .T. ) ;
#5478 = ORIENTED_EDGE ( 'NONE', *, *, #637, .F. ) ;
#5479 = EDGE_CURVE ( 'NONE', #4142, #6469, #958, .T. ) ;
#5480 = DIRECTION ( 'NONE',  ( 1.194186020286707760E-16, -1.000000000000000000, 0.0000000000000000000 ) ) ;
#5481 = AXIS2_PLACEMENT_3D ( 'NONE', #1439, #1546, #2128 ) ;
#5482 = DIRECTION ( 'NONE',  ( -0.0000000000000000000, -0.0000000000000000000, -1.000000000000000000 ) ) ;
#5483 = DIRECTION ( 'NONE',  ( -0.0000000000000000000, -0.0000000000000000000, -1.000000000000000000 ) ) ;
#5484 = ORIENTED_EDGE ( 'NONE', *, *, #93, .F. ) ;
#5485 = MECHANICAL_DESIGN_GEOMETRIC_PRESENTATION_REPRESENTATION (  '', ( #5596 ), #1160 ) ;
#5486 = ORIENTED_EDGE ( 'NONE', *, *, #2260, .T. ) ;
#5487 = EDGE_CURVE ( 'NONE', #2821, #2333, #2336, .T. ) ;
#5488 = CARTESIAN_POINT ( 'NONE',  ( 1.412305442492822971, -0.6860159872360371835, 0.3500000000000000333 ) ) ;
#5489 = LINE ( 'NONE', #1354, #2197 ) ;
#5490 = ORIENTED_EDGE ( 'NONE', *, *, #624, .F. ) ;
#5491 = FILL_AREA_STYLE ('',( #2839 ) ) ;
#5492 = DIRECTION ( 'NONE',  ( 0.0000000000000000000, -0.0000000000000000000, 1.000000000000000000 ) ) ;
#5493 = ORIENTED_EDGE ( 'NONE', *, *, #3483, .T. ) ;
#5494 = MECHANICAL_DESIGN_GEOMETRIC_PRESENTATION_REPRESENTATION (  '', ( #4949 ), #3165 ) ;
#5495 = PRESENTATION_STYLE_ASSIGNMENT (( #4009 ) ) ;
#5496 = PLANE ( 'NONE',  #3161 ) ;
#5497 = DIRECTION ( 'NONE',  ( -3.043374519257556424E-15, 0.0000000000000000000, -1.000000000000000000 ) ) ;
#5498 = FILL_AREA_STYLE_COLOUR ( '', #4599 ) ;
#5499 = CARTESIAN_POINT ( 'NONE',  ( 1.700000000000000622, -1.199999999999999734, -0.7699999999999999067 ) ) ;
#5500 = AXIS2_PLACEMENT_3D ( 'NONE', #6169, #4434, #6091 ) ;
#5501 = MECHANICAL_DESIGN_GEOMETRIC_PRESENTATION_REPRESENTATION (  '', ( #3849 ), #2506 ) ;
#5502 = UNCERTAINTY_MEASURE_WITH_UNIT (LENGTH_MEASURE( 1.000000000000000082E-05 ), #4621, 'distance_accuracy_value', 'NONE');
#5503 = CYLINDRICAL_SURFACE ( 'NONE', #2152, 0.1499999999999999667 ) ;
#5504 = LINE ( 'NONE', #1813, #1015 ) ;
#5505 = FILL_AREA_STYLE ('',( #2967 ) ) ;
#5506 = VERTEX_POINT ( 'NONE', #3110 ) ;
#5507 = AXIS2_PLACEMENT_3D ( 'NONE', #3193, #623, #1558 ) ;
#5508 = EDGE_CURVE ( 'NONE', #828, #3192, #414, .T. ) ;
#5509 = ORIENTED_EDGE ( 'NONE', *, *, #1888, .F. ) ;
#5510 = AXIS2_PLACEMENT_3D ( 'NONE', #2165, #3812, #3326 ) ;
#5511 =( NAMED_UNIT ( * ) SI_UNIT ( $, .STERADIAN. ) SOLID_ANGLE_UNIT ( ) );
#5512 = LINE ( 'NONE', #1310, #6566 ) ;
#5513 = UNCERTAINTY_MEASURE_WITH_UNIT (LENGTH_MEASURE( 1.000000000000000082E-05 ), #3144, 'distance_accuracy_value', 'NONE');
#5514 = ORIENTED_EDGE ( 'NONE', *, *, #3395, .F. ) ;
#5515 = ADVANCED_FACE ( 'NONE', ( #5263 ), #5711, .T. ) ;
#5516 = AXIS2_PLACEMENT_3D ( 'NONE', #5852, #3318, #5433 ) ;
#5517 = VECTOR ( 'NONE', #2981, 1000.000000000000000 ) ;
#5518 = PRESENTATION_STYLE_ASSIGNMENT (( #1793 ) ) ;
#5519 = ORIENTED_EDGE ( 'NONE', *, *, #1764, .F. ) ;
#5520 = UNCERTAINTY_MEASURE_WITH_UNIT (LENGTH_MEASURE( 1.000000000000000082E-05 ), #6845, 'distance_accuracy_value', 'NONE');
#5521 = SURFACE_STYLE_USAGE ( .BOTH. , #4328 ) ;
#5522 = FACE_OUTER_BOUND ( 'NONE', #175, .T. ) ;
#5523 = VERTEX_POINT ( 'NONE', #5203 ) ;
#5524 = EDGE_CURVE ( 'NONE', #4544, #5018, #445, .T. ) ;
#5525 =( LENGTH_UNIT ( ) NAMED_UNIT ( * ) SI_UNIT ( .MILLI., .METRE. ) );
#5526 = ORIENTED_EDGE ( 'NONE', *, *, #1320, .F. ) ;
#5527 = DIRECTION ( 'NONE',  ( 1.194186020286707760E-16, -1.000000000000000000, 0.0000000000000000000 ) ) ;
#5528 = CARTESIAN_POINT ( 'NONE',  ( 1.930905544980987321, -0.8360159872360372058, 0.3500000000000000333 ) ) ;
#5529 = LINE ( 'NONE', #3486, #4021 ) ;
#5530 = DIRECTION ( 'NONE',  ( -1.000000000000000000, 0.0000000000000000000, 0.0000000000000000000 ) ) ;
#5531 = LINE ( 'NONE', #6128, #2622 ) ;
#5532 = LINE ( 'NONE', #1844, #1505 ) ;
#5533 =( GEOMETRIC_REPRESENTATION_CONTEXT ( 3 ) GLOBAL_UNCERTAINTY_ASSIGNED_CONTEXT ( ( #940 ) ) GLOBAL_UNIT_ASSIGNED_CONTEXT ( ( #1249, #1318, #3968 ) ) REPRESENTATION_CONTEXT ( 'NONE', 'WORKASPACE' ) );
#5534 = PLANE ( 'NONE',  #3598 ) ;
#5535 = DIRECTION ( 'NONE',  ( 4.818676322157797375E-16, -1.000000000000000000, -1.466503673540475756E-30 ) ) ;
#5536 = FACE_OUTER_BOUND ( 'NONE', #5450, .T. ) ;
#5537 = COLOUR_RGB ( '',0.8313725490196077761, 0.8392156862745098200, 0.8313725490196077761 ) ;
#5538 = CARTESIAN_POINT ( 'NONE',  ( 1.599999999999999867, -2.200000000000000178, -0.6999999999999999556 ) ) ;
#5539 =( LENGTH_UNIT ( ) NAMED_UNIT ( * ) SI_UNIT ( .MILLI., .METRE. ) );
#5540 = SURFACE_STYLE_USAGE ( .BOTH. , #1816 ) ;
#5541 = ORIENTED_EDGE ( 'NONE', *, *, #396, .T. ) ;
#5542 = ORIENTED_EDGE ( 'NONE', *, *, #3225, .T. ) ;
#5543 = CARTESIAN_POINT ( 'NONE',  ( 2.499117102666011725, -1.199999999999999734, -0.01684668471109857651 ) ) ;
#5544 = CARTESIAN_POINT ( 'NONE',  ( -2.400000000000001243, 1.200000000000000622, -0.4699999999999998068 ) ) ;
#5545 = EDGE_CURVE ( 'NONE', #5998, #5908, #2087, .T. ) ;
#5546 = PRESENTATION_STYLE_ASSIGNMENT (( #282 ) ) ;
#5547 = COLOUR_RGB ( '',0.8313725490196077761, 0.8392156862745098200, 0.8313725490196077761 ) ;
#5548 =( NAMED_UNIT ( * ) PLANE_ANGLE_UNIT ( ) SI_UNIT ( $, .RADIAN. ) );
#5549 = ORIENTED_EDGE ( 'NONE', *, *, #1586, .F. ) ;
#5550 = FILL_AREA_STYLE ('',( #1314 ) ) ;
#5551 = VERTEX_POINT ( 'NONE', #6270 ) ;
#5552 = EDGE_CURVE ( 'NONE', #579, #980, #6789, .T. ) ;
#5553 = DIRECTION ( 'NONE',  ( 0.0000000000000000000, -0.0000000000000000000, -1.000000000000000000 ) ) ;
#5554 = LINE ( 'NONE', #732, #312 ) ;
#5555 = ORIENTED_EDGE ( 'NONE', *, *, #2658, .F. ) ;
#5556 = ADVANCED_FACE ( 'NONE', ( #2025 ), #5747, .F. ) ;
#5557 = AXIS2_PLACEMENT_3D ( 'NONE', #6278, #3707, #6769 ) ;
#5558 = LINE ( 'NONE', #3517, #3961 ) ;
#5559 = EDGE_LOOP ( 'NONE', ( #5274, #484, #1095, #73 ) ) ;
#5560 = ORIENTED_EDGE ( 'NONE', *, *, #1023, .T. ) ;
#5561 = CARTESIAN_POINT ( 'NONE',  ( 1.674465648097737279E-16, 1.100000000000000089, -0.6999999999999999556 ) ) ;
#5562 = STYLED_ITEM ( 'NONE', ( #2543 ), #5515 ) ;
#5563 = ADVANCED_FACE ( 'NONE', ( #2216 ), #5922, .F. ) ;
#5564 = CARTESIAN_POINT ( 'NONE',  ( 2.700000000000001954, -3.299999999999998490, -0.4700000000000007505 ) ) ;
#5565 = CARTESIAN_POINT ( 'NONE',  ( 2.463314554501873754, 2.463314554501873754, -0.6999999999999999556 ) ) ;
#5566 = DIRECTION ( 'NONE',  ( 0.0000000000000000000, 0.0000000000000000000, 1.000000000000000000 ) ) ;
#5567 = CARTESIAN_POINT ( 'NONE',  ( -1.971607025033961236, 2.110000814877110997, 0.3500000000000000333 ) ) ;
#5568 = PLANE ( 'NONE',  #4953 ) ;
#5569 = AXIS2_PLACEMENT_3D ( 'NONE', #1300, #6660, #2965 ) ;
#5570 = CARTESIAN_POINT ( 'NONE',  ( -2.470127565808668990, 1.200000000000001066, -0.5699999999999999512 ) ) ;
#5571 = CARTESIAN_POINT ( 'NONE',  ( -2.700000000000001954, -1.199999999999999734, -0.3000000000000003220 ) ) ;
#5572 = DIRECTION ( 'NONE',  ( -1.000000000000000000, 0.0000000000000000000, 0.0000000000000000000 ) ) ;
#5573 = CIRCLE ( 'NONE', #473, 2.000000000000002220 ) ;
#5574 =( NAMED_UNIT ( * ) PLANE_ANGLE_UNIT ( ) SI_UNIT ( $, .RADIAN. ) );
#5575 = DIRECTION ( 'NONE',  ( -1.000000000000000000, 0.0000000000000000000, 0.0000000000000000000 ) ) ;
#5576 = MECHANICAL_DESIGN_GEOMETRIC_PRESENTATION_REPRESENTATION (  '', ( #4151 ), #5696 ) ;
#5577 = VERTEX_POINT ( 'NONE', #1048 ) ;
#5578 = VERTEX_POINT ( 'NONE', #2745 ) ;
#5579 = PRESENTATION_STYLE_ASSIGNMENT (( #5138 ) ) ;
#5580 = FACE_OUTER_BOUND ( 'NONE', #180, .T. ) ;
#5581 = VECTOR ( 'NONE', #2023, 1000.000000000000000 ) ;
#5582 = DIRECTION ( 'NONE',  ( -0.0000000000000000000, -0.0000000000000000000, -1.000000000000000000 ) ) ;
#5583 = ORIENTED_EDGE ( 'NONE', *, *, #6053, .F. ) ;
#5584 = SURFACE_SIDE_STYLE ('',( #1347 ) ) ;
#5585 = CARTESIAN_POINT ( 'NONE',  ( 2.463314554501873310, 0.0000000000000000000, -0.6999999999999999556 ) ) ;
#5586 = ADVANCED_FACE ( 'NONE', ( #1633 ), #1157, .F. ) ;
#5587 = AXIS2_PLACEMENT_3D ( 'NONE', #2375, #1860, #6599 ) ;
#5588 = VERTEX_POINT ( 'NONE', #4393 ) ;
#5589 =( GEOMETRIC_REPRESENTATION_CONTEXT ( 3 ) GLOBAL_UNCERTAINTY_ASSIGNED_CONTEXT ( ( #3365 ) ) GLOBAL_UNIT_ASSIGNED_CONTEXT ( ( #3939, #3525, #2322 ) ) REPRESENTATION_CONTEXT ( 'NONE', 'WORKASPACE' ) );
#5590 = UNCERTAINTY_MEASURE_WITH_UNIT (LENGTH_MEASURE( 1.000000000000000082E-05 ), #6862, 'distance_accuracy_value', 'NONE');
#5591 = CARTESIAN_POINT ( 'NONE',  ( 1.600000000000000311, 1.099999999999999867, -0.5699999999999999512 ) ) ;
#5592 = PRESENTATION_STYLE_ASSIGNMENT (( #1904 ) ) ;
#5593 = DIRECTION ( 'NONE',  ( -0.0000000000000000000, -0.0000000000000000000, -1.000000000000000000 ) ) ;
#5594 = PRESENTATION_STYLE_ASSIGNMENT (( #3344 ) ) ;
#5595 = ORIENTED_EDGE ( 'NONE', *, *, #2097, .F. ) ;
#5596 = STYLED_ITEM ( 'NONE', ( #4787 ), #973 ) ;
#5597 =( NAMED_UNIT ( * ) SI_UNIT ( $, .STERADIAN. ) SOLID_ANGLE_UNIT ( ) );
#5598 = ORIENTED_EDGE ( 'NONE', *, *, #4159, .F. ) ;
#5599 = EDGE_CURVE ( 'NONE', #3462, #820, #566, .T. ) ;
#5600 = ORIENTED_EDGE ( 'NONE', *, *, #4182, .F. ) ;
#5601 = CARTESIAN_POINT ( 'NONE',  ( -2.430009069179263292, 1.680009069179261294, 0.8000000000000000444 ) ) ;
#5602 =( GEOMETRIC_REPRESENTATION_CONTEXT ( 3 ) GLOBAL_UNCERTAINTY_ASSIGNED_CONTEXT ( ( #2706 ) ) GLOBAL_UNIT_ASSIGNED_CONTEXT ( ( #332, #260, #2431 ) ) REPRESENTATION_CONTEXT ( 'NONE', 'WORKASPACE' ) );
#5603 = LINE ( 'NONE', #3629, #174 ) ;
#5604 = CARTESIAN_POINT ( 'NONE',  ( 1.700000000000000622, -1.199999999999999734, -0.5699999999999999512 ) ) ;
#5605 = DIRECTION ( 'NONE',  ( -2.000708728360073702E-16, 1.000000000000000000, 0.0000000000000000000 ) ) ;
#5606 = LINE ( 'NONE', #5499, #6188 ) ;
#5607 = CARTESIAN_POINT ( 'NONE',  ( 1.930905544980987543, 2.110000814877110997, 0.3000000000000000444 ) ) ;
#5608 = SURFACE_SIDE_STYLE ('',( #5128 ) ) ;
#5609 = EDGE_CURVE ( 'NONE', #719, #1979, #5361, .T. ) ;
#5610 = CARTESIAN_POINT ( 'NONE',  ( -2.486342147991858376, -2.486342147991857487, -0.2606073410281599112 ) ) ;
#5611 = CARTESIAN_POINT ( 'NONE',  ( 0.2838201673205150710, 1.116322564166215559, 0.3500000000000000333 ) ) ;
#5612 = CIRCLE ( 'NONE', #2606, 0.1499999999999999667 ) ;
#5613 = SURFACE_STYLE_FILL_AREA ( #5505 ) ;
#5614 = DIRECTION ( 'NONE',  ( -0.05233595624294388321, 0.0000000000000000000, -0.9986295347545739443 ) ) ;
#5615 = EDGE_CURVE ( 'NONE', #2863, #2411, #1597, .T. ) ;
#5616 = VECTOR ( 'NONE', #2194, 1000.000000000000000 ) ;
#5617 = ORIENTED_EDGE ( 'NONE', *, *, #3264, .F. ) ;
#5618 = LINE ( 'NONE', #2971, #5142 ) ;
#5619 = DIRECTION ( 'NONE',  ( -1.776016655323403858E-16, 1.000000000000000000, 0.0000000000000000000 ) ) ;
#5620 = LINE ( 'NONE', #3955, #4693 ) ;
#5621 = CARTESIAN_POINT ( 'NONE',  ( -2.463314554501873754, -1.099999999999999645, -0.6999999999999999556 ) ) ;
#5622 = STYLED_ITEM ( 'NONE', ( #2186 ), #2075 ) ;
#5623 = PRESENTATION_STYLE_ASSIGNMENT (( #1897 ) ) ;
#5624 = ORIENTED_EDGE ( 'NONE', *, *, #6396, .F. ) ;
#5625 =( LENGTH_UNIT ( ) NAMED_UNIT ( * ) SI_UNIT ( .MILLI., .METRE. ) );
#5626 =( GEOMETRIC_REPRESENTATION_CONTEXT ( 3 ) GLOBAL_UNCERTAINTY_ASSIGNED_CONTEXT ( ( #2526 ) ) GLOBAL_UNIT_ASSIGNED_CONTEXT ( ( #1039, #3759, #587 ) ) REPRESENTATION_CONTEXT ( 'NONE', 'WORKASPACE' ) );
#5627 = EDGE_LOOP ( 'NONE', ( #580, #2856, #4338, #3401 ) ) ;
#5628 = VECTOR ( 'NONE', #3442, 1000.000000000000000 ) ;
#5629 = DIRECTION ( 'NONE',  ( 0.0000000000000000000, -1.000000000000000000, -0.0000000000000000000 ) ) ;
#5630 =( NAMED_UNIT ( * ) PLANE_ANGLE_UNIT ( ) SI_UNIT ( $, .RADIAN. ) );
#5631 = VECTOR ( 'NONE', #3416, 1000.000000000000000 ) ;
#5632 = COLOUR_RGB ( '',0.8980392156862745390, 0.9215686274509803377, 0.9294117647058823817 ) ;
#5633 = EDGE_LOOP ( 'NONE', ( #6672, #5247, #5477, #520, #4316, #451 ) ) ;
#5634 =( NAMED_UNIT ( * ) SI_UNIT ( $, .STERADIAN. ) SOLID_ANGLE_UNIT ( ) );
#5635 = ORIENTED_EDGE ( 'NONE', *, *, #6506, .F. ) ;
#5636 = VERTEX_POINT ( 'NONE', #4780 ) ;
#5637 = COLOUR_RGB ( '',1.000000000000000000, 1.000000000000000000, 1.000000000000000000 ) ;
#5638 = CARTESIAN_POINT ( 'NONE',  ( -2.500000000000003109, -3.299999999999998490, -7.608436298143901117E-15 ) ) ;
#5639 = EDGE_CURVE ( 'NONE', #4670, #4544, #1119, .T. ) ;
#5640 = SURFACE_STYLE_FILL_AREA ( #4676 ) ;
#5641 = FACE_OUTER_BOUND ( 'NONE', #4056, .T. ) ;
#5642 = CARTESIAN_POINT ( 'NONE',  ( -1.599999999999999867, 1.100000000000000089, -0.5699999999999999512 ) ) ;
#5643 = PLANE ( 'NONE',  #3699 ) ;
#5644 = LINE ( 'NONE', #1885, #3826 ) ;
#5645 = CARTESIAN_POINT ( 'NONE',  ( -2.500000000000002220, 1.200000000000000622, 0.0000000000000000000 ) ) ;
#5646 = CARTESIAN_POINT ( 'NONE',  ( 0.2838201673205150710, 1.116322564166215559, 0.4500000000000000666 ) ) ;
#5647 = EDGE_CURVE ( 'NONE', #5830, #6812, #4327, .T. ) ;
#5648 = LINE ( 'NONE', #272, #1252 ) ;
#5649 = ORIENTED_EDGE ( 'NONE', *, *, #5315, .F. ) ;
#5650 = ORIENTED_EDGE ( 'NONE', *, *, #836, .T. ) ;
#5651 = VECTOR ( 'NONE', #252, 1000.000000000000000 ) ;
#5652 = CARTESIAN_POINT ( 'NONE',  ( -0.1831650461902200044, -0.1370056143358111267, 0.3000000000000000444 ) ) ;
#5653 = SURFACE_STYLE_USAGE ( .BOTH. , #1821 ) ;
#5654 = EDGE_CURVE ( 'NONE', #1856, #1312, #2120, .T. ) ;
#5655 = LINE ( 'NONE', #422, #5879 ) ;
#5656 = VERTEX_POINT ( 'NONE', #4264 ) ;
#5657 = VECTOR ( 'NONE', #6737, 1000.000000000000000 ) ;
#5658 =( NAMED_UNIT ( * ) SI_UNIT ( $, .STERADIAN. ) SOLID_ANGLE_UNIT ( ) );
#5659 = ORIENTED_EDGE ( 'NONE', *, *, #3171, .T. ) ;
#5660 = UNCERTAINTY_MEASURE_WITH_UNIT (LENGTH_MEASURE( 1.000000000000000082E-05 ), #2492, 'distance_accuracy_value', 'NONE');
#5661 = PRESENTATION_LAYER_ASSIGNMENT (  '', '', ( #1770 ) ) ;
#5662 = DIRECTION ( 'NONE',  ( 0.0000000000000000000, 0.0000000000000000000, 1.000000000000000000 ) ) ;
#5663 = ORIENTED_EDGE ( 'NONE', *, *, #584, .F. ) ;
#5664 = DIRECTION ( 'NONE',  ( -1.000000000000000000, 0.0000000000000000000, 0.0000000000000000000 ) ) ;
#5665 = ORIENTED_EDGE ( 'NONE', *, *, #4630, .T. ) ;
#5666 = DIRECTION ( 'NONE',  ( -0.0000000000000000000, -1.000000000000000000, -0.0000000000000000000 ) ) ;
#5667 = DIRECTION ( 'NONE',  ( 0.0000000000000000000, 0.0000000000000000000, 1.000000000000000000 ) ) ;
#5668 = DIRECTION ( 'NONE',  ( -1.000000000000000000, 0.0000000000000000000, 0.0000000000000000000 ) ) ;
#5669 = CARTESIAN_POINT ( 'NONE',  ( 0.4838201673205150821, 0.2046747618464905827, 0.4500000000000000666 ) ) ;
#5670 =( NAMED_UNIT ( * ) PLANE_ANGLE_UNIT ( ) SI_UNIT ( $, .RADIAN. ) );
#5671 =( NAMED_UNIT ( * ) PLANE_ANGLE_UNIT ( ) SI_UNIT ( $, .RADIAN. ) );
#5672 = ORIENTED_EDGE ( 'NONE', *, *, #4679, .F. ) ;
#5673 = EDGE_CURVE ( 'NONE', #1790, #2687, #3732, .T. ) ;
#5674 = CARTESIAN_POINT ( 'NONE',  ( 2.400000000000002132, -1.199999999999999734, -0.2999999999999993783 ) ) ;
#5675 = CARTESIAN_POINT ( 'NONE',  ( 0.4838201673205150821, 0.4046747618464905383, 0.3500000000000000333 ) ) ;
#5676 = CARTESIAN_POINT ( 'NONE',  ( 0.0000000000000000000, 0.0000000000000000000, 0.3000000000000000444 ) ) ;
#5677 = CYLINDRICAL_SURFACE ( 'NONE', #2073, 0.1000000000000000194 ) ;
#5678 = LINE ( 'NONE', #6764, #6808 ) ;
#5679 = CARTESIAN_POINT ( 'NONE',  ( 1.600000000000000089, -1.099999999999999867, -0.5699999999999999512 ) ) ;
#5680 = AXIS2_PLACEMENT_3D ( 'NONE', #6624, #1850, #3981 ) ;
#5681 = ORIENTED_EDGE ( 'NONE', *, *, #924, .F. ) ;
#5682 = EDGE_CURVE ( 'NONE', #4965, #3425, #5529, .T. ) ;
#5683 = LINE ( 'NONE', #6276, #4604 ) ;
#5684 = FACE_OUTER_BOUND ( 'NONE', #1728, .T. ) ;
#5685 = FILL_AREA_STYLE_COLOUR ( '', #791 ) ;
#5686 = EDGE_CURVE ( 'NONE', #662, #1645, #2320, .T. ) ;
#5687 = DIRECTION ( 'NONE',  ( -7.228014483236695175E-15, 0.0000000000000000000, 1.000000000000000000 ) ) ;
#5688 = LINE ( 'NONE', #3011, #5002 ) ;
#5689 = VERTEX_POINT ( 'NONE', #5565 ) ;
#5690 = AXIS2_PLACEMENT_3D ( 'NONE', #327, #5662, #6186 ) ;
#5691 = CARTESIAN_POINT ( 'NONE',  ( -1.700000000000000622, 2.100000000000000089, -0.7699999999999999067 ) ) ;
#5692 =( NAMED_UNIT ( * ) SI_UNIT ( $, .STERADIAN. ) SOLID_ANGLE_UNIT ( ) );
#5693 = EDGE_CURVE ( 'NONE', #2702, #2643, #1223, .T. ) ;
#5694 = ORIENTED_EDGE ( 'NONE', *, *, #2966, .T. ) ;
#5695 = VECTOR ( 'NONE', #4048, 1000.000000000000000 ) ;
#5696 =( GEOMETRIC_REPRESENTATION_CONTEXT ( 3 ) GLOBAL_UNCERTAINTY_ASSIGNED_CONTEXT ( ( #2236 ) ) GLOBAL_UNIT_ASSIGNED_CONTEXT ( ( #4106, #3053, #3708 ) ) REPRESENTATION_CONTEXT ( 'NONE', 'WORKASPACE' ) );
#5697 = SURFACE_STYLE_USAGE ( .BOTH. , #289 ) ;
#5698 = ORIENTED_EDGE ( 'NONE', *, *, #4981, .F. ) ;
#5699 = VECTOR ( 'NONE', #6444, 1000.000000000000000 ) ;
#5700 = EDGE_CURVE ( 'NONE', #5551, #5793, #1463, .T. ) ;
#5701 = VERTEX_POINT ( 'NONE', #1255 ) ;
#5702 = CARTESIAN_POINT ( 'NONE',  ( 0.4838201673205150821, 0.2046747618464905827, 0.3500000000000000333 ) ) ;
#5703 =( NAMED_UNIT ( * ) PLANE_ANGLE_UNIT ( ) SI_UNIT ( $, .RADIAN. ) );
#5704 = COLOUR_RGB ( '',1.000000000000000000, 1.000000000000000000, 1.000000000000000000 ) ;
#5705 = PLANE ( 'NONE',  #3973 ) ;
#5706 = DIRECTION ( 'NONE',  ( -1.776016655323403858E-16, 1.000000000000000000, 0.0000000000000000000 ) ) ;
#5707 = CARTESIAN_POINT ( 'NONE',  ( 0.4838201673205150821, 0.9163225641662154919, 0.4500000000000000666 ) ) ;
#5708 = VERTEX_POINT ( 'NONE', #841 ) ;
#5709 = COLOUR_RGB ( '',0.8313725490196077761, 0.8392156862745098200, 0.8313725490196077761 ) ;
#5710 = CARTESIAN_POINT ( 'NONE',  ( -2.700000000000003286, 1.301042606982606899E-15, -8.306732565912526210E-15 ) ) ;
#5711 = PLANE ( 'NONE',  #4140 ) ;
#5712 = FILL_AREA_STYLE_COLOUR ( '', #3921 ) ;
#5713 = DIRECTION ( 'NONE',  ( 0.0000000000000000000, 1.000000000000000000, 0.0000000000000000000 ) ) ;
#5714 = AXIS2_PLACEMENT_3D ( 'NONE', #2638, #5988, #4846 ) ;
#5715 = CARTESIAN_POINT ( 'NONE',  ( -1.599999999999999867, 1.100000000000000089, -0.6999999999999999556 ) ) ;
#5716 = ORIENTED_EDGE ( 'NONE', *, *, #276, .T. ) ;
#5717 = MECHANICAL_DESIGN_GEOMETRIC_PRESENTATION_REPRESENTATION (  '', ( #1169 ), #5829 ) ;
#5718 = FACE_OUTER_BOUND ( 'NONE', #589, .T. ) ;
#5719 = CARTESIAN_POINT ( 'NONE',  ( 0.4838201673205150821, 1.116322564166215559, 0.4500000000000000666 ) ) ;
#5720 = EDGE_CURVE ( 'NONE', #4758, #2895, #333, .T. ) ;
#5721 =( LENGTH_UNIT ( ) NAMED_UNIT ( * ) SI_UNIT ( .MILLI., .METRE. ) );
#5722 = ORIENTED_EDGE ( 'NONE', *, *, #2548, .F. ) ;
#5723 = VECTOR ( 'NONE', #5926, 1000.000000000000000 ) ;
#5724 = VERTEX_POINT ( 'NONE', #2921 ) ;
#5725 = CIRCLE ( 'NONE', #1181, 1.699999999999999956 ) ;
#5726 = UNCERTAINTY_MEASURE_WITH_UNIT (LENGTH_MEASURE( 1.000000000000000082E-05 ), #3923, 'distance_accuracy_value', 'NONE');
#5727 = PLANE ( 'NONE',  #2626 ) ;
#5728 = EDGE_CURVE ( 'NONE', #432, #5281, #2432, .T. ) ;
#5729 =( NAMED_UNIT ( * ) PLANE_ANGLE_UNIT ( ) SI_UNIT ( $, .RADIAN. ) );
#5730 = ORIENTED_EDGE ( 'NONE', *, *, #215, .F. ) ;
#5731 = DIRECTION ( 'NONE',  ( 0.05233595624294388321, -0.0000000000000000000, 0.9986295347545739443 ) ) ;
#5732 = ORIENTED_EDGE ( 'NONE', *, *, #4381, .T. ) ;
#5733 = VECTOR ( 'NONE', #6144, 1000.000000000000114 ) ;
#5734 = VECTOR ( 'NONE', #1491, 1000.000000000000000 ) ;
#5735 = AXIS2_PLACEMENT_3D ( 'NONE', #1497, #2570, #4675 ) ;
#5736 = ORIENTED_EDGE ( 'NONE', *, *, #3493, .T. ) ;
#5737 = DIRECTION ( 'NONE',  ( 0.0000000000000000000, 0.0000000000000000000, 1.000000000000000000 ) ) ;
#5738 = CARTESIAN_POINT ( 'NONE',  ( 2.400000000000002132, -2.099999999999999645, -0.2999999999999993783 ) ) ;
#5739 = VECTOR ( 'NONE', #3248, 1000.000000000000000 ) ;
#5740 = EDGE_CURVE ( 'NONE', #5103, #5834, #2954, .T. ) ;
#5741 = SURFACE_SIDE_STYLE ('',( #462 ) ) ;
#5742 = CARTESIAN_POINT ( 'NONE',  ( -1.146028625818473756, 0.6751250982098658815, 0.3000000000000000444 ) ) ;
#5743 = FACE_OUTER_BOUND ( 'NONE', #3437, .T. ) ;
#5744 = ORIENTED_EDGE ( 'NONE', *, *, #5435, .F. ) ;
#5745 = VECTOR ( 'NONE', #4850, 1000.000000000000114 ) ;
#5746 =( LENGTH_UNIT ( ) NAMED_UNIT ( * ) SI_UNIT ( .MILLI., .METRE. ) );
#5747 = PLANE ( 'NONE',  #5909 ) ;
#5748 = SURFACE_STYLE_FILL_AREA ( #2512 ) ;
#5749 = FACE_OUTER_BOUND ( 'NONE', #1431, .T. ) ;
#5750 = COLOUR_RGB ( '',1.000000000000000000, 1.000000000000000000, 1.000000000000000000 ) ;
#5751 = CARTESIAN_POINT ( 'NONE',  ( -1.971607025033961236, 0.8251250982098667919, 0.3500000000000000333 ) ) ;
#5752 = ORIENTED_EDGE ( 'NONE', *, *, #4066, .T. ) ;
#5753 = DIRECTION ( 'NONE',  ( -0.0000000000000000000, -1.000000000000000000, -0.0000000000000000000 ) ) ;
#5754 = DIRECTION ( 'NONE',  ( -0.0000000000000000000, -0.0000000000000000000, -1.000000000000000000 ) ) ;
#5755 = LINE ( 'NONE', #6741, #6453 ) ;
#5756 = DIRECTION ( 'NONE',  ( -1.971276677246371519E-16, -1.000000000000000000, 0.0000000000000000000 ) ) ;
#5757 = DIRECTION ( 'NONE',  ( 0.0000000000000000000, 0.0000000000000000000, -1.000000000000000000 ) ) ;
#5758 = VERTEX_POINT ( 'NONE', #6513 ) ;
#5759 = FACE_OUTER_BOUND ( 'NONE', #2372, .T. ) ;
#5760 = COLOUR_RGB ( '',1.000000000000000000, 1.000000000000000000, 1.000000000000000000 ) ;
#5761 = ORIENTED_EDGE ( 'NONE', *, *, #2815, .F. ) ;
#5762 = ADVANCED_FACE ( 'NONE', ( #299 ), #6547, .T. ) ;
#5763 = MECHANICAL_DESIGN_GEOMETRIC_PRESENTATION_REPRESENTATION (  '', ( #3993 ), #997 ) ;
#5764 = ORIENTED_EDGE ( 'NONE', *, *, #6867, .T. ) ;
#5765 = DIRECTION ( 'NONE',  ( 0.0000000000000000000, -1.000000000000000000, 0.0000000000000000000 ) ) ;
#5766 = ORIENTED_EDGE ( 'NONE', *, *, #4844, .F. ) ;
#5767 = ORIENTED_EDGE ( 'NONE', *, *, #3469, .F. ) ;
#5768 = STYLED_ITEM ( 'NONE', ( #6070 ), #4307 ) ;
#5769 = EDGE_CURVE ( 'NONE', #6631, #1200, #4988, .T. ) ;
#5770 = DIRECTION ( 'NONE',  ( 0.0000000000000000000, 0.0000000000000000000, 1.000000000000000000 ) ) ;
#5771 = CARTESIAN_POINT ( 'NONE',  ( 1.262305442492821728, 0.6070589046025534063, 0.3000000000000000444 ) ) ;
#5772 = EDGE_CURVE ( 'NONE', #5793, #5551, #5573, .T. ) ;
#5773 = CARTESIAN_POINT ( 'NONE',  ( 0.2103187164337326220, 2.110000814877110997, 0.3000000000000000444 ) ) ;
#5774 = DIRECTION ( 'NONE',  ( 0.0000000000000000000, 0.0000000000000000000, 1.000000000000000000 ) ) ;
#5775 = DIRECTION ( 'NONE',  ( -0.0000000000000000000, -0.0000000000000000000, -1.000000000000000000 ) ) ;
#5776 = MECHANICAL_DESIGN_GEOMETRIC_PRESENTATION_REPRESENTATION (  '', ( #3564 ), #558 ) ;
#5777 = DIRECTION ( 'NONE',  ( 1.000000000000000000, -0.0000000000000000000, -0.0000000000000000000 ) ) ;
#5778 = ORIENTED_EDGE ( 'NONE', *, *, #5192, .F. ) ;
#5779 = ADVANCED_FACE ( 'NONE', ( #1327 ), #261, .F. ) ;
#5780 = CARTESIAN_POINT ( 'NONE',  ( 0.0000000000000000000, 0.0000000000000000000, 0.4500000000000000666 ) ) ;
#5781 =( GEOMETRIC_REPRESENTATION_CONTEXT ( 3 ) GLOBAL_UNCERTAINTY_ASSIGNED_CONTEXT ( ( #6003 ) ) GLOBAL_UNIT_ASSIGNED_CONTEXT ( ( #6470, #1700, #4804 ) ) REPRESENTATION_CONTEXT ( 'NONE', 'WORKASPACE' ) );
#5782 = CARTESIAN_POINT ( 'NONE',  ( 2.400000000000002132, 2.100000000000000089, -0.2999999999999993783 ) ) ;
#5783 = LINE ( 'NONE', #374, #1741 ) ;
#5784 = DIRECTION ( 'NONE',  ( 0.0000000000000000000, -0.0000000000000000000, 1.000000000000000000 ) ) ;
#5785 = CARTESIAN_POINT ( 'NONE',  ( -0.03316504619021998224, 2.110000814877110997, 0.3500000000000000333 ) ) ;
#5786 = CARTESIAN_POINT ( 'NONE',  ( 0.0000000000000000000, 0.0000000000000000000, 0.3500000000000000333 ) ) ;
#5787 = MECHANICAL_DESIGN_GEOMETRIC_PRESENTATION_REPRESENTATION (  '', ( #17 ), #1453 ) ;
#5788 = ORIENTED_EDGE ( 'NONE', *, *, #3648, .F. ) ;
#5789 = CARTESIAN_POINT ( 'NONE',  ( 0.5500000000000001554, 1.049999999999999822, -0.5699999999999999512 ) ) ;
#5790 = CARTESIAN_POINT ( 'NONE',  ( -2.400000000000001243, -2.099999999999999645, -0.5700000000000000622 ) ) ;
#5791 = CIRCLE ( 'NONE', #5569, 0.1000000000000002554 ) ;
#5792 = LINE ( 'NONE', #2618, #437 ) ;
#5793 = VERTEX_POINT ( 'NONE', #985 ) ;
#5794 = VECTOR ( 'NONE', #2639, 1000.000000000000000 ) ;
#5795 = ORIENTED_EDGE ( 'NONE', *, *, #3312, .T. ) ;
#5796 = FILL_AREA_STYLE_COLOUR ( '', #982 ) ;
#5797 = CLOSED_SHELL ( 'NONE', ( #2191, #990, #1956, #2740, #1896, #3055 ) ) ;
#5798 = DIRECTION ( 'NONE',  ( -1.000000000000000000, 0.0000000000000000000, 0.0000000000000000000 ) ) ;
#5799 = EDGE_LOOP ( 'NONE', ( #2374, #6103, #6251, #5374, #1182, #2759, #6354, #5946, #5384 ) ) ;
#5800 = ADVANCED_FACE ( 'NONE', ( #6724 ), #1427, .T. ) ;
#5801 = ORIENTED_EDGE ( 'NONE', *, *, #6037, .T. ) ;
#5802 = MECHANICAL_DESIGN_GEOMETRIC_PRESENTATION_REPRESENTATION (  '', ( #4366 ), #1366 ) ;
#5803 = ORIENTED_EDGE ( 'NONE', *, *, #247, .T. ) ;
#5804 = MECHANICAL_DESIGN_GEOMETRIC_PRESENTATION_REPRESENTATION (  '', ( #3253 ), #6478 ) ;
#5805 = CARTESIAN_POINT ( 'NONE',  ( -2.400000000000001243, 2.100000000000000089, -0.7700000000000000178 ) ) ;
#5806 = CARTESIAN_POINT ( 'NONE',  ( -2.500000000000002220, -2.500000000000002220, 0.0000000000000000000 ) ) ;
#5807 = DIRECTION ( 'NONE',  ( -3.043374519257556424E-15, 0.0000000000000000000, 1.000000000000000000 ) ) ;
#5808 = PRESENTATION_STYLE_ASSIGNMENT (( #1430 ) ) ;
#5809 = VECTOR ( 'NONE', #6089, 1000.000000000000000 ) ;
#5810 = EDGE_CURVE ( 'NONE', #1678, #2821, #6230, .T. ) ;
#5811 = SURFACE_STYLE_USAGE ( .BOTH. , #5163 ) ;
#5812 = VERTEX_POINT ( 'NONE', #5771 ) ;
#5813 = LINE ( 'NONE', #3236, #2138 ) ;
#5814 = MECHANICAL_DESIGN_GEOMETRIC_PRESENTATION_REPRESENTATION (  '', ( #1261 ), #1484 ) ;
#5815 = PRESENTATION_STYLE_ASSIGNMENT (( #2253 ) ) ;
#5816 =( NAMED_UNIT ( * ) PLANE_ANGLE_UNIT ( ) SI_UNIT ( $, .RADIAN. ) );
#5817 = FILL_AREA_STYLE ('',( #2545 ) ) ;
#5818 = EDGE_CURVE ( 'NONE', #4578, #4239, #439, .T. ) ;
#5819 = CARTESIAN_POINT ( 'NONE',  ( 2.700000000000001066, -1.199999999999999734, -0.4700000000000007505 ) ) ;
#5820 = COLOUR_RGB ( '',1.000000000000000000, 1.000000000000000000, 1.000000000000000000 ) ;
#5821 = ORIENTED_EDGE ( 'NONE', *, *, #5682, .F. ) ;
#5822 = CARTESIAN_POINT ( 'NONE',  ( -0.5500000000000000444, 0.0000000000000000000, -0.5699999999999999512 ) ) ;
#5823 = CARTESIAN_POINT ( 'NONE',  ( 2.400000000000001243, -1.199999999999999734, -0.7700000000000000178 ) ) ;
#5824 = CARTESIAN_POINT ( 'NONE',  ( 0.2838201673205150710, -0.2871897488101240459, 0.4500000000000000666 ) ) ;
#5825 = PRESENTATION_LAYER_ASSIGNMENT (  '', '', ( #5382 ) ) ;
#5826 = DIRECTION ( 'NONE',  ( 3.043374519257556424E-15, -0.0000000000000000000, 1.000000000000000000 ) ) ;
#5827 = EDGE_CURVE ( 'NONE', #5578, #4690, #2534, .T. ) ;
#5828 = VERTEX_POINT ( 'NONE', #875 ) ;
#5829 =( GEOMETRIC_REPRESENTATION_CONTEXT ( 3 ) GLOBAL_UNCERTAINTY_ASSIGNED_CONTEXT ( ( #3276 ) ) GLOBAL_UNIT_ASSIGNED_CONTEXT ( ( #5625, #6113, #2344 ) ) REPRESENTATION_CONTEXT ( 'NONE', 'WORKASPACE' ) );
#5830 = VERTEX_POINT ( 'NONE', #2568 ) ;
#5831 = ORIENTED_EDGE ( 'NONE', *, *, #1274, .T. ) ;
#5832 = EDGE_LOOP ( 'NONE', ( #3972, #2528, #5871, #3865, #1178 ) ) ;
#5833 = PRESENTATION_STYLE_ASSIGNMENT (( #6322 ) ) ;
#5834 = VERTEX_POINT ( 'NONE', #4674 ) ;
#5835 = VECTOR ( 'NONE', #2951, 1000.000000000000114 ) ;
#5836 = ORIENTED_EDGE ( 'NONE', *, *, #4038, .F. ) ;
#5837 = PRESENTATION_STYLE_ASSIGNMENT (( #6360 ) ) ;
#5838 = DIRECTION ( 'NONE',  ( 0.0000000000000000000, 0.0000000000000000000, -1.000000000000000000 ) ) ;
#5839 = SURFACE_SIDE_STYLE ('',( #3166 ) ) ;
#5840 = VECTOR ( 'NONE', #3162, 1000.000000000000000 ) ;
#5841 = LINE ( 'NONE', #2701, #849 ) ;
#5842 = COLOUR_RGB ( '',1.000000000000000000, 1.000000000000000000, 1.000000000000000000 ) ;
#5843 = EDGE_LOOP ( 'NONE', ( #4493, #1757, #2386, #4932 ) ) ;
#5844 = AXIS2_PLACEMENT_3D ( 'NONE', #5679, #6793, #2546 ) ;
#5845 = MECHANICAL_DESIGN_GEOMETRIC_PRESENTATION_REPRESENTATION (  '', ( #3303 ), #2177 ) ;
#5846 =( NAMED_UNIT ( * ) PLANE_ANGLE_UNIT ( ) SI_UNIT ( $, .RADIAN. ) );
#5847 = EDGE_CURVE ( 'NONE', #1417, #4142, #4710, .T. ) ;
#5848 = UNCERTAINTY_MEASURE_WITH_UNIT (LENGTH_MEASURE( 1.000000000000000082E-05 ), #1337, 'distance_accuracy_value', 'NONE');
#5849 = SURFACE_SIDE_STYLE ('',( #2707 ) ) ;
#5850 = FILL_AREA_STYLE ('',( #2189 ) ) ;
#5851 = FACE_OUTER_BOUND ( 'NONE', #5799, .T. ) ;
#5852 = CARTESIAN_POINT ( 'NONE',  ( 2.400000000000001243, 2.100000000000000089, -0.4699999999999998068 ) ) ;
#5853 = DIRECTION ( 'NONE',  ( -1.000000000000000000, -0.0000000000000000000, -0.0000000000000000000 ) ) ;
#5854 = AXIS2_PLACEMENT_3D ( 'NONE', #1706, #5397, #641 ) ;
#5855 = ORIENTED_EDGE ( 'NONE', *, *, #1269, .T. ) ;
#5856 = CARTESIAN_POINT ( 'NONE',  ( 2.500000000000002220, -2.200000000000000622, 0.0000000000000000000 ) ) ;
#5857 = EDGE_CURVE ( 'NONE', #137, #4556, #4186, .T. ) ;
#5858 = PRESENTATION_STYLE_ASSIGNMENT (( #1089 ) ) ;
#5859 = CARTESIAN_POINT ( 'NONE',  ( -2.500000000000002220, -2.500000000000002220, 0.0000000000000000000 ) ) ;
#5860 = MECHANICAL_DESIGN_GEOMETRIC_PRESENTATION_REPRESENTATION (  '', ( #4538 ), #6307 ) ;
#5861 = PLANE ( 'NONE',  #4374 ) ;
#5862 = DIRECTION ( 'NONE',  ( -1.000000000000000000, -1.604850264224746292E-16, 0.0000000000000000000 ) ) ;
#5863 = VERTEX_POINT ( 'NONE', #3026 ) ;
#5864 = ORIENTED_EDGE ( 'NONE', *, *, #854, .T. ) ;
#5865 = VERTEX_POINT ( 'NONE', #5158 ) ;
#5866 = ADVANCED_FACE ( 'NONE', ( #2503 ), #1532, .F. ) ;
#5867 =( NAMED_UNIT ( * ) SI_UNIT ( $, .STERADIAN. ) SOLID_ANGLE_UNIT ( ) );
#5868 = UNCERTAINTY_MEASURE_WITH_UNIT (LENGTH_MEASURE( 1.000000000000000082E-05 ), #1800, 'distance_accuracy_value', 'NONE');
#5869 =( NAMED_UNIT ( * ) SI_UNIT ( $, .STERADIAN. ) SOLID_ANGLE_UNIT ( ) );
#5870 = DIRECTION ( 'NONE',  ( -0.0000000000000000000, -0.0000000000000000000, -1.000000000000000000 ) ) ;
#5871 = ORIENTED_EDGE ( 'NONE', *, *, #2079, .T. ) ;
#5872 = VECTOR ( 'NONE', #833, 1000.000000000000000 ) ;
#5873 = ORIENTED_EDGE ( 'NONE', *, *, #4496, .F. ) ;
#5874 = STYLED_ITEM ( 'NONE', ( #5216 ), #3953 ) ;
#5875 = LINE ( 'NONE', #4, #2676 ) ;
#5876 =( NAMED_UNIT ( * ) PLANE_ANGLE_UNIT ( ) SI_UNIT ( $, .RADIAN. ) );
#5877 = CARTESIAN_POINT ( 'NONE',  ( -1.296028625818473667, -0.7287392438591724364, 0.3500000000000000333 ) ) ;
#5878 = ORIENTED_EDGE ( 'NONE', *, *, #6375, .T. ) ;
#5879 = VECTOR ( 'NONE', #5140, 1000.000000000000000 ) ;
#5880 = DIRECTION ( 'NONE',  ( -1.000000000000000000, -0.0000000000000000000, -0.0000000000000000000 ) ) ;
#5881 = DIRECTION ( 'NONE',  ( -1.000000000000000000, 0.0000000000000000000, 0.0000000000000000000 ) ) ;
#5882 = LINE ( 'NONE', #2217, #2735 ) ;
#5883 =( GEOMETRIC_REPRESENTATION_CONTEXT ( 3 ) GLOBAL_UNCERTAINTY_ASSIGNED_CONTEXT ( ( #1210 ) ) GLOBAL_UNIT_ASSIGNED_CONTEXT ( ( #24, #2718, #612 ) ) REPRESENTATION_CONTEXT ( 'NONE', 'WORKASPACE' ) );
#5884 = DIRECTION ( 'NONE',  ( 0.0000000000000000000, 0.0000000000000000000, 1.000000000000000000 ) ) ;
#5885 = CARTESIAN_POINT ( 'NONE',  ( -1.146028625818473756, -0.7287392438591713262, 0.3000000000000000444 ) ) ;
#5886 = CARTESIAN_POINT ( 'NONE',  ( 2.470127565808668990, 2.500000000000002220, -0.5699999999999999512 ) ) ;
#5887 = EDGE_CURVE ( 'NONE', #5018, #3815, #113, .T. ) ;
#5888 = VERTEX_POINT ( 'NONE', #1624 ) ;
#5889 = PRESENTATION_LAYER_ASSIGNMENT (  '', '', ( #3115 ) ) ;
#5890 = DIRECTION ( 'NONE',  ( 0.0000000000000000000, -1.000000000000000000, 0.0000000000000000000 ) ) ;
#5891 = SURFACE_STYLE_FILL_AREA ( #5335 ) ;
#5892 = DIRECTION ( 'NONE',  ( -0.0000000000000000000, -1.000000000000000000, -0.0000000000000000000 ) ) ;
#5893 = FACE_BOUND ( 'NONE', #2388, .T. ) ;
#5894 = VECTOR ( 'NONE', #582, 1000.000000000000114 ) ;
#5895 = ORIENTED_EDGE ( 'NONE', *, *, #2696, .F. ) ;
#5896 = EDGE_CURVE ( 'NONE', #6778, #2411, #1041, .T. ) ;
#5897 = ORIENTED_EDGE ( 'NONE', *, *, #6171, .T. ) ;
#5898 = VERTEX_POINT ( 'NONE', #2180 ) ;
#5899 = PRODUCT_RELATED_PRODUCT_CATEGORY ( 'part', '', ( #5303 ) ) ;
#5900 = CARTESIAN_POINT ( 'NONE',  ( 1.600000000000000533, 2.200000000000000178, -0.5699999999999999512 ) ) ;
#5901 = DIRECTION ( 'NONE',  ( 0.05233595624294388321, -0.0000000000000000000, 0.9986295347545739443 ) ) ;
#5902 = DIRECTION ( 'NONE',  ( -1.000000000000000000, 0.0000000000000000000, 0.0000000000000000000 ) ) ;
#5903 = FILL_AREA_STYLE_COLOUR ( '', #1649 ) ;
#5904 = ORIENTED_EDGE ( 'NONE', *, *, #2390, .T. ) ;
#5905 = VECTOR ( 'NONE', #1780, 1000.000000000000000 ) ;
#5906 = ADVANCED_FACE ( 'NONE', ( #2632 ), #4802, .F. ) ;
#5907 = FILL_AREA_STYLE_COLOUR ( '', #1068 ) ;
#5908 = VERTEX_POINT ( 'NONE', #3229 ) ;
#5909 = AXIS2_PLACEMENT_3D ( 'NONE', #1663, #157, #4295 ) ;
#5910 = DIRECTION ( 'NONE',  ( 1.000000000000000000, 0.0000000000000000000, -0.0000000000000000000 ) ) ;
#5911 = CARTESIAN_POINT ( 'NONE',  ( 1.930905544980987543, 0.8251250982098667919, 0.3500000000000000333 ) ) ;
#5912 = ORIENTED_EDGE ( 'NONE', *, *, #5105, .T. ) ;
#5913 =( NAMED_UNIT ( * ) PLANE_ANGLE_UNIT ( ) SI_UNIT ( $, .RADIAN. ) );
#5914 = EDGE_CURVE ( 'NONE', #4984, #4139, #2230, .T. ) ;
#5915 = FILL_AREA_STYLE ('',( #2115 ) ) ;
#5916 = EDGE_LOOP ( 'NONE', ( #295, #293, #4241, #1544 ) ) ;
#5917 = VECTOR ( 'NONE', #2928, 1000.000000000000000 ) ;
#5918 = PRESENTATION_LAYER_ASSIGNMENT (  '', '', ( #4151 ) ) ;
#5919 = DIRECTION ( 'NONE',  ( 7.228014483236695175E-15, 0.0000000000000000000, 1.000000000000000000 ) ) ;
#5920 = UNCERTAINTY_MEASURE_WITH_UNIT (LENGTH_MEASURE( 1.000000000000000082E-05 ), #1325, 'distance_accuracy_value', 'NONE');
#5921 = CARTESIAN_POINT ( 'NONE',  ( -2.462305712989667050, -2.462305712989667050, 0.4308476720434270546 ) ) ;
#5922 = PLANE ( 'NONE',  #3129 ) ;
#5923 = PRESENTATION_LAYER_ASSIGNMENT (  '', '', ( #2134 ) ) ;
#5924 = FILL_AREA_STYLE_COLOUR ( '', #5154 ) ;
#5925 =( NAMED_UNIT ( * ) SI_UNIT ( $, .STERADIAN. ) SOLID_ANGLE_UNIT ( ) );
#5926 = DIRECTION ( 'NONE',  ( -3.043374519257556424E-15, 0.0000000000000000000, 1.000000000000000000 ) ) ;
#5927 =( GEOMETRIC_REPRESENTATION_CONTEXT ( 3 ) GLOBAL_UNCERTAINTY_ASSIGNED_CONTEXT ( ( #6713 ) ) GLOBAL_UNIT_ASSIGNED_CONTEXT ( ( #4446, #4901, #1241 ) ) REPRESENTATION_CONTEXT ( 'NONE', 'WORKASPACE' ) );
#5928 = VECTOR ( 'NONE', #4432, 1000.000000000000000 ) ;
#5929 = VERTEX_POINT ( 'NONE', #1696 ) ;
#5930 = CARTESIAN_POINT ( 'NONE',  ( -1.599999999999999645, 2.200000000000000178, -0.5699999999999999512 ) ) ;
#5931 = DIRECTION ( 'NONE',  ( -0.05233595624294388321, 0.0000000000000000000, 0.9986295347545739443 ) ) ;
#5932 = FILL_AREA_STYLE ('',( #2679 ) ) ;
#5933 = AXIS2_PLACEMENT_3D ( 'NONE', #1275, #3332, #6460 ) ;
#5934 = LINE ( 'NONE', #2471, #6329 ) ;
#5935 = PLANE ( 'NONE',  #2094 ) ;
#5936 = ORIENTED_EDGE ( 'NONE', *, *, #2830, .F. ) ;
#5937 = EDGE_LOOP ( 'NONE', ( #1755, #3651, #1214, #2116 ) ) ;
#5938 = VECTOR ( 'NONE', #6173, 1000.000000000000000 ) ;
#5939 = UNCERTAINTY_MEASURE_WITH_UNIT (LENGTH_MEASURE( 1.000000000000000082E-05 ), #724, 'distance_accuracy_value', 'NONE');
#5940 = EDGE_CURVE ( 'NONE', #3635, #6686, #3829, .T. ) ;
#5941 = CARTESIAN_POINT ( 'NONE',  ( -1.919276727925023351, -0.8787392438591723476, 0.3500000000000000333 ) ) ;
#5942 = LINE ( 'NONE', #2763, #5325 ) ;
#5943 = ORIENTED_EDGE ( 'NONE', *, *, #5728, .F. ) ;
#5944 =( GEOMETRIC_REPRESENTATION_CONTEXT ( 3 ) GLOBAL_UNCERTAINTY_ASSIGNED_CONTEXT ( ( #3438 ) ) GLOBAL_UNIT_ASSIGNED_CONTEXT ( ( #5202, #470, #2744 ) ) REPRESENTATION_CONTEXT ( 'NONE', 'WORKASPACE' ) );
#5945 = DIRECTION ( 'NONE',  ( -1.000000000000000000, 2.710505431213759113E-16, 0.0000000000000000000 ) ) ;
#5946 = ORIENTED_EDGE ( 'NONE', *, *, #141, .T. ) ;
#5947 = AXIS2_PLACEMENT_3D ( 'NONE', #4208, #6747, #6774 ) ;
#5948 = ADVANCED_FACE ( 'NONE', ( #3792 ), #6325, .F. ) ;
#5949 = DIRECTION ( 'NONE',  ( 0.0000000000000000000, -1.000000000000000000, 0.0000000000000000000 ) ) ;
#5950 = ORIENTED_EDGE ( 'NONE', *, *, #1478, .F. ) ;
#5951 = VECTOR ( 'NONE', #2514, 1000.000000000000000 ) ;
#5952 = CARTESIAN_POINT ( 'NONE',  ( 0.3603187164337324777, 0.4570589046025532176, 0.3500000000000000333 ) ) ;
#5953 = EDGE_CURVE ( 'NONE', #5863, #4746, #1184, .T. ) ;
#5954 =( GEOMETRIC_REPRESENTATION_CONTEXT ( 3 ) GLOBAL_UNCERTAINTY_ASSIGNED_CONTEXT ( ( #3927 ) ) GLOBAL_UNIT_ASSIGNED_CONTEXT ( ( #1909, #6045, #700 ) ) REPRESENTATION_CONTEXT ( 'NONE', 'WORKASPACE' ) );
#5955 = PLANE ( 'NONE',  #6074 ) ;
#5956 =( LENGTH_UNIT ( ) NAMED_UNIT ( * ) SI_UNIT ( .MILLI., .METRE. ) );
#5957 = CARTESIAN_POINT ( 'NONE',  ( -0.1831650461902200044, -0.6832195235787650311, 0.3000000000000000444 ) ) ;
#5958 = PRESENTATION_LAYER_ASSIGNMENT (  '', '', ( #2515 ) ) ;
#5959 = PRESENTATION_LAYER_ASSIGNMENT (  '', '', ( #1616 ) ) ;
#5960 = ORIENTED_EDGE ( 'NONE', *, *, #4765, .F. ) ;
#5961 = MECHANICAL_DESIGN_GEOMETRIC_PRESENTATION_REPRESENTATION (  '', ( #4414 ), #6744 ) ;
#5962 = FILL_AREA_STYLE ('',( #4820 ) ) ;
#5963 = DIRECTION ( 'NONE',  ( 1.000000000000000000, -1.971276677246371519E-16, 0.0000000000000000000 ) ) ;
#5964 = PLANE ( 'NONE',  #140 ) ;
#5965 = COLOUR_RGB ( '',0.8313725490196077761, 0.8392156862745098200, 0.8313725490196077761 ) ;
#5966 =( GEOMETRIC_REPRESENTATION_CONTEXT ( 3 ) GLOBAL_UNCERTAINTY_ASSIGNED_CONTEXT ( ( #2867 ) ) GLOBAL_UNIT_ASSIGNED_CONTEXT ( ( #2454, #4588, #5658 ) ) REPRESENTATION_CONTEXT ( 'NONE', 'WORKASPACE' ) );
#5967 = FACE_OUTER_BOUND ( 'NONE', #2565, .T. ) ;
#5968 = CARTESIAN_POINT ( 'NONE',  ( 0.3603187164337338100, 0.8251250982098667919, 0.3500000000000000333 ) ) ;
#5969 = EDGE_LOOP ( 'NONE', ( #866, #1549, #4784, #1024 ) ) ;
#5970 = ORIENTED_EDGE ( 'NONE', *, *, #4575, .F. ) ;
#5971 =( GEOMETRIC_REPRESENTATION_CONTEXT ( 3 ) GLOBAL_UNCERTAINTY_ASSIGNED_CONTEXT ( ( #5660 ) ) GLOBAL_UNIT_ASSIGNED_CONTEXT ( ( #2492, #5630, #4634 ) ) REPRESENTATION_CONTEXT ( 'NONE', 'WORKASPACE' ) );
#5972 = VERTEX_POINT ( 'NONE', #627 ) ;
#5973 = CARTESIAN_POINT ( 'NONE',  ( 0.2838201673205150710, -0.2871897488101240459, 0.4500000000000000666 ) ) ;
#5974 = FACE_OUTER_BOUND ( 'NONE', #287, .T. ) ;
#5975 = ORIENTED_EDGE ( 'NONE', *, *, #1436, .F. ) ;
#5976 = EDGE_CURVE ( 'NONE', #2702, #5291, #5875, .T. ) ;
#5977 = VERTEX_POINT ( 'NONE', #1107 ) ;
#5978 = CARTESIAN_POINT ( 'NONE',  ( -1.043697599916538765, -0.1584055984559433750, 0.4500000000000000666 ) ) ;
#5979 = PLANE ( 'NONE',  #857 ) ;
#5980 = LINE ( 'NONE', #4946, #1212 ) ;
#5981 = ORIENTED_EDGE ( 'NONE', *, *, #4971, .T. ) ;
#5982 = SURFACE_STYLE_FILL_AREA ( #4353 ) ;
#5983 = ORIENTED_EDGE ( 'NONE', *, *, #5061, .T. ) ;
#5984 = EDGE_CURVE ( 'NONE', #524, #4376, #5424, .T. ) ;
#5985 = COLOUR_RGB ( '',0.8980392156862745390, 0.9215686274509803377, 0.9294117647058823817 ) ;
#5986 = SURFACE_SIDE_STYLE ('',( #2809 ) ) ;
#5987 = EDGE_CURVE ( 'NONE', #329, #1067, #2697, .T. ) ;
#5988 = DIRECTION ( 'NONE',  ( 0.0000000000000000000, -1.000000000000000000, -0.0000000000000000000 ) ) ;
#5989 = CARTESIAN_POINT ( 'NONE',  ( 0.3603187164337324777, 0.4570589046025532176, 0.3000000000000000444 ) ) ;
#5990 = CARTESIAN_POINT ( 'NONE',  ( -0.03316504619021998224, -0.1370056143358100720, 0.3000000000000000444 ) ) ;
#5991 = VECTOR ( 'NONE', #6059, 1000.000000000000000 ) ;
#5992 = DIRECTION ( 'NONE',  ( 1.000000000000000000, 0.0000000000000000000, 0.0000000000000000000 ) ) ;
#5993 = EDGE_CURVE ( 'NONE', #6433, #5210, #6851, .T. ) ;
#5994 = DIRECTION ( 'NONE',  ( 0.0000000000000000000, -0.0000000000000000000, -1.000000000000000000 ) ) ;
#5995 = CARTESIAN_POINT ( 'NONE',  ( -2.400000000000001243, -1.199999999999999734, -0.7700000000000000178 ) ) ;
#5996 = CARTESIAN_POINT ( 'NONE',  ( 1.700000000000000622, -1.199999999999999734, -0.7699999999999999067 ) ) ;
#5997 = CARTESIAN_POINT ( 'NONE',  ( -2.430009069179262848, -2.500000000000002220, 0.8000000000000000444 ) ) ;
#5998 = VERTEX_POINT ( 'NONE', #4218 ) ;
#5999 = ORIENTED_EDGE ( 'NONE', *, *, #2401, .F. ) ;
#6000 = ORIENTED_EDGE ( 'NONE', *, *, #5479, .F. ) ;
#6001 = LINE ( 'NONE', #3363, #1810 ) ;
#6002 =( NAMED_UNIT ( * ) SI_UNIT ( $, .STERADIAN. ) SOLID_ANGLE_UNIT ( ) );
#6003 = UNCERTAINTY_MEASURE_WITH_UNIT (LENGTH_MEASURE( 1.000000000000000082E-05 ), #6470, 'distance_accuracy_value', 'NONE');
#6004 = CARTESIAN_POINT ( 'NONE',  ( -2.470127565808668990, -1.099999999999999645, -0.5699999999999999512 ) ) ;
#6005 = DIRECTION ( 'NONE',  ( 0.0000000000000000000, -0.0000000000000000000, -1.000000000000000000 ) ) ;
#6006 = ORIENTED_EDGE ( 'NONE', *, *, #5508, .T. ) ;
#6007 = DIRECTION ( 'NONE',  ( 0.0000000000000000000, 0.0000000000000000000, 1.000000000000000000 ) ) ;
#6008 = AXIS2_PLACEMENT_3D ( 'NONE', #5859, #3210, #6522 ) ;
#6009 = ORIENTED_EDGE ( 'NONE', *, *, #674, .F. ) ;
#6010 = COLOUR_RGB ( '',0.8980392156862745390, 0.9215686274509803377, 0.9294117647058823817 ) ;
#6011 = LINE ( 'NONE', #1769, #5651 ) ;
#6012 = ORIENTED_EDGE ( 'NONE', *, *, #1724, .T. ) ;
#6013 = PRESENTATION_STYLE_ASSIGNMENT (( #768 ) ) ;
#6014 = EDGE_LOOP ( 'NONE', ( #552, #3925, #2675, #1322 ) ) ;
#6015 = MECHANICAL_DESIGN_GEOMETRIC_PRESENTATION_REPRESENTATION (  '', ( #2122 ), #916 ) ;
#6016 = FILL_AREA_STYLE ('',( #3974 ) ) ;
#6017 = CARTESIAN_POINT ( 'NONE',  ( 0.0000000000000000000, -2.099999999999999645, -0.5699999999999999512 ) ) ;
#6018 = CARTESIAN_POINT ( 'NONE',  ( 0.0000000000000000000, 0.0000000000000000000, 0.8000000000000000444 ) ) ;
#6019 = EDGE_CURVE ( 'NONE', #648, #3114, #1359, .T. ) ;
#6020 = LINE ( 'NONE', #1328, #5928 ) ;
#6021 = CLOSED_SHELL ( 'NONE', ( #4733, #1385, #2905, #4838, #2160, #6163, #172, #5800, #4388, #6499, #6116 ) ) ;
#6022 = CARTESIAN_POINT ( 'NONE',  ( -1.600000000000000311, -2.199999999999999734, -0.6999999999999999556 ) ) ;
#6023 = FILL_AREA_STYLE_COLOUR ( '', #2133 ) ;
#6024 = MECHANICAL_DESIGN_GEOMETRIC_PRESENTATION_REPRESENTATION (  '', ( #4156 ), #6359 ) ;
#6025 = DIRECTION ( 'NONE',  ( 0.0000000000000000000, 1.000000000000000000, 0.0000000000000000000 ) ) ;
#6026 = CARTESIAN_POINT ( 'NONE',  ( -1.600000000000000089, -1.099999999999999645, -0.6999999999999999556 ) ) ;
#6027 = DIRECTION ( 'NONE',  ( 1.000000000000000000, 2.710505431213759113E-16, 0.0000000000000000000 ) ) ;
#6028 = EDGE_CURVE ( 'NONE', #6829, #4309, #3892, .T. ) ;
#6029 = LINE ( 'NONE', #4051, #4267 ) ;
#6030 = SURFACE_STYLE_USAGE ( .BOTH. , #3908 ) ;
#6031 = CARTESIAN_POINT ( 'NONE',  ( 2.500000000000001776, 2.100000000000000089, -0.2999999999999997113 ) ) ;
#6032 = ORIENTED_EDGE ( 'NONE', *, *, #2579, .T. ) ;
#6033 =( GEOMETRIC_REPRESENTATION_CONTEXT ( 3 ) GLOBAL_UNCERTAINTY_ASSIGNED_CONTEXT ( ( #3495 ) ) GLOBAL_UNIT_ASSIGNED_CONTEXT ( ( #1595, #5846, #2153 ) ) REPRESENTATION_CONTEXT ( 'NONE', 'WORKASPACE' ) );
#6034 = CIRCLE ( 'NONE', #1257, 0.1500000000000000222 ) ;
#6035 = ORIENTED_EDGE ( 'NONE', *, *, #5053, .F. ) ;
#6036 = DIRECTION ( 'NONE',  ( 1.000000000000000000, 0.0000000000000000000, 0.0000000000000000000 ) ) ;
#6037 = EDGE_CURVE ( 'NONE', #2270, #4419, #4980, .T. ) ;
#6038 = DIRECTION ( 'NONE',  ( 1.000000000000000000, 0.0000000000000000000, 0.0000000000000000000 ) ) ;
#6039 = VERTEX_POINT ( 'NONE', #4943 ) ;
#6040 = MECHANICAL_DESIGN_GEOMETRIC_PRESENTATION_REPRESENTATION (  '', ( #5165 ), #4830 ) ;
#6041 = DIRECTION ( 'NONE',  ( 1.000000000000000000, 0.0000000000000000000, -0.0000000000000000000 ) ) ;
#6042 = DIRECTION ( 'NONE',  ( 0.0000000000000000000, -1.000000000000000000, 0.0000000000000000000 ) ) ;
#6043 = LINE ( 'NONE', #1798, #1869 ) ;
#6044 = ORIENTED_EDGE ( 'NONE', *, *, #1149, .F. ) ;
#6045 =( NAMED_UNIT ( * ) PLANE_ANGLE_UNIT ( ) SI_UNIT ( $, .RADIAN. ) );
#6046 = ORIENTED_EDGE ( 'NONE', *, *, #4261, .F. ) ;
#6047 =( NAMED_UNIT ( * ) PLANE_ANGLE_UNIT ( ) SI_UNIT ( $, .RADIAN. ) );
#6048 = CARTESIAN_POINT ( 'NONE',  ( 2.400000000000001243, 2.100000000000000089, -0.5699999999999999512 ) ) ;
#6049 = CARTESIAN_POINT ( 'NONE',  ( -1.919276727925023351, -2.056952929731181712, 0.3000000000000000444 ) ) ;
#6050 = LINE ( 'NONE', #1296, #5631 ) ;
#6051 = AXIS2_PLACEMENT_3D ( 'NONE', #4654, #4330, #198 ) ;
#6052 =( LENGTH_UNIT ( ) NAMED_UNIT ( * ) SI_UNIT ( .MILLI., .METRE. ) );
#6053 = EDGE_CURVE ( 'NONE', #3234, #1437, #762, .T. ) ;
#6054 =( GEOMETRIC_REPRESENTATION_CONTEXT ( 3 ) GLOBAL_UNCERTAINTY_ASSIGNED_CONTEXT ( ( #1977 ) ) GLOBAL_UNIT_ASSIGNED_CONTEXT ( ( #3310, #3445, #1251 ) ) REPRESENTATION_CONTEXT ( 'NONE', 'WORKASPACE' ) );
#6055 = DIRECTION ( 'NONE',  ( 0.0000000000000000000, 1.000000000000000000, 0.0000000000000000000 ) ) ;
#6056 = CARTESIAN_POINT ( 'NONE',  ( -2.400000000000001243, 1.200000000000000622, -0.4699999999999998068 ) ) ;
#6057 = CARTESIAN_POINT ( 'NONE',  ( -1.146028625818473756, -0.6832195235787661414, 0.3500000000000000333 ) ) ;
#6058 = FACE_OUTER_BOUND ( 'NONE', #3168, .T. ) ;
#6059 = DIRECTION ( 'NONE',  ( -8.998760675425412313E-17, 1.000000000000000000, -0.0000000000000000000 ) ) ;
#6060 = VECTOR ( 'NONE', #2762, 1000.000000000000000 ) ;
#6061 = ORIENTED_EDGE ( 'NONE', *, *, #5459, .T. ) ;
#6062 = VECTOR ( 'NONE', #1353, 1000.000000000000000 ) ;
#6063 = ORIENTED_EDGE ( 'NONE', *, *, #6622, .F. ) ;
#6064 = EDGE_CURVE ( 'NONE', #4239, #4422, #250, .T. ) ;
#6065 = ORIENTED_EDGE ( 'NONE', *, *, #537, .T. ) ;
#6066 = STYLED_ITEM ( 'NONE', ( #309 ), #3256 ) ;
#6067 = DIRECTION ( 'NONE',  ( 1.000000000000000000, 0.0000000000000000000, 0.0000000000000000000 ) ) ;
#6068 = FACE_OUTER_BOUND ( 'NONE', #5633, .T. ) ;
#6069 = DIRECTION ( 'NONE',  ( 1.000000000000000000, 4.822120870246893339E-16, 0.0000000000000000000 ) ) ;
#6070 = PRESENTATION_STYLE_ASSIGNMENT (( #1727 ) ) ;
#6071 = ORIENTED_EDGE ( 'NONE', *, *, #3005, .T. ) ;
#6072 = PLANE ( 'NONE',  #4421 ) ;
#6073 = PRESENTATION_LAYER_ASSIGNMENT (  '', '', ( #6751 ) ) ;
#6074 = AXIS2_PLACEMENT_3D ( 'NONE', #90, #2947, #1450 ) ;
#6075 = ADVANCED_FACE ( 'NONE', ( #216 ), #6608, .F. ) ;
#6076 = EDGE_LOOP ( 'NONE', ( #888, #2906, #2013, #4766 ) ) ;
#6077 = UNCERTAINTY_MEASURE_WITH_UNIT (LENGTH_MEASURE( 1.000000000000000082E-05 ), #1231, 'distance_accuracy_value', 'NONE');
#6078 = DIRECTION ( 'NONE',  ( -0.0000000000000000000, -1.000000000000000000, -0.0000000000000000000 ) ) ;
#6079 = PLANE ( 'NONE',  #2520 ) ;
#6080 = VECTOR ( 'NONE', #5482, 1000.000000000000000 ) ;
#6081 = CYLINDRICAL_SURFACE ( 'NONE', #4194, 0.3000000000000003775 ) ;
#6082 = FACE_OUTER_BOUND ( 'NONE', #518, .T. ) ;
#6083 = ORIENTED_EDGE ( 'NONE', *, *, #5810, .F. ) ;
#6084 = SURFACE_STYLE_USAGE ( .BOTH. , #1834 ) ;
#6085 = ORIENTED_EDGE ( 'NONE', *, *, #4885, .F. ) ;
#6086 = VERTEX_POINT ( 'NONE', #1831 ) ;
#6087 = CARTESIAN_POINT ( 'NONE',  ( 1.700000000000000400, -2.099999999999999645, -0.7699999999999999067 ) ) ;
#6088 =( NAMED_UNIT ( * ) PLANE_ANGLE_UNIT ( ) SI_UNIT ( $, .RADIAN. ) );
#6089 = DIRECTION ( 'NONE',  ( 4.818676322157797375E-16, 1.000000000000000000, 1.751623080406021339E-46 ) ) ;
#6090 = DIRECTION ( 'NONE',  ( 1.000000000000000000, 0.0000000000000000000, 0.0000000000000000000 ) ) ;
#6091 = DIRECTION ( 'NONE',  ( -1.000000000000000000, 0.0000000000000000000, 0.0000000000000000000 ) ) ;
#6092 = VECTOR ( 'NONE', #1534, 1000.000000000000000 ) ;
#6093 = CARTESIAN_POINT ( 'NONE',  ( 0.5500000000000000444, -2.240667692902679420, -0.5699999999999999512 ) ) ;
#6094 =( NAMED_UNIT ( * ) SI_UNIT ( $, .STERADIAN. ) SOLID_ANGLE_UNIT ( ) );
#6095 = DIRECTION ( 'NONE',  ( 0.0000000000000000000, -1.000000000000000000, 0.0000000000000000000 ) ) ;
#6096 =( GEOMETRIC_REPRESENTATION_CONTEXT ( 3 ) GLOBAL_UNCERTAINTY_ASSIGNED_CONTEXT ( ( #2655 ) ) GLOBAL_UNIT_ASSIGNED_CONTEXT ( ( #6680, #3588, #2983 ) ) REPRESENTATION_CONTEXT ( 'NONE', 'WORKASPACE' ) );
#6097 =( LENGTH_UNIT ( ) NAMED_UNIT ( * ) SI_UNIT ( .MILLI., .METRE. ) );
#6098 = FACE_OUTER_BOUND ( 'NONE', #2428, .T. ) ;
#6099 = EDGE_CURVE ( 'NONE', #2620, #3060, #1796, .T. ) ;
#6100 = DIRECTION ( 'NONE',  ( 1.971276677246371272E-16, 1.000000000000000000, -0.0000000000000000000 ) ) ;
#6101 = EDGE_LOOP ( 'NONE', ( #352, #622, #1585, #4839 ) ) ;
#6102 = VECTOR ( 'NONE', #4551, 1000.000000000000000 ) ;
#6103 = ORIENTED_EDGE ( 'NONE', *, *, #6396, .T. ) ;
#6104 = FILL_AREA_STYLE_COLOUR ( '', #5704 ) ;
#6105 = DIRECTION ( 'NONE',  ( 0.0000000000000000000, 1.000000000000000000, 0.0000000000000000000 ) ) ;
#6106 = SURFACE_STYLE_USAGE ( .BOTH. , #6602 ) ;
#6107 = COLOUR_RGB ( '',1.000000000000000000, 1.000000000000000000, 1.000000000000000000 ) ;
#6108 = ADVANCED_FACE ( 'NONE', ( #3928 ), #795, .F. ) ;
#6109 = DIRECTION ( 'NONE',  ( 0.0000000000000000000, -1.000000000000000000, 0.0000000000000000000 ) ) ;
#6110 = ORIENTED_EDGE ( 'NONE', *, *, #935, .T. ) ;
#6111 = FACE_OUTER_BOUND ( 'NONE', #1489, .T. ) ;
#6112 = ADVANCED_FACE ( 'NONE', ( #3406 ), #6540, .F. ) ;
#6113 =( NAMED_UNIT ( * ) PLANE_ANGLE_UNIT ( ) SI_UNIT ( $, .RADIAN. ) );
#6114 = ORIENTED_EDGE ( 'NONE', *, *, #3852, .F. ) ;
#6115 = SURFACE_SIDE_STYLE ('',( #4000 ) ) ;
#6116 = ADVANCED_FACE ( 'NONE', ( #1903 ), #1938, .F. ) ;
#6117 = CARTESIAN_POINT ( 'NONE',  ( 1.600000000000000089, -1.099999999999999867, -0.5699999999999999512 ) ) ;
#6118 = VERTEX_POINT ( 'NONE', #2647 ) ;
#6119 = DIRECTION ( 'NONE',  ( -0.0000000000000000000, -0.0000000000000000000, -1.000000000000000000 ) ) ;
#6120 = ORIENTED_EDGE ( 'NONE', *, *, #559, .T. ) ;
#6121 = ORIENTED_EDGE ( 'NONE', *, *, #346, .F. ) ;
#6122 = SURFACE_STYLE_FILL_AREA ( #6016 ) ;
#6123 = VECTOR ( 'NONE', #5067, 1000.000000000000000 ) ;
#6124 = SURFACE_STYLE_FILL_AREA ( #1913 ) ;
#6125 = CARTESIAN_POINT ( 'NONE',  ( -1.600000000000000089, -1.099999999999999645, -0.5699999999999999512 ) ) ;
#6126 = EDGE_CURVE ( 'NONE', #1244, #2987, #4033, .T. ) ;
#6127 = LINE ( 'NONE', #739, #3926 ) ;
#6128 = CARTESIAN_POINT ( 'NONE',  ( -1.700000000000000400, 1.200000000000000622, -0.7699999999999999067 ) ) ;
#6129 = DIRECTION ( 'NONE',  ( -0.0000000000000000000, 0.0000000000000000000, 1.000000000000000000 ) ) ;
#6130 = CARTESIAN_POINT ( 'NONE',  ( -2.500000000000000888, -1.199999999999999734, -0.4700000000000001399 ) ) ;
#6131 =( NAMED_UNIT ( * ) SI_UNIT ( $, .STERADIAN. ) SOLID_ANGLE_UNIT ( ) );
#6132 = CARTESIAN_POINT ( 'NONE',  ( -2.463314554501873754, 1.100000000000000089, -0.6999999999999999556 ) ) ;
#6133 = CLOSED_SHELL ( 'NONE', ( #1777, #811, #966, #4767, #307, #1561 ) ) ;
#6134 = FILL_AREA_STYLE_COLOUR ( '', #1846 ) ;
#6135 = VECTOR ( 'NONE', #288, 1000.000000000000000 ) ;
#6136 = FACE_OUTER_BOUND ( 'NONE', #6323, .T. ) ;
#6137 = LINE ( 'NONE', #817, #1191 ) ;
#6138 = DIRECTION ( 'NONE',  ( -0.0000000000000000000, -0.0000000000000000000, -1.000000000000000000 ) ) ;
#6139 = VECTOR ( 'NONE', #1229, 1000.000000000000000 ) ;
#6140 = AXIS2_PLACEMENT_3D ( 'NONE', #652, #1203, #3844 ) ;
#6141 = ORIENTED_EDGE ( 'NONE', *, *, #5338, .F. ) ;
#6142 = ORIENTED_EDGE ( 'NONE', *, *, #338, .F. ) ;
#6143 = CARTESIAN_POINT ( 'NONE',  ( -2.400000000000001243, 1.200000000000000622, -0.5700000000000000622 ) ) ;
#6144 = DIRECTION ( 'NONE',  ( 0.05233595624294388321, -0.0000000000000000000, -0.9986295347545739443 ) ) ;
#6145 = AXIS2_PLACEMENT_3D ( 'NONE', #6439, #3799, #5919 ) ;
#6146 = AXIS2_PLACEMENT_3D ( 'NONE', #2777, #1121, #5329 ) ;
#6147 = CARTESIAN_POINT ( 'NONE',  ( -2.700000000000001510, -2.099999999999999645, -0.4700000000000008060 ) ) ;
#6148 = ORIENTED_EDGE ( 'NONE', *, *, #3101, .T. ) ;
#6149 = DIRECTION ( 'NONE',  ( -1.971276677246371272E-16, -1.000000000000000000, 0.0000000000000000000 ) ) ;
#6150 = LINE ( 'NONE', #5585, #3839 ) ;
#6151 = MECHANICAL_DESIGN_GEOMETRIC_PRESENTATION_REPRESENTATION (  '', ( #4825 ), #5261 ) ;
#6152 = VERTEX_POINT ( 'NONE', #3181 ) ;
#6153 = VECTOR ( 'NONE', #4691, 1000.000000000000000 ) ;
#6154 = ADVANCED_FACE ( 'NONE', ( #829 ), #941, .F. ) ;
#6155 = UNCERTAINTY_MEASURE_WITH_UNIT (LENGTH_MEASURE( 1.000000000000000082E-05 ), #4607, 'distance_accuracy_value', 'NONE');
#6156 = FACE_OUTER_BOUND ( 'NONE', #1455, .T. ) ;
#6157 = LINE ( 'NONE', #3514, #4202 ) ;
#6158 = PLANE ( 'NONE',  #3433 ) ;
#6159 = ORIENTED_EDGE ( 'NONE', *, *, #1313, .F. ) ;
#6160 = AXIS2_PLACEMENT_3D ( 'NONE', #539, #4201, #6277 ) ;
#6161 = ORIENTED_EDGE ( 'NONE', *, *, #3046, .T. ) ;
#6162 = VERTEX_POINT ( 'NONE', #2130 ) ;
#6163 = ADVANCED_FACE ( 'NONE', ( #6156 ), #3548, .T. ) ;
#6164 = DIRECTION ( 'NONE',  ( 1.000000000000000000, 0.0000000000000000000, 0.0000000000000000000 ) ) ;
#6165 = FILL_AREA_STYLE_COLOUR ( '', #3941 ) ;
#6166 = DIRECTION ( 'NONE',  ( 1.000000000000000000, 0.0000000000000000000, 0.0000000000000000000 ) ) ;
#6167 = CARTESIAN_POINT ( 'NONE',  ( 0.4838201673205150821, 0.4046747618464905383, 0.4500000000000000666 ) ) ;
#6168 = CARTESIAN_POINT ( 'NONE',  ( 0.2838201673205150710, -0.4871897488101240015, 0.3500000000000000333 ) ) ;
#6169 = CARTESIAN_POINT ( 'NONE',  ( 0.0000000000000000000, 0.0000000000000000000, -0.5699999999999999512 ) ) ;
#6170 = VECTOR ( 'NONE', #246, 1000.000000000000114 ) ;
#6171 = EDGE_CURVE ( 'NONE', #3580, #5758, #2784, .T. ) ;
#6172 =( NAMED_UNIT ( * ) SI_UNIT ( $, .STERADIAN. ) SOLID_ANGLE_UNIT ( ) );
#6173 = DIRECTION ( 'NONE',  ( -0.0000000000000000000, -1.000000000000000000, -0.0000000000000000000 ) ) ;
#6174 = CARTESIAN_POINT ( 'NONE',  ( 0.5500000000000001554, 2.254834989607331863, -0.5699999999999999512 ) ) ;
#6175 = CIRCLE ( 'NONE', #6734, 0.1499999999999999667 ) ;
#6176 = LINE ( 'NONE', #5538, #41 ) ;
#6177 =( NAMED_UNIT ( * ) SI_UNIT ( $, .STERADIAN. ) SOLID_ANGLE_UNIT ( ) );
#6178 = LINE ( 'NONE', #1408, #3555 ) ;
#6179 = EDGE_LOOP ( 'NONE', ( #411, #3331, #5555, #5135 ) ) ;
#6180 = FACE_OUTER_BOUND ( 'NONE', #2457, .T. ) ;
#6181 = CARTESIAN_POINT ( 'NONE',  ( 0.2103187164337324833, 0.4570589046025521629, 0.3000000000000000444 ) ) ;
#6182 = SURFACE_SIDE_STYLE ('',( #4624 ) ) ;
#6183 = ORIENTED_EDGE ( 'NONE', *, *, #1478, .T. ) ;
#6184 = CARTESIAN_POINT ( 'NONE',  ( 0.2838201673205150155, 0.4046747618464905383, 0.3500000000000000333 ) ) ;
#6185 = ORIENTED_EDGE ( 'NONE', *, *, #464, .T. ) ;
#6186 = DIRECTION ( 'NONE',  ( 1.000000000000000000, 0.0000000000000000000, -0.0000000000000000000 ) ) ;
#6187 = CARTESIAN_POINT ( 'NONE',  ( -2.500000000000002220, 2.100000000000000089, 0.0000000000000000000 ) ) ;
#6188 = VECTOR ( 'NONE', #3977, 1000.000000000000000 ) ;
#6189 = COLOUR_RGB ( '',0.8313725490196077761, 0.8392156862745098200, 0.8313725490196077761 ) ;
#6190 = ORIENTED_EDGE ( 'NONE', *, *, #2024, .T. ) ;
#6191 = EDGE_CURVE ( 'NONE', #1790, #800, #6701, .T. ) ;
#6192 = SURFACE_SIDE_STYLE ('',( #4215 ) ) ;
#6193 = VERTEX_POINT ( 'NONE', #4859 ) ;
#6194 = ORIENTED_EDGE ( 'NONE', *, *, #1553, .T. ) ;
#6195 = CARTESIAN_POINT ( 'NONE',  ( 0.4838201673205150821, 0.9163225641662154919, 0.4500000000000000666 ) ) ;
#6196 = DIRECTION ( 'NONE',  ( 9.105833465946933014E-17, 1.000000000000000000, -0.0000000000000000000 ) ) ;
#6197 = FILL_AREA_STYLE ('',( #4645 ) ) ;
#6198 = APPLICATION_CONTEXT ( 'automotive_design' ) ;
#6199 = PLANE ( 'NONE',  #894 ) ;
#6200 = ADVANCED_FACE ( 'NONE', ( #5369 ), #2258, .F. ) ;
#6201 = ADVANCED_FACE ( 'NONE', ( #5406 ), #5861, .F. ) ;
#6202 = PRESENTATION_STYLE_ASSIGNMENT (( #504 ) ) ;
#6203 = DIRECTION ( 'NONE',  ( -1.000000000000000000, 0.0000000000000000000, 0.0000000000000000000 ) ) ;
#6204 = DIRECTION ( 'NONE',  ( -0.0000000000000000000, -0.0000000000000000000, -1.000000000000000000 ) ) ;
#6205 =( NAMED_UNIT ( * ) PLANE_ANGLE_UNIT ( ) SI_UNIT ( $, .RADIAN. ) );
#6206 = ADVANCED_FACE ( 'NONE', ( #6523 ), #131, .F. ) ;
#6207 = DIRECTION ( 'NONE',  ( -0.0000000000000000000, 0.0000000000000000000, 1.000000000000000000 ) ) ;
#6208 = ORIENTED_EDGE ( 'NONE', *, *, #467, .T. ) ;
#6209 = SURFACE_STYLE_FILL_AREA ( #4656 ) ;
#6210 = COLOUR_RGB ( '',1.000000000000000000, 1.000000000000000000, 1.000000000000000000 ) ;
#6211 = CARTESIAN_POINT ( 'NONE',  ( 2.400000000000001243, -1.199999999999999734, -0.4699999999999998068 ) ) ;
#6212 = LINE ( 'NONE', #5270, #4135 ) ;
#6213 = CARTESIAN_POINT ( 'NONE',  ( -2.500000000000001332, 2.100000000000000089, -0.4700000000000001399 ) ) ;
#6214 = FACE_OUTER_BOUND ( 'NONE', #4259, .T. ) ;
#6215 = ADVANCED_FACE ( 'NONE', ( #4369 ), #1752, .F. ) ;
#6216 = ORIENTED_EDGE ( 'NONE', *, *, #5112, .T. ) ;
#6217 = COLOUR_RGB ( '',1.000000000000000000, 1.000000000000000000, 1.000000000000000000 ) ;
#6218 = ORIENTED_EDGE ( 'NONE', *, *, #215, .T. ) ;
#6219 = UNCERTAINTY_MEASURE_WITH_UNIT (LENGTH_MEASURE( 1.000000000000000082E-05 ), #2026, 'distance_accuracy_value', 'NONE');
#6220 = STYLED_ITEM ( 'NONE', ( #2659 ), #4273 ) ;
#6221 = CARTESIAN_POINT ( 'NONE',  ( 1.262305442492821728, 0.6070589046025534063, 0.3500000000000000333 ) ) ;
#6222 =( NAMED_UNIT ( * ) SI_UNIT ( $, .STERADIAN. ) SOLID_ANGLE_UNIT ( ) );
#6223 = EDGE_LOOP ( 'NONE', ( #3080, #221, #6006, #4101 ) ) ;
#6224 = DIRECTION ( 'NONE',  ( 0.0000000000000000000, -1.000000000000000000, -0.0000000000000000000 ) ) ;
#6225 = ORIENTED_EDGE ( 'NONE', *, *, #3831, .T. ) ;
#6226 = VECTOR ( 'NONE', #2787, 1000.000000000000000 ) ;
#6227 = ORIENTED_EDGE ( 'NONE', *, *, #4809, .F. ) ;
#6228 = FACE_OUTER_BOUND ( 'NONE', #3376, .T. ) ;
#6229 = FILL_AREA_STYLE_COLOUR ( '', #1714 ) ;
#6230 = LINE ( 'NONE', #3596, #1132 ) ;
#6231 = PRESENTATION_LAYER_ASSIGNMENT (  '', '', ( #126 ) ) ;
#6232 = FACE_OUTER_BOUND ( 'NONE', #5251, .T. ) ;
#6233 = DIRECTION ( 'NONE',  ( 0.0000000000000000000, 0.0000000000000000000, 1.000000000000000000 ) ) ;
#6234 = ORIENTED_EDGE ( 'NONE', *, *, #1743, .F. ) ;
#6235 = PRESENTATION_LAYER_ASSIGNMENT (  '', '', ( #2331 ) ) ;
#6236 = EDGE_CURVE ( 'NONE', #3052, #2911, #5336, .T. ) ;
#6237 = DIRECTION ( 'NONE',  ( -0.0000000000000000000, -0.0000000000000000000, -1.000000000000000000 ) ) ;
#6238 = CARTESIAN_POINT ( 'NONE',  ( -1.600000000000000311, -2.199999999999999734, -0.5699999999999999512 ) ) ;
#6239 = DIRECTION ( 'NONE',  ( -0.0000000000000000000, 0.0000000000000000000, -1.000000000000000000 ) ) ;
#6240 = COLOUR_RGB ( '',1.000000000000000000, 1.000000000000000000, 1.000000000000000000 ) ;
#6241 = DIRECTION ( 'NONE',  ( 1.000000000000000000, 0.0000000000000000000, 0.0000000000000000000 ) ) ;
#6242 = EDGE_LOOP ( 'NONE', ( #5341, #3545, #1824, #109 ) ) ;
#6243 = SURFACE_STYLE_USAGE ( .BOTH. , #477 ) ;
#6244 = ADVANCED_FACE ( 'NONE', ( #2294 ), #574, .F. ) ;
#6245 = CARTESIAN_POINT ( 'NONE',  ( 1.930905544980987543, 2.110000814877110997, 0.3500000000000000333 ) ) ;
#6246 = CARTESIAN_POINT ( 'NONE',  ( 0.2838201673205150155, 0.4046747618464905383, 0.4500000000000000666 ) ) ;
#6247 = LINE ( 'NONE', #3709, #6649 ) ;
#6248 = EDGE_LOOP ( 'NONE', ( #1098, #5549, #3461, #2283, #6114, #1613, #3992, #1837, #2523, #6208, #3539, #6472, #3160, #4407, #1424, #3515, #5442, #277, #1981, #1237 ) ) ;
#6249 = VECTOR ( 'NONE', #512, 1000.000000000000000 ) ;
#6250 =( LENGTH_UNIT ( ) NAMED_UNIT ( * ) SI_UNIT ( .MILLI., .METRE. ) );
#6251 = ORIENTED_EDGE ( 'NONE', *, *, #5319, .T. ) ;
#6252 = ADVANCED_FACE ( 'NONE', ( #2443 ), #5069, .F. ) ;
#6253 = CIRCLE ( 'NONE', #6587, 0.1000000000000000194 ) ;
#6254 = MECHANICAL_DESIGN_GEOMETRIC_PRESENTATION_REPRESENTATION (  '', ( #2797 ), #1147 ) ;
#6255 = DIRECTION ( 'NONE',  ( 0.05233595624294388321, -0.0000000000000000000, -0.9986295347545739443 ) ) ;
#6256 = VERTEX_POINT ( 'NONE', #2367 ) ;
#6257 = CARTESIAN_POINT ( 'NONE',  ( -2.471716000805965763, 2.100000000000000089, -0.5396908546970038412 ) ) ;
#6258 = MECHANICAL_DESIGN_GEOMETRIC_PRESENTATION_REPRESENTATION (  '', ( #1256 ), #274 ) ;
#6259 = MECHANICAL_DESIGN_GEOMETRIC_PRESENTATION_REPRESENTATION (  '', ( #2244 ), #3488 ) ;
#6260 = ORIENTED_EDGE ( 'NONE', *, *, #4293, .F. ) ;
#6261 = CARTESIAN_POINT ( 'NONE',  ( 1.930905544980987543, -2.056952929731181268, 0.3000000000000000444 ) ) ;
#6262 = CARTESIAN_POINT ( 'NONE',  ( -1.043697599916538765, 0.4413501301401799304, 0.4500000000000000666 ) ) ;
#6263 = AXIS2_PLACEMENT_3D ( 'NONE', #4639, #1983, #4115 ) ;
#6264 = CARTESIAN_POINT ( 'NONE',  ( 2.400000000000001243, 1.200000000000000622, -0.5700000000000000622 ) ) ;
#6265 = DIRECTION ( 'NONE',  ( -0.9961946980917455452, 0.0000000000000000000, 0.08715574274765820750 ) ) ;
#6266 = SURFACE_STYLE_FILL_AREA ( #6856 ) ;
#6267 = VERTEX_POINT ( 'NONE', #308 ) ;
#6268 = DIRECTION ( 'NONE',  ( 0.0000000000000000000, 0.0000000000000000000, 1.000000000000000000 ) ) ;
#6269 = DIRECTION ( 'NONE',  ( -0.0000000000000000000, -0.0000000000000000000, -1.000000000000000000 ) ) ;
#6270 = CARTESIAN_POINT ( 'NONE',  ( -2.000000000000002220, 2.449293598294709373E-16, 0.8000000000000000444 ) ) ;
#6271 = ADVANCED_BREP_SHAPE_REPRESENTATION ( 'User Library-ws2812B-1', ( #85, #2426, #2449, #2438, #4732, #2483, #4756, #4741, #168, #2945 ), #3405 ) ;
#6272 = FACE_OUTER_BOUND ( 'NONE', #5087, .T. ) ;
#6273 = ADVANCED_FACE ( 'NONE', ( #6136 ), #4542, .F. ) ;
#6274 = ORIENTED_EDGE ( 'NONE', *, *, #5552, .T. ) ;
#6275 = MECHANICAL_DESIGN_GEOMETRIC_PRESENTATION_REPRESENTATION (  '', ( #181 ), #6831 ) ;
#6276 = CARTESIAN_POINT ( 'NONE',  ( 0.4838201673205150821, -0.2871897488101240459, 0.4500000000000000666 ) ) ;
#6277 = DIRECTION ( 'NONE',  ( -2.710505431213761578E-16, 1.000000000000000000, 0.0000000000000000000 ) ) ;
#6278 = CARTESIAN_POINT ( 'NONE',  ( 2.400000000000001243, 2.100000000000000089, -0.4699999999999998068 ) ) ;
#6279 = SURFACE_SIDE_STYLE ('',( #1444 ) ) ;
#6280 = ORIENTED_EDGE ( 'NONE', *, *, #6317, .T. ) ;
#6281 = AXIS2_PLACEMENT_3D ( 'NONE', #3738, #5399, #1159 ) ;
#6282 = EDGE_CURVE ( 'NONE', #296, #4836, #6029, .T. ) ;
#6283 = FACE_OUTER_BOUND ( 'NONE', #696, .T. ) ;
#6284 = ORIENTED_EDGE ( 'NONE', *, *, #2926, .T. ) ;
#6285 = EDGE_CURVE ( 'NONE', #5929, #1790, #1267, .T. ) ;
#6286 = VECTOR ( 'NONE', #4321, 1000.000000000000000 ) ;
#6287 = UNCERTAINTY_MEASURE_WITH_UNIT (LENGTH_MEASURE( 1.000000000000000082E-05 ), #3558, 'distance_accuracy_value', 'NONE');
#6288 = FILL_AREA_STYLE_COLOUR ( '', #3862 ) ;
#6289 = EDGE_LOOP ( 'NONE', ( #2636, #1559, #4790, #243 ) ) ;
#6290 = EDGE_CURVE ( 'NONE', #1473, #5701, #5648, .T. ) ;
#6291 = DIRECTION ( 'NONE',  ( -1.000000000000000000, 4.818676322157797375E-16, -3.047392128993071134E-15 ) ) ;
#6292 = PRESENTATION_LAYER_ASSIGNMENT (  '', '', ( #4538 ) ) ;
#6293 = PRESENTATION_LAYER_ASSIGNMENT (  '', '', ( #2394 ) ) ;
#6294 = AXIS2_PLACEMENT_3D ( 'NONE', #2602, #1429, #498 ) ;
#6295 = EDGE_LOOP ( 'NONE', ( #1612, #1517, #5766, #4866, #5320, #545, #6227, #1040, #2694, #3741, #1670, #6780, #5617, #2977, #5015, #657, #5415, #1557, #1976, #5912 ) ) ;
#6296 = DIRECTION ( 'NONE',  ( 0.0000000000000000000, 0.0000000000000000000, 1.000000000000000000 ) ) ;
#6297 = PRESENTATION_LAYER_ASSIGNMENT (  '', '', ( #6066 ) ) ;
#6298 = AXIS2_PLACEMENT_3D ( 'NONE', #2574, #919, #884 ) ;
#6299 =( NAMED_UNIT ( * ) PLANE_ANGLE_UNIT ( ) SI_UNIT ( $, .RADIAN. ) );
#6300 = LINE ( 'NONE', #3027, #6092 ) ;
#6301 = LINE ( 'NONE', #3560, #4785 ) ;
#6302 = DIRECTION ( 'NONE',  ( 0.0000000000000000000, -1.000000000000000000, 0.0000000000000000000 ) ) ;
#6303 = ORIENTED_EDGE ( 'NONE', *, *, #5827, .F. ) ;
#6304 = VECTOR ( 'NONE', #1052, 1000.000000000000000 ) ;
#6305 = FACE_OUTER_BOUND ( 'NONE', #3467, .T. ) ;
#6306 = PLANE ( 'NONE',  #2802 ) ;
#6307 =( GEOMETRIC_REPRESENTATION_CONTEXT ( 3 ) GLOBAL_UNCERTAINTY_ASSIGNED_CONTEXT ( ( #4632 ) ) GLOBAL_UNIT_ASSIGNED_CONTEXT ( ( #350, #3956, #386 ) ) REPRESENTATION_CONTEXT ( 'NONE', 'WORKASPACE' ) );
#6308 = DIRECTION ( 'NONE',  ( 1.000000000000000000, 0.0000000000000000000, 0.0000000000000000000 ) ) ;
#6309 = ORIENTED_EDGE ( 'NONE', *, *, #1350, .T. ) ;
#6310 = LINE ( 'NONE', #5307, #392 ) ;
#6311 = EDGE_CURVE ( 'NONE', #5834, #6086, #1923, .T. ) ;
#6312 = CARTESIAN_POINT ( 'NONE',  ( -1.043697599916538765, -0.1584055984559433750, 0.3500000000000000333 ) ) ;
#6313 = ORIENTED_EDGE ( 'NONE', *, *, #1129, .F. ) ;
#6314 = CARTESIAN_POINT ( 'NONE',  ( 1.262305442492822838, 0.4570589046025533841, 0.3500000000000000333 ) ) ;
#6315 = STYLED_ITEM ( 'NONE', ( #869 ), #3947 ) ;
#6316 = ORIENTED_EDGE ( 'NONE', *, *, #5818, .F. ) ;
#6317 = EDGE_CURVE ( 'NONE', #2895, #2987, #234, .T. ) ;
#6318 = PLANE ( 'NONE',  #3960 ) ;
#6319 = CIRCLE ( 'NONE', #342, 0.3000000000000000444 ) ;
#6320 = DIRECTION ( 'NONE',  ( 1.000000000000000000, -0.0000000000000000000, -0.0000000000000000000 ) ) ;
#6321 = VERTEX_POINT ( 'NONE', #3421 ) ;
#6322 = SURFACE_STYLE_USAGE ( .BOTH. , #38 ) ;
#6323 = EDGE_LOOP ( 'NONE', ( #360, #2695, #3797, #3392, #1576, #4871 ) ) ;
#6324 = EDGE_CURVE ( 'NONE', #1066, #4521, #6176, .T. ) ;
#6325 = CYLINDRICAL_SURFACE ( 'NONE', #5357, 0.5500000000000000444 ) ;
#6326 = DIRECTION ( 'NONE',  ( -1.000000000000000000, 0.0000000000000000000, 0.0000000000000000000 ) ) ;
#6327 = LINE ( 'NONE', #1627, #4323 ) ;
#6328 = FILL_AREA_STYLE ('',( #4222 ) ) ;
#6329 = VECTOR ( 'NONE', #4403, 1000.000000000000000 ) ;
#6330 = FACE_OUTER_BOUND ( 'NONE', #3824, .T. ) ;
#6331 = ORIENTED_EDGE ( 'NONE', *, *, #5654, .T. ) ;
#6332 = MECHANICAL_DESIGN_GEOMETRIC_PRESENTATION_REPRESENTATION (  '', ( #1116 ), #677 ) ;
#6333 = ADVANCED_FACE ( 'NONE', ( #6058 ), #1406, .F. ) ;
#6334 = FILL_AREA_STYLE_COLOUR ( '', #5709 ) ;
#6335 = SURFACE_STYLE_FILL_AREA ( #3668 ) ;
#6336 = DIRECTION ( 'NONE',  ( -1.000000000000000000, -1.776016655323403858E-16, 0.0000000000000000000 ) ) ;
#6337 = PRESENTATION_STYLE_ASSIGNMENT (( #3001 ) ) ;
#6338 = PRESENTATION_STYLE_ASSIGNMENT (( #4129 ) ) ;
#6339 = AXIS2_PLACEMENT_3D ( 'NONE', #2825, #143, #6497 ) ;
#6340 = ORIENTED_EDGE ( 'NONE', *, *, #3134, .T. ) ;
#6341 =( NAMED_UNIT ( * ) PLANE_ANGLE_UNIT ( ) SI_UNIT ( $, .RADIAN. ) );
#6342 = FACE_OUTER_BOUND ( 'NONE', #1719, .T. ) ;
#6343 = LINE ( 'NONE', #3612, #570 ) ;
#6344 = CIRCLE ( 'NONE', #3013, 0.1000000000000002554 ) ;
#6345 = LINE ( 'NONE', #3045, #4314 ) ;
#6346 = CARTESIAN_POINT ( 'NONE',  ( -1.971607025033961236, 0.8251250982098667919, 0.3500000000000000333 ) ) ;
#6347 = ORIENTED_EDGE ( 'NONE', *, *, #5292, .T. ) ;
#6348 = MECHANICAL_DESIGN_GEOMETRIC_PRESENTATION_REPRESENTATION (  '', ( #5458 ), #6464 ) ;
#6349 = SURFACE_SIDE_STYLE ('',( #2071 ) ) ;
#6350 = UNCERTAINTY_MEASURE_WITH_UNIT (LENGTH_MEASURE( 1.000000000000000082E-05 ), #1677, 'distance_accuracy_value', 'NONE');
#6351 = CLOSED_SHELL ( 'NONE', ( #3784, #2630, #2453, #4307, #2792, #1493, #5779, #6592, #1253, #388, #3813 ) ) ;
#6352 = AXIS2_PLACEMENT_3D ( 'NONE', #6647, #1216, #6041 ) ;
#6353 = SURFACE_STYLE_FILL_AREA ( #2105 ) ;
#6354 = ORIENTED_EDGE ( 'NONE', *, *, #5266, .T. ) ;
#6355 = CARTESIAN_POINT ( 'NONE',  ( -2.400000000000002132, -2.099999999999999645, -0.2999999999999993783 ) ) ;
#6356 = EDGE_CURVE ( 'NONE', #5908, #4239, #4091, .T. ) ;
#6357 = STYLED_ITEM ( 'NONE', ( #3456 ), #300 ) ;
#6358 = ORIENTED_EDGE ( 'NONE', *, *, #2917, .F. ) ;
#6359 =( GEOMETRIC_REPRESENTATION_CONTEXT ( 3 ) GLOBAL_UNCERTAINTY_ASSIGNED_CONTEXT ( ( #3297 ) ) GLOBAL_UNIT_ASSIGNED_CONTEXT ( ( #6097, #3945, #2405 ) ) REPRESENTATION_CONTEXT ( 'NONE', 'WORKASPACE' ) );
#6360 = SURFACE_STYLE_USAGE ( .BOTH. , #1562 ) ;
#6361 =( LENGTH_UNIT ( ) NAMED_UNIT ( * ) SI_UNIT ( .MILLI., .METRE. ) );
#6362 = SURFACE_STYLE_USAGE ( .BOTH. , #5839 ) ;
#6363 = MECHANICAL_DESIGN_GEOMETRIC_PRESENTATION_REPRESENTATION (  '', ( #5476 ), #158 ) ;
#6364 = AXIS2_PLACEMENT_3D ( 'NONE', #1807, #5605, #5023 ) ;
#6365 = CARTESIAN_POINT ( 'NONE',  ( -2.500000000000003109, 1.204669080539450774E-15, -7.608436298143901117E-15 ) ) ;
#6366 = ORIENTED_EDGE ( 'NONE', *, *, #900, .F. ) ;
#6367 = EDGE_CURVE ( 'NONE', #617, #1114, #3569, .T. ) ;
#6368 =( NAMED_UNIT ( * ) PLANE_ANGLE_UNIT ( ) SI_UNIT ( $, .RADIAN. ) );
#6369 = VECTOR ( 'NONE', #3150, 1000.000000000000000 ) ;
#6370 = FILL_AREA_STYLE_COLOUR ( '', #2487 ) ;
#6371 = DIRECTION ( 'NONE',  ( 0.0000000000000000000, 1.000000000000000000, -0.0000000000000000000 ) ) ;
#6372 = CARTESIAN_POINT ( 'NONE',  ( -0.5500000000000001554, 2.254834989607331863, -0.5699999999999999512 ) ) ;
#6373 = DIRECTION ( 'NONE',  ( 9.105833465946933014E-17, 1.000000000000000000, -0.0000000000000000000 ) ) ;
#6374 = CARTESIAN_POINT ( 'NONE',  ( -0.1831650461902200044, -0.1370056143358111267, 0.3500000000000000333 ) ) ;
#6375 = EDGE_CURVE ( 'NONE', #3114, #648, #1472, .T. ) ;
#6376 = ORIENTED_EDGE ( 'NONE', *, *, #3225, .F. ) ;
#6377 = FACE_OUTER_BOUND ( 'NONE', #4868, .T. ) ;
#6378 = LINE ( 'NONE', #1090, #6570 ) ;
#6379 = COLOUR_RGB ( '',1.000000000000000000, 1.000000000000000000, 1.000000000000000000 ) ;
#6380 = SURFACE_STYLE_FILL_AREA ( #1387 ) ;
#6381 =( NAMED_UNIT ( * ) PLANE_ANGLE_UNIT ( ) SI_UNIT ( $, .RADIAN. ) );
#6382 = SURFACE_STYLE_USAGE ( .BOTH. , #4727 ) ;
#6383 = DIRECTION ( 'NONE',  ( -0.0000000000000000000, -1.000000000000000000, -0.0000000000000000000 ) ) ;
#6384 = ORIENTED_EDGE ( 'NONE', *, *, #4630, .F. ) ;
#6385 = VECTOR ( 'NONE', #2591, 1000.000000000000000 ) ;
#6386 = ORIENTED_EDGE ( 'NONE', *, *, #3189, .T. ) ;
#6387 = ORIENTED_EDGE ( 'NONE', *, *, #6539, .T. ) ;
#6388 = FILL_AREA_STYLE ('',( #3097 ) ) ;
#6389 = SURFACE_STYLE_USAGE ( .BOTH. , #177 ) ;
#6390 = CARTESIAN_POINT ( 'NONE',  ( 2.500000000000002220, -2.500000000000002220, 0.0000000000000000000 ) ) ;
#6391 = SURFACE_STYLE_USAGE ( .BOTH. , #3191 ) ;
#6392 = ORIENTED_EDGE ( 'NONE', *, *, #3744, .T. ) ;
#6393 = CYLINDRICAL_SURFACE ( 'NONE', #1187, 0.1000000000000000194 ) ;
#6394 = COLOUR_RGB ( '',0.8313725490196077761, 0.8392156862745098200, 0.8313725490196077761 ) ;
#6395 = ORIENTED_EDGE ( 'NONE', *, *, #2241, .F. ) ;
#6396 = EDGE_CURVE ( 'NONE', #579, #1560, #5678, .T. ) ;
#6397 = SURFACE_STYLE_FILL_AREA ( #4255 ) ;
#6398 =( NAMED_UNIT ( * ) PLANE_ANGLE_UNIT ( ) SI_UNIT ( $, .RADIAN. ) );
#6399 = AXIS2_PLACEMENT_3D ( 'NONE', #6355, #3226, #3789 ) ;
#6400 = ORIENTED_EDGE ( 'NONE', *, *, #42, .F. ) ;
#6401 = PRESENTATION_STYLE_ASSIGNMENT (( #2668 ) ) ;
#6402 = DIRECTION ( 'NONE',  ( 0.0000000000000000000, 0.0000000000000000000, 1.000000000000000000 ) ) ;
#6403 = AXIS2_PLACEMENT_3D ( 'NONE', #5195, #986, #6326 ) ;
#6404 = COLOUR_RGB ( '',1.000000000000000000, 1.000000000000000000, 1.000000000000000000 ) ;
#6405 = PRESENTATION_LAYER_ASSIGNMENT (  '', '', ( #3303 ) ) ;
#6406 = DIRECTION ( 'NONE',  ( -0.0000000000000000000, 0.0000000000000000000, -1.000000000000000000 ) ) ;
#6407 = UNCERTAINTY_MEASURE_WITH_UNIT (LENGTH_MEASURE( 1.000000000000000082E-05 ), #1245, 'distance_accuracy_value', 'NONE');
#6408 = CARTESIAN_POINT ( 'NONE',  ( 0.5500000000000000444, -1.049999999999999822, -0.6999999999999999556 ) ) ;
#6409 = EDGE_CURVE ( 'NONE', #2411, #214, #921, .T. ) ;
#6410 = FILL_AREA_STYLE ('',( #1666 ) ) ;
#6411 = LINE ( 'NONE', #3205, #2263 ) ;
#6412 =( GEOMETRIC_REPRESENTATION_CONTEXT ( 3 ) GLOBAL_UNCERTAINTY_ASSIGNED_CONTEXT ( ( #2944 ) ) GLOBAL_UNIT_ASSIGNED_CONTEXT ( ( #5956, #57, #5925 ) ) REPRESENTATION_CONTEXT ( 'NONE', 'WORKASPACE' ) );
#6413 =( GEOMETRIC_REPRESENTATION_CONTEXT ( 3 ) GLOBAL_UNCERTAINTY_ASSIGNED_CONTEXT ( ( #1596 ) ) GLOBAL_UNIT_ASSIGNED_CONTEXT ( ( #1388, #902, #3966 ) ) REPRESENTATION_CONTEXT ( 'NONE', 'WORKASPACE' ) );
#6414 = ADVANCED_FACE ( 'NONE', ( #446 ), #6306, .F. ) ;
#6415 = VERTEX_POINT ( 'NONE', #1019 ) ;
#6416 = SURFACE_STYLE_USAGE ( .BOTH. , #97 ) ;
#6417 = DIRECTION ( 'NONE',  ( -4.822120870246893339E-16, 1.000000000000000000, -0.0000000000000000000 ) ) ;
#6418 = VECTOR ( 'NONE', #6770, 1000.000000000000000 ) ;
#6419 = EDGE_CURVE ( 'NONE', #3197, #934, #2610, .T. ) ;
#6420 = DIRECTION ( 'NONE',  ( 0.0000000000000000000, 1.000000000000000000, 0.0000000000000000000 ) ) ;
#6421 = LINE ( 'NONE', #2259, #6748 ) ;
#6422 = PRESENTATION_STYLE_ASSIGNMENT (( #6382 ) ) ;
#6423 = ORIENTED_EDGE ( 'NONE', *, *, #2621, .T. ) ;
#6424 = VERTEX_POINT ( 'NONE', #2157 ) ;
#6425 = FACE_OUTER_BOUND ( 'NONE', #6803, .T. ) ;
#6426 = LINE ( 'NONE', #4832, #4237 ) ;
#6427 = UNCERTAINTY_MEASURE_WITH_UNIT (LENGTH_MEASURE( 1.000000000000000082E-05 ), #4359, 'distance_accuracy_value', 'NONE');
#6428 = EDGE_CURVE ( 'NONE', #2564, #4942, #6034, .T. ) ;
#6429 = LINE ( 'NONE', #2826, #6060 ) ;
#6430 = EDGE_LOOP ( 'NONE', ( #4626, #5970, #1653, #3215 ) ) ;
#6431 =( GEOMETRIC_REPRESENTATION_CONTEXT ( 3 ) GLOBAL_UNCERTAINTY_ASSIGNED_CONTEXT ( ( #867 ) ) GLOBAL_UNIT_ASSIGNED_CONTEXT ( ( #4877, #6398, #2667 ) ) REPRESENTATION_CONTEXT ( 'NONE', 'WORKASPACE' ) );
#6432 = CARTESIAN_POINT ( 'NONE',  ( 2.400000000000002132, -1.199999999999999734, -0.2999999999999993783 ) ) ;
#6433 = VERTEX_POINT ( 'NONE', #1707 ) ;
#6434 = DIRECTION ( 'NONE',  ( -0.0000000000000000000, -1.000000000000000000, -0.0000000000000000000 ) ) ;
#6435 = CARTESIAN_POINT ( 'NONE',  ( -2.500000000000001776, 1.200000000000000622, -0.2999999999999997113 ) ) ;
#6436 = DIRECTION ( 'NONE',  ( 0.0000000000000000000, 0.0000000000000000000, 1.000000000000000000 ) ) ;
#6437 = VERTEX_POINT ( 'NONE', #1196 ) ;
#6438 = COLOUR_RGB ( '',1.000000000000000000, 1.000000000000000000, 1.000000000000000000 ) ;
#6439 = CARTESIAN_POINT ( 'NONE',  ( 2.400000000000002132, -1.199999999999999734, -0.2999999999999993783 ) ) ;
#6440 = LINE ( 'NONE', #1662, #4499 ) ;
#6441 = CARTESIAN_POINT ( 'NONE',  ( 1.599999999999999867, -2.200000000000000178, -0.5699999999999999512 ) ) ;
#6442 = DIRECTION ( 'NONE',  ( -0.0000000000000000000, -0.0000000000000000000, -1.000000000000000000 ) ) ;
#6443 = VECTOR ( 'NONE', #463, 1000.000000000000000 ) ;
#6444 = DIRECTION ( 'NONE',  ( -0.0000000000000000000, 1.000000000000000000, -0.0000000000000000000 ) ) ;
#6445 = SURFACE_STYLE_USAGE ( .BOTH. , #15 ) ;
#6446 = CARTESIAN_POINT ( 'NONE',  ( 1.700000000000000622, -1.199999999999999734, -0.5699999999999999512 ) ) ;
#6447 = ORIENTED_EDGE ( 'NONE', *, *, #2713, .F. ) ;
#6448 = PRESENTATION_LAYER_ASSIGNMENT (  '', '', ( #241 ) ) ;
#6449 = EDGE_CURVE ( 'NONE', #5212, #3657, #1635, .T. ) ;
#6450 = PRESENTATION_STYLE_ASSIGNMENT (( #5306 ) ) ;
#6451 = PLANE ( 'NONE',  #4047 ) ;
#6452 = PRESENTATION_STYLE_ASSIGNMENT (( #4335 ) ) ;
#6453 = VECTOR ( 'NONE', #515, 1000.000000000000000 ) ;
#6454 = CARTESIAN_POINT ( 'NONE',  ( -2.400000000000001243, -1.199999999999999734, -0.4699999999999998068 ) ) ;
#6455 = ORIENTED_EDGE ( 'NONE', *, *, #1980, .T. ) ;
#6456 = VERTEX_POINT ( 'NONE', #3802 ) ;
#6457 = ADVANCED_FACE ( 'NONE', ( #5461 ), #3317, .F. ) ;
#6458 = ORIENTED_EDGE ( 'NONE', *, *, #5064, .T. ) ;
#6459 = VECTOR ( 'NONE', #4684, 1000.000000000000000 ) ;
#6460 = DIRECTION ( 'NONE',  ( 3.043374519257556424E-15, 0.0000000000000000000, -1.000000000000000000 ) ) ;
#6461 = DIRECTION ( 'NONE',  ( 0.0000000000000000000, 1.000000000000000000, -0.0000000000000000000 ) ) ;
#6462 = FACE_OUTER_BOUND ( 'NONE', #3508, .T. ) ;
#6463 = VERTEX_POINT ( 'NONE', #5432 ) ;
#6464 =( GEOMETRIC_REPRESENTATION_CONTEXT ( 3 ) GLOBAL_UNCERTAINTY_ASSIGNED_CONTEXT ( ( #2594 ) ) GLOBAL_UNIT_ASSIGNED_CONTEXT ( ( #5123, #4042, #2468 ) ) REPRESENTATION_CONTEXT ( 'NONE', 'WORKASPACE' ) );
#6465 = LINE ( 'NONE', #4248, #3404 ) ;
#6466 = EDGE_CURVE ( 'NONE', #5259, #4110, #6596, .T. ) ;
#6467 = ORIENTED_EDGE ( 'NONE', *, *, #5720, .F. ) ;
#6468 = LINE ( 'NONE', #1077, #1516 ) ;
#6469 = VERTEX_POINT ( 'NONE', #4886 ) ;
#6470 =( LENGTH_UNIT ( ) NAMED_UNIT ( * ) SI_UNIT ( .MILLI., .METRE. ) );
#6471 = CARTESIAN_POINT ( 'NONE',  ( 2.500000000000001776, -1.199999999999999734, -0.2999999999999997113 ) ) ;
#6472 = ORIENTED_EDGE ( 'NONE', *, *, #4605, .F. ) ;
#6473 =( GEOMETRIC_REPRESENTATION_CONTEXT ( 3 ) GLOBAL_UNCERTAINTY_ASSIGNED_CONTEXT ( ( #230 ) ) GLOBAL_UNIT_ASSIGNED_CONTEXT ( ( #4399, #2125, #2715 ) ) REPRESENTATION_CONTEXT ( 'NONE', 'WORKASPACE' ) );
#6474 = STYLED_ITEM ( 'NONE', ( #731 ), #6112 ) ;
#6475 = CARTESIAN_POINT ( 'NONE',  ( 1.930905544980987543, -2.056952929731181268, 0.3500000000000000333 ) ) ;
#6476 = CARTESIAN_POINT ( 'NONE',  ( 0.2103187164337327886, -2.056952929731181712, 0.3500000000000000333 ) ) ;
#6477 = DIRECTION ( 'NONE',  ( 0.0000000000000000000, 0.0000000000000000000, 1.000000000000000000 ) ) ;
#6478 =( GEOMETRIC_REPRESENTATION_CONTEXT ( 3 ) GLOBAL_UNCERTAINTY_ASSIGNED_CONTEXT ( ( #1686 ) ) GLOBAL_UNIT_ASSIGNED_CONTEXT ( ( #1674, #3907, #2891 ) ) REPRESENTATION_CONTEXT ( 'NONE', 'WORKASPACE' ) );
#6479 = PLANE ( 'NONE',  #4718 ) ;
#6480 = LINE ( 'NONE', #5886, #185 ) ;
#6481 = AXIS2_PLACEMENT_3D ( 'NONE', #3954, #1820, #4512 ) ;
#6482 = STYLED_ITEM ( 'NONE', ( #1158 ), #6457 ) ;
#6483 = VERTEX_POINT ( 'NONE', #4815 ) ;
#6484 = PRESENTATION_STYLE_ASSIGNMENT (( #4920 ) ) ;
#6485 = CYLINDRICAL_SURFACE ( 'NONE', #4383, 1.699999999999999956 ) ;
#6486 = CARTESIAN_POINT ( 'NONE',  ( 0.3603187164337338100, 0.8251250982098667919, 0.3500000000000000333 ) ) ;
#6487 = DIRECTION ( 'NONE',  ( 0.0000000000000000000, -0.0000000000000000000, 1.000000000000000000 ) ) ;
#6488 = LINE ( 'NONE', #1233, #6518 ) ;
#6489 = EDGE_CURVE ( 'NONE', #6152, #1943, #3349, .T. ) ;
#6490 = DIRECTION ( 'NONE',  ( -0.0000000000000000000, 1.000000000000000000, -0.0000000000000000000 ) ) ;
#6491 = LINE ( 'NONE', #5968, #4888 ) ;
#6492 = VERTEX_POINT ( 'NONE', #4394 ) ;
#6493 = ORIENTED_EDGE ( 'NONE', *, *, #3574, .T. ) ;
#6494 = VECTOR ( 'NONE', #1326, 1000.000000000000000 ) ;
#6495 = ORIENTED_EDGE ( 'NONE', *, *, #93, .T. ) ;
#6496 = DIRECTION ( 'NONE',  ( 0.05233595624294388321, -7.330942177076304904E-18, 0.9986295347545739443 ) ) ;
#6497 = DIRECTION ( 'NONE',  ( 0.0000000000000000000, 0.0000000000000000000, 1.000000000000000000 ) ) ;
#6498 = UNCERTAINTY_MEASURE_WITH_UNIT (LENGTH_MEASURE( 1.000000000000000082E-05 ), #1665, 'distance_accuracy_value', 'NONE');
#6499 = ADVANCED_FACE ( 'NONE', ( #5851 ), #6479, .T. ) ;
#6500 = CYLINDRICAL_SURFACE ( 'NONE', #2868, 0.1499999999999999667 ) ;
#6501 = VERTEX_POINT ( 'NONE', #4568 ) ;
#6502 = VECTOR ( 'NONE', #2904, 1000.000000000000000 ) ;
#6503 = FILL_AREA_STYLE_COLOUR ( '', #3531 ) ;
#6504 = EDGE_CURVE ( 'NONE', #4355, #1828, #4043, .T. ) ;
#6505 = ORIENTED_EDGE ( 'NONE', *, *, #1428, .F. ) ;
#6506 = EDGE_CURVE ( 'NONE', #2298, #4700, #159, .T. ) ;
#6507 = LINE ( 'NONE', #1735, #546 ) ;
#6508 = DIRECTION ( 'NONE',  ( 1.000000000000000000, 0.0000000000000000000, -3.252606517456519613E-15 ) ) ;
#6509 = ORIENTED_EDGE ( 'NONE', *, *, #3178, .T. ) ;
#6510 =( GEOMETRIC_REPRESENTATION_CONTEXT ( 3 ) GLOBAL_UNCERTAINTY_ASSIGNED_CONTEXT ( ( #249 ) ) GLOBAL_UNIT_ASSIGNED_CONTEXT ( ( #1737, #4910, #1113 ) ) REPRESENTATION_CONTEXT ( 'NONE', 'WORKASPACE' ) );
#6511 = CARTESIAN_POINT ( 'NONE',  ( 2.400000000000001243, -1.199999999999999734, -0.5699999999999999512 ) ) ;
#6512 = FACE_OUTER_BOUND ( 'NONE', #2598, .T. ) ;
#6513 = CARTESIAN_POINT ( 'NONE',  ( -1.971607025033961236, 0.8251250982098667919, 0.3500000000000000333 ) ) ;
#6514 = AXIS2_PLACEMENT_3D ( 'NONE', #410, #3105, #4084 ) ;
#6515 =( LENGTH_UNIT ( ) NAMED_UNIT ( * ) SI_UNIT ( .MILLI., .METRE. ) );
#6516 = CARTESIAN_POINT ( 'NONE',  ( -2.500000000000001776, -1.199999999999999734, -0.2999999999999997113 ) ) ;
#6517 = CARTESIAN_POINT ( 'NONE',  ( 1.412305442492822971, -0.6860159872360371835, 0.3500000000000000333 ) ) ;
#6518 = VECTOR ( 'NONE', #714, 1000.000000000000000 ) ;
#6519 = VECTOR ( 'NONE', #5731, 1000.000000000000114 ) ;
#6520 = SURFACE_STYLE_FILL_AREA ( #4304 ) ;
#6521 = DIRECTION ( 'NONE',  ( -0.0000000000000000000, -0.0000000000000000000, 1.000000000000000000 ) ) ;
#6522 = DIRECTION ( 'NONE',  ( 0.0000000000000000000, 0.05233595624294388321, -0.9986295347545739443 ) ) ;
#6523 = FACE_OUTER_BOUND ( 'NONE', #1054, .T. ) ;
#6524 = VECTOR ( 'NONE', #877, 1000.000000000000000 ) ;
#6525 = PRESENTATION_LAYER_ASSIGNMENT (  '', '', ( #2623 ) ) ;
#6526 = CARTESIAN_POINT ( 'NONE',  ( 0.2838201673205150710, 0.2046747618464905827, 0.3500000000000000333 ) ) ;
#6527 = ORIENTED_EDGE ( 'NONE', *, *, #6622, .T. ) ;
#6528 = ORIENTED_EDGE ( 'NONE', *, *, #5693, .T. ) ;
#6529 = VECTOR ( 'NONE', #1664, 1000.000000000000000 ) ;
#6530 = VERTEX_POINT ( 'NONE', #6167 ) ;
#6531 = EDGE_CURVE ( 'NONE', #4272, #4984, #6127, .T. ) ;
#6532 = LINE ( 'NONE', #1758, #2806 ) ;
#6533 = DIRECTION ( 'NONE',  ( -1.445602896647339114E-15, 0.0000000000000000000, 1.000000000000000000 ) ) ;
#6534 = CYLINDRICAL_SURFACE ( 'NONE', #1974, 0.3000000000000003775 ) ;
#6535 = FILL_AREA_STYLE_COLOUR ( '', #6438 ) ;
#6536 = EDGE_LOOP ( 'NONE', ( #5855, #4062, #718, #3424 ) ) ;
#6537 = FILL_AREA_STYLE ('',( #6503 ) ) ;
#6538 = ORIENTED_EDGE ( 'NONE', *, *, #1263, .T. ) ;
#6539 = EDGE_CURVE ( 'NONE', #6739, #1678, #2034, .T. ) ;
#6540 = PLANE ( 'NONE',  #5143 ) ;
#6541 = PLANE ( 'NONE',  #5404 ) ;
#6542 = CARTESIAN_POINT ( 'NONE',  ( -1.599999999999999645, 2.200000000000000178, -0.5699999999999999512 ) ) ;
#6543 = ORIENTED_EDGE ( 'NONE', *, *, #1772, .F. ) ;
#6544 = COLOUR_RGB ( '',0.8980392156862745390, 0.9215686274509803377, 0.9294117647058823817 ) ;
#6545 = EDGE_CURVE ( 'NONE', #3197, #1645, #4990, .T. ) ;
#6546 = DIRECTION ( 'NONE',  ( 1.000000000000000000, 1.185975313885231567E-16, -0.0000000000000000000 ) ) ;
#6547 = PLANE ( 'NONE',  #4579 ) ;
#6548 = LINE ( 'NONE', #4466, #2406 ) ;
#6549 = VECTOR ( 'NONE', #6100, 1000.000000000000000 ) ;
#6550 = DIRECTION ( 'NONE',  ( 0.0000000000000000000, 1.000000000000000000, 0.0000000000000000000 ) ) ;
#6551 = EDGE_CURVE ( 'NONE', #50, #4250, #494, .T. ) ;
#6552 = MECHANICAL_DESIGN_GEOMETRIC_PRESENTATION_REPRESENTATION (  '', ( #1770 ), #1224 ) ;
#6553 = DIRECTION ( 'NONE',  ( 0.05233595624294388321, -0.0000000000000000000, -0.9986295347545739443 ) ) ;
#6554 = DIRECTION ( 'NONE',  ( 0.0000000000000000000, 0.0000000000000000000, -1.000000000000000000 ) ) ;
#6555 = DIRECTION ( 'NONE',  ( -1.000000000000000000, 0.0000000000000000000, 0.0000000000000000000 ) ) ;
#6556 =( NAMED_UNIT ( * ) SI_UNIT ( $, .STERADIAN. ) SOLID_ANGLE_UNIT ( ) );
#6557 =( NAMED_UNIT ( * ) SI_UNIT ( $, .STERADIAN. ) SOLID_ANGLE_UNIT ( ) );
#6558 = ORIENTED_EDGE ( 'NONE', *, *, #4469, .T. ) ;
#6559 = VECTOR ( 'NONE', #1953, 1000.000000000000000 ) ;
#6560 = ORIENTED_EDGE ( 'NONE', *, *, #1692, .F. ) ;
#6561 = ORIENTED_EDGE ( 'NONE', *, *, #4118, .F. ) ;
#6562 = UNCERTAINTY_MEASURE_WITH_UNIT (LENGTH_MEASURE( 1.000000000000000082E-05 ), #4455, 'distance_accuracy_value', 'NONE');
#6563 = VECTOR ( 'NONE', #188, 1000.000000000000000 ) ;
#6564 = DIRECTION ( 'NONE',  ( 1.000000000000000000, 0.0000000000000000000, -0.0000000000000000000 ) ) ;
#6565 = ORIENTED_EDGE ( 'NONE', *, *, #946, .T. ) ;
#6566 = VECTOR ( 'NONE', #1894, 1000.000000000000000 ) ;
#6567 = CARTESIAN_POINT ( 'NONE',  ( -2.500000000000002220, -2.099999999999999645, 0.0000000000000000000 ) ) ;
#6568 = ORIENTED_EDGE ( 'NONE', *, *, #5228, .F. ) ;
#6569 = UNCERTAINTY_MEASURE_WITH_UNIT (LENGTH_MEASURE( 1.000000000000000082E-05 ), #1446, 'distance_accuracy_value', 'NONE');
#6570 = VECTOR ( 'NONE', #3875, 1000.000000000000000 ) ;
#6571 = FILL_AREA_STYLE ('',( #1832 ) ) ;
#6572 = VERTEX_POINT ( 'NONE', #6049 ) ;
#6573 = DIRECTION ( 'NONE',  ( -0.0000000000000000000, -1.000000000000000000, -0.0000000000000000000 ) ) ;
#6574 = EDGE_CURVE ( 'NONE', #2683, #1038, #6020, .T. ) ;
#6575 = SURFACE_STYLE_USAGE ( .BOTH. , #2315 ) ;
#6576 = EDGE_LOOP ( 'NONE', ( #2053, #9, #5981, #2597 ) ) ;
#6577 = AXIS2_PLACEMENT_3D ( 'NONE', #5194, #3557, #5668 ) ;
#6578 = PLANE ( 'NONE',  #4713 ) ;
#6579 = DIRECTION ( 'NONE',  ( -1.000000000000000000, 0.0000000000000000000, 0.0000000000000000000 ) ) ;
#6580 = DIRECTION ( 'NONE',  ( 2.409338161078899674E-16, 1.000000000000000000, -0.0000000000000000000 ) ) ;
#6581 = CARTESIAN_POINT ( 'NONE',  ( 0.2838201673205150710, 0.2046747618464905827, 0.4500000000000000666 ) ) ;
#6582 =( GEOMETRIC_REPRESENTATION_CONTEXT ( 3 ) GLOBAL_UNCERTAINTY_ASSIGNED_CONTEXT ( ( #5502 ) ) GLOBAL_UNIT_ASSIGNED_CONTEXT ( ( #4621, #6341, #2551 ) ) REPRESENTATION_CONTEXT ( 'NONE', 'WORKASPACE' ) );
#6583 = AXIS2_PLACEMENT_3D ( 'NONE', #2383, #2274, #5553 ) ;
#6584 = ADVANCED_FACE ( 'NONE', ( #1879 ), #2884, .F. ) ;
#6585 = CARTESIAN_POINT ( 'NONE',  ( 0.0000000000000000000, -2.463314554501873310, -0.6999999999999999556 ) ) ;
#6586 = DIRECTION ( 'NONE',  ( -1.000000000000000000, 0.0000000000000000000, 0.0000000000000000000 ) ) ;
#6587 = AXIS2_PLACEMENT_3D ( 'NONE', #5674, #4716, #6268 ) ;
#6588 = VECTOR ( 'NONE', #1373, 1000.000000000000000 ) ;
#6589 = SURFACE_SIDE_STYLE ('',( #2888 ) ) ;
#6590 = DIRECTION ( 'NONE',  ( 0.0000000000000000000, 0.0000000000000000000, 1.000000000000000000 ) ) ;
#6591 = DIRECTION ( 'NONE',  ( 1.000000000000000000, 0.0000000000000000000, 0.0000000000000000000 ) ) ;
#6592 = ADVANCED_FACE ( 'NONE', ( #2956 ), #1841, .T. ) ;
#6593 = LINE ( 'NONE', #3948, #1215 ) ;
#6594 = VERTEX_POINT ( 'NONE', #4119 ) ;
#6595 = AXIS2_PLACEMENT_3D ( 'NONE', #5638, #2989, #3520 ) ;
#6596 = CIRCLE ( 'NONE', #6146, 1.699999999999999956 ) ;
#6597 = ORIENTED_EDGE ( 'NONE', *, *, #79, .T. ) ;
#6598 = VERTEX_POINT ( 'NONE', #5669 ) ;
#6599 = DIRECTION ( 'NONE',  ( 0.0000000000000000000, 0.0000000000000000000, 1.000000000000000000 ) ) ;
#6600 = LINE ( 'NONE', #1342, #361 ) ;
#6601 = AXIS2_PLACEMENT_3D ( 'NONE', #1456, #949, #6687 ) ;
#6602 = SURFACE_SIDE_STYLE ('',( #6638 ) ) ;
#6603 = CARTESIAN_POINT ( 'NONE',  ( 2.500000000000001332, 1.200000000000000400, -0.4700000000000001399 ) ) ;
#6604 = ORIENTED_EDGE ( 'NONE', *, *, #1679, .T. ) ;
#6605 = CARTESIAN_POINT ( 'NONE',  ( 1.930905544980987321, -0.8360159872360372058, 0.3500000000000000333 ) ) ;
#6606 =( GEOMETRIC_REPRESENTATION_CONTEXT ( 3 ) GLOBAL_UNCERTAINTY_ASSIGNED_CONTEXT ( ( #1349 ) ) GLOBAL_UNIT_ASSIGNED_CONTEXT ( ( #3323, #649, #203 ) ) REPRESENTATION_CONTEXT ( 'NONE', 'WORKASPACE' ) );
#6607 = ORIENTED_EDGE ( 'NONE', *, *, #2412, .T. ) ;
#6608 = PLANE ( 'NONE',  #6583 ) ;
#6609 = SURFACE_SIDE_STYLE ('',( #6648 ) ) ;
#6610 = PRESENTATION_LAYER_ASSIGNMENT (  '', '', ( #3720 ) ) ;
#6611 = FACE_OUTER_BOUND ( 'NONE', #1955, .T. ) ;
#6612 = ORIENTED_EDGE ( 'NONE', *, *, #2118, .F. ) ;
#6613 = COLOUR_RGB ( '',0.8980392156862745390, 0.9215686274509803377, 0.9294117647058823817 ) ;
#6614 = EDGE_LOOP ( 'NONE', ( #1206, #761, #6604, #4737 ) ) ;
#6615 = EDGE_CURVE ( 'NONE', #214, #1033, #4080, .T. ) ;
#6616 =( NAMED_UNIT ( * ) SI_UNIT ( $, .STERADIAN. ) SOLID_ANGLE_UNIT ( ) );
#6617 = FILL_AREA_STYLE ('',( #2358 ) ) ;
#6618 = DIRECTION ( 'NONE',  ( 0.0000000000000000000, 0.0000000000000000000, -1.000000000000000000 ) ) ;
#6619 = LINE ( 'NONE', #6581, #860 ) ;
#6620 = AXIS2_PLACEMENT_3D ( 'NONE', #3242, #605, #4397 ) ;
#6621 = SURFACE_SIDE_STYLE ('',( #4500 ) ) ;
#6622 = EDGE_CURVE ( 'NONE', #3591, #561, #876, .T. ) ;
#6623 = UNCERTAINTY_MEASURE_WITH_UNIT (LENGTH_MEASURE( 1.000000000000000082E-05 ), #850, 'distance_accuracy_value', 'NONE');
#6624 = CARTESIAN_POINT ( 'NONE',  ( -0.9960286258184738450, -0.1370056143358112655, 0.3000000000000000444 ) ) ;
#6625 = DIRECTION ( 'NONE',  ( -0.05233595624294388321, 0.0000000000000000000, 0.9986295347545739443 ) ) ;
#6626 = ADVANCED_FACE ( 'NONE', ( #4220 ), #1986, .T. ) ;
#6627 = CARTESIAN_POINT ( 'NONE',  ( -0.03316504619021998224, -0.1370056143358100720, 0.3500000000000000333 ) ) ;
#6628 =( GEOMETRIC_REPRESENTATION_CONTEXT ( 3 ) GLOBAL_UNCERTAINTY_ASSIGNED_CONTEXT ( ( #3017 ) ) GLOBAL_UNIT_ASSIGNED_CONTEXT ( ( #620, #2267, #3788 ) ) REPRESENTATION_CONTEXT ( 'NONE', 'WORKASPACE' ) );
#6629 = AXIS2_PLACEMENT_3D ( 'NONE', #2729, #1143, #5945 ) ;
#6630 =( GEOMETRIC_REPRESENTATION_CONTEXT ( 3 ) GLOBAL_UNCERTAINTY_ASSIGNED_CONTEXT ( ( #3918 ) ) GLOBAL_UNIT_ASSIGNED_CONTEXT ( ( #6361, #5286, #3726 ) ) REPRESENTATION_CONTEXT ( 'NONE', 'WORKASPACE' ) );
#6631 = VERTEX_POINT ( 'NONE', #6264 ) ;
#6632 = EDGE_LOOP ( 'NONE', ( #2273, #3952, #1651, #5090 ) ) ;
#6633 = EDGE_CURVE ( 'NONE', #4450, #5830, #1950, .T. ) ;
#6634 = MECHANICAL_DESIGN_GEOMETRIC_PRESENTATION_REPRESENTATION (  '', ( #2515 ), #1297 ) ;
#6635 = DIRECTION ( 'NONE',  ( 1.000000000000000000, -0.0000000000000000000, -0.0000000000000000000 ) ) ;
#6636 =( NAMED_UNIT ( * ) PLANE_ANGLE_UNIT ( ) SI_UNIT ( $, .RADIAN. ) );
#6637 =( GEOMETRIC_REPRESENTATION_CONTEXT ( 3 ) GLOBAL_UNCERTAINTY_ASSIGNED_CONTEXT ( ( #4487 ) ) GLOBAL_UNIT_ASSIGNED_CONTEXT ( ( #6250, #1266, #2851 ) ) REPRESENTATION_CONTEXT ( 'NONE', 'WORKASPACE' ) );
#6638 = SURFACE_STYLE_FILL_AREA ( #5107 ) ;
#6639 = SURFACE_SIDE_STYLE ('',( #3335 ) ) ;
#6640 = VERTEX_POINT ( 'NONE', #2469 ) ;
#6641 = VECTOR ( 'NONE', #5024, 1000.000000000000000 ) ;
#6642 = COLOUR_RGB ( '',1.000000000000000000, 1.000000000000000000, 1.000000000000000000 ) ;
#6643 = DIRECTION ( 'NONE',  ( -0.0000000000000000000, 0.0000000000000000000, 1.000000000000000000 ) ) ;
#6644 = ORIENTED_EDGE ( 'NONE', *, *, #2059, .T. ) ;
#6645 = ADVANCED_FACE ( 'NONE', ( #6232 ), #366, .T. ) ;
#6646 = UNCERTAINTY_MEASURE_WITH_UNIT (LENGTH_MEASURE( 1.000000000000000082E-05 ), #5539, 'distance_accuracy_value', 'NONE');
#6647 = CARTESIAN_POINT ( 'NONE',  ( 0.0000000000000000000, 0.0000000000000000000, -0.7699999999999999067 ) ) ;
#6648 = SURFACE_STYLE_FILL_AREA ( #4489 ) ;
#6649 = VECTOR ( 'NONE', #5826, 1000.000000000000000 ) ;
#6650 = VERTEX_POINT ( 'NONE', #3631 ) ;
#6651 = LINE ( 'NONE', #2351, #6563 ) ;
#6652 = VERTEX_POINT ( 'NONE', #5254 ) ;
#6653 = DIRECTION ( 'NONE',  ( 1.000000000000000000, 2.710505431213759113E-16, 0.0000000000000000000 ) ) ;
#6654 = SURFACE_SIDE_STYLE ('',( #2391 ) ) ;
#6655 = CARTESIAN_POINT ( 'NONE',  ( 1.700000000000000622, -1.199999999999999734, -0.7699999999999999067 ) ) ;
#6656 = PLANE ( 'NONE',  #4311 ) ;
#6657 = LINE ( 'NONE', #6585, #4183 ) ;
#6658 = DIRECTION ( 'NONE',  ( -0.0000000000000000000, -1.000000000000000000, -0.0000000000000000000 ) ) ;
#6659 = FILL_AREA_STYLE_COLOUR ( '', #3044 ) ;
#6660 = DIRECTION ( 'NONE',  ( -0.0000000000000000000, -1.000000000000000000, -0.0000000000000000000 ) ) ;
#6661 = CARTESIAN_POINT ( 'NONE',  ( -1.700000000000000400, 1.200000000000000622, -0.5699999999999999512 ) ) ;
#6662 = DIRECTION ( 'NONE',  ( 0.0000000000000000000, 0.0000000000000000000, -1.000000000000000000 ) ) ;
#6663 = CARTESIAN_POINT ( 'NONE',  ( -1.700000000000000622, 2.100000000000000089, -0.5699999999999999512 ) ) ;
#6664 = ADVANCED_FACE ( 'NONE', ( #4742 ), #952, .F. ) ;
#6665 = EDGE_LOOP ( 'NONE', ( #5778, #6161, #5526 ) ) ;
#6666 = ORIENTED_EDGE ( 'NONE', *, *, #60, .F. ) ;
#6667 = LINE ( 'NONE', #4098, #599 ) ;
#6668 = LINE ( 'NONE', #6246, #3577 ) ;
#6669 = FILL_AREA_STYLE_COLOUR ( '', #5750 ) ;
#6670 = AXIS2_PLACEMENT_3D ( 'NONE', #5224, #6265, #1535 ) ;
#6671 = LINE ( 'NONE', #3579, #6102 ) ;
#6672 = ORIENTED_EDGE ( 'NONE', *, *, #6574, .T. ) ;
#6673 = EDGE_CURVE ( 'NONE', #4900, #5050, #3660, .T. ) ;
#6674 =( NAMED_UNIT ( * ) SI_UNIT ( $, .STERADIAN. ) SOLID_ANGLE_UNIT ( ) );
#6675 = ORIENTED_EDGE ( 'NONE', *, *, #3206, .F. ) ;
#6676 = PRESENTATION_LAYER_ASSIGNMENT (  '', '', ( #1116 ) ) ;
#6677 =( NAMED_UNIT ( * ) PLANE_ANGLE_UNIT ( ) SI_UNIT ( $, .RADIAN. ) );
#6678 = LINE ( 'NONE', #6221, #5517 ) ;
#6679 = LINE ( 'NONE', #4559, #5082 ) ;
#6680 =( LENGTH_UNIT ( ) NAMED_UNIT ( * ) SI_UNIT ( .MILLI., .METRE. ) );
#6681 = ORIENTED_EDGE ( 'NONE', *, *, #6466, .F. ) ;
#6682 = AXIS2_PLACEMENT_3D ( 'NONE', #2032, #4657, #3646 ) ;
#6683 = EDGE_CURVE ( 'NONE', #2207, #2306, #2736, .T. ) ;
#6684 = SURFACE_STYLE_USAGE ( .BOTH. , #5089 ) ;
#6685 = VERTEX_POINT ( 'NONE', #5806 ) ;
#6686 = VERTEX_POINT ( 'NONE', #3308 ) ;
#6687 = DIRECTION ( 'NONE',  ( 0.0000000000000000000, 0.0000000000000000000, -1.000000000000000000 ) ) ;
#6688 = STYLED_ITEM ( 'NONE', ( #4090 ), #5556 ) ;
#6689 = LINE ( 'NONE', #5528, #503 ) ;
#6690 = DIRECTION ( 'NONE',  ( 1.971276677246371272E-16, 1.000000000000000000, -0.0000000000000000000 ) ) ;
#6691 = DIRECTION ( 'NONE',  ( 1.000000000000000000, 0.0000000000000000000, 0.0000000000000000000 ) ) ;
#6692 = LINE ( 'NONE', #6130, #6139 ) ;
#6693 = PRESENTATION_STYLE_ASSIGNMENT (( #5030 ) ) ;
#6694 = VECTOR ( 'NONE', #418, 1000.000000000000114 ) ;
#6695 = LINE ( 'NONE', #6763, #1192 ) ;
#6696 = VECTOR ( 'NONE', #5386, 1000.000000000000000 ) ;
#6697 = DIRECTION ( 'NONE',  ( -0.0000000000000000000, -1.000000000000000000, -0.0000000000000000000 ) ) ;
#6698 = DIRECTION ( 'NONE',  ( -1.000000000000000000, 2.710505431213759113E-16, 0.0000000000000000000 ) ) ;
#6699 = DIRECTION ( 'NONE',  ( 0.0000000000000000000, -1.000000000000000000, 0.0000000000000000000 ) ) ;
#6700 = MECHANICAL_DESIGN_GEOMETRIC_PRESENTATION_REPRESENTATION (  '', ( #2907 ), #702 ) ;
#6701 = CIRCLE ( 'NONE', #6140, 0.1000000000000000194 ) ;
#6702 = ORIENTED_EDGE ( 'NONE', *, *, #873, .T. ) ;
#6703 = ORIENTED_EDGE ( 'NONE', *, *, #5192, .T. ) ;
#6704 = DIRECTION ( 'NONE',  ( 0.0000000000000000000, -0.0000000000000000000, -1.000000000000000000 ) ) ;
#6705 = CARTESIAN_POINT ( 'NONE',  ( -2.500000000000001776, 1.200000000000000622, -0.2999999999999997113 ) ) ;
#6706 = ADVANCED_FACE ( 'NONE', ( #2666, #3267 ), #2113, .T. ) ;
#6707 = CARTESIAN_POINT ( 'NONE',  ( 2.400000000000001243, 2.100000000000000089, -0.7700000000000000178 ) ) ;
#6708 = STYLED_ITEM ( 'NONE', ( #1397 ), #544 ) ;
#6709 =( GEOMETRIC_REPRESENTATION_CONTEXT ( 3 ) GLOBAL_UNCERTAINTY_ASSIGNED_CONTEXT ( ( #1760 ) ) GLOBAL_UNIT_ASSIGNED_CONTEXT ( ( #6515, #91, #2747 ) ) REPRESENTATION_CONTEXT ( 'NONE', 'WORKASPACE' ) );
#6710 = ORIENTED_EDGE ( 'NONE', *, *, #426, .T. ) ;
#6711 = CARTESIAN_POINT ( 'NONE',  ( -2.471716000805965763, -2.099999999999999645, -0.5396908546970039522 ) ) ;
#6712 = CIRCLE ( 'NONE', #4921, 0.1499999999999999667 ) ;
#6713 = UNCERTAINTY_MEASURE_WITH_UNIT (LENGTH_MEASURE( 1.000000000000000082E-05 ), #4446, 'distance_accuracy_value', 'NONE');
#6714 = ADVANCED_FACE ( 'NONE', ( #3230 ), #2183, .F. ) ;
#6715 = SURFACE_STYLE_USAGE ( .BOTH. , #427 ) ;
#6716 = CARTESIAN_POINT ( 'NONE',  ( 2.500000000000001776, 2.100000000000000089, -0.2999999999999997113 ) ) ;
#6717 = CARTESIAN_POINT ( 'NONE',  ( 0.2838201673205150710, 0.9163225641662154919, 0.4500000000000000666 ) ) ;
#6718 = ORIENTED_EDGE ( 'NONE', *, *, #3739, .T. ) ;
#6719 = MECHANICAL_DESIGN_GEOMETRIC_PRESENTATION_REPRESENTATION (  '', ( #715 ), #6606 ) ;
#6720 = EDGE_CURVE ( 'NONE', #5929, #1703, #6468, .T. ) ;
#6721 = LINE ( 'NONE', #1944, #3524 ) ;
#6722 = ORIENTED_EDGE ( 'NONE', *, *, #4126, .F. ) ;
#6723 = DIRECTION ( 'NONE',  ( -0.0000000000000000000, -1.000000000000000000, -0.0000000000000000000 ) ) ;
#6724 = FACE_OUTER_BOUND ( 'NONE', #3338, .T. ) ;
#6725 = FILL_AREA_STYLE ('',( #4606 ) ) ;
#6726 = CARTESIAN_POINT ( 'NONE',  ( 2.430009069179262848, 2.430009069179262848, 0.8000000000000000444 ) ) ;
#6727 = SURFACE_STYLE_USAGE ( .BOTH. , #2085 ) ;
#6728 = VERTEX_POINT ( 'NONE', #4775 ) ;
#6729 = AXIS2_PLACEMENT_3D ( 'NONE', #2979, #827, #2305 ) ;
#6730 = FILL_AREA_STYLE ('',( #5260 ) ) ;
#6731 = ADVANCED_FACE ( 'NONE', ( #1626 ), #2767, .F. ) ;
#6732 = DIRECTION ( 'NONE',  ( -0.0000000000000000000, -0.0000000000000000000, -1.000000000000000000 ) ) ;
#6733 =( NAMED_UNIT ( * ) SI_UNIT ( $, .STERADIAN. ) SOLID_ANGLE_UNIT ( ) );
#6734 = AXIS2_PLACEMENT_3D ( 'NONE', #1636, #2255, #5992 ) ;
#6735 = CARTESIAN_POINT ( 'NONE',  ( 0.4838201673205150821, -0.4871897488101240015, 0.4500000000000000666 ) ) ;
#6736 =( NAMED_UNIT ( * ) SI_UNIT ( $, .STERADIAN. ) SOLID_ANGLE_UNIT ( ) );
#6737 = DIRECTION ( 'NONE',  ( -0.0000000000000000000, -0.0000000000000000000, -1.000000000000000000 ) ) ;
#6738 = STYLED_ITEM ( 'NONE', ( #799 ), #2144 ) ;
#6739 = VERTEX_POINT ( 'NONE', #628 ) ;
#6740 = PLANE ( 'NONE',  #3710 ) ;
#6741 = CARTESIAN_POINT ( 'NONE',  ( 0.2838201673205150710, -0.2871897488101240459, 0.3500000000000000333 ) ) ;
#6742 = COLOUR_RGB ( '',1.000000000000000000, 1.000000000000000000, 1.000000000000000000 ) ;
#6743 = DIRECTION ( 'NONE',  ( 0.0000000000000000000, 0.0000000000000000000, 1.000000000000000000 ) ) ;
#6744 =( GEOMETRIC_REPRESENTATION_CONTEXT ( 3 ) GLOBAL_UNCERTAINTY_ASSIGNED_CONTEXT ( ( #2859 ) ) GLOBAL_UNIT_ASSIGNED_CONTEXT ( ( #1108, #75, #5425 ) ) REPRESENTATION_CONTEXT ( 'NONE', 'WORKASPACE' ) );
#6745 = ORIENTED_EDGE ( 'NONE', *, *, #4794, .T. ) ;
#6746 = CARTESIAN_POINT ( 'NONE',  ( -1.971607025033961236, 0.8251250982098667919, 0.3000000000000000444 ) ) ;
#6747 = DIRECTION ( 'NONE',  ( 0.0000000000000000000, 0.0000000000000000000, 1.000000000000000000 ) ) ;
#6748 = VECTOR ( 'NONE', #4402, 1000.000000000000000 ) ;
#6749 = EDGE_LOOP ( 'NONE', ( #3547, #2758, #5665, #5391, #5277, #1315 ) ) ;
#6750 = CARTESIAN_POINT ( 'NONE',  ( -2.700000000000000622, -1.199999999999999734, -0.5700000000000006173 ) ) ;
#6751 = STYLED_ITEM ( 'NONE', ( #2470 ), #3695 ) ;
#6752 = FILL_AREA_STYLE ('',( #1488 ) ) ;
#6753 = VERTEX_POINT ( 'NONE', #152 ) ;
#6754 = EDGE_CURVE ( 'NONE', #2663, #5708, #6679, .T. ) ;
#6755 = ORIENTED_EDGE ( 'NONE', *, *, #1350, .F. ) ;
#6756 = CARTESIAN_POINT ( 'NONE',  ( 0.2838201673205150710, 1.116322564166215559, 0.4500000000000000666 ) ) ;
#6757 = SURFACE_SIDE_STYLE ('',( #4602 ) ) ;
#6758 = PLANE ( 'NONE',  #1443 ) ;
#6759 = ORIENTED_EDGE ( 'NONE', *, *, #3852, .T. ) ;
#6760 = EDGE_CURVE ( 'NONE', #980, #5577, #1287, .T. ) ;
#6761 = FACE_OUTER_BOUND ( 'NONE', #4735, .T. ) ;
#6762 = LINE ( 'NONE', #4195, #4350 ) ;
#6763 = CARTESIAN_POINT ( 'NONE',  ( 0.4838201673205150821, 1.116322564166215559, 0.4500000000000000666 ) ) ;
#6764 = CARTESIAN_POINT ( 'NONE',  ( -1.919276727925023351, -0.8787392438591723476, 0.3500000000000000333 ) ) ;
#6765 = DIRECTION ( 'NONE',  ( 1.000000000000000000, 0.0000000000000000000, -0.0000000000000000000 ) ) ;
#6766 = CARTESIAN_POINT ( 'NONE',  ( -1.919276727925023351, -0.8787392438591723476, 0.3500000000000000333 ) ) ;
#6767 = EDGE_CURVE ( 'NONE', #4025, #828, #832, .T. ) ;
#6768 = EDGE_LOOP ( 'NONE', ( #6046, #4799, #5444, #4249 ) ) ;
#6769 = DIRECTION ( 'NONE',  ( 0.0000000000000000000, 0.0000000000000000000, 1.000000000000000000 ) ) ;
#6770 = DIRECTION ( 'NONE',  ( -1.000000000000000000, 2.710505431213759113E-16, -0.0000000000000000000 ) ) ;
#6771 = ORIENTED_EDGE ( 'NONE', *, *, #3822, .T. ) ;
#6772 =( GEOMETRIC_REPRESENTATION_CONTEXT ( 3 ) GLOBAL_UNCERTAINTY_ASSIGNED_CONTEXT ( ( #5243 ) ) GLOBAL_UNIT_ASSIGNED_CONTEXT ( ( #3370, #1864, #3400 ) ) REPRESENTATION_CONTEXT ( 'NONE', 'WORKASPACE' ) );
#6773 = SURFACE_STYLE_USAGE ( .BOTH. , #1899 ) ;
#6774 = DIRECTION ( 'NONE',  ( 1.000000000000000000, 0.0000000000000000000, -0.0000000000000000000 ) ) ;
#6775 = UNCERTAINTY_MEASURE_WITH_UNIT (LENGTH_MEASURE( 1.000000000000000082E-05 ), #4527, 'distance_accuracy_value', 'NONE');
#6776 =( LENGTH_UNIT ( ) NAMED_UNIT ( * ) SI_UNIT ( .MILLI., .METRE. ) );
#6777 = SURFACE_SIDE_STYLE ('',( #6809 ) ) ;
#6778 = VERTEX_POINT ( 'NONE', #291 ) ;
#6779 = CARTESIAN_POINT ( 'NONE',  ( 2.500000000000001332, -1.199999999999999734, -0.4700000000000001399 ) ) ;
#6780 = ORIENTED_EDGE ( 'NONE', *, *, #1684, .F. ) ;
#6781 = DIRECTION ( 'NONE',  ( 0.0000000000000000000, 1.000000000000000000, 0.0000000000000000000 ) ) ;
#6782 = CARTESIAN_POINT ( 'NONE',  ( -0.03316504619021998224, 2.110000814877110997, 0.3000000000000000444 ) ) ;
#6783 = CARTESIAN_POINT ( 'NONE',  ( 1.600000000000000089, -1.099999999999999867, -0.6999999999999999556 ) ) ;
#6784 = SURFACE_STYLE_FILL_AREA ( #1567 ) ;
#6785 = ORIENTED_EDGE ( 'NONE', *, *, #2222, .T. ) ;
#6786 = VECTOR ( 'NONE', #449, 1000.000000000000000 ) ;
#6787 = CARTESIAN_POINT ( 'NONE',  ( -0.9960286258184727348, -0.5332195235787651200, 0.3000000000000000444 ) ) ;
#6788 = FILL_AREA_STYLE ('',( #4124 ) ) ;
#6789 = LINE ( 'NONE', #3535, #2117 ) ;
#6790 = FILL_AREA_STYLE ('',( #4614 ) ) ;
#6791 = EDGE_CURVE ( 'NONE', #1943, #382, #4456, .T. ) ;
#6792 = CARTESIAN_POINT ( 'NONE',  ( 0.4838201673205150821, 0.4046747618464905383, 0.3500000000000000333 ) ) ;
#6793 = DIRECTION ( 'NONE',  ( 1.400746772075018613E-16, 1.000000000000000000, -0.0000000000000000000 ) ) ;
#6794 = AXIS2_PLACEMENT_3D ( 'NONE', #4573, #2889, #5031 ) ;
#6795 = DIRECTION ( 'NONE',  ( -1.000000000000000000, 0.0000000000000000000, 0.0000000000000000000 ) ) ;
#6796 = ORIENTED_EDGE ( 'NONE', *, *, #5524, .T. ) ;
#6797 = LINE ( 'NONE', #4097, #149 ) ;
#6798 = VECTOR ( 'NONE', #911, 1000.000000000000000 ) ;
#6799 = PLANE ( 'NONE',  #3266 ) ;
#6800 = PRESENTATION_STYLE_ASSIGNMENT (( #1477 ) ) ;
#6801 = EDGE_CURVE ( 'NONE', #5977, #6650, #1768, .T. ) ;
#6802 = CARTESIAN_POINT ( 'NONE',  ( 0.5500000000000001554, 2.254834989607331863, -0.5699999999999999512 ) ) ;
#6803 = EDGE_LOOP ( 'NONE', ( #2299, #2409, #3301, #3554 ) ) ;
#6804 = VECTOR ( 'NONE', #61, 1000.000000000000114 ) ;
#6805 = CYLINDRICAL_SURFACE ( 'NONE', #1825, 0.1499999999999999667 ) ;
#6806 = ORIENTED_EDGE ( 'NONE', *, *, #5351, .T. ) ;
#6807 = COLOUR_RGB ( '',1.000000000000000000, 1.000000000000000000, 1.000000000000000000 ) ;
#6808 = VECTOR ( 'NONE', #3605, 1000.000000000000000 ) ;
#6809 = SURFACE_STYLE_FILL_AREA ( #1584 ) ;
#6810 = ORIENTED_EDGE ( 'NONE', *, *, #2704, .T. ) ;
#6811 = CARTESIAN_POINT ( 'NONE',  ( -2.400000000000002132, -1.199999999999999734, -0.2999999999999993783 ) ) ;
#6812 = VERTEX_POINT ( 'NONE', #6117 ) ;
#6813 = PRESENTATION_LAYER_ASSIGNMENT (  '', '', ( #4825 ) ) ;
#6814 = MECHANICAL_DESIGN_GEOMETRIC_PRESENTATION_REPRESENTATION (  '', ( #932 ), #5589 ) ;
#6815 = ORIENTED_EDGE ( 'NONE', *, *, #1847, .F. ) ;
#6816 = FILL_AREA_STYLE ('',( #6229 ) ) ;
#6817 = CARTESIAN_POINT ( 'NONE',  ( 2.400000000000001243, -2.099999999999999645, -0.4699999999999998068 ) ) ;
#6818 = DIRECTION ( 'NONE',  ( 0.0000000000000000000, 0.0000000000000000000, 1.000000000000000000 ) ) ;
#6819 = LINE ( 'NONE', #988, #4848 ) ;
#6820 = ORIENTED_EDGE ( 'NONE', *, *, #4679, .T. ) ;
#6821 = AXIS2_PLACEMENT_3D ( 'NONE', #3874, #1202, #5994 ) ;
#6822 = EDGE_CURVE ( 'NONE', #4428, #948, #2835, .T. ) ;
#6823 = DIRECTION ( 'NONE',  ( 0.7071067811865474617, 0.7071067811865474617, 0.0000000000000000000 ) ) ;
#6824 =( NAMED_UNIT ( * ) SI_UNIT ( $, .STERADIAN. ) SOLID_ANGLE_UNIT ( ) );
#6825 = SURFACE_STYLE_USAGE ( .BOTH. , #4125 ) ;
#6826 = DIRECTION ( 'NONE',  ( 0.0000000000000000000, 0.0000000000000000000, -1.000000000000000000 ) ) ;
#6827 = VECTOR ( 'NONE', #2775, 1000.000000000000114 ) ;
#6828 = FACE_OUTER_BOUND ( 'NONE', #248, .T. ) ;
#6829 = VERTEX_POINT ( 'NONE', #3893 ) ;
#6830 = ADVANCED_FACE ( 'NONE', ( #6611 ), #5979, .F. ) ;
#6831 =( GEOMETRIC_REPRESENTATION_CONTEXT ( 3 ) GLOBAL_UNCERTAINTY_ASSIGNED_CONTEXT ( ( #3513 ) ) GLOBAL_UNIT_ASSIGNED_CONTEXT ( ( #3556, #5703, #3025 ) ) REPRESENTATION_CONTEXT ( 'NONE', 'WORKASPACE' ) );
#6832 = LINE ( 'NONE', #6865, #1588 ) ;
#6833 = DIRECTION ( 'NONE',  ( -0.0000000000000000000, -0.0000000000000000000, -1.000000000000000000 ) ) ;
#6834 = DIRECTION ( 'NONE',  ( 1.000000000000000000, 0.0000000000000000000, 0.0000000000000000000 ) ) ;
#6835 = FILL_AREA_STYLE ('',( #4306 ) ) ;
#6836 = ORIENTED_EDGE ( 'NONE', *, *, #2658, .T. ) ;
#6837 = MECHANICAL_DESIGN_GEOMETRIC_PRESENTATION_REPRESENTATION (  '', ( #4308 ), #87 ) ;
#6838 = PRESENTATION_STYLE_ASSIGNMENT (( #1975 ) ) ;
#6839 = ADVANCED_FACE ( 'NONE', ( #4490 ), #6541, .T. ) ;
#6840 = ORIENTED_EDGE ( 'NONE', *, *, #6324, .T. ) ;
#6841 = AXIS2_PLACEMENT_3D ( 'NONE', #6365, #2249, #531 ) ;
#6842 = UNCERTAINTY_MEASURE_WITH_UNIT (LENGTH_MEASURE( 1.000000000000000082E-05 ), #5454, 'distance_accuracy_value', 'NONE');
#6843 = FILL_AREA_STYLE ('',( #4245 ) ) ;
#6844 = ORIENTED_EDGE ( 'NONE', *, *, #3822, .F. ) ;
#6845 =( LENGTH_UNIT ( ) NAMED_UNIT ( * ) SI_UNIT ( .MILLI., .METRE. ) );
#6846 = AXIS2_PLACEMENT_3D ( 'NONE', #1470, #5713, #3638 ) ;
#6847 = AXIS2_PLACEMENT_3D ( 'NONE', #1835, #3971, #1321 ) ;
#6848 = EDGE_CURVE ( 'NONE', #1637, #5972, #3474, .T. ) ;
#6849 = ORIENTED_EDGE ( 'NONE', *, *, #1701, .T. ) ;
#6850 = COLOUR_RGB ( '',0.8980392156862745390, 0.9215686274509803377, 0.9294117647058823817 ) ;
#6851 = LINE ( 'NONE', #3306, #2346 ) ;
#6852 = AXIS2_PLACEMENT_3D ( 'NONE', #1301, #4437, #6554 ) ;
#6853 = SURFACE_STYLE_USAGE ( .BOTH. , #5741 ) ;
#6854 = DIRECTION ( 'NONE',  ( -2.409338161078899674E-16, 1.000000000000000000, 0.0000000000000000000 ) ) ;
#6855 = DIRECTION ( 'NONE',  ( 0.0000000000000000000, 0.0000000000000000000, -1.000000000000000000 ) ) ;
#6856 = FILL_AREA_STYLE ('',( #2604 ) ) ;
#6857 = ORIENTED_EDGE ( 'NONE', *, *, #5740, .T. ) ;
#6858 = VECTOR ( 'NONE', #6442, 1000.000000000000000 ) ;
#6859 = CYLINDRICAL_SURFACE ( 'NONE', #4944, 0.1499999999999999667 ) ;
#6860 = FACE_OUTER_BOUND ( 'NONE', #2669, .T. ) ;
#6861 = DIRECTION ( 'NONE',  ( 1.000000000000000000, 0.0000000000000000000, 0.0000000000000000000 ) ) ;
#6862 =( LENGTH_UNIT ( ) NAMED_UNIT ( * ) SI_UNIT ( .MILLI., .METRE. ) );
#6863 = LINE ( 'NONE', #3113, #5951 ) ;
#6864 = ORIENTED_EDGE ( 'NONE', *, *, #3125, .T. ) ;
#6865 = CARTESIAN_POINT ( 'NONE',  ( -1.919276727925023351, -2.056952929731181712, 0.3500000000000000333 ) ) ;
#6866 = CARTESIAN_POINT ( 'NONE',  ( -2.470127565808668990, 2.500000000000002220, -0.5699999999999999512 ) ) ;
#6867 = EDGE_CURVE ( 'NONE', #6686, #6685, #5554, .T. ) ;
#6868 = ORIENTED_EDGE ( 'NONE', *, *, #3008, .F. ) ;
#6869 = ORIENTED_EDGE ( 'NONE', *, *, #547, .T. ) ;
#6870 = DIRECTION ( 'NONE',  ( -1.000000000000000000, 4.818676322157797375E-16, 0.0000000000000000000 ) ) ;
#6871 = VECTOR ( 'NONE', #750, 1000.000000000000000 ) ;
#6872 = ADVANCED_FACE ( 'NONE', ( #5522 ), #6081, .T. ) ;
#6873 = CARTESIAN_POINT ( 'NONE',  ( -2.500000000000001332, 1.200000000000000622, -0.4700000000000001399 ) ) ;
#6874 = ORIENTED_EDGE ( 'NONE', *, *, #101, .T. ) ;
ENDSEC;
END-ISO-10303-21;
