ISO-10303-21;
HEADER;
FILE_DESCRIPTION (( 'STEP AP214' ),
    '1' );
FILE_NAME ('947B07BE-F626-4CCE-9D9E-1E8F3A4AFE6D.STEP',
    '2024-09-19T12:00:39',
    ( '' ),
    ( '' ),
    'SwSTEP 2.0',
    'SolidWorks 2022',
    '' );
FILE_SCHEMA (( 'AUTOMOTIVE_DESIGN' ));
ENDSEC;

DATA;
#1 =( NAMED_UNIT ( * ) SI_UNIT ( $, .STERADIAN. ) SOLID_ANGLE_UNIT ( ) );
#2 =( LENGTH_UNIT ( ) NAMED_UNIT ( * ) SI_UNIT ( .MILLI., .METRE. ) );
#3 = ORIENTED_EDGE ( 'NONE', *, *, #147, .F. ) ;
#4 = EDGE_CURVE ( 'NONE', #5194, #4287, #2632, .T. ) ;
#5 = AXIS2_PLACEMENT_3D ( 'NONE', #2712, #4415, #2767 ) ;
#6 = EDGE_CURVE ( 'NONE', #20, #1226, #11, .T. ) ;
#7 = CARTESIAN_POINT ( 'NONE',  ( -0.6766918921026191525, -0.5541450885699468198, 0.2599999999999999534 ) ) ;
#8 = DIRECTION ( 'NONE',  ( 0.0000000000000000000, 0.0000000000000000000, 1.000000000000000000 ) ) ;
#9 = CARTESIAN_POINT ( 'NONE',  ( 0.7774874880952626910, 0.3068909665269575204, 0.2599999999999999534 ) ) ;
#10 = CARTESIAN_POINT ( 'NONE',  ( -0.7482052191486779913, -0.5828783997317399379, 0.2599999999999999534 ) ) ;
#11 = LINE ( 'NONE', #3110, #1701 ) ;
#12 = EDGE_CURVE ( 'NONE', #4427, #4454, #4341, .T. ) ;
#13 = FACE_OUTER_BOUND ( 'NONE', #1425, .T. ) ;
#14 = DIRECTION ( 'NONE',  ( -0.0000000000000000000, -0.0000000000000000000, -1.000000000000000000 ) ) ;
#15 =( GEOMETRIC_REPRESENTATION_CONTEXT ( 3 ) GLOBAL_UNCERTAINTY_ASSIGNED_CONTEXT ( ( #1324 ) ) GLOBAL_UNIT_ASSIGNED_CONTEXT ( ( #4831, #103, #4400 ) ) REPRESENTATION_CONTEXT ( 'NONE', 'WORKASPACE' ) );
#16 = FILL_AREA_STYLE_COLOUR ( '', #2749 ) ;
#17 = PRESENTATION_LAYER_ASSIGNMENT (  '', '', ( #1577 ) ) ;
#18 = ORIENTED_EDGE ( 'NONE', *, *, #3638, .F. ) ;
#19 = FILL_AREA_STYLE ('',( #5538 ) ) ;
#20 = VERTEX_POINT ( 'NONE', #2692 ) ;
#21 = CARTESIAN_POINT ( 'NONE',  ( 0.7858601251859659298, -0.1372050520392875117, 0.2599999999999999534 ) ) ;
#22 = SURFACE_STYLE_FILL_AREA ( #1711 ) ;
#23 = DIRECTION ( 'NONE',  ( 1.000000000000000000, 0.0000000000000000000, 0.0000000000000000000 ) ) ;
#24 = DIRECTION ( 'NONE',  ( -1.000000000000000000, 3.097720492815726673E-16, 0.0000000000000000000 ) ) ;
#25 =( GEOMETRIC_REPRESENTATION_CONTEXT ( 3 ) GLOBAL_UNCERTAINTY_ASSIGNED_CONTEXT ( ( #3349 ) ) GLOBAL_UNIT_ASSIGNED_CONTEXT ( ( #4548, #1569, #4180 ) ) REPRESENTATION_CONTEXT ( 'NONE', 'WORKASPACE' ) );
#26 = CARTESIAN_POINT ( 'NONE',  ( -0.5035437629006764837, -0.05709504976923729380, 0.2799999999999999711 ) ) ;
#27 = DIRECTION ( 'NONE',  ( 1.000000000000000000, -0.0000000000000000000, -0.0000000000000000000 ) ) ;
#28 = CARTESIAN_POINT ( 'NONE',  ( 1.100000000000000089, -0.9000000000000003553, -7.680894765701995475E-15 ) ) ;
#29 = LINE ( 'NONE', #4784, #108 ) ;
#30 = VECTOR ( 'NONE', #1233, 1000.000000000000000 ) ;
#31 =( NAMED_UNIT ( * ) PLANE_ANGLE_UNIT ( ) SI_UNIT ( $, .RADIAN. ) );
#32 = VERTEX_POINT ( 'NONE', #930 ) ;
#33 =( NAMED_UNIT ( * ) PLANE_ANGLE_UNIT ( ) SI_UNIT ( $, .RADIAN. ) );
#34 = PLANE ( 'NONE',  #1267 ) ;
#35 = PRESENTATION_STYLE_ASSIGNMENT (( #5252 ) ) ;
#36 = EDGE_CURVE ( 'NONE', #2861, #5307, #3575, .T. ) ;
#37 =( LENGTH_UNIT ( ) NAMED_UNIT ( * ) SI_UNIT ( .MILLI., .METRE. ) );
#38 = CARTESIAN_POINT ( 'NONE',  ( -0.7650295964665725368, -0.2727184512886348111, 0.2599999999999999534 ) ) ;
#39 = SURFACE_STYLE_USAGE ( .BOTH. , #3928 ) ;
#40 = ORIENTED_EDGE ( 'NONE', *, *, #4924, .F. ) ;
#41 = ADVANCED_FACE ( 'NONE', ( #4824 ), #1422, .F. ) ;
#42 = EDGE_CURVE ( 'NONE', #3728, #1343, #957, .T. ) ;
#43 = ORIENTED_EDGE ( 'NONE', *, *, #2548, .F. ) ;
#44 = ORIENTED_EDGE ( 'NONE', *, *, #3408, .F. ) ;
#45 = VERTEX_POINT ( 'NONE', #1016 ) ;
#46 = SURFACE_STYLE_FILL_AREA ( #1373 ) ;
#47 = DIRECTION ( 'NONE',  ( 1.000000000000000000, 1.788196464443831756E-15, 0.0000000000000000000 ) ) ;
#48 = SURFACE_STYLE_USAGE ( .BOTH. , #2647 ) ;
#49 = SURFACE_STYLE_FILL_AREA ( #3583 ) ;
#50 = PLANE ( 'NONE',  #3351 ) ;
#51 = CARTESIAN_POINT ( 'NONE',  ( -1.099999999999998979, 0.0000000000000000000, 0.2799999999999999711 ) ) ;
#52 = FACE_OUTER_BOUND ( 'NONE', #868, .T. ) ;
#53 = UNCERTAINTY_MEASURE_WITH_UNIT (LENGTH_MEASURE( 1.000000000000000082E-05 ), #407, 'distance_accuracy_value', 'NONE');
#54 = MECHANICAL_DESIGN_GEOMETRIC_PRESENTATION_REPRESENTATION (  '', ( #4045 ), #5215 ) ;
#55 = CARTESIAN_POINT ( 'NONE',  ( 0.3195831592659477138, 0.4509946331943126552, 0.2810000000000000275 ) ) ;
#56 = ORIENTED_EDGE ( 'NONE', *, *, #4607, .F. ) ;
#57 =( NAMED_UNIT ( * ) PLANE_ANGLE_UNIT ( ) SI_UNIT ( $, .RADIAN. ) );
#58 = FACE_OUTER_BOUND ( 'NONE', #2419, .T. ) ;
#59 = VECTOR ( 'NONE', #5527, 1000.000000000000000 ) ;
#60 = CARTESIAN_POINT ( 'NONE',  ( 0.0000000000000000000, 0.0000000000000000000, 0.2599999999999999534 ) ) ;
#61 =( NAMED_UNIT ( * ) SI_UNIT ( $, .STERADIAN. ) SOLID_ANGLE_UNIT ( ) );
#62 = CARTESIAN_POINT ( 'NONE',  ( -0.4000000000000000777, 1.858632295689436842E-16, 2.791820594150173918E-15 ) ) ;
#63 = ORIENTED_EDGE ( 'NONE', *, *, #1656, .T. ) ;
#64 = LINE ( 'NONE', #1312, #753 ) ;
#65 = PRESENTATION_LAYER_ASSIGNMENT (  '', '', ( #2249 ) ) ;
#66 = UNCERTAINTY_MEASURE_WITH_UNIT (LENGTH_MEASURE( 1.000000000000000082E-05 ), #2596, 'distance_accuracy_value', 'NONE');
#67 = ORIENTED_EDGE ( 'NONE', *, *, #5197, .T. ) ;
#68 = VERTEX_POINT ( 'NONE', #4846 ) ;
#69 = VECTOR ( 'NONE', #4807, 1000.000000000000000 ) ;
#70 = AXIS2_PLACEMENT_3D ( 'NONE', #5005, #396, #2065 ) ;
#71 = ORIENTED_EDGE ( 'NONE', *, *, #5204, .T. ) ;
#72 = CARTESIAN_POINT ( 'NONE',  ( -1.031512925605919229, 0.8594879528193650753, 0.2799999999999999711 ) ) ;
#73 = EDGE_CURVE ( 'NONE', #990, #882, #2199, .T. ) ;
#74 = FACE_OUTER_BOUND ( 'NONE', #2112, .T. ) ;
#75 = CARTESIAN_POINT ( 'NONE',  ( 1.100000000000002087, 0.4999999999999997780, 0.2599999999999922928 ) ) ;
#76 = COLOUR_RGB ( '',0.8509803921568627194, 0.8509803921568627194, 0.8509803921568627194 ) ;
#77 = PRESENTATION_LAYER_ASSIGNMENT (  '', '', ( #1903 ) ) ;
#78 = DIRECTION ( 'NONE',  ( 1.000000000000000000, 0.0000000000000000000, 0.0000000000000000000 ) ) ;
#79 = DIRECTION ( 'NONE',  ( 1.000000000000000000, 0.0000000000000000000, 0.0000000000000000000 ) ) ;
#80 =( GEOMETRIC_REPRESENTATION_CONTEXT ( 3 ) GLOBAL_UNCERTAINTY_ASSIGNED_CONTEXT ( ( #3125 ) ) GLOBAL_UNIT_ASSIGNED_CONTEXT ( ( #3476, #3052, #472 ) ) REPRESENTATION_CONTEXT ( 'NONE', 'WORKASPACE' ) );
#81 = CYLINDRICAL_SURFACE ( 'NONE', #2092, 0.3614255068147824712 ) ;
#82 = VECTOR ( 'NONE', #2254, 1000.000000000000000 ) ;
#83 = CARTESIAN_POINT ( 'NONE',  ( 0.3124155170610083410, 0.04290495023076271869, 0.2799999999999999711 ) ) ;
#84 = PRESENTATION_LAYER_ASSIGNMENT (  '', '', ( #5324 ) ) ;
#85 = CIRCLE ( 'NONE', #3267, 0.3637862597461454239 ) ;
#86 = DIRECTION ( 'NONE',  ( -6.982962677686265922E-15, 0.0000000000000000000, -1.000000000000000000 ) ) ;
#87 = ORIENTED_EDGE ( 'NONE', *, *, #3925, .F. ) ;
#88 = LINE ( 'NONE', #601, #1747 ) ;
#89 = FILL_AREA_STYLE ('',( #3944 ) ) ;
#90 = SURFACE_STYLE_USAGE ( .BOTH. , #3919 ) ;
#91 = COLOUR_RGB ( '',1.000000000000000000, 1.000000000000000000, 1.000000000000000000 ) ;
#92 = CARTESIAN_POINT ( 'NONE',  ( -0.5740798441076682135, -0.6849774522544942457, 0.2599999999999999534 ) ) ;
#93 = SURFACE_STYLE_USAGE ( .BOTH. , #5298 ) ;
#94 = ORIENTED_EDGE ( 'NONE', *, *, #5239, .T. ) ;
#95 = DIRECTION ( 'NONE',  ( -1.000000000000000000, 0.0000000000000000000, 6.983251342707906047E-15 ) ) ;
#96 = STYLED_ITEM ( 'NONE', ( #948 ), #3375 ) ;
#97 = EDGE_LOOP ( 'NONE', ( #2969, #1580, #1050, #404 ) ) ;
#98 = DIRECTION ( 'NONE',  ( -6.982962677686265922E-15, 0.0000000000000000000, -1.000000000000000000 ) ) ;
#99 = VERTEX_POINT ( 'NONE', #5256 ) ;
#100 = PRESENTATION_LAYER_ASSIGNMENT (  '', '', ( #3013 ) ) ;
#101 = ORIENTED_EDGE ( 'NONE', *, *, #3668, .T. ) ;
#102 = SURFACE_SIDE_STYLE ('',( #46 ) ) ;
#103 =( NAMED_UNIT ( * ) PLANE_ANGLE_UNIT ( ) SI_UNIT ( $, .RADIAN. ) );
#104 = STYLED_ITEM ( 'NONE', ( #4186 ), #3885 ) ;
#105 = EDGE_CURVE ( 'NONE', #4253, #940, #2718, .T. ) ;
#106 = CARTESIAN_POINT ( 'NONE',  ( 0.6360270068922002640, 0.1776407652747671595, 0.2599999999999999534 ) ) ;
#107 = FACE_OUTER_BOUND ( 'NONE', #2290, .T. ) ;
#108 = VECTOR ( 'NONE', #3791, 1000.000000000000000 ) ;
#109 = SURFACE_SIDE_STYLE ('',( #1466 ) ) ;
#110 = CYLINDRICAL_SURFACE ( 'NONE', #665, 0.3614255068147828043 ) ;
#111 = ADVANCED_FACE ( 'NONE', ( #5221 ), #1398, .F. ) ;
#112 = MECHANICAL_DESIGN_GEOMETRIC_PRESENTATION_REPRESENTATION (  '', ( #577 ), #4906 ) ;
#113 = EDGE_CURVE ( 'NONE', #1136, #2780, #2962, .T. ) ;
#114 = DIRECTION ( 'NONE',  ( -0.0000000000000000000, -0.0000000000000000000, -1.000000000000000000 ) ) ;
#115 = DIRECTION ( 'NONE',  ( 1.000000000000000000, 0.0000000000000000000, 0.0000000000000000000 ) ) ;
#116 = EDGE_LOOP ( 'NONE', ( #3687, #4480, #4135, #2374 ) ) ;
#117 = CARTESIAN_POINT ( 'NONE',  ( 0.2532275857927164253, -0.3593805362314128615, 0.2599999999999999534 ) ) ;
#118 = VECTOR ( 'NONE', #2150, 1000.000000000000000 ) ;
#119 = SURFACE_STYLE_USAGE ( .BOTH. , #3135 ) ;
#120 = DIRECTION ( 'NONE',  ( 6.982962677686268288E-15, -0.0000000000000000000, 1.000000000000000000 ) ) ;
#121 = CARTESIAN_POINT ( 'NONE',  ( -0.1178234831815653944, -0.5316465652036583833, 0.2599999999999999534 ) ) ;
#122 = VERTEX_POINT ( 'NONE', #609 ) ;
#123 = CARTESIAN_POINT ( 'NONE',  ( 1.100000000000002309, 0.8637862597461452019, 0.2799999999999999711 ) ) ;
#124 = ORIENTED_EDGE ( 'NONE', *, *, #3239, .T. ) ;
#125 = FILL_AREA_STYLE_COLOUR ( '', #4013 ) ;
#126 = ORIENTED_EDGE ( 'NONE', *, *, #467, .T. ) ;
#127 = ORIENTED_EDGE ( 'NONE', *, *, #4650, .T. ) ;
#128 = CARTESIAN_POINT ( 'NONE',  ( -0.6832485166931815401, 0.8768473060465202806, 0.2799999999999999711 ) ) ;
#129 = CARTESIAN_POINT ( 'NONE',  ( -1.099999999999998090, 0.4999999999999997780, 0.2599999999999999534 ) ) ;
#130 = UNCERTAINTY_MEASURE_WITH_UNIT (LENGTH_MEASURE( 1.000000000000000082E-05 ), #2189, 'distance_accuracy_value', 'NONE');
#131 = FILL_AREA_STYLE_COLOUR ( '', #2519 ) ;
#132 = CARTESIAN_POINT ( 'NONE',  ( -0.4343137556297431701, 0.04041390370446151792, 0.2599999999999999534 ) ) ;
#133 = DIRECTION ( 'NONE',  ( 9.856383386231857595E-17, 1.000000000000000000, -6.882675732302403897E-31 ) ) ;
#134 = SURFACE_STYLE_FILL_AREA ( #224 ) ;
#135 =( GEOMETRIC_REPRESENTATION_CONTEXT ( 3 ) GLOBAL_UNCERTAINTY_ASSIGNED_CONTEXT ( ( #3425 ) ) GLOBAL_UNIT_ASSIGNED_CONTEXT ( ( #2309, #4991, #4540 ) ) REPRESENTATION_CONTEXT ( 'NONE', 'WORKASPACE' ) );
#136 = DIRECTION ( 'NONE',  ( 0.0000000000000000000, 1.000000000000000000, -0.0000000000000000000 ) ) ;
#137 = DIRECTION ( 'NONE',  ( 0.0000000000000000000, 0.0000000000000000000, -1.000000000000000000 ) ) ;
#138 = LINE ( 'NONE', #1393, #276 ) ;
#139 = DIRECTION ( 'NONE',  ( -0.0000000000000000000, -0.0000000000000000000, -1.000000000000000000 ) ) ;
#140 = EDGE_CURVE ( 'NONE', #2310, #1427, #507, .T. ) ;
#141 = EDGE_CURVE ( 'NONE', #763, #2457, #3250, .T. ) ;
#142 = DIRECTION ( 'NONE',  ( 0.0000000000000000000, -0.0000000000000000000, -1.000000000000000000 ) ) ;
#143 = MANIFOLD_SOLID_BREP ( 'Boss-Extrude4[3]', #3914 ) ;
#144 = SURFACE_SIDE_STYLE ('',( #2224 ) ) ;
#145 = VECTOR ( 'NONE', #3402, 1000.000000000000000 ) ;
#146 = ORIENTED_EDGE ( 'NONE', *, *, #1025, .F. ) ;
#147 = EDGE_CURVE ( 'NONE', #1571, #5285, #2394, .T. ) ;
#148 = VECTOR ( 'NONE', #4493, 1000.000000000000000 ) ;
#149 = VERTEX_POINT ( 'NONE', #692 ) ;
#150 = CARTESIAN_POINT ( 'NONE',  ( 0.0000000000000000000, 0.6855750628389500889, 0.2799999999999999711 ) ) ;
#151 = ORIENTED_EDGE ( 'NONE', *, *, #1761, .T. ) ;
#152 = EDGE_LOOP ( 'NONE', ( #2710, #1872, #564, #3253, #1535, #1769, #3547, #1079, #965, #2497, #1820, #2478, #3720, #3157, #2460, #1793, #124 ) ) ;
#153 = DIRECTION ( 'NONE',  ( 0.0000000000000000000, -0.0000000000000000000, 1.000000000000000000 ) ) ;
#154 = AXIS2_PLACEMENT_3D ( 'NONE', #1679, #3445, #3394 ) ;
#155 = MANIFOLD_SOLID_BREP ( 'Boss-Extrude3[4]', #1064 ) ;
#156 = SURFACE_STYLE_FILL_AREA ( #4047 ) ;
#157 =( NAMED_UNIT ( * ) SI_UNIT ( $, .STERADIAN. ) SOLID_ANGLE_UNIT ( ) );
#158 = CARTESIAN_POINT ( 'NONE',  ( 5.773300432731590829E-21, 0.0000000000000000000, 0.0000000000000000000 ) ) ;
#159 = PRESENTATION_STYLE_ASSIGNMENT (( #3216 ) ) ;
#160 = CARTESIAN_POINT ( 'NONE',  ( 0.4000000000000001332, 0.9000000000000000222, 0.01999999999999721098 ) ) ;
#161 = FILL_AREA_STYLE_COLOUR ( '', #2520 ) ;
#162 = VECTOR ( 'NONE', #3699, 1000.000000000000000 ) ;
#163 = LINE ( 'NONE', #515, #481 ) ;
#164 = AXIS2_PLACEMENT_3D ( 'NONE', #4407, #4732, #864 ) ;
#165 = STYLED_ITEM ( 'NONE', ( #1026 ), #4993 ) ;
#166 = AXIS2_PLACEMENT_3D ( 'NONE', #2683, #4385, #3941 ) ;
#167 = CARTESIAN_POINT ( 'NONE',  ( 0.0000000000000000000, 0.0000000000000000000, 0.2599999999999999534 ) ) ;
#168 = VERTEX_POINT ( 'NONE', #4204 ) ;
#169 =( NAMED_UNIT ( * ) SI_UNIT ( $, .STERADIAN. ) SOLID_ANGLE_UNIT ( ) );
#170 = PRESENTATION_STYLE_ASSIGNMENT (( #4060 ) ) ;
#171 = VECTOR ( 'NONE', #1653, 1000.000000000000000 ) ;
#172 = VECTOR ( 'NONE', #4445, 1000.000000000000000 ) ;
#173 = EDGE_CURVE ( 'NONE', #1047, #5226, #5360, .T. ) ;
#174 = CARTESIAN_POINT ( 'NONE',  ( -0.8737021536631368601, 0.8225389107019435153, 0.2799999999999999156 ) ) ;
#175 = EDGE_CURVE ( 'NONE', #3665, #2740, #4280, .T. ) ;
#176 = MANIFOLD_SOLID_BREP ( 'Boss-Extrude3[2]', #231 ) ;
#177 = CARTESIAN_POINT ( 'NONE',  ( 0.7376531201253040404, 0.5519215185516125333, 0.2599999999999999534 ) ) ;
#178 = DIRECTION ( 'NONE',  ( -0.0000000000000000000, 0.0000000000000000000, 1.000000000000000000 ) ) ;
#179 =( GEOMETRIC_REPRESENTATION_CONTEXT ( 3 ) GLOBAL_UNCERTAINTY_ASSIGNED_CONTEXT ( ( #5162 ) ) GLOBAL_UNIT_ASSIGNED_CONTEXT ( ( #2493, #2588, #5181 ) ) REPRESENTATION_CONTEXT ( 'NONE', 'WORKASPACE' ) );
#180 = MECHANICAL_DESIGN_GEOMETRIC_PRESENTATION_REPRESENTATION (  '', ( #1994 ), #3352 ) ;
#181 = FACE_OUTER_BOUND ( 'NONE', #116, .T. ) ;
#182 = VERTEX_POINT ( 'NONE', #3826 ) ;
#183 = PLANE ( 'NONE',  #4510 ) ;
#184 = AXIS2_PLACEMENT_3D ( 'NONE', #4092, #3298, #1534 ) ;
#185 = EDGE_CURVE ( 'NONE', #2162, #1899, #4302, .T. ) ;
#186 = EDGE_CURVE ( 'NONE', #4333, #5363, #2449, .T. ) ;
#187 = ORIENTED_EDGE ( 'NONE', *, *, #5340, .F. ) ;
#188 = ORIENTED_EDGE ( 'NONE', *, *, #4748, .F. ) ;
#189 = ORIENTED_EDGE ( 'NONE', *, *, #1237, .F. ) ;
#190 = VECTOR ( 'NONE', #3911, 1000.000000000000000 ) ;
#191 = PRESENTATION_LAYER_ASSIGNMENT (  '', '', ( #1660 ) ) ;
#192 = ORIENTED_EDGE ( 'NONE', *, *, #1768, .F. ) ;
#193 =( NAMED_UNIT ( * ) SI_UNIT ( $, .STERADIAN. ) SOLID_ANGLE_UNIT ( ) );
#194 = LINE ( 'NONE', #1960, #4787 ) ;
#195 = SURFACE_STYLE_FILL_AREA ( #2921 ) ;
#196 = SURFACE_SIDE_STYLE ('',( #5345 ) ) ;
#197 = DIRECTION ( 'NONE',  ( -0.0000000000000000000, -0.0000000000000000000, -1.000000000000000000 ) ) ;
#198 = VECTOR ( 'NONE', #3308, 1000.000000000000000 ) ;
#199 = MECHANICAL_DESIGN_GEOMETRIC_PRESENTATION_REPRESENTATION (  '', ( #5083 ), #937 ) ;
#200 = DIRECTION ( 'NONE',  ( 1.000000000000000000, 0.0000000000000000000, 0.0000000000000000000 ) ) ;
#201 = FILL_AREA_STYLE ('',( #3045 ) ) ;
#202 = DIRECTION ( 'NONE',  ( -0.0000000000000000000, 0.0000000000000000000, -1.000000000000000000 ) ) ;
#203 = DIRECTION ( 'NONE',  ( -0.0000000000000000000, -0.0000000000000000000, -1.000000000000000000 ) ) ;
#204 = VECTOR ( 'NONE', #2245, 1000.000000000000000 ) ;
#205 = DIRECTION ( 'NONE',  ( 1.000000000000000000, 0.0000000000000000000, 0.0000000000000000000 ) ) ;
#206 = CARTESIAN_POINT ( 'NONE',  ( 0.7174695751538135990, 0.3080817958270101187, 0.2599999999999999534 ) ) ;
#207 = SURFACE_SIDE_STYLE ('',( #4175 ) ) ;
#208 = ORIENTED_EDGE ( 'NONE', *, *, #2117, .T. ) ;
#209 = LINE ( 'NONE', #4094, #3879 ) ;
#210 = EDGE_CURVE ( 'NONE', #4309, #3665, #1696, .T. ) ;
#211 = STYLED_ITEM ( 'NONE', ( #4033 ), #4614 ) ;
#212 = ORIENTED_EDGE ( 'NONE', *, *, #599, .T. ) ;
#213 = CARTESIAN_POINT ( 'NONE',  ( -0.7250754616367172112, -0.5368602718148540731, 0.2799999999999999711 ) ) ;
#214 = EDGE_LOOP ( 'NONE', ( #642, #3610, #1510, #5459 ) ) ;
#215 = ORIENTED_EDGE ( 'NONE', *, *, #1961, .F. ) ;
#216 =( NAMED_UNIT ( * ) PLANE_ANGLE_UNIT ( ) SI_UNIT ( $, .RADIAN. ) );
#217 = CARTESIAN_POINT ( 'NONE',  ( 0.7249999999999999778, -1.000000000000000000, 0.8400000000000000799 ) ) ;
#218 = ADVANCED_FACE ( 'NONE', ( #5129 ), #2477, .T. ) ;
#219 = EDGE_CURVE ( 'NONE', #2342, #1478, #236, .T. ) ;
#220 = ORIENTED_EDGE ( 'NONE', *, *, #922, .F. ) ;
#221 = CARTESIAN_POINT ( 'NONE',  ( 0.7946937836714690340, -0.3065665198382721002, 0.2799999999999999711 ) ) ;
#222 = PRODUCT_DEFINITION_SHAPE ( 'NONE', 'NONE',  #4228 ) ;
#223 = CARTESIAN_POINT ( 'NONE',  ( -1.099999999999998090, -0.4999999999999997780, 0.2799999999999999711 ) ) ;
#224 = FILL_AREA_STYLE ('',( #3646 ) ) ;
#225 = LINE ( 'NONE', #1522, #4546 ) ;
#226 = SURFACE_SIDE_STYLE ('',( #3269 ) ) ;
#227 = EDGE_LOOP ( 'NONE', ( #4485, #3198, #3932, #1794 ) ) ;
#228 =( LENGTH_UNIT ( ) NAMED_UNIT ( * ) SI_UNIT ( .MILLI., .METRE. ) );
#229 = FILL_AREA_STYLE ('',( #2858 ) ) ;
#230 = PRESENTATION_STYLE_ASSIGNMENT (( #2831 ) ) ;
#231 = CLOSED_SHELL ( 'NONE', ( #1657, #5196, #3240, #4916, #1314, #4472, #3275, #392, #5024, #3369, #1096, #3470, #4993, #4754, #4097, #111 ) ) ;
#232 =( NAMED_UNIT ( * ) SI_UNIT ( $, .STERADIAN. ) SOLID_ANGLE_UNIT ( ) );
#233 = SURFACE_SIDE_STYLE ('',( #3682 ) ) ;
#234 = ORIENTED_EDGE ( 'NONE', *, *, #2022, .T. ) ;
#235 = DIRECTION ( 'NONE',  ( -0.0000000000000000000, 0.0000000000000000000, 1.000000000000000000 ) ) ;
#236 = CIRCLE ( 'NONE', #5477, 0.3637862597461454239 ) ;
#237 = UNCERTAINTY_MEASURE_WITH_UNIT (LENGTH_MEASURE( 1.000000000000000082E-05 ), #5500, 'distance_accuracy_value', 'NONE');
#238 = VERTEX_POINT ( 'NONE', #3024 ) ;
#239 = COLOUR_RGB ( '',0.7921568627450980005, 0.8196078431372548767, 0.9333333333333333481 ) ;
#240 = VERTEX_POINT ( 'NONE', #4735 ) ;
#241 = ORIENTED_EDGE ( 'NONE', *, *, #3710, .F. ) ;
#242 = FACE_OUTER_BOUND ( 'NONE', #417, .T. ) ;
#243 = UNCERTAINTY_MEASURE_WITH_UNIT (LENGTH_MEASURE( 1.000000000000000082E-05 ), #4416, 'distance_accuracy_value', 'NONE');
#244 = ORIENTED_EDGE ( 'NONE', *, *, #2440, .T. ) ;
#245 = FILL_AREA_STYLE_COLOUR ( '', #2526 ) ;
#246 = ADVANCED_FACE ( 'NONE', ( #4358 ), #5248, .F. ) ;
#247 = ADVANCED_FACE ( 'NONE', ( #867 ), #4006, .F. ) ;
#248 = MECHANICAL_DESIGN_GEOMETRIC_PRESENTATION_REPRESENTATION (  '', ( #979 ), #2707 ) ;
#249 = CARTESIAN_POINT ( 'NONE',  ( -0.5035437629006764837, -0.05709504976923729380, 0.2799999999999999711 ) ) ;
#250 = LINE ( 'NONE', #1088, #1841 ) ;
#251 = SURFACE_STYLE_USAGE ( .BOTH. , #3290 ) ;
#252 = AXIS2_PLACEMENT_3D ( 'NONE', #2287, #5190, #3493 ) ;
#253 = STYLED_ITEM ( 'NONE', ( #4168 ), #1314 ) ;
#254 = EDGE_CURVE ( 'NONE', #1221, #4489, #1754, .T. ) ;
#255 = DIRECTION ( 'NONE',  ( -0.0000000000000000000, 0.0000000000000000000, 1.000000000000000000 ) ) ;
#256 = EDGE_LOOP ( 'NONE', ( #1452, #3609, #1574, #818 ) ) ;
#257 = SURFACE_STYLE_USAGE ( .BOTH. , #2827 ) ;
#258 = PRESENTATION_STYLE_ASSIGNMENT (( #1095 ) ) ;
#259 =( NAMED_UNIT ( * ) SI_UNIT ( $, .STERADIAN. ) SOLID_ANGLE_UNIT ( ) );
#260 = PRESENTATION_LAYER_ASSIGNMENT (  '', '', ( #2721 ) ) ;
#261 = MECHANICAL_DESIGN_GEOMETRIC_PRESENTATION_REPRESENTATION (  '', ( #3973 ), #3428 ) ;
#262 = CARTESIAN_POINT ( 'NONE',  ( 1.100000000000000311, 0.9999999999999997780, 0.01999999999999231906 ) ) ;
#263 = DIRECTION ( 'NONE',  ( -1.000000000000000000, 0.0000000000000000000, 0.0000000000000000000 ) ) ;
#264 = DIRECTION ( 'NONE',  ( -1.000000000000000000, 0.0000000000000000000, 0.0000000000000000000 ) ) ;
#265 = ORIENTED_EDGE ( 'NONE', *, *, #2759, .T. ) ;
#266 =( LENGTH_UNIT ( ) NAMED_UNIT ( * ) SI_UNIT ( .MILLI., .METRE. ) );
#267 = PRESENTATION_LAYER_ASSIGNMENT (  '', '', ( #3698 ) ) ;
#268 = VECTOR ( 'NONE', #4239, 1000.000000000000000 ) ;
#269 = ORIENTED_EDGE ( 'NONE', *, *, #2548, .T. ) ;
#270 = EDGE_LOOP ( 'NONE', ( #2904, #3299, #5549, #5365 ) ) ;
#271 = CARTESIAN_POINT ( 'NONE',  ( -0.8579650736781121445, -0.2234521286737552181, 0.2599999999999999534 ) ) ;
#272 = LINE ( 'NONE', #2009, #5172 ) ;
#273 = PRESENTATION_LAYER_ASSIGNMENT (  '', '', ( #1103 ) ) ;
#274 = ORIENTED_EDGE ( 'NONE', *, *, #5513, .F. ) ;
#275 = SURFACE_STYLE_FILL_AREA ( #4944 ) ;
#276 = VECTOR ( 'NONE', #5276, 1000.000000000000000 ) ;
#277 = FILL_AREA_STYLE_COLOUR ( '', #3338 ) ;
#278 = DIRECTION ( 'NONE',  ( 6.982962677686265922E-15, 0.0000000000000000000, 1.000000000000000000 ) ) ;
#279 = DIRECTION ( 'NONE',  ( -0.0000000000000000000, -0.0000000000000000000, -1.000000000000000000 ) ) ;
#280 = EDGE_CURVE ( 'NONE', #4291, #2011, #4413, .T. ) ;
#281 = CARTESIAN_POINT ( 'NONE',  ( 0.2532275857927164253, -0.5316465652036583833, 0.2599999999999999534 ) ) ;
#282 = SURFACE_SIDE_STYLE ('',( #1261 ) ) ;
#283 = EDGE_LOOP ( 'NONE', ( #5472, #4146, #3387, #1355 ) ) ;
#284 = UNCERTAINTY_MEASURE_WITH_UNIT (LENGTH_MEASURE( 1.000000000000000082E-05 ), #5398, 'distance_accuracy_value', 'NONE');
#285 = FILL_AREA_STYLE ('',( #1719 ) ) ;
#286 = EDGE_LOOP ( 'NONE', ( #3280, #992, #2000, #3055 ) ) ;
#287 = CARTESIAN_POINT ( 'NONE',  ( -0.1178234831815653944, -0.3593805362314128615, 0.2599999999999999534 ) ) ;
#288 = ADVANCED_FACE ( 'NONE', ( #1865 ), #1839, .F. ) ;
#289 = EDGE_CURVE ( 'NONE', #3781, #4590, #550, .T. ) ;
#290 = PRESENTATION_LAYER_ASSIGNMENT (  '', '', ( #3544 ) ) ;
#291 = DIRECTION ( 'NONE',  ( 3.097720492815726673E-16, 1.000000000000000000, -2.163126658723613029E-30 ) ) ;
#292 =( NAMED_UNIT ( * ) PLANE_ANGLE_UNIT ( ) SI_UNIT ( $, .RADIAN. ) );
#293 = PRESENTATION_STYLE_ASSIGNMENT (( #1642 ) ) ;
#294 = ORIENTED_EDGE ( 'NONE', *, *, #3217, .F. ) ;
#295 = ORIENTED_EDGE ( 'NONE', *, *, #1197, .F. ) ;
#296 =( NAMED_UNIT ( * ) SI_UNIT ( $, .STERADIAN. ) SOLID_ANGLE_UNIT ( ) );
#297 = UNCERTAINTY_MEASURE_WITH_UNIT (LENGTH_MEASURE( 1.000000000000000082E-05 ), #584, 'distance_accuracy_value', 'NONE');
#298 = STYLED_ITEM ( 'NONE', ( #1108 ), #4429 ) ;
#299 = LINE ( 'NONE', #3830, #3258 ) ;
#300 = CARTESIAN_POINT ( 'NONE',  ( 0.3999999999999996336, -0.9000000000000002442, -2.791820594150173918E-15 ) ) ;
#301 = ORIENTED_EDGE ( 'NONE', *, *, #4096, .T. ) ;
#302 = CARTESIAN_POINT ( 'NONE',  ( -0.6803386800598816286, -0.2391341263035014764, 0.2599999999999999534 ) ) ;
#303 = LINE ( 'NONE', #3808, #3107 ) ;
#304 = MANIFOLD_SOLID_BREP ( 'Boss-Extrude3[3]', #5384 ) ;
#305 = CIRCLE ( 'NONE', #3472, 0.2500000000000000000 ) ;
#306 = ORIENTED_EDGE ( 'NONE', *, *, #3377, .F. ) ;
#307 = SURFACE_STYLE_USAGE ( .BOTH. , #1516 ) ;
#308 = FACE_OUTER_BOUND ( 'NONE', #5110, .T. ) ;
#309 = DIRECTION ( 'NONE',  ( -0.0000000000000000000, 0.0000000000000000000, 1.000000000000000000 ) ) ;
#310 = DIRECTION ( 'NONE',  ( 1.000000000000000000, 3.872150616019658957E-17, -6.983251342707903681E-15 ) ) ;
#311 = ORIENTED_EDGE ( 'NONE', *, *, #1656, .F. ) ;
#312 = DIRECTION ( 'NONE',  ( 6.982962677686268288E-15, -0.0000000000000000000, 1.000000000000000000 ) ) ;
#313 = ORIENTED_EDGE ( 'NONE', *, *, #2585, .T. ) ;
#314 = DIRECTION ( 'NONE',  ( -0.0000000000000000000, -0.0000000000000000000, -1.000000000000000000 ) ) ;
#315 = LINE ( 'NONE', #5011, #4955 ) ;
#316 = MANIFOLD_SOLID_BREP ( 'Boss-Extrude4[2]', #758 ) ;
#317 = DIRECTION ( 'NONE',  ( -1.000000000000000000, 0.0000000000000000000, 6.938893903907228378E-15 ) ) ;
#318 = ORIENTED_EDGE ( 'NONE', *, *, #2328, .T. ) ;
#319 = EDGE_CURVE ( 'NONE', #4829, #675, #2219, .T. ) ;
#320 = ADVANCED_FACE ( 'NONE', ( #1010 ), #1527, .F. ) ;
#321 = PRESENTATION_STYLE_ASSIGNMENT (( #1148 ) ) ;
#322 = CARTESIAN_POINT ( 'NONE',  ( -0.6957328749551370262, 0.6914393411476200679, 0.2599999999999999534 ) ) ;
#323 = ORIENTED_EDGE ( 'NONE', *, *, #140, .T. ) ;
#324 = FILL_AREA_STYLE_COLOUR ( '', #455 ) ;
#325 = VECTOR ( 'NONE', #3927, 1000.000000000000000 ) ;
#326 = CARTESIAN_POINT ( 'NONE',  ( -0.5035437629006771498, 0.4569292977732096195, 0.2599999999999999534 ) ) ;
#327 = CARTESIAN_POINT ( 'NONE',  ( -0.7482052191486779913, -0.5828783997317398269, 0.2799999999999999711 ) ) ;
#328 = ORIENTED_EDGE ( 'NONE', *, *, #778, .T. ) ;
#329 = EDGE_CURVE ( 'NONE', #5285, #1959, #3241, .T. ) ;
#330 = COLOUR_RGB ( '',0.7921568627450980005, 0.8196078431372548767, 0.9333333333333333481 ) ;
#331 = FACE_OUTER_BOUND ( 'NONE', #1490, .T. ) ;
#332 =( NAMED_UNIT ( * ) SI_UNIT ( $, .STERADIAN. ) SOLID_ANGLE_UNIT ( ) );
#333 = CARTESIAN_POINT ( 'NONE',  ( -1.099999999999998979, 0.2499999999999998335, 0.2799999999999999711 ) ) ;
#334 = VERTEX_POINT ( 'NONE', #4925 ) ;
#335 = CARTESIAN_POINT ( 'NONE',  ( -0.4343137556297431701, 0.4509946331943126552, 0.2810000000000000275 ) ) ;
#336 = PLANE ( 'NONE',  #2188 ) ;
#337 = LINE ( 'NONE', #3813, #718 ) ;
#338 = VECTOR ( 'NONE', #3066, 1000.000000000000000 ) ;
#339 = FILL_AREA_STYLE_COLOUR ( '', #3886 ) ;
#340 = CARTESIAN_POINT ( 'NONE',  ( 0.7946937836714690340, -0.3065665198382721002, 0.2799999999999999711 ) ) ;
#341 = SURFACE_STYLE_FILL_AREA ( #863 ) ;
#342 = LINE ( 'NONE', #1264, #2797 ) ;
#343 = STYLED_ITEM ( 'NONE', ( #2361 ), #1096 ) ;
#344 =( NAMED_UNIT ( * ) SI_UNIT ( $, .STERADIAN. ) SOLID_ANGLE_UNIT ( ) );
#345 = VECTOR ( 'NONE', #2047, 1000.000000000000000 ) ;
#346 = MECHANICAL_DESIGN_GEOMETRIC_PRESENTATION_REPRESENTATION (  '', ( #3594 ), #2160 ) ;
#347 = CYLINDRICAL_SURFACE ( 'NONE', #1822, 0.2500000000000000000 ) ;
#348 = DIRECTION ( 'NONE',  ( -1.734723475976807094E-15, 1.000000000000000000, 0.0000000000000000000 ) ) ;
#349 = VERTEX_POINT ( 'NONE', #3589 ) ;
#350 = PRESENTATION_STYLE_ASSIGNMENT (( #3389 ) ) ;
#351 = DIRECTION ( 'NONE',  ( 1.000000000000000000, 0.0000000000000000000, 0.0000000000000000000 ) ) ;
#352 = DIRECTION ( 'NONE',  ( 1.000000000000000000, 0.0000000000000000000, -0.0000000000000000000 ) ) ;
#353 = CIRCLE ( 'NONE', #3873, 0.2500000000000000000 ) ;
#354 = CIRCLE ( 'NONE', #3519, 0.1000000000000000472 ) ;
#355 = ADVANCED_FACE ( 'NONE', ( #4112 ), #5317, .F. ) ;
#356 = VERTEX_POINT ( 'NONE', #3293 ) ;
#357 = MECHANICAL_DESIGN_GEOMETRIC_PRESENTATION_REPRESENTATION (  '', ( #3173 ), #80 ) ;
#358 = AXIS2_PLACEMENT_3D ( 'NONE', #1470, #4005, #1039 ) ;
#359 = DIRECTION ( 'NONE',  ( -3.469446951953614189E-15, -1.000000000000000000, 0.0000000000000000000 ) ) ;
#360 = CARTESIAN_POINT ( 'NONE',  ( 1.100000000000002309, -9.540979117872460713E-16, 0.2799999999999999711 ) ) ;
#361 = ORIENTED_EDGE ( 'NONE', *, *, #3302, .F. ) ;
#362 = LINE ( 'NONE', #3333, #2261 ) ;
#363 = AXIS2_PLACEMENT_3D ( 'NONE', #4364, #2222, #3491 ) ;
#364 = EDGE_CURVE ( 'NONE', #2206, #1485, #1173, .T. ) ;
#365 = COLOUR_RGB ( '',0.0000000000000000000, 0.0000000000000000000, 0.0000000000000000000 ) ;
#366 = EDGE_CURVE ( 'NONE', #4454, #5363, #2237, .T. ) ;
#367 = UNCERTAINTY_MEASURE_WITH_UNIT (LENGTH_MEASURE( 1.000000000000000082E-05 ), #4557, 'distance_accuracy_value', 'NONE');
#368 = DIRECTION ( 'NONE',  ( -0.0000000000000000000, 0.0000000000000000000, -1.000000000000000000 ) ) ;
#369 = CARTESIAN_POINT ( 'NONE',  ( -0.4135483952989442713, -0.3593805362314128615, 0.2810000000000000275 ) ) ;
#370 = CIRCLE ( 'NONE', #3899, 0.1000000000000000472 ) ;
#371 = LINE ( 'NONE', #1294, #3265 ) ;
#372 = DIRECTION ( 'NONE',  ( 1.000000000000000000, 1.897353801849631971E-15, 0.0000000000000000000 ) ) ;
#373 = PLANE ( 'NONE',  #2418 ) ;
#374 = PRESENTATION_STYLE_ASSIGNMENT (( #4251 ) ) ;
#375 =( LENGTH_UNIT ( ) NAMED_UNIT ( * ) SI_UNIT ( .MILLI., .METRE. ) );
#376 = ORIENTED_EDGE ( 'NONE', *, *, #5299, .F. ) ;
#377 = DIRECTION ( 'NONE',  ( -0.0000000000000000000, -0.0000000000000000000, -1.000000000000000000 ) ) ;
#378 = PRESENTATION_LAYER_ASSIGNMENT (  '', '', ( #1020 ) ) ;
#379 = COLOUR_RGB ( '',0.8509803921568627194, 0.8509803921568627194, 0.8509803921568627194 ) ;
#380 = DIRECTION ( 'NONE',  ( 0.0000000000000000000, -0.0000000000000000000, -1.000000000000000000 ) ) ;
#381 = VERTEX_POINT ( 'NONE', #5465 ) ;
#382 = FILL_AREA_STYLE_COLOUR ( '', #3620 ) ;
#383 = CARTESIAN_POINT ( 'NONE',  ( -0.7713451857263546874, 0.6561302432729905210, 0.2599999999999999534 ) ) ;
#384 = AXIS2_PLACEMENT_3D ( 'NONE', #1708, #5051, #3364 ) ;
#385 = CARTESIAN_POINT ( 'NONE',  ( 1.100000000000002087, 0.4999999999999997780, 0.2799999999999999711 ) ) ;
#386 = DIRECTION ( 'NONE',  ( 0.0000000000000000000, 1.000000000000000000, 0.0000000000000000000 ) ) ;
#387 = ORIENTED_EDGE ( 'NONE', *, *, #4717, .T. ) ;
#388 = MECHANICAL_DESIGN_GEOMETRIC_PRESENTATION_REPRESENTATION (  '', ( #944 ), #5537 ) ;
#389 = CARTESIAN_POINT ( 'NONE',  ( 0.6809088744240132662, 0.5569292977732096528, 0.2599999999999999534 ) ) ;
#390 = LINE ( 'NONE', #5084, #2880 ) ;
#391 = CARTESIAN_POINT ( 'NONE',  ( 0.3999999999999999667, 0.9000000000000000222, -2.791820594150173918E-15 ) ) ;
#392 = ADVANCED_FACE ( 'NONE', ( #2098 ), #5008, .T. ) ;
#393 = CARTESIAN_POINT ( 'NONE',  ( -0.7570035725588107889, 0.6212183713084244996, 0.2799999999999999711 ) ) ;
#394 = EDGE_CURVE ( 'NONE', #4938, #3411, #5066, .T. ) ;
#395 = CARTESIAN_POINT ( 'NONE',  ( 0.3124155170610083410, 0.04290495023076271869, 0.2799999999999999711 ) ) ;
#396 = DIRECTION ( 'NONE',  ( 0.0000000000000000000, 1.000000000000000000, 0.0000000000000000000 ) ) ;
#397 =( NAMED_UNIT ( * ) SI_UNIT ( $, .STERADIAN. ) SOLID_ANGLE_UNIT ( ) );
#398 = CARTESIAN_POINT ( 'NONE',  ( 0.6360270068922001530, 0.1776407652747672150, 0.2799999999999999711 ) ) ;
#399 =( NAMED_UNIT ( * ) PLANE_ANGLE_UNIT ( ) SI_UNIT ( $, .RADIAN. ) );
#400 = UNCERTAINTY_MEASURE_WITH_UNIT (LENGTH_MEASURE( 1.000000000000000082E-05 ), #2348, 'distance_accuracy_value', 'NONE');
#401 = FILL_AREA_STYLE ('',( #3878 ) ) ;
#402 = SURFACE_STYLE_FILL_AREA ( #2534 ) ;
#403 = SURFACE_STYLE_USAGE ( .BOTH. , #2501 ) ;
#404 = ORIENTED_EDGE ( 'NONE', *, *, #4067, .T. ) ;
#405 = PRESENTATION_STYLE_ASSIGNMENT (( #4230 ) ) ;
#406 = LINE ( 'NONE', #3436, #5308 ) ;
#407 =( LENGTH_UNIT ( ) NAMED_UNIT ( * ) SI_UNIT ( .MILLI., .METRE. ) );
#408 = LINE ( 'NONE', #1246, #2260 ) ;
#409 = LINE ( 'NONE', #2135, #2930 ) ;
#410 = VERTEX_POINT ( 'NONE', #4670 ) ;
#411 = DIRECTION ( 'NONE',  ( 0.0000000000000000000, -1.000000000000000000, 0.0000000000000000000 ) ) ;
#412 = PLANE ( 'NONE',  #796 ) ;
#413 = ORIENTED_EDGE ( 'NONE', *, *, #632, .T. ) ;
#414 = SURFACE_STYLE_FILL_AREA ( #5168 ) ;
#415 =( NAMED_UNIT ( * ) SI_UNIT ( $, .STERADIAN. ) SOLID_ANGLE_UNIT ( ) );
#416 = SURFACE_STYLE_USAGE ( .BOTH. , #854 ) ;
#417 = EDGE_LOOP ( 'NONE', ( #4657, #1180, #5576, #5230 ) ) ;
#418 = CARTESIAN_POINT ( 'NONE',  ( -1.100000000000000977, 0.1999999999999999833, 7.680894765701995475E-15 ) ) ;
#419 = DIRECTION ( 'NONE',  ( 6.982962677686268288E-15, -0.0000000000000000000, 1.000000000000000000 ) ) ;
#420 = SURFACE_STYLE_FILL_AREA ( #943 ) ;
#421 = EDGE_CURVE ( 'NONE', #1449, #5000, #3347, .T. ) ;
#422 = EDGE_CURVE ( 'NONE', #4746, #2884, #4165, .T. ) ;
#423 = CARTESIAN_POINT ( 'NONE',  ( 0.2532275857927164253, -0.3593805362314128615, 0.2599999999999999534 ) ) ;
#424 = DIRECTION ( 'NONE',  ( 0.0000000000000000000, 0.0000000000000000000, 1.000000000000000000 ) ) ;
#425 =( LENGTH_UNIT ( ) NAMED_UNIT ( * ) SI_UNIT ( .MILLI., .METRE. ) );
#426 = DIRECTION ( 'NONE',  ( -6.982962677686265922E-15, 0.0000000000000000000, -1.000000000000000000 ) ) ;
#427 = FILL_AREA_STYLE_COLOUR ( '', #572 ) ;
#428 = EDGE_CURVE ( 'NONE', #1973, #763, #3706, .T. ) ;
#429 = CARTESIAN_POINT ( 'NONE',  ( 0.0000000000000000000, 0.0000000000000000000, 0.2599999999999999534 ) ) ;
#430 = SURFACE_STYLE_FILL_AREA ( #4303 ) ;
#431 = ORIENTED_EDGE ( 'NONE', *, *, #5277, .F. ) ;
#432 = LINE ( 'NONE', #2568, #4254 ) ;
#433 =( GEOMETRIC_REPRESENTATION_CONTEXT ( 3 ) GLOBAL_UNCERTAINTY_ASSIGNED_CONTEXT ( ( #1515 ) ) GLOBAL_UNIT_ASSIGNED_CONTEXT ( ( #5251, #955, #5296 ) ) REPRESENTATION_CONTEXT ( 'NONE', 'WORKASPACE' ) );
#434 = PLANE ( 'NONE',  #4679 ) ;
#435 = ORIENTED_EDGE ( 'NONE', *, *, #2328, .F. ) ;
#436 =( LENGTH_UNIT ( ) NAMED_UNIT ( * ) SI_UNIT ( .MILLI., .METRE. ) );
#437 = COLOUR_RGB ( '',0.8509803921568627194, 0.8509803921568627194, 0.8509803921568627194 ) ;
#438 = CARTESIAN_POINT ( 'NONE',  ( -0.6740798441076681913, -0.6849774522544940236, 0.2599999999999999534 ) ) ;
#439 = CARTESIAN_POINT ( 'NONE',  ( 1.100000000000002087, -0.8614255068147830263, 0.2799999999999999711 ) ) ;
#440 = CARTESIAN_POINT ( 'NONE',  ( 1.100000000000002087, 0.4999999999999997780, 0.2799999999999999711 ) ) ;
#441 = FACE_OUTER_BOUND ( 'NONE', #2840, .T. ) ;
#442 = DIRECTION ( 'NONE',  ( 1.000000000000000000, 0.0000000000000000000, 0.0000000000000000000 ) ) ;
#443 = VERTEX_POINT ( 'NONE', #340 ) ;
#444 = FILL_AREA_STYLE ('',( #3140 ) ) ;
#445 = MECHANICAL_DESIGN_GEOMETRIC_PRESENTATION_REPRESENTATION (  '', ( #2796 ), #2428 ) ;
#446 = VECTOR ( 'NONE', #741, 1000.000000000000000 ) ;
#447 = VECTOR ( 'NONE', #2461, 1000.000000000000000 ) ;
#448 = ORIENTED_EDGE ( 'NONE', *, *, #2757, .T. ) ;
#449 =( NAMED_UNIT ( * ) SI_UNIT ( $, .STERADIAN. ) SOLID_ANGLE_UNIT ( ) );
#450 = VERTEX_POINT ( 'NONE', #2523 ) ;
#451 = SURFACE_STYLE_FILL_AREA ( #4693 ) ;
#452 = DIRECTION ( 'NONE',  ( 1.000000000000000000, 0.0000000000000000000, -6.982962677686266711E-15 ) ) ;
#453 =( GEOMETRIC_REPRESENTATION_CONTEXT ( 3 ) GLOBAL_UNCERTAINTY_ASSIGNED_CONTEXT ( ( #1034 ) ) GLOBAL_UNIT_ASSIGNED_CONTEXT ( ( #4660, #3806, #3446 ) ) REPRESENTATION_CONTEXT ( 'NONE', 'WORKASPACE' ) );
#454 = CIRCLE ( 'NONE', #3605, 0.3637862597461454239 ) ;
#455 = COLOUR_RGB ( '',0.8509803921568627194, 0.8509803921568627194, 0.8509803921568627194 ) ;
#456 = AXIS2_PLACEMENT_3D ( 'NONE', #4321, #2242, #78 ) ;
#457 = AXIS2_PLACEMENT_3D ( 'NONE', #4494, #683, #4128 ) ;
#458 = CARTESIAN_POINT ( 'NONE',  ( -1.100000000000000977, -0.2499999999999999445, 7.680894765701995475E-15 ) ) ;
#459 = CARTESIAN_POINT ( 'NONE',  ( -1.100000000000003642, -3.816391647148988229E-15, 7.680894765701995475E-15 ) ) ;
#460 = CARTESIAN_POINT ( 'NONE',  ( -1.099999999999999867, 1.000000000000000000, 0.02000000000000768177 ) ) ;
#461 = LINE ( 'NONE', #2591, #190 ) ;
#462 = ADVANCED_FACE ( 'NONE', ( #4250 ), #373, .T. ) ;
#463 =( NAMED_UNIT ( * ) SI_UNIT ( $, .STERADIAN. ) SOLID_ANGLE_UNIT ( ) );
#464 = ORIENTED_EDGE ( 'NONE', *, *, #1791, .F. ) ;
#465 = CARTESIAN_POINT ( 'NONE',  ( -1.099999999999998090, 0.4999999999999997780, 0.2600000000000076694 ) ) ;
#466 = LINE ( 'NONE', #3945, #2271 ) ;
#467 = EDGE_CURVE ( 'NONE', #4825, #4590, #3840, .T. ) ;
#468 = EDGE_CURVE ( 'NONE', #20, #240, #3483, .T. ) ;
#469 =( GEOMETRIC_REPRESENTATION_CONTEXT ( 3 ) GLOBAL_UNCERTAINTY_ASSIGNED_CONTEXT ( ( #5601 ) ) GLOBAL_UNIT_ASSIGNED_CONTEXT ( ( #5438, #1116, #3218 ) ) REPRESENTATION_CONTEXT ( 'NONE', 'WORKASPACE' ) );
#470 = DIRECTION ( 'NONE',  ( -0.0000000000000000000, -0.0000000000000000000, -1.000000000000000000 ) ) ;
#471 = ORIENTED_EDGE ( 'NONE', *, *, #2474, .F. ) ;
#472 =( NAMED_UNIT ( * ) SI_UNIT ( $, .STERADIAN. ) SOLID_ANGLE_UNIT ( ) );
#473 = VECTOR ( 'NONE', #4377, 1000.000000000000000 ) ;
#474 = VECTOR ( 'NONE', #3909, 1000.000000000000000 ) ;
#475 = MECHANICAL_DESIGN_GEOMETRIC_PRESENTATION_REPRESENTATION (  '', ( #104 ), #4809 ) ;
#476 = ORIENTED_EDGE ( 'NONE', *, *, #2788, .F. ) ;
#477 = ORIENTED_EDGE ( 'NONE', *, *, #2867, .T. ) ;
#478 = ORIENTED_EDGE ( 'NONE', *, *, #987, .F. ) ;
#479 = SURFACE_STYLE_FILL_AREA ( #3179 ) ;
#480 =( NAMED_UNIT ( * ) PLANE_ANGLE_UNIT ( ) SI_UNIT ( $, .RADIAN. ) );
#481 = VECTOR ( 'NONE', #3540, 1000.000000000000000 ) ;
#482 = VECTOR ( 'NONE', #5080, 1000.000000000000000 ) ;
#483 = DIRECTION ( 'NONE',  ( 6.982962677686268288E-15, -0.0000000000000000000, 1.000000000000000000 ) ) ;
#484 = CARTESIAN_POINT ( 'NONE',  ( 1.100000000000002531, 0.2499999999999997224, 0.2799999999999999711 ) ) ;
#485 = LINE ( 'NONE', #2300, #2833 ) ;
#486 = LINE ( 'NONE', #28, #4057 ) ;
#487 = DIRECTION ( 'NONE',  ( -1.000000000000000000, 0.0000000000000000000, 0.0000000000000000000 ) ) ;
#488 = AXIS2_PLACEMENT_3D ( 'NONE', #60, #1421, #5323 ) ;
#489 = PRESENTATION_STYLE_ASSIGNMENT (( #4789 ) ) ;
#490 = FILL_AREA_STYLE_COLOUR ( '', #4389 ) ;
#491 = ORIENTED_EDGE ( 'NONE', *, *, #5271, .T. ) ;
#492 = FACE_OUTER_BOUND ( 'NONE', #2018, .T. ) ;
#493 = EDGE_CURVE ( 'NONE', #4147, #1449, #4729, .T. ) ;
#494 = EDGE_CURVE ( 'NONE', #4399, #1973, #3872, .T. ) ;
#495 = FILL_AREA_STYLE_COLOUR ( '', #2195 ) ;
#496 = CARTESIAN_POINT ( 'NONE',  ( -0.7482052191486779913, -0.5828783997317398269, 0.2799999999999999711 ) ) ;
#497 = DIRECTION ( 'NONE',  ( -0.0000000000000000000, -0.0000000000000000000, -1.000000000000000000 ) ) ;
#498 =( NAMED_UNIT ( * ) PLANE_ANGLE_UNIT ( ) SI_UNIT ( $, .RADIAN. ) );
#499 = ORIENTED_EDGE ( 'NONE', *, *, #2440, .F. ) ;
#500 = SURFACE_STYLE_FILL_AREA ( #444 ) ;
#501 = EDGE_CURVE ( 'NONE', #5198, #356, #916, .T. ) ;
#502 = ORIENTED_EDGE ( 'NONE', *, *, #1932, .F. ) ;
#503 = ORIENTED_EDGE ( 'NONE', *, *, #4924, .T. ) ;
#504 = ORIENTED_EDGE ( 'NONE', *, *, #5446, .T. ) ;
#505 = CARTESIAN_POINT ( 'NONE',  ( -0.5388595371840243509, 0.8637862597461452019, 0.2599999999999999534 ) ) ;
#506 = CARTESIAN_POINT ( 'NONE',  ( -0.6832485166931815401, 0.8768473060465202806, 0.2599999999999998979 ) ) ;
#507 = CIRCLE ( 'NONE', #3044, 0.2500000000000000000 ) ;
#508 = APPLICATION_PROTOCOL_DEFINITION ( 'draft international standard', 'automotive_design', 1998, #3365 ) ;
#509 =( NAMED_UNIT ( * ) SI_UNIT ( $, .STERADIAN. ) SOLID_ANGLE_UNIT ( ) );
#510 = CARTESIAN_POINT ( 'NONE',  ( -1.100000000000000977, 0.0000000000000000000, 7.680894765701995475E-15 ) ) ;
#511 = PRESENTATION_STYLE_ASSIGNMENT (( #4382 ) ) ;
#512 = FILL_AREA_STYLE ('',( #4383 ) ) ;
#513 = DIRECTION ( 'NONE',  ( 1.000000000000000000, 0.0000000000000000000, -6.982962677686265922E-15 ) ) ;
#514 = AXIS2_PLACEMENT_3D ( 'NONE', #1671, #5495, #3321 ) ;
#515 = CARTESIAN_POINT ( 'NONE',  ( 1.100000000000000311, -0.2500000000000002220, 0.01999999999999231906 ) ) ;
#516 = STYLED_ITEM ( 'NONE', ( #5441 ), #392 ) ;
#517 = DIRECTION ( 'NONE',  ( -1.000000000000000000, 0.0000000000000000000, 6.938893903907228378E-15 ) ) ;
#518 = DIRECTION ( 'NONE',  ( -6.982962677686265922E-15, 0.0000000000000000000, -1.000000000000000000 ) ) ;
#519 = ORIENTED_EDGE ( 'NONE', *, *, #2973, .T. ) ;
#520 = CARTESIAN_POINT ( 'NONE',  ( 1.100000000000002087, -0.5000000000000002220, 0.2799999999999999711 ) ) ;
#521 = UNCERTAINTY_MEASURE_WITH_UNIT (LENGTH_MEASURE( 1.000000000000000082E-05 ), #4616, 'distance_accuracy_value', 'NONE');
#522 = CARTESIAN_POINT ( 'NONE',  ( -0.6766918921026191525, -0.5541450885699468198, 0.2599999999999999534 ) ) ;
#523 = COLOUR_RGB ( '',0.8509803921568627194, 0.8509803921568627194, 0.8509803921568627194 ) ;
#524 = DIRECTION ( 'NONE',  ( 1.000000000000000000, 0.0000000000000000000, -6.938893903907228378E-15 ) ) ;
#525 =( LENGTH_UNIT ( ) NAMED_UNIT ( * ) SI_UNIT ( .MILLI., .METRE. ) );
#526 = SURFACE_STYLE_FILL_AREA ( #2799 ) ;
#527 = VERTEX_POINT ( 'NONE', #3510 ) ;
#528 = DIRECTION ( 'NONE',  ( -0.6296153105544244344, -0.7769070476675159487, 0.0000000000000000000 ) ) ;
#529 = EDGE_CURVE ( 'NONE', #4253, #1226, #1349, .T. ) ;
#530 =( GEOMETRIC_REPRESENTATION_CONTEXT ( 3 ) GLOBAL_UNCERTAINTY_ASSIGNED_CONTEXT ( ( #3750 ) ) GLOBAL_UNIT_ASSIGNED_CONTEXT ( ( #750, #1297, #4198 ) ) REPRESENTATION_CONTEXT ( 'NONE', 'WORKASPACE' ) );
#531 = EDGE_LOOP ( 'NONE', ( #1895, #2701, #499, #836 ) ) ;
#532 = ORIENTED_EDGE ( 'NONE', *, *, #3606, .T. ) ;
#533 = CARTESIAN_POINT ( 'NONE',  ( -0.6623309004670925315, 0.8637862597461452019, 0.2599999999999999534 ) ) ;
#534 = CARTESIAN_POINT ( 'NONE',  ( -0.4343137556297431701, 0.4509946331943126552, 0.2599999999999999534 ) ) ;
#535 = EDGE_CURVE ( 'NONE', #410, #4802, #4355, .T. ) ;
#536 = EDGE_CURVE ( 'NONE', #1594, #882, #2149, .T. ) ;
#537 =( GEOMETRIC_REPRESENTATION_CONTEXT ( 3 ) GLOBAL_UNCERTAINTY_ASSIGNED_CONTEXT ( ( #1664 ) ) GLOBAL_UNIT_ASSIGNED_CONTEXT ( ( #4349, #3956, #4430 ) ) REPRESENTATION_CONTEXT ( 'NONE', 'WORKASPACE' ) );
#538 = MECHANICAL_DESIGN_GEOMETRIC_PRESENTATION_REPRESENTATION (  '', ( #1903 ), #2723 ) ;
#539 = LINE ( 'NONE', #1462, #148 ) ;
#540 = MECHANICAL_DESIGN_GEOMETRIC_PRESENTATION_REPRESENTATION (  '', ( #2902 ), #4330 ) ;
#541 = FILL_AREA_STYLE ('',( #1879 ) ) ;
#542 = CIRCLE ( 'NONE', #1551, 0.2500000000000000000 ) ;
#543 = B_SPLINE_SURFACE_WITH_KNOTS ( 'NONE', 3, 1, ( 
 ( #5027, #3421 ),
 ( #5175, #21 ),
 ( #2064, #3398 ),
 ( #3481, #4243 ) ),
 .UNSPECIFIED., .F., .F., .F.,
 ( 4, 4 ),
 ( 2, 2 ),
 ( 0.1244051645373050602, 1.000000000000000000 ),
 ( 0.0000000000000000000, 1.000000000000000000 ),
 .UNSPECIFIED. ) ;
#544 = FILL_AREA_STYLE_COLOUR ( '', #4803 ) ;
#545 = FACE_OUTER_BOUND ( 'NONE', #2846, .T. ) ;
#546 = PRESENTATION_LAYER_ASSIGNMENT (  '', '', ( #4699 ) ) ;
#547 = AXIS2_PLACEMENT_3D ( 'NONE', #798, #2522, #372 ) ;
#548 = COLOUR_RGB ( '',0.8509803921568627194, 0.8509803921568627194, 0.8509803921568627194 ) ;
#549 = CARTESIAN_POINT ( 'NONE',  ( 1.100000000000000089, -0.2500000000000002220, -7.680894765701995475E-15 ) ) ;
#550 = LINE ( 'NONE', #953, #4220 ) ;
#551 = VERTEX_POINT ( 'NONE', #4835 ) ;
#552 = DIRECTION ( 'NONE',  ( -0.0000000000000000000, -0.0000000000000000000, -1.000000000000000000 ) ) ;
#553 = PRESENTATION_STYLE_ASSIGNMENT (( #4841 ) ) ;
#554 = VECTOR ( 'NONE', #552, 1000.000000000000000 ) ;
#555 = FILL_AREA_STYLE_COLOUR ( '', #1042 ) ;
#556 = FILL_AREA_STYLE ('',( #2746 ) ) ;
#557 =( NAMED_UNIT ( * ) SI_UNIT ( $, .STERADIAN. ) SOLID_ANGLE_UNIT ( ) );
#558 = ORIENTED_EDGE ( 'NONE', *, *, #1799, .F. ) ;
#559 = SURFACE_SIDE_STYLE ('',( #3528 ) ) ;
#560 = STYLED_ITEM ( 'NONE', ( #4159 ), #3512 ) ;
#561 = ORIENTED_EDGE ( 'NONE', *, *, #885, .T. ) ;
#562 = ORIENTED_EDGE ( 'NONE', *, *, #1345, .F. ) ;
#563 = AXIS2_PLACEMENT_3D ( 'NONE', #1773, #942, #452 ) ;
#564 = ORIENTED_EDGE ( 'NONE', *, *, #3846, .F. ) ;
#565 = DIRECTION ( 'NONE',  ( 1.000000000000000000, 0.0000000000000000000, -0.0000000000000000000 ) ) ;
#566 = COLOUR_RGB ( '',0.7921568627450980005, 0.8196078431372548767, 0.9333333333333333481 ) ;
#567 =( NAMED_UNIT ( * ) PLANE_ANGLE_UNIT ( ) SI_UNIT ( $, .RADIAN. ) );
#568 = PRESENTATION_STYLE_ASSIGNMENT (( #3937 ) ) ;
#569 = EDGE_CURVE ( 'NONE', #2509, #3649, #4778, .T. ) ;
#570 = CARTESIAN_POINT ( 'NONE',  ( 0.5124155170610091847, 0.3080817958270101187, 0.2599999999999999534 ) ) ;
#571 = CARTESIAN_POINT ( 'NONE',  ( 0.7249999999999999778, -1.000000000000000000, 0.2599999999999999534 ) ) ;
#572 = COLOUR_RGB ( '',0.8509803921568627194, 0.8509803921568627194, 0.8509803921568627194 ) ;
#573 = SURFACE_SIDE_STYLE ('',( #2277 ) ) ;
#574 =( NAMED_UNIT ( * ) PLANE_ANGLE_UNIT ( ) SI_UNIT ( $, .RADIAN. ) );
#575 = FILL_AREA_STYLE ('',( #2783 ) ) ;
#576 = LINE ( 'NONE', #4814, #3202 ) ;
#577 = STYLED_ITEM ( 'NONE', ( #4426 ), #4272 ) ;
#578 = FILL_AREA_STYLE ('',( #3545 ) ) ;
#579 = ORIENTED_EDGE ( 'NONE', *, *, #1984, .F. ) ;
#580 = CARTESIAN_POINT ( 'NONE',  ( -1.099999999999998090, -0.4999999999999997780, 0.2600000000000076694 ) ) ;
#581 = COLOUR_RGB ( '',1.000000000000000000, 1.000000000000000000, 1.000000000000000000 ) ;
#582 = SURFACE_STYLE_USAGE ( .BOTH. , #4507 ) ;
#583 = SURFACE_STYLE_FILL_AREA ( #1397 ) ;
#584 =( LENGTH_UNIT ( ) NAMED_UNIT ( * ) SI_UNIT ( .MILLI., .METRE. ) );
#585 = ORIENTED_EDGE ( 'NONE', *, *, #1624, .F. ) ;
#586 = DIRECTION ( 'NONE',  ( -6.982962677686265922E-15, 0.0000000000000000000, -1.000000000000000000 ) ) ;
#587 = B_SPLINE_SURFACE_WITH_KNOTS ( 'NONE', 3, 1, ( 
 ( #2673, #505 ),
 ( #4770, #533 ),
 ( #128, #1853 ),
 ( #2753, #3580 ),
 ( #72, #1876 ),
 ( #1457, #1828 ) ),
 .UNSPECIFIED., .F., .F., .F.,
 ( 4, 1, 1, 4 ),
 ( 2, 2 ),
 ( 0.0000000000000000000, 0.3358544910758269886, 0.5565088627750724992, 1.000000000000000000 ),
 ( 0.0000000000000000000, 1.000000000000000000 ),
 .UNSPECIFIED. ) ;
#588 = UNCERTAINTY_MEASURE_WITH_UNIT (LENGTH_MEASURE( 1.000000000000000082E-05 ), #2742, 'distance_accuracy_value', 'NONE');
#589 = ORIENTED_EDGE ( 'NONE', *, *, #2089, .T. ) ;
#590 = DIRECTION ( 'NONE',  ( 0.0000000000000000000, -0.0000000000000000000, -1.000000000000000000 ) ) ;
#591 = ORIENTED_EDGE ( 'NONE', *, *, #1893, .T. ) ;
#592 = ORIENTED_EDGE ( 'NONE', *, *, #366, .F. ) ;
#593 = LINE ( 'NONE', #681, #447 ) ;
#594 = CARTESIAN_POINT ( 'NONE',  ( 0.7946937836714690340, -0.3065665198382721002, 0.2799999999999999711 ) ) ;
#595 = CARTESIAN_POINT ( 'NONE',  ( 1.319207256221187836E-16, 0.2000000000000000389, 0.02000000000000000042 ) ) ;
#596 = CARTESIAN_POINT ( 'NONE',  ( 0.6534767642029393198, -0.1570950497692372438, 0.2799999999999999711 ) ) ;
#597 = CARTESIAN_POINT ( 'NONE',  ( 0.2532275857927164253, -0.5316465652036583833, 0.2599999999999999534 ) ) ;
#598 = AXIS2_PLACEMENT_3D ( 'NONE', #1045, #178, #4904 ) ;
#599 = EDGE_CURVE ( 'NONE', #1846, #1184, #2589, .T. ) ;
#600 = EDGE_CURVE ( 'NONE', #2343, #4982, #2703, .T. ) ;
#601 = CARTESIAN_POINT ( 'NONE',  ( -0.6111183130522259699, -0.6072867474877421401, 0.2799999999999999711 ) ) ;
#602 = LINE ( 'NONE', #5382, #3335 ) ;
#603 = EDGE_LOOP ( 'NONE', ( #4625, #3479, #2537, #269 ) ) ;
#604 = ADVANCED_FACE ( 'NONE', ( #1296 ), #861, .F. ) ;
#605 = EDGE_CURVE ( 'NONE', #4483, #4015, #4403, .T. ) ;
#606 =( GEOMETRIC_REPRESENTATION_CONTEXT ( 3 ) GLOBAL_UNCERTAINTY_ASSIGNED_CONTEXT ( ( #2467 ) ) GLOBAL_UNIT_ASSIGNED_CONTEXT ( ( #5293, #1988, #3270 ) ) REPRESENTATION_CONTEXT ( 'NONE', 'WORKASPACE' ) );
#607 = CARTESIAN_POINT ( 'NONE',  ( -0.6832485166931815401, 0.8768473060465202806, 0.2799999999999999156 ) ) ;
#608 = LINE ( 'NONE', #2255, #3291 ) ;
#609 = CARTESIAN_POINT ( 'NONE',  ( 0.3195831592659477138, 0.04041390370446151792, 0.2599999999999999534 ) ) ;
#610 = ORIENTED_EDGE ( 'NONE', *, *, #493, .T. ) ;
#611 = DIRECTION ( 'NONE',  ( 1.000000000000000000, 0.0000000000000000000, 0.0000000000000000000 ) ) ;
#612 =( GEOMETRIC_REPRESENTATION_CONTEXT ( 3 ) GLOBAL_UNCERTAINTY_ASSIGNED_CONTEXT ( ( #3639 ) ) GLOBAL_UNIT_ASSIGNED_CONTEXT ( ( #932, #498, #3167 ) ) REPRESENTATION_CONTEXT ( 'NONE', 'WORKASPACE' ) );
#613 = ORIENTED_EDGE ( 'NONE', *, *, #319, .T. ) ;
#614 = CARTESIAN_POINT ( 'NONE',  ( -1.099999999999998090, 0.4999999999999997780, 0.2799999999999999711 ) ) ;
#615 = ORIENTED_EDGE ( 'NONE', *, *, #778, .F. ) ;
#616 = VERTEX_POINT ( 'NONE', #1385 ) ;
#617 = SURFACE_STYLE_USAGE ( .BOTH. , #1486 ) ;
#618 = SURFACE_STYLE_USAGE ( .BOTH. , #1541 ) ;
#619 = VECTOR ( 'NONE', #4212, 1000.000000000000000 ) ;
#620 = MECHANICAL_DESIGN_GEOMETRIC_PRESENTATION_REPRESENTATION (  '', ( #4592 ), #3424 ) ;
#621 = ORIENTED_EDGE ( 'NONE', *, *, #468, .F. ) ;
#622 = VECTOR ( 'NONE', #3678, 1000.000000000000000 ) ;
#623 =( NAMED_UNIT ( * ) PLANE_ANGLE_UNIT ( ) SI_UNIT ( $, .RADIAN. ) );
#624 = DIRECTION ( 'NONE',  ( 1.000000000000000000, 0.0000000000000000000, 0.0000000000000000000 ) ) ;
#625 = DIRECTION ( 'NONE',  ( -1.000000000000000000, 0.0000000000000000000, 0.0000000000000000000 ) ) ;
#626 = VECTOR ( 'NONE', #2984, 1000.000000000000000 ) ;
#627 = DIRECTION ( 'NONE',  ( -1.000000000000000000, 0.0000000000000000000, 0.0000000000000000000 ) ) ;
#628 = MECHANICAL_DESIGN_GEOMETRIC_PRESENTATION_REPRESENTATION (  '', ( #4867 ), #4241 ) ;
#629 = AXIS2_PLACEMENT_3D ( 'NONE', #5091, #1626, #4665 ) ;
#630 = PRESENTATION_LAYER_ASSIGNMENT (  '', '', ( #1906 ) ) ;
#631 =( NAMED_UNIT ( * ) PLANE_ANGLE_UNIT ( ) SI_UNIT ( $, .RADIAN. ) );
#632 = EDGE_CURVE ( 'NONE', #4938, #5261, #4751, .T. ) ;
#633 = SURFACE_STYLE_FILL_AREA ( #2443 ) ;
#634 = CARTESIAN_POINT ( 'NONE',  ( 0.7174695751538135990, -0.08025157153844877933, 0.2599999999999999534 ) ) ;
#635 = STYLED_ITEM ( 'NONE', ( #2862 ), #5369 ) ;
#636 = VECTOR ( 'NONE', #2123, 1000.000000000000000 ) ;
#637 = CARTESIAN_POINT ( 'NONE',  ( 0.0000000000000000000, 0.0000000000000000000, 0.2810000000000000275 ) ) ;
#638 = FILL_AREA_STYLE ('',( #4173 ) ) ;
#639 = ADVANCED_FACE ( 'NONE', ( #2614 ), #3094, .F. ) ;
#640 = AXIS2_PLACEMENT_3D ( 'NONE', #3985, #4068, #1819 ) ;
#641 = EDGE_CURVE ( 'NONE', #5497, #4483, #3123, .T. ) ;
#642 = ORIENTED_EDGE ( 'NONE', *, *, #5164, .F. ) ;
#643 = CARTESIAN_POINT ( 'NONE',  ( -0.7249999999999999778, -1.000000000000000000, 0.8400000000000000799 ) ) ;
#644 = PRESENTATION_LAYER_ASSIGNMENT (  '', '', ( #3091 ) ) ;
#645 = ORIENTED_EDGE ( 'NONE', *, *, #1624, .T. ) ;
#646 = SURFACE_STYLE_FILL_AREA ( #3718 ) ;
#647 = VERTEX_POINT ( 'NONE', #1003 ) ;
#648 = ORIENTED_EDGE ( 'NONE', *, *, #1932, .T. ) ;
#649 = CARTESIAN_POINT ( 'NONE',  ( -0.8579650736781121445, -0.2234521286737552181, 0.2799999999999999711 ) ) ;
#650 = VECTOR ( 'NONE', #3513, 1000.000000000000000 ) ;
#651 = CARTESIAN_POINT ( 'NONE',  ( 0.8500000000000019762, -0.5000000000000002220, 0.2599999999999940137 ) ) ;
#652 = ORIENTED_EDGE ( 'NONE', *, *, #468, .T. ) ;
#653 = CARTESIAN_POINT ( 'NONE',  ( 0.7774874880952626910, 0.3068909665269575204, 0.2799999999999999711 ) ) ;
#654 = CARTESIAN_POINT ( 'NONE',  ( 0.5359203924145663489, -0.7671295513012331702, 0.2799999999999999711 ) ) ;
#655 = DIRECTION ( 'NONE',  ( -0.0000000000000000000, -0.0000000000000000000, -1.000000000000000000 ) ) ;
#656 =( GEOMETRIC_REPRESENTATION_CONTEXT ( 3 ) GLOBAL_UNCERTAINTY_ASSIGNED_CONTEXT ( ( #284 ) ) GLOBAL_UNIT_ASSIGNED_CONTEXT ( ( #5398, #3612, #4462 ) ) REPRESENTATION_CONTEXT ( 'NONE', 'WORKASPACE' ) );
#657 = CLOSED_SHELL ( 'NONE', ( #1623, #4992, #4272, #288, #4820, #3779, #2403, #884, #4268, #5409, #5136, #3891 ) ) ;
#658 =( GEOMETRIC_REPRESENTATION_CONTEXT ( 3 ) GLOBAL_UNCERTAINTY_ASSIGNED_CONTEXT ( ( #3842 ) ) GLOBAL_UNIT_ASSIGNED_CONTEXT ( ( #4798, #903, #4344 ) ) REPRESENTATION_CONTEXT ( 'NONE', 'WORKASPACE' ) );
#659 = SURFACE_STYLE_USAGE ( .BOTH. , #4952 ) ;
#660 = FILL_AREA_STYLE_COLOUR ( '', #2323 ) ;
#661 = CARTESIAN_POINT ( 'NONE',  ( 0.5124155170610084076, 0.2080817958270101131, 0.2799999999999999711 ) ) ;
#662 = LINE ( 'NONE', #1041, #3681 ) ;
#663 = EDGE_LOOP ( 'NONE', ( #4583, #3211, #3987, #734 ) ) ;
#664 =( NAMED_UNIT ( * ) SI_UNIT ( $, .STERADIAN. ) SOLID_ANGLE_UNIT ( ) );
#665 = AXIS2_PLACEMENT_3D ( 'NONE', #3647, #197, #1170 ) ;
#666 = CARTESIAN_POINT ( 'NONE',  ( 0.7376531201253040404, 0.5519215185516125333, 0.2799999999999999711 ) ) ;
#667 = AXIS2_PLACEMENT_3D ( 'NONE', #4019, #1483, #5366 ) ;
#668 = CYLINDRICAL_SURFACE ( 'NONE', #2356, 0.09999999999999993616 ) ;
#669 = VERTEX_POINT ( 'NONE', #1059 ) ;
#670 = CARTESIAN_POINT ( 'NONE',  ( -1.099999999999998535, -0.8614255068147822492, 0.2599999999999999534 ) ) ;
#671 = ADVANCED_FACE ( 'NONE', ( #4023 ), #5290, .T. ) ;
#672 = EDGE_CURVE ( 'NONE', #5198, #1594, #539, .T. ) ;
#673 = ORIENTED_EDGE ( 'NONE', *, *, #4067, .F. ) ;
#674 = DIRECTION ( 'NONE',  ( -3.469446951953614189E-15, -1.000000000000000000, 0.0000000000000000000 ) ) ;
#675 = VERTEX_POINT ( 'NONE', #3188 ) ;
#676 = ORIENTED_EDGE ( 'NONE', *, *, #3368, .T. ) ;
#677 = CARTESIAN_POINT ( 'NONE',  ( -0.3095939579225142069, -0.5316465652036583833, 0.2810000000000000275 ) ) ;
#678 = DIRECTION ( 'NONE',  ( 1.000000000000000000, 0.0000000000000000000, -0.0000000000000000000 ) ) ;
#679 = EDGE_CURVE ( 'NONE', #3056, #990, #2761, .T. ) ;
#680 = ORIENTED_EDGE ( 'NONE', *, *, #5205, .F. ) ;
#681 = CARTESIAN_POINT ( 'NONE',  ( -0.4343137556297431701, 0.4509946331943126552, 0.2810000000000000275 ) ) ;
#682 = CARTESIAN_POINT ( 'NONE',  ( -0.6035437629006772386, 0.4569292977732090089, 0.2799999999999999711 ) ) ;
#683 = DIRECTION ( 'NONE',  ( -0.0000000000000000000, -0.0000000000000000000, -1.000000000000000000 ) ) ;
#684 = PLANE ( 'NONE',  #1407 ) ;
#685 = ORIENTED_EDGE ( 'NONE', *, *, #3408, .T. ) ;
#686 = UNCERTAINTY_MEASURE_WITH_UNIT (LENGTH_MEASURE( 1.000000000000000082E-05 ), #3939, 'distance_accuracy_value', 'NONE');
#687 = DIRECTION ( 'NONE',  ( -0.0000000000000000000, -0.0000000000000000000, -1.000000000000000000 ) ) ;
#688 = FACE_OUTER_BOUND ( 'NONE', #3634, .T. ) ;
#689 = AXIS2_PLACEMENT_3D ( 'NONE', #440, #470, #4875 ) ;
#690 = CARTESIAN_POINT ( 'NONE',  ( 0.7672489025476870728, 0.6470277182179263731, 0.2799999999999999711 ) ) ;
#691 = DIRECTION ( 'NONE',  ( 0.0000000000000000000, -0.0000000000000000000, -1.000000000000000000 ) ) ;
#692 = CARTESIAN_POINT ( 'NONE',  ( 0.4124155170610083188, 0.04290495023076341258, 0.2799999999999999711 ) ) ;
#693 = CARTESIAN_POINT ( 'NONE',  ( 0.6534767642029393198, -0.1570950497692372438, 0.2799999999999999711 ) ) ;
#694 = ORIENTED_EDGE ( 'NONE', *, *, #173, .F. ) ;
#695 = MECHANICAL_DESIGN_GEOMETRIC_PRESENTATION_REPRESENTATION (  '', ( #2966 ), #3664 ) ;
#696 = UNCERTAINTY_MEASURE_WITH_UNIT (LENGTH_MEASURE( 1.000000000000000082E-05 ), #3385, 'distance_accuracy_value', 'NONE');
#697 = VERTEX_POINT ( 'NONE', #2033 ) ;
#698 = COLOUR_RGB ( '',0.8509803921568627194, 0.8509803921568627194, 0.8509803921568627194 ) ;
#699 = VERTEX_POINT ( 'NONE', #2319 ) ;
#700 = SURFACE_STYLE_FILL_AREA ( #5338 ) ;
#701 = FILL_AREA_STYLE ('',( #3536 ) ) ;
#702 = VECTOR ( 'NONE', #5182, 1000.000000000000000 ) ;
#703 = UNCERTAINTY_MEASURE_WITH_UNIT (LENGTH_MEASURE( 1.000000000000000082E-05 ), #1554, 'distance_accuracy_value', 'NONE');
#704 = EDGE_LOOP ( 'NONE', ( #5104, #5592, #323, #5085, #4113, #3206, #1513 ) ) ;
#705 = FACE_OUTER_BOUND ( 'NONE', #3607, .T. ) ;
#706 = MECHANICAL_DESIGN_GEOMETRIC_PRESENTATION_REPRESENTATION (  '', ( #4231 ), #433 ) ;
#707 = ADVANCED_FACE ( 'NONE', ( #4183 ), #4049, .T. ) ;
#708 = EDGE_CURVE ( 'NONE', #963, #4020, #3562, .T. ) ;
#709 = CYLINDRICAL_SURFACE ( 'NONE', #1201, 0.2500000000000000000 ) ;
#710 = PLANE ( 'NONE',  #1633 ) ;
#711 = COLOUR_RGB ( '',1.000000000000000000, 1.000000000000000000, 1.000000000000000000 ) ;
#712 = FILL_AREA_STYLE ('',( #5007 ) ) ;
#713 =( LENGTH_UNIT ( ) NAMED_UNIT ( * ) SI_UNIT ( .MILLI., .METRE. ) );
#715 = EDGE_LOOP ( 'NONE', ( #2868, #4516, #477, #1279 ) ) ;
#714 = VECTOR ( 'NONE', #4525, 1000.000000000000000 ) ;
#716 = VECTOR ( 'NONE', #5416, 1000.000000000000000 ) ;
#717 = CARTESIAN_POINT ( 'NONE',  ( -0.6740798441076681913, -0.6849774522544940236, 0.2799999999999999711 ) ) ;
#718 = VECTOR ( 'NONE', #3755, 1000.000000000000000 ) ;
#719 = DIRECTION ( 'NONE',  ( 0.0000000000000000000, -0.0000000000000000000, -1.000000000000000000 ) ) ;
#720 = CARTESIAN_POINT ( 'NONE',  ( -0.1178234831815653944, -0.5316465652036583833, 0.2810000000000000275 ) ) ;
#721 = VECTOR ( 'NONE', #4637, 1000.000000000000000 ) ;
#722 = DIRECTION ( 'NONE',  ( 1.000000000000000000, 0.0000000000000000000, 0.0000000000000000000 ) ) ;
#723 = CARTESIAN_POINT ( 'NONE',  ( -0.6766918921026191525, -0.5541450885699468198, 0.2799999999999999711 ) ) ;
#724 = FACE_OUTER_BOUND ( 'NONE', #1887, .T. ) ;
#725 = EDGE_LOOP ( 'NONE', ( #769, #5490, #5257, #2233 ) ) ;
#726 = VECTOR ( 'NONE', #2371, 1000.000000000000000 ) ;
#727 = SURFACE_STYLE_USAGE ( .BOTH. , #5107 ) ;
#728 = AXIS2_PLACEMENT_3D ( 'NONE', #4084, #1987, #5380 ) ;
#729 = VECTOR ( 'NONE', #4726, 1000.000000000000000 ) ;
#730 = AXIS2_PLACEMENT_3D ( 'NONE', #5344, #2815, #1222 ) ;
#731 =( NAMED_UNIT ( * ) SI_UNIT ( $, .STERADIAN. ) SOLID_ANGLE_UNIT ( ) );
#732 = VECTOR ( 'NONE', #2817, 1000.000000000000000 ) ;
#733 = DIRECTION ( 'NONE',  ( 0.0000000000000000000, -1.000000000000000000, 0.0000000000000000000 ) ) ;
#734 = ORIENTED_EDGE ( 'NONE', *, *, #1586, .F. ) ;
#735 = DIRECTION ( 'NONE',  ( 1.000000000000000000, 3.872150616019658957E-17, -6.983251342707903681E-15 ) ) ;
#736 = VERTEX_POINT ( 'NONE', #571 ) ;
#737 =( LENGTH_UNIT ( ) NAMED_UNIT ( * ) SI_UNIT ( .MILLI., .METRE. ) );
#738 = DIRECTION ( 'NONE',  ( -0.0000000000000000000, 0.0000000000000000000, 1.000000000000000000 ) ) ;
#739 = ORIENTED_EDGE ( 'NONE', *, *, #2301, .T. ) ;
#740 = DIRECTION ( 'NONE',  ( -1.000000000000000000, -1.319749811710431715E-15, 0.0000000000000000000 ) ) ;
#741 = DIRECTION ( 'NONE',  ( 1.000000000000000000, 0.0000000000000000000, -6.983251342707903681E-15 ) ) ;
#742 = AXIS2_PLACEMENT_3D ( 'NONE', #223, #1962, #624 ) ;
#743 = EDGE_CURVE ( 'NONE', #1755, #3233, #3004, .T. ) ;
#744 = CARTESIAN_POINT ( 'NONE',  ( -1.100000000000000533, -0.8999999999999996891, 7.680894765701995475E-15 ) ) ;
#745 = PRESENTATION_STYLE_ASSIGNMENT (( #3817 ) ) ;
#746 = ORIENTED_EDGE ( 'NONE', *, *, #2826, .F. ) ;
#747 = VECTOR ( 'NONE', #1877, 1000.000000000000000 ) ;
#748 = UNCERTAINTY_MEASURE_WITH_UNIT (LENGTH_MEASURE( 1.000000000000000082E-05 ), #737, 'distance_accuracy_value', 'NONE');
#749 = SURFACE_STYLE_FILL_AREA ( #4561 ) ;
#750 =( LENGTH_UNIT ( ) NAMED_UNIT ( * ) SI_UNIT ( .MILLI., .METRE. ) );
#751 = ORIENTED_EDGE ( 'NONE', *, *, #113, .F. ) ;
#752 = FILL_AREA_STYLE_COLOUR ( '', #1117 ) ;
#753 = VECTOR ( 'NONE', #1923, 1000.000000000000000 ) ;
#754 = DIRECTION ( 'NONE',  ( 0.0000000000000000000, -0.0000000000000000000, -1.000000000000000000 ) ) ;
#755 = DIRECTION ( 'NONE',  ( 6.982962677686268288E-15, -0.0000000000000000000, 1.000000000000000000 ) ) ;
#756 = ORIENTED_EDGE ( 'NONE', *, *, #2578, .F. ) ;
#757 = ORIENTED_EDGE ( 'NONE', *, *, #4361, .F. ) ;
#758 = CLOSED_SHELL ( 'NONE', ( #2731, #1931, #4163, #785, #5330, #4463 ) ) ;
#759 =( NAMED_UNIT ( * ) SI_UNIT ( $, .STERADIAN. ) SOLID_ANGLE_UNIT ( ) );
#760 = AXIS2_PLACEMENT_3D ( 'NONE', #2103, #3021, #3822 ) ;
#761 = PRESENTATION_LAYER_ASSIGNMENT (  '', '', ( #577 ) ) ;
#762 = CARTESIAN_POINT ( 'NONE',  ( 0.0000000000000000000, -0.05709504976923727992, 0.2799999999999999711 ) ) ;
#763 = VERTEX_POINT ( 'NONE', #849 ) ;
#764 = FILL_AREA_STYLE ('',( #3896 ) ) ;
#765 = ORIENTED_EDGE ( 'NONE', *, *, #113, .T. ) ;
#766 = CARTESIAN_POINT ( 'NONE',  ( 1.100000000000002087, 0.4999999999999997780, 0.2799999999999999711 ) ) ;
#767 = MECHANICAL_DESIGN_GEOMETRIC_PRESENTATION_REPRESENTATION (  '', ( #211 ), #2391 ) ;
#768 = UNCERTAINTY_MEASURE_WITH_UNIT (LENGTH_MEASURE( 1.000000000000000082E-05 ), #1412, 'distance_accuracy_value', 'NONE');
#769 = ORIENTED_EDGE ( 'NONE', *, *, #1695, .T. ) ;
#770 =( LENGTH_UNIT ( ) NAMED_UNIT ( * ) SI_UNIT ( .MILLI., .METRE. ) );
#771 = DIRECTION ( 'NONE',  ( 1.000000000000000000, 0.0000000000000000000, -0.0000000000000000000 ) ) ;
#772 = PLANE ( 'NONE',  #1395 ) ;
#773 = LINE ( 'NONE', #1232, #5058 ) ;
#774 = CARTESIAN_POINT ( 'NONE',  ( 0.3432670707574931868, -0.5316465652036583833, 0.2810000000000000275 ) ) ;
#775 = DIRECTION ( 'NONE',  ( 0.0000000000000000000, -1.000000000000000000, 0.0000000000000000000 ) ) ;
#776 = EDGE_LOOP ( 'NONE', ( #592, #4199, #5489, #3088 ) ) ;
#777 = EDGE_CURVE ( 'NONE', #2778, #4627, #5304, .T. ) ;
#778 = EDGE_CURVE ( 'NONE', #450, #1221, #390, .T. ) ;
#779 = LINE ( 'NONE', #1182, #1897 ) ;
#780 = VERTEX_POINT ( 'NONE', #4632 ) ;
#781 =( LENGTH_UNIT ( ) NAMED_UNIT ( * ) SI_UNIT ( .MILLI., .METRE. ) );
#782 = CARTESIAN_POINT ( 'NONE',  ( 0.0000000000000000000, 1.000000000000000000, 0.02000000000000000042 ) ) ;
#783 = CARTESIAN_POINT ( 'NONE',  ( -0.5740798441076681025, -0.7671295513012332812, 0.2599999999999999534 ) ) ;
#784 = EDGE_CURVE ( 'NONE', #616, #2136, #2576, .T. ) ;
#785 = ADVANCED_FACE ( 'NONE', ( #2137 ), #2172, .F. ) ;
#786 =( NAMED_UNIT ( * ) SI_UNIT ( $, .STERADIAN. ) SOLID_ANGLE_UNIT ( ) );
#787 = ORIENTED_EDGE ( 'NONE', *, *, #1066, .T. ) ;
#788 = LINE ( 'NONE', #2383, #268 ) ;
#789 = VECTOR ( 'NONE', #1997, 1000.000000000000000 ) ;
#790 = DIRECTION ( 'NONE',  ( 0.0000000000000000000, -0.0000000000000000000, -1.000000000000000000 ) ) ;
#791 = FACE_OUTER_BOUND ( 'NONE', #5018, .T. ) ;
#792 = ORIENTED_EDGE ( 'NONE', *, *, #1130, .T. ) ;
#793 = CARTESIAN_POINT ( 'NONE',  ( 0.5359203924145663489, -0.7671295513012331702, 0.2799999999999999711 ) ) ;
#794 = SURFACE_STYLE_FILL_AREA ( #5463 ) ;
#795 = AXIS2_PLACEMENT_3D ( 'NONE', #4322, #4808, #5265 ) ;
#796 = AXIS2_PLACEMENT_3D ( 'NONE', #360, #5584, #1737 ) ;
#797 = FACE_OUTER_BOUND ( 'NONE', #3804, .T. ) ;
#798 = CARTESIAN_POINT ( 'NONE',  ( 0.5124155170610084076, 0.2080817958270101131, 0.2599999999999999534 ) ) ;
#799 = CARTESIAN_POINT ( 'NONE',  ( 0.7174695751538135990, 0.3080817958270101187, 0.2799999999999999711 ) ) ;
#800 = SURFACE_SIDE_STYLE ('',( #2958 ) ) ;
#801 = UNCERTAINTY_MEASURE_WITH_UNIT (LENGTH_MEASURE( 1.000000000000000082E-05 ), #980, 'distance_accuracy_value', 'NONE');
#802 = LINE ( 'NONE', #3381, #4799 ) ;
#803 = CARTESIAN_POINT ( 'NONE',  ( 0.3648896556285308179, 1.000000000000000000, -2.547875105340935420E-15 ) ) ;
#804 = DIRECTION ( 'NONE',  ( -4.646580739223590995E-16, -1.000000000000000000, 3.244824118618382289E-30 ) ) ;
#805 = COLOUR_RGB ( '',0.8509803921568627194, 0.8509803921568627194, 0.8509803921568627194 ) ;
#806 = CARTESIAN_POINT ( 'NONE',  ( -1.099999999999998979, 0.2499999999999998335, 0.2799999999999999711 ) ) ;
#807 = AXIS2_PLACEMENT_3D ( 'NONE', #2756, #4464, #1856 ) ;
#808 = SURFACE_SIDE_STYLE ('',( #3410 ) ) ;
#809 = ORIENTED_EDGE ( 'NONE', *, *, #4027, .T. ) ;
#810 = CARTESIAN_POINT ( 'NONE',  ( -1.099999999999998979, 0.7500000000000000000, 0.2600000000000076694 ) ) ;
#811 = DIRECTION ( 'NONE',  ( -0.0000000000000000000, -1.000000000000000000, -0.0000000000000000000 ) ) ;
#812 = AXIS2_PLACEMENT_3D ( 'NONE', #5430, #1080, #4573 ) ;
#813 = COLOUR_RGB ( '',1.000000000000000000, 1.000000000000000000, 1.000000000000000000 ) ;
#814 = UNCERTAINTY_MEASURE_WITH_UNIT (LENGTH_MEASURE( 1.000000000000000082E-05 ), #770, 'distance_accuracy_value', 'NONE');
#815 = DIRECTION ( 'NONE',  ( 1.000000000000000000, 1.626303258728255862E-15, 0.0000000000000000000 ) ) ;
#816 = ADVANCED_FACE ( 'NONE', ( #13 ), #412, .F. ) ;
#817 = FACE_OUTER_BOUND ( 'NONE', #3534, .T. ) ;
#818 = ORIENTED_EDGE ( 'NONE', *, *, #1123, .T. ) ;
#819 = VECTOR ( 'NONE', #136, 1000.000000000000000 ) ;
#821 = MECHANICAL_DESIGN_GEOMETRIC_PRESENTATION_REPRESENTATION (  '', ( #2249 ), #2154 ) ;
#820 =( NAMED_UNIT ( * ) PLANE_ANGLE_UNIT ( ) SI_UNIT ( $, .RADIAN. ) );
#822 = FILL_AREA_STYLE_COLOUR ( '', #3060 ) ;
#823 = PRESENTATION_STYLE_ASSIGNMENT (( #2486 ) ) ;
#824 =( NAMED_UNIT ( * ) SI_UNIT ( $, .STERADIAN. ) SOLID_ANGLE_UNIT ( ) );
#825 = VECTOR ( 'NONE', #1231, 1000.000000000000000 ) ;
#826 = VECTOR ( 'NONE', #2148, 1000.000000000000000 ) ;
#827 = CARTESIAN_POINT ( 'NONE',  ( -1.099999999999999867, -1.000000000000000000, 0.02000000000000768177 ) ) ;
#828 = CARTESIAN_POINT ( 'NONE',  ( 1.100000000000002087, 0.4999999999999997780, 0.2599999999999999534 ) ) ;
#829 = PRESENTATION_LAYER_ASSIGNMENT (  '', '', ( #3268 ) ) ;
#830 = DIRECTION ( 'NONE',  ( -1.000000000000000000, 0.0000000000000000000, 6.938893903907228378E-15 ) ) ;
#831 = STYLED_ITEM ( 'NONE', ( #405 ), #3099 ) ;
#832 = CARTESIAN_POINT ( 'NONE',  ( 0.4000000000000000777, -1.858632295689436842E-16, -2.791820594150173918E-15 ) ) ;
#833 = CARTESIAN_POINT ( 'NONE',  ( -1.099999999999998979, -0.2499999999999999445, 0.2600000000000076694 ) ) ;
#834 =( NAMED_UNIT ( * ) SI_UNIT ( $, .STERADIAN. ) SOLID_ANGLE_UNIT ( ) );
#835 = CARTESIAN_POINT ( 'NONE',  ( 0.3195831592659477138, 0.4509946331943126552, 0.2810000000000000275 ) ) ;
#836 = ORIENTED_EDGE ( 'NONE', *, *, #5205, .T. ) ;
#837 = CARTESIAN_POINT ( 'NONE',  ( 0.0000000000000000000, 0.0000000000000000000, 0.2799999999999999711 ) ) ;
#838 =( GEOMETRIC_REPRESENTATION_CONTEXT ( 3 ) GLOBAL_UNCERTAINTY_ASSIGNED_CONTEXT ( ( #2905 ) ) GLOBAL_UNIT_ASSIGNED_CONTEXT ( ( #2735, #574, #972 ) ) REPRESENTATION_CONTEXT ( 'NONE', 'WORKASPACE' ) );
#839 = STYLED_ITEM ( 'NONE', ( #5371 ), #3745 ) ;
#840 =( NAMED_UNIT ( * ) SI_UNIT ( $, .STERADIAN. ) SOLID_ANGLE_UNIT ( ) );
#841 = ORIENTED_EDGE ( 'NONE', *, *, #3215, .T. ) ;
#842 = FILL_AREA_STYLE ('',( #382 ) ) ;
#843 = CARTESIAN_POINT ( 'NONE',  ( -0.1178234831815653944, -0.3593805362314128615, 0.2810000000000000275 ) ) ;
#844 = DIRECTION ( 'NONE',  ( -0.0000000000000000000, 0.0000000000000000000, -1.000000000000000000 ) ) ;
#845 = VECTOR ( 'NONE', #3417, 1000.000000000000000 ) ;
#846 = DIRECTION ( 'NONE',  ( -1.000000000000000000, 3.872150616019658341E-17, 0.0000000000000000000 ) ) ;
#847 = DIRECTION ( 'NONE',  ( -1.000000000000000000, 0.0000000000000000000, 0.0000000000000000000 ) ) ;
#848 = VERTEX_POINT ( 'NONE', #1336 ) ;
#849 = CARTESIAN_POINT ( 'NONE',  ( 0.7174695751538135990, 0.3080817958270101187, 0.2599999999999999534 ) ) ;
#850 = CARTESIAN_POINT ( 'NONE',  ( 5.447771330172561058E-17, -0.2000000000000000111, 0.02000000000000000042 ) ) ;
#851 = EDGE_CURVE ( 'NONE', #4585, #4333, #3773, .T. ) ;
#852 = EDGE_CURVE ( 'NONE', #975, #780, #2086, .T. ) ;
#853 = ORIENTED_EDGE ( 'NONE', *, *, #4432, .T. ) ;
#854 = SURFACE_SIDE_STYLE ('',( #3450 ) ) ;
#855 = ORIENTED_EDGE ( 'NONE', *, *, #2432, .T. ) ;
#856 =( NAMED_UNIT ( * ) SI_UNIT ( $, .STERADIAN. ) SOLID_ANGLE_UNIT ( ) );
#857 = DIRECTION ( 'NONE',  ( 0.0000000000000000000, -0.0000000000000000000, -1.000000000000000000 ) ) ;
#858 = SURFACE_SIDE_STYLE ('',( #420 ) ) ;
#859 = ADVANCED_FACE ( 'NONE', ( #5503 ), #5193, .F. ) ;
#860 = FACE_OUTER_BOUND ( 'NONE', #5336, .T. ) ;
#861 = PLANE ( 'NONE',  #3324 ) ;
#862 = LINE ( 'NONE', #5449, #2026 ) ;
#863 = FILL_AREA_STYLE ('',( #5570 ) ) ;
#864 = DIRECTION ( 'NONE',  ( 1.000000000000000000, -5.033795800825558555E-16, 0.0000000000000000000 ) ) ;
#865 = DIRECTION ( 'NONE',  ( -6.982962677686265922E-15, 0.0000000000000000000, -1.000000000000000000 ) ) ;
#866 = FACE_OUTER_BOUND ( 'NONE', #663, .T. ) ;
#867 = FACE_OUTER_BOUND ( 'NONE', #725, .T. ) ;
#868 = EDGE_LOOP ( 'NONE', ( #2752, #5077, #361, #875 ) ) ;
#869 =( LENGTH_UNIT ( ) NAMED_UNIT ( * ) SI_UNIT ( .MILLI., .METRE. ) );
#870 = EDGE_LOOP ( 'NONE', ( #3112, #3115, #4074, #2685 ) ) ;
#871 =( NAMED_UNIT ( * ) PLANE_ANGLE_UNIT ( ) SI_UNIT ( $, .RADIAN. ) );
#872 = ORIENTED_EDGE ( 'NONE', *, *, #1729, .F. ) ;
#873 = CARTESIAN_POINT ( 'NONE',  ( 0.7249999999999999778, 1.000000000000000000, 0.2599999999999999534 ) ) ;
#874 = DIRECTION ( 'NONE',  ( 3.469446951953614189E-15, -1.000000000000000000, 0.0000000000000000000 ) ) ;
#875 = ORIENTED_EDGE ( 'NONE', *, *, #4748, .T. ) ;
#876 = LINE ( 'NONE', #4743, #4868 ) ;
#877 = PRESENTATION_STYLE_ASSIGNMENT (( #1367 ) ) ;
#878 = PRESENTATION_LAYER_ASSIGNMENT (  '', '', ( #2133 ) ) ;
#879 = COLOUR_RGB ( '',0.7921568627450980005, 0.8196078431372548767, 0.9333333333333333481 ) ;
#880 = CARTESIAN_POINT ( 'NONE',  ( 1.100000000000002087, -0.5000000000000002220, 0.2599999999999999534 ) ) ;
#881 = EDGE_CURVE ( 'NONE', #2916, #938, #5112, .T. ) ;
#882 = VERTEX_POINT ( 'NONE', #1249 ) ;
#883 = MECHANICAL_DESIGN_GEOMETRIC_PRESENTATION_REPRESENTATION (  '', ( #4482 ), #4577 ) ;
#884 = ADVANCED_FACE ( 'NONE', ( #331 ), #4781, .T. ) ;
#885 = EDGE_CURVE ( 'NONE', #1591, #5194, #3325, .T. ) ;
#886 = PLANE ( 'NONE',  #4422 ) ;
#887 = DIRECTION ( 'NONE',  ( 0.0000000000000000000, 1.000000000000000000, 0.0000000000000000000 ) ) ;
#888 = LINE ( 'NONE', #2615, #474 ) ;
#889 = PLANE ( 'NONE',  #3591 ) ;
#890 = VECTOR ( 'NONE', #1834, 1000.000000000000000 ) ;
#891 =( NAMED_UNIT ( * ) PLANE_ANGLE_UNIT ( ) SI_UNIT ( $, .RADIAN. ) );
#892 = VERTEX_POINT ( 'NONE', #4282 ) ;
#893 = VECTOR ( 'NONE', #3475, 1000.000000000000000 ) ;
#894 = SURFACE_STYLE_FILL_AREA ( #3884 ) ;
#895 = SURFACE_STYLE_FILL_AREA ( #2628 ) ;
#896 = CIRCLE ( 'NONE', #1176, 0.2500000000000000000 ) ;
#897 = MECHANICAL_DESIGN_GEOMETRIC_PRESENTATION_REPRESENTATION (  '', ( #3962 ), #2891 ) ;
#898 = CARTESIAN_POINT ( 'NONE',  ( 0.6534767642029394308, -0.05709504976923727992, 0.2799999999999999711 ) ) ;
#899 = ORIENTED_EDGE ( 'NONE', *, *, #394, .F. ) ;
#900 = FILL_AREA_STYLE ('',( #3051 ) ) ;
#901 = VECTOR ( 'NONE', #1033, 1000.000000000000000 ) ;
#902 = PRESENTATION_LAYER_ASSIGNMENT (  '', '', ( #4867 ) ) ;
#903 =( NAMED_UNIT ( * ) PLANE_ANGLE_UNIT ( ) SI_UNIT ( $, .RADIAN. ) );
#904 = COLOUR_RGB ( '',1.000000000000000000, 1.000000000000000000, 1.000000000000000000 ) ;
#905 =( GEOMETRIC_REPRESENTATION_CONTEXT ( 3 ) GLOBAL_UNCERTAINTY_ASSIGNED_CONTEXT ( ( #1732 ) ) GLOBAL_UNIT_ASSIGNED_CONTEXT ( ( #2017, #4528, #2853 ) ) REPRESENTATION_CONTEXT ( 'NONE', 'WORKASPACE' ) );
#906 = VERTEX_POINT ( 'NONE', #5133 ) ;
#907 = ORIENTED_EDGE ( 'NONE', *, *, #2661, .F. ) ;
#908 = ORIENTED_EDGE ( 'NONE', *, *, #4208, .T. ) ;
#909 = FILL_AREA_STYLE_COLOUR ( '', #2349 ) ;
#910 = DIRECTION ( 'NONE',  ( -8.673617379884037444E-16, -1.000000000000000000, 6.057005021420981535E-30 ) ) ;
#911 = CARTESIAN_POINT ( 'NONE',  ( -0.8737021536631368601, 0.8225389107019435153, 0.2599999999999998979 ) ) ;
#912 = MECHANICAL_DESIGN_GEOMETRIC_PRESENTATION_REPRESENTATION (  '', ( #635 ), #4514 ) ;
#913 = PRESENTATION_LAYER_ASSIGNMENT (  '', '', ( #5325 ) ) ;
#914 =( LENGTH_UNIT ( ) NAMED_UNIT ( * ) SI_UNIT ( .MILLI., .METRE. ) );
#915 = DIRECTION ( 'NONE',  ( -1.000000000000000000, 4.259365677621623928E-16, 6.983251342707903681E-15 ) ) ;
#916 = LINE ( 'NONE', #1715, #977 ) ;
#917 = CARTESIAN_POINT ( 'NONE',  ( 0.5359203924145662379, 0.1776407652747671595, 0.2799999999999999711 ) ) ;
#918 = UNCERTAINTY_MEASURE_WITH_UNIT (LENGTH_MEASURE( 1.000000000000000082E-05 ), #3588, 'distance_accuracy_value', 'NONE');
#919 = CARTESIAN_POINT ( 'NONE',  ( 5.773300432731590829E-21, 0.0000000000000000000, 0.0000000000000000000 ) ) ;
#920 =( NAMED_UNIT ( * ) PLANE_ANGLE_UNIT ( ) SI_UNIT ( $, .RADIAN. ) );
#921 =( NAMED_UNIT ( * ) PLANE_ANGLE_UNIT ( ) SI_UNIT ( $, .RADIAN. ) );
#922 = EDGE_CURVE ( 'NONE', #4518, #699, #2108, .T. ) ;
#923 = EDGE_CURVE ( 'NONE', #4801, #3955, #2945, .T. ) ;
#924 = DIRECTION ( 'NONE',  ( 6.982962677686266711E-15, -0.0000000000000000000, 1.000000000000000000 ) ) ;
#925 = ORIENTED_EDGE ( 'NONE', *, *, #2826, .T. ) ;
#926 = PRESENTATION_LAYER_ASSIGNMENT (  '', '', ( #831 ) ) ;
#927 = EDGE_CURVE ( 'NONE', #1874, #5025, #406, .T. ) ;
#928 = COLOUR_RGB ( '',0.8509803921568627194, 0.8509803921568627194, 0.8509803921568627194 ) ;
#929 = CARTESIAN_POINT ( 'NONE',  ( -0.7250754616367172112, -0.5368602718148540731, 0.2799999999999999711 ) ) ;
#930 = CARTESIAN_POINT ( 'NONE',  ( -0.4000000000000004663, -0.8999999999999998002, 2.791820594150173918E-15 ) ) ;
#931 =( LENGTH_UNIT ( ) NAMED_UNIT ( * ) SI_UNIT ( .MILLI., .METRE. ) );
#932 =( LENGTH_UNIT ( ) NAMED_UNIT ( * ) SI_UNIT ( .MILLI., .METRE. ) );
#933 = EDGE_LOOP ( 'NONE', ( #961, #3178, #1694, #925 ) ) ;
#934 = FILL_AREA_STYLE_COLOUR ( '', #5420 ) ;
#935 = PRESENTATION_LAYER_ASSIGNMENT (  '', '', ( #3366 ) ) ;
#936 = DIRECTION ( 'NONE',  ( 1.000000000000000000, 0.0000000000000000000, -6.982962677686268288E-15 ) ) ;
#937 =( GEOMETRIC_REPRESENTATION_CONTEXT ( 3 ) GLOBAL_UNCERTAINTY_ASSIGNED_CONTEXT ( ( #5155 ) ) GLOBAL_UNIT_ASSIGNED_CONTEXT ( ( #3679, #5491, #2909 ) ) REPRESENTATION_CONTEXT ( 'NONE', 'WORKASPACE' ) );
#938 = VERTEX_POINT ( 'NONE', #1272 ) ;
#939 = VERTEX_POINT ( 'NONE', #1673 ) ;
#940 = VERTEX_POINT ( 'NONE', #782 ) ;
#941 = FILL_AREA_STYLE_COLOUR ( '', #4779 ) ;
#942 = DIRECTION ( 'NONE',  ( 6.982962677686266711E-15, -0.0000000000000000000, 1.000000000000000000 ) ) ;
#943 = FILL_AREA_STYLE ('',( #3958 ) ) ;
#944 = STYLED_ITEM ( 'NONE', ( #4441 ), #4201 ) ;
#945 = LINE ( 'NONE', #3149, #69 ) ;
#946 = CARTESIAN_POINT ( 'NONE',  ( -2.787890710529826887E-16, -0.8999999999999999112, 0.0000000000000000000 ) ) ;
#947 = CARTESIAN_POINT ( 'NONE',  ( -1.099999999999998979, 0.7500000000000000000, 0.2600000000000076694 ) ) ;
#948 = PRESENTATION_STYLE_ASSIGNMENT (( #1006 ) ) ;
#949 = CARTESIAN_POINT ( 'NONE',  ( 0.7249999999999999778, -1.000000000000000000, 0.2599999999999999534 ) ) ;
#950 = DIRECTION ( 'NONE',  ( -0.0000000000000000000, 1.000000000000000000, -0.0000000000000000000 ) ) ;
#951 = MECHANICAL_DESIGN_GEOMETRIC_PRESENTATION_REPRESENTATION (  '', ( #1126 ), #2571 ) ;
#952 = LINE ( 'NONE', #4870, #4331 ) ;
#953 = CARTESIAN_POINT ( 'NONE',  ( -1.099999999999998979, -0.7499999999999997780, 0.2600000000000076694 ) ) ;
#954 = ORIENTED_EDGE ( 'NONE', *, *, #5127, .T. ) ;
#955 =( NAMED_UNIT ( * ) PLANE_ANGLE_UNIT ( ) SI_UNIT ( $, .RADIAN. ) );
#956 = DIRECTION ( 'NONE',  ( 6.982962677686268288E-15, -0.0000000000000000000, 1.000000000000000000 ) ) ;
#957 = LINE ( 'NONE', #3495, #2777 ) ;
#958 = EDGE_CURVE ( 'NONE', #2813, #647, #2333, .T. ) ;
#959 = EDGE_CURVE ( 'NONE', #3731, #1364, #4707, .T. ) ;
#960 = DIRECTION ( 'NONE',  ( -0.0000000000000000000, 0.0000000000000000000, 1.000000000000000000 ) ) ;
#961 = ORIENTED_EDGE ( 'NONE', *, *, #219, .F. ) ;
#962 =( NAMED_UNIT ( * ) SI_UNIT ( $, .STERADIAN. ) SOLID_ANGLE_UNIT ( ) );
#963 = VERTEX_POINT ( 'NONE', #843 ) ;
#964 = CARTESIAN_POINT ( 'NONE',  ( 0.8500000000000019762, -0.5000000000000002220, 0.2599999999999940137 ) ) ;
#965 = ORIENTED_EDGE ( 'NONE', *, *, #1831, .F. ) ;
#966 = ORIENTED_EDGE ( 'NONE', *, *, #1983, .F. ) ;
#967 = SURFACE_STYLE_USAGE ( .BOTH. , #3503 ) ;
#968 = CLOSED_SHELL ( 'NONE', ( #320, #2095, #4678, #4677, #3745, #2200 ) ) ;
#969 = CARTESIAN_POINT ( 'NONE',  ( 1.100000000000002087, -0.1385744931852173067, 0.2599999999999999534 ) ) ;
#970 = DIRECTION ( 'NONE',  ( 0.0000000000000000000, -0.0000000000000000000, -1.000000000000000000 ) ) ;
#971 = UNCERTAINTY_MEASURE_WITH_UNIT (LENGTH_MEASURE( 1.000000000000000082E-05 ), #3601, 'distance_accuracy_value', 'NONE');
#972 =( NAMED_UNIT ( * ) SI_UNIT ( $, .STERADIAN. ) SOLID_ANGLE_UNIT ( ) );
#973 = CARTESIAN_POINT ( 'NONE',  ( 0.2532275857927164253, -0.5316465652036583833, 0.2810000000000000275 ) ) ;
#974 = SURFACE_SIDE_STYLE ('',( #430 ) ) ;
#975 = VERTEX_POINT ( 'NONE', #5105 ) ;
#976 = CARTESIAN_POINT ( 'NONE',  ( -1.100000000000001643, -3.816391647148981130E-15, 0.2599999999999999534 ) ) ;
#977 = VECTOR ( 'NONE', #4381, 1000.000000000000000 ) ;
#978 = FILL_AREA_STYLE_COLOUR ( '', #4418 ) ;
#979 = STYLED_ITEM ( 'NONE', ( #5578 ), #988 ) ;
#980 =( LENGTH_UNIT ( ) NAMED_UNIT ( * ) SI_UNIT ( .MILLI., .METRE. ) );
#981 = CARTESIAN_POINT ( 'NONE',  ( -0.3999999999999999112, 0.0000000000000000000, 0.02000000000000279332 ) ) ;
#982 = DIRECTION ( 'NONE',  ( -1.000000000000000000, 4.646580739223591981E-16, 6.982962677686268288E-15 ) ) ;
#983 = ORIENTED_EDGE ( 'NONE', *, *, #3959, .F. ) ;
#984 = CARTESIAN_POINT ( 'NONE',  ( 0.5359203924145662379, -0.05709504976923727992, 0.2799999999999999711 ) ) ;
#985 = VECTOR ( 'NONE', #3924, 1000.000000000000000 ) ;
#986 = PRESENTATION_LAYER_ASSIGNMENT (  '', '', ( #3962 ) ) ;
#987 = EDGE_CURVE ( 'NONE', #4825, #32, #2569, .T. ) ;
#988 = ADVANCED_FACE ( 'NONE', ( #4680 ), #434, .T. ) ;
#989 = UNCERTAINTY_MEASURE_WITH_UNIT (LENGTH_MEASURE( 1.000000000000000082E-05 ), #3869, 'distance_accuracy_value', 'NONE');
#990 = VERTEX_POINT ( 'NONE', #1757 ) ;
#991 = DIRECTION ( 'NONE',  ( 0.0000000000000000000, -1.000000000000000000, 0.0000000000000000000 ) ) ;
#992 = ORIENTED_EDGE ( 'NONE', *, *, #3368, .F. ) ;
#993 =( GEOMETRIC_REPRESENTATION_CONTEXT ( 3 ) GLOBAL_UNCERTAINTY_ASSIGNED_CONTEXT ( ( #3788 ) ) GLOBAL_UNIT_ASSIGNED_CONTEXT ( ( #4467, #4920, #1060 ) ) REPRESENTATION_CONTEXT ( 'NONE', 'WORKASPACE' ) );
#994 = EDGE_LOOP ( 'NONE', ( #1155, #562, #3, #4766, #561, #1989 ) ) ;
#995 = CARTESIAN_POINT ( 'NONE',  ( -0.1178234831815653944, -0.5316465652036583833, 0.2810000000000000275 ) ) ;
#996 = LINE ( 'NONE', #3559, #473 ) ;
#997 = STYLED_ITEM ( 'NONE', ( #3090 ), #4992 ) ;
#998 = MECHANICAL_DESIGN_GEOMETRIC_PRESENTATION_REPRESENTATION (  '', ( #1639 ), #4149 ) ;
#999 = UNCERTAINTY_MEASURE_WITH_UNIT (LENGTH_MEASURE( 1.000000000000000082E-05 ), #1724, 'distance_accuracy_value', 'NONE');
#1000 = SURFACE_STYLE_FILL_AREA ( #3093 ) ;
#1001 = DIRECTION ( 'NONE',  ( -1.000000000000000000, 0.0000000000000000000, 0.0000000000000000000 ) ) ;
#1002 = CARTESIAN_POINT ( 'NONE',  ( -0.6634567500555484942, -0.2265013340820382082, 0.2799999999999999711 ) ) ;
#1003 = CARTESIAN_POINT ( 'NONE',  ( -0.5035437629006764837, 0.5569292977732096528, 0.2799999999999999711 ) ) ;
#1004 = CARTESIAN_POINT ( 'NONE',  ( 0.5359203924145662379, 0.0000000000000000000, 0.2799999999999999711 ) ) ;
#1005 = CIRCLE ( 'NONE', #166, 0.3614255068147824712 ) ;
#1006 = SURFACE_STYLE_USAGE ( .BOTH. , #109 ) ;
#1007 = SURFACE_SIDE_STYLE ('',( #4866 ) ) ;
#1008 = VECTOR ( 'NONE', #4336, 1000.000000000000000 ) ;
#1009 = LINE ( 'NONE', #3486, #3077 ) ;
#1010 = FACE_OUTER_BOUND ( 'NONE', #1789, .T. ) ;
#1011 = DIRECTION ( 'NONE',  ( -1.000000000000000000, -0.0000000000000000000, -0.0000000000000000000 ) ) ;
#1012 = DIRECTION ( 'NONE',  ( 1.000000000000000000, 0.0000000000000000000, 0.0000000000000000000 ) ) ;
#1013 = CIRCLE ( 'NONE', #3085, 0.3614255068147826933 ) ;
#1014 =( GEOMETRIC_REPRESENTATION_CONTEXT ( 3 ) GLOBAL_UNCERTAINTY_ASSIGNED_CONTEXT ( ( #588 ) ) GLOBAL_UNIT_ASSIGNED_CONTEXT ( ( #2742, #4448, #1842 ) ) REPRESENTATION_CONTEXT ( 'NONE', 'WORKASPACE' ) );
#1015 = CARTESIAN_POINT ( 'NONE',  ( 0.6809088744240132662, 0.5569292977732096528, 0.2799999999999999711 ) ) ;
#1016 = CARTESIAN_POINT ( 'NONE',  ( -1.099999999999998979, 0.1362137402538543540, 0.2599999999999999534 ) ) ;
#1017 = SURFACE_STYLE_USAGE ( .BOTH. , #4392 ) ;
#1018 = VERTEX_POINT ( 'NONE', #3467 ) ;
#1019 = PLANE ( 'NONE',  #1369 ) ;
#1020 = STYLED_ITEM ( 'NONE', ( #4224 ), #3345 ) ;
#1021 = DIRECTION ( 'NONE',  ( 0.0000000000000000000, -1.000000000000000000, 0.0000000000000000000 ) ) ;
#1022 = ORIENTED_EDGE ( 'NONE', *, *, #3925, .T. ) ;
#1023 = CIRCLE ( 'NONE', #4089, 0.3637862597461454239 ) ;
#1024 = ORIENTED_EDGE ( 'NONE', *, *, #280, .T. ) ;
#1025 = EDGE_CURVE ( 'NONE', #443, #5558, #1258, .T. ) ;
#1026 = PRESENTATION_STYLE_ASSIGNMENT (( #967 ) ) ;
#1027 = EDGE_CURVE ( 'NONE', #1827, #4147, #1353, .T. ) ;
#1028 = AXIS2_PLACEMENT_3D ( 'NONE', #4601, #738, #5087 ) ;
#1029 = CARTESIAN_POINT ( 'NONE',  ( -0.5388595371840243509, 0.8637862597461452019, 0.2799999999999999711 ) ) ;
#1030 = LINE ( 'NONE', #594, #1100 ) ;
#1031 = ADVANCED_FACE ( 'NONE', ( #2659 ), #2687, .F. ) ;
#1032 = VECTOR ( 'NONE', #804, 1000.000000000000000 ) ;
#1033 = DIRECTION ( 'NONE',  ( 1.934130707221177858E-16, -1.000000000000000000, 0.0000000000000000000 ) ) ;
#1034 = UNCERTAINTY_MEASURE_WITH_UNIT (LENGTH_MEASURE( 1.000000000000000082E-05 ), #4660, 'distance_accuracy_value', 'NONE');
#1035 = LINE ( 'NONE', #2704, #3451 ) ;
#1036 = CARTESIAN_POINT ( 'NONE',  ( -1.099999999999998090, 0.4999999999999997780, 0.2600000000000076694 ) ) ;
#1037 =( NAMED_UNIT ( * ) PLANE_ANGLE_UNIT ( ) SI_UNIT ( $, .RADIAN. ) );
#1038 =( GEOMETRIC_REPRESENTATION_CONTEXT ( 3 ) GLOBAL_UNCERTAINTY_ASSIGNED_CONTEXT ( ( #1602 ) ) GLOBAL_UNIT_ASSIGNED_CONTEXT ( ( #1154, #5045, #1132 ) ) REPRESENTATION_CONTEXT ( 'NONE', 'WORKASPACE' ) );
#1039 = DIRECTION ( 'NONE',  ( -1.000000000000000000, 0.0000000000000000000, 0.0000000000000000000 ) ) ;
#1040 =( NAMED_UNIT ( * ) PLANE_ANGLE_UNIT ( ) SI_UNIT ( $, .RADIAN. ) );
#1041 = CARTESIAN_POINT ( 'NONE',  ( -1.099999999999998979, -0.7499999999999997780, 0.2799999999999999711 ) ) ;
#1042 = COLOUR_RGB ( '',0.8509803921568627194, 0.8509803921568627194, 0.8509803921568627194 ) ;
#1043 =( NAMED_UNIT ( * ) SI_UNIT ( $, .STERADIAN. ) SOLID_ANGLE_UNIT ( ) );
#1044 = CARTESIAN_POINT ( 'NONE',  ( 0.7376531201253040404, 0.5519215185516125333, 0.2799999999999999711 ) ) ;
#1045 = CARTESIAN_POINT ( 'NONE',  ( 0.0000000000000000000, 0.0000000000000000000, 0.2599999999999999534 ) ) ;
#1046 = ORIENTED_EDGE ( 'NONE', *, *, #777, .T. ) ;
#1047 = VERTEX_POINT ( 'NONE', #4009 ) ;
#1048 = CARTESIAN_POINT ( 'NONE',  ( -0.4343137556297431701, 0.04041390370446151792, 0.2599999999999999534 ) ) ;
#1049 = UNCERTAINTY_MEASURE_WITH_UNIT (LENGTH_MEASURE( 1.000000000000000082E-05 ), #4873, 'distance_accuracy_value', 'NONE');
#1050 = ORIENTED_EDGE ( 'NONE', *, *, #4891, .T. ) ;
#1051 = DIRECTION ( 'NONE',  ( 6.982962677686268288E-15, -0.0000000000000000000, 1.000000000000000000 ) ) ;
#1052 = ORIENTED_EDGE ( 'NONE', *, *, #2122, .F. ) ;
#1053 = ORIENTED_EDGE ( 'NONE', *, *, #4788, .T. ) ;
#1054 = FILL_AREA_STYLE_COLOUR ( '', #3600 ) ;
#1055 = SURFACE_SIDE_STYLE ('',( #2425 ) ) ;
#1056 = ADVANCED_FACE ( 'NONE', ( #4334 ), #34, .T. ) ;
#1057 = ORIENTED_EDGE ( 'NONE', *, *, #3570, .T. ) ;
#1058 = PRESENTATION_STYLE_ASSIGNMENT (( #1908 ) ) ;
#1059 = CARTESIAN_POINT ( 'NONE',  ( -0.6766918921026191525, 0.6855750628389500889, 0.2799999999999999711 ) ) ;
#1060 =( NAMED_UNIT ( * ) SI_UNIT ( $, .STERADIAN. ) SOLID_ANGLE_UNIT ( ) );
#1061 = SURFACE_SIDE_STYLE ('',( #2898 ) ) ;
#1062 = CARTESIAN_POINT ( 'NONE',  ( 1.100000000000002087, 0.4999999999999997780, 0.2799999999999999711 ) ) ;
#1063 = LINE ( 'NONE', #1808, #204 ) ;
#1064 = CLOSED_SHELL ( 'NONE', ( #41, #1390, #5475, #1379, #5101, #4235, #4718, #2896, #4614, #1056, #3992, #988, #1957, #4368, #4105, #5374, #3337, #707, #2433 ) ) ;
#1065 = EDGE_CURVE ( 'NONE', #1674, #349, #1969, .T. ) ;
#1066 = EDGE_CURVE ( 'NONE', #1221, #4309, #3651, .T. ) ;
#1067 = PRESENTATION_LAYER_ASSIGNMENT (  '', '', ( #5297 ) ) ;
#1068 = CARTESIAN_POINT ( 'NONE',  ( -0.6035437629006772386, 0.04290495023076341258, 0.2799999999999999711 ) ) ;
#1069 = ORIENTED_EDGE ( 'NONE', *, *, #4337, .F. ) ;
#1070 = SURFACE_STYLE_FILL_AREA ( #229 ) ;
#1071 = DIRECTION ( 'NONE',  ( -6.982962677686268288E-15, 0.0000000000000000000, -1.000000000000000000 ) ) ;
#1072 = SURFACE_STYLE_USAGE ( .BOTH. , #2860 ) ;
#1073 = PRESENTATION_STYLE_ASSIGNMENT (( #1608 ) ) ;
#1074 = AXIS2_PLACEMENT_3D ( 'NONE', #158, #2456, #3643 ) ;
#1075 = ORIENTED_EDGE ( 'NONE', *, *, #2366, .F. ) ;
#1076 = ORIENTED_EDGE ( 'NONE', *, *, #927, .F. ) ;
#1077 = DIRECTION ( 'NONE',  ( -0.0000000000000000000, -0.0000000000000000000, -1.000000000000000000 ) ) ;
#1078 = ORIENTED_EDGE ( 'NONE', *, *, #1027, .F. ) ;
#1079 = ORIENTED_EDGE ( 'NONE', *, *, #1868, .F. ) ;
#1080 = DIRECTION ( 'NONE',  ( 1.000000000000000000, 0.0000000000000000000, -6.982962677686268288E-15 ) ) ;
#1081 = DIRECTION ( 'NONE',  ( 1.000000000000000000, 0.0000000000000000000, -0.0000000000000000000 ) ) ;
#1082 = B_SPLINE_CURVE_WITH_KNOTS ( 'NONE', 2,
 ( #2719, #4933, #1399 ),
 .UNSPECIFIED., .F., .F.,
 ( 3, 3 ),
 ( 0.0000000000000000000, 1.000000000000000000 ),
 .UNSPECIFIED. ) ;
#1083 = CIRCLE ( 'NONE', #2159, 0.3614255068147824712 ) ;
#1084 = ORIENTED_EDGE ( 'NONE', *, *, #3435, .T. ) ;
#1085 = LINE ( 'NONE', #2406, #1459 ) ;
#1086 = CARTESIAN_POINT ( 'NONE',  ( 1.100000000000002309, 0.8637862597461452019, 0.2799999999999999711 ) ) ;
#1087 = CARTESIAN_POINT ( 'NONE',  ( -0.6766918921026191525, 0.6855750628389500889, 0.2799999999999999711 ) ) ;
#1088 = CARTESIAN_POINT ( 'NONE',  ( 1.100000000000003642, 1.908195823574494115E-15, 0.2599999999999999534 ) ) ;
#1089 =( GEOMETRIC_REPRESENTATION_CONTEXT ( 3 ) GLOBAL_UNCERTAINTY_ASSIGNED_CONTEXT ( ( #3563 ) ) GLOBAL_UNIT_ASSIGNED_CONTEXT ( ( #2748, #4371, #962 ) ) REPRESENTATION_CONTEXT ( 'NONE', 'WORKASPACE' ) );
#1090 = STYLED_ITEM ( 'NONE', ( #2324 ), #2433 ) ;
#1091 = SURFACE_STYLE_USAGE ( .BOTH. , #2304 ) ;
#1092 = EDGE_LOOP ( 'NONE', ( #127, #2314, #3917, #1666 ) ) ;
#1093 = UNCERTAINTY_MEASURE_WITH_UNIT (LENGTH_MEASURE( 1.000000000000000082E-05 ), #3608, 'distance_accuracy_value', 'NONE');
#1094 = FILL_AREA_STYLE_COLOUR ( '', #4431 ) ;
#1095 = SURFACE_STYLE_USAGE ( .BOTH. , #3244 ) ;
#1096 = ADVANCED_FACE ( 'NONE', ( #1992 ), #4533, .F. ) ;
#1097 = DIRECTION ( 'NONE',  ( -1.000000000000000000, 0.0000000000000000000, 0.0000000000000000000 ) ) ;
#1098 = EDGE_CURVE ( 'NONE', #1018, #4238, #2306, .T. ) ;
#1099 = VECTOR ( 'NONE', #1758, 1000.000000000000000 ) ;
#1100 = VECTOR ( 'NONE', #1979, 1000.000000000000000 ) ;
#1101 = DIRECTION ( 'NONE',  ( -4.646580739223590995E-16, -1.000000000000000000, 3.244824118618382289E-30 ) ) ;
#1102 =( NAMED_UNIT ( * ) SI_UNIT ( $, .STERADIAN. ) SOLID_ANGLE_UNIT ( ) );
#1103 = STYLED_ITEM ( 'NONE', ( #4352 ), #4541 ) ;
#1104 = ORIENTED_EDGE ( 'NONE', *, *, #219, .T. ) ;
#1105 = CARTESIAN_POINT ( 'NONE',  ( 1.100000000000000089, -0.9000000000000003553, -7.680894765701995475E-15 ) ) ;
#1106 = MECHANICAL_DESIGN_GEOMETRIC_PRESENTATION_REPRESENTATION (  '', ( #3091 ), #5521 ) ;
#1107 = VERTEX_POINT ( 'NONE', #4901 ) ;
#1108 = PRESENTATION_STYLE_ASSIGNMENT (( #4594 ) ) ;
#1109 = ORIENTED_EDGE ( 'NONE', *, *, #3504, .T. ) ;
#1110 = ORIENTED_EDGE ( 'NONE', *, *, #2156, .T. ) ;
#1111 = DIRECTION ( 'NONE',  ( 0.0000000000000000000, -1.000000000000000000, 0.0000000000000000000 ) ) ;
#1112 = VECTOR ( 'NONE', #4895, 1000.000000000000000 ) ;
#1113 = MECHANICAL_DESIGN_GEOMETRIC_PRESENTATION_REPRESENTATION (  '', ( #3366 ), #2377 ) ;
#1114 = ORIENTED_EDGE ( 'NONE', *, *, #4537, .T. ) ;
#1115 = SURFACE_SIDE_STYLE ('',( #4490 ) ) ;
#1116 =( NAMED_UNIT ( * ) PLANE_ANGLE_UNIT ( ) SI_UNIT ( $, .RADIAN. ) );
#1117 = COLOUR_RGB ( '',0.8509803921568627194, 0.8509803921568627194, 0.8509803921568627194 ) ;
#1118 = DIRECTION ( 'NONE',  ( -1.000000000000000000, 0.0000000000000000000, 6.983251342707903681E-15 ) ) ;
#1119 = PRESENTATION_STYLE_ASSIGNMENT (( #3156 ) ) ;
#1120 = ORIENTED_EDGE ( 'NONE', *, *, #5572, .T. ) ;
#1121 = DIRECTION ( 'NONE',  ( 0.0000000000000000000, 1.000000000000000000, 0.0000000000000000000 ) ) ;
#1122 = VECTOR ( 'NONE', #1734, 1000.000000000000000 ) ;
#1123 = EDGE_CURVE ( 'NONE', #4585, #527, #662, .T. ) ;
#1124 = PLANE ( 'NONE',  #1268 ) ;
#1125 = SURFACE_SIDE_STYLE ('',( #3247 ) ) ;
#1126 = STYLED_ITEM ( 'NONE', ( #3320 ), #4677 ) ;
#1127 = EDGE_LOOP ( 'NONE', ( #5188, #44, #5328, #1620 ) ) ;
#1128 = SURFACE_SIDE_STYLE ('',( #3277 ) ) ;
#1129 = EDGE_CURVE ( 'NONE', #2266, #2740, #602, .T. ) ;
#1130 = EDGE_CURVE ( 'NONE', #5020, #2922, #5010, .T. ) ;
#1131 = ORIENTED_EDGE ( 'NONE', *, *, #3537, .T. ) ;
#1132 =( NAMED_UNIT ( * ) SI_UNIT ( $, .STERADIAN. ) SOLID_ANGLE_UNIT ( ) );
#1133 = ORIENTED_EDGE ( 'NONE', *, *, #2973, .F. ) ;
#1134 = ORIENTED_EDGE ( 'NONE', *, *, #3543, .F. ) ;
#1135 = FACE_OUTER_BOUND ( 'NONE', #286, .T. ) ;
#1136 = VERTEX_POINT ( 'NONE', #1143 ) ;
#1137 = LINE ( 'NONE', #1941, #1275 ) ;
#1138 = LINE ( 'NONE', #1520, #162 ) ;
#1139 = CARTESIAN_POINT ( 'NONE',  ( -1.099999999999998535, 0.8637862597461452019, 0.2799999999999999711 ) ) ;
#1140 =( LENGTH_UNIT ( ) NAMED_UNIT ( * ) SI_UNIT ( .MILLI., .METRE. ) );
#1141 = ORIENTED_EDGE ( 'NONE', *, *, #185, .F. ) ;
#1142 = PRESENTATION_STYLE_ASSIGNMENT (( #2857 ) ) ;
#1143 = CARTESIAN_POINT ( 'NONE',  ( -0.6035437629006772386, -0.2065665198382720391, 0.2799999999999999711 ) ) ;
#1144 = CARTESIAN_POINT ( 'NONE',  ( 0.3124155170610076193, -0.05709504976923729380, 0.2599999999999999534 ) ) ;
#1145 = FILL_AREA_STYLE ('',( #1239 ) ) ;
#1146 =( NAMED_UNIT ( * ) PLANE_ANGLE_UNIT ( ) SI_UNIT ( $, .RADIAN. ) );
#1147 = FILL_AREA_STYLE_COLOUR ( '', #3752 ) ;
#1148 = SURFACE_STYLE_USAGE ( .BOTH. , #207 ) ;
#1149 = ORIENTED_EDGE ( 'NONE', *, *, #3811, .T. ) ;
#1150 = MECHANICAL_DESIGN_GEOMETRIC_PRESENTATION_REPRESENTATION (  '', ( #3661 ), #5566 ) ;
#1151 = CARTESIAN_POINT ( 'NONE',  ( 1.100000000000002087, -0.7500000000000002220, 0.2599999999999922928 ) ) ;
#1152 = ORIENTED_EDGE ( 'NONE', *, *, #1831, .T. ) ;
#1153 = VECTOR ( 'NONE', #310, 1000.000000000000000 ) ;
#1154 =( LENGTH_UNIT ( ) NAMED_UNIT ( * ) SI_UNIT ( .MILLI., .METRE. ) );
#1155 = ORIENTED_EDGE ( 'NONE', *, *, #4000, .F. ) ;
#1156 = SURFACE_STYLE_USAGE ( .BOTH. , #3584 ) ;
#1157 = ORIENTED_EDGE ( 'NONE', *, *, #2585, .F. ) ;
#1158 = CARTESIAN_POINT ( 'NONE',  ( -0.7650295964665725368, -0.2727184512886348111, 0.2799999999999999711 ) ) ;
#1159 = SURFACE_SIDE_STYLE ('',( #2459 ) ) ;
#1160 = EDGE_CURVE ( 'NONE', #5025, #3175, #3222, .T. ) ;
#1161 = EDGE_CURVE ( 'NONE', #3579, #3767, #4928, .T. ) ;
#1162 =( GEOMETRIC_REPRESENTATION_CONTEXT ( 3 ) GLOBAL_UNCERTAINTY_ASSIGNED_CONTEXT ( ( #1163 ) ) GLOBAL_UNIT_ASSIGNED_CONTEXT ( ( #713, #2124, #5568 ) ) REPRESENTATION_CONTEXT ( 'NONE', 'WORKASPACE' ) );
#1163 = UNCERTAINTY_MEASURE_WITH_UNIT (LENGTH_MEASURE( 1.000000000000000082E-05 ), #713, 'distance_accuracy_value', 'NONE');
#1164 = ORIENTED_EDGE ( 'NONE', *, *, #5300, .F. ) ;
#1165 = DIRECTION ( 'NONE',  ( -0.0000000000000000000, -0.0000000000000000000, -1.000000000000000000 ) ) ;
#1166 = VECTOR ( 'NONE', #874, 1000.000000000000000 ) ;
#1167 = FILL_AREA_STYLE_COLOUR ( '', #1917 ) ;
#1168 = PLANE ( 'NONE',  #5072 ) ;
#1169 = CARTESIAN_POINT ( 'NONE',  ( 1.100000000000002087, -0.5000000000000002220, 0.2599999999999922928 ) ) ;
#1170 = DIRECTION ( 'NONE',  ( -1.000000000000000000, 0.0000000000000000000, 0.0000000000000000000 ) ) ;
#1171 = VECTOR ( 'NONE', #3625, 1000.000000000000000 ) ;
#1172 = COLOUR_RGB ( '',0.8509803921568627194, 0.8509803921568627194, 0.8509803921568627194 ) ;
#1173 = LINE ( 'NONE', #3727, #1882 ) ;
#1175 = ORIENTED_EDGE ( 'NONE', *, *, #501, .T. ) ;
#1174 =( GEOMETRIC_REPRESENTATION_CONTEXT ( 3 ) GLOBAL_UNCERTAINTY_ASSIGNED_CONTEXT ( ( #2494 ) ) GLOBAL_UNIT_ASSIGNED_CONTEXT ( ( #3841, #5569, #1716 ) ) REPRESENTATION_CONTEXT ( 'NONE', 'WORKASPACE' ) );
#1176 = AXIS2_PLACEMENT_3D ( 'NONE', #5289, #2240, #5310 ) ;
#1177 = DIRECTION ( 'NONE',  ( -1.000000000000000000, 0.0000000000000000000, 0.0000000000000000000 ) ) ;
#1178 = STYLED_ITEM ( 'NONE', ( #2518 ), #1451 ) ;
#1179 = CARTESIAN_POINT ( 'NONE',  ( -0.6035437629006772386, 0.04290495023076341258, 0.2599999999999999534 ) ) ;
#1180 = ORIENTED_EDGE ( 'NONE', *, *, #5197, .F. ) ;
#1181 = PRESENTATION_LAYER_ASSIGNMENT (  '', '', ( #3602 ) ) ;
#1182 = CARTESIAN_POINT ( 'NONE',  ( 1.100000000000000755, 0.7499999999999997780, 0.01999999999999231906 ) ) ;
#1183 = DIRECTION ( 'NONE',  ( 0.0000000000000000000, -0.0000000000000000000, -1.000000000000000000 ) ) ;
#1184 = VERTEX_POINT ( 'NONE', #2875 ) ;
#1185 = FACE_OUTER_BOUND ( 'NONE', #270, .T. ) ;
#1186 =( NAMED_UNIT ( * ) PLANE_ANGLE_UNIT ( ) SI_UNIT ( $, .RADIAN. ) );
#1187 = MECHANICAL_DESIGN_GEOMETRIC_PRESENTATION_REPRESENTATION (  '', ( #2531 ), #1089 ) ;
#1188 = MECHANICAL_DESIGN_GEOMETRIC_PRESENTATION_REPRESENTATION (  '', ( #4078 ), #1646 ) ;
#1189 = DIRECTION ( 'NONE',  ( -1.000000000000000000, 0.0000000000000000000, 6.983251342707906047E-15 ) ) ;
#1190 = CARTESIAN_POINT ( 'NONE',  ( 1.100000000000000089, -0.2000000000000005940, -7.680894765701995475E-15 ) ) ;
#1191 = ORIENTED_EDGE ( 'NONE', *, *, #3063, .F. ) ;
#1192 = FILL_AREA_STYLE_COLOUR ( '', #3498 ) ;
#1193 = ORIENTED_EDGE ( 'NONE', *, *, #2191, .T. ) ;
#1194 = CARTESIAN_POINT ( 'NONE',  ( 0.7672489025476870728, 0.6470277182179263731, 0.2799999999999999711 ) ) ;
#1195 = PLANE ( 'NONE',  #4988 ) ;
#1196 = LINE ( 'NONE', #3810, #721 ) ;
#1197 = EDGE_CURVE ( 'NONE', #4911, #3480, #4087, .T. ) ;
#1198 = COLOUR_RGB ( '',0.8509803921568627194, 0.8509803921568627194, 0.8509803921568627194 ) ;
#1199 = ADVANCED_FACE ( 'NONE', ( #688 ), #4137, .F. ) ;
#1200 = PLANE ( 'NONE',  #629 ) ;
#1201 = AXIS2_PLACEMENT_3D ( 'NONE', #2409, #3724, #2782 ) ;
#1202 = CARTESIAN_POINT ( 'NONE',  ( 0.8230581300528493349, 0.2641109509742675665, 0.2799999999999999711 ) ) ;
#1203 = ADVANCED_FACE ( 'NONE', ( #1693 ), #1210, .F. ) ;
#1204 = EDGE_CURVE ( 'NONE', #1226, #4076, #2938, .T. ) ;
#1205 = DIRECTION ( 'NONE',  ( -1.000000000000000000, 3.872150616019658341E-17, 6.983251342707903681E-15 ) ) ;
#1206 = ORIENTED_EDGE ( 'NONE', *, *, #6, .T. ) ;
#1207 = AXIS2_PLACEMENT_3D ( 'NONE', #4433, #565, #3957 ) ;
#1208 = UNCERTAINTY_MEASURE_WITH_UNIT (LENGTH_MEASURE( 1.000000000000000082E-05 ), #2288, 'distance_accuracy_value', 'NONE');
#1209 = CARTESIAN_POINT ( 'NONE',  ( 0.5124155170610084076, 0.2080817958270101131, 0.2799999999999999711 ) ) ;
#1210 = PLANE ( 'NONE',  #3777 ) ;
#1211 = ORIENTED_EDGE ( 'NONE', *, *, #2466, .F. ) ;
#1212 = CARTESIAN_POINT ( 'NONE',  ( -0.5035437629006771498, 0.4569292977732096195, 0.2799999999999999711 ) ) ;
#1213 = VECTOR ( 'NONE', #4902, 1000.000000000000000 ) ;
#1214 = SURFACE_STYLE_FILL_AREA ( #1145 ) ;
#1215 = DIRECTION ( 'NONE',  ( -1.000000000000000000, 0.0000000000000000000, 0.0000000000000000000 ) ) ;
#1216 = ORIENTED_EDGE ( 'NONE', *, *, #1123, .F. ) ;
#1217 = CARTESIAN_POINT ( 'NONE',  ( 0.5359203924145662379, -0.2065665198382720669, 0.2799999999999999711 ) ) ;
#1218 = VECTOR ( 'NONE', #4673, 1000.000000000000000 ) ;
#1219 = STYLED_ITEM ( 'NONE', ( #3442 ), #4472 ) ;
#1220 =( NAMED_UNIT ( * ) PLANE_ANGLE_UNIT ( ) SI_UNIT ( $, .RADIAN. ) );
#1221 = VERTEX_POINT ( 'NONE', #835 ) ;
#1222 = DIRECTION ( 'NONE',  ( -6.982962677686265922E-15, 0.0000000000000000000, -1.000000000000000000 ) ) ;
#1223 = CARTESIAN_POINT ( 'NONE',  ( 1.100000000000002087, 0.0000000000000000000, 0.2599999999999999534 ) ) ;
#1224 = FILL_AREA_STYLE_COLOUR ( '', #4246 ) ;
#1225 = VECTOR ( 'NONE', #3831, 1000.000000000000000 ) ;
#1226 = VERTEX_POINT ( 'NONE', #1235 ) ;
#1227 = DIRECTION ( 'NONE',  ( -0.0000000000000000000, 0.0000000000000000000, 1.000000000000000000 ) ) ;
#1228 =( NAMED_UNIT ( * ) SI_UNIT ( $, .STERADIAN. ) SOLID_ANGLE_UNIT ( ) );
#1229 = DIRECTION ( 'NONE',  ( 1.000000000000000000, 0.0000000000000000000, 0.0000000000000000000 ) ) ;
#1230 = FACE_OUTER_BOUND ( 'NONE', #5305, .T. ) ;
#1231 = DIRECTION ( 'NONE',  ( -1.000000000000000000, 3.097720492815726673E-16, 6.983251342707903681E-15 ) ) ;
#1232 = CARTESIAN_POINT ( 'NONE',  ( -0.0000000000000000000, -0.05709504976923729380, 0.2599999999999999534 ) ) ;
#1233 = DIRECTION ( 'NONE',  ( -0.0000000000000000000, -0.0000000000000000000, -1.000000000000000000 ) ) ;
#1234 = SURFACE_STYLE_USAGE ( .BOTH. , #2126 ) ;
#1235 = CARTESIAN_POINT ( 'NONE',  ( 0.3648896556285308179, 1.000000000000000000, -2.547875105340935420E-15 ) ) ;
#1236 = VERTEX_POINT ( 'NONE', #1179 ) ;
#1237 = EDGE_CURVE ( 'NONE', #5166, #2916, #5467, .T. ) ;
#1238 = EDGE_CURVE ( 'NONE', #3480, #5396, #3020, .T. ) ;
#1239 = FILL_AREA_STYLE_COLOUR ( '', #5494 ) ;
#1240 = DIRECTION ( 'NONE',  ( 1.000000000000000000, 0.0000000000000000000, 0.0000000000000000000 ) ) ;
#1241 = DIRECTION ( 'NONE',  ( -0.0000000000000000000, -0.0000000000000000000, -1.000000000000000000 ) ) ;
#1242 = ORIENTED_EDGE ( 'NONE', *, *, #2054, .T. ) ;
#1243 = CARTESIAN_POINT ( 'NONE',  ( -0.5035437629006771498, 0.4569292977732096195, 0.2799999999999999711 ) ) ;
#1244 = SURFACE_SIDE_STYLE ('',( #3437 ) ) ;
#1245 = PRESENTATION_LAYER_ASSIGNMENT (  '', '', ( #4477 ) ) ;
#1246 = CARTESIAN_POINT ( 'NONE',  ( -0.5393126090526830785, -0.6654789993909573376, 0.2599999999999999534 ) ) ;
#1247 = CARTESIAN_POINT ( 'NONE',  ( -0.4343137556297431701, 0.04041390370446151792, 0.2810000000000000275 ) ) ;
#1248 = VERTEX_POINT ( 'NONE', #2907 ) ;
#1249 = CARTESIAN_POINT ( 'NONE',  ( -0.3999999999999999667, 0.9000000000000000222, 0.02000000000000279332 ) ) ;
#1250 = ORIENTED_EDGE ( 'NONE', *, *, #784, .F. ) ;
#1251 = CARTESIAN_POINT ( 'NONE',  ( 1.100000000000002309, -9.540979117872460713E-16, 0.2799999999999999711 ) ) ;
#1252 = CARTESIAN_POINT ( 'NONE',  ( -0.5740798441076691017, -7.576417661678501932E-16, 0.2799999999999999711 ) ) ;
#1253 = SURFACE_STYLE_USAGE ( .BOTH. , #4720 ) ;
#1254 = LINE ( 'NONE', #2490, #2629 ) ;
#1255 = DIRECTION ( 'NONE',  ( 6.982962677686266711E-15, -0.0000000000000000000, 1.000000000000000000 ) ) ;
#1256 = LINE ( 'NONE', #5512, #446 ) ;
#1257 = VECTOR ( 'NONE', #2299, 1000.000000000000000 ) ;
#1258 = CIRCLE ( 'NONE', #3328, 0.3614255068147826933 ) ;
#1259 = LINE ( 'NONE', #744, #729 ) ;
#1260 = DIRECTION ( 'NONE',  ( 1.000000000000000000, 0.0000000000000000000, 0.0000000000000000000 ) ) ;
#1261 = SURFACE_STYLE_FILL_AREA ( #1690 ) ;
#1262 = UNCERTAINTY_MEASURE_WITH_UNIT (LENGTH_MEASURE( 1.000000000000000082E-05 ), #2014, 'distance_accuracy_value', 'NONE');
#1263 = CARTESIAN_POINT ( 'NONE',  ( 1.100000000000002087, -0.5000000000000002220, 0.2599999999999922928 ) ) ;
#1264 = CARTESIAN_POINT ( 'NONE',  ( 0.2532275857927164253, -0.3593805362314128615, 0.2810000000000000275 ) ) ;
#1265 = EDGE_LOOP ( 'NONE', ( #2642, #2178, #4934, #2920 ) ) ;
#1266 = AXIS2_PLACEMENT_3D ( 'NONE', #438, #1360, #2716 ) ;
#1267 = AXIS2_PLACEMENT_3D ( 'NONE', #1782, #3523, #1967 ) ;
#1268 = AXIS2_PLACEMENT_3D ( 'NONE', #5038, #291, #24 ) ;
#1269 = PRESENTATION_STYLE_ASSIGNMENT (( #403 ) ) ;
#1270 = EDGE_LOOP ( 'NONE', ( #5227, #1635, #4839, #1193 ) ) ;
#1271 = EDGE_CURVE ( 'NONE', #2884, #4397, #4619, .T. ) ;
#1272 = CARTESIAN_POINT ( 'NONE',  ( -1.099999999999999867, -1.000000000000000000, 0.02000000000000768177 ) ) ;
#1273 = CARTESIAN_POINT ( 'NONE',  ( -0.5035437629006771498, 0.04290495023076271869, 0.2599999999999999534 ) ) ;
#1274 = VECTOR ( 'NONE', #2035, 1000.000000000000000 ) ;
#1275 = VECTOR ( 'NONE', #1165, 1000.000000000000000 ) ;
#1276 = COLOUR_RGB ( '',0.8509803921568627194, 0.8509803921568627194, 0.8509803921568627194 ) ;
#1277 = DIRECTION ( 'NONE',  ( -0.0000000000000000000, -0.0000000000000000000, -1.000000000000000000 ) ) ;
#1278 = FILL_AREA_STYLE ('',( #2508 ) ) ;
#1279 = ORIENTED_EDGE ( 'NONE', *, *, #1306, .T. ) ;
#1280 = AXIS2_PLACEMENT_3D ( 'NONE', #4240, #3033, #4634 ) ;
#1281 = AXIS2_PLACEMENT_3D ( 'NONE', #5103, #2566, #1240 ) ;
#1282 = EDGE_CURVE ( 'NONE', #1136, #4760, #3316, .T. ) ;
#1283 = VECTOR ( 'NONE', #5279, 1000.000000000000000 ) ;
#1284 = DIRECTION ( 'NONE',  ( 0.0000000000000000000, 1.000000000000000000, 0.0000000000000000000 ) ) ;
#1285 = SURFACE_SIDE_STYLE ('',( #2487 ) ) ;
#1286 = MECHANICAL_DESIGN_GEOMETRIC_PRESENTATION_REPRESENTATION (  '', ( #3698 ), #3181 ) ;
#1287 = STYLED_ITEM ( 'NONE', ( #745 ), #2540 ) ;
#1288 = PRESENTATION_LAYER_ASSIGNMENT (  '', '', ( #3923 ) ) ;
#1289 = UNCERTAINTY_MEASURE_WITH_UNIT (LENGTH_MEASURE( 1.000000000000000082E-05 ), #1140, 'distance_accuracy_value', 'NONE');
#1290 = ORIENTED_EDGE ( 'NONE', *, *, #73, .T. ) ;
#1291 =( NAMED_UNIT ( * ) SI_UNIT ( $, .STERADIAN. ) SOLID_ANGLE_UNIT ( ) );
#1292 = DIRECTION ( 'NONE',  ( 0.0000000000000000000, -1.000000000000000000, 0.0000000000000000000 ) ) ;
#1293 = CARTESIAN_POINT ( 'NONE',  ( 0.6809088744240132662, 0.5569292977732096528, 0.2599999999999999534 ) ) ;
#1294 = CARTESIAN_POINT ( 'NONE',  ( -0.0000000000000000000, 0.3080817958270101187, 0.2599999999999999534 ) ) ;
#1295 = FACE_OUTER_BOUND ( 'NONE', #2728, .T. ) ;
#1296 = FACE_OUTER_BOUND ( 'NONE', #2574, .T. ) ;
#1297 =( NAMED_UNIT ( * ) PLANE_ANGLE_UNIT ( ) SI_UNIT ( $, .RADIAN. ) );
#1298 = FACE_OUTER_BOUND ( 'NONE', #3203, .T. ) ;
#1299 = VECTOR ( 'NONE', #2463, 1000.000000000000000 ) ;
#1300 = PRESENTATION_LAYER_ASSIGNMENT (  '', '', ( #839 ) ) ;
#1301 = CARTESIAN_POINT ( 'NONE',  ( 0.0000000000000000000, 0.6855750628389500889, 0.2599999999999999534 ) ) ;
#1302 = CARTESIAN_POINT ( 'NONE',  ( 0.0000000000000000000, 0.0000000000000000000, 0.2599999999999999534 ) ) ;
#1303 = ORIENTED_EDGE ( 'NONE', *, *, #1313, .F. ) ;
#1304 = VERTEX_POINT ( 'NONE', #5571 ) ;
#1305 =( NAMED_UNIT ( * ) PLANE_ANGLE_UNIT ( ) SI_UNIT ( $, .RADIAN. ) );
#1306 = EDGE_CURVE ( 'NONE', #168, #4375, #342, .T. ) ;
#1307 =( LENGTH_UNIT ( ) NAMED_UNIT ( * ) SI_UNIT ( .MILLI., .METRE. ) );
#1308 = ORIENTED_EDGE ( 'NONE', *, *, #743, .T. ) ;
#1309 = STYLED_ITEM ( 'NONE', ( #5006 ), #4268 ) ;
#1310 = SURFACE_STYLE_FILL_AREA ( #2546 ) ;
#1311 =( NAMED_UNIT ( * ) PLANE_ANGLE_UNIT ( ) SI_UNIT ( $, .RADIAN. ) );
#1312 = CARTESIAN_POINT ( 'NONE',  ( 0.6360270068922002640, 0.1776407652747671595, 0.2799999999999999711 ) ) ;
#1313 = EDGE_CURVE ( 'NONE', #3443, #4852, #2127, .T. ) ;
#1314 = ADVANCED_FACE ( 'NONE', ( #2495 ), #2961, .T. ) ;
#1315 = ORIENTED_EDGE ( 'NONE', *, *, #1161, .F. ) ;
#1316 = EDGE_LOOP ( 'NONE', ( #2855, #4676, #4550, #648 ) ) ;
#1317 =( GEOMETRIC_REPRESENTATION_CONTEXT ( 3 ) GLOBAL_UNCERTAINTY_ASSIGNED_CONTEXT ( ( #2214 ) ) GLOBAL_UNIT_ASSIGNED_CONTEXT ( ( #425, #5097, #4700 ) ) REPRESENTATION_CONTEXT ( 'NONE', 'WORKASPACE' ) );
#1318 = SURFACE_SIDE_STYLE ('',( #2953 ) ) ;
#1319 = SURFACE_SIDE_STYLE ('',( #5511 ) ) ;
#1320 = CARTESIAN_POINT ( 'NONE',  ( -0.5388595371840243509, 0.8637862597461452019, 0.2599999999999999534 ) ) ;
#1321 =( LENGTH_UNIT ( ) NAMED_UNIT ( * ) SI_UNIT ( .MILLI., .METRE. ) );
#1322 = CARTESIAN_POINT ( 'NONE',  ( 0.7978332356883809373, -0.08504592687205501933, 0.2599999999999999534 ) ) ;
#1323 = CARTESIAN_POINT ( 'NONE',  ( -0.4000000000000000777, 0.9000000000000000222, 2.791820594150173918E-15 ) ) ;
#1324 = UNCERTAINTY_MEASURE_WITH_UNIT (LENGTH_MEASURE( 1.000000000000000082E-05 ), #4831, 'distance_accuracy_value', 'NONE');
#1325 =( NAMED_UNIT ( * ) PLANE_ANGLE_UNIT ( ) SI_UNIT ( $, .RADIAN. ) );
#1326 = SURFACE_SIDE_STYLE ('',( #3463 ) ) ;
#1327 = FILL_AREA_STYLE_COLOUR ( '', #2630 ) ;
#1328 = DIRECTION ( 'NONE',  ( 1.000000000000000000, -3.469446951953614583E-15, 0.0000000000000000000 ) ) ;
#1329 = EDGE_LOOP ( 'NONE', ( #1308, #2837, #1315, #2597 ) ) ;
#1330 = CARTESIAN_POINT ( 'NONE',  ( -0.7482052191486779913, -0.5828783997317398269, 0.2599999999999999534 ) ) ;
#1331 = FACE_OUTER_BOUND ( 'NONE', #1456, .T. ) ;
#1332 = LINE ( 'NONE', #4010, #985 ) ;
#1333 = CARTESIAN_POINT ( 'NONE',  ( 0.3195831592659477138, 0.4509946331943126552, 0.2599999999999999534 ) ) ;
#1334 = SURFACE_SIDE_STYLE ('',( #1447 ) ) ;
#1335 = DIRECTION ( 'NONE',  ( -1.000000000000000000, 0.0000000000000000000, 0.0000000000000000000 ) ) ;
#1336 = CARTESIAN_POINT ( 'NONE',  ( 0.8499999999999999778, 0.4999999999999997780, -5.935081930025019357E-15 ) ) ;
#1337 = DIRECTION ( 'NONE',  ( -0.0000000000000000000, -0.0000000000000000000, -1.000000000000000000 ) ) ;
#1338 = CARTESIAN_POINT ( 'NONE',  ( 1.100000000000002531, 0.2499999999999997224, 0.2599999999999999534 ) ) ;
#1339 = CLOSED_SHELL ( 'NONE', ( #4951, #4440, #604, #247, #2622, #639 ) ) ;
#1340 = ORIENTED_EDGE ( 'NONE', *, *, #600, .T. ) ;
#1341 = VECTOR ( 'NONE', #348, 1000.000000000000000 ) ;
#1342 = ORIENTED_EDGE ( 'NONE', *, *, #4209, .F. ) ;
#1343 = VERTEX_POINT ( 'NONE', #2279 ) ;
#1344 = EDGE_CURVE ( 'NONE', #4106, #736, #2653, .T. ) ;
#1345 = EDGE_CURVE ( 'NONE', #5285, #1428, #486, .T. ) ;
#1346 =( NAMED_UNIT ( * ) SI_UNIT ( $, .STERADIAN. ) SOLID_ANGLE_UNIT ( ) );
#1347 = PRESENTATION_LAYER_ASSIGNMENT (  '', '', ( #516 ) ) ;
#1348 = FILL_AREA_STYLE ('',( #4862 ) ) ;
#1349 = LINE ( 'NONE', #3907, #4133 ) ;
#1350 = DIRECTION ( 'NONE',  ( 1.734723475976807292E-15, -1.000000000000000000, 0.0000000000000000000 ) ) ;
#1351 = ADVANCED_FACE ( 'NONE', ( #5603 ), #889, .T. ) ;
#1352 = SURFACE_STYLE_USAGE ( .BOTH. , #1861 ) ;
#1353 = CIRCLE ( 'NONE', #4401, 0.2500000000000000000 ) ;
#1354 = CARTESIAN_POINT ( 'NONE',  ( 1.100000000000000533, 0.7499999999999997780, -7.680894765701995475E-15 ) ) ;
#1355 = ORIENTED_EDGE ( 'NONE', *, *, #2366, .T. ) ;
#1356 =( GEOMETRIC_REPRESENTATION_CONTEXT ( 3 ) GLOBAL_UNCERTAINTY_ASSIGNED_CONTEXT ( ( #1573 ) ) GLOBAL_UNIT_ASSIGNED_CONTEXT ( ( #5413, #1922, #169 ) ) REPRESENTATION_CONTEXT ( 'NONE', 'WORKASPACE' ) );
#1357 = DIRECTION ( 'NONE',  ( 0.0000000000000000000, 1.000000000000000000, 0.0000000000000000000 ) ) ;
#1358 = CIRCLE ( 'NONE', #3516, 0.3637862597461454239 ) ;
#1359 = PRESENTATION_LAYER_ASSIGNMENT (  '', '', ( #343 ) ) ;
#1360 = DIRECTION ( 'NONE',  ( -0.0000000000000000000, 0.0000000000000000000, 1.000000000000000000 ) ) ;
#1361 =( NAMED_UNIT ( * ) PLANE_ANGLE_UNIT ( ) SI_UNIT ( $, .RADIAN. ) );
#1362 = PRESENTATION_STYLE_ASSIGNMENT (( #3165 ) ) ;
#1363 = CARTESIAN_POINT ( 'NONE',  ( -0.4135483952989442713, -0.5316465652036583833, 0.2810000000000000275 ) ) ;
#1364 = VERTEX_POINT ( 'NONE', #1807 ) ;
#1365 = AXIS2_PLACEMENT_3D ( 'NONE', #828, #2584, #1684 ) ;
#1366 = CARTESIAN_POINT ( 'NONE',  ( 5.773300432731590829E-21, 0.9000000000000000222, 0.0000000000000000000 ) ) ;
#1367 = SURFACE_STYLE_USAGE ( .BOTH. , #4744 ) ;
#1368 =( GEOMETRIC_REPRESENTATION_CONTEXT ( 3 ) GLOBAL_UNCERTAINTY_ASSIGNED_CONTEXT ( ( #2981 ) ) GLOBAL_UNIT_ASSIGNED_CONTEXT ( ( #4160, #2464, #2554 ) ) REPRESENTATION_CONTEXT ( 'NONE', 'WORKASPACE' ) );
#1369 = AXIS2_PLACEMENT_3D ( 'NONE', #1366, #3497, #2801 ) ;
#1370 = ORIENTED_EDGE ( 'NONE', *, *, #4960, .F. ) ;
#1371 = ORIENTED_EDGE ( 'NONE', *, *, #2621, .F. ) ;
#1372 = ORIENTED_EDGE ( 'NONE', *, *, #1313, .T. ) ;
#1373 = FILL_AREA_STYLE ('',( #941 ) ) ;
#1374 = CARTESIAN_POINT ( 'NONE',  ( 0.7249999999999999778, 1.000000000000000000, 0.8400000000000000799 ) ) ;
#1375 = CARTESIAN_POINT ( 'NONE',  ( -0.4000000000000002998, -0.8999999999999998002, 0.02000000000000279332 ) ) ;
#1376 = COLOUR_RGB ( '',0.0000000000000000000, 1.000000000000000000, 0.0000000000000000000 ) ;
#1377 = MECHANICAL_DESIGN_GEOMETRIC_PRESENTATION_REPRESENTATION (  '', ( #1287 ), #179 ) ;
#1378 = ADVANCED_FACE ( 'NONE', ( #3097 ), #1435, .F. ) ;
#1379 = ADVANCED_FACE ( 'NONE', ( #3877 ), #4470, .T. ) ;
#1380 = SURFACE_SIDE_STYLE ('',( #1000 ) ) ;
#1381 = LINE ( 'NONE', #1029, #1815 ) ;
#1382 = AXIS2_PLACEMENT_3D ( 'NONE', #3769, #2079, #3800 ) ;
#1383 = VECTOR ( 'NONE', #4542, 1000.000000000000000 ) ;
#1384 =( LENGTH_UNIT ( ) NAMED_UNIT ( * ) SI_UNIT ( .MILLI., .METRE. ) );
#1385 = CARTESIAN_POINT ( 'NONE',  ( 1.100000000000002087, -0.8614255068147830263, 0.2599999999999999534 ) ) ;
#1386 = UNCERTAINTY_MEASURE_WITH_UNIT (LENGTH_MEASURE( 1.000000000000000082E-05 ), #436, 'distance_accuracy_value', 'NONE');
#1387 = AXIS2_PLACEMENT_3D ( 'NONE', #2612, #3963, #23 ) ;
#1388 = VECTOR ( 'NONE', #3522, 1000.000000000000000 ) ;
#1389 = ADVANCED_FACE ( 'NONE', ( #2819 ), #5405, .F. ) ;
#1390 = ADVANCED_FACE ( 'NONE', ( #3219 ), #4979, .F. ) ;
#1391 = PLANE ( 'NONE',  #2532 ) ;
#1392 = ORIENTED_EDGE ( 'NONE', *, *, #1863, .T. ) ;
#1393 = CARTESIAN_POINT ( 'NONE',  ( 1.100000000000002309, -9.540979117872460713E-16, 0.2599999999999999534 ) ) ;
#1394 = CARTESIAN_POINT ( 'NONE',  ( 1.100000000000002531, 0.7499999999999997780, 0.2599999999999922928 ) ) ;
#1395 = AXIS2_PLACEMENT_3D ( 'NONE', #4244, #5484, #1625 ) ;
#1396 =( NAMED_UNIT ( * ) SI_UNIT ( $, .STERADIAN. ) SOLID_ANGLE_UNIT ( ) );
#1397 = FILL_AREA_STYLE ('',( #555 ) ) ;
#1398 = PLANE ( 'NONE',  #598 ) ;
#1399 = CARTESIAN_POINT ( 'NONE',  ( 0.6360270068922002640, 0.1776407652747671595, 0.2799999999999999711 ) ) ;
#1400 = ORIENTED_EDGE ( 'NONE', *, *, #851, .T. ) ;
#1401 = VECTOR ( 'NONE', #2392, 1000.000000000000000 ) ;
#1402 = DIRECTION ( 'NONE',  ( -1.000000000000000000, 0.0000000000000000000, 0.0000000000000000000 ) ) ;
#1403 = ORIENTED_EDGE ( 'NONE', *, *, #2999, .F. ) ;
#1404 = ORIENTED_EDGE ( 'NONE', *, *, #1344, .F. ) ;
#1405 = PRESENTATION_LAYER_ASSIGNMENT (  '', '', ( #3548 ) ) ;
#1406 =( NAMED_UNIT ( * ) PLANE_ANGLE_UNIT ( ) SI_UNIT ( $, .RADIAN. ) );
#1407 = AXIS2_PLACEMENT_3D ( 'NONE', #150, #991, #5335 ) ;
#1408 = FACE_OUTER_BOUND ( 'NONE', #4029, .T. ) ;
#1409 = DIRECTION ( 'NONE',  ( -1.000000000000000000, 4.259365677621624914E-16, 0.0000000000000000000 ) ) ;
#1410 = DIRECTION ( 'NONE',  ( -0.0000000000000000000, 0.0000000000000000000, -1.000000000000000000 ) ) ;
#1411 = SURFACE_STYLE_USAGE ( .BOTH. , #2215 ) ;
#1412 =( LENGTH_UNIT ( ) NAMED_UNIT ( * ) SI_UNIT ( .MILLI., .METRE. ) );
#1413 = LINE ( 'NONE', #2217, #3631 ) ;
#1414 = ORIENTED_EDGE ( 'NONE', *, *, #4295, .T. ) ;
#1415 = PRESENTATION_STYLE_ASSIGNMENT (( #1499 ) ) ;
#1416 = CARTESIAN_POINT ( 'NONE',  ( 0.7774874880952626910, 0.3068909665269575204, 0.2799999999999999711 ) ) ;
#1417 = EDGE_CURVE ( 'NONE', #4076, #1840, #337, .T. ) ;
#1418 = ADVANCED_FACE ( 'NONE', ( #4191 ), #4245, .F. ) ;
#1419 = B_SPLINE_SURFACE_WITH_KNOTS ( 'NONE', 2, 1, ( 
 ( #4275, #5488 ),
 ( #5065, #1322 ),
 ( #398, #5096 ) ),
 .UNSPECIFIED., .F., .F., .F.,
 ( 3, 3 ),
 ( 2, 2 ),
 ( 0.0000000000000000000, 1.000000000000000000 ),
 ( 0.0000000000000000000, 1.000000000000000000 ),
 .UNSPECIFIED. ) ;
#1420 = FACE_OUTER_BOUND ( 'NONE', #715, .T. ) ;
#1421 = DIRECTION ( 'NONE',  ( -0.0000000000000000000, 0.0000000000000000000, 1.000000000000000000 ) ) ;
#1422 = CYLINDRICAL_SURFACE ( 'NONE', #689, 0.2500000000000000000 ) ;
#1423 =( NAMED_UNIT ( * ) SI_UNIT ( $, .STERADIAN. ) SOLID_ANGLE_UNIT ( ) );
#1424 = DIRECTION ( 'NONE',  ( 1.000000000000000000, -2.378754451002343441E-17, 0.0000000000000000000 ) ) ;
#1425 = EDGE_LOOP ( 'NONE', ( #3633, #2045, #3103, #4885 ) ) ;
#1426 = DIRECTION ( 'NONE',  ( 1.000000000000000000, 0.0000000000000000000, 0.0000000000000000000 ) ) ;
#1427 = VERTEX_POINT ( 'NONE', #4219 ) ;
#1428 = VERTEX_POINT ( 'NONE', #2899 ) ;
#1429 = DIRECTION ( 'NONE',  ( -3.469446951953614583E-15, 1.000000000000000000, 0.0000000000000000000 ) ) ;
#1430 = VECTOR ( 'NONE', #120, 1000.000000000000000 ) ;
#1431 = DIRECTION ( 'NONE',  ( -0.0000000000000000000, -0.0000000000000000000, -1.000000000000000000 ) ) ;
#1432 = SURFACE_STYLE_USAGE ( .BOTH. , #2298 ) ;
#1433 = CARTESIAN_POINT ( 'NONE',  ( -0.1178234831815653944, -0.3593805362314128615, 0.2810000000000000275 ) ) ;
#1434 = FACE_OUTER_BOUND ( 'NONE', #227, .T. ) ;
#1435 = PLANE ( 'NONE',  #164 ) ;
#1436 = MECHANICAL_DESIGN_GEOMETRIC_PRESENTATION_REPRESENTATION (  '', ( #3409 ), #3577 ) ;
#1437 = CARTESIAN_POINT ( 'NONE',  ( 0.7249999999999999778, 1.000000000000000000, 0.8400000000000000799 ) ) ;
#1438 = COLOUR_RGB ( '',0.8509803921568627194, 0.8509803921568627194, 0.8509803921568627194 ) ;
#1439 = SURFACE_STYLE_FILL_AREA ( #578 ) ;
#1440 = ORIENTED_EDGE ( 'NONE', *, *, #3738, .T. ) ;
#1441 = DIRECTION ( 'NONE',  ( 0.0000000000000000000, -1.000000000000000000, 0.0000000000000000000 ) ) ;
#1442 = MECHANICAL_DESIGN_GEOMETRIC_PRESENTATION_REPRESENTATION (  '', ( #3857 ), #3054 ) ;
#1443 = ADVANCED_FACE ( 'NONE', ( #1230 ), #1200, .F. ) ;
#1444 = SURFACE_STYLE_FILL_AREA ( #2600 ) ;
#1445 = EDGE_CURVE ( 'NONE', #356, #882, #1256, .T. ) ;
#1446 = MECHANICAL_DESIGN_GEOMETRIC_PRESENTATION_REPRESENTATION (  '', ( #2793 ), #2611 ) ;
#1447 = SURFACE_STYLE_FILL_AREA ( #3572 ) ;
#1448 = SURFACE_STYLE_USAGE ( .BOTH. , #1845 ) ;
#1449 = VERTEX_POINT ( 'NONE', #1659 ) ;
#1450 = FACE_OUTER_BOUND ( 'NONE', #1270, .T. ) ;
#1451 = ADVANCED_FACE ( 'NONE', ( #3372 ), #710, .T. ) ;
#1452 = ORIENTED_EDGE ( 'NONE', *, *, #3172, .T. ) ;
#1453 = LINE ( 'NONE', #1824, #2939 ) ;
#1454 = VERTEX_POINT ( 'NONE', #5233 ) ;
#1455 = VECTOR ( 'NONE', #4538, 1000.000000000000000 ) ;
#1456 = EDGE_LOOP ( 'NONE', ( #3205, #3990, #4188, #3692 ) ) ;
#1457 = CARTESIAN_POINT ( 'NONE',  ( -1.071157378566040208, 0.8626410704386738848, 0.2799999999999999711 ) ) ;
#1458 = MECHANICAL_DESIGN_GEOMETRIC_PRESENTATION_REPRESENTATION (  '', ( #997 ), #537 ) ;
#1459 = VECTOR ( 'NONE', #4080, 1000.000000000000000 ) ;
#1460 = FACE_OUTER_BOUND ( 'NONE', #3802, .T. ) ;
#1461 =( LENGTH_UNIT ( ) NAMED_UNIT ( * ) SI_UNIT ( .MILLI., .METRE. ) );
#1462 = CARTESIAN_POINT ( 'NONE',  ( 5.773300432731590829E-21, 0.9000000000000000222, 0.0000000000000000000 ) ) ;
#1463 =( GEOMETRIC_REPRESENTATION_CONTEXT ( 3 ) GLOBAL_UNCERTAINTY_ASSIGNED_CONTEXT ( ( #4640 ) ) GLOBAL_UNIT_ASSIGNED_CONTEXT ( ( #4213, #1311, #332 ) ) REPRESENTATION_CONTEXT ( 'NONE', 'WORKASPACE' ) );
#1464 = FILL_AREA_STYLE_COLOUR ( '', #5044 ) ;
#1465 =( GEOMETRIC_REPRESENTATION_CONTEXT ( 3 ) GLOBAL_UNCERTAINTY_ASSIGNED_CONTEXT ( ( #2053 ) ) GLOBAL_UNIT_ASSIGNED_CONTEXT ( ( #5551, #4704, #463 ) ) REPRESENTATION_CONTEXT ( 'NONE', 'WORKASPACE' ) );
#1466 = SURFACE_STYLE_FILL_AREA ( #512 ) ;
#1467 = FILL_AREA_STYLE ('',( #1915 ) ) ;
#1468 = COLOUR_RGB ( '',1.000000000000000000, 1.000000000000000000, 1.000000000000000000 ) ;
#1469 = PRESENTATION_LAYER_ASSIGNMENT (  '', '', ( #4249 ) ) ;
#1470 = CARTESIAN_POINT ( 'NONE',  ( -1.099999999999998090, 0.4999999999999997780, 0.2799999999999999711 ) ) ;
#1471 = SURFACE_STYLE_FILL_AREA ( #4981 ) ;
#1472 = VERTEX_POINT ( 'NONE', #1293 ) ;
#1473 = CARTESIAN_POINT ( 'NONE',  ( 0.2532275857927164253, -0.5316465652036583833, 0.2810000000000000275 ) ) ;
#1474 = MECHANICAL_DESIGN_GEOMETRIC_PRESENTATION_REPRESENTATION (  '', ( #1103 ), #3439 ) ;
#1475 = VECTOR ( 'NONE', #1011, 1000.000000000000000 ) ;
#1476 = FACE_OUTER_BOUND ( 'NONE', #4232, .T. ) ;
#1477 = SURFACE_STYLE_USAGE ( .BOTH. , #144 ) ;
#1478 = VERTEX_POINT ( 'NONE', #3423 ) ;
#1479 = CARTESIAN_POINT ( 'NONE',  ( 0.0000000000000000000, 0.0000000000000000000, 0.2810000000000000275 ) ) ;
#1480 = EDGE_CURVE ( 'NONE', #3658, #1674, #1816, .T. ) ;
#1481 = AXIS2_PLACEMENT_3D ( 'NONE', #1209, #2937, #3819 ) ;
#1482 = EDGE_LOOP ( 'NONE', ( #1920, #4745, #504, #2595, #2800, #3466 ) ) ;
#1483 = DIRECTION ( 'NONE',  ( 6.983251342707903681E-15, -0.0000000000000000000, 1.000000000000000000 ) ) ;
#1484 = ORIENTED_EDGE ( 'NONE', *, *, #4717, .F. ) ;
#1485 = VERTEX_POINT ( 'NONE', #1375 ) ;
#1486 = SURFACE_SIDE_STYLE ('',( #4600 ) ) ;
#1487 = CARTESIAN_POINT ( 'NONE',  ( 0.0000000000000000000, 0.0000000000000000000, 0.8400000000000000799 ) ) ;
#1488 = EDGE_CURVE ( 'NONE', #1899, #848, #3040, .T. ) ;
#1489 = MECHANICAL_DESIGN_GEOMETRIC_PRESENTATION_REPRESENTATION (  '', ( #5458 ), #1317 ) ;
#1490 = EDGE_LOOP ( 'NONE', ( #4359, #4768, #1589, #1735 ) ) ;
#1491 = LINE ( 'NONE', #1086, #3700 ) ;
#1492 = CARTESIAN_POINT ( 'NONE',  ( 0.05584305983497199477, -0.3593805362314128615, 0.2599999999999999534 ) ) ;
#1493 = CLOSED_SHELL ( 'NONE', ( #1517, #3345, #1031, #3675, #2795, #4818, #3099, #1389, #1451, #3138, #2934, #5544, #1351, #1418, #3064, #2267, #3002, #1614, #5056, #5240, #3512, #3057, #218, #5408, #671, #1378, #2972, #2691, #2404, #462, #1833, #5539, #3542, #355, #3960, #3375 ) ) ;
#1494 = MECHANICAL_DESIGN_GEOMETRIC_PRESENTATION_REPRESENTATION (  '', ( #4270 ), #2845 ) ;
#1495 = CARTESIAN_POINT ( 'NONE',  ( 1.100000000000002087, -0.7500000000000002220, 0.2799999999999999711 ) ) ;
#1496 = CARTESIAN_POINT ( 'NONE',  ( -1.099999999999998090, 0.4999999999999997780, 0.2799999999999999711 ) ) ;
#1497 = FILL_AREA_STYLE ('',( #660 ) ) ;
#1498 = EDGE_LOOP ( 'NONE', ( #1727, #5525, #5145, #899, #413, #2294 ) ) ;
#1499 = SURFACE_STYLE_USAGE ( .BOTH. , #1921 ) ;
#1500 = CARTESIAN_POINT ( 'NONE',  ( 0.4000000000000000777, 0.0000000000000000000, -2.791820594150173918E-15 ) ) ;
#1501 = ORIENTED_EDGE ( 'NONE', *, *, #3301, .F. ) ;
#1503 = DIRECTION ( 'NONE',  ( -0.0000000000000000000, -0.0000000000000000000, -1.000000000000000000 ) ) ;
#1502 = AXIS2_PLACEMENT_3D ( 'NONE', #4564, #3225, #691 ) ;
#1504 = CARTESIAN_POINT ( 'NONE',  ( 0.6809088744240132662, 0.5569292977732096528, 0.2799999999999999711 ) ) ;
#1505 = CARTESIAN_POINT ( 'NONE',  ( 1.100000000000002087, -0.1385744931852173067, 0.2799999999999999711 ) ) ;
#1506 = CARTESIAN_POINT ( 'NONE',  ( 0.7774874880952626910, 0.3068909665269575204, 0.2599999999999999534 ) ) ;
#1507 = ORIENTED_EDGE ( 'NONE', *, *, #4395, .F. ) ;
#1508 = SURFACE_SIDE_STYLE ('',( #4481 ) ) ;
#1509 = UNCERTAINTY_MEASURE_WITH_UNIT (LENGTH_MEASURE( 1.000000000000000082E-05 ), #2676, 'distance_accuracy_value', 'NONE');
#1510 = ORIENTED_EDGE ( 'NONE', *, *, #1884, .T. ) ;
#1511 = CARTESIAN_POINT ( 'NONE',  ( -0.4135483952989442713, -0.3593805362314128615, 0.2810000000000000275 ) ) ;
#1512 = ORIENTED_EDGE ( 'NONE', *, *, #2020, .F. ) ;
#1513 = ORIENTED_EDGE ( 'NONE', *, *, #1759, .F. ) ;
#1514 =( NAMED_UNIT ( * ) SI_UNIT ( $, .STERADIAN. ) SOLID_ANGLE_UNIT ( ) );
#1515 = UNCERTAINTY_MEASURE_WITH_UNIT (LENGTH_MEASURE( 1.000000000000000082E-05 ), #5251, 'distance_accuracy_value', 'NONE');
#1516 = SURFACE_SIDE_STYLE ('',( #275 ) ) ;
#1517 = ADVANCED_FACE ( 'NONE', ( #4724 ), #2209, .F. ) ;
#1518 = EDGE_CURVE ( 'NONE', #1874, #3285, #4800, .T. ) ;
#1519 = SURFACE_SIDE_STYLE ('',( #2760 ) ) ;
#1520 = CARTESIAN_POINT ( 'NONE',  ( 0.3195831592659477138, 0.04041390370446151792, 0.2810000000000000275 ) ) ;
#1521 = FILL_AREA_STYLE ('',( #5462 ) ) ;
#1522 = CARTESIAN_POINT ( 'NONE',  ( 1.100000000000000311, -9.540979117872442964E-16, -7.680894765701995475E-15 ) ) ;
#1523 = B_SPLINE_CURVE_WITH_KNOTS ( 'NONE', 3,
 ( #1087, #4081, #2462, #5461 ),
 .UNSPECIFIED., .F., .F.,
 ( 4, 4 ),
 ( 0.0000000000000000000, 1.000000000000000000 ),
 .UNSPECIFIED. ) ;
#1524 = ADVANCED_FACE ( 'NONE', ( #3935 ), #2236, .F. ) ;
#1525 = PRESENTATION_LAYER_ASSIGNMENT (  '', '', ( #4482 ) ) ;
#1526 = CARTESIAN_POINT ( 'NONE',  ( 0.8230581300528493349, 0.2641109509742673445, 0.2599999999999999534 ) ) ;
#1527 = PLANE ( 'NONE',  #3758 ) ;
#1528 = ORIENTED_EDGE ( 'NONE', *, *, #2932, .T. ) ;
#1529 = DIRECTION ( 'NONE',  ( 2.378754451002344057E-17, 1.000000000000000000, -0.0000000000000000000 ) ) ;
#1530 = FILL_AREA_STYLE_COLOUR ( '', #5137 ) ;
#1531 = DIRECTION ( 'NONE',  ( 1.000000000000000000, 0.0000000000000000000, 0.0000000000000000000 ) ) ;
#1532 = CARTESIAN_POINT ( 'NONE',  ( 0.4000000000000002442, -0.0000000000000000000, 0.01999999999999721098 ) ) ;
#1533 = SURFACE_SIDE_STYLE ('',( #3626 ) ) ;
#1534 = DIRECTION ( 'NONE',  ( 1.000000000000000000, 0.0000000000000000000, -6.982962677686266711E-15 ) ) ;
#1535 = ORIENTED_EDGE ( 'NONE', *, *, #1615, .T. ) ;
#1536 = DIRECTION ( 'NONE',  ( 3.469446951953614189E-15, 1.000000000000000000, -2.422802008568392053E-29 ) ) ;
#1537 = ORIENTED_EDGE ( 'NONE', *, *, #5060, .T. ) ;
#1538 = FILL_AREA_STYLE_COLOUR ( '', #2297 ) ;
#1539 = ORIENTED_EDGE ( 'NONE', *, *, #2046, .F. ) ;
#1540 = ORIENTED_EDGE ( 'NONE', *, *, #5376, .F. ) ;
#1541 = SURFACE_SIDE_STYLE ('',( #3693 ) ) ;
#1542 = COLOUR_RGB ( '',0.7921568627450980005, 0.8196078431372548767, 0.9333333333333333481 ) ;
#1543 = ORIENTED_EDGE ( 'NONE', *, *, #852, .F. ) ;
#1544 = COLOUR_RGB ( '',0.8509803921568627194, 0.8509803921568627194, 0.8509803921568627194 ) ;
#1545 = DIRECTION ( 'NONE',  ( 8.673617379884037444E-16, 1.000000000000000000, 0.0000000000000000000 ) ) ;
#1546 = SURFACE_STYLE_USAGE ( .BOTH. , #196 ) ;
#1547 = DIRECTION ( 'NONE',  ( -1.000000000000000000, 0.0000000000000000000, 6.938893903907228378E-15 ) ) ;
#1548 = CARTESIAN_POINT ( 'NONE',  ( -0.1178234831815653944, -0.3593805362314128615, 0.2810000000000000275 ) ) ;
#1549 = EDGE_CURVE ( 'NONE', #2136, #5070, #5236, .T. ) ;
#1550 = STYLED_ITEM ( 'NONE', ( #5586 ), #5136 ) ;
#1551 = AXIS2_PLACEMENT_3D ( 'NONE', #3190, #924, #3072 ) ;
#1552 = STYLED_ITEM ( 'NONE', ( #1817 ), #1657 ) ;
#1553 = CARTESIAN_POINT ( 'NONE',  ( 1.100000000000000533, 0.1999999999999999833, -7.680894765701995475E-15 ) ) ;
#1554 =( LENGTH_UNIT ( ) NAMED_UNIT ( * ) SI_UNIT ( .MILLI., .METRE. ) );
#1555 = ORIENTED_EDGE ( 'NONE', *, *, #1892, .F. ) ;
#1556 = UNCERTAINTY_MEASURE_WITH_UNIT (LENGTH_MEASURE( 1.000000000000000082E-05 ), #4977, 'distance_accuracy_value', 'NONE');
#1557 =( NAMED_UNIT ( * ) PLANE_ANGLE_UNIT ( ) SI_UNIT ( $, .RADIAN. ) );
#1558 = CARTESIAN_POINT ( 'NONE',  ( -1.006701427160784346E-16, -0.2000000000000000389, 0.0000000000000000000 ) ) ;
#1559 = FACE_OUTER_BOUND ( 'NONE', #3452, .T. ) ;
#1560 = MECHANICAL_DESIGN_GEOMETRIC_PRESENTATION_REPRESENTATION (  '', ( #3983 ), #3792 ) ;
#1561 = EDGE_CURVE ( 'NONE', #3683, #3521, #354, .T. ) ;
#1562 = EDGE_CURVE ( 'NONE', #4647, #99, #299, .T. ) ;
#1563 = CARTESIAN_POINT ( 'NONE',  ( -0.5388595371840243509, 0.8637862597461452019, 0.2799999999999999711 ) ) ;
#1564 = PLANE ( 'NONE',  #5350 ) ;
#1565 = MECHANICAL_DESIGN_GEOMETRIC_PRESENTATION_REPRESENTATION (  '', ( #4425 ), #4703 ) ;
#1566 = VERTEX_POINT ( 'NONE', #4284 ) ;
#1567 = DIRECTION ( 'NONE',  ( 0.0000000000000000000, -1.000000000000000000, 0.0000000000000000000 ) ) ;
#1568 = ORIENTED_EDGE ( 'NONE', *, *, #3172, .F. ) ;
#1569 =( NAMED_UNIT ( * ) PLANE_ANGLE_UNIT ( ) SI_UNIT ( $, .RADIAN. ) );
#1570 = EDGE_LOOP ( 'NONE', ( #1501, #3574, #187, #907, #610, #5455 ) ) ;
#1571 = VERTEX_POINT ( 'NONE', #1647 ) ;
#1572 = LINE ( 'NONE', #3284, #2258 ) ;
#1573 = UNCERTAINTY_MEASURE_WITH_UNIT (LENGTH_MEASURE( 1.000000000000000082E-05 ), #5413, 'distance_accuracy_value', 'NONE');
#1574 = ORIENTED_EDGE ( 'NONE', *, *, #851, .F. ) ;
#1575 = SURFACE_SIDE_STYLE ('',( #1598 ) ) ;
#1576 = LINE ( 'NONE', #4082, #4996 ) ;
#1577 = STYLED_ITEM ( 'NONE', ( #170 ), #3992 ) ;
#1578 = VECTOR ( 'NONE', #4408, 1000.000000000000000 ) ;
#1579 = DIRECTION ( 'NONE',  ( 1.000000000000000000, 0.0000000000000000000, 0.0000000000000000000 ) ) ;
#1580 = ORIENTED_EDGE ( 'NONE', *, *, #2269, .F. ) ;
#1581 = EDGE_CURVE ( 'NONE', #1454, #334, #5556, .T. ) ;
#1582 = VECTOR ( 'NONE', #2750, 1000.000000000000000 ) ;
#1583 =( NAMED_UNIT ( * ) PLANE_ANGLE_UNIT ( ) SI_UNIT ( $, .RADIAN. ) );
#1584 = EDGE_CURVE ( 'NONE', #4457, #3282, #408, .T. ) ;
#1585 = VECTOR ( 'NONE', #2573, 1000.000000000000000 ) ;
#1586 = EDGE_CURVE ( 'NONE', #848, #1875, #2989, .T. ) ;
#1587 = CARTESIAN_POINT ( 'NONE',  ( 1.100000000000002531, 0.2499999999999996669, 0.2599999999999922928 ) ) ;
#1588 =( NAMED_UNIT ( * ) SI_UNIT ( $, .STERADIAN. ) SOLID_ANGLE_UNIT ( ) );
#1589 = ORIENTED_EDGE ( 'NONE', *, *, #4882, .T. ) ;
#1590 = CARTESIAN_POINT ( 'NONE',  ( -1.071157378566040208, 0.8626410704386738848, 0.2799999999999999711 ) ) ;
#1591 = VERTEX_POINT ( 'NONE', #1151 ) ;
#1592 = SURFACE_SIDE_STYLE ('',( #646 ) ) ;
#1593 = ORIENTED_EDGE ( 'NONE', *, *, #987, .T. ) ;
#1594 = VERTEX_POINT ( 'NONE', #3329 ) ;
#1595 = EDGE_LOOP ( 'NONE', ( #311, #1507, #1131, #2138 ) ) ;
#1596 = DIRECTION ( 'NONE',  ( 0.0000000000000000000, 0.0000000000000000000, 1.000000000000000000 ) ) ;
#1597 = FACE_OUTER_BOUND ( 'NONE', #4459, .T. ) ;
#1598 = SURFACE_STYLE_FILL_AREA ( #5377 ) ;
#1599 = SURFACE_STYLE_USAGE ( .BOTH. , #3289 ) ;
#1600 = FILL_AREA_STYLE ('',( #4276 ) ) ;
#1601 = ORIENTED_EDGE ( 'NONE', *, *, #3035, .T. ) ;
#1602 = UNCERTAINTY_MEASURE_WITH_UNIT (LENGTH_MEASURE( 1.000000000000000082E-05 ), #1154, 'distance_accuracy_value', 'NONE');
#1603 =( NAMED_UNIT ( * ) SI_UNIT ( $, .STERADIAN. ) SOLID_ANGLE_UNIT ( ) );
#1604 = DIRECTION ( 'NONE',  ( -0.0000000000000000000, 1.000000000000000000, -0.0000000000000000000 ) ) ;
#1605 = AXIS2_PLACEMENT_3D ( 'NONE', #5387, #4451, #2368 ) ;
#1606 = ORIENTED_EDGE ( 'NONE', *, *, #3063, .T. ) ;
#1607 = CARTESIAN_POINT ( 'NONE',  ( -0.4135483952989442713, -0.5316465652036583833, 0.2599999999999999534 ) ) ;
#1608 = SURFACE_STYLE_USAGE ( .BOTH. , #5470 ) ;
#1609 = ORIENTED_EDGE ( 'NONE', *, *, #2759, .F. ) ;
#1610 = FILL_AREA_STYLE_COLOUR ( '', #3000 ) ;
#1611 = FILL_AREA_STYLE ('',( #3851 ) ) ;
#1612 = ORIENTED_EDGE ( 'NONE', *, *, #2549, .F. ) ;
#1613 = SURFACE_STYLE_USAGE ( .BOTH. , #1244 ) ;
#1614 = ADVANCED_FACE ( 'NONE', ( #1675 ), #4593, .F. ) ;
#1615 = EDGE_CURVE ( 'NONE', #4801, #551, #2711, .T. ) ;
#1616 = PRESENTATION_STYLE_ASSIGNMENT (( #5474 ) ) ;
#1617 = VECTOR ( 'NONE', #5124, 1000.000000000000000 ) ;
#1618 = DIRECTION ( 'NONE',  ( -0.0000000000000000000, -0.0000000000000000000, -1.000000000000000000 ) ) ;
#1619 = ORIENTED_EDGE ( 'NONE', *, *, #1584, .T. ) ;
#1620 = ORIENTED_EDGE ( 'NONE', *, *, #422, .T. ) ;
#1621 = PLANE ( 'NONE',  #4602 ) ;
#1622 =( GEOMETRIC_REPRESENTATION_CONTEXT ( 3 ) GLOBAL_UNCERTAINTY_ASSIGNED_CONTEXT ( ( #1907 ) ) GLOBAL_UNIT_ASSIGNED_CONTEXT ( ( #3331, #623, #2276 ) ) REPRESENTATION_CONTEXT ( 'NONE', 'WORKASPACE' ) );
#1623 = ADVANCED_FACE ( 'NONE', ( #4629 ), #5108, .T. ) ;
#1624 = EDGE_CURVE ( 'NONE', #5200, #68, #1332, .T. ) ;
#1625 = DIRECTION ( 'NONE',  ( -1.000000000000000000, 0.0000000000000000000, 6.983251342707903681E-15 ) ) ;
#1626 = DIRECTION ( 'NONE',  ( 0.0000000000000000000, 1.000000000000000000, 0.0000000000000000000 ) ) ;
#1627 = AXIS2_PLACEMENT_3D ( 'NONE', #3185, #3121, #4022 ) ;
#1628 = MECHANICAL_DESIGN_GEOMETRIC_PRESENTATION_REPRESENTATION (  '', ( #4315 ), #4500 ) ;
#1629 = PRESENTATION_STYLE_ASSIGNMENT (( #2147 ) ) ;
#1630 = CARTESIAN_POINT ( 'NONE',  ( 1.100000000000000311, 0.9000000000000000222, -7.680894765701995475E-15 ) ) ;
#1631 = CARTESIAN_POINT ( 'NONE',  ( -7.738527931606581778E-18, 0.2000000000000000389, 0.0000000000000000000 ) ) ;
#1632 = VERTEX_POINT ( 'NONE', #3049 ) ;
#1633 = AXIS2_PLACEMENT_3D ( 'NONE', #5542, #2435, #278 ) ;
#1634 = DIRECTION ( 'NONE',  ( -0.0000000000000000000, -0.0000000000000000000, -1.000000000000000000 ) ) ;
#1635 = ORIENTED_EDGE ( 'NONE', *, *, #569, .F. ) ;
#1636 =( NAMED_UNIT ( * ) PLANE_ANGLE_UNIT ( ) SI_UNIT ( $, .RADIAN. ) );
#1637 = MECHANICAL_DESIGN_GEOMETRIC_PRESENTATION_REPRESENTATION (  '', ( #165 ), #4596 ) ;
#1638 = VECTOR ( 'NONE', #1215, 1000.000000000000000 ) ;
#1639 = STYLED_ITEM ( 'NONE', ( #1830 ), #1524 ) ;
#1640 = DIRECTION ( 'NONE',  ( 0.0000000000000000000, -0.0000000000000000000, 1.000000000000000000 ) ) ;
#1641 = SURFACE_SIDE_STYLE ('',( #402 ) ) ;
#1642 = SURFACE_STYLE_USAGE ( .BOTH. , #808 ) ;
#1643 = VERTEX_POINT ( 'NONE', #4419 ) ;
#1644 =( NAMED_UNIT ( * ) PLANE_ANGLE_UNIT ( ) SI_UNIT ( $, .RADIAN. ) );
#1645 = ORIENTED_EDGE ( 'NONE', *, *, #2302, .F. ) ;
#1646 =( GEOMETRIC_REPRESENTATION_CONTEXT ( 3 ) GLOBAL_UNCERTAINTY_ASSIGNED_CONTEXT ( ( #53 ) ) GLOBAL_UNIT_ASSIGNED_CONTEXT ( ( #407, #5134, #296 ) ) REPRESENTATION_CONTEXT ( 'NONE', 'WORKASPACE' ) );
#1647 = CARTESIAN_POINT ( 'NONE',  ( 1.100000000000000089, -0.7500000000000002220, -7.680894765701995475E-15 ) ) ;
#1648 = CARTESIAN_POINT ( 'NONE',  ( 0.3432670707574931868, -0.3593805362314128615, 0.2599999999999999534 ) ) ;
#1649 = ORIENTED_EDGE ( 'NONE', *, *, #2330, .T. ) ;
#1650 = LINE ( 'NONE', #4918, #2732 ) ;
#1651 = SURFACE_STYLE_FILL_AREA ( #764 ) ;
#1652 = EDGE_LOOP ( 'NONE', ( #4908, #1771, #4374, #757 ) ) ;
#1653 = DIRECTION ( 'NONE',  ( -0.0000000000000000000, -0.0000000000000000000, -1.000000000000000000 ) ) ;
#1654 = STYLED_ITEM ( 'NONE', ( #4014 ), #2972 ) ;
#1655 = CARTESIAN_POINT ( 'NONE',  ( 1.100000000000002531, 0.7499999999999997780, 0.2599999999999922928 ) ) ;
#1656 = EDGE_CURVE ( 'NONE', #1709, #4457, #5406, .T. ) ;
#1657 = ADVANCED_FACE ( 'NONE', ( #58 ), #2262, .T. ) ;
#1658 =( NAMED_UNIT ( * ) PLANE_ANGLE_UNIT ( ) SI_UNIT ( $, .RADIAN. ) );
#1659 = CARTESIAN_POINT ( 'NONE',  ( -1.099999999999998090, 1.000000000000000000, 0.2600000000000076694 ) ) ;
#1660 = STYLED_ITEM ( 'NONE', ( #2681 ), #3369 ) ;
#1661 =( NAMED_UNIT ( * ) PLANE_ANGLE_UNIT ( ) SI_UNIT ( $, .RADIAN. ) );
#1662 = LINE ( 'NONE', #833, #636 ) ;
#1663 = SURFACE_STYLE_FILL_AREA ( #1600 ) ;
#1664 = UNCERTAINTY_MEASURE_WITH_UNIT (LENGTH_MEASURE( 1.000000000000000082E-05 ), #4349, 'distance_accuracy_value', 'NONE');
#1665 =( LENGTH_UNIT ( ) NAMED_UNIT ( * ) SI_UNIT ( .MILLI., .METRE. ) );
#1666 = ORIENTED_EDGE ( 'NONE', *, *, #5094, .T. ) ;
#1667 = SURFACE_SIDE_STYLE ('',( #1752 ) ) ;
#1668 = VECTOR ( 'NONE', #2115, 1000.000000000000000 ) ;
#1669 = DIRECTION ( 'NONE',  ( -0.0000000000000000000, -0.0000000000000000000, -1.000000000000000000 ) ) ;
#1670 = SURFACE_STYLE_USAGE ( .BOTH. , #1641 ) ;
#1671 = CARTESIAN_POINT ( 'NONE',  ( -0.4000000000000000777, 0.0000000000000000000, 2.791820594150173918E-15 ) ) ;
#1672 = EDGE_LOOP ( 'NONE', ( #2084, #2205, #4804, #1601, #3821, #2421, #3249, #2908 ) ) ;
#1673 = CARTESIAN_POINT ( 'NONE',  ( 1.100000000000002087, -0.8614255068147830263, 0.2799999999999999711 ) ) ;
#1674 = VERTEX_POINT ( 'NONE', #2663 ) ;
#1675 = FACE_OUTER_BOUND ( 'NONE', #5442, .T. ) ;
#1676 = LINE ( 'NONE', #439, #1122 ) ;
#1677 = ORIENTED_EDGE ( 'NONE', *, *, #2733, .T. ) ;
#1678 = FILL_AREA_STYLE_COLOUR ( '', #1924 ) ;
#1679 = CARTESIAN_POINT ( 'NONE',  ( -0.4135483952989442713, -0.5316465652036583833, 0.2810000000000000275 ) ) ;
#1680 = DIRECTION ( 'NONE',  ( -1.000000000000000000, -0.0000000000000000000, -0.0000000000000000000 ) ) ;
#1681 = MECHANICAL_DESIGN_GEOMETRIC_PRESENTATION_REPRESENTATION (  '', ( #4642 ), #2479 ) ;
#1682 = UNCERTAINTY_MEASURE_WITH_UNIT (LENGTH_MEASURE( 1.000000000000000082E-05 ), #2763, 'distance_accuracy_value', 'NONE');
#1683 = VERTEX_POINT ( 'NONE', #4738 ) ;
#1684 = DIRECTION ( 'NONE',  ( 1.000000000000000000, 0.0000000000000000000, 0.0000000000000000000 ) ) ;
#1685 = SURFACE_STYLE_FILL_AREA ( #4641 ) ;
#1686 = UNCERTAINTY_MEASURE_WITH_UNIT (LENGTH_MEASURE( 1.000000000000000082E-05 ), #5417, 'distance_accuracy_value', 'NONE');
#1687 = EDGE_CURVE ( 'NONE', #3767, #3233, #4822, .T. ) ;
#1688 =( NAMED_UNIT ( * ) SI_UNIT ( $, .STERADIAN. ) SOLID_ANGLE_UNIT ( ) );
#1689 = CARTESIAN_POINT ( 'NONE',  ( -0.6035437629006772386, 0.0000000000000000000, 0.2599999999999999534 ) ) ;
#1690 = FILL_AREA_STYLE ('',( #5547 ) ) ;
#1691 = DIRECTION ( 'NONE',  ( 0.0000000000000000000, 0.0000000000000000000, 1.000000000000000000 ) ) ;
#1692 = CARTESIAN_POINT ( 'NONE',  ( -0.6766918921026191525, -0.5541450885699468198, 0.2599999999999999534 ) ) ;
#1693 = FACE_OUTER_BOUND ( 'NONE', #2881, .T. ) ;
#1694 = ORIENTED_EDGE ( 'NONE', *, *, #1868, .T. ) ;
#1695 = EDGE_CURVE ( 'NONE', #4489, #3665, #2690, .T. ) ;
#1696 = LINE ( 'NONE', #5575, #3492 ) ;
#1697 = ORIENTED_EDGE ( 'NONE', *, *, #1480, .F. ) ;
#1698 = DIRECTION ( 'NONE',  ( 0.0000000000000000000, -1.000000000000000000, 0.0000000000000000000 ) ) ;
#1699 = CARTESIAN_POINT ( 'NONE',  ( 1.100000000000002087, -1.000000000000000222, 0.2599999999999922928 ) ) ;
#1700 = DIRECTION ( 'NONE',  ( 1.000000000000000000, 0.0000000000000000000, 0.0000000000000000000 ) ) ;
#1701 = VECTOR ( 'NONE', #3894, 1000.000000000000000 ) ;
#1702 = CARTESIAN_POINT ( 'NONE',  ( 0.0000000000000000000, 0.1776407652747671595, 0.2599999999999999534 ) ) ;
#1703 = EDGE_LOOP ( 'NONE', ( #4571, #1936, #1940, #2769 ) ) ;
#1704 = CARTESIAN_POINT ( 'NONE',  ( 0.3432670707574931868, -0.5316465652036583833, 0.2599999999999999534 ) ) ;
#1705 = PRESENTATION_LAYER_ASSIGNMENT (  '', '', ( #2966 ) ) ;
#1706 = DIRECTION ( 'NONE',  ( 0.0000000000000000000, 1.000000000000000000, -0.0000000000000000000 ) ) ;
#1707 = CARTESIAN_POINT ( 'NONE',  ( 0.3648896556285309845, -0.0000000000000000000, 0.01999999999999745384 ) ) ;
#1708 = CARTESIAN_POINT ( 'NONE',  ( -1.099999999999998090, 0.4999999999999997780, 0.2799999999999999711 ) ) ;
#1709 = VERTEX_POINT ( 'NONE', #92 ) ;
#1710 = PLANE ( 'NONE',  #2010 ) ;
#1711 = FILL_AREA_STYLE ('',( #2587 ) ) ;
#1712 = VECTOR ( 'NONE', #887, 1000.000000000000000 ) ;
#1713 =( LENGTH_UNIT ( ) NAMED_UNIT ( * ) SI_UNIT ( .MILLI., .METRE. ) );
#1714 = CARTESIAN_POINT ( 'NONE',  ( -0.1178234831815653944, -0.3593805362314128615, 0.2810000000000000275 ) ) ;
#1715 = CARTESIAN_POINT ( 'NONE',  ( -1.100000000000000533, 0.9000000000000000222, 7.680894765701995475E-15 ) ) ;
#1716 =( NAMED_UNIT ( * ) SI_UNIT ( $, .STERADIAN. ) SOLID_ANGLE_UNIT ( ) );
#1717 = UNCERTAINTY_MEASURE_WITH_UNIT (LENGTH_MEASURE( 1.000000000000000082E-05 ), #4648, 'distance_accuracy_value', 'NONE');
#1718 = LINE ( 'NONE', #3876, #3357 ) ;
#1719 = FILL_AREA_STYLE_COLOUR ( '', #805 ) ;
#1720 =( NAMED_UNIT ( * ) PLANE_ANGLE_UNIT ( ) SI_UNIT ( $, .RADIAN. ) );
#1721 = PRESENTATION_LAYER_ASSIGNMENT (  '', '', ( #4140 ) ) ;
#1722 = VECTOR ( 'NONE', #1948, 1000.000000000000000 ) ;
#1723 = CARTESIAN_POINT ( 'NONE',  ( -1.099999999999998090, -0.4999999999999997780, 0.2599999999999999534 ) ) ;
#1724 =( LENGTH_UNIT ( ) NAMED_UNIT ( * ) SI_UNIT ( .MILLI., .METRE. ) );
#1725 = ORIENTED_EDGE ( 'NONE', *, *, #2156, .F. ) ;
#1726 = PLANE ( 'NONE',  #4170 ) ;
#1727 = ORIENTED_EDGE ( 'NONE', *, *, #5340, .T. ) ;
#1728 = DIRECTION ( 'NONE',  ( -0.0000000000000000000, 0.0000000000000000000, 1.000000000000000000 ) ) ;
#1729 = EDGE_CURVE ( 'NONE', #892, #669, #1844, .T. ) ;
#1730 = ADVANCED_FACE ( 'NONE', ( #1420 ), #4763, .T. ) ;
#1731 = AXIS2_PLACEMENT_3D ( 'NONE', #429, #2129, #3464 ) ;
#1732 = UNCERTAINTY_MEASURE_WITH_UNIT (LENGTH_MEASURE( 1.000000000000000082E-05 ), #2017, 'distance_accuracy_value', 'NONE');
#1733 = SURFACE_SIDE_STYLE ('',( #5079 ) ) ;
#1734 = DIRECTION ( 'NONE',  ( -0.0000000000000000000, -0.0000000000000000000, -1.000000000000000000 ) ) ;
#1735 = ORIENTED_EDGE ( 'NONE', *, *, #3273, .T. ) ;
#1736 = CIRCLE ( 'NONE', #5053, 0.2500000000000000000 ) ;
#1737 = DIRECTION ( 'NONE',  ( -8.673617379884039416E-16, -1.000000000000000000, 0.0000000000000000000 ) ) ;
#1738 = LINE ( 'NONE', #1194, #171 ) ;
#1739 = FILL_AREA_STYLE_COLOUR ( '', #2099 ) ;
#1740 = MECHANICAL_DESIGN_GEOMETRIC_PRESENTATION_REPRESENTATION (  '', ( #2175 ), #5153 ) ;
#1741 = AXIS2_PLACEMENT_3D ( 'NONE', #5437, #2870, #3234 ) ;
#1742 = VERTEX_POINT ( 'NONE', #5322 ) ;
#1743 = FILL_AREA_STYLE_COLOUR ( '', #813 ) ;
#1744 = ORIENTED_EDGE ( 'NONE', *, *, #923, .T. ) ;
#1745 =( GEOMETRIC_REPRESENTATION_CONTEXT ( 3 ) GLOBAL_UNCERTAINTY_ASSIGNED_CONTEXT ( ( #2385 ) ) GLOBAL_UNIT_ASSIGNED_CONTEXT ( ( #1713, #4273, #397 ) ) REPRESENTATION_CONTEXT ( 'NONE', 'WORKASPACE' ) );
#1746 = DIRECTION ( 'NONE',  ( -1.000000000000000000, 0.0000000000000000000, 6.983251342707903681E-15 ) ) ;
#1747 = VECTOR ( 'NONE', #5250, 1000.000000000000000 ) ;
#1748 = DIRECTION ( 'NONE',  ( 1.000000000000000000, -9.856383386231857595E-17, 0.0000000000000000000 ) ) ;
#1749 = DIRECTION ( 'NONE',  ( -1.000000000000000000, 0.0000000000000000000, 0.0000000000000000000 ) ) ;
#1750 = DIRECTION ( 'NONE',  ( 6.982962677686268288E-15, -0.0000000000000000000, 1.000000000000000000 ) ) ;
#1751 = CYLINDRICAL_SURFACE ( 'NONE', #4171, 0.2500000000000000000 ) ;
#1752 = SURFACE_STYLE_FILL_AREA ( #401 ) ;
#1753 = SURFACE_SIDE_STYLE ('',( #2593 ) ) ;
#1754 = LINE ( 'NONE', #55, #2232 ) ;
#1755 = VERTEX_POINT ( 'NONE', #4989 ) ;
#1756 = PLANE ( 'NONE',  #4888 ) ;
#1757 = CARTESIAN_POINT ( 'NONE',  ( -0.3999999999999999667, 0.2000000000000000111, 0.02000000000000279332 ) ) ;
#1758 = DIRECTION ( 'NONE',  ( 1.734723475976807094E-15, -1.000000000000000000, -0.0000000000000000000 ) ) ;
#1759 = EDGE_CURVE ( 'NONE', #4141, #1959, #3652, .T. ) ;
#1760 = CARTESIAN_POINT ( 'NONE',  ( -0.7250754616367172112, -0.5368602718148540731, 0.2599999999999999534 ) ) ;
#1761 = EDGE_CURVE ( 'NONE', #4375, #5519, #5358, .T. ) ;
#1762 = DIRECTION ( 'NONE',  ( 0.0000000000000000000, -1.000000000000000000, 0.0000000000000000000 ) ) ;
#1763 = CARTESIAN_POINT ( 'NONE',  ( -0.6634567500555484942, -0.2265013340820382082, 0.2599999999999999534 ) ) ;
#1764 =( GEOMETRIC_REPRESENTATION_CONTEXT ( 3 ) GLOBAL_UNCERTAINTY_ASSIGNED_CONTEXT ( ( #4753 ) ) GLOBAL_UNIT_ASSIGNED_CONTEXT ( ( #2965, #921, #4471 ) ) REPRESENTATION_CONTEXT ( 'NONE', 'WORKASPACE' ) );
#1765 = CYLINDRICAL_SURFACE ( 'NONE', #2081, 0.3637862597461454239 ) ;
#1766 = PRESENTATION_STYLE_ASSIGNMENT (( #2722 ) ) ;
#1767 = PRESENTATION_LAYER_ASSIGNMENT (  '', '', ( #4452 ) ) ;
#1768 = EDGE_CURVE ( 'NONE', #1107, #3658, #5385, .T. ) ;
#1769 = ORIENTED_EDGE ( 'NONE', *, *, #4983, .T. ) ;
#1770 = PLANE ( 'NONE',  #1731 ) ;
#1771 = ORIENTED_EDGE ( 'NONE', *, *, #1488, .T. ) ;
#1772 = VECTOR ( 'NONE', #755, 1000.000000000000000 ) ;
#1773 = CARTESIAN_POINT ( 'NONE',  ( -1.099999999999999867, 0.4999999999999997780, 0.02000000000000768177 ) ) ;
#1774 =( LENGTH_UNIT ( ) NAMED_UNIT ( * ) SI_UNIT ( .MILLI., .METRE. ) );
#1775 = B_SPLINE_CURVE_WITH_KNOTS ( 'NONE', 3,
 ( #3360, #2511, #1909, #221 ),
 .UNSPECIFIED., .F., .F.,
 ( 4, 4 ),
 ( 0.1244051645373050602, 1.000000000000000000 ),
 .UNSPECIFIED. ) ;
#1776 = APPLICATION_PROTOCOL_DEFINITION ( 'draft international standard', 'automotive_design', 1998, #1826 ) ;
#1777 = DIRECTION ( 'NONE',  ( 4.259365677621624914E-16, 1.000000000000000000, -2.974299155744968002E-30 ) ) ;
#1778 = UNCERTAINTY_MEASURE_WITH_UNIT (LENGTH_MEASURE( 1.000000000000000082E-05 ), #4909, 'distance_accuracy_value', 'NONE');
#1779 = DIRECTION ( 'NONE',  ( -6.982962677686265922E-15, 0.0000000000000000000, -1.000000000000000000 ) ) ;
#1780 = DIRECTION ( 'NONE',  ( 3.469446951953614583E-15, 1.000000000000000000, 0.0000000000000000000 ) ) ;
#1781 = EDGE_LOOP ( 'NONE', ( #2048, #3554, #2810, #1133 ) ) ;
#1782 = CARTESIAN_POINT ( 'NONE',  ( 0.0000000000000000000, 0.5569292977732096528, 0.2799999999999999711 ) ) ;
#1783 =( NAMED_UNIT ( * ) SI_UNIT ( $, .STERADIAN. ) SOLID_ANGLE_UNIT ( ) );
#1784 = UNCERTAINTY_MEASURE_WITH_UNIT (LENGTH_MEASURE( 1.000000000000000082E-05 ), #4453, 'distance_accuracy_value', 'NONE');
#1785 =( NAMED_UNIT ( * ) SI_UNIT ( $, .STERADIAN. ) SOLID_ANGLE_UNIT ( ) );
#1786 = SURFACE_SIDE_STYLE ('',( #5220 ) ) ;
#1787 = SURFACE_STYLE_FILL_AREA ( #556 ) ;
#1788 = PRESENTATION_STYLE_ASSIGNMENT (( #39 ) ) ;
#1789 = EDGE_LOOP ( 'NONE', ( #5471, #1849, #2874, #4102 ) ) ;
#1790 = EDGE_CURVE ( 'NONE', #2343, #2190, #2787, .T. ) ;
#1791 = EDGE_CURVE ( 'NONE', #4238, #5307, #1083, .T. ) ;
#1792 = UNCERTAINTY_MEASURE_WITH_UNIT (LENGTH_MEASURE( 1.000000000000000082E-05 ), #4064, 'distance_accuracy_value', 'NONE');
#1793 = ORIENTED_EDGE ( 'NONE', *, *, #2889, .F. ) ;
#1794 = ORIENTED_EDGE ( 'NONE', *, *, #6, .F. ) ;
#1795 = ORIENTED_EDGE ( 'NONE', *, *, #2764, .F. ) ;
#1796 =( NAMED_UNIT ( * ) PLANE_ANGLE_UNIT ( ) SI_UNIT ( $, .RADIAN. ) );
#1797 = PLANE ( 'NONE',  #5260 ) ;
#1798 = EDGE_CURVE ( 'NONE', #2780, #2861, #2332, .T. ) ;
#1799 = EDGE_CURVE ( 'NONE', #2062, #2310, #3276, .T. ) ;
#1800 =( NAMED_UNIT ( * ) SI_UNIT ( $, .STERADIAN. ) SOLID_ANGLE_UNIT ( ) );
#1801 = CARTESIAN_POINT ( 'NONE',  ( -1.099999999999998535, 0.8637862597461452019, 0.2599999999999999534 ) ) ;
#1802 = VECTOR ( 'NONE', #1706, 1000.000000000000000 ) ;
#1803 = SURFACE_STYLE_USAGE ( .BOTH. , #4750 ) ;
#1804 = CARTESIAN_POINT ( 'NONE',  ( 0.0000000000000000000, 0.8637862597461452019, 0.2799999999999999711 ) ) ;
#1805 = LINE ( 'NONE', #3124, #901 ) ;
#1806 = LINE ( 'NONE', #3096, #2924 ) ;
#1807 = CARTESIAN_POINT ( 'NONE',  ( 0.4124155170610083188, 0.04290495023076341258, 0.2599999999999999534 ) ) ;
#1808 = CARTESIAN_POINT ( 'NONE',  ( 0.7174695751538135990, -0.08025157153844877933, 0.2799999999999999711 ) ) ;
#1809 = AXIS2_PLACEMENT_3D ( 'NONE', #1243, #2536, #2995 ) ;
#1810 = CYLINDRICAL_SURFACE ( 'NONE', #358, 0.3637862597461382630 ) ;
#1811 = DIRECTION ( 'NONE',  ( -0.0000000000000000000, -0.0000000000000000000, -1.000000000000000000 ) ) ;
#1812 = ORIENTED_EDGE ( 'NONE', *, *, #3778, .T. ) ;
#1813 = LINE ( 'NONE', #4817, #1388 ) ;
#1814 = VECTOR ( 'NONE', #312, 1000.000000000000000 ) ;
#1815 = VECTOR ( 'NONE', #1431, 1000.000000000000000 ) ;
#1816 = CIRCLE ( 'NONE', #4063, 0.09999999999999993616 ) ;
#1817 = PRESENTATION_STYLE_ASSIGNMENT (( #119 ) ) ;
#1818 = SURFACE_SIDE_STYLE ('',( #583 ) ) ;
#1819 = DIRECTION ( 'NONE',  ( 6.982962677686265922E-15, 0.0000000000000000000, 1.000000000000000000 ) ) ;
#1820 = ORIENTED_EDGE ( 'NONE', *, *, #958, .F. ) ;
#1821 = COLOUR_RGB ( '',0.7921568627450980005, 0.8196078431372548767, 0.9333333333333333481 ) ;
#1822 = AXIS2_PLACEMENT_3D ( 'NONE', #2708, #1779, #517 ) ;
#1823 = ORIENTED_EDGE ( 'NONE', *, *, #1518, .F. ) ;
#1824 = CARTESIAN_POINT ( 'NONE',  ( -1.099999999999998979, 0.0000000000000000000, 0.2599999999999999534 ) ) ;
#1825 = ORIENTED_EDGE ( 'NONE', *, *, #4575, .T. ) ;
#1826 = APPLICATION_CONTEXT ( 'automotive_design' ) ;
#1827 = VERTEX_POINT ( 'NONE', #2834 ) ;
#1828 = CARTESIAN_POINT ( 'NONE',  ( -1.071157378566040208, 0.8626410704386738848, 0.2599999999999999534 ) ) ;
#1829 = LINE ( 'NONE', #1374, #747 ) ;
#1830 = PRESENTATION_STYLE_ASSIGNMENT (( #48 ) ) ;
#1831 = EDGE_CURVE ( 'NONE', #3177, #5049, #2167, .T. ) ;
#1832 = COLOUR_RGB ( '',1.000000000000000000, 1.000000000000000000, 1.000000000000000000 ) ;
#1833 = ADVANCED_FACE ( 'NONE', ( #1476 ), #1124, .F. ) ;
#1834 = DIRECTION ( 'NONE',  ( 0.0000000000000000000, -1.000000000000000000, 0.0000000000000000000 ) ) ;
#1835 = SURFACE_SIDE_STYLE ('',( #2244 ) ) ;
#1836 = DIRECTION ( 'NONE',  ( -1.000000000000000000, 0.0000000000000000000, 6.983251342707903681E-15 ) ) ;
#1837 = DIRECTION ( 'NONE',  ( 6.982962677686268288E-15, -0.0000000000000000000, 1.000000000000000000 ) ) ;
#1838 = LINE ( 'NONE', #1864, #2072 ) ;
#1839 = PLANE ( 'NONE',  #3847 ) ;
#1840 = VERTEX_POINT ( 'NONE', #262 ) ;
#1841 = VECTOR ( 'NONE', #2818, 1000.000000000000000 ) ;
#1842 =( NAMED_UNIT ( * ) SI_UNIT ( $, .STERADIAN. ) SOLID_ANGLE_UNIT ( ) );
#1843 = DIRECTION ( 'NONE',  ( 1.000000000000000000, 0.0000000000000000000, -6.938893903907228378E-15 ) ) ;
#1844 = LINE ( 'NONE', #3549, #1283 ) ;
#1845 = SURFACE_SIDE_STYLE ('',( #526 ) ) ;
#1846 = VERTEX_POINT ( 'NONE', #806 ) ;
#1847 = CARTESIAN_POINT ( 'NONE',  ( -1.099999999999998979, 0.7499999999999997780, 0.2799999999999999711 ) ) ;
#1848 = COLOUR_RGB ( '',0.8509803921568627194, 0.8509803921568627194, 0.8509803921568627194 ) ;
#1849 = ORIENTED_EDGE ( 'NONE', *, *, #2201, .F. ) ;
#1850 = LINE ( 'NONE', #3176, #1582 ) ;
#1851 = ORIENTED_EDGE ( 'NONE', *, *, #4575, .F. ) ;
#1852 = ORIENTED_EDGE ( 'NONE', *, *, #2889, .T. ) ;
#1853 = CARTESIAN_POINT ( 'NONE',  ( -0.6832485166931815401, 0.8768473060465202806, 0.2599999999999999534 ) ) ;
#1854 = CARTESIAN_POINT ( 'NONE',  ( -0.1178234831815653944, -0.5316465652036583833, 0.2599999999999999534 ) ) ;
#1855 = AXIS2_PLACEMENT_3D ( 'NONE', #4340, #1762, #4684 ) ;
#1856 = DIRECTION ( 'NONE',  ( 1.000000000000000000, 0.0000000000000000000, 0.0000000000000000000 ) ) ;
#1857 = VECTOR ( 'NONE', #4420, 1000.000000000000000 ) ;
#1858 = CARTESIAN_POINT ( 'NONE',  ( 1.100000000000002087, -0.7500000000000002220, 0.2599999999999922928 ) ) ;
#1859 =( NAMED_UNIT ( * ) SI_UNIT ( $, .STERADIAN. ) SOLID_ANGLE_UNIT ( ) );
#1860 = FILL_AREA_STYLE ('',( #544 ) ) ;
#1861 = SURFACE_SIDE_STYLE ('',( #3069 ) ) ;
#1862 = EDGE_CURVE ( 'NONE', #1840, #3649, #779, .T. ) ;
#1863 = EDGE_CURVE ( 'NONE', #3501, #4647, #2023, .T. ) ;
#1864 = CARTESIAN_POINT ( 'NONE',  ( -0.1178234831815653944, -0.3593805362314128615, 0.2599999999999999534 ) ) ;
#1865 = FACE_OUTER_BOUND ( 'NONE', #1956, .T. ) ;
#1866 = EDGE_LOOP ( 'NONE', ( #3499, #4347, #3039, #853 ) ) ;
#1867 = LINE ( 'NONE', #4474, #554 ) ;
#1868 = EDGE_CURVE ( 'NONE', #5049, #5226, #1358, .T. ) ;
#1869 = DIRECTION ( 'NONE',  ( 1.000000000000000000, 0.0000000000000000000, 0.0000000000000000000 ) ) ;
#1870 = CARTESIAN_POINT ( 'NONE',  ( -0.9174636228121989534, -0.1880563063957278735, 0.2599999999999999534 ) ) ;
#1871 = CARTESIAN_POINT ( 'NONE',  ( 1.100000000000002087, -0.5000000000000002220, 0.2799999999999999711 ) ) ;
#1872 = ORIENTED_EDGE ( 'NONE', *, *, #2863, .T. ) ;
#1873 = VERTEX_POINT ( 'NONE', #1607 ) ;
#1874 = VERTEX_POINT ( 'NONE', #4777 ) ;
#1875 = VERTEX_POINT ( 'NONE', #3319 ) ;
#1876 = CARTESIAN_POINT ( 'NONE',  ( -1.031512925605919229, 0.8594879528193650753, 0.2599999999999999534 ) ) ;
#1877 = DIRECTION ( 'NONE',  ( -0.0000000000000000000, -0.0000000000000000000, -1.000000000000000000 ) ) ;
#1878 = DIRECTION ( 'NONE',  ( 1.000000000000000000, 0.0000000000000000000, -0.0000000000000000000 ) ) ;
#1879 = FILL_AREA_STYLE_COLOUR ( '', #548 ) ;
#1880 = DIRECTION ( 'NONE',  ( -6.983251342707903681E-15, 0.0000000000000000000, -1.000000000000000000 ) ) ;
#1881 = CARTESIAN_POINT ( 'NONE',  ( 1.396650268541580904E-16, 0.9000000000000000222, 0.02000000000000000042 ) ) ;
#1882 = VECTOR ( 'NONE', #2558, 1000.000000000000000 ) ;
#1883 =( NAMED_UNIT ( * ) PLANE_ANGLE_UNIT ( ) SI_UNIT ( $, .RADIAN. ) );
#1884 = EDGE_CURVE ( 'NONE', #4373, #4141, #315, .T. ) ;
#1885 = CARTESIAN_POINT ( 'NONE',  ( 0.3901487617419281406, 0.6855750628389500889, 0.2599999999999999534 ) ) ;
#1886 = DIRECTION ( 'NONE',  ( -1.000000000000000000, -9.767585058201805003E-17, 0.0000000000000000000 ) ) ;
#1887 = EDGE_LOOP ( 'NONE', ( #5395, #2028, #3046, #1175 ) ) ;
#1888 = VECTOR ( 'NONE', #2243, 1000.000000000000000 ) ;
#1889 = SURFACE_STYLE_FILL_AREA ( #2416 ) ;
#1890 = FACE_OUTER_BOUND ( 'NONE', #1976, .T. ) ;
#1891 = CARTESIAN_POINT ( 'NONE',  ( 1.100000000000000089, 0.0000000000000000000, -7.680894765701995475E-15 ) ) ;
#1892 = EDGE_CURVE ( 'NONE', #5070, #4069, #4319, .T. ) ;
#1893 = EDGE_CURVE ( 'NONE', #238, #3955, #4674, .T. ) ;
#1894 =( NAMED_UNIT ( * ) PLANE_ANGLE_UNIT ( ) SI_UNIT ( $, .RADIAN. ) );
#1895 = ORIENTED_EDGE ( 'NONE', *, *, #3710, .T. ) ;
#1896 = CARTESIAN_POINT ( 'NONE',  ( -0.4135483952989442713, -0.3593805362314128615, 0.2810000000000000275 ) ) ;
#1897 = VECTOR ( 'NONE', #2967, 1000.000000000000000 ) ;
#1898 = AXIS2_PLACEMENT_3D ( 'NONE', #2562, #3820, #5069 ) ;
#1899 = VERTEX_POINT ( 'NONE', #2476 ) ;
#1900 = FILL_AREA_STYLE ('',( #125 ) ) ;
#1901 = EDGE_LOOP ( 'NONE', ( #3192, #2141, #3747, #558 ) ) ;
#1902 = STYLED_ITEM ( 'NONE', ( #511 ), #4818 ) ;
#1903 = STYLED_ITEM ( 'NONE', ( #2581 ), #2177 ) ;
#1904 = MECHANICAL_DESIGN_GEOMETRIC_PRESENTATION_REPRESENTATION (  '', ( #1178 ), #1368 ) ;
#1905 = ORIENTED_EDGE ( 'NONE', *, *, #1799, .T. ) ;
#1906 = STYLED_ITEM ( 'NONE', ( #3260 ), #5024 ) ;
#1907 = UNCERTAINTY_MEASURE_WITH_UNIT (LENGTH_MEASURE( 1.000000000000000082E-05 ), #3331, 'distance_accuracy_value', 'NONE');
#1908 = SURFACE_STYLE_USAGE ( .BOTH. , #5343 ) ;
#1909 = CARTESIAN_POINT ( 'NONE',  ( 0.8132557169139246200, -0.2164558030324802707, 0.2799999999999999711 ) ) ;
#1910 = SURFACE_STYLE_FILL_AREA ( #4003 ) ;
#1911 = VECTOR ( 'NONE', #1952, 1000.000000000000000 ) ;
#1912 = FILL_AREA_STYLE_COLOUR ( '', #4612 ) ;
#1913 = CARTESIAN_POINT ( 'NONE',  ( -0.7713451857263546874, 0.6561302432729905210, 0.2599999999999999534 ) ) ;
#1914 =( LENGTH_UNIT ( ) NAMED_UNIT ( * ) SI_UNIT ( .MILLI., .METRE. ) );
#1915 = FILL_AREA_STYLE_COLOUR ( '', #1848 ) ;
#1916 = PRESENTATION_LAYER_ASSIGNMENT (  '', '', ( #2910 ) ) ;
#1917 = COLOUR_RGB ( '',0.8509803921568627194, 0.8509803921568627194, 0.8509803921568627194 ) ;
#1918 = CARTESIAN_POINT ( 'NONE',  ( -1.099999999999998090, -0.4999999999999997780, 0.2799999999999999711 ) ) ;
#1919 = CARTESIAN_POINT ( 'NONE',  ( -2.787890710529827380E-16, -0.9000000000000001332, 0.0000000000000000000 ) ) ;
#1920 = ORIENTED_EDGE ( 'NONE', *, *, #1862, .F. ) ;
#1921 = SURFACE_SIDE_STYLE ('',( #5354 ) ) ;
#1922 =( NAMED_UNIT ( * ) PLANE_ANGLE_UNIT ( ) SI_UNIT ( $, .RADIAN. ) );
#1923 = DIRECTION ( 'NONE',  ( -0.0000000000000000000, -0.0000000000000000000, -1.000000000000000000 ) ) ;
#1924 = COLOUR_RGB ( '',1.000000000000000000, 1.000000000000000000, 1.000000000000000000 ) ;
#1925 = CARTESIAN_POINT ( 'NONE',  ( -1.031512925605919229, 0.8594879528193650753, 0.2799999999999999156 ) ) ;
#1926 = PLANE ( 'NONE',  #488 ) ;
#1927 = DIRECTION ( 'NONE',  ( 1.000000000000000000, 0.0000000000000000000, 0.0000000000000000000 ) ) ;
#1928 = ORIENTED_EDGE ( 'NONE', *, *, #5016, .T. ) ;
#1929 = DIRECTION ( 'NONE',  ( -0.0000000000000000000, -1.000000000000000000, -0.0000000000000000000 ) ) ;
#1930 = PRESENTATION_LAYER_ASSIGNMENT (  '', '', ( #3623 ) ) ;
#1931 = ADVANCED_FACE ( 'NONE', ( #3766 ), #5493, .F. ) ;
#1932 = EDGE_CURVE ( 'NONE', #4042, #3993, #4172, .T. ) ;
#1933 = ORIENTED_EDGE ( 'NONE', *, *, #922, .T. ) ;
#1934 = VERTEX_POINT ( 'NONE', #5523 ) ;
#1935 = COLOUR_RGB ( '',1.000000000000000000, 1.000000000000000000, 1.000000000000000000 ) ;
#1936 = ORIENTED_EDGE ( 'NONE', *, *, #105, .F. ) ;
#1937 = SURFACE_STYLE_USAGE ( .BOTH. , #2779 ) ;
#1938 = COLOUR_RGB ( '',0.7921568627450980005, 0.8196078431372548767, 0.9333333333333333481 ) ;
#1939 = ADVANCED_FACE ( 'NONE', ( #3353 ), #4586, .T. ) ;
#1940 = ORIENTED_EDGE ( 'NONE', *, *, #3407, .F. ) ;
#1941 = CARTESIAN_POINT ( 'NONE',  ( 0.3901487617419281406, 0.8637862597461452019, 0.2799999999999999711 ) ) ;
#1942 = CARTESIAN_POINT ( 'NONE',  ( -0.6634567500555484942, -0.2265013340820382082, 0.2799999999999999711 ) ) ;
#1943 = SURFACE_STYLE_USAGE ( .BOTH. , #5478 ) ;
#1944 = FACE_OUTER_BOUND ( 'NONE', #3031, .T. ) ;
#1945 =( NAMED_UNIT ( * ) SI_UNIT ( $, .STERADIAN. ) SOLID_ANGLE_UNIT ( ) );
#1946 = CIRCLE ( 'NONE', #5180, 0.09999999999999999167 ) ;
#1947 =( NAMED_UNIT ( * ) SI_UNIT ( $, .STERADIAN. ) SOLID_ANGLE_UNIT ( ) );
#1948 = DIRECTION ( 'NONE',  ( -0.0000000000000000000, -0.0000000000000000000, -1.000000000000000000 ) ) ;
#1949 = CARTESIAN_POINT ( 'NONE',  ( 0.7672489025476871838, 0.6470277182179263731, 0.2599999999999999534 ) ) ;
#1950 = SURFACE_STYLE_USAGE ( .BOTH. , #1533 ) ;
#1951 = ORIENTED_EDGE ( 'NONE', *, *, #1695, .F. ) ;
#1952 = DIRECTION ( 'NONE',  ( -0.0000000000000000000, -1.000000000000000000, -0.0000000000000000000 ) ) ;
#1953 = EDGE_LOOP ( 'NONE', ( #5356, #3058, #585, #2378 ) ) ;
#1954 = CARTESIAN_POINT ( 'NONE',  ( -0.7482052191486779913, -0.5828783997317398269, 0.2799999999999999711 ) ) ;
#1955 = VERTEX_POINT ( 'NONE', #1801 ) ;
#1956 = EDGE_LOOP ( 'NONE', ( #4631, #680, #1609, #1537 ) ) ;
#1957 = ADVANCED_FACE ( 'NONE', ( #1460 ), #4437, .T. ) ;
#1958 = EDGE_CURVE ( 'NONE', #2577, #3501, #896, .T. ) ;
#1959 = VERTEX_POINT ( 'NONE', #4915 ) ;
#1960 = CARTESIAN_POINT ( 'NONE',  ( 0.8500000000000019762, 0.4999999999999997780, 0.2799999999999999711 ) ) ;
#1961 = EDGE_CURVE ( 'NONE', #4760, #2861, #4056, .T. ) ;
#1962 = DIRECTION ( 'NONE',  ( 0.0000000000000000000, -0.0000000000000000000, -1.000000000000000000 ) ) ;
#1963 = SURFACE_STYLE_USAGE ( .BOTH. , #4527 ) ;
#1964 = SURFACE_STYLE_FILL_AREA ( #5030 ) ;
#1965 = FILL_AREA_STYLE_COLOUR ( '', #2974 ) ;
#1966 = EDGE_LOOP ( 'NONE', ( #1149, #4460, #306, #613 ) ) ;
#1967 = DIRECTION ( 'NONE',  ( 0.0000000000000000000, -0.0000000000000000000, 1.000000000000000000 ) ) ;
#1968 = CARTESIAN_POINT ( 'NONE',  ( -0.9174636228121989534, -0.1880563063957278735, 0.2799999999999999711 ) ) ;
#1969 = B_SPLINE_CURVE_WITH_KNOTS ( 'NONE', 3,
 ( #634, #2828, #4058, #3708 ),
 .UNSPECIFIED., .F., .F.,
 ( 4, 4 ),
 ( 0.1244051645373050602, 1.000000000000000000 ),
 .UNSPECIFIED. ) ;
#1970 = PRESENTATION_STYLE_ASSIGNMENT (( #5448 ) ) ;
#1971 =( NAMED_UNIT ( * ) SI_UNIT ( $, .STERADIAN. ) SOLID_ANGLE_UNIT ( ) );
#1972 = VECTOR ( 'NONE', #5599, 1000.000000000000000 ) ;
#1973 = VERTEX_POINT ( 'NONE', #3964 ) ;
#1974 = CARTESIAN_POINT ( 'NONE',  ( -0.7249999999999999778, -1.000000000000000000, 0.2599999999999999534 ) ) ;
#1975 = ORIENTED_EDGE ( 'NONE', *, *, #1417, .T. ) ;
#1976 = EDGE_LOOP ( 'NONE', ( #1697, #192, #2442, #4954, #5454, #4398, #1555, #3866, #1250, #4207, #3954, #5004 ) ) ;
#1977 =( GEOMETRIC_REPRESENTATION_CONTEXT ( 3 ) GLOBAL_UNCERTAINTY_ASSIGNED_CONTEXT ( ( #367 ) ) GLOBAL_UNIT_ASSIGNED_CONTEXT ( ( #4557, #3672, #3189 ) ) REPRESENTATION_CONTEXT ( 'NONE', 'WORKASPACE' ) );
#1978 =( LENGTH_UNIT ( ) NAMED_UNIT ( * ) SI_UNIT ( .MILLI., .METRE. ) );
#1979 = DIRECTION ( 'NONE',  ( -0.0000000000000000000, -0.0000000000000000000, -1.000000000000000000 ) ) ;
#1980 = PRESENTATION_LAYER_ASSIGNMENT (  '', '', ( #5314 ) ) ;
#1981 =( NAMED_UNIT ( * ) SI_UNIT ( $, .STERADIAN. ) SOLID_ANGLE_UNIT ( ) );
#1982 = COLOUR_RGB ( '',0.7921568627450980005, 0.8196078431372548767, 0.9333333333333333481 ) ;
#1983 = EDGE_CURVE ( 'NONE', #3501, #4069, #4893, .T. ) ;
#1984 = EDGE_CURVE ( 'NONE', #2343, #1874, #1381, .T. ) ;
#1985 = PRESENTATION_LAYER_ASSIGNMENT (  '', '', ( #3173 ) ) ;
#1986 = COLOUR_RGB ( '',0.8509803921568627194, 0.8509803921568627194, 0.8509803921568627194 ) ;
#1987 = DIRECTION ( 'NONE',  ( 0.0000000000000000000, -0.0000000000000000000, -1.000000000000000000 ) ) ;
#1988 =( NAMED_UNIT ( * ) PLANE_ANGLE_UNIT ( ) SI_UNIT ( $, .RADIAN. ) );
#1989 = ORIENTED_EDGE ( 'NONE', *, *, #4, .T. ) ;
#1990 = UNCERTAINTY_MEASURE_WITH_UNIT (LENGTH_MEASURE( 1.000000000000000082E-05 ), #2517, 'distance_accuracy_value', 'NONE');
#1991 = CYLINDRICAL_SURFACE ( 'NONE', #5254, 0.09999999999999993616 ) ;
#1992 = FACE_OUTER_BOUND ( 'NONE', #3073, .T. ) ;
#1993 = PRESENTATION_LAYER_ASSIGNMENT (  '', '', ( #4515 ) ) ;
#1994 = STYLED_ITEM ( 'NONE', ( #5540 ), #4917 ) ;
#1995 =( NAMED_UNIT ( * ) SI_UNIT ( $, .STERADIAN. ) SOLID_ANGLE_UNIT ( ) );
#1996 = FILL_AREA_STYLE_COLOUR ( '', #581 ) ;
#1997 = DIRECTION ( 'NONE',  ( 0.0000000000000000000, -1.000000000000000000, 0.0000000000000000000 ) ) ;
#1998 = VECTOR ( 'NONE', #4436, 1000.000000000000000 ) ;
#1999 = CARTESIAN_POINT ( 'NONE',  ( 1.100000000000002087, 0.9999999999999997780, 0.2599999999999922928 ) ) ;
#2000 = ORIENTED_EDGE ( 'NONE', *, *, #2696, .F. ) ;
#2001 = PRESENTATION_LAYER_ASSIGNMENT (  '', '', ( #5339 ) ) ;
#2002 = UNCERTAINTY_MEASURE_WITH_UNIT (LENGTH_MEASURE( 1.000000000000000082E-05 ), #3214, 'distance_accuracy_value', 'NONE');
#2003 = ORIENTED_EDGE ( 'NONE', *, *, #3606, .F. ) ;
#2004 = DIRECTION ( 'NONE',  ( -6.982962677686265922E-15, 0.0000000000000000000, -1.000000000000000000 ) ) ;
#2005 = ORIENTED_EDGE ( 'NONE', *, *, #1345, .T. ) ;
#2006 = ORIENTED_EDGE ( 'NONE', *, *, #3959, .T. ) ;
#2007 = CARTESIAN_POINT ( 'NONE',  ( -0.7650295964665725368, -0.2727184512886348111, 0.2599999999999999534 ) ) ;
#2008 = COLOUR_RGB ( '',0.0000000000000000000, 0.0000000000000000000, 0.0000000000000000000 ) ;
#2009 = CARTESIAN_POINT ( 'NONE',  ( -0.4135483952989442713, -0.3593805362314128615, 0.2599999999999999534 ) ) ;
#2010 = AXIS2_PLACEMENT_3D ( 'NONE', #5148, #1292, #857 ) ;
#2011 = VERTEX_POINT ( 'NONE', #4402 ) ;
#2012 = PRESENTATION_STYLE_ASSIGNMENT (( #307 ) ) ;
#2013 = FILL_AREA_STYLE ('',( #277 ) ) ;
#2014 =( LENGTH_UNIT ( ) NAMED_UNIT ( * ) SI_UNIT ( .MILLI., .METRE. ) );
#2015 = LINE ( 'NONE', #1548, #3111 ) ;
#2016 = VECTOR ( 'NONE', #1503, 1000.000000000000000 ) ;
#2017 =( LENGTH_UNIT ( ) NAMED_UNIT ( * ) SI_UNIT ( .MILLI., .METRE. ) );
#2018 = EDGE_LOOP ( 'NONE', ( #4285, #1134, #5429, #1057 ) ) ;
#2019 = EDGE_LOOP ( 'NONE', ( #5342, #1725, #2842, #3715 ) ) ;
#2020 = EDGE_CURVE ( 'NONE', #5519, #3414, #945, .T. ) ;
#2021 = CARTESIAN_POINT ( 'NONE',  ( 1.100000000000002087, -0.5000000000000002220, 0.2799999999999999711 ) ) ;
#2022 = EDGE_CURVE ( 'NONE', #99, #1454, #3118, .T. ) ;
#2023 = LINE ( 'NONE', #4255, #2253 ) ;
#2024 = SURFACE_STYLE_USAGE ( .BOTH. , #1125 ) ;
#2025 = ORIENTED_EDGE ( 'NONE', *, *, #2029, .F. ) ;
#2026 = VECTOR ( 'NONE', #4780, 1000.000000000000000 ) ;
#2027 = CARTESIAN_POINT ( 'NONE',  ( -0.6035437629006772386, 0.4569292977732090089, 0.2799999999999999711 ) ) ;
#2028 = ORIENTED_EDGE ( 'NONE', *, *, #536, .F. ) ;
#2029 = EDGE_CURVE ( 'NONE', #4816, #2577, #3251, .T. ) ;
#2030 = MANIFOLD_SOLID_BREP ( 'Boss-Extrude4[4]', #5081 ) ;
#2031 = FILL_AREA_STYLE ('',( #5581 ) ) ;
#2032 = ORIENTED_EDGE ( 'NONE', *, *, #1615, .F. ) ;
#2033 = CARTESIAN_POINT ( 'NONE',  ( -1.099999999999998979, 0.7499999999999997780, 0.2599999999999999534 ) ) ;
#2034 = ORIENTED_EDGE ( 'NONE', *, *, #2504, .T. ) ;
#2035 = DIRECTION ( 'NONE',  ( -1.319749811710431518E-15, 1.000000000000000000, 0.0000000000000000000 ) ) ;
#2036 = DIRECTION ( 'NONE',  ( 1.000000000000000000, 0.0000000000000000000, 0.0000000000000000000 ) ) ;
#2037 = ORIENTED_EDGE ( 'NONE', *, *, #2757, .F. ) ;
#2038 = DIRECTION ( 'NONE',  ( 0.0000000000000000000, 1.000000000000000000, -0.0000000000000000000 ) ) ;
#2039 =( NAMED_UNIT ( * ) SI_UNIT ( $, .STERADIAN. ) SOLID_ANGLE_UNIT ( ) );
#2040 =( NAMED_UNIT ( * ) PLANE_ANGLE_UNIT ( ) SI_UNIT ( $, .RADIAN. ) );
#2041 = FILL_AREA_STYLE_COLOUR ( '', #2446 ) ;
#2042 = DIRECTION ( 'NONE',  ( -6.982962677686268288E-15, 0.0000000000000000000, -1.000000000000000000 ) ) ;
#2043 = ORIENTED_EDGE ( 'NONE', *, *, #3543, .T. ) ;
#2044 = VECTOR ( 'NONE', #3982, 1000.000000000000000 ) ;
#2045 = ORIENTED_EDGE ( 'NONE', *, *, #1562, .F. ) ;
#2046 = EDGE_CURVE ( 'NONE', #4309, #2266, #593, .T. ) ;
#2047 = DIRECTION ( 'NONE',  ( 8.673617379884037444E-16, 1.000000000000000000, 0.0000000000000000000 ) ) ;
#2048 = ORIENTED_EDGE ( 'NONE', *, *, #2330, .F. ) ;
#2049 = SURFACE_SIDE_STYLE ('',( #5388 ) ) ;
#2050 = FILL_AREA_STYLE_COLOUR ( '', #4969 ) ;
#2051 = MECHANICAL_DESIGN_GEOMETRIC_PRESENTATION_REPRESENTATION (  '', ( #3318 ), #1162 ) ;
#2052 = MANIFOLD_SOLID_BREP ( 'Boss-Extrude5', #968 ) ;
#2053 = UNCERTAINTY_MEASURE_WITH_UNIT (LENGTH_MEASURE( 1.000000000000000082E-05 ), #5551, 'distance_accuracy_value', 'NONE');
#2054 = EDGE_CURVE ( 'NONE', #2509, #2325, #1085, .T. ) ;
#2055 = PRESENTATION_STYLE_ASSIGNMENT (( #2542 ) ) ;
#2056 = EDGE_CURVE ( 'NONE', #4816, #2136, #3666, .T. ) ;
#2057 = COLOUR_RGB ( '',0.8509803921568627194, 0.8509803921568627194, 0.8509803921568627194 ) ;
#2058 = ORIENTED_EDGE ( 'NONE', *, *, #4608, .F. ) ;
#2059 = PRESENTATION_STYLE_ASSIGNMENT (( #2484 ) ) ;
#2060 = PRESENTATION_LAYER_ASSIGNMENT (  '', '', ( #3952 ) ) ;
#2061 = UNCERTAINTY_MEASURE_WITH_UNIT (LENGTH_MEASURE( 1.000000000000000082E-05 ), #1914, 'distance_accuracy_value', 'NONE');
#2062 = VERTEX_POINT ( 'NONE', #2847 ) ;
#2063 = VECTOR ( 'NONE', #4646, 1000.000000000000000 ) ;
#2064 = CARTESIAN_POINT ( 'NONE',  ( 0.8132557169139246200, -0.2164558030324802707, 0.2799999999999999711 ) ) ;
#2065 = DIRECTION ( 'NONE',  ( 0.0000000000000000000, -0.0000000000000000000, 1.000000000000000000 ) ) ;
#2066 = PRESENTATION_LAYER_ASSIGNMENT (  '', '', ( #4314 ) ) ;
#2067 = LINE ( 'NONE', #2273, #1998 ) ;
#2068 = COLOUR_RGB ( '',0.8509803921568627194, 0.8509803921568627194, 0.8509803921568627194 ) ;
#2069 = MECHANICAL_DESIGN_GEOMETRIC_PRESENTATION_REPRESENTATION (  '', ( #3602 ), #4773 ) ;
#2070 = ORIENTED_EDGE ( 'NONE', *, *, #3836, .F. ) ;
#2071 = CARTESIAN_POINT ( 'NONE',  ( 0.4000000000000002442, -1.858632295689436842E-16, 0.01999999999999721098 ) ) ;
#2072 = VECTOR ( 'NONE', #2303, 1000.000000000000000 ) ;
#2073 = DIRECTION ( 'NONE',  ( 1.000000000000000000, 1.788196464443831756E-15, 0.0000000000000000000 ) ) ;
#2074 = FILL_AREA_STYLE ('',( #1327 ) ) ;
#2075 = DIRECTION ( 'NONE',  ( -0.0000000000000000000, -0.0000000000000000000, -1.000000000000000000 ) ) ;
#2076 = EDGE_LOOP ( 'NONE', ( #3230, #220, #3656, #1110 ) ) ;
#2077 = FACE_OUTER_BOUND ( 'NONE', #1570, .T. ) ;
#2078 = CARTESIAN_POINT ( 'NONE',  ( 0.4124155170610083188, 0.0000000000000000000, 0.2599999999999999534 ) ) ;
#2079 = DIRECTION ( 'NONE',  ( 3.872150616019658957E-17, -1.000000000000000000, -2.703908323404516286E-31 ) ) ;
#2080 = VECTOR ( 'NONE', #5208, 1000.000000000000000 ) ;
#2081 = AXIS2_PLACEMENT_3D ( 'NONE', #2545, #497, #1335 ) ;
#2082 = DIRECTION ( 'NONE',  ( -0.7769070476675158377, 0.6296153105544244344, 0.0000000000000000000 ) ) ;
#2083 = DIRECTION ( 'NONE',  ( 1.000000000000000000, 1.934130707221178351E-16, -0.0000000000000000000 ) ) ;
#2084 = ORIENTED_EDGE ( 'NONE', *, *, #5473, .F. ) ;
#2085 = CARTESIAN_POINT ( 'NONE',  ( 1.100000000000002309, -9.540979117872460713E-16, 0.2799999999999999711 ) ) ;
#2086 = LINE ( 'NONE', #3803, #893 ) ;
#2087 = ORIENTED_EDGE ( 'NONE', *, *, #5300, .T. ) ;
#2088 = SURFACE_SIDE_STYLE ('',( #3395 ) ) ;
#2089 = EDGE_CURVE ( 'NONE', #4982, #5025, #1137, .T. ) ;
#2090 = MECHANICAL_DESIGN_GEOMETRIC_PRESENTATION_REPRESENTATION (  '', ( #3995 ), #1014 ) ;
#2091 = EDGE_CURVE ( 'NONE', #1632, #2457, #4125, .T. ) ;
#2092 = AXIS2_PLACEMENT_3D ( 'NONE', #4051, #2321, #4836 ) ;
#2093 = CARTESIAN_POINT ( 'NONE',  ( 5.773300432731590829E-21, 0.9000000000000000222, 0.0000000000000000000 ) ) ;
#2094 = DIRECTION ( 'NONE',  ( 6.983251342707903681E-15, -0.0000000000000000000, 1.000000000000000000 ) ) ;
#2095 = ADVANCED_FACE ( 'NONE', ( #705 ), #4107, .F. ) ;
#2096 = B_SPLINE_CURVE_WITH_KNOTS ( 'NONE', 3,
 ( #1002, #3482, #2650, #4002, #2734 ),
 .UNSPECIFIED., .F., .F.,
 ( 4, 1, 4 ),
 ( 0.08977583276714114213, 0.2929772087874236708, 1.000000000000000000 ),
 .UNSPECIFIED. ) ;
#2097 = FILL_AREA_STYLE ('',( #4643 ) ) ;
#2098 = FACE_OUTER_BOUND ( 'NONE', #3009, .T. ) ;
#2099 = COLOUR_RGB ( '',0.8509803921568627194, 0.8509803921568627194, 0.8509803921568627194 ) ;
#2100 = CARTESIAN_POINT ( 'NONE',  ( 0.3432670707574931868, -0.5316465652036583833, 0.2810000000000000275 ) ) ;
#2101 =( NAMED_UNIT ( * ) PLANE_ANGLE_UNIT ( ) SI_UNIT ( $, .RADIAN. ) );
#2102 = ORIENTED_EDGE ( 'NONE', *, *, #3435, .F. ) ;
#2103 = CARTESIAN_POINT ( 'NONE',  ( -0.3095939579225142069, -0.3593805362314128615, 0.2810000000000000275 ) ) ;
#2104 = MECHANICAL_DESIGN_GEOMETRIC_PRESENTATION_REPRESENTATION (  '', ( #5178 ), #4187 ) ;
#2105 = DIRECTION ( 'NONE',  ( 0.0000000000000000000, -0.0000000000000000000, -1.000000000000000000 ) ) ;
#2106 = PRESENTATION_STYLE_ASSIGNMENT (( #2968 ) ) ;
#2107 = ORIENTED_EDGE ( 'NONE', *, *, #36, .F. ) ;
#2108 = LINE ( 'NONE', #1217, #59 ) ;
#2109 = PLANE ( 'NONE',  #3613 ) ;
#2110 = SURFACE_STYLE_FILL_AREA ( #2031 ) ;
#2111 = DIRECTION ( 'NONE',  ( -1.934130707221178351E-16, 1.000000000000000000, 0.0000000000000000000 ) ) ;
#2112 = EDGE_LOOP ( 'NONE', ( #5479, #3834, #387, #208 ) ) ;
#2113 = PLANE ( 'NONE',  #640 ) ;
#2114 = SURFACE_SIDE_STYLE ('',( #1651 ) ) ;
#2115 = DIRECTION ( 'NONE',  ( -0.0000000000000000000, -0.0000000000000000000, -1.000000000000000000 ) ) ;
#2116 = CARTESIAN_POINT ( 'NONE',  ( 1.100000000000002087, -0.7500000000000002220, 0.2599999999999999534 ) ) ;
#2117 = EDGE_CURVE ( 'NONE', #4121, #410, #5026, .T. ) ;
#2118 = PRESENTATION_STYLE_ASSIGNMENT (( #2143 ) ) ;
#2119 = DIRECTION ( 'NONE',  ( -1.000000000000000000, 0.0000000000000000000, 6.983251342707906047E-15 ) ) ;
#2120 = FILL_AREA_STYLE_COLOUR ( '', #1544 ) ;
#2121 = EDGE_CURVE ( 'NONE', #4938, #3056, #5509, .T. ) ;
#2122 = EDGE_CURVE ( 'NONE', #4287, #240, #4662, .T. ) ;
#2123 = DIRECTION ( 'NONE',  ( 0.0000000000000000000, 1.000000000000000000, 0.0000000000000000000 ) ) ;
#2124 =( NAMED_UNIT ( * ) PLANE_ANGLE_UNIT ( ) SI_UNIT ( $, .RADIAN. ) );
#2125 = FILL_AREA_STYLE_COLOUR ( '', #3213 ) ;
#2126 = SURFACE_SIDE_STYLE ('',( #3843 ) ) ;
#2127 = LINE ( 'NONE', #3844, #5309 ) ;
#2128 = CARTESIAN_POINT ( 'NONE',  ( -0.4343137556297431701, 0.04041390370446151792, 0.2810000000000000275 ) ) ;
#2129 = DIRECTION ( 'NONE',  ( 0.0000000000000000000, -0.0000000000000000000, 1.000000000000000000 ) ) ;
#2130 = CARTESIAN_POINT ( 'NONE',  ( 1.100000000000003642, 1.908195823574494115E-15, 0.2799999999999999711 ) ) ;
#2131 = ORIENTED_EDGE ( 'NONE', *, *, #2786, .F. ) ;
#2132 = CARTESIAN_POINT ( 'NONE',  ( -2.787890710529826887E-16, -0.8999999999999999112, 0.0000000000000000000 ) ) ;
#2133 = STYLED_ITEM ( 'NONE', ( #1362 ), #111 ) ;
#2134 = DIRECTION ( 'NONE',  ( 0.0000000000000000000, -0.0000000000000000000, -1.000000000000000000 ) ) ;
#2135 = CARTESIAN_POINT ( 'NONE',  ( -1.099999999999998979, -0.2499999999999999445, 0.2600000000000076694 ) ) ;
#2136 = VERTEX_POINT ( 'NONE', #2116 ) ;
#2137 = FACE_OUTER_BOUND ( 'NONE', #4739, .T. ) ;
#2138 = ORIENTED_EDGE ( 'NONE', *, *, #3132, .T. ) ;
#2139 = LINE ( 'NONE', #4288, #1274 ) ;
#2140 = PRESENTATION_LAYER_ASSIGNMENT (  '', '', ( #3318 ) ) ;
#2141 = ORIENTED_EDGE ( 'NONE', *, *, #4328, .T. ) ;
#2142 = ORIENTED_EDGE ( 'NONE', *, *, #2788, .T. ) ;
#2143 = SURFACE_STYLE_USAGE ( .BOTH. , #1318 ) ;
#2144 = LINE ( 'NONE', #4318, #2838 ) ;
#2145 = DIRECTION ( 'NONE',  ( -6.982962677686265922E-15, 0.0000000000000000000, -1.000000000000000000 ) ) ;
#2146 = VECTOR ( 'NONE', #4306, 1000.000000000000000 ) ;
#2147 = SURFACE_STYLE_USAGE ( .BOTH. , #2468 ) ;
#2148 = DIRECTION ( 'NONE',  ( -1.000000000000000000, -0.0000000000000000000, -0.0000000000000000000 ) ) ;
#2149 = LINE ( 'NONE', #1323, #2331 ) ;
#2150 = DIRECTION ( 'NONE',  ( -6.982962677686265922E-15, 0.0000000000000000000, -1.000000000000000000 ) ) ;
#2151 = UNCERTAINTY_MEASURE_WITH_UNIT (LENGTH_MEASURE( 1.000000000000000082E-05 ), #5100, 'distance_accuracy_value', 'NONE');
#2152 = SURFACE_SIDE_STYLE ('',( #341 ) ) ;
#2153 = FILL_AREA_STYLE ('',( #427 ) ) ;
#2154 =( GEOMETRIC_REPRESENTATION_CONTEXT ( 3 ) GLOBAL_UNCERTAINTY_ASSIGNED_CONTEXT ( ( #5171 ) ) GLOBAL_UNIT_ASSIGNED_CONTEXT ( ( #3947, #3441, #1785 ) ) REPRESENTATION_CONTEXT ( 'NONE', 'WORKASPACE' ) );
#2155 = STYLED_ITEM ( 'NONE', ( #258 ), #1199 ) ;
#2156 = EDGE_CURVE ( 'NONE', #4911, #1683, #5563, .T. ) ;
#2157 = EDGE_CURVE ( 'NONE', #4518, #4911, #1196, .T. ) ;
#2158 = PRESENTATION_LAYER_ASSIGNMENT (  '', '', ( #1902 ) ) ;
#2159 = AXIS2_PLACEMENT_3D ( 'NONE', #3680, #142, #1869 ) ;
#2160 =( GEOMETRIC_REPRESENTATION_CONTEXT ( 3 ) GLOBAL_UNCERTAINTY_ASSIGNED_CONTEXT ( ( #5114 ) ) GLOBAL_UNIT_ASSIGNED_CONTEXT ( ( #2491, #2040, #5062 ) ) REPRESENTATION_CONTEXT ( 'NONE', 'WORKASPACE' ) );
#2161 = DIRECTION ( 'NONE',  ( 0.0000000000000000000, -1.000000000000000000, 0.0000000000000000000 ) ) ;
#2162 = VERTEX_POINT ( 'NONE', #1655 ) ;
#2163 =( NAMED_UNIT ( * ) PLANE_ANGLE_UNIT ( ) SI_UNIT ( $, .RADIAN. ) );
#2164 =( LENGTH_UNIT ( ) NAMED_UNIT ( * ) SI_UNIT ( .MILLI., .METRE. ) );
#2165 = AXIS2_PLACEMENT_3D ( 'NONE', #3867, #5593, #2609 ) ;
#2166 = EDGE_CURVE ( 'NONE', #349, #2580, #5415, .T. ) ;
#2167 = B_SPLINE_CURVE_WITH_KNOTS ( 'NONE', 3,
 ( #1504, #666, #3224, #690 ),
 .UNSPECIFIED., .F., .F.,
 ( 4, 4 ),
 ( 0.0000000000000000000, 1.000000000000000000 ),
 .UNSPECIFIED. ) ;
#2168 = DIRECTION ( 'NONE',  ( 1.000000000000000000, 0.0000000000000000000, 0.0000000000000000000 ) ) ;
#2169 = VECTOR ( 'NONE', #14, 1000.000000000000000 ) ;
#2170 =( GEOMETRIC_REPRESENTATION_CONTEXT ( 3 ) GLOBAL_UNCERTAINTY_ASSIGNED_CONTEXT ( ( #3855 ) ) GLOBAL_UNIT_ASSIGNED_CONTEXT ( ( #2218, #1883, #5247 ) ) REPRESENTATION_CONTEXT ( 'NONE', 'WORKASPACE' ) );
#2171 = LINE ( 'NONE', #3860, #4877 ) ;
#2172 = PLANE ( 'NONE',  #4941 ) ;
#2173 = ORIENTED_EDGE ( 'NONE', *, *, #329, .F. ) ;
#2174 = VECTOR ( 'NONE', #3741, 1000.000000000000000 ) ;
#2175 = STYLED_ITEM ( 'NONE', ( #4834 ), #2691 ) ;
#2176 = ORIENTED_EDGE ( 'NONE', *, *, #1282, .F. ) ;
#2177 = MANIFOLD_SOLID_BREP ( 'Boss-Extrude3[1]', #657 ) ;
#2178 = ORIENTED_EDGE ( 'NONE', *, *, #535, .F. ) ;
#2179 = DIRECTION ( 'NONE',  ( 1.000000000000000000, 0.0000000000000000000, 0.0000000000000000000 ) ) ;
#2180 = DIRECTION ( 'NONE',  ( 0.0000000000000000000, -0.0000000000000000000, -1.000000000000000000 ) ) ;
#2181 = CIRCLE ( 'NONE', #5, 0.3614255068147826933 ) ;
#2182 = CARTESIAN_POINT ( 'NONE',  ( 0.3432670707574931868, -0.3593805362314128615, 0.2810000000000000275 ) ) ;
#2183 = FILL_AREA_STYLE_COLOUR ( '', #365 ) ;
#2184 = CARTESIAN_POINT ( 'NONE',  ( 0.3648896556285308734, -1.000000000000000000, -2.547875105340935420E-15 ) ) ;
#2185 = FILL_AREA_STYLE ('',( #2651 ) ) ;
#2186 = CARTESIAN_POINT ( 'NONE',  ( 0.3195831592659477138, 0.4509946331943126552, 0.2599999999999999534 ) ) ;
#2187 = CARTESIAN_POINT ( 'NONE',  ( 7.493003142994979602E-17, -0.7671295513012331702, 0.2799999999999999711 ) ) ;
#2188 = AXIS2_PLACEMENT_3D ( 'NONE', #369, #3783, #5090 ) ;
#2189 =( LENGTH_UNIT ( ) NAMED_UNIT ( * ) SI_UNIT ( .MILLI., .METRE. ) );
#2190 = VERTEX_POINT ( 'NONE', #2982 ) ;
#2191 = EDGE_CURVE ( 'NONE', #2922, #3496, #3419, .T. ) ;
#2192 = EDGE_CURVE ( 'NONE', #5261, #2963, #3257, .T. ) ;
#2193 =( LENGTH_UNIT ( ) NAMED_UNIT ( * ) SI_UNIT ( .MILLI., .METRE. ) );
#2194 = FILL_AREA_STYLE_COLOUR ( '', #2816 ) ;
#2195 = COLOUR_RGB ( '',0.8509803921568627194, 0.8509803921568627194, 0.8509803921568627194 ) ;
#2196 =( GEOMETRIC_REPRESENTATION_CONTEXT ( 3 ) GLOBAL_UNCERTAINTY_ASSIGNED_CONTEXT ( ( #1717 ) ) GLOBAL_UNIT_ASSIGNED_CONTEXT ( ( #4648, #2445, #664 ) ) REPRESENTATION_CONTEXT ( 'NONE', 'WORKASPACE' ) );
#2197 = SURFACE_STYLE_FILL_AREA ( #4339 ) ;
#2198 = LINE ( 'NONE', #3030, #1225 ) ;
#2199 = LINE ( 'NONE', #981, #325 ) ;
#2200 = ADVANCED_FACE ( 'NONE', ( #2928 ), #1770, .F. ) ;
#2201 = EDGE_CURVE ( 'NONE', #3942, #4106, #4256, .T. ) ;
#2202 = CARTESIAN_POINT ( 'NONE',  ( 0.7507068832573945416, 0.6078267106094943362, 0.2599999999999999534 ) ) ;
#2203 = ORIENTED_EDGE ( 'NONE', *, *, #5370, .F. ) ;
#2204 = CARTESIAN_POINT ( 'NONE',  ( 0.4124155170610083188, 0.2080817958270094192, 0.2799999999999999711 ) ) ;
#2205 = ORIENTED_EDGE ( 'NONE', *, *, #2363, .F. ) ;
#2206 = VERTEX_POINT ( 'NONE', #3023 ) ;
#2207 = PRESENTATION_LAYER_ASSIGNMENT (  '', '', ( #5458 ) ) ;
#2208 = PRESENTATION_STYLE_ASSIGNMENT (( #3120 ) ) ;
#2209 = CYLINDRICAL_SURFACE ( 'NONE', #3430, 0.2500000000000000000 ) ;
#2210 = DIRECTION ( 'NONE',  ( -0.0000000000000000000, -0.0000000000000000000, -1.000000000000000000 ) ) ;
#2211 = DIRECTION ( 'NONE',  ( -6.982962677686265922E-15, 0.0000000000000000000, -1.000000000000000000 ) ) ;
#2212 = CARTESIAN_POINT ( 'NONE',  ( -0.7249999999999999778, 1.000000000000000000, 0.8400000000000000799 ) ) ;
#2213 = CARTESIAN_POINT ( 'NONE',  ( -0.6035437629006772386, -0.2065665198382720391, 0.2599999999999999534 ) ) ;
#2214 = UNCERTAINTY_MEASURE_WITH_UNIT (LENGTH_MEASURE( 1.000000000000000082E-05 ), #425, 'distance_accuracy_value', 'NONE');
#2215 = SURFACE_SIDE_STYLE ('',( #2652 ) ) ;
#2216 =( NAMED_UNIT ( * ) SI_UNIT ( $, .STERADIAN. ) SOLID_ANGLE_UNIT ( ) );
#2217 = CARTESIAN_POINT ( 'NONE',  ( 0.05584305983497199477, -0.3593805362314128615, 0.2810000000000000275 ) ) ;
#2218 =( LENGTH_UNIT ( ) NAMED_UNIT ( * ) SI_UNIT ( .MILLI., .METRE. ) );
#2219 = LINE ( 'NONE', #4085, #5122 ) ;
#2220 = ORIENTED_EDGE ( 'NONE', *, *, #1984, .T. ) ;
#2221 = CYLINDRICAL_SURFACE ( 'NONE', #2281, 0.2500000000000000000 ) ;
#2222 = DIRECTION ( 'NONE',  ( 1.000000000000000000, 0.0000000000000000000, -0.0000000000000000000 ) ) ;
#2223 = ADVANCED_FACE ( 'NONE', ( #4332 ), #5574, .T. ) ;
#2224 = SURFACE_STYLE_FILL_AREA ( #2771 ) ;
#2225 = DIRECTION ( 'NONE',  ( -0.0000000000000000000, -0.0000000000000000000, -1.000000000000000000 ) ) ;
#2226 = EDGE_LOOP ( 'NONE', ( #1084, #746, #694, #2335 ) ) ;
#2227 = PRESENTATION_STYLE_ASSIGNMENT (( #4016 ) ) ;
#2228 = CARTESIAN_POINT ( 'NONE',  ( -0.7249999999999999778, -1.000000000000000000, 0.8400000000000000799 ) ) ;
#2229 = EDGE_CURVE ( 'NONE', #4852, #527, #1736, .T. ) ;
#2230 = EDGE_CURVE ( 'NONE', #3175, #5450, #5158, .T. ) ;
#2231 = ORIENTED_EDGE ( 'NONE', *, *, #4328, .F. ) ;
#2232 = VECTOR ( 'NONE', #1811, 1000.000000000000000 ) ;
#2233 = ORIENTED_EDGE ( 'NONE', *, *, #254, .T. ) ;
#2234 = ORIENTED_EDGE ( 'NONE', *, *, #4, .F. ) ;
#2235 = DIRECTION ( 'NONE',  ( 0.0000000000000000000, -0.0000000000000000000, -1.000000000000000000 ) ) ;
#2236 = PLANE ( 'NONE',  #4869 ) ;
#2237 = CIRCLE ( 'NONE', #3854, 0.3614255068147824712 ) ;
#2238 = UNCERTAINTY_MEASURE_WITH_UNIT (LENGTH_MEASURE( 1.000000000000000082E-05 ), #3354, 'distance_accuracy_value', 'NONE');
#2239 = PLANE ( 'NONE',  #3529 ) ;
#2240 = DIRECTION ( 'NONE',  ( 0.0000000000000000000, -0.0000000000000000000, -1.000000000000000000 ) ) ;
#2241 = STYLED_ITEM ( 'NONE', ( #3151 ), #707 ) ;
#2242 = DIRECTION ( 'NONE',  ( -0.0000000000000000000, 0.0000000000000000000, 1.000000000000000000 ) ) ;
#2243 = DIRECTION ( 'NONE',  ( 3.469446951953614189E-15, 1.000000000000000000, 0.0000000000000000000 ) ) ;
#2244 = SURFACE_STYLE_FILL_AREA ( #541 ) ;
#2245 = DIRECTION ( 'NONE',  ( -0.0000000000000000000, -0.0000000000000000000, -1.000000000000000000 ) ) ;
#2246 = MECHANICAL_DESIGN_GEOMETRIC_PRESENTATION_REPRESENTATION (  '', ( #3952 ), #4138 ) ;
#2247 = CARTESIAN_POINT ( 'NONE',  ( 1.100000000000002087, 0.0000000000000000000, 0.2799999999999999711 ) ) ;
#2248 = FILL_AREA_STYLE_COLOUR ( '', #5120 ) ;
#2249 = STYLED_ITEM ( 'NONE', ( #1616 ), #1623 ) ;
#2250 = MECHANICAL_DESIGN_GEOMETRIC_PRESENTATION_REPRESENTATION (  '', ( #2155 ), #530 ) ;
#2251 = DIRECTION ( 'NONE',  ( -1.000000000000000000, 0.0000000000000000000, 0.0000000000000000000 ) ) ;
#2252 =( NAMED_UNIT ( * ) SI_UNIT ( $, .STERADIAN. ) SOLID_ANGLE_UNIT ( ) );
#2253 = VECTOR ( 'NONE', #3384, 1000.000000000000000 ) ;
#2254 = DIRECTION ( 'NONE',  ( -1.000000000000000000, -0.0000000000000000000, -0.0000000000000000000 ) ) ;
#2255 = CARTESIAN_POINT ( 'NONE',  ( 1.100000000000000533, 0.1999999999999999833, -7.680894765701995475E-15 ) ) ;
#2256 = ORIENTED_EDGE ( 'NONE', *, *, #1445, .F. ) ;
#2257 = ORIENTED_EDGE ( 'NONE', *, *, #4329, .F. ) ;
#2258 = VECTOR ( 'NONE', #2424, 1000.000000000000000 ) ;
#2259 = MECHANICAL_DESIGN_GEOMETRIC_PRESENTATION_REPRESENTATION (  '', ( #4148 ), #3170 ) ;
#2260 = VECTOR ( 'NONE', #2082, 1000.000000000000000 ) ;
#2261 = VECTOR ( 'NONE', #2579, 1000.000000000000000 ) ;
#2262 = B_SPLINE_SURFACE_WITH_KNOTS ( 'NONE', 2, 1, ( 
 ( #4843, #522 ),
 ( #929, #1760 ),
 ( #5255, #10 ) ),
 .UNSPECIFIED., .F., .F., .F.,
 ( 3, 3 ),
 ( 2, 2 ),
 ( 0.0000000000000000000, 1.000000000000000000 ),
 ( 0.0000000000000000000, 1.000000000000000000 ),
 .UNSPECIFIED. ) ;
#2263 = EDGE_LOOP ( 'NONE', ( #101, #1191, #1164, #1024 ) ) ;
#2264 = MECHANICAL_DESIGN_GEOMETRIC_PRESENTATION_REPRESENTATION (  '', ( #4140 ), #3590 ) ;
#2265 = ORIENTED_EDGE ( 'NONE', *, *, #2549, .T. ) ;
#2266 = VERTEX_POINT ( 'NONE', #2500 ) ;
#2267 = ADVANCED_FACE ( 'NONE', ( #866 ), #347, .F. ) ;
#2268 = PLANE ( 'NONE',  #3972 ) ;
#2269 = EDGE_CURVE ( 'NONE', #647, #3521, #952, .T. ) ;
#2270 = CARTESIAN_POINT ( 'NONE',  ( 0.05584305983497199477, -0.5316465652036583833, 0.2810000000000000275 ) ) ;
#2271 = VECTOR ( 'NONE', #1357, 1000.000000000000000 ) ;
#2272 = VECTOR ( 'NONE', #3618, 1000.000000000000000 ) ;
#2273 = CARTESIAN_POINT ( 'NONE',  ( -0.6766918921026191525, 0.6855750628389500889, 0.2799999999999999711 ) ) ;
#2274 =( GEOMETRIC_REPRESENTATION_CONTEXT ( 3 ) GLOBAL_UNCERTAINTY_ASSIGNED_CONTEXT ( ( #3921 ) ) GLOBAL_UNIT_ASSIGNED_CONTEXT ( ( #931, #3551, #557 ) ) REPRESENTATION_CONTEXT ( 'NONE', 'WORKASPACE' ) );
#2275 =( NAMED_UNIT ( * ) SI_UNIT ( $, .STERADIAN. ) SOLID_ANGLE_UNIT ( ) );
#2276 =( NAMED_UNIT ( * ) SI_UNIT ( $, .STERADIAN. ) SOLID_ANGLE_UNIT ( ) );
#2277 = SURFACE_STYLE_FILL_AREA ( #4439 ) ;
#2278 = LINE ( 'NONE', #5268, #650 ) ;
#2279 = CARTESIAN_POINT ( 'NONE',  ( 0.5359203924145662379, 0.1776407652747671595, 0.2799999999999999711 ) ) ;
#2280 = DIRECTION ( 'NONE',  ( -0.0000000000000000000, -0.0000000000000000000, -1.000000000000000000 ) ) ;
#2281 = AXIS2_PLACEMENT_3D ( 'NONE', #580, #4840, #4030 ) ;
#2282 = CARTESIAN_POINT ( 'NONE',  ( -0.3095939579225142069, -0.3593805362314128615, 0.2810000000000000275 ) ) ;
#2283 = ORIENTED_EDGE ( 'NONE', *, *, #3478, .T. ) ;
#2284 =( GEOMETRIC_REPRESENTATION_CONTEXT ( 3 ) GLOBAL_UNCERTAINTY_ASSIGNED_CONTEXT ( ( #3729 ) ) GLOBAL_UNIT_ASSIGNED_CONTEXT ( ( #2616, #3019, #834 ) ) REPRESENTATION_CONTEXT ( 'NONE', 'WORKASPACE' ) );
#2285 = SURFACE_STYLE_FILL_AREA ( #89 ) ;
#2286 = VECTOR ( 'NONE', #3180, 1000.000000000000000 ) ;
#2287 = CARTESIAN_POINT ( 'NONE',  ( 0.0000000000000000000, 0.8637862597461452019, 0.2799999999999999711 ) ) ;
#2288 =( LENGTH_UNIT ( ) NAMED_UNIT ( * ) SI_UNIT ( .MILLI., .METRE. ) );
#2289 = LINE ( 'NONE', #121, #2822 ) ;
#2290 = EDGE_LOOP ( 'NONE', ( #1649, #2608, #3859, #908 ) ) ;
#2291 = UNCERTAINTY_MEASURE_WITH_UNIT (LENGTH_MEASURE( 1.000000000000000082E-05 ), #1774, 'distance_accuracy_value', 'NONE');
#2292 = COLOUR_RGB ( '',0.8509803921568627194, 0.8509803921568627194, 0.8509803921568627194 ) ;
#2293 = EDGE_LOOP ( 'NONE', ( #4914, #621, #1206, #3622 ) ) ;
#2294 = ORIENTED_EDGE ( 'NONE', *, *, #2192, .T. ) ;
#2295 = ORIENTED_EDGE ( 'NONE', *, *, #141, .F. ) ;
#2296 = SURFACE_STYLE_FILL_AREA ( #3581 ) ;
#2297 = COLOUR_RGB ( '',0.8509803921568627194, 0.8509803921568627194, 0.8509803921568627194 ) ;
#2298 = SURFACE_SIDE_STYLE ('',( #5241 ) ) ;
#2299 = DIRECTION ( 'NONE',  ( -0.0000000000000000000, 1.000000000000000000, -0.0000000000000000000 ) ) ;
#2300 = CARTESIAN_POINT ( 'NONE',  ( -0.4135483952989442713, -0.3593805362314128615, 0.2810000000000000275 ) ) ;
#2301 = EDGE_CURVE ( 'NONE', #1018, #4012, #1005, .T. ) ;
#2302 = EDGE_CURVE ( 'NONE', #1304, #3781, #1009, .T. ) ;
#2303 = DIRECTION ( 'NONE',  ( 0.0000000000000000000, -1.000000000000000000, 0.0000000000000000000 ) ) ;
#2304 = SURFACE_SIDE_STYLE ('',( #2824 ) ) ;
#2305 = VERTEX_POINT ( 'NONE', #4028 ) ;
#2306 = LINE ( 'NONE', #4501, #1722 ) ;
#2307 = CARTESIAN_POINT ( 'NONE',  ( 0.0000000000000000000, -0.05709504976923727992, 0.2599999999999999534 ) ) ;
#2308 = DIRECTION ( 'NONE',  ( 6.982962677686266711E-15, -0.0000000000000000000, 1.000000000000000000 ) ) ;
#2309 =( LENGTH_UNIT ( ) NAMED_UNIT ( * ) SI_UNIT ( .MILLI., .METRE. ) );
#2310 = VERTEX_POINT ( 'NONE', #549 ) ;
#2311 = LINE ( 'NONE', #1896, #3261 ) ;
#2312 = EDGE_LOOP ( 'NONE', ( #2671, #1951, #3117, #431 ) ) ;
#2313 = CARTESIAN_POINT ( 'NONE',  ( -1.099999999999998535, -0.8614255068147822492, 0.2799999999999999711 ) ) ;
#2314 = ORIENTED_EDGE ( 'NONE', *, *, #2191, .F. ) ;
#2315 = ORIENTED_EDGE ( 'NONE', *, *, #254, .F. ) ;
#2316 = CARTESIAN_POINT ( 'NONE',  ( -9.855806056188584936E-17, -1.000000000000000000, 0.0000000000000000000 ) ) ;
#2317 = VECTOR ( 'NONE', #4838, 1000.000000000000000 ) ;
#2318 = SURFACE_SIDE_STYLE ('',( #49 ) ) ;
#2319 = CARTESIAN_POINT ( 'NONE',  ( 0.5359203924145662379, -0.2065665198382720669, 0.2599999999999999534 ) ) ;
#2320 = FACE_OUTER_BOUND ( 'NONE', #1672, .T. ) ;
#2321 = DIRECTION ( 'NONE',  ( -0.0000000000000000000, -0.0000000000000000000, -1.000000000000000000 ) ) ;
#2322 = SURFACE_STYLE_FILL_AREA ( #575 ) ;
#2323 = COLOUR_RGB ( '',1.000000000000000000, 1.000000000000000000, 1.000000000000000000 ) ;
#2324 = PRESENTATION_STYLE_ASSIGNMENT (( #3314 ) ) ;
#2325 = VERTEX_POINT ( 'NONE', #1354 ) ;
#2326 = SURFACE_STYLE_FILL_AREA ( #3592 ) ;
#2327 = ORIENTED_EDGE ( 'NONE', *, *, #923, .F. ) ;
#2328 = EDGE_CURVE ( 'NONE', #5033, #4829, #4357, .T. ) ;
#2329 = FILL_AREA_STYLE ('',( #4372 ) ) ;
#2330 = EDGE_CURVE ( 'NONE', #4015, #3632, #1838, .T. ) ;
#2331 = VECTOR ( 'NONE', #483, 1000.000000000000000 ) ;
#2332 = LINE ( 'NONE', #4563, #716 ) ;
#2333 = CIRCLE ( 'NONE', #1809, 0.1000000000000000472 ) ;
#2334 = CARTESIAN_POINT ( 'NONE',  ( 0.7249999999999999778, 1.000000000000000000, 0.2599999999999999534 ) ) ;
#2335 = ORIENTED_EDGE ( 'NONE', *, *, #3444, .T. ) ;
#2336 = CARTESIAN_POINT ( 'NONE',  ( -0.9174636228121989534, -0.1880563063957278735, 0.2599999999999999534 ) ) ;
#2337 = EDGE_CURVE ( 'NONE', #939, #4816, #3520, .T. ) ;
#2338 = AXIS2_PLACEMENT_3D ( 'NONE', #637, #3596, #205 ) ;
#2339 = VECTOR ( 'NONE', #3272, 1000.000000000000000 ) ;
#2340 = UNCERTAINTY_MEASURE_WITH_UNIT (LENGTH_MEASURE( 1.000000000000000082E-05 ), #3712, 'distance_accuracy_value', 'NONE');
#2341 = UNCERTAINTY_MEASURE_WITH_UNIT (LENGTH_MEASURE( 1.000000000000000082E-05 ), #228, 'distance_accuracy_value', 'NONE');
#2342 = VERTEX_POINT ( 'NONE', #3566 ) ;
#2343 = VERTEX_POINT ( 'NONE', #3916 ) ;
#2344 = STYLED_ITEM ( 'NONE', ( #159 ), #4786 ) ;
#2345 = STYLED_ITEM ( 'NONE', ( #5177 ), #1517 ) ;
#2346 = ORIENTED_EDGE ( 'NONE', *, *, #5332, .F. ) ;
#2347 = CARTESIAN_POINT ( 'NONE',  ( -0.6634567500555484942, -0.2265013340820382082, 0.2799999999999999711 ) ) ;
#2348 =( LENGTH_UNIT ( ) NAMED_UNIT ( * ) SI_UNIT ( .MILLI., .METRE. ) );
#2349 = COLOUR_RGB ( '',0.8509803921568627194, 0.8509803921568627194, 0.8509803921568627194 ) ;
#2350 = PRESENTATION_LAYER_ASSIGNMENT (  '', '', ( #3981 ) ) ;
#2351 = ORIENTED_EDGE ( 'NONE', *, *, #4851, .F. ) ;
#2352 = SURFACE_STYLE_FILL_AREA ( #2013 ) ;
#2353 = DIRECTION ( 'NONE',  ( -4.646580739223590995E-16, -1.000000000000000000, 3.244824118618382289E-30 ) ) ;
#2354 = PRESENTATION_STYLE_ASSIGNMENT (( #3587 ) ) ;
#2355 =( LENGTH_UNIT ( ) NAMED_UNIT ( * ) SI_UNIT ( .MILLI., .METRE. ) );
#2356 = AXIS2_PLACEMENT_3D ( 'NONE', #693, #2944, #2879 ) ;
#2357 = B_SPLINE_CURVE_WITH_KNOTS ( 'NONE', 2,
 ( #4524, #653, #4658 ),
 .UNSPECIFIED., .F., .F.,
 ( 3, 3 ),
 ( 0.0000000000000000000, 1.000000000000000000 ),
 .UNSPECIFIED. ) ;
#2358 = SURFACE_STYLE_FILL_AREA ( #712 ) ;
#2359 =( NAMED_UNIT ( * ) SI_UNIT ( $, .STERADIAN. ) SOLID_ANGLE_UNIT ( ) );
#2360 = ORIENTED_EDGE ( 'NONE', *, *, #3434, .F. ) ;
#2361 = PRESENTATION_STYLE_ASSIGNMENT (( #4475 ) ) ;
#2362 = COLOUR_RGB ( '',0.8509803921568627194, 0.8509803921568627194, 0.8509803921568627194 ) ;
#2363 = EDGE_CURVE ( 'NONE', #1449, #4705, #5292, .T. ) ;
#2364 = VECTOR ( 'NONE', #2906, 1000.000000000000000 ) ;
#2365 = PRESENTATION_STYLE_ASSIGNMENT (( #582 ) ) ;
#2366 = EDGE_CURVE ( 'NONE', #4399, #2636, #2739, .T. ) ;
#2367 = LINE ( 'NONE', #3653, #1772 ) ;
#2368 = DIRECTION ( 'NONE',  ( 1.000000000000000000, 0.0000000000000000000, 0.0000000000000000000 ) ) ;
#2369 = PLANE ( 'NONE',  #5063 ) ;
#2370 = ORIENTED_EDGE ( 'NONE', *, *, #4122, .T. ) ;
#2371 = DIRECTION ( 'NONE',  ( 1.000000000000000000, 0.0000000000000000000, 0.0000000000000000000 ) ) ;
#2372 = PRESENTATION_LAYER_ASSIGNMENT (  '', '', ( #96 ) ) ;
#2373 = EDGE_CURVE ( 'NONE', #2062, #3790, #542, .T. ) ;
#2374 = ORIENTED_EDGE ( 'NONE', *, *, #1687, .T. ) ;
#2375 = PRESENTATION_STYLE_ASSIGNMENT (( #3281 ) ) ;
#2376 = ORIENTED_EDGE ( 'NONE', *, *, #5271, .F. ) ;
#2377 =( GEOMETRIC_REPRESENTATION_CONTEXT ( 3 ) GLOBAL_UNCERTAINTY_ASSIGNED_CONTEXT ( ( #400 ) ) GLOBAL_UNIT_ASSIGNED_CONTEXT ( ( #2348, #4940, #3635 ) ) REPRESENTATION_CONTEXT ( 'NONE', 'WORKASPACE' ) );
#2378 = ORIENTED_EDGE ( 'NONE', *, *, #3711, .T. ) ;
#2379 = CARTESIAN_POINT ( 'NONE',  ( -0.9174636228121989534, -0.1880563063957277625, 0.2599999999999999534 ) ) ;
#2380 = DIRECTION ( 'NONE',  ( 0.0000000000000000000, -0.0000000000000000000, -1.000000000000000000 ) ) ;
#2381 = CIRCLE ( 'NONE', #384, 0.3637862597461382630 ) ;
#2382 = EDGE_LOOP ( 'NONE', ( #4174, #4943, #4043, #841 ) ) ;
#2383 = CARTESIAN_POINT ( 'NONE',  ( 0.3432670707574931868, -0.3593805362314128615, 0.2810000000000000275 ) ) ;
#2384 = CARTESIAN_POINT ( 'NONE',  ( 0.0000000000000000000, 0.5569292977732096528, 0.2799999999999999711 ) ) ;
#2385 = UNCERTAINTY_MEASURE_WITH_UNIT (LENGTH_MEASURE( 1.000000000000000082E-05 ), #1713, 'distance_accuracy_value', 'NONE');
#2386 = FILL_AREA_STYLE ('',( #161 ) ) ;
#2387 = CARTESIAN_POINT ( 'NONE',  ( 1.100000000000002087, 0.4999999999999997780, 0.2799999999999999711 ) ) ;
#2388 = ORIENTED_EDGE ( 'NONE', *, *, #4709, .F. ) ;
#2389 = UNCERTAINTY_MEASURE_WITH_UNIT (LENGTH_MEASURE( 1.000000000000000082E-05 ), #4404, 'distance_accuracy_value', 'NONE');
#2390 = DIRECTION ( 'NONE',  ( -1.000000000000000000, -0.0000000000000000000, -0.0000000000000000000 ) ) ;
#2392 = DIRECTION ( 'NONE',  ( -0.0000000000000000000, -1.000000000000000000, -0.0000000000000000000 ) ) ;
#2391 =( GEOMETRIC_REPRESENTATION_CONTEXT ( 3 ) GLOBAL_UNCERTAINTY_ASSIGNED_CONTEXT ( ( #1208 ) ) GLOBAL_UNIT_ASSIGNED_CONTEXT ( ( #2288, #4011, #4903 ) ) REPRESENTATION_CONTEXT ( 'NONE', 'WORKASPACE' ) );
#2393 = DIRECTION ( 'NONE',  ( 0.0000000000000000000, 1.000000000000000000, 0.0000000000000000000 ) ) ;
#2394 = LINE ( 'NONE', #1891, #789 ) ;
#2395 = FILL_AREA_STYLE ('',( #4206 ) ) ;
#2396 = ORIENTED_EDGE ( 'NONE', *, *, #1065, .T. ) ;
#2397 = ORIENTED_EDGE ( 'NONE', *, *, #5370, .T. ) ;
#2398 = PLANE ( 'NONE',  #3469 ) ;
#2399 = ORIENTED_EDGE ( 'NONE', *, *, #2794, .T. ) ;
#2400 = EDGE_LOOP ( 'NONE', ( #4620, #5401, #4721, #4211 ) ) ;
#2401 = PRESENTATION_STYLE_ASSIGNMENT (( #617 ) ) ;
#2402 = PRESENTATION_STYLE_ASSIGNMENT (( #4913 ) ) ;
#2403 = ADVANCED_FACE ( 'NONE', ( #4815 ), #1810, .T. ) ;
#2404 = ADVANCED_FACE ( 'NONE', ( #2765 ), #1391, .T. ) ;
#2405 = ORIENTED_EDGE ( 'NONE', *, *, #2999, .T. ) ;
#2406 = CARTESIAN_POINT ( 'NONE',  ( 1.100000000000001865, 1.908195823574490959E-15, -7.680894765701995475E-15 ) ) ;
#2407 = CARTESIAN_POINT ( 'NONE',  ( -1.100000000000001643, 3.816391647148981130E-15, 0.2799999999999999711 ) ) ;
#2408 =( LENGTH_UNIT ( ) NAMED_UNIT ( * ) SI_UNIT ( .MILLI., .METRE. ) );
#2409 = CARTESIAN_POINT ( 'NONE',  ( -1.099999999999998090, -0.4999999999999997780, 0.2799999999999999711 ) ) ;
#2410 = SURFACE_SIDE_STYLE ('',( #3236 ) ) ;
#2411 = FILL_AREA_STYLE_COLOUR ( '', #2292 ) ;
#2412 = PRESENTATION_LAYER_ASSIGNMENT (  '', '', ( #3409 ) ) ;
#2413 = VERTEX_POINT ( 'NONE', #2789 ) ;
#2414 = CARTESIAN_POINT ( 'NONE',  ( -0.7570035725588107889, 0.6212183713084244996, 0.2799999999999999711 ) ) ;
#2415 = VECTOR ( 'NONE', #3221, 1000.000000000000000 ) ;
#2416 = FILL_AREA_STYLE ('',( #4930 ) ) ;
#2417 = CARTESIAN_POINT ( 'NONE',  ( 0.7249999999999999778, -1.000000000000000000, 0.8400000000000000799 ) ) ;
#2418 = AXIS2_PLACEMENT_3D ( 'NONE', #3016, #1777, #1409 ) ;
#2419 = EDGE_LOOP ( 'NONE', ( #5139, #2429, #4447, #3488 ) ) ;
#2420 = AXIS2_PLACEMENT_3D ( 'NONE', #3105, #3133, #4872 ) ;
#2421 = ORIENTED_EDGE ( 'NONE', *, *, #1204, .F. ) ;
#2422 = ORIENTED_EDGE ( 'NONE', *, *, #3537, .F. ) ;
#2423 = ORIENTED_EDGE ( 'NONE', *, *, #289, .T. ) ;
#2424 = DIRECTION ( 'NONE',  ( -0.0000000000000000000, -0.0000000000000000000, -1.000000000000000000 ) ) ;
#2425 = SURFACE_STYLE_FILL_AREA ( #3208 ) ;
#2426 = VECTOR ( 'NONE', #2390, 1000.000000000000000 ) ;
#2427 = AXIS2_PLACEMENT_3D ( 'NONE', #3585, #133, #4864 ) ;
#2428 =( GEOMETRIC_REPRESENTATION_CONTEXT ( 3 ) GLOBAL_UNCERTAINTY_ASSIGNED_CONTEXT ( ( #1792 ) ) GLOBAL_UNIT_ASSIGNED_CONTEXT ( ( #4064, #4115, #1043 ) ) REPRESENTATION_CONTEXT ( 'NONE', 'WORKASPACE' ) );
#2429 = ORIENTED_EDGE ( 'NONE', *, *, #4615, .F. ) ;
#2430 = AXIS2_PLACEMENT_3D ( 'NONE', #1062, #3154, #625 ) ;
#2431 = FILL_AREA_STYLE ('',( #4976 ) ) ;
#2432 = EDGE_CURVE ( 'NONE', #3414, #2884, #5410, .T. ) ;
#2433 = ADVANCED_FACE ( 'NONE', ( #3726 ), #4134, .F. ) ;
#2434 = CARTESIAN_POINT ( 'NONE',  ( 0.3901487617419281406, 0.0000000000000000000, 0.2799999999999999711 ) ) ;
#2435 = DIRECTION ( 'NONE',  ( -1.000000000000000000, 0.0000000000000000000, 6.982962677686265922E-15 ) ) ;
#2436 = CYLINDRICAL_SURFACE ( 'NONE', #4725, 0.2500000000000000000 ) ;
#2437 = VECTOR ( 'NONE', #4651, 1000.000000000000000 ) ;
#2438 = MECHANICAL_DESIGN_GEOMETRIC_PRESENTATION_REPRESENTATION (  '', ( #1550 ), #453 ) ;
#2439 = AXIS2_PLACEMENT_3D ( 'NONE', #167, #255, #200 ) ;
#2440 = EDGE_CURVE ( 'NONE', #381, #1846, #3174, .T. ) ;
#2441 = PRESENTATION_STYLE_ASSIGNMENT (( #2986 ) ) ;
#2442 = ORIENTED_EDGE ( 'NONE', *, *, #5050, .F. ) ;
#2443 = FILL_AREA_STYLE ('',( #5412 ) ) ;
#2444 = DIRECTION ( 'NONE',  ( -0.0000000000000000000, -0.0000000000000000000, -1.000000000000000000 ) ) ;
#2445 =( NAMED_UNIT ( * ) PLANE_ANGLE_UNIT ( ) SI_UNIT ( $, .RADIAN. ) );
#2446 = COLOUR_RGB ( '',0.8509803921568627194, 0.8509803921568627194, 0.8509803921568627194 ) ;
#2447 = MECHANICAL_DESIGN_GEOMETRIC_PRESENTATION_REPRESENTATION (  '', ( #1902 ), #4423 ) ;
#2448 = DIRECTION ( 'NONE',  ( 0.0000000000000000000, 1.000000000000000000, 0.0000000000000000000 ) ) ;
#2449 = LINE ( 'NONE', #4652, #4037 ) ;
#2450 =( GEOMETRIC_REPRESENTATION_CONTEXT ( 3 ) GLOBAL_UNCERTAINTY_ASSIGNED_CONTEXT ( ( #4697 ) ) GLOBAL_UNIT_ASSIGNED_CONTEXT ( ( #781, #1644, #5076 ) ) REPRESENTATION_CONTEXT ( 'NONE', 'WORKASPACE' ) );
#2451 = ORIENTED_EDGE ( 'NONE', *, *, #1790, .F. ) ;
#2452 = PRESENTATION_STYLE_ASSIGNMENT (( #727 ) ) ;
#2453 = UNCERTAINTY_MEASURE_WITH_UNIT (LENGTH_MEASURE( 1.000000000000000082E-05 ), #3895, 'distance_accuracy_value', 'NONE');
#2454 = FILL_AREA_STYLE_COLOUR ( '', #4365 ) ;
#2455 = ORIENTED_EDGE ( 'NONE', *, *, #5446, .F. ) ;
#2456 = DIRECTION ( 'NONE',  ( -6.983251342707903681E-15, 0.0000000000000000000, -1.000000000000000000 ) ) ;
#2457 = VERTEX_POINT ( 'NONE', #1526 ) ;
#2458 = DIRECTION ( 'NONE',  ( -0.0000000000000000000, -0.0000000000000000000, -1.000000000000000000 ) ) ;
#2459 = SURFACE_STYLE_FILL_AREA ( #5504 ) ;
#2460 = ORIENTED_EDGE ( 'NONE', *, *, #3595, .F. ) ;
#2461 = DIRECTION ( 'NONE',  ( 0.0000000000000000000, -1.000000000000000000, 0.0000000000000000000 ) ) ;
#2462 = CARTESIAN_POINT ( 'NONE',  ( -0.7713451857263546874, 0.6561302432729905210, 0.2799999999999999711 ) ) ;
#2463 = DIRECTION ( 'NONE',  ( 0.0000000000000000000, -1.000000000000000000, 0.0000000000000000000 ) ) ;
#2464 =( NAMED_UNIT ( * ) PLANE_ANGLE_UNIT ( ) SI_UNIT ( $, .RADIAN. ) );
#2465 = COLOUR_RGB ( '',0.8509803921568627194, 0.8509803921568627194, 0.8509803921568627194 ) ;
#2466 = EDGE_CURVE ( 'NONE', #4427, #4333, #3880, .T. ) ;
#2467 = UNCERTAINTY_MEASURE_WITH_UNIT (LENGTH_MEASURE( 1.000000000000000082E-05 ), #5293, 'distance_accuracy_value', 'NONE');
#2468 = SURFACE_SIDE_STYLE ('',( #3374 ) ) ;
#2469 = AXIS2_PLACEMENT_3D ( 'NONE', #83, #2280, #487 ) ;
#2470 = DIRECTION ( 'NONE',  ( 1.000000000000000000, 0.0000000000000000000, -6.982962677686268288E-15 ) ) ;
#2471 = VERTEX_POINT ( 'NONE', #1553 ) ;
#2472 = CARTESIAN_POINT ( 'NONE',  ( 0.2532275857927164253, -0.3593805362314128615, 0.2810000000000000275 ) ) ;
#2473 = SURFACE_STYLE_USAGE ( .BOTH. , #3732 ) ;
#2474 = EDGE_CURVE ( 'NONE', #4627, #1236, #3292, .T. ) ;
#2475 = EDGE_CURVE ( 'NONE', #4020, #1566, #4581, .T. ) ;
#2476 = CARTESIAN_POINT ( 'NONE',  ( 0.8500000000000019762, 0.4999999999999997780, 0.2599999999999940137 ) ) ;
#2477 = PLANE ( 'NONE',  #514 ) ;
#2478 = ORIENTED_EDGE ( 'NONE', *, *, #2583, .F. ) ;
#2479 =( GEOMETRIC_REPRESENTATION_CONTEXT ( 3 ) GLOBAL_UNCERTAINTY_ASSIGNED_CONTEXT ( ( #5034 ) ) GLOBAL_UNIT_ASSIGNED_CONTEXT ( ( #2914, #1146, #232 ) ) REPRESENTATION_CONTEXT ( 'NONE', 'WORKASPACE' ) );
#2480 = CARTESIAN_POINT ( 'NONE',  ( -1.100000000000000755, 0.1999999999999999833, 0.02000000000000768177 ) ) ;
#2481 = DIRECTION ( 'NONE',  ( 1.000000000000000000, 0.0000000000000000000, 0.0000000000000000000 ) ) ;
#2482 = FACE_OUTER_BOUND ( 'NONE', #4566, .T. ) ;
#2483 = ORIENTED_EDGE ( 'NONE', *, *, #366, .T. ) ;
#2484 = SURFACE_STYLE_USAGE ( .BOTH. , #2114 ) ;
#2485 = ORIENTED_EDGE ( 'NONE', *, *, #881, .T. ) ;
#2486 = SURFACE_STYLE_USAGE ( .BOTH. , #3862 ) ;
#2487 = SURFACE_STYLE_FILL_AREA ( #4690 ) ;
#2488 = ORIENTED_EDGE ( 'NONE', *, *, #1761, .F. ) ;
#2489 = PRESENTATION_STYLE_ASSIGNMENT (( #416 ) ) ;
#2490 = CARTESIAN_POINT ( 'NONE',  ( 7.493003142994979602E-17, -0.7671295513012331702, 0.2599999999999999534 ) ) ;
#2491 =( LENGTH_UNIT ( ) NAMED_UNIT ( * ) SI_UNIT ( .MILLI., .METRE. ) );
#2492 = DIRECTION ( 'NONE',  ( -9.856383386231857595E-17, -1.000000000000000000, 6.882675732302403897E-31 ) ) ;
#2493 =( LENGTH_UNIT ( ) NAMED_UNIT ( * ) SI_UNIT ( .MILLI., .METRE. ) );
#2494 = UNCERTAINTY_MEASURE_WITH_UNIT (LENGTH_MEASURE( 1.000000000000000082E-05 ), #3841, 'distance_accuracy_value', 'NONE');
#2495 = FACE_OUTER_BOUND ( 'NONE', #2019, .T. ) ;
#2496 = MECHANICAL_DESIGN_GEOMETRIC_PRESENTATION_REPRESENTATION (  '', ( #2133 ), #135 ) ;
#2497 = ORIENTED_EDGE ( 'NONE', *, *, #4891, .F. ) ;
#2498 = PRESENTATION_LAYER_ASSIGNMENT (  '', '', ( #2698 ) ) ;
#2499 = SURFACE_SIDE_STYLE ('',( #1214 ) ) ;
#2500 = CARTESIAN_POINT ( 'NONE',  ( -0.4343137556297431701, 0.04041390370446151792, 0.2810000000000000275 ) ) ;
#2501 = SURFACE_SIDE_STYLE ('',( #4624 ) ) ;
#2502 = ORIENTED_EDGE ( 'NONE', *, *, #3778, .F. ) ;
#2503 = EDGE_CURVE ( 'NONE', #2190, #4205, #454, .T. ) ;
#2504 = EDGE_CURVE ( 'NONE', #1742, #2942, #3401, .T. ) ;
#2505 = SURFACE_STYLE_FILL_AREA ( #2994 ) ;
#2506 = CARTESIAN_POINT ( 'NONE',  ( -0.7570035725588046827, 0.6212183713084267200, 0.2799999999999999711 ) ) ;
#2507 = COLOUR_RGB ( '',0.8509803921568627194, 0.8509803921568627194, 0.8509803921568627194 ) ;
#2508 = FILL_AREA_STYLE_COLOUR ( '', #3637 ) ;
#2509 = VERTEX_POINT ( 'NONE', #1630 ) ;
#2510 = EDGE_CURVE ( 'NONE', #3285, #1955, #85, .T. ) ;
#2511 = CARTESIAN_POINT ( 'NONE',  ( 0.7858601251859659298, -0.1372050520392875117, 0.2799999999999999711 ) ) ;
#2512 = EDGE_LOOP ( 'NONE', ( #4685, #2360, #5535, #3229, #3168, #809, #3556, #5552 ) ) ;
#2513 = FILL_AREA_STYLE_COLOUR ( '', #4410 ) ;
#2514 = CARTESIAN_POINT ( 'NONE',  ( -0.7570035725588107889, 0.6212183713084244996, 0.2599999999999999534 ) ) ;
#2515 = MECHANICAL_DESIGN_GEOMETRIC_PRESENTATION_REPRESENTATION (  '', ( #4052 ), #612 ) ;
#2516 = DIRECTION ( 'NONE',  ( 1.000000000000000000, 0.0000000000000000000, 0.0000000000000000000 ) ) ;
#2517 =( LENGTH_UNIT ( ) NAMED_UNIT ( * ) SI_UNIT ( .MILLI., .METRE. ) );
#2518 = PRESENTATION_STYLE_ASSIGNMENT (( #1599 ) ) ;
#2519 = COLOUR_RGB ( '',0.8509803921568627194, 0.8509803921568627194, 0.8509803921568627194 ) ;
#2520 = COLOUR_RGB ( '',0.8509803921568627194, 0.8509803921568627194, 0.8509803921568627194 ) ;
#2521 = LINE ( 'NONE', #4221, #3089 ) ;
#2522 = DIRECTION ( 'NONE',  ( 0.0000000000000000000, -0.0000000000000000000, -1.000000000000000000 ) ) ;
#2523 = CARTESIAN_POINT ( 'NONE',  ( 0.3195831592659477138, 0.04041390370446151792, 0.2810000000000000275 ) ) ;
#2524 =( GEOMETRIC_REPRESENTATION_CONTEXT ( 3 ) GLOBAL_UNCERTAINTY_ASSIGNED_CONTEXT ( ( #1990 ) ) GLOBAL_UNIT_ASSIGNED_CONTEXT ( ( #2517, #5147, #1228 ) ) REPRESENTATION_CONTEXT ( 'NONE', 'WORKASPACE' ) );
#2525 = FILL_AREA_STYLE ('',( #2125 ) ) ;
#2526 = COLOUR_RGB ( '',1.000000000000000000, 1.000000000000000000, 1.000000000000000000 ) ;
#2527 =( GEOMETRIC_REPRESENTATION_CONTEXT ( 3 ) GLOBAL_UNCERTAINTY_ASSIGNED_CONTEXT ( ( #989 ) ) GLOBAL_UNIT_ASSIGNED_CONTEXT ( ( #3869, #4378, #1346 ) ) REPRESENTATION_CONTEXT ( 'NONE', 'WORKASPACE' ) );
#2528 = CARTESIAN_POINT ( 'NONE',  ( -0.6035437629006772386, -0.2065665198382720391, 0.2799999999999999711 ) ) ;
#2529 = ORIENTED_EDGE ( 'NONE', *, *, #2503, .T. ) ;
#2530 = CARTESIAN_POINT ( 'NONE',  ( 0.3648896556285310400, 0.9999999999999997780, 0.01999999999999745384 ) ) ;
#2531 = STYLED_ITEM ( 'NONE', ( #2227 ), #5196 ) ;
#2532 = AXIS2_PLACEMENT_3D ( 'NONE', #5464, #4164, #1118 ) ;
#2533 =( GEOMETRIC_REPRESENTATION_CONTEXT ( 3 ) GLOBAL_UNCERTAINTY_ASSIGNED_CONTEXT ( ( #5333 ) ) GLOBAL_UNIT_ASSIGNED_CONTEXT ( ( #37, #5219, #1396 ) ) REPRESENTATION_CONTEXT ( 'NONE', 'WORKASPACE' ) );
#2534 = FILL_AREA_STYLE ('',( #3825 ) ) ;
#2535 = ORIENTED_EDGE ( 'NONE', *, *, #3571, .T. ) ;
#2536 = DIRECTION ( 'NONE',  ( 0.0000000000000000000, -0.0000000000000000000, -1.000000000000000000 ) ) ;
#2537 = ORIENTED_EDGE ( 'NONE', *, *, #4130, .T. ) ;
#2538 = PRESENTATION_LAYER_ASSIGNMENT (  '', '', ( #3983 ) ) ;
#2539 = PRESENTATION_LAYER_ASSIGNMENT (  '', '', ( #1287 ) ) ;
#2540 = ADVANCED_FACE ( 'NONE', ( #4644 ), #1419, .F. ) ;
#2541 = VECTOR ( 'NONE', #2575, 1000.000000000000000 ) ;
#2542 = SURFACE_STYLE_USAGE ( .BOTH. , #1733 ) ;
#2543 = PLANE ( 'NONE',  #3209 ) ;
#2544 = EDGE_LOOP ( 'NONE', ( #4021, #146, #2399, #5014 ) ) ;
#2545 = CARTESIAN_POINT ( 'NONE',  ( 1.100000000000002087, 0.4999999999999997780, 0.2799999999999999711 ) ) ;
#2546 = FILL_AREA_STYLE ('',( #822 ) ) ;
#2547 =( LENGTH_UNIT ( ) NAMED_UNIT ( * ) SI_UNIT ( .MILLI., .METRE. ) );
#2548 = EDGE_CURVE ( 'NONE', #5591, #963, #2935, .T. ) ;
#2549 = EDGE_CURVE ( 'NONE', #3993, #4316, #773, .T. ) ;
#2550 = DIRECTION ( 'NONE',  ( -0.0000000000000000000, -0.0000000000000000000, -1.000000000000000000 ) ) ;
#2551 = COLOUR_RGB ( '',0.8509803921568627194, 0.8509803921568627194, 0.8509803921568627194 ) ;
#2552 = CARTESIAN_POINT ( 'NONE',  ( 1.100000000000002531, 0.1362137402538543540, 0.2799999999999999711 ) ) ;
#2553 = CARTESIAN_POINT ( 'NONE',  ( -1.100000000000000977, -0.1999999999999994837, 7.680894765701995475E-15 ) ) ;
#2554 =( NAMED_UNIT ( * ) SI_UNIT ( $, .STERADIAN. ) SOLID_ANGLE_UNIT ( ) );
#2555 = AXIS2_PLACEMENT_3D ( 'NONE', #5002, #2866, #4152 ) ;
#2556 = DIRECTION ( 'NONE',  ( -1.000000000000000000, 4.646580739223591981E-16, 6.982962677686268288E-15 ) ) ;
#2557 = SURFACE_SIDE_STYLE ('',( #4194 ) ) ;
#2558 = DIRECTION ( 'NONE',  ( 1.000000000000000000, -3.097720492815727166E-16, -6.983251342707903681E-15 ) ) ;
#2559 = VECTOR ( 'NONE', #5170, 1000.000000000000000 ) ;
#2560 = LINE ( 'NONE', #917, #30 ) ;
#2561 = PRESENTATION_STYLE_ASSIGNMENT (( #1234 ) ) ;
#2562 = CARTESIAN_POINT ( 'NONE',  ( 1.100000000000002087, -0.5000000000000002220, 0.2799999999999999711 ) ) ;
#2563 = ORIENTED_EDGE ( 'NONE', *, *, #4001, .F. ) ;
#2564 = DIRECTION ( 'NONE',  ( -4.646580739223590995E-16, -1.000000000000000000, 3.244824118618382289E-30 ) ) ;
#2565 = VECTOR ( 'NONE', #865, 1000.000000000000000 ) ;
#2566 = DIRECTION ( 'NONE',  ( -0.0000000000000000000, 0.0000000000000000000, 1.000000000000000000 ) ) ;
#2567 = ORIENTED_EDGE ( 'NONE', *, *, #2201, .T. ) ;
#2568 = CARTESIAN_POINT ( 'NONE',  ( -0.4135483952989442713, -0.5316465652036583833, 0.2810000000000000275 ) ) ;
#2569 = LINE ( 'NONE', #2132, #5492 ) ;
#2570 = CARTESIAN_POINT ( 'NONE',  ( 0.0000000000000000000, 0.0000000000000000000, 0.2810000000000000275 ) ) ;
#2571 =( GEOMETRIC_REPRESENTATION_CONTEXT ( 3 ) GLOBAL_UNCERTAINTY_ASSIGNED_CONTEXT ( ( #4356 ) ) GLOBAL_UNIT_ASSIGNED_CONTEXT ( ( #2877, #292, #4931 ) ) REPRESENTATION_CONTEXT ( 'NONE', 'WORKASPACE' ) );
#2572 = SURFACE_SIDE_STYLE ('',( #2110 ) ) ;
#2573 = DIRECTION ( 'NONE',  ( -0.0000000000000000000, -0.0000000000000000000, -1.000000000000000000 ) ) ;
#2574 = EDGE_LOOP ( 'NONE', ( #3576, #2315, #615, #5130 ) ) ;
#2575 = DIRECTION ( 'NONE',  ( -8.673617379884037444E-16, -1.000000000000000000, -0.0000000000000000000 ) ) ;
#2576 = LINE ( 'NONE', #1223, #1802 ) ;
#2577 = VERTEX_POINT ( 'NONE', #5515 ) ;
#2578 = EDGE_CURVE ( 'NONE', #2829, #1827, #1662, .T. ) ;
#2579 = DIRECTION ( 'NONE',  ( 1.000000000000000000, 0.0000000000000000000, 0.0000000000000000000 ) ) ;
#2580 = VERTEX_POINT ( 'NONE', #3457 ) ;
#2581 = PRESENTATION_STYLE_ASSIGNMENT (( #1253 ) ) ;
#2582 = ORIENTED_EDGE ( 'NONE', *, *, #679, .F. ) ;
#2583 = EDGE_CURVE ( 'NONE', #4627, #2813, #3378, .T. ) ;
#2584 = DIRECTION ( 'NONE',  ( 0.0000000000000000000, -0.0000000000000000000, -1.000000000000000000 ) ) ;
#2585 = EDGE_CURVE ( 'NONE', #3731, #2636, #4158, .T. ) ;
#2586 = LINE ( 'NONE', #4293, #5078 ) ;
#2587 = FILL_AREA_STYLE_COLOUR ( '', #4326 ) ;
#2588 =( NAMED_UNIT ( * ) PLANE_ANGLE_UNIT ( ) SI_UNIT ( $, .RADIAN. ) );
#2589 = LINE ( 'NONE', #51, #890 ) ;
#2590 = CARTESIAN_POINT ( 'NONE',  ( -1.099999999999998090, -0.4999999999999997780, 0.2799999999999999711 ) ) ;
#2591 = CARTESIAN_POINT ( 'NONE',  ( -1.100000000000000755, 0.7500000000000000000, 0.02000000000000768177 ) ) ;
#2592 = PLANE ( 'NONE',  #760 ) ;
#2593 = SURFACE_STYLE_FILL_AREA ( #2074 ) ;
#2594 = CARTESIAN_POINT ( 'NONE',  ( -0.4343137556297431701, 0.4509946331943126552, 0.2810000000000000275 ) ) ;
#2595 = ORIENTED_EDGE ( 'NONE', *, *, #4361, .T. ) ;
#2596 =( LENGTH_UNIT ( ) NAMED_UNIT ( * ) SI_UNIT ( .MILLI., .METRE. ) );
#2597 = ORIENTED_EDGE ( 'NONE', *, *, #3434, .T. ) ;
#2598 = B_SPLINE_CURVE_WITH_KNOTS ( 'NONE', 3,
 ( #4978, #2850, #1913, #3288 ),
 .UNSPECIFIED., .F., .F.,
 ( 4, 4 ),
 ( 0.0000000000000000000, 1.000000000000000000 ),
 .UNSPECIFIED. ) ;
#2599 = COLOUR_RGB ( '',0.8509803921568627194, 0.8509803921568627194, 0.8509803921568627194 ) ;
#2600 = FILL_AREA_STYLE ('',( #978 ) ) ;
#2601 = PLANE ( 'NONE',  #3286 ) ;
#2602 = ORIENTED_EDGE ( 'NONE', *, *, #5376, .T. ) ;
#2603 = CARTESIAN_POINT ( 'NONE',  ( 0.7672489025476870728, 0.6470277182179263731, 0.2599999999999999534 ) ) ;
#2604 = DIRECTION ( 'NONE',  ( 0.0000000000000000000, -1.000000000000000000, 0.0000000000000000000 ) ) ;
#2605 = PLANE ( 'NONE',  #1280 ) ;
#2606 = SURFACE_STYLE_FILL_AREA ( #5224 ) ;
#2607 = ORIENTED_EDGE ( 'NONE', *, *, #5092, .T. ) ;
#2608 = ORIENTED_EDGE ( 'NONE', *, *, #5016, .F. ) ;
#2609 = DIRECTION ( 'NONE',  ( 0.0000000000000000000, 0.0000000000000000000, 1.000000000000000000 ) ) ;
#2610 = FACE_OUTER_BOUND ( 'NONE', #5433, .T. ) ;
#2611 =( GEOMETRIC_REPRESENTATION_CONTEXT ( 3 ) GLOBAL_UNCERTAINTY_ASSIGNED_CONTEXT ( ( #243 ) ) GLOBAL_UNIT_ASSIGNED_CONTEXT ( ( #4416, #57, #2627 ) ) REPRESENTATION_CONTEXT ( 'NONE', 'WORKASPACE' ) );
#2612 = CARTESIAN_POINT ( 'NONE',  ( 0.0000000000000000000, 0.0000000000000000000, 0.0000000000000000000 ) ) ;
#2613 =( NAMED_UNIT ( * ) PLANE_ANGLE_UNIT ( ) SI_UNIT ( $, .RADIAN. ) );
#2614 = FACE_OUTER_BOUND ( 'NONE', #2312, .T. ) ;
#2615 = CARTESIAN_POINT ( 'NONE',  ( 0.7249999999999999778, -1.000000000000000000, 0.8400000000000000799 ) ) ;
#2616 =( LENGTH_UNIT ( ) NAMED_UNIT ( * ) SI_UNIT ( .MILLI., .METRE. ) );
#2617 = FILL_AREA_STYLE ('',( #3912 ) ) ;
#2618 = CARTESIAN_POINT ( 'NONE',  ( -0.3999999999999999112, 1.858632295689436842E-16, 0.02000000000000279332 ) ) ;
#2619 = PRESENTATION_LAYER_ASSIGNMENT (  '', '', ( #3970 ) ) ;
#2620 =( GEOMETRIC_REPRESENTATION_CONTEXT ( 3 ) GLOBAL_UNCERTAINTY_ASSIGNED_CONTEXT ( ( #4942 ) ) GLOBAL_UNIT_ASSIGNED_CONTEXT ( ( #375, #2101, #5518 ) ) REPRESENTATION_CONTEXT ( 'NONE', 'WORKASPACE' ) );
#2621 = EDGE_CURVE ( 'NONE', #1236, #3683, #5546, .T. ) ;
#2622 = ADVANCED_FACE ( 'NONE', ( #1295 ), #3015, .T. ) ;
#2623 = PRESENTATION_LAYER_ASSIGNMENT (  '', '', ( #4061 ) ) ;
#2624 = COLOUR_RGB ( '',0.8509803921568627194, 0.8509803921568627194, 0.8509803921568627194 ) ;
#2625 = SURFACE_STYLE_FILL_AREA ( #4759 ) ;
#2626 = ORIENTED_EDGE ( 'NONE', *, *, #881, .F. ) ;
#2627 =( NAMED_UNIT ( * ) SI_UNIT ( $, .STERADIAN. ) SOLID_ANGLE_UNIT ( ) );
#2628 = FILL_AREA_STYLE ('',( #2194 ) ) ;
#2629 = VECTOR ( 'NONE', #4317, 1000.000000000000000 ) ;
#2630 = COLOUR_RGB ( '',0.8509803921568627194, 0.8509803921568627194, 0.8509803921568627194 ) ;
#2631 = FILL_AREA_STYLE_COLOUR ( '', #437 ) ;
#2632 = LINE ( 'NONE', #4794, #2044 ) ;
#2633 = PRESENTATION_LAYER_ASSIGNMENT (  '', '', ( #635 ) ) ;
#2634 = PRESENTATION_LAYER_ASSIGNMENT (  '', '', ( #3262 ) ) ;
#2635 = CARTESIAN_POINT ( 'NONE',  ( 5.586170463518577523E-17, -1.000000000000000000, 0.02000000000000000042 ) ) ;
#2636 = VERTEX_POINT ( 'NONE', #570 ) ;
#2637 = DIRECTION ( 'NONE',  ( 0.7769070476675159487, -0.6296153105544244344, 0.0000000000000000000 ) ) ;
#2638 = LINE ( 'NONE', #5195, #1213 ) ;
#2639 = VECTOR ( 'NONE', #3426, 1000.000000000000000 ) ;
#2640 = MECHANICAL_DESIGN_GEOMETRIC_PRESENTATION_REPRESENTATION (  '', ( #3923 ), #1174 ) ;
#2641 = ORIENTED_EDGE ( 'NONE', *, *, #1282, .T. ) ;
#2642 = ORIENTED_EDGE ( 'NONE', *, *, #4607, .T. ) ;
#2643 = ORIENTED_EDGE ( 'NONE', *, *, #3273, .F. ) ;
#2644 = FACE_OUTER_BOUND ( 'NONE', #3144, .T. ) ;
#2645 = COLOUR_RGB ( '',0.8509803921568627194, 0.8509803921568627194, 0.8509803921568627194 ) ;
#2646 = CARTESIAN_POINT ( 'NONE',  ( 0.6360270068922002640, 0.1776407652747671595, 0.2799999999999999711 ) ) ;
#2647 = SURFACE_SIDE_STYLE ('',( #22 ) ) ;
#2648 = AXIS2_PLACEMENT_3D ( 'NONE', #3650, #1529, #3243 ) ;
#2649 = FILL_AREA_STYLE_COLOUR ( '', #3796 ) ;
#2650 = CARTESIAN_POINT ( 'NONE',  ( -0.7650295964665725368, -0.2727184512886348111, 0.2799999999999999711 ) ) ;
#2651 = FILL_AREA_STYLE_COLOUR ( '', #3628 ) ;
#2652 = SURFACE_STYLE_FILL_AREA ( #1860 ) ;
#2653 = LINE ( 'NONE', #949, #3246 ) ;
#2654 = PRESENTATION_STYLE_ASSIGNMENT (( #3406 ) ) ;
#2655 = CIRCLE ( 'NONE', #2744, 0.09999999999999993616 ) ;
#2656 = SURFACE_SIDE_STYLE ('',( #2625 ) ) ;
#2657 = ORIENTED_EDGE ( 'NONE', *, *, #1027, .T. ) ;
#2658 = LINE ( 'NONE', #976, #2832 ) ;
#2659 = FACE_OUTER_BOUND ( 'NONE', #3027, .T. ) ;
#2660 = CARTESIAN_POINT ( 'NONE',  ( 0.7174695751538135990, 0.3080817958270101187, 0.2599999999999999534 ) ) ;
#2661 = EDGE_CURVE ( 'NONE', #4147, #2963, #3539, .T. ) ;
#2662 = PRESENTATION_LAYER_ASSIGNMENT (  '', '', ( #5083 ) ) ;
#2663 = CARTESIAN_POINT ( 'NONE',  ( 0.7174695751538135990, -0.08025157153844877933, 0.2599999999999999534 ) ) ;
#2664 = CARTESIAN_POINT ( 'NONE',  ( -0.8579650736781121445, -0.2234521286737552181, 0.2599999999999999534 ) ) ;
#2665 = MECHANICAL_DESIGN_GEOMETRIC_PRESENTATION_REPRESENTATION (  '', ( #5357 ), #1764 ) ;
#2666 = ORIENTED_EDGE ( 'NONE', *, *, #1160, .T. ) ;
#2667 = CARTESIAN_POINT ( 'NONE',  ( -1.100000000000000533, 0.9000000000000000222, 7.680894765701995475E-15 ) ) ;
#2668 = FACE_OUTER_BOUND ( 'NONE', #4264, .T. ) ;
#2669 = VECTOR ( 'NONE', #1618, 1000.000000000000000 ) ;
#2670 = ORIENTED_EDGE ( 'NONE', *, *, #3636, .T. ) ;
#2671 = ORIENTED_EDGE ( 'NONE', *, *, #175, .F. ) ;
#2672 = COLOUR_RGB ( '',1.000000000000000000, 1.000000000000000000, 1.000000000000000000 ) ;
#2673 = CARTESIAN_POINT ( 'NONE',  ( -0.5388595371840243509, 0.8637862597461452019, 0.2799999999999999711 ) ) ;
#2674 = LINE ( 'NONE', #2270, #4716 ) ;
#2675 = DIRECTION ( 'NONE',  ( -6.982962677686265922E-15, 0.0000000000000000000, -1.000000000000000000 ) ) ;
#2676 =( LENGTH_UNIT ( ) NAMED_UNIT ( * ) SI_UNIT ( .MILLI., .METRE. ) );
#2677 = DIRECTION ( 'NONE',  ( -1.000000000000000000, -0.0000000000000000000, -0.0000000000000000000 ) ) ;
#2678 = CARTESIAN_POINT ( 'NONE',  ( -0.7249999999999999778, 1.000000000000000000, 0.2599999999999999534 ) ) ;
#2679 = PRODUCT ( '947B07BE-F626-4CCE-9D9E-1E8F3A4AFE6D', '947B07BE-F626-4CCE-9D9E-1E8F3A4AFE6D', '', ( #3936 ) ) ;
#2680 = UNCERTAINTY_MEASURE_WITH_UNIT (LENGTH_MEASURE( 1.000000000000000082E-05 ), #5263, 'distance_accuracy_value', 'NONE');
#2681 = PRESENTATION_STYLE_ASSIGNMENT (( #1411 ) ) ;
#2682 =( LENGTH_UNIT ( ) NAMED_UNIT ( * ) SI_UNIT ( .MILLI., .METRE. ) );
#2683 = CARTESIAN_POINT ( 'NONE',  ( -1.099999999999998090, -0.4999999999999997780, 0.2799999999999999711 ) ) ;
#2684 = CARTESIAN_POINT ( 'NONE',  ( -0.4135483952989442713, -0.3593805362314128615, 0.2810000000000000275 ) ) ;
#2685 = ORIENTED_EDGE ( 'NONE', *, *, #536, .T. ) ;
#2686 = FILL_AREA_STYLE_COLOUR ( '', #1198 ) ;
#2687 = PLANE ( 'NONE',  #2420 ) ;
#2688 = FILL_AREA_STYLE ('',( #3468 ) ) ;
#2689 = UNCERTAINTY_MEASURE_WITH_UNIT (LENGTH_MEASURE( 1.000000000000000082E-05 ), #2814, 'distance_accuracy_value', 'NONE');
#2690 = LINE ( 'NONE', #4390, #82 ) ;
#2691 = ADVANCED_FACE ( 'NONE', ( #1408 ), #886, .T. ) ;
#2692 = CARTESIAN_POINT ( 'NONE',  ( 0.3648896556285308734, -1.000000000000000000, -2.547875105340935420E-15 ) ) ;
#2693 = PLANE ( 'NONE',  #184 ) ;
#2694 = VERTEX_POINT ( 'NONE', #458 ) ;
#2695 = CARTESIAN_POINT ( 'NONE',  ( -0.5393126090526830785, -0.6654789993909573376, 0.2799999999999999711 ) ) ;
#2696 = EDGE_CURVE ( 'NONE', #2780, #4012, #2096, .T. ) ;
#2697 = ORIENTED_EDGE ( 'NONE', *, *, #2932, .F. ) ;
#2698 = STYLED_ITEM ( 'NONE', ( #1970 ), #155 ) ;
#2699 =( NAMED_UNIT ( * ) PLANE_ANGLE_UNIT ( ) SI_UNIT ( $, .RADIAN. ) );
#2700 = ORIENTED_EDGE ( 'NONE', *, *, #4055, .T. ) ;
#2701 = ORIENTED_EDGE ( 'NONE', *, *, #3837, .F. ) ;
#2702 = CARTESIAN_POINT ( 'NONE',  ( -0.6035437629006772386, 0.4569292977732090089, 0.2599999999999999534 ) ) ;
#2703 = LINE ( 'NONE', #1804, #5485 ) ;
#2704 = CARTESIAN_POINT ( 'NONE',  ( 0.3432670707574931868, -0.3593805362314128615, 0.2810000000000000275 ) ) ;
#2705 =( NAMED_UNIT ( * ) SI_UNIT ( $, .STERADIAN. ) SOLID_ANGLE_UNIT ( ) );
#2706 = DIRECTION ( 'NONE',  ( 0.0000000000000000000, 0.0000000000000000000, 1.000000000000000000 ) ) ;
#2707 =( GEOMETRIC_REPRESENTATION_CONTEXT ( 3 ) GLOBAL_UNCERTAINTY_ASSIGNED_CONTEXT ( ( #5400 ) ) GLOBAL_UNIT_ASSIGNED_CONTEXT ( ( #869, #1186, #3160 ) ) REPRESENTATION_CONTEXT ( 'NONE', 'WORKASPACE' ) );
#2708 = CARTESIAN_POINT ( 'NONE',  ( 1.100000000000002087, 0.4999999999999997780, 0.2599999999999922928 ) ) ;
#2709 = SURFACE_STYLE_USAGE ( .BOTH. , #2656 ) ;
#2710 = ORIENTED_EDGE ( 'NONE', *, *, #494, .T. ) ;
#2711 = CIRCLE ( 'NONE', #3961, 0.2500000000000000000 ) ;
#2712 = CARTESIAN_POINT ( 'NONE',  ( 1.100000000000002087, -0.5000000000000002220, 0.2599999999999999534 ) ) ;
#2713 = MECHANICAL_DESIGN_GEOMETRIC_PRESENTATION_REPRESENTATION (  '', ( #343 ), #1356 ) ;
#2714 = SURFACE_SIDE_STYLE ('',( #894 ) ) ;
#2715 = PRESENTATION_LAYER_ASSIGNMENT (  '', '', ( #5143 ) ) ;
#2716 = DIRECTION ( 'NONE',  ( 1.000000000000000000, 0.0000000000000000000, 0.0000000000000000000 ) ) ;
#2717 = CARTESIAN_POINT ( 'NONE',  ( 0.7249999999999999778, -1.000000000000000000, 0.2599999999999999534 ) ) ;
#2718 = LINE ( 'NONE', #4421, #1430 ) ;
#2719 = CARTESIAN_POINT ( 'NONE',  ( 1.100000000000002087, -0.1385744931852173067, 0.2799999999999999711 ) ) ;
#2720 = ORIENTED_EDGE ( 'NONE', *, *, #2583, .T. ) ;
#2721 = STYLED_ITEM ( 'NONE', ( #823 ), #5101 ) ;
#2722 = SURFACE_STYLE_USAGE ( .BOTH. , #4849 ) ;
#2723 =( GEOMETRIC_REPRESENTATION_CONTEXT ( 3 ) GLOBAL_UNCERTAINTY_ASSIGNED_CONTEXT ( ( #814 ) ) GLOBAL_UNIT_ASSIGNED_CONTEXT ( ( #770, #5116, #1291 ) ) REPRESENTATION_CONTEXT ( 'NONE', 'WORKASPACE' ) );
#2724 = AXIS2_PLACEMENT_3D ( 'NONE', #1479, #235, #611 ) ;
#2725 = MECHANICAL_DESIGN_GEOMETRIC_PRESENTATION_REPRESENTATION (  '', ( #4512 ), #905 ) ;
#2726 = CARTESIAN_POINT ( 'NONE',  ( -0.4343137556297431701, 0.4509946331943126552, 0.2810000000000000275 ) ) ;
#2727 = ORIENTED_EDGE ( 'NONE', *, *, #1729, .T. ) ;
#2728 = EDGE_LOOP ( 'NONE', ( #3852, #301, #328, #787 ) ) ;
#2729 = FACE_OUTER_BOUND ( 'NONE', #3977, .T. ) ;
#2730 =( GEOMETRIC_REPRESENTATION_CONTEXT ( 3 ) GLOBAL_UNCERTAINTY_ASSIGNED_CONTEXT ( ( #1386 ) ) GLOBAL_UNIT_ASSIGNED_CONTEXT ( ( #436, #1305, #1783 ) ) REPRESENTATION_CONTEXT ( 'NONE', 'WORKASPACE' ) );
#2731 = ADVANCED_FACE ( 'NONE', ( #107 ), #50, .F. ) ;
#2732 = VECTOR ( 'NONE', #2949, 1000.000000000000000 ) ;
#2733 = EDGE_CURVE ( 'NONE', #1591, #1571, #4354, .T. ) ;
#2734 = CARTESIAN_POINT ( 'NONE',  ( -0.9174636228121989534, -0.1880563063957278735, 0.2799999999999999711 ) ) ;
#2735 =( LENGTH_UNIT ( ) NAMED_UNIT ( * ) SI_UNIT ( .MILLI., .METRE. ) );
#2736 = PRESENTATION_STYLE_ASSIGNMENT (( #1963 ) ) ;
#2737 = SURFACE_STYLE_USAGE ( .BOTH. , #1007 ) ;
#2738 =( GEOMETRIC_REPRESENTATION_CONTEXT ( 3 ) GLOBAL_UNCERTAINTY_ASSIGNED_CONTEXT ( ( #2341 ) ) GLOBAL_UNIT_ASSIGNED_CONTEXT ( ( #228, #1557, #1603 ) ) REPRESENTATION_CONTEXT ( 'NONE', 'WORKASPACE' ) );
#2739 = LINE ( 'NONE', #3102, #172 ) ;
#2740 = VERTEX_POINT ( 'NONE', #132 ) ;
#2741 = MECHANICAL_DESIGN_GEOMETRIC_PRESENTATION_REPRESENTATION (  '', ( #560 ), #5341 ) ;
#2742 =( LENGTH_UNIT ( ) NAMED_UNIT ( * ) SI_UNIT ( .MILLI., .METRE. ) );
#2743 = DIRECTION ( 'NONE',  ( 6.982962677686266711E-15, -0.0000000000000000000, 1.000000000000000000 ) ) ;
#2744 = AXIS2_PLACEMENT_3D ( 'NONE', #4723, #309, #1229 ) ;
#2745 = CARTESIAN_POINT ( 'NONE',  ( 0.6809088744240132662, 0.5569292977732096528, 0.2599999999999999534 ) ) ;
#2746 = FILL_AREA_STYLE_COLOUR ( '', #2599 ) ;
#2747 = ORIENTED_EDGE ( 'NONE', *, *, #4608, .T. ) ;
#2748 =( LENGTH_UNIT ( ) NAMED_UNIT ( * ) SI_UNIT ( .MILLI., .METRE. ) );
#2749 = COLOUR_RGB ( '',0.0000000000000000000, 0.0000000000000000000, 0.0000000000000000000 ) ;
#2750 = DIRECTION ( 'NONE',  ( -0.0000000000000000000, -0.0000000000000000000, -1.000000000000000000 ) ) ;
#2751 = ORIENTED_EDGE ( 'NONE', *, *, #4296, .T. ) ;
#2752 = ORIENTED_EDGE ( 'NONE', *, *, #5050, .T. ) ;
#2753 = CARTESIAN_POINT ( 'NONE',  ( -0.8737021536631368601, 0.8225389107019435153, 0.2799999999999999711 ) ) ;
#2754 = CARTESIAN_POINT ( 'NONE',  ( -0.4000000000000001332, -0.1999999999999998446, 2.791820594150173918E-15 ) ) ;
#2755 = MECHANICAL_DESIGN_GEOMETRIC_PRESENTATION_REPRESENTATION (  '', ( #4452 ), #1038 ) ;
#2756 = CARTESIAN_POINT ( 'NONE',  ( 1.100000000000002087, -0.5000000000000002220, 0.2799999999999999711 ) ) ;
#2757 = EDGE_CURVE ( 'NONE', #551, #1248, #194, .T. ) ;
#2758 = STYLED_ITEM ( 'NONE', ( #3109 ), #4568 ) ;
#2759 = EDGE_CURVE ( 'NONE', #4205, #381, #5402, .T. ) ;
#2760 = SURFACE_STYLE_FILL_AREA ( #2848 ) ;
#2761 = LINE ( 'NONE', #595, #2976 ) ;
#2762 = DIRECTION ( 'NONE',  ( -0.0000000000000000000, -0.0000000000000000000, -1.000000000000000000 ) ) ;
#2763 =( LENGTH_UNIT ( ) NAMED_UNIT ( * ) SI_UNIT ( .MILLI., .METRE. ) );
#2764 = EDGE_CURVE ( 'NONE', #4965, #4801, #4492, .T. ) ;
#2765 = FACE_OUTER_BOUND ( 'NONE', #4970, .T. ) ;
#2766 = SURFACE_SIDE_STYLE ('',( #3191 ) ) ;
#2767 = DIRECTION ( 'NONE',  ( 1.000000000000000000, 0.0000000000000000000, 0.0000000000000000000 ) ) ;
#2768 = CARTESIAN_POINT ( 'NONE',  ( -0.4343137556297431701, 0.4509946331943126552, 0.2810000000000000275 ) ) ;
#2769 = ORIENTED_EDGE ( 'NONE', *, *, #1237, .T. ) ;
#2770 = CARTESIAN_POINT ( 'NONE',  ( 0.2532275857927164253, -0.3593805362314128615, 0.2810000000000000275 ) ) ;
#2771 = FILL_AREA_STYLE ('',( #495 ) ) ;
#2772 =( NAMED_UNIT ( * ) PLANE_ANGLE_UNIT ( ) SI_UNIT ( $, .RADIAN. ) );
#2773 = EDGE_LOOP ( 'NONE', ( #2087, #4737, #318, #3578 ) ) ;
#2774 = ORIENTED_EDGE ( 'NONE', *, *, #4844, .F. ) ;
#2775 = EDGE_LOOP ( 'NONE', ( #5528, #448, #503, #4926 ) ) ;
#2776 = EDGE_LOOP ( 'NONE', ( #3721, #1157, #3557, #5259, #2265, #2602, #3317, #2806, #5223, #1528, #1104, #2102, #40, #2502, #5583, #1440, #2295 ) ) ;
#2777 = VECTOR ( 'NONE', #3525, 1000.000000000000000 ) ;
#2778 = VERTEX_POINT ( 'NONE', #249 ) ;
#2779 = SURFACE_SIDE_STYLE ('',( #700 ) ) ;
#2780 = VERTEX_POINT ( 'NONE', #1942 ) ;
#2781 = CARTESIAN_POINT ( 'NONE',  ( -0.6634567500555484942, -0.2265013340820382082, 0.2599999999999999534 ) ) ;
#2782 = DIRECTION ( 'NONE',  ( -1.000000000000000000, 0.0000000000000000000, 0.0000000000000000000 ) ) ;
#2783 = FILL_AREA_STYLE_COLOUR ( '', #5229 ) ;
#2784 =( GEOMETRIC_REPRESENTATION_CONTEXT ( 3 ) GLOBAL_UNCERTAINTY_ASSIGNED_CONTEXT ( ( #4046 ) ) GLOBAL_UNIT_ASSIGNED_CONTEXT ( ( #4559, #1040, #2359 ) ) REPRESENTATION_CONTEXT ( 'NONE', 'WORKASPACE' ) );
#2785 = SURFACE_SIDE_STYLE ('',( #1964 ) ) ;
#2786 = EDGE_CURVE ( 'NONE', #2305, #443, #1775, .T. ) ;
#2787 = B_SPLINE_CURVE_WITH_KNOTS ( 'NONE', 3,
 ( #1563, #3245, #607, #174, #1925, #4032 ),
 .UNSPECIFIED., .F., .F.,
 ( 4, 1, 1, 4 ),
 ( 0.0000000000000000000, 0.3358544910758269886, 0.5565088627750724992, 1.000000000000000000 ),
 .UNSPECIFIED. ) ;
#2788 = EDGE_CURVE ( 'NONE', #2577, #5070, #3642, .T. ) ;
#2789 = CARTESIAN_POINT ( 'NONE',  ( 0.3999999999999999667, -0.9000000000000003553, 0.01999999999999720751 ) ) ;
#2790 =( NAMED_UNIT ( * ) SI_UNIT ( $, .STERADIAN. ) SOLID_ANGLE_UNIT ( ) );
#2791 = ORIENTED_EDGE ( 'NONE', *, *, #3232, .T. ) ;
#2792 = SURFACE_STYLE_FILL_AREA ( #2329 ) ;
#2793 = STYLED_ITEM ( 'NONE', ( #4363 ), #1031 ) ;
#2794 = EDGE_CURVE ( 'NONE', #443, #349, #1030, .T. ) ;
#2795 = ADVANCED_FACE ( 'NONE', ( #5534 ), #4894, .T. ) ;
#2796 = STYLED_ITEM ( 'NONE', ( #2365 ), #1730 ) ;
#2797 = VECTOR ( 'NONE', #5125, 1000.000000000000000 ) ;
#2798 =( LENGTH_UNIT ( ) NAMED_UNIT ( * ) SI_UNIT ( .MILLI., .METRE. ) );
#2799 = FILL_AREA_STYLE ('',( #3197 ) ) ;
#2800 = ORIENTED_EDGE ( 'NONE', *, *, #2054, .F. ) ;
#2801 = DIRECTION ( 'NONE',  ( 0.0000000000000000000, -0.0000000000000000000, 1.000000000000000000 ) ) ;
#2802 = VECTOR ( 'NONE', #4833, 1000.000000000000000 ) ;
#2803 =( GEOMETRIC_REPRESENTATION_CONTEXT ( 3 ) GLOBAL_UNCERTAINTY_ASSIGNED_CONTEXT ( ( #1682 ) ) GLOBAL_UNIT_ASSIGNED_CONTEXT ( ( #2763, #3702, #1945 ) ) REPRESENTATION_CONTEXT ( 'NONE', 'WORKASPACE' ) );
#2804 = ORIENTED_EDGE ( 'NONE', *, *, #3239, .F. ) ;
#2805 = CARTESIAN_POINT ( 'NONE',  ( -0.4000000000000004663, -0.8999999999999998002, 2.791820594150173918E-15 ) ) ;
#2806 = ORIENTED_EDGE ( 'NONE', *, *, #1561, .T. ) ;
#2807 = PRESENTATION_LAYER_ASSIGNMENT (  '', '', ( #5234 ) ) ;
#2808 = STYLED_ITEM ( 'NONE', ( #4156 ), #2052 ) ;
#2809 = AXIS2_PLACEMENT_3D ( 'NONE', #3742, #5138, #2481 ) ;
#2810 = ORIENTED_EDGE ( 'NONE', *, *, #641, .F. ) ;
#2811 = CARTESIAN_POINT ( 'NONE',  ( -1.099999999999998979, 0.0000000000000000000, 0.2799999999999999711 ) ) ;
#2812 = VECTOR ( 'NONE', #1536, 1000.000000000000000 ) ;
#2813 = VERTEX_POINT ( 'NONE', #682 ) ;
#2814 =( LENGTH_UNIT ( ) NAMED_UNIT ( * ) SI_UNIT ( .MILLI., .METRE. ) );
#2815 = DIRECTION ( 'NONE',  ( 1.000000000000000000, 1.734723475976807094E-15, -6.982962677686265922E-15 ) ) ;
#2816 = COLOUR_RGB ( '',0.8509803921568627194, 0.8509803921568627194, 0.8509803921568627194 ) ;
#2817 = DIRECTION ( 'NONE',  ( 0.0000000000000000000, -1.000000000000000000, 0.0000000000000000000 ) ) ;
#2818 = DIRECTION ( 'NONE',  ( -1.734723475976807094E-15, 1.000000000000000000, 0.0000000000000000000 ) ) ;
#2819 = FACE_OUTER_BOUND ( 'NONE', #4367, .T. ) ;
#2820 = FILL_AREA_STYLE_COLOUR ( '', #3816 ) ;
#2821 =( GEOMETRIC_REPRESENTATION_CONTEXT ( 3 ) GLOBAL_UNCERTAINTY_ASSIGNED_CONTEXT ( ( #4811 ) ) GLOBAL_UNIT_ASSIGNED_CONTEXT ( ( #914, #567, #4860 ) ) REPRESENTATION_CONTEXT ( 'NONE', 'WORKASPACE' ) );
#2822 = VECTOR ( 'NONE', #3166, 1000.000000000000000 ) ;
#2823 = FILL_AREA_STYLE_COLOUR ( '', #1986 ) ;
#2824 = SURFACE_STYLE_FILL_AREA ( #201 ) ;
#2825 = ORIENTED_EDGE ( 'NONE', *, *, #319, .F. ) ;
#2826 = EDGE_CURVE ( 'NONE', #5226, #1478, #1491, .T. ) ;
#2827 = SURFACE_SIDE_STYLE ('',( #633 ) ) ;
#2828 = CARTESIAN_POINT ( 'NONE',  ( 0.7858601251859659298, -0.1372050520392875117, 0.2599999999999999534 ) ) ;
#2829 = VERTEX_POINT ( 'NONE', #5436 ) ;
#2830 = AXIS2_PLACEMENT_3D ( 'NONE', #5596, #2492, #1748 ) ;
#2831 = SURFACE_STYLE_USAGE ( .BOTH. , #4621 ) ;
#2832 = VECTOR ( 'NONE', #4008, 1000.000000000000000 ) ;
#2833 = VECTOR ( 'NONE', #4406, 1000.000000000000000 ) ;
#2834 = CARTESIAN_POINT ( 'NONE',  ( -1.099999999999998979, 0.2499999999999997780, 0.2600000000000076694 ) ) ;
#2835 = CARTESIAN_POINT ( 'NONE',  ( -0.6035437629006772386, 0.04290495023076341258, 0.2799999999999999711 ) ) ;
#2836 = EDGE_CURVE ( 'NONE', #2471, #5020, #1650, .T. ) ;
#2837 = ORIENTED_EDGE ( 'NONE', *, *, #1687, .F. ) ;
#2838 = VECTOR ( 'NONE', #910, 1000.000000000000000 ) ;
#2839 = ORIENTED_EDGE ( 'NONE', *, *, #3207, .F. ) ;
#2840 = EDGE_LOOP ( 'NONE', ( #18, #376, #4905, #2423, #4534, #5075 ) ) ;
#2841 =( GEOMETRIC_REPRESENTATION_CONTEXT ( 3 ) GLOBAL_UNCERTAINTY_ASSIGNED_CONTEXT ( ( #3242 ) ) GLOBAL_UNIT_ASSIGNED_CONTEXT ( ( #2547, #4267, #415 ) ) REPRESENTATION_CONTEXT ( 'NONE', 'WORKASPACE' ) );
#2842 = ORIENTED_EDGE ( 'NONE', *, *, #1197, .T. ) ;
#2843 = CARTESIAN_POINT ( 'NONE',  ( -0.5740798441076682135, -0.6849774522544942457, 0.2799999999999999711 ) ) ;
#2844 = FILL_AREA_STYLE_COLOUR ( '', #379 ) ;
#2845 =( GEOMETRIC_REPRESENTATION_CONTEXT ( 3 ) GLOBAL_UNCERTAINTY_ASSIGNED_CONTEXT ( ( #2959 ) ) GLOBAL_UNIT_ASSIGNED_CONTEXT ( ( #5037, #1636, #259 ) ) REPRESENTATION_CONTEXT ( 'NONE', 'WORKASPACE' ) );
#2846 = EDGE_LOOP ( 'NONE', ( #1403, #3763, #3142, #5275 ) ) ;
#2847 = CARTESIAN_POINT ( 'NONE',  ( 1.100000000000002087, -0.2500000000000002220, 0.2599999999999922928 ) ) ;
#2848 = FILL_AREA_STYLE ('',( #5373 ) ) ;
#2849 = SURFACE_SIDE_STYLE ('',( #2352 ) ) ;
#2850 = CARTESIAN_POINT ( 'NONE',  ( -0.6957328749551370262, 0.6914393411476200679, 0.2599999999999999534 ) ) ;
#2851 = DIRECTION ( 'NONE',  ( 0.0000000000000000000, 1.000000000000000000, 0.0000000000000000000 ) ) ;
#2852 = MECHANICAL_DESIGN_GEOMETRIC_PRESENTATION_REPRESENTATION (  '', ( #1219 ), #3550 ) ;
#2853 =( NAMED_UNIT ( * ) SI_UNIT ( $, .STERADIAN. ) SOLID_ANGLE_UNIT ( ) );
#2854 = SURFACE_SIDE_STYLE ('',( #1471 ) ) ;
#2855 = ORIENTED_EDGE ( 'NONE', *, *, #4290, .F. ) ;
#2856 = UNCERTAINTY_MEASURE_WITH_UNIT (LENGTH_MEASURE( 1.000000000000000082E-05 ), #3010, 'distance_accuracy_value', 'NONE');
#2857 = SURFACE_STYLE_USAGE ( .BOTH. , #3295 ) ;
#2858 = FILL_AREA_STYLE_COLOUR ( '', #5580 ) ;
#2859 = FILL_AREA_STYLE_COLOUR ( '', #1938 ) ;
#2860 = SURFACE_SIDE_STYLE ('',( #1889 ) ) ;
#2861 = VERTEX_POINT ( 'NONE', #2781 ) ;
#2862 = PRESENTATION_STYLE_ASSIGNMENT (( #4567 ) ) ;
#2863 = EDGE_CURVE ( 'NONE', #1973, #1632, #2357, .T. ) ;
#2864 = FILL_AREA_STYLE ('',( #1538 ) ) ;
#2865 = ORIENTED_EDGE ( 'NONE', *, *, #1129, .T. ) ;
#2866 = DIRECTION ( 'NONE',  ( 6.982962677686266711E-15, -0.0000000000000000000, 1.000000000000000000 ) ) ;
#2867 = EDGE_CURVE ( 'NONE', #4746, #168, #788, .T. ) ;
#2868 = ORIENTED_EDGE ( 'NONE', *, *, #3207, .T. ) ;
#2869 =( NAMED_UNIT ( * ) PLANE_ANGLE_UNIT ( ) SI_UNIT ( $, .RADIAN. ) );
#2870 = DIRECTION ( 'NONE',  ( -0.0000000000000000000, 0.0000000000000000000, 1.000000000000000000 ) ) ;
#2871 = SURFACE_STYLE_USAGE ( .BOTH. , #1575 ) ;
#2872 = SURFACE_STYLE_FILL_AREA ( #4132 ) ;
#2873 = DIRECTION ( 'NONE',  ( -0.0000000000000000000, -0.0000000000000000000, -1.000000000000000000 ) ) ;
#2874 = ORIENTED_EDGE ( 'NONE', *, *, #5272, .F. ) ;
#2875 = CARTESIAN_POINT ( 'NONE',  ( -1.099999999999998979, 0.1362137402538543540, 0.2799999999999999711 ) ) ;
#2876 = LINE ( 'NONE', #5445, #1401 ) ;
#2877 =( LENGTH_UNIT ( ) NAMED_UNIT ( * ) SI_UNIT ( .MILLI., .METRE. ) );
#2878 =( NAMED_UNIT ( * ) PLANE_ANGLE_UNIT ( ) SI_UNIT ( $, .RADIAN. ) );
#2879 = DIRECTION ( 'NONE',  ( -1.000000000000000000, 0.0000000000000000000, 0.0000000000000000000 ) ) ;
#2880 = VECTOR ( 'NONE', #4713, 1000.000000000000000 ) ;
#2881 = EDGE_LOOP ( 'NONE', ( #4054, #2488, #3751, #685 ) ) ;
#2882 = PLANE ( 'NONE',  #1382 ) ;
#2883 = FILL_AREA_STYLE ('',( #4683 ) ) ;
#2884 = VERTEX_POINT ( 'NONE', #1704 ) ;
#2885 = CARTESIAN_POINT ( 'NONE',  ( -1.100000000000001643, 3.816391647148981130E-15, 0.2599999999999999534 ) ) ;
#2886 = EDGE_LOOP ( 'NONE', ( #234, #983, #3991, #3350 ) ) ;
#2887 = PRESENTATION_STYLE_ASSIGNMENT (( #1156 ) ) ;
#2888 = VERTEX_POINT ( 'NONE', #1363 ) ;
#2889 = EDGE_CURVE ( 'NONE', #1934, #149, #2171, .T. ) ;
#2890 = CARTESIAN_POINT ( 'NONE',  ( 0.5359203924145662379, 0.0000000000000000000, 0.2599999999999999534 ) ) ;
#2891 =( GEOMETRIC_REPRESENTATION_CONTEXT ( 3 ) GLOBAL_UNCERTAINTY_ASSIGNED_CONTEXT ( ( #768 ) ) GLOBAL_UNIT_ASSIGNED_CONTEXT ( ( #1412, #1325, #2216 ) ) REPRESENTATION_CONTEXT ( 'NONE', 'WORKASPACE' ) );
#2892 = VECTOR ( 'NONE', #5243, 1000.000000000000000 ) ;
#2893 = VECTOR ( 'NONE', #1669, 1000.000000000000000 ) ;
#2894 = ORIENTED_EDGE ( 'NONE', *, *, #5299, .T. ) ;
#2895 = AXIS2_PLACEMENT_3D ( 'NONE', #1169, #5029, #3400 ) ;
#2896 = ADVANCED_FACE ( 'NONE', ( #4342 ), #1765, .T. ) ;
#2897 = EDGE_CURVE ( 'NONE', #182, #2062, #5140, .T. ) ;
#2898 = SURFACE_STYLE_FILL_AREA ( #1521 ) ;
#2899 = CARTESIAN_POINT ( 'NONE',  ( 1.100000000000000311, -0.9000000000000003553, 0.01999999999999231906 ) ) ;
#2900 = SURFACE_STYLE_USAGE ( .BOTH. , #2785 ) ;
#2901 = AXIS2_PLACEMENT_3D ( 'NONE', #5146, #3007, #3901 ) ;
#2902 = STYLED_ITEM ( 'NONE', ( #5015 ), #5330 ) ;
#2903 = DIRECTION ( 'NONE',  ( -0.0000000000000000000, -0.0000000000000000000, -1.000000000000000000 ) ) ;
#2904 = ORIENTED_EDGE ( 'NONE', *, *, #1480, .T. ) ;
#2905 = UNCERTAINTY_MEASURE_WITH_UNIT (LENGTH_MEASURE( 1.000000000000000082E-05 ), #2735, 'distance_accuracy_value', 'NONE');
#2906 = DIRECTION ( 'NONE',  ( -0.0000000000000000000, -0.0000000000000000000, -1.000000000000000000 ) ) ;
#2907 = CARTESIAN_POINT ( 'NONE',  ( 0.8500000000000019762, 0.4999999999999997780, 0.2599999999999999534 ) ) ;
#2908 = ORIENTED_EDGE ( 'NONE', *, *, #105, .T. ) ;
#2909 =( NAMED_UNIT ( * ) SI_UNIT ( $, .STERADIAN. ) SOLID_ANGLE_UNIT ( ) );
#2910 = STYLED_ITEM ( 'NONE', ( #4193 ), #5544 ) ;
#2911 = MECHANICAL_DESIGN_GEOMETRIC_PRESENTATION_REPRESENTATION (  '', ( #5325 ), #5253 ) ;
#2912 = AXIS2_PLACEMENT_3D ( 'NONE', #596, #970, #4810 ) ;
#2913 = CARTESIAN_POINT ( 'NONE',  ( 1.100000000000002087, -0.5000000000000002220, 0.2599999999999999534 ) ) ;
#2914 =( LENGTH_UNIT ( ) NAMED_UNIT ( * ) SI_UNIT ( .MILLI., .METRE. ) );
#2915 = DIRECTION ( 'NONE',  ( 1.000000000000000000, 1.788196464443831756E-15, 0.0000000000000000000 ) ) ;
#2916 = VERTEX_POINT ( 'NONE', #2635 ) ;
#2917 =( GEOMETRIC_REPRESENTATION_CONTEXT ( 3 ) GLOBAL_UNCERTAINTY_ASSIGNED_CONTEXT ( ( #1784 ) ) GLOBAL_UNIT_ASSIGNED_CONTEXT ( ( #4453, #5327, #1588 ) ) REPRESENTATION_CONTEXT ( 'NONE', 'WORKASPACE' ) );
#2918 =( GEOMETRIC_REPRESENTATION_CONTEXT ( 3 ) GLOBAL_UNCERTAINTY_ASSIGNED_CONTEXT ( ( #5151 ) ) GLOBAL_UNIT_ASSIGNED_CONTEXT ( ( #2193, #33, #3828 ) ) REPRESENTATION_CONTEXT ( 'NONE', 'WORKASPACE' ) );
#2919 = DIRECTION ( 'NONE',  ( 0.0000000000000000000, -0.0000000000000000000, -1.000000000000000000 ) ) ;
#2920 = ORIENTED_EDGE ( 'NONE', *, *, #3667, .T. ) ;
#2921 = FILL_AREA_STYLE ('',( #4466 ) ) ;
#2922 = VERTEX_POINT ( 'NONE', #4310 ) ;
#2923 = SURFACE_STYLE_USAGE ( .BOTH. , #2088 ) ;
#2924 = VECTOR ( 'NONE', #4812, 1000.000000000000000 ) ;
#2925 = DIRECTION ( 'NONE',  ( -0.0000000000000000000, 0.0000000000000000000, 1.000000000000000000 ) ) ;
#2926 = AXIS2_PLACEMENT_3D ( 'NONE', #395, #3835, #5594 ) ;
#2927 = VERTEX_POINT ( 'NONE', #873 ) ;
#2928 = FACE_OUTER_BOUND ( 'NONE', #5281, .T. ) ;
#2929 = FACE_OUTER_BOUND ( 'NONE', #3897, .T. ) ;
#2930 = VECTOR ( 'NONE', #3858, 1000.000000000000000 ) ;
#2931 = AXIS2_PLACEMENT_3D ( 'NONE', #1212, #4535, #1097 ) ;
#2932 = EDGE_CURVE ( 'NONE', #1472, #2342, #4444, .T. ) ;
#2933 = B_SPLINE_CURVE_WITH_KNOTS ( 'NONE', 2,
 ( #5501, #213, #327 ),
 .UNSPECIFIED., .F., .F.,
 ( 3, 3 ),
 ( 0.0000000000000000000, 1.000000000000000000 ),
 .UNSPECIFIED. ) ;
#2934 = ADVANCED_FACE ( 'NONE', ( #441 ), #2113, .T. ) ;
#2935 = LINE ( 'NONE', #1714, #826 ) ;
#2936 = CARTESIAN_POINT ( 'NONE',  ( -1.099999999999998090, 1.000000000000000000, 0.2600000000000076694 ) ) ;
#2937 = DIRECTION ( 'NONE',  ( -0.0000000000000000000, -0.0000000000000000000, -1.000000000000000000 ) ) ;
#2938 = LINE ( 'NONE', #803, #2063 ) ;
#2939 = VECTOR ( 'NONE', #1021, 1000.000000000000000 ) ;
#2940 = CARTESIAN_POINT ( 'NONE',  ( -0.7249999999999999778, -1.000000000000000000, 0.8400000000000000799 ) ) ;
#2941 = CARTESIAN_POINT ( 'NONE',  ( 1.100000000000002087, 0.4999999999999997780, 0.2599999999999922928 ) ) ;
#2942 = VERTEX_POINT ( 'NONE', #3226 ) ;
#2943 =( GEOMETRIC_REPRESENTATION_CONTEXT ( 3 ) GLOBAL_UNCERTAINTY_ASSIGNED_CONTEXT ( ( #801 ) ) GLOBAL_UNIT_ASSIGNED_CONTEXT ( ( #980, #4823, #5280 ) ) REPRESENTATION_CONTEXT ( 'NONE', 'WORKASPACE' ) );
#2944 = DIRECTION ( 'NONE',  ( -0.0000000000000000000, -0.0000000000000000000, -1.000000000000000000 ) ) ;
#2945 = LINE ( 'NONE', #4654, #2146 ) ;
#2946 = FACE_OUTER_BOUND ( 'NONE', #3119, .T. ) ;
#2947 = DIRECTION ( 'NONE',  ( 6.982962677686268288E-15, -0.0000000000000000000, 1.000000000000000000 ) ) ;
#2948 = ORIENTED_EDGE ( 'NONE', *, *, #4649, .F. ) ;
#2949 = DIRECTION ( 'NONE',  ( -1.000000000000000000, 3.872150616019658341E-17, 6.983251342707903681E-15 ) ) ;
#2950 = FILL_AREA_STYLE ('',( #1224 ) ) ;
#2951 = LINE ( 'NONE', #1252, #845 ) ;
#2952 = DIRECTION ( 'NONE',  ( 6.982962677686268288E-15, -0.0000000000000000000, 1.000000000000000000 ) ) ;
#2953 = SURFACE_STYLE_FILL_AREA ( #4639 ) ;
#2954 =( NAMED_UNIT ( * ) PLANE_ANGLE_UNIT ( ) SI_UNIT ( $, .RADIAN. ) );
#2955 = FILL_AREA_STYLE_COLOUR ( '', #904 ) ;
#2956 = CARTESIAN_POINT ( 'NONE',  ( -0.6035437629006772386, 0.0000000000000000000, 0.2799999999999999711 ) ) ;
#2957 = DIRECTION ( 'NONE',  ( -1.000000000000000000, 0.0000000000000000000, 0.0000000000000000000 ) ) ;
#2958 = SURFACE_STYLE_FILL_AREA ( #2525 ) ;
#2959 = UNCERTAINTY_MEASURE_WITH_UNIT (LENGTH_MEASURE( 1.000000000000000082E-05 ), #5037, 'distance_accuracy_value', 'NONE');
#2960 = CARTESIAN_POINT ( 'NONE',  ( -1.071157378566040208, 0.8626410704386738848, 0.2599999999999999534 ) ) ;
#2961 = PLANE ( 'NONE',  #4859 ) ;
#2962 = CIRCLE ( 'NONE', #1605, 0.1000000000000000472 ) ;
#2963 = VERTEX_POINT ( 'NONE', #3573 ) ;
#2964 = EDGE_CURVE ( 'NONE', #4647, #3728, #1082, .T. ) ;
#2965 =( LENGTH_UNIT ( ) NAMED_UNIT ( * ) SI_UNIT ( .MILLI., .METRE. ) );
#2966 = STYLED_ITEM ( 'NONE', ( #1269 ), #218 ) ;
#2967 = DIRECTION ( 'NONE',  ( 1.734723475976807094E-15, -1.000000000000000000, -0.0000000000000000000 ) ) ;
#2968 = SURFACE_STYLE_USAGE ( .BOTH. , #1753 ) ;
#2969 = ORIENTED_EDGE ( 'NONE', *, *, #5135, .F. ) ;
#2970 = DIRECTION ( 'NONE',  ( 0.0000000000000000000, 0.0000000000000000000, -1.000000000000000000 ) ) ;
#2971 = DIRECTION ( 'NONE',  ( 1.000000000000000000, -3.097720492815727166E-16, -6.983251342707903681E-15 ) ) ;
#2972 = ADVANCED_FACE ( 'NONE', ( #181 ), #2369, .F. ) ;
#2973 = EDGE_CURVE ( 'NONE', #3632, #5497, #2289, .T. ) ;
#2974 = COLOUR_RGB ( '',0.0000000000000000000, 0.0000000000000000000, 0.0000000000000000000 ) ;
#2975 = DIRECTION ( 'NONE',  ( 6.983251342707903681E-15, -0.0000000000000000000, 1.000000000000000000 ) ) ;
#2976 = VECTOR ( 'NONE', #735, 1000.000000000000000 ) ;
#2977 = FACE_OUTER_BOUND ( 'NONE', #1781, .T. ) ;
#2978 = ORIENTED_EDGE ( 'NONE', *, *, #2786, .T. ) ;
#2979 = DIRECTION ( 'NONE',  ( -1.000000000000000000, 8.673617379884039416E-16, 0.0000000000000000000 ) ) ;
#2980 = PRESENTATION_STYLE_ASSIGNMENT (( #3006 ) ) ;
#2981 = UNCERTAINTY_MEASURE_WITH_UNIT (LENGTH_MEASURE( 1.000000000000000082E-05 ), #4160, 'distance_accuracy_value', 'NONE');
#2982 = CARTESIAN_POINT ( 'NONE',  ( -1.071157378566040208, 0.8626410704386738848, 0.2799999999999999711 ) ) ;
#2983 = MECHANICAL_DESIGN_GEOMETRIC_PRESENTATION_REPRESENTATION (  '', ( #253 ), #2620 ) ;
#2984 = DIRECTION ( 'NONE',  ( -1.000000000000000000, 0.0000000000000000000, 6.983251342707903681E-15 ) ) ;
#2985 = AXIS2_PLACEMENT_3D ( 'NONE', #2913, #754, #722 ) ;
#2986 = SURFACE_STYLE_USAGE ( .BOTH. , #282 ) ;
#2987 = AXIS2_PLACEMENT_3D ( 'NONE', #335, #771, #368 ) ;
#2988 = VECTOR ( 'NONE', #2550, 1000.000000000000000 ) ;
#2989 = CIRCLE ( 'NONE', #3691, 0.2500000000000000000 ) ;
#2990 = LINE ( 'NONE', #2071, #1032 ) ;
#2991 = PRESENTATION_LAYER_ASSIGNMENT (  '', '', ( #2902 ) ) ;
#2992 = PRESENTATION_LAYER_ASSIGNMENT (  '', '', ( #4512 ) ) ;
#2993 = ORIENTED_EDGE ( 'NONE', *, *, #3132, .F. ) ;
#2994 = FILL_AREA_STYLE ('',( #5217 ) ) ;
#2995 = DIRECTION ( 'NONE',  ( 1.000000000000000000, 1.626303258728255862E-15, 0.0000000000000000000 ) ) ;
#2996 = DIRECTION ( 'NONE',  ( 0.0000000000000000000, -0.0000000000000000000, -1.000000000000000000 ) ) ;
#2997 = COLOUR_RGB ( '',1.000000000000000000, 1.000000000000000000, 1.000000000000000000 ) ;
#2998 = MECHANICAL_DESIGN_GEOMETRIC_PRESENTATION_REPRESENTATION (  '', ( #5498 ), #3890 ) ;
#2999 = EDGE_CURVE ( 'NONE', #5558, #939, #1013, .T. ) ;
#3000 = COLOUR_RGB ( '',0.8509803921568627194, 0.8509803921568627194, 0.8509803921568627194 ) ;
#3001 = DIRECTION ( 'NONE',  ( -1.000000000000000000, 0.0000000000000000000, 0.0000000000000000000 ) ) ;
#3002 = ADVANCED_FACE ( 'NONE', ( #4879 ), #2693, .T. ) ;
#3003 = ORIENTED_EDGE ( 'NONE', *, *, #3502, .T. ) ;
#3004 = LINE ( 'NONE', #3361, #3765 ) ;
#3005 = LINE ( 'NONE', #850, #3786 ) ;
#3006 = SURFACE_STYLE_USAGE ( .BOTH. , #1285 ) ;
#3007 = DIRECTION ( 'NONE',  ( 6.983251342707903681E-15, -0.0000000000000000000, 1.000000000000000000 ) ) ;
#3008 = CIRCLE ( 'NONE', #742, 0.2500000000000000000 ) ;
#3009 = EDGE_LOOP ( 'NONE', ( #3139, #4370, #751, #2641 ) ) ;
#3010 =( LENGTH_UNIT ( ) NAMED_UNIT ( * ) SI_UNIT ( .MILLI., .METRE. ) );
#3011 = PRESENTATION_STYLE_ASSIGNMENT (( #5061 ) ) ;
#3012 = CARTESIAN_POINT ( 'NONE',  ( 0.6534767642029393198, -0.1570950497692372438, 0.2599999999999999534 ) ) ;
#3013 = STYLED_ITEM ( 'NONE', ( #2208 ), #3675 ) ;
#3014 = CARTESIAN_POINT ( 'NONE',  ( 0.05584305983497199477, -0.5316465652036583833, 0.2599999999999999534 ) ) ;
#3015 = PLANE ( 'NONE',  #456 ) ;
#3016 = CARTESIAN_POINT ( 'NONE',  ( -8.518154025199974705E-17, -0.2000000000000000111, 0.0000000000000000000 ) ) ;
#3017 = PRESENTATION_LAYER_ASSIGNMENT (  '', '', ( #4270 ) ) ;
#3018 = CYLINDRICAL_SURFACE ( 'NONE', #4878, 0.3614255068147824712 ) ;
#3019 =( NAMED_UNIT ( * ) PLANE_ANGLE_UNIT ( ) SI_UNIT ( $, .RADIAN. ) );
#3020 = LINE ( 'NONE', #3382, #5225 ) ;
#3021 = DIRECTION ( 'NONE',  ( -1.000000000000000000, 0.0000000000000000000, 0.0000000000000000000 ) ) ;
#3022 = AXIS2_PLACEMENT_3D ( 'NONE', #837, #3485, #4301 ) ;
#3023 = CARTESIAN_POINT ( 'NONE',  ( -1.100000000000000311, -0.8999999999999998002, 0.02000000000000768177 ) ) ;
#3024 = CARTESIAN_POINT ( 'NONE',  ( 1.100000000000002531, 0.1362137402538543540, 0.2599999999999999534 ) ) ;
#3025 = ORIENTED_EDGE ( 'NONE', *, *, #4650, .F. ) ;
#3026 = DIRECTION ( 'NONE',  ( 1.000000000000000000, -8.673617379884037444E-16, -6.982962677686265922E-15 ) ) ;
#3027 = EDGE_LOOP ( 'NONE', ( #5579, #2485, #4124, #5367, #4181, #4636, #4560, #4039, #1290, #2256, #3326, #5082 ) ) ;
#3028 = PRESENTATION_LAYER_ASSIGNMENT (  '', '', ( #298 ) ) ;
#3029 = VECTOR ( 'NONE', #4203, 1000.000000000000000 ) ;
#3030 = CARTESIAN_POINT ( 'NONE',  ( 0.2532275857927164253, -0.5316465652036583833, 0.2810000000000000275 ) ) ;
#3031 = EDGE_LOOP ( 'NONE', ( #3330, #792, #1370, #1242, #71, #4225, #532 ) ) ;
#3032 = SURFACE_SIDE_STYLE ('',( #1310 ) ) ;
#3033 = DIRECTION ( 'NONE',  ( -0.0000000000000000000, 0.0000000000000000000, 1.000000000000000000 ) ) ;
#3034 = FACE_OUTER_BOUND ( 'NONE', #2293, .T. ) ;
#3035 = EDGE_CURVE ( 'NONE', #5000, #1840, #3655, .T. ) ;
#3036 = EDGE_CURVE ( 'NONE', #2813, #3683, #4626, .T. ) ;
#3037 = ORIENTED_EDGE ( 'NONE', *, *, #4775, .T. ) ;
#3038 = FILL_AREA_STYLE ('',( #1743 ) ) ;
#3039 = ORIENTED_EDGE ( 'NONE', *, *, #2337, .F. ) ;
#3040 = LINE ( 'NONE', #4294, #4506 ) ;
#3041 = ADVANCED_FACE ( 'NONE', ( #1185 ), #668, .F. ) ;
#3042 = LINE ( 'NONE', #2186, #3535 ) ;
#3043 = CARTESIAN_POINT ( 'NONE',  ( 0.3124155170610076193, -0.05709504976923729380, 0.2799999999999999711 ) ) ;
#3044 = AXIS2_PLACEMENT_3D ( 'NONE', #4091, #4963, #3196 ) ;
#3045 = FILL_AREA_STYLE_COLOUR ( '', #239 ) ;
#3046 = ORIENTED_EDGE ( 'NONE', *, *, #672, .F. ) ;
#3047 = LINE ( 'NONE', #4362, #5071 ) ;
#3048 = MECHANICAL_DESIGN_GEOMETRIC_PRESENTATION_REPRESENTATION (  '', ( #2698 ), #3231 ) ;
#3049 = CARTESIAN_POINT ( 'NONE',  ( 0.8230581300528493349, 0.2641109509742673445, 0.2799999999999999711 ) ) ;
#3050 = FILL_AREA_STYLE_COLOUR ( '', #4384 ) ;
#3051 = FILL_AREA_STYLE_COLOUR ( '', #3182 ) ;
#3052 =( NAMED_UNIT ( * ) PLANE_ANGLE_UNIT ( ) SI_UNIT ( $, .RADIAN. ) );
#3053 = LINE ( 'NONE', #2204, #2016 ) ;
#3054 =( GEOMETRIC_REPRESENTATION_CONTEXT ( 3 ) GLOBAL_UNCERTAINTY_ASSIGNED_CONTEXT ( ( #4604 ) ) GLOBAL_UNIT_ASSIGNED_CONTEXT ( ( #5048, #4598, #3746 ) ) REPRESENTATION_CONTEXT ( 'NONE', 'WORKASPACE' ) );
#3055 = ORIENTED_EDGE ( 'NONE', *, *, #1798, .T. ) ;
#3056 = VERTEX_POINT ( 'NONE', #2480 ) ;
#3057 = ADVANCED_FACE ( 'NONE', ( #724 ), #4565, .F. ) ;
#3058 = ORIENTED_EDGE ( 'NONE', *, *, #4513, .F. ) ;
#3059 = LINE ( 'NONE', #4771, #2286 ) ;
#3060 = COLOUR_RGB ( '',0.8509803921568627194, 0.8509803921568627194, 0.8509803921568627194 ) ;
#3061 = PRESENTATION_LAYER_ASSIGNMENT (  '', '', ( #2793 ) ) ;
#3062 =( NAMED_UNIT ( * ) PLANE_ANGLE_UNIT ( ) SI_UNIT ( $, .RADIAN. ) );
#3063 = EDGE_CURVE ( 'NONE', #2888, #1873, #432, .T. ) ;
#3064 = ADVANCED_FACE ( 'NONE', ( #4706 ), #1756, .T. ) ;
#3065 = DIRECTION ( 'NONE',  ( 1.000000000000000000, -3.097720492815727166E-16, 0.0000000000000000000 ) ) ;
#3066 = DIRECTION ( 'NONE',  ( -0.0000000000000000000, -0.0000000000000000000, -1.000000000000000000 ) ) ;
#3067 = CARTESIAN_POINT ( 'NONE',  ( 1.100000000000003642, 1.908195823574494115E-15, 0.2799999999999999711 ) ) ;
#3068 = LINE ( 'NONE', #3586, #1112 ) ;
#3069 = SURFACE_STYLE_FILL_AREA ( #5212 ) ;
#3070 = AXIS2_PLACEMENT_3D ( 'NONE', #4157, #740, #3723 ) ;
#3071 = AXIS2_PLACEMENT_3D ( 'NONE', #5460, #2038, #1596 ) ;
#3072 = DIRECTION ( 'NONE',  ( 1.000000000000000000, 0.0000000000000000000, -6.938893903907228378E-15 ) ) ;
#3073 = EDGE_LOOP ( 'NONE', ( #2751, #1303, #294, #4414 ) ) ;
#3074 = SURFACE_STYLE_FILL_AREA ( #842 ) ;
#3075 = DIRECTION ( 'NONE',  ( -0.0000000000000000000, 0.0000000000000000000, 1.000000000000000000 ) ) ;
#3076 = VECTOR ( 'NONE', #2458, 1000.000000000000000 ) ;
#3077 = VECTOR ( 'NONE', #4412, 1000.000000000000000 ) ;
#3078 = LINE ( 'NONE', #2334, #4279 ) ;
#3079 = ORIENTED_EDGE ( 'NONE', *, *, #3836, .T. ) ;
#3080 = VECTOR ( 'NONE', #1205, 1000.000000000000000 ) ;
#3081 = CARTESIAN_POINT ( 'NONE',  ( 0.7376531201253040404, 0.5519215185516125333, 0.2599999999999999534 ) ) ;
#3082 = ORIENTED_EDGE ( 'NONE', *, *, #3108, .T. ) ;
#3083 = CARTESIAN_POINT ( 'NONE',  ( -1.099999999999998979, 0.1362137402538543540, 0.2799999999999999711 ) ) ;
#3084 = CARTESIAN_POINT ( 'NONE',  ( 0.3648896556285308179, 0.0000000000000000000, -2.547875105340935420E-15 ) ) ;
#3085 = AXIS2_PLACEMENT_3D ( 'NONE', #1871, #960, #1927 ) ;
#3086 = EDGE_LOOP ( 'NONE', ( #313, #1075, #2804, #1022 ) ) ;
#3087 = EDGE_LOOP ( 'NONE', ( #3949, #4150, #2529, #265, #244, #212, #5216, #5466, #872, #4855 ) ) ;
#3088 = ORIENTED_EDGE ( 'NONE', *, *, #186, .T. ) ;
#3089 = VECTOR ( 'NONE', #5487, 1000.000000000000000 ) ;
#3090 = PRESENTATION_STYLE_ASSIGNMENT (( #3994 ) ) ;
#3091 = STYLED_ITEM ( 'NONE', ( #2561 ), #3337 ) ;
#3092 = FILL_AREA_STYLE_COLOUR ( '', #4896 ) ;
#3093 = FILL_AREA_STYLE ('',( #2649 ) ) ;
#3094 = PLANE ( 'NONE',  #795 ) ;
#3095 = PLANE ( 'NONE',  #3615 ) ;
#3096 = CARTESIAN_POINT ( 'NONE',  ( -1.100000000000000977, -0.1999999999999994837, 7.680894765701995475E-15 ) ) ;
#3097 = FACE_OUTER_BOUND ( 'NONE', #1329, .T. ) ;
#3098 =( GEOMETRIC_REPRESENTATION_CONTEXT ( 3 ) GLOBAL_UNCERTAINTY_ASSIGNED_CONTEXT ( ( #686 ) ) GLOBAL_UNIT_ASSIGNED_CONTEXT ( ( #3939, #3126, #3153 ) ) REPRESENTATION_CONTEXT ( 'NONE', 'WORKASPACE' ) );
#3099 = ADVANCED_FACE ( 'NONE', ( #2077 ), #1726, .T. ) ;
#3100 = EDGE_CURVE ( 'NONE', #3282, #4454, #5119, .T. ) ;
#3101 = COLOUR_RGB ( '',0.8509803921568627194, 0.8509803921568627194, 0.8509803921568627194 ) ;
#3102 = CARTESIAN_POINT ( 'NONE',  ( 0.5124155170610091847, 0.3080817958270101187, 0.2799999999999999711 ) ) ;
#3103 = ORIENTED_EDGE ( 'NONE', *, *, #1863, .F. ) ;
#3104 = CARTESIAN_POINT ( 'NONE',  ( 0.6809088744240132662, 0.5569292977732096528, 0.2799999999999999711 ) ) ;
#3105 = CARTESIAN_POINT ( 'NONE',  ( -1.099999999999999867, 0.4999999999999997780, 0.02000000000000768177 ) ) ;
#3106 = LINE ( 'NONE', #3887, #1008 ) ;
#3107 = VECTOR ( 'NONE', #2036, 1000.000000000000000 ) ;
#3108 = EDGE_CURVE ( 'NONE', #5591, #4483, #3047, .T. ) ;
#3109 = PRESENTATION_STYLE_ASSIGNMENT (( #1477 ) ) ;
#3110 = CARTESIAN_POINT ( 'NONE',  ( 0.3648896556285308179, 0.0000000000000000000, -2.547875105340935420E-15 ) ) ;
#3111 = VECTOR ( 'NONE', #5379, 1000.000000000000000 ) ;
#3112 = ORIENTED_EDGE ( 'NONE', *, *, #73, .F. ) ;
#3113 = PLANE ( 'NONE',  #4966 ) ;
#3114 =( GEOMETRIC_REPRESENTATION_CONTEXT ( 3 ) GLOBAL_UNCERTAINTY_ASSIGNED_CONTEXT ( ( #1093 ) ) GLOBAL_UNIT_ASSIGNED_CONTEXT ( ( #3608, #4458, #3116 ) ) REPRESENTATION_CONTEXT ( 'NONE', 'WORKASPACE' ) );
#3115 = ORIENTED_EDGE ( 'NONE', *, *, #3604, .F. ) ;
#3116 =( NAMED_UNIT ( * ) SI_UNIT ( $, .STERADIAN. ) SOLID_ANGLE_UNIT ( ) );
#3117 = ORIENTED_EDGE ( 'NONE', *, *, #3278, .F. ) ;
#3118 = B_SPLINE_CURVE_WITH_KNOTS ( 'NONE', 2,
 ( #969, #3999, #106 ),
 .UNSPECIFIED., .F., .F.,
 ( 3, 3 ),
 ( 0.0000000000000000000, 1.000000000000000000 ),
 .UNSPECIFIED. ) ;
#3119 = EDGE_LOOP ( 'NONE', ( #5419, #87, #1852, #2535 ) ) ;
#3120 = SURFACE_STYLE_USAGE ( .BOTH. , #5288 ) ;
#3121 = DIRECTION ( 'NONE',  ( -0.0000000000000000000, 0.0000000000000000000, 1.000000000000000000 ) ) ;
#3122 = SURFACE_STYLE_FILL_AREA ( #1348 ) ;
#3123 = LINE ( 'NONE', #1492, #1257 ) ;
#3124 = CARTESIAN_POINT ( 'NONE',  ( 0.5359203924145662379, 1.036540087595036278E-16, 0.2599999999999999534 ) ) ;
#3125 = UNCERTAINTY_MEASURE_WITH_UNIT (LENGTH_MEASURE( 1.000000000000000082E-05 ), #3476, 'distance_accuracy_value', 'NONE');
#3126 =( NAMED_UNIT ( * ) PLANE_ANGLE_UNIT ( ) SI_UNIT ( $, .RADIAN. ) );
#3127 = DIRECTION ( 'NONE',  ( 1.000000000000000000, -0.0000000000000000000, -0.0000000000000000000 ) ) ;
#3128 = FACE_OUTER_BOUND ( 'NONE', #5306, .T. ) ;
#3129 = DIRECTION ( 'NONE',  ( -0.0000000000000000000, 1.000000000000000000, -0.0000000000000000000 ) ) ;
#3130 =( NAMED_UNIT ( * ) SI_UNIT ( $, .STERADIAN. ) SOLID_ANGLE_UNIT ( ) );
#3131 = ORIENTED_EDGE ( 'NONE', *, *, #4130, .F. ) ;
#3132 = EDGE_CURVE ( 'NONE', #975, #4457, #88, .T. ) ;
#3133 = DIRECTION ( 'NONE',  ( 6.982962677686266711E-15, -0.0000000000000000000, 1.000000000000000000 ) ) ;
#3134 = PRESENTATION_STYLE_ASSIGNMENT (( #90 ) ) ;
#3135 = SURFACE_SIDE_STYLE ('',( #2197 ) ) ;
#3136 = CARTESIAN_POINT ( 'NONE',  ( 1.100000000000002531, 0.7499999999999997780, 0.2599999999999999534 ) ) ;
#3137 = EDGE_CURVE ( 'NONE', #4397, #5519, #4387, .T. ) ;
#3138 = ADVANCED_FACE ( 'NONE', ( #492 ), #2221, .F. ) ;
#3139 = ORIENTED_EDGE ( 'NONE', *, *, #1961, .T. ) ;
#3140 = FILL_AREA_STYLE_COLOUR ( '', #4417 ) ;
#3141 =( GEOMETRIC_REPRESENTATION_CONTEXT ( 3 ) GLOBAL_UNCERTAINTY_ASSIGNED_CONTEXT ( ( #4379 ) ) GLOBAL_UNIT_ASSIGNED_CONTEXT ( ( #525, #5192, #61 ) ) REPRESENTATION_CONTEXT ( 'NONE', 'WORKASPACE' ) );
#3142 = ORIENTED_EDGE ( 'NONE', *, *, #3184, .T. ) ;
#3143 =( NAMED_UNIT ( * ) SI_UNIT ( $, .STERADIAN. ) SOLID_ANGLE_UNIT ( ) );
#3144 = EDGE_LOOP ( 'NONE', ( #4633, #2376, #2451, #2220 ) ) ;
#3145 = ORIENTED_EDGE ( 'NONE', *, *, #1161, .T. ) ;
#3146 = CARTESIAN_POINT ( 'NONE',  ( 1.100000000000002087, 0.9999999999999997780, 0.2599999999999922928 ) ) ;
#3147 = CARTESIAN_POINT ( 'NONE',  ( 1.100000000000000533, 0.9000000000000000222, 0.01999999999999231906 ) ) ;
#3148 = DIRECTION ( 'NONE',  ( 0.0000000000000000000, 0.0000000000000000000, 1.000000000000000000 ) ) ;
#3149 = CARTESIAN_POINT ( 'NONE',  ( 0.2532275857927164253, -0.3593805362314128615, 0.2599999999999999534 ) ) ;
#3150 = PRESENTATION_STYLE_ASSIGNMENT (( #1432 ) ) ;
#3151 = PRESENTATION_STYLE_ASSIGNMENT (( #1943 ) ) ;
#3152 = PLANE ( 'NONE',  #2427 ) ;
#3153 =( NAMED_UNIT ( * ) SI_UNIT ( $, .STERADIAN. ) SOLID_ANGLE_UNIT ( ) );
#3154 = DIRECTION ( 'NONE',  ( -0.0000000000000000000, -0.0000000000000000000, -1.000000000000000000 ) ) ;
#3155 = LINE ( 'NONE', #1881, #1578 ) ;
#3156 = SURFACE_STYLE_USAGE ( .BOTH. , #2766 ) ;
#3157 = ORIENTED_EDGE ( 'NONE', *, *, #4537, .F. ) ;
#3158 = LINE ( 'NONE', #1473, #4793 ) ;
#3159 = PRESENTATION_LAYER_ASSIGNMENT (  '', '', ( #253 ) ) ;
#3160 =( NAMED_UNIT ( * ) SI_UNIT ( $, .STERADIAN. ) SOLID_ANGLE_UNIT ( ) );
#3161 = VECTOR ( 'NONE', #1531, 1000.000000000000000 ) ;
#3162 = AXIS2_PLACEMENT_3D ( 'NONE', #1036, #5347, #1547 ) ;
#3163 = CARTESIAN_POINT ( 'NONE',  ( 0.4000000000000000777, -1.858632295689436842E-16, -2.791820594150173918E-15 ) ) ;
#3164 = CARTESIAN_POINT ( 'NONE',  ( -1.099999999999998979, -0.7499999999999997780, 0.2799999999999999711 ) ) ;
#3165 = SURFACE_STYLE_USAGE ( .BOTH. , #1334 ) ;
#3166 = DIRECTION ( 'NONE',  ( 1.000000000000000000, 0.0000000000000000000, 0.0000000000000000000 ) ) ;
#3167 =( NAMED_UNIT ( * ) SI_UNIT ( $, .STERADIAN. ) SOLID_ANGLE_UNIT ( ) );
#3168 = ORIENTED_EDGE ( 'NONE', *, *, #2578, .T. ) ;
#3169 = FILL_AREA_STYLE ('',( #934 ) ) ;
#3170 =( GEOMETRIC_REPRESENTATION_CONTEXT ( 3 ) GLOBAL_UNCERTAINTY_ASSIGNED_CONTEXT ( ( #4263 ) ) GLOBAL_UNIT_ASSIGNED_CONTEXT ( ( #1978, #2869, #4606 ) ) REPRESENTATION_CONTEXT ( 'NONE', 'WORKASPACE' ) );
#3171 = EDGE_CURVE ( 'NONE', #4069, #99, #138, .T. ) ;
#3172 = EDGE_CURVE ( 'NONE', #527, #5363, #2658, .T. ) ;
#3173 = STYLED_ITEM ( 'NONE', ( #1766 ), #5240 ) ;
#3174 = CIRCLE ( 'NONE', #728, 0.2500000000000000000 ) ;
#3175 = VERTEX_POINT ( 'NONE', #1885 ) ;
#3176 = CARTESIAN_POINT ( 'NONE',  ( -0.3095939579225142069, -0.5316465652036583833, 0.2810000000000000275 ) ) ;
#3177 = VERTEX_POINT ( 'NONE', #3104 ) ;
#3178 = ORIENTED_EDGE ( 'NONE', *, *, #5127, .F. ) ;
#3179 = FILL_AREA_STYLE ('',( #909 ) ) ;
#3180 = DIRECTION ( 'NONE',  ( -0.0000000000000000000, -0.0000000000000000000, -1.000000000000000000 ) ) ;
#3181 =( GEOMETRIC_REPRESENTATION_CONTEXT ( 3 ) GLOBAL_UNCERTAINTY_ASSIGNED_CONTEXT ( ( #4129 ) ) GLOBAL_UNIT_ASSIGNED_CONTEXT ( ( #1321, #1661, #1688 ) ) REPRESENTATION_CONTEXT ( 'NONE', 'WORKASPACE' ) );
#3182 = COLOUR_RGB ( '',0.8509803921568627194, 0.8509803921568627194, 0.8509803921568627194 ) ;
#3183 = MECHANICAL_DESIGN_GEOMETRIC_PRESENTATION_REPRESENTATION (  '', ( #2344 ), #993 ) ;
#3184 = EDGE_CURVE ( 'NONE', #2580, #616, #2181, .T. ) ;
#3185 = CARTESIAN_POINT ( 'NONE',  ( -0.6035437629006772386, -0.3065665198382720447, 0.2599999999999999534 ) ) ;
#3186 = PRESENTATION_LAYER_ASSIGNMENT (  '', '', ( #3705 ) ) ;
#3187 = CARTESIAN_POINT ( 'NONE',  ( 0.8500000000000019762, -0.5000000000000002220, 0.2799999999999999711 ) ) ;
#3188 = CARTESIAN_POINT ( 'NONE',  ( -0.3095939579225142069, -0.3593805362314128615, 0.2599999999999999534 ) ) ;
#3189 =( NAMED_UNIT ( * ) SI_UNIT ( $, .STERADIAN. ) SOLID_ANGLE_UNIT ( ) );
#3190 = CARTESIAN_POINT ( 'NONE',  ( 1.100000000000002087, -0.5000000000000002220, 0.2599999999999922928 ) ) ;
#3191 = SURFACE_STYLE_FILL_AREA ( #1497 ) ;
#3192 = ORIENTED_EDGE ( 'NONE', *, *, #2373, .T. ) ;
#3193 = VECTOR ( 'NONE', #655, 1000.000000000000000 ) ;
#3194 = STYLED_ITEM ( 'NONE', ( #3011 ), #3542 ) ;
#3195 = CARTESIAN_POINT ( 'NONE',  ( -1.100000000000000977, -0.7499999999999997780, 7.680894765701995475E-15 ) ) ;
#3196 = DIRECTION ( 'NONE',  ( -1.000000000000000000, 0.0000000000000000000, 6.983251342707906047E-15 ) ) ;
#3197 = FILL_AREA_STYLE_COLOUR ( '', #2645 ) ;
#3198 = ORIENTED_EDGE ( 'NONE', *, *, #3407, .T. ) ;
#3199 = VECTOR ( 'NONE', #4323, 1000.000000000000000 ) ;
#3200 = FACE_OUTER_BOUND ( 'NONE', #603, .T. ) ;
#3201 = AXIS2_PLACEMENT_3D ( 'NONE', #3084, #936, #1071 ) ;
#3202 = VECTOR ( 'NONE', #5270, 1000.000000000000000 ) ;
#3203 = EDGE_LOOP ( 'NONE', ( #3306, #1543, #2422, #2070, #295, #5392, #2203, #765, #4509, #3433, #3744, #2283, #1400, #1211 ) ) ;
#3204 = FACE_OUTER_BOUND ( 'NONE', #3283, .T. ) ;
#3205 = ORIENTED_EDGE ( 'NONE', *, *, #141, .T. ) ;
#3206 = ORIENTED_EDGE ( 'NONE', *, *, #329, .T. ) ;
#3207 = EDGE_CURVE ( 'NONE', #4375, #4184, #1813, .T. ) ;
#3208 = FILL_AREA_STYLE ('',( #2844 ) ) ;
#3209 = AXIS2_PLACEMENT_3D ( 'NONE', #3494, #4308, #2168 ) ;
#3210 = UNCERTAINTY_MEASURE_WITH_UNIT (LENGTH_MEASURE( 1.000000000000000082E-05 ), #3416, 'distance_accuracy_value', 'NONE');
#3211 = ORIENTED_EDGE ( 'NONE', *, *, #3805, .T. ) ;
#3212 = DIRECTION ( 'NONE',  ( -0.0000000000000000000, -0.0000000000000000000, -1.000000000000000000 ) ) ;
#3213 = COLOUR_RGB ( '',0.8509803921568627194, 0.8509803921568627194, 0.8509803921568627194 ) ;
#3214 =( LENGTH_UNIT ( ) NAMED_UNIT ( * ) SI_UNIT ( .MILLI., .METRE. ) );
#3215 = EDGE_CURVE ( 'NONE', #892, #3175, #1867, .T. ) ;
#3216 = SURFACE_STYLE_USAGE ( .BOTH. , #1835 ) ;
#3217 = EDGE_CURVE ( 'NONE', #1018, #3443, #5295, .T. ) ;
#3218 =( NAMED_UNIT ( * ) SI_UNIT ( $, .STERADIAN. ) SOLID_ANGLE_UNIT ( ) );
#3219 = FACE_OUTER_BOUND ( 'NONE', #283, .T. ) ;
#3220 = CARTESIAN_POINT ( 'NONE',  ( 0.3999999999999999667, -0.2000000000000001776, -2.791820594150173918E-15 ) ) ;
#3221 = DIRECTION ( 'NONE',  ( -1.000000000000000000, 3.097720492815726673E-16, 6.983251342707903681E-15 ) ) ;
#3222 = LINE ( 'NONE', #4562, #622 ) ;
#3223 = LINE ( 'NONE', #4088, #2559 ) ;
#3224 = CARTESIAN_POINT ( 'NONE',  ( 0.7507068832573945416, 0.6078267106094943362, 0.2799999999999999711 ) ) ;
#3225 = DIRECTION ( 'NONE',  ( 0.0000000000000000000, -1.000000000000000000, 0.0000000000000000000 ) ) ;
#3226 = CARTESIAN_POINT ( 'NONE',  ( 0.4000000000000001332, 0.2000000000000000111, 0.01999999999999721098 ) ) ;
#3227 = ORIENTED_EDGE ( 'NONE', *, *, #5164, .T. ) ;
#3228 = CARTESIAN_POINT ( 'NONE',  ( -1.100000000000000977, 0.2499999999999997780, 7.680894765701995475E-15 ) ) ;
#3229 = ORIENTED_EDGE ( 'NONE', *, *, #4545, .F. ) ;
#3230 = ORIENTED_EDGE ( 'NONE', *, *, #4775, .F. ) ;
#3231 =( GEOMETRIC_REPRESENTATION_CONTEXT ( 3 ) GLOBAL_UNCERTAINTY_ASSIGNED_CONTEXT ( ( #1686 ) ) GLOBAL_UNIT_ASSIGNED_CONTEXT ( ( #5417, #1583, #5013 ) ) REPRESENTATION_CONTEXT ( 'NONE', 'WORKASPACE' ) );
#3232 = EDGE_CURVE ( 'NONE', #4184, #3414, #3158, .T. ) ;
#3233 = VERTEX_POINT ( 'NONE', #3707 ) ;
#3234 = DIRECTION ( 'NONE',  ( 1.000000000000000000, 0.0000000000000000000, 0.0000000000000000000 ) ) ;
#3235 = UNCERTAINTY_MEASURE_WITH_UNIT (LENGTH_MEASURE( 1.000000000000000082E-05 ), #4177, 'distance_accuracy_value', 'NONE');
#3236 = SURFACE_STYLE_FILL_AREA ( #2386 ) ;
#3237 = MECHANICAL_DESIGN_GEOMETRIC_PRESENTATION_REPRESENTATION (  '', ( #4393 ), #2784 ) ;
#3238 = PRESENTATION_STYLE_ASSIGNMENT (( #2900 ) ) ;
#3239 = EDGE_CURVE ( 'NONE', #1934, #4399, #370, .T. ) ;
#3240 = ADVANCED_FACE ( 'NONE', ( #3761 ), #1991, .F. ) ;
#3241 = LINE ( 'NONE', #1919, #2415 ) ;
#3242 = UNCERTAINTY_MEASURE_WITH_UNIT (LENGTH_MEASURE( 1.000000000000000082E-05 ), #2547, 'distance_accuracy_value', 'NONE');
#3243 = DIRECTION ( 'NONE',  ( -1.000000000000000000, 2.378754451002344057E-17, 0.0000000000000000000 ) ) ;
#3244 = SURFACE_SIDE_STYLE ('',( #2326 ) ) ;
#3245 = CARTESIAN_POINT ( 'NONE',  ( -0.6623309004670925315, 0.8637862597461452019, 0.2799999999999999156 ) ) ;
#3246 = VECTOR ( 'NONE', #3127, 1000.000000000000000 ) ;
#3247 = SURFACE_STYLE_FILL_AREA ( #638 ) ;
#3248 = SURFACE_STYLE_USAGE ( .BOTH. , #2049 ) ;
#3249 = ORIENTED_EDGE ( 'NONE', *, *, #529, .F. ) ;
#3250 = B_SPLINE_CURVE_WITH_KNOTS ( 'NONE', 2,
 ( #206, #1506, #4034 ),
 .UNSPECIFIED., .F., .F.,
 ( 3, 3 ),
 ( 0.0000000000000000000, 1.000000000000000000 ),
 .UNSPECIFIED. ) ;
#3251 = CIRCLE ( 'NONE', #807, 0.2500000000000000000 ) ;
#3252 = MECHANICAL_DESIGN_GEOMETRIC_PRESENTATION_REPRESENTATION (  '', ( #3686 ), #4409 ) ;
#3253 = ORIENTED_EDGE ( 'NONE', *, *, #2764, .T. ) ;
#3254 = SURFACE_SIDE_STYLE ('',( #4570 ) ) ;
#3255 = ORIENTED_EDGE ( 'NONE', *, *, #2029, .T. ) ;
#3256 =( GEOMETRIC_REPRESENTATION_CONTEXT ( 3 ) GLOBAL_UNCERTAINTY_ASSIGNED_CONTEXT ( ( #4196 ) ) GLOBAL_UNIT_ASSIGNED_CONTEXT ( ( #4123, #216, #1514 ) ) REPRESENTATION_CONTEXT ( 'NONE', 'WORKASPACE' ) );
#3257 = CIRCLE ( 'NONE', #2901, 0.2500000000000000000 ) ;
#3258 = VECTOR ( 'NONE', #1277, 1000.000000000000000 ) ;
#3259 = ORIENTED_EDGE ( 'NONE', *, *, #3805, .F. ) ;
#3260 = PRESENTATION_STYLE_ASSIGNMENT (( #1937 ) ) ;
#3261 = VECTOR ( 'NONE', #1567, 1000.000000000000000 ) ;
#3262 = STYLED_ITEM ( 'NONE', ( #2106 ), #2267 ) ;
#3263 = ORIENTED_EDGE ( 'NONE', *, *, #1958, .T. ) ;
#3264 = DIRECTION ( 'NONE',  ( -0.0000000000000000000, -0.0000000000000000000, -1.000000000000000000 ) ) ;
#3265 = VECTOR ( 'NONE', #3838, 1000.000000000000000 ) ;
#3266 = PRESENTATION_STYLE_ASSIGNMENT (( #1546 ) ) ;
#3267 = AXIS2_PLACEMENT_3D ( 'NONE', #3871, #4728, #1260 ) ;
#3268 = STYLED_ITEM ( 'NONE', ( #4479 ), #3002 ) ;
#3269 = SURFACE_STYLE_FILL_AREA ( #3648 ) ;
#3270 =( NAMED_UNIT ( * ) SI_UNIT ( $, .STERADIAN. ) SOLID_ANGLE_UNIT ( ) );
#3271 = ORIENTED_EDGE ( 'NONE', *, *, #4096, .F. ) ;
#3272 = DIRECTION ( 'NONE',  ( 1.000000000000000000, -5.033795800825557569E-16, -6.983251342707903681E-15 ) ) ;
#3273 = EDGE_CURVE ( 'NONE', #4973, #3832, #4956, .T. ) ;
#3274 = FILL_AREA_STYLE ('',( #752 ) ) ;
#3275 = ADVANCED_FACE ( 'NONE', ( #4167 ), #4136, .T. ) ;
#3276 = LINE ( 'NONE', #4962, #1171 ) ;
#3277 = SURFACE_STYLE_FILL_AREA ( #5421 ) ;
#3278 = EDGE_CURVE ( 'NONE', #122, #4489, #3042, .T. ) ;
#3279 = CIRCLE ( 'NONE', #3455, 0.2500000000000000000 ) ;
#3280 = ORIENTED_EDGE ( 'NONE', *, *, #36, .T. ) ;
#3281 = SURFACE_STYLE_USAGE ( .BOTH. , #1592 ) ;
#3282 = VERTEX_POINT ( 'NONE', #1692 ) ;
#3283 = EDGE_LOOP ( 'NONE', ( #5476, #3640, #4998, #491 ) ) ;
#3284 = CARTESIAN_POINT ( 'NONE',  ( -1.099999999999998535, 0.8637862597461452019, 0.2799999999999999711 ) ) ;
#3285 = VERTEX_POINT ( 'NONE', #2960 ) ;
#3286 = AXIS2_PLACEMENT_3D ( 'NONE', #1247, #386, #5109 ) ;
#3287 = PRODUCT_DEFINITION_CONTEXT ( 'detailed design', #1826, 'design' ) ;
#3288 = CARTESIAN_POINT ( 'NONE',  ( -0.7570035725588107889, 0.6212183713084244996, 0.2599999999999999534 ) ) ;
#3289 = SURFACE_SIDE_STYLE ('',( #794 ) ) ;
#3290 = SURFACE_SIDE_STYLE ('',( #2872 ) ) ;
#3291 = VECTOR ( 'NONE', #3598, 1000.000000000000000 ) ;
#3292 = LINE ( 'NONE', #1068, #4072 ) ;
#3293 = CARTESIAN_POINT ( 'NONE',  ( -1.100000000000000311, 0.9000000000000000222, 0.02000000000000768177 ) ) ;
#3294 = ORIENTED_EDGE ( 'NONE', *, *, #3950, .F. ) ;
#3295 = SURFACE_SIDE_STYLE ('',( #749 ) ) ;
#3296 = DIRECTION ( 'NONE',  ( -0.0000000000000000000, -0.0000000000000000000, -1.000000000000000000 ) ) ;
#3297 = FACE_OUTER_BOUND ( 'NONE', #4653, .T. ) ;
#3298 = DIRECTION ( 'NONE',  ( 6.982962677686266711E-15, -0.0000000000000000000, 1.000000000000000000 ) ) ;
#3299 = ORIENTED_EDGE ( 'NONE', *, *, #4162, .F. ) ;
#3300 = LINE ( 'NONE', #1048, #726 ) ;
#3301 = EDGE_CURVE ( 'NONE', #356, #4705, #461, .T. ) ;
#3302 = EDGE_CURVE ( 'NONE', #1343, #5200, #1718, .T. ) ;
#3303 = ORIENTED_EDGE ( 'NONE', *, *, #3922, .F. ) ;
#3304 = EDGE_LOOP ( 'NONE', ( #1076, #579, #1340, #589 ) ) ;
#3305 = CARTESIAN_POINT ( 'NONE',  ( 0.0000000000000000000, 0.0000000000000000000, 0.2799999999999999711 ) ) ;
#3306 = ORIENTED_EDGE ( 'NONE', *, *, #4396, .F. ) ;
#3307 = CARTESIAN_POINT ( 'NONE',  ( -0.9174636228121989534, -0.1880563063957277625, 0.2799999999999999711 ) ) ;
#3308 = DIRECTION ( 'NONE',  ( -1.000000000000000000, 9.856383386231857595E-17, 6.983251342707903681E-15 ) ) ;
#3309 = EDGE_LOOP ( 'NONE', ( #591, #2327, #1795, #4486 ) ) ;
#3310 = VECTOR ( 'NONE', #2225, 1000.000000000000000 ) ;
#3311 = CARTESIAN_POINT ( 'NONE',  ( 0.8230581300528493349, 0.2641109509742673445, 0.2799999999999999711 ) ) ;
#3312 = PLANE ( 'NONE',  #3070 ) ;
#3313 = CARTESIAN_POINT ( 'NONE',  ( -8.379754891853961321E-17, 1.000000000000000000, 0.0000000000000000000 ) ) ;
#3314 = SURFACE_STYLE_USAGE ( .BOTH. , #226 ) ;
#3315 = ORIENTED_EDGE ( 'NONE', *, *, #3930, .T. ) ;
#3316 = LINE ( 'NONE', #2528, #5407 ) ;
#3317 = ORIENTED_EDGE ( 'NONE', *, *, #2621, .T. ) ;
#3318 = STYLED_ITEM ( 'NONE', ( #2441 ), #462 ) ;
#3319 = CARTESIAN_POINT ( 'NONE',  ( 1.100000000000000533, 0.2499999999999996669, -7.680894765701995475E-15 ) ) ;
#3320 = PRESENTATION_STYLE_ASSIGNMENT (( #2024 ) ) ;
#3321 = DIRECTION ( 'NONE',  ( -6.982962677686268288E-15, 0.0000000000000000000, -1.000000000000000000 ) ) ;
#3322 = ORIENTED_EDGE ( 'NONE', *, *, #1129, .F. ) ;
#3323 = FILL_AREA_STYLE ('',( #1610 ) ) ;
#3324 = AXIS2_PLACEMENT_3D ( 'NONE', #5242, #5154, #424 ) ;
#3325 = LINE ( 'NONE', #1699, #3768 ) ;
#3326 = ORIENTED_EDGE ( 'NONE', *, *, #3301, .T. ) ;
#3327 = LINE ( 'NONE', #5529, #2174 ) ;
#3328 = AXIS2_PLACEMENT_3D ( 'NONE', #520, #3075, #1012 ) ;
#3329 = CARTESIAN_POINT ( 'NONE',  ( -0.4000000000000000777, 0.9000000000000000222, 2.791820594150173918E-15 ) ) ;
#3330 = ORIENTED_EDGE ( 'NONE', *, *, #2836, .T. ) ;
#3331 =( LENGTH_UNIT ( ) NAMED_UNIT ( * ) SI_UNIT ( .MILLI., .METRE. ) );
#3332 = ORIENTED_EDGE ( 'NONE', *, *, #42, .F. ) ;
#3333 = CARTESIAN_POINT ( 'NONE',  ( -0.0000000000000000000, 0.5569292977732096528, 0.2599999999999999534 ) ) ;
#3334 = PLANE ( 'NONE',  #1028 ) ;
#3335 = VECTOR ( 'NONE', #139, 1000.000000000000000 ) ;
#3336 = EDGE_CURVE ( 'NONE', #3942, #3797, #802, .T. ) ;
#3337 = ADVANCED_FACE ( 'NONE', ( #3789 ), #3403, .F. ) ;
#3338 = COLOUR_RGB ( '',0.8509803921568627194, 0.8509803921568627194, 0.8509803921568627194 ) ;
#3339 = PRESENTATION_LAYER_ASSIGNMENT (  '', '', ( #4148 ) ) ;
#3340 = ORIENTED_EDGE ( 'NONE', *, *, #5094, .F. ) ;
#3341 = CARTESIAN_POINT ( 'NONE',  ( 1.100000000000002087, -0.7500000000000002220, 0.2799999999999999711 ) ) ;
#3342 = CARTESIAN_POINT ( 'NONE',  ( -1.100000000000000089, -0.4999999999999997780, 7.680894765701995475E-15 ) ) ;
#3343 = SURFACE_STYLE_USAGE ( .BOTH. , #5118 ) ;
#3344 = MECHANICAL_DESIGN_GEOMETRIC_PRESENTATION_REPRESENTATION (  '', ( #3981 ), #2170 ) ;
#3345 = ADVANCED_FACE ( 'NONE', ( #5156 ), #1751, .F. ) ;
#3346 =( GEOMETRIC_REPRESENTATION_CONTEXT ( 3 ) GLOBAL_UNCERTAINTY_ASSIGNED_CONTEXT ( ( #2002 ) ) GLOBAL_UNIT_ASSIGNED_CONTEXT ( ( #3214, #4108, #157 ) ) REPRESENTATION_CONTEXT ( 'NONE', 'WORKASPACE' ) );
#3347 = LINE ( 'NONE', #2936, #1617 ) ;
#3348 = ORIENTED_EDGE ( 'NONE', *, *, #3950, .T. ) ;
#3349 = UNCERTAINTY_MEASURE_WITH_UNIT (LENGTH_MEASURE( 1.000000000000000082E-05 ), #4548, 'distance_accuracy_value', 'NONE');
#3350 = ORIENTED_EDGE ( 'NONE', *, *, #1562, .T. ) ;
#3351 = AXIS2_PLACEMENT_3D ( 'NONE', #4438, #1878, #3561 ) ;
#3352 =( GEOMETRIC_REPRESENTATION_CONTEXT ( 3 ) GLOBAL_UNCERTAINTY_ASSIGNED_CONTEXT ( ( #2856 ) ) GLOBAL_UNIT_ASSIGNED_CONTEXT ( ( #3010, #5564, #856 ) ) REPRESENTATION_CONTEXT ( 'NONE', 'WORKASPACE' ) );
#3353 = FACE_OUTER_BOUND ( 'NONE', #2544, .T. ) ;
#3354 =( LENGTH_UNIT ( ) NAMED_UNIT ( * ) SI_UNIT ( .MILLI., .METRE. ) );
#3355 = STYLED_ITEM ( 'NONE', ( #321 ), #3057 ) ;
#3356 = CARTESIAN_POINT ( 'NONE',  ( -0.7713451857263546874, 0.6561302432729905210, 0.2799999999999999711 ) ) ;
#3357 = VECTOR ( 'NONE', #3429, 1000.000000000000000 ) ;
#3358 = CARTESIAN_POINT ( 'NONE',  ( 1.100000000000002531, 0.7499999999999997780, 0.2599999999999922928 ) ) ;
#3359 = ORIENTED_EDGE ( 'NONE', *, *, #4000, .T. ) ;
#3360 = CARTESIAN_POINT ( 'NONE',  ( 0.7174695751538135990, -0.08025157153844877933, 0.2799999999999999711 ) ) ;
#3361 = CARTESIAN_POINT ( 'NONE',  ( 3.898911083764692298E-17, -0.2000000000000000389, 0.02000000000000000042 ) ) ;
#3362 = FACE_OUTER_BOUND ( 'NONE', #3087, .T. ) ;
#3363 = AXIS2_PLACEMENT_3D ( 'NONE', #919, #1880, #1836 ) ;
#3364 = DIRECTION ( 'NONE',  ( 1.000000000000000000, 0.0000000000000000000, 0.0000000000000000000 ) ) ;
#3365 = APPLICATION_CONTEXT ( 'automotive_design' ) ;
#3366 = STYLED_ITEM ( 'NONE', ( #2402 ), #3779 ) ;
#3367 = CARTESIAN_POINT ( 'NONE',  ( -1.100000000000000977, 0.1999999999999999833, 7.680894765701995475E-15 ) ) ;
#3368 = EDGE_CURVE ( 'NONE', #4012, #5307, #2278, .T. ) ;
#3369 = ADVANCED_FACE ( 'NONE', ( #5291 ), #81, .T. ) ;
#3370 = FACE_OUTER_BOUND ( 'NONE', #1866, .T. ) ;
#3371 = FACE_OUTER_BOUND ( 'NONE', #704, .T. ) ;
#3372 = FACE_OUTER_BOUND ( 'NONE', #2512, .T. ) ;
#3373 = CIRCLE ( 'NONE', #4897, 0.3637862597461454239 ) ;
#3374 = SURFACE_STYLE_FILL_AREA ( #3456 ) ;
#3375 = ADVANCED_FACE ( 'NONE', ( #1434 ), #4782, .T. ) ;
#3376 = AXIS2_PLACEMENT_3D ( 'NONE', #3969, #4837, #2706 ) ;
#3377 = EDGE_CURVE ( 'NONE', #4829, #4291, #485, .T. ) ;
#3378 = LINE ( 'NONE', #2956, #5508 ) ;
#3379 = SURFACE_STYLE_USAGE ( .BOTH. , #3759 ) ;
#3380 = LINE ( 'NONE', #26, #3199 ) ;
#3381 = CARTESIAN_POINT ( 'NONE',  ( 0.7249999999999999778, -1.000000000000000000, 0.8400000000000000799 ) ) ;
#3382 = CARTESIAN_POINT ( 'NONE',  ( -0.5740798441076681025, -0.7671295513012332812, 0.2799999999999999711 ) ) ;
#3383 = ORIENTED_EDGE ( 'NONE', *, *, #605, .T. ) ;
#3384 = DIRECTION ( 'NONE',  ( 8.673617379884037444E-16, 1.000000000000000000, 0.0000000000000000000 ) ) ;
#3385 =( LENGTH_UNIT ( ) NAMED_UNIT ( * ) SI_UNIT ( .MILLI., .METRE. ) );
#3386 = FILL_AREA_STYLE_COLOUR ( '', #879 ) ;
#3387 = ORIENTED_EDGE ( 'NONE', *, *, #494, .F. ) ;
#3388 = PRESENTATION_LAYER_ASSIGNMENT (  '', '', ( #1126 ) ) ;
#3389 = SURFACE_STYLE_USAGE ( .BOTH. , #3918 ) ;
#3390 = DIRECTION ( 'NONE',  ( 0.0000000000000000000, -1.000000000000000000, 0.0000000000000000000 ) ) ;
#3391 =( NAMED_UNIT ( * ) PLANE_ANGLE_UNIT ( ) SI_UNIT ( $, .RADIAN. ) );
#3392 = PLANE ( 'NONE',  #4274 ) ;
#3393 = ORIENTED_EDGE ( 'NONE', *, *, #2794, .F. ) ;
#3394 = DIRECTION ( 'NONE',  ( 0.0000000000000000000, -0.0000000000000000000, 1.000000000000000000 ) ) ;
#3395 = SURFACE_STYLE_FILL_AREA ( #2950 ) ;
#3396 = FILL_AREA_STYLE_COLOUR ( '', #566 ) ;
#3397 = ORIENTED_EDGE ( 'NONE', *, *, #3922, .T. ) ;
#3398 = CARTESIAN_POINT ( 'NONE',  ( 0.8132557169139246200, -0.2164558030324802707, 0.2599999999999999534 ) ) ;
#3399 = CARTESIAN_POINT ( 'NONE',  ( 0.4124155170610083188, 0.04290495023076341258, 0.2799999999999999711 ) ) ;
#3400 = DIRECTION ( 'NONE',  ( -1.000000000000000000, 0.0000000000000000000, 6.938893903907228378E-15 ) ) ;
#3401 = LINE ( 'NONE', #5123, #3080 ) ;
#3402 = DIRECTION ( 'NONE',  ( -0.0000000000000000000, -0.0000000000000000000, -1.000000000000000000 ) ) ;
#3403 = CYLINDRICAL_SURFACE ( 'NONE', #1481, 0.1000000000000000472 ) ;
#3404 = CARTESIAN_POINT ( 'NONE',  ( -8.379754891853958856E-17, -1.000000000000000000, 0.0000000000000000000 ) ) ;
#3405 = ORIENTED_EDGE ( 'NONE', *, *, #3215, .F. ) ;
#3406 = SURFACE_STYLE_USAGE ( .BOTH. , #1667 ) ;
#3407 = EDGE_CURVE ( 'NONE', #5166, #4253, #3068, .T. ) ;
#3408 = EDGE_CURVE ( 'NONE', #168, #4397, #1035, .T. ) ;
#3409 = STYLED_ITEM ( 'NONE', ( #3546 ), #304 ) ;
#3410 = SURFACE_STYLE_FILL_AREA ( #5074 ) ;
#3411 = VERTEX_POINT ( 'NONE', #4469 ) ;
#3412 = PRESENTATION_LAYER_ASSIGNMENT (  '', '', ( #5480 ) ) ;
#3413 = CARTESIAN_POINT ( 'NONE',  ( -0.7482052191486779913, -0.5828783997317398269, 0.2599999999999999534 ) ) ;
#3414 = VERTEX_POINT ( 'NONE', #597 ) ;
#3415 =( NAMED_UNIT ( * ) SI_UNIT ( $, .STERADIAN. ) SOLID_ANGLE_UNIT ( ) );
#3416 =( LENGTH_UNIT ( ) NAMED_UNIT ( * ) SI_UNIT ( .MILLI., .METRE. ) );
#3417 = DIRECTION ( 'NONE',  ( -1.319749811710431518E-15, 1.000000000000000000, 0.0000000000000000000 ) ) ;
#3418 = ORIENTED_EDGE ( 'NONE', *, *, #885, .F. ) ;
#3419 = LINE ( 'NONE', #391, #5315 ) ;
#3420 = AXIS2_PLACEMENT_3D ( 'NONE', #4179, #4236, #846 ) ;
#3421 = CARTESIAN_POINT ( 'NONE',  ( 0.7174695751538135990, -0.08025157153844876545, 0.2599999999999999534 ) ) ;
#3422 = CARTESIAN_POINT ( 'NONE',  ( -1.099999999999998090, -0.4999999999999997780, 0.2600000000000076694 ) ) ;
#3423 = CARTESIAN_POINT ( 'NONE',  ( 1.100000000000002309, 0.8637862597461452019, 0.2599999999999999534 ) ) ;
#3424 =( GEOMETRIC_REPRESENTATION_CONTEXT ( 3 ) GLOBAL_UNCERTAINTY_ASSIGNED_CONTEXT ( ( #2340 ) ) GLOBAL_UNIT_ASSIGNED_CONTEXT ( ( #3712, #3062, #1995 ) ) REPRESENTATION_CONTEXT ( 'NONE', 'WORKASPACE' ) );
#3425 = UNCERTAINTY_MEASURE_WITH_UNIT (LENGTH_MEASURE( 1.000000000000000082E-05 ), #2309, 'distance_accuracy_value', 'NONE');
#3426 = DIRECTION ( 'NONE',  ( 0.0000000000000000000, 1.000000000000000000, -0.0000000000000000000 ) ) ;
#3427 = DIRECTION ( 'NONE',  ( 1.000000000000000000, -9.856383386231857595E-17, -6.983251342707903681E-15 ) ) ;
#3428 =( GEOMETRIC_REPRESENTATION_CONTEXT ( 3 ) GLOBAL_UNCERTAINTY_ASSIGNED_CONTEXT ( ( #4710 ) ) GLOBAL_UNIT_ASSIGNED_CONTEXT ( ( #3864, #4216, #449 ) ) REPRESENTATION_CONTEXT ( 'NONE', 'WORKASPACE' ) );
#3429 = DIRECTION ( 'NONE',  ( 0.0000000000000000000, -1.000000000000000000, 0.0000000000000000000 ) ) ;
#3430 = AXIS2_PLACEMENT_3D ( 'NONE', #75, #2675, #3904 ) ;
#3431 = FACE_OUTER_BOUND ( 'NONE', #1316, .T. ) ;
#3432 =( NAMED_UNIT ( * ) PLANE_ANGLE_UNIT ( ) SI_UNIT ( $, .RADIAN. ) );
#3433 = ORIENTED_EDGE ( 'NONE', *, *, #2301, .F. ) ;
#3434 = EDGE_CURVE ( 'NONE', #3579, #1755, #1806, .T. ) ;
#3435 = EDGE_CURVE ( 'NONE', #4595, #1478, #250, .T. ) ;
#3436 = CARTESIAN_POINT ( 'NONE',  ( -0.0000000000000000000, 0.8637862597461452019, 0.2599999999999999534 ) ) ;
#3437 = SURFACE_STYLE_FILL_AREA ( #4283 ) ;
#3438 = VECTOR ( 'NONE', #2211, 1000.000000000000000 ) ;
#3439 =( GEOMETRIC_REPRESENTATION_CONTEXT ( 3 ) GLOBAL_UNCERTAINTY_ASSIGNED_CONTEXT ( ( #2680 ) ) GLOBAL_UNIT_ASSIGNED_CONTEXT ( ( #5263, #1406, #1800 ) ) REPRESENTATION_CONTEXT ( 'NONE', 'WORKASPACE' ) );
#3440 = PRESENTATION_LAYER_ASSIGNMENT (  '', '', ( #5331 ) ) ;
#3441 =( NAMED_UNIT ( * ) PLANE_ANGLE_UNIT ( ) SI_UNIT ( $, .RADIAN. ) );
#3442 = PRESENTATION_STYLE_ASSIGNMENT (( #5165 ) ) ;
#3443 = VERTEX_POINT ( 'NONE', #4526 ) ;
#3444 = EDGE_CURVE ( 'NONE', #1047, #4595, #3701, .T. ) ;
#3445 = DIRECTION ( 'NONE',  ( 0.0000000000000000000, 1.000000000000000000, 0.0000000000000000000 ) ) ;
#3446 =( NAMED_UNIT ( * ) SI_UNIT ( $, .STERADIAN. ) SOLID_ANGLE_UNIT ( ) );
#3447 = LINE ( 'NONE', #3929, #4443 ) ;
#3448 =( GEOMETRIC_REPRESENTATION_CONTEXT ( 3 ) GLOBAL_UNCERTAINTY_ASSIGNED_CONTEXT ( ( #66 ) ) GLOBAL_UNIT_ASSIGNED_CONTEXT ( ( #2596, #2163, #3850 ) ) REPRESENTATION_CONTEXT ( 'NONE', 'WORKASPACE' ) );
#3449 = ORIENTED_EDGE ( 'NONE', *, *, #4001, .T. ) ;
#3450 = SURFACE_STYLE_FILL_AREA ( #3038 ) ;
#3451 = VECTOR ( 'NONE', #2762, 1000.000000000000000 ) ;
#3452 = EDGE_LOOP ( 'NONE', ( #476, #2025, #3827, #4618 ) ) ;
#3453 = FACE_OUTER_BOUND ( 'NONE', #2263, .T. ) ;
#3454 = CARTESIAN_POINT ( 'NONE',  ( -0.6623309004670925315, 0.8637862597461452019, 0.2599999999999998979 ) ) ;
#3455 = AXIS2_PLACEMENT_3D ( 'NONE', #129, #2235, #2179 ) ;
#3456 = FILL_AREA_STYLE ('',( #339 ) ) ;
#3457 = CARTESIAN_POINT ( 'NONE',  ( 0.7385744931852191719, -0.5000000000000002220, 0.2599999999999999534 ) ) ;
#3458 = CARTESIAN_POINT ( 'NONE',  ( -0.1178234831815653944, -0.3593805362314128615, 0.2599999999999999534 ) ) ;
#3459 = PRESENTATION_LAYER_ASSIGNMENT (  '', '', ( #104 ) ) ;
#3460 = UNCERTAINTY_MEASURE_WITH_UNIT (LENGTH_MEASURE( 1.000000000000000082E-05 ), #1665, 'distance_accuracy_value', 'NONE');
#3461 = DIRECTION ( 'NONE',  ( -6.982962677686265922E-15, 0.0000000000000000000, -1.000000000000000000 ) ) ;
#3462 = CARTESIAN_POINT ( 'NONE',  ( 1.100000000000002087, -1.000000000000000222, 0.2599999999999922928 ) ) ;
#3463 = SURFACE_STYLE_FILL_AREA ( #2153 ) ;
#3464 = DIRECTION ( 'NONE',  ( 1.000000000000000000, 0.0000000000000000000, -0.0000000000000000000 ) ) ;
#3465 = DIRECTION ( 'NONE',  ( -0.0000000000000000000, 0.0000000000000000000, 1.000000000000000000 ) ) ;
#3466 = ORIENTED_EDGE ( 'NONE', *, *, #569, .T. ) ;
#3467 = CARTESIAN_POINT ( 'NONE',  ( -1.099999999999998979, -0.1385744931852173067, 0.2799999999999999711 ) ) ;
#3468 = FILL_AREA_STYLE_COLOUR ( '', #4521 ) ;
#3469 = AXIS2_PLACEMENT_3D ( 'NONE', #4210, #733, #4100 ) ;
#3470 = ADVANCED_FACE ( 'NONE', ( #3671 ), #709, .F. ) ;
#3471 = UNCERTAINTY_MEASURE_WITH_UNIT (LENGTH_MEASURE( 1.000000000000000082E-05 ), #1384, 'distance_accuracy_value', 'NONE');
#3472 = AXIS2_PLACEMENT_3D ( 'NONE', #4478, #2308, #524 ) ;
#3473 = FACE_OUTER_BOUND ( 'NONE', #2076, .T. ) ;
#3474 = PRESENTATION_STYLE_ASSIGNMENT (( #5111 ) ) ;
#3475 = DIRECTION ( 'NONE',  ( -0.7769070476675158377, 0.6296153105544244344, 0.0000000000000000000 ) ) ;
#3476 =( LENGTH_UNIT ( ) NAMED_UNIT ( * ) SI_UNIT ( .MILLI., .METRE. ) );
#3477 = EDGE_CURVE ( 'NONE', #5353, #45, #4110, .T. ) ;
#3478 = EDGE_CURVE ( 'NONE', #3443, #4585, #3008, .T. ) ;
#3479 = ORIENTED_EDGE ( 'NONE', *, *, #2475, .T. ) ;
#3480 = VERTEX_POINT ( 'NONE', #4613 ) ;
#3481 = CARTESIAN_POINT ( 'NONE',  ( 0.7946937836714691450, -0.3065665198382720447, 0.2799999999999999711 ) ) ;
#3482 = CARTESIAN_POINT ( 'NONE',  ( -0.6803386800598816286, -0.2391341263035014764, 0.2799999999999999711 ) ) ;
#3483 = LINE ( 'NONE', #2184, #4307 ) ;
#3484 = PLANE ( 'NONE',  #4456 ) ;
#3485 = DIRECTION ( 'NONE',  ( -0.0000000000000000000, 0.0000000000000000000, 1.000000000000000000 ) ) ;
#3486 = CARTESIAN_POINT ( 'NONE',  ( -1.099999999999998090, -1.000000000000000000, 0.2600000000000076694 ) ) ;
#3487 = DIRECTION ( 'NONE',  ( 0.0000000000000000000, -0.0000000000000000000, -1.000000000000000000 ) ) ;
#3488 = ORIENTED_EDGE ( 'NONE', *, *, #12, .T. ) ;
#3489 = CARTESIAN_POINT ( 'NONE',  ( 1.100000000000002087, -0.2500000000000002220, 0.2599999999999922928 ) ) ;
#3490 = SURFACE_SIDE_STYLE ('',( #2285 ) ) ;
#3491 = DIRECTION ( 'NONE',  ( -0.0000000000000000000, 0.0000000000000000000, -1.000000000000000000 ) ) ;
#3492 = VECTOR ( 'NONE', #2075, 1000.000000000000000 ) ;
#3493 = DIRECTION ( 'NONE',  ( 0.0000000000000000000, -0.0000000000000000000, 1.000000000000000000 ) ) ;
#3494 = CARTESIAN_POINT ( 'NONE',  ( 0.0000000000000000000, 0.0000000000000000000, 0.2599999999999999534 ) ) ;
#3495 = CARTESIAN_POINT ( 'NONE',  ( 0.0000000000000000000, 0.1776407652747671595, 0.2799999999999999711 ) ) ;
#3496 = VERTEX_POINT ( 'NONE', #160 ) ;
#3497 = DIRECTION ( 'NONE',  ( 0.0000000000000000000, 1.000000000000000000, 0.0000000000000000000 ) ) ;
#3498 = COLOUR_RGB ( '',0.8509803921568627194, 0.8509803921568627194, 0.8509803921568627194 ) ;
#3499 = ORIENTED_EDGE ( 'NONE', *, *, #784, .T. ) ;
#3500 = ORIENTED_EDGE ( 'NONE', *, *, #1759, .T. ) ;
#3501 = VERTEX_POINT ( 'NONE', #4495 ) ;
#3502 = EDGE_CURVE ( 'NONE', #3767, #32, #5404, .T. ) ;
#3503 = SURFACE_SIDE_STYLE ('',( #479 ) ) ;
#3504 = EDGE_CURVE ( 'NONE', #5450, #3832, #2598, .T. ) ;
#3505 = COLOUR_RGB ( '',0.8509803921568627194, 0.8509803921568627194, 0.8509803921568627194 ) ;
#3506 = VECTOR ( 'NONE', #1121, 1000.000000000000000 ) ;
#3507 = SHAPE_DEFINITION_REPRESENTATION ( #222, #4541 ) ;
#3508 =( NAMED_UNIT ( * ) PLANE_ANGLE_UNIT ( ) SI_UNIT ( $, .RADIAN. ) );
#3509 = FILL_AREA_STYLE ('',( #2183 ) ) ;
#3510 = CARTESIAN_POINT ( 'NONE',  ( -1.099999999999998979, -0.7499999999999997780, 0.2599999999999999534 ) ) ;
#3511 = CARTESIAN_POINT ( 'NONE',  ( 0.7385744931852191719, -0.5000000000000002220, 0.2799999999999999711 ) ) ;
#3512 = ADVANCED_FACE ( 'NONE', ( #1944 ), #1168, .T. ) ;
#3513 = DIRECTION ( 'NONE',  ( -0.0000000000000000000, -0.0000000000000000000, -1.000000000000000000 ) ) ;
#3514 = DIRECTION ( 'NONE',  ( 1.000000000000000000, 9.767585058201807468E-17, 0.0000000000000000000 ) ) ;
#3515 = PLANE ( 'NONE',  #3376 ) ;
#3516 = AXIS2_PLACEMENT_3D ( 'NONE', #3733, #2105, #2073 ) ;
#3517 = PRESENTATION_LAYER_ASSIGNMENT (  '', '', ( #3686 ) ) ;
#3518 = MECHANICAL_DESIGN_GEOMETRIC_PRESENTATION_REPRESENTATION (  '', ( #5234 ), #3256 ) ;
#3519 = AXIS2_PLACEMENT_3D ( 'NONE', #326, #2134, #815 ) ;
#3520 = LINE ( 'NONE', #2247, #819 ) ;
#3521 = VERTEX_POINT ( 'NONE', #4749 ) ;
#3522 = DIRECTION ( 'NONE',  ( 0.0000000000000000000, -1.000000000000000000, 0.0000000000000000000 ) ) ;
#3523 = DIRECTION ( 'NONE',  ( 0.0000000000000000000, 1.000000000000000000, 0.0000000000000000000 ) ) ;
#3524 = SURFACE_STYLE_FILL_AREA ( #2688 ) ;
#3525 = DIRECTION ( 'NONE',  ( -1.000000000000000000, 0.0000000000000000000, 0.0000000000000000000 ) ) ;
#3526 = VECTOR ( 'NONE', #359, 1000.000000000000000 ) ;
#3527 = EDGE_LOOP ( 'NONE', ( #4972, #5106, #3294, #3303 ) ) ;
#3528 = SURFACE_STYLE_FILL_AREA ( #3169 ) ;
#3529 = AXIS2_PLACEMENT_3D ( 'NONE', #2182, #3906, #3148 ) ;
#3530 = COLOUR_RGB ( '',0.8509803921568627194, 0.8509803921568627194, 0.8509803921568627194 ) ;
#3531 = EDGE_LOOP ( 'NONE', ( #2037, #2032, #1744, #1812 ) ) ;
#3532 = CARTESIAN_POINT ( 'NONE',  ( -0.5035437629006764837, -0.05709504976923729380, 0.2599999999999999534 ) ) ;
#3533 = ORIENTED_EDGE ( 'NONE', *, *, #641, .T. ) ;
#3534 = EDGE_LOOP ( 'NONE', ( #4304, #2351, #3271, #2865 ) ) ;
#3535 = VECTOR ( 'NONE', #5068, 1000.000000000000000 ) ;
#3536 = FILL_AREA_STYLE_COLOUR ( '', #1935 ) ;
#3537 = EDGE_CURVE ( 'NONE', #5036, #975, #2655, .T. ) ;
#3538 =( NAMED_UNIT ( * ) PLANE_ANGLE_UNIT ( ) SI_UNIT ( $, .RADIAN. ) );
#3539 = LINE ( 'NONE', #5264, #2080 ) ;
#3540 = DIRECTION ( 'NONE',  ( -8.673617379884037444E-16, -1.000000000000000000, -0.0000000000000000000 ) ) ;
#3541 = CIRCLE ( 'NONE', #5349, 0.2500000000000000000 ) ;
#3542 = ADVANCED_FACE ( 'NONE', ( #3371 ), #772, .T. ) ;
#3543 = EDGE_CURVE ( 'NONE', #4590, #2694, #3809, .T. ) ;
#3544 = STYLED_ITEM ( 'NONE', ( #877 ), #3960 ) ;
#3545 = FILL_AREA_STYLE_COLOUR ( '', #4967 ) ;
#3546 = PRESENTATION_STYLE_ASSIGNMENT (( #2709 ) ) ;
#3547 = ORIENTED_EDGE ( 'NONE', *, *, #173, .T. ) ;
#3548 = STYLED_ITEM ( 'NONE', ( #3238 ), #4235 ) ;
#3549 = CARTESIAN_POINT ( 'NONE',  ( 0.0000000000000000000, 0.6855750628389500889, 0.2799999999999999711 ) ) ;
#3550 =( GEOMETRIC_REPRESENTATION_CONTEXT ( 3 ) GLOBAL_UNCERTAINTY_ASSIGNED_CONTEXT ( ( #5211 ) ) GLOBAL_UNIT_ASSIGNED_CONTEXT ( ( #1307, #1361, #5191 ) ) REPRESENTATION_CONTEXT ( 'NONE', 'WORKASPACE' ) );
#3551 =( NAMED_UNIT ( * ) PLANE_ANGLE_UNIT ( ) SI_UNIT ( $, .RADIAN. ) );
#3552 = ORIENTED_EDGE ( 'NONE', *, *, #2964, .T. ) ;
#3553 = LINE ( 'NONE', #5282, #4695 ) ;
#3554 = ORIENTED_EDGE ( 'NONE', *, *, #605, .F. ) ;
#3555 = CYLINDRICAL_SURFACE ( 'NONE', #5453, 0.3637862597461454239 ) ;
#3556 = ORIENTED_EDGE ( 'NONE', *, *, #632, .F. ) ;
#3557 = ORIENTED_EDGE ( 'NONE', *, *, #959, .T. ) ;
#3558 = CARTESIAN_POINT ( 'NONE',  ( -1.100000000000001643, -3.816391647148981130E-15, 0.2799999999999999711 ) ) ;
#3559 = CARTESIAN_POINT ( 'NONE',  ( -0.4135483952989442713, -0.3593805362314128615, 0.2599999999999999534 ) ) ;
#3560 = FILL_AREA_STYLE_COLOUR ( '', #1542 ) ;
#3561 = DIRECTION ( 'NONE',  ( -0.0000000000000000000, 0.0000000000000000000, -1.000000000000000000 ) ) ;
#3562 = LINE ( 'NONE', #1433, #4048 ) ;
#3563 = UNCERTAINTY_MEASURE_WITH_UNIT (LENGTH_MEASURE( 1.000000000000000082E-05 ), #2748, 'distance_accuracy_value', 'NONE');
#3564 = SURFACE_STYLE_USAGE ( .BOTH. , #3968 ) ;
#3565 = ADVANCED_FACE ( 'NONE', ( #3453 ), #336, .F. ) ;
#3566 = CARTESIAN_POINT ( 'NONE',  ( 0.7672489025476870728, 0.6470277182179263731, 0.2599999999999999534 ) ) ;
#3567 = CARTESIAN_POINT ( 'NONE',  ( -1.100000000000001643, 3.816391647148981130E-15, 0.2799999999999999711 ) ) ;
#3568 = ORIENTED_EDGE ( 'NONE', *, *, #4337, .T. ) ;
#3569 = CARTESIAN_POINT ( 'NONE',  ( -0.6035437629006772386, 0.0000000000000000000, 0.2799999999999999711 ) ) ;
#3570 = EDGE_CURVE ( 'NONE', #3781, #2829, #3541, .T. ) ;
#3571 = EDGE_CURVE ( 'NONE', #149, #1364, #5541, .T. ) ;
#3572 = FILL_AREA_STYLE ('',( #3050 ) ) ;
#3573 = CARTESIAN_POINT ( 'NONE',  ( -1.100000000000000977, 0.7500000000000000000, 7.680894765701995475E-15 ) ) ;
#3574 = ORIENTED_EDGE ( 'NONE', *, *, #501, .F. ) ;
#3575 = B_SPLINE_CURVE_WITH_KNOTS ( 'NONE', 3,
 ( #1763, #4391, #38, #2664, #1870 ),
 .UNSPECIFIED., .F., .F.,
 ( 4, 1, 4 ),
 ( 0.08977583276714114213, 0.2929772087874236708, 1.000000000000000000 ),
 .UNSPECIFIED. ) ;
#3576 = ORIENTED_EDGE ( 'NONE', *, *, #3278, .T. ) ;
#3577 =( GEOMETRIC_REPRESENTATION_CONTEXT ( 3 ) GLOBAL_UNCERTAINTY_ASSIGNED_CONTEXT ( ( #130 ) ) GLOBAL_UNIT_ASSIGNED_CONTEXT ( ( #2189, #31, #3130 ) ) REPRESENTATION_CONTEXT ( 'NONE', 'WORKASPACE' ) );
#3578 = ORIENTED_EDGE ( 'NONE', *, *, #3377, .T. ) ;
#3579 = VERTEX_POINT ( 'NONE', #2553 ) ;
#3580 = CARTESIAN_POINT ( 'NONE',  ( -0.8737021536631368601, 0.8225389107019435153, 0.2599999999999999534 ) ) ;
#3581 = FILL_AREA_STYLE ('',( #3092 ) ) ;
#3582 = AXIS2_PLACEMENT_3D ( 'NONE', #4645, #2903, #2957 ) ;
#3583 = FILL_AREA_STYLE ('',( #131 ) ) ;
#3584 = SURFACE_SIDE_STYLE ('',( #195 ) ) ;
#3585 = CARTESIAN_POINT ( 'NONE',  ( -1.099999999999998090, 1.000000000000000000, 0.2600000000000076694 ) ) ;
#3586 = CARTESIAN_POINT ( 'NONE',  ( -2.407412430484044816E-32, 0.0000000000000000000, 0.0000000000000000000 ) ) ;
#3587 = SURFACE_STYLE_USAGE ( .BOTH. , #4496 ) ;
#3588 =( LENGTH_UNIT ( ) NAMED_UNIT ( * ) SI_UNIT ( .MILLI., .METRE. ) );
#3589 = CARTESIAN_POINT ( 'NONE',  ( 0.7946937836714690340, -0.3065665198382721002, 0.2599999999999999534 ) ) ;
#3590 =( GEOMETRIC_REPRESENTATION_CONTEXT ( 3 ) GLOBAL_UNCERTAINTY_ASSIGNED_CONTEXT ( ( #237 ) ) GLOBAL_UNIT_ASSIGNED_CONTEXT ( ( #5500, #1220, #786 ) ) REPRESENTATION_CONTEXT ( 'NONE', 'WORKASPACE' ) );
#3591 = AXIS2_PLACEMENT_3D ( 'NONE', #3462, #513, #426 ) ;
#3592 = FILL_AREA_STYLE ('',( #1530 ) ) ;
#3593 = ORIENTED_EDGE ( 'NONE', *, *, #3232, .F. ) ;
#3594 = STYLED_ITEM ( 'NONE', ( #3725 ), #1418 ) ;
#3595 = EDGE_CURVE ( 'NONE', #149, #4042, #4178, .T. ) ;
#3596 = DIRECTION ( 'NONE',  ( -0.0000000000000000000, 0.0000000000000000000, 1.000000000000000000 ) ) ;
#3597 = ADVANCED_FACE ( 'NONE', ( #5565 ), #1710, .F. ) ;
#3598 = DIRECTION ( 'NONE',  ( 6.982962677686268288E-15, -0.0000000000000000000, 1.000000000000000000 ) ) ;
#3599 = EDGE_LOOP ( 'NONE', ( #2582, #4742, #5372, #4386 ) ) ;
#3600 = COLOUR_RGB ( '',0.8509803921568627194, 0.8509803921568627194, 0.8509803921568627194 ) ;
#3601 =( LENGTH_UNIT ( ) NAMED_UNIT ( * ) SI_UNIT ( .MILLI., .METRE. ) );
#3602 = STYLED_ITEM ( 'NONE', ( #5128 ), #2223 ) ;
#3603 = PRESENTATION_LAYER_ASSIGNMENT (  '', '', ( #2531 ) ) ;
#3604 = EDGE_CURVE ( 'NONE', #3411, #990, #2586, .T. ) ;
#3605 = AXIS2_PLACEMENT_3D ( 'NONE', #1496, #5567, #3839 ) ;
#3606 = EDGE_CURVE ( 'NONE', #1875, #2471, #2144, .T. ) ;
#3607 = EDGE_LOOP ( 'NONE', ( #3933, #2563, #4346, #2567 ) ) ;
#3608 =( LENGTH_UNIT ( ) NAMED_UNIT ( * ) SI_UNIT ( .MILLI., .METRE. ) );
#3609 = ORIENTED_EDGE ( 'NONE', *, *, #186, .F. ) ;
#3610 = ORIENTED_EDGE ( 'NONE', *, *, #4360, .F. ) ;
#3611 = CARTESIAN_POINT ( 'NONE',  ( 0.3901487617419281406, 0.8637862597461452019, 0.2599999999999999534 ) ) ;
#3612 =( NAMED_UNIT ( * ) PLANE_ANGLE_UNIT ( ) SI_UNIT ( $, .RADIAN. ) );
#3613 = AXIS2_PLACEMENT_3D ( 'NONE', #4655, #352, #844 ) ;
#3614 = MECHANICAL_DESIGN_GEOMETRIC_PRESENTATION_REPRESENTATION (  '', ( #4249 ), #3346 ) ;
#3615 = AXIS2_PLACEMENT_3D ( 'NONE', #1004, #3967, #1410 ) ;
#3616 = DIRECTION ( 'NONE',  ( -1.000000000000000000, 0.0000000000000000000, 0.0000000000000000000 ) ) ;
#3617 = PRESENTATION_LAYER_ASSIGNMENT (  '', '', ( #1654 ) ) ;
#3618 = DIRECTION ( 'NONE',  ( -0.0000000000000000000, -0.0000000000000000000, -1.000000000000000000 ) ) ;
#3619 = FILL_AREA_STYLE ('',( #1464 ) ) ;
#3620 = COLOUR_RGB ( '',1.000000000000000000, 1.000000000000000000, 1.000000000000000000 ) ;
#3621 = CARTESIAN_POINT ( 'NONE',  ( -0.1178234831815653944, -0.5316465652036583833, 0.2810000000000000275 ) ) ;
#3622 = ORIENTED_EDGE ( 'NONE', *, *, #1204, .T. ) ;
#3623 = STYLED_ITEM ( 'NONE', ( #4131 ), #3470 ) ;
#3624 =( GEOMETRIC_REPRESENTATION_CONTEXT ( 3 ) GLOBAL_UNCERTAINTY_ASSIGNED_CONTEXT ( ( #4300 ) ) GLOBAL_UNIT_ASSIGNED_CONTEXT ( ( #4218, #1658, #3754 ) ) REPRESENTATION_CONTEXT ( 'NONE', 'WORKASPACE' ) );
#3625 = DIRECTION ( 'NONE',  ( -6.982962677686265922E-15, 0.0000000000000000000, -1.000000000000000000 ) ) ;
#3626 = SURFACE_STYLE_FILL_AREA ( #4932 ) ;
#3627 = SURFACE_STYLE_FILL_AREA ( #5301 ) ;
#3628 = COLOUR_RGB ( '',0.8509803921568627194, 0.8509803921568627194, 0.8509803921568627194 ) ;
#3629 = FILL_AREA_STYLE_COLOUR ( '', #1376 ) ;
#3630 = UNCERTAINTY_MEASURE_WITH_UNIT (LENGTH_MEASURE( 1.000000000000000082E-05 ), #4861, 'distance_accuracy_value', 'NONE');
#3631 = VECTOR ( 'NONE', #950, 1000.000000000000000 ) ;
#3632 = VERTEX_POINT ( 'NONE', #1854 ) ;
#3633 = ORIENTED_EDGE ( 'NONE', *, *, #3171, .T. ) ;
#3634 = EDGE_LOOP ( 'NONE', ( #4077, #2142, #4116, #966 ) ) ;
#3635 =( NAMED_UNIT ( * ) SI_UNIT ( $, .STERADIAN. ) SOLID_ANGLE_UNIT ( ) );
#3636 = EDGE_CURVE ( 'NONE', #1566, #5497, #2674, .T. ) ;
#3637 = COLOUR_RGB ( '',0.8509803921568627194, 0.8509803921568627194, 0.8509803921568627194 ) ;
#3638 = EDGE_CURVE ( 'NONE', #938, #2206, #5202, .T. ) ;
#3639 = UNCERTAINTY_MEASURE_WITH_UNIT (LENGTH_MEASURE( 1.000000000000000082E-05 ), #932, 'distance_accuracy_value', 'NONE');
#3640 = ORIENTED_EDGE ( 'NONE', *, *, #5060, .F. ) ;
#3641 = DIRECTION ( 'NONE',  ( -0.0000000000000000000, -0.0000000000000000000, -1.000000000000000000 ) ) ;
#3642 = LINE ( 'NONE', #3187, #2272 ) ;
#3643 = DIRECTION ( 'NONE',  ( -1.000000000000000000, 0.0000000000000000000, 6.983251342707903681E-15 ) ) ;
#3644 = LINE ( 'NONE', #2434, #732 ) ;
#3645 = CARTESIAN_POINT ( 'NONE',  ( -0.4000000000000000777, 1.858632295689436842E-16, 2.791820594150173918E-15 ) ) ;
#3646 = FILL_AREA_STYLE_COLOUR ( '', #3971 ) ;
#3647 = CARTESIAN_POINT ( 'NONE',  ( 1.100000000000002087, -0.5000000000000002220, 0.2799999999999999711 ) ) ;
#3648 = FILL_AREA_STYLE ('',( #2823 ) ) ;
#3649 = VERTEX_POINT ( 'NONE', #3147 ) ;
#3650 = CARTESIAN_POINT ( 'NONE',  ( -4.913710284933536052E-18, -0.2065665198382720669, 0.2799999999999999711 ) ) ;
#3651 = LINE ( 'NONE', #2768, #2426 ) ;
#3652 = LINE ( 'NONE', #3163, #5587 ) ;
#3653 = CARTESIAN_POINT ( 'NONE',  ( 0.3999999999999999667, -0.2000000000000001776, -2.791820594150173918E-15 ) ) ;
#3654 = FILL_AREA_STYLE_COLOUR ( '', #330 ) ;
#3655 = LINE ( 'NONE', #1999, #4338 ) ;
#3656 = ORIENTED_EDGE ( 'NONE', *, *, #2157, .T. ) ;
#3657 = LINE ( 'NONE', #4544, #2812 ) ;
#3658 = VERTEX_POINT ( 'NONE', #5232 ) ;
#3659 = CARTESIAN_POINT ( 'NONE',  ( 0.5124155170610091847, 0.3080817958270101187, 0.2799999999999999711 ) ) ;
#3660 = ORIENTED_EDGE ( 'NONE', *, *, #2474, .T. ) ;
#3661 = STYLED_ITEM ( 'NONE', ( #3714 ), #143 ) ;
#3662 = ORIENTED_EDGE ( 'NONE', *, *, #3570, .F. ) ;
#3663 = DIRECTION ( 'NONE',  ( 1.000000000000000000, 0.0000000000000000000, 0.0000000000000000000 ) ) ;
#3664 =( GEOMETRIC_REPRESENTATION_CONTEXT ( 3 ) GLOBAL_UNCERTAINTY_ASSIGNED_CONTEXT ( ( #999 ) ) GLOBAL_UNIT_ASSIGNED_CONTEXT ( ( #1724, #3432, #840 ) ) REPRESENTATION_CONTEXT ( 'NONE', 'WORKASPACE' ) );
#3665 = VERTEX_POINT ( 'NONE', #534 ) ;
#3666 = LINE ( 'NONE', #3341, #4324 ) ;
#3667 = EDGE_CURVE ( 'NONE', #4121, #2927, #1829, .T. ) ;
#3668 = EDGE_CURVE ( 'NONE', #2011, #1873, #996, .T. ) ;
#3669 = DIRECTION ( 'NONE',  ( -0.0000000000000000000, -0.0000000000000000000, -1.000000000000000000 ) ) ;
#3670 =( NAMED_UNIT ( * ) PLANE_ANGLE_UNIT ( ) SI_UNIT ( $, .RADIAN. ) );
#3671 = FACE_OUTER_BOUND ( 'NONE', #4578, .T. ) ;
#3672 =( NAMED_UNIT ( * ) PLANE_ANGLE_UNIT ( ) SI_UNIT ( $, .RADIAN. ) );
#3673 = MECHANICAL_DESIGN_GEOMETRIC_PRESENTATION_REPRESENTATION (  '', ( #516 ), #4222 ) ;
#3674 = VECTOR ( 'NONE', #4298, 1000.000000000000000 ) ;
#3675 = ADVANCED_FACE ( 'NONE', ( #2610 ), #4857, .F. ) ;
#3676 = DIRECTION ( 'NONE',  ( 1.000000000000000000, 0.0000000000000000000, 0.0000000000000000000 ) ) ;
#3677 = ORIENTED_EDGE ( 'NONE', *, *, #3100, .T. ) ;
#3678 = DIRECTION ( 'NONE',  ( 0.0000000000000000000, -1.000000000000000000, 0.0000000000000000000 ) ) ;
#3679 =( LENGTH_UNIT ( ) NAMED_UNIT ( * ) SI_UNIT ( .MILLI., .METRE. ) );
#3680 = CARTESIAN_POINT ( 'NONE',  ( -1.099999999999998090, -0.4999999999999997780, 0.2599999999999999534 ) ) ;
#3681 = VECTOR ( 'NONE', #3296, 1000.000000000000000 ) ;
#3682 = SURFACE_STYLE_FILL_AREA ( #4508 ) ;
#3683 = VERTEX_POINT ( 'NONE', #2702 ) ;
#3684 = FILL_AREA_STYLE_COLOUR ( '', #5052 ) ;
#3685 = COLOUR_RGB ( '',0.8509803921568627194, 0.8509803921568627194, 0.8509803921568627194 ) ;
#3686 = STYLED_ITEM ( 'NONE', ( #5378 ), #1379 ) ;
#3687 = ORIENTED_EDGE ( 'NONE', *, *, #4031, .T. ) ;
#3688 = LINE ( 'NONE', #1190, #482 ) ;
#3689 = ORIENTED_EDGE ( 'NONE', *, *, #2836, .F. ) ;
#3690 = MECHANICAL_DESIGN_GEOMETRIC_PRESENTATION_REPRESENTATION (  '', ( #1906 ), #5144 ) ;
#3691 = AXIS2_PLACEMENT_3D ( 'NONE', #5531, #2975, #1189 ) ;
#3692 = ORIENTED_EDGE ( 'NONE', *, *, #428, .T. ) ;
#3693 = SURFACE_STYLE_FILL_AREA ( #701 ) ;
#3694 = VECTOR ( 'NONE', #1284, 1000.000000000000000 ) ;
#3695 = MECHANICAL_DESIGN_GEOMETRIC_PRESENTATION_REPRESENTATION (  '', ( #3262 ), #1465 ) ;
#3696 = MECHANICAL_DESIGN_GEOMETRIC_PRESENTATION_REPRESENTATION (  '', ( #1552 ), #2533 ) ;
#3697 = ORIENTED_EDGE ( 'NONE', *, *, #2661, .T. ) ;
#3698 = STYLED_ITEM ( 'NONE', ( #1629 ), #5539 ) ;
#3699 = DIRECTION ( 'NONE',  ( -0.0000000000000000000, -0.0000000000000000000, -1.000000000000000000 ) ) ;
#3700 = VECTOR ( 'NONE', #4126, 1000.000000000000000 ) ;
#3701 = LINE ( 'NONE', #5028, #3193 ) ;
#3702 =( NAMED_UNIT ( * ) PLANE_ANGLE_UNIT ( ) SI_UNIT ( $, .RADIAN. ) );
#3703 = FACE_OUTER_BOUND ( 'NONE', #5426, .T. ) ;
#3704 = PRODUCT_RELATED_PRODUCT_CATEGORY ( 'part', '', ( #2679 ) ) ;
#3705 = STYLED_ITEM ( 'NONE', ( #350 ), #3064 ) ;
#3706 = LINE ( 'NONE', #799, #4484 ) ;
#3707 = CARTESIAN_POINT ( 'NONE',  ( -0.4000000000000000777, -0.1999999999999998723, 0.02000000000000279332 ) ) ;
#3708 = CARTESIAN_POINT ( 'NONE',  ( 0.7946937836714690340, -0.3065665198382721002, 0.2599999999999999534 ) ) ;
#3709 = COLOUR_RGB ( '',0.8509803921568627194, 0.8509803921568627194, 0.8509803921568627194 ) ;
#3710 = EDGE_CURVE ( 'NONE', #697, #5353, #3279, .T. ) ;
#3711 = EDGE_CURVE ( 'NONE', #5200, #1107, #3059, .T. ) ;
#3712 =( LENGTH_UNIT ( ) NAMED_UNIT ( * ) SI_UNIT ( .MILLI., .METRE. ) );
#3713 = LINE ( 'NONE', #723, #3029 ) ;
#3714 = PRESENTATION_STYLE_ASSIGNMENT (( #1950 ) ) ;
#3715 = ORIENTED_EDGE ( 'NONE', *, *, #1238, .T. ) ;
#3716 = CIRCLE ( 'NONE', #5169, 0.2500000000000000000 ) ;
#3717 = EDGE_LOOP ( 'NONE', ( #3677, #2483, #1568, #5302, #4258, #4120, #2107, #215, #94, #3037, #5115, #2607, #63, #1619 ) ) ;
#3718 = FILL_AREA_STYLE ('',( #2454 ) ) ;
#3719 = ORIENTED_EDGE ( 'NONE', *, *, #4162, .T. ) ;
#3720 = ORIENTED_EDGE ( 'NONE', *, *, #777, .F. ) ;
#3721 = ORIENTED_EDGE ( 'NONE', *, *, #5506, .F. ) ;
#3722 = VECTOR ( 'NONE', #2947, 1000.000000000000000 ) ;
#3723 = DIRECTION ( 'NONE',  ( 1.319749811710431715E-15, -1.000000000000000000, 0.0000000000000000000 ) ) ;
#3724 = DIRECTION ( 'NONE',  ( -0.0000000000000000000, -0.0000000000000000000, -1.000000000000000000 ) ) ;
#3725 = PRESENTATION_STYLE_ASSIGNMENT (( #3343 ) ) ;
#3726 = FACE_OUTER_BOUND ( 'NONE', #2776, .T. ) ;
#3727 = CARTESIAN_POINT ( 'NONE',  ( -1.391298174992573003E-16, -0.8999999999999999112, 0.02000000000000000042 ) ) ;
#3728 = VERTEX_POINT ( 'NONE', #2646 ) ;
#3729 = UNCERTAINTY_MEASURE_WITH_UNIT (LENGTH_MEASURE( 1.000000000000000082E-05 ), #2616, 'distance_accuracy_value', 'NONE');
#3730 =( NAMED_UNIT ( * ) PLANE_ANGLE_UNIT ( ) SI_UNIT ( $, .RADIAN. ) );
#3731 = VERTEX_POINT ( 'NONE', #3903 ) ;
#3732 = SURFACE_SIDE_STYLE ('',( #4987 ) ) ;
#3733 = CARTESIAN_POINT ( 'NONE',  ( 1.100000000000002087, 0.4999999999999997780, 0.2799999999999999711 ) ) ;
#3734 = FILL_AREA_STYLE ('',( #1996 ) ) ;
#3735 = CARTESIAN_POINT ( 'NONE',  ( -0.4343137556297431701, 0.4509946331943126552, 0.2599999999999999534 ) ) ;
#3736 = ORIENTED_EDGE ( 'NONE', *, *, #4269, .F. ) ;
#3737 = ADVANCED_FACE ( 'NONE', ( #2729 ), #4805, .F. ) ;
#3738 = EDGE_CURVE ( 'NONE', #238, #2457, #1023, .T. ) ;
#3739 = PRESENTATION_STYLE_ASSIGNMENT (( #3248 ) ) ;
#3740 = EDGE_LOOP ( 'NONE', ( #2231, #1825, #1677, #3736 ) ) ;
#3741 = DIRECTION ( 'NONE',  ( 1.000000000000000000, -2.378754451002343441E-17, 0.0000000000000000000 ) ) ;
#3742 = CARTESIAN_POINT ( 'NONE',  ( 1.100000000000002087, -0.5000000000000002220, 0.2599999999999999534 ) ) ;
#3743 = LINE ( 'NONE', #3358, #4727 ) ;
#3744 = ORIENTED_EDGE ( 'NONE', *, *, #3217, .T. ) ;
#3745 = ADVANCED_FACE ( 'NONE', ( #74 ), #1797, .T. ) ;
#3746 =( NAMED_UNIT ( * ) SI_UNIT ( $, .STERADIAN. ) SOLID_ANGLE_UNIT ( ) );
#3747 = ORIENTED_EDGE ( 'NONE', *, *, #140, .F. ) ;
#3748 = DIRECTION ( 'NONE',  ( -8.673617379884039416E-16, -1.000000000000000000, 0.0000000000000000000 ) ) ;
#3749 = FACE_OUTER_BOUND ( 'NONE', #4767, .T. ) ;
#3750 = UNCERTAINTY_MEASURE_WITH_UNIT (LENGTH_MEASURE( 1.000000000000000082E-05 ), #750, 'distance_accuracy_value', 'NONE');
#3751 = ORIENTED_EDGE ( 'NONE', *, *, #1306, .F. ) ;
#3752 = COLOUR_RGB ( '',0.7921568627450980005, 0.8196078431372548767, 0.9333333333333333481 ) ;
#3753 = CARTESIAN_POINT ( 'NONE',  ( 0.7249999999999999778, 1.000000000000000000, 0.8400000000000000799 ) ) ;
#3754 =( NAMED_UNIT ( * ) SI_UNIT ( $, .STERADIAN. ) SOLID_ANGLE_UNIT ( ) );
#3755 = DIRECTION ( 'NONE',  ( 1.000000000000000000, -9.856383386231857595E-17, -6.982631605183631963E-15 ) ) ;
#3756 = PRESENTATION_LAYER_ASSIGNMENT (  '', '', ( #3661 ) ) ;
#3757 = PLANE ( 'NONE',  #2830 ) ;
#3758 = AXIS2_PLACEMENT_3D ( 'NONE', #5352, #3676, #137 ) ;
#3759 = SURFACE_SIDE_STYLE ('',( #1663 ) ) ;
#3760 = ORIENTED_EDGE ( 'NONE', *, *, #3888, .F. ) ;
#3761 = FACE_OUTER_BOUND ( 'NONE', #1595, .T. ) ;
#3762 = DIRECTION ( 'NONE',  ( -0.0000000000000000000, -0.0000000000000000000, -1.000000000000000000 ) ) ;
#3763 = ORIENTED_EDGE ( 'NONE', *, *, #4776, .T. ) ;
#3764 = PRESENTATION_STYLE_ASSIGNMENT (( #2473 ) ) ;
#3765 = VECTOR ( 'NONE', #5559, 1000.000000000000000 ) ;
#3766 = FACE_OUTER_BOUND ( 'NONE', #4277, .T. ) ;
#3767 = VERTEX_POINT ( 'NONE', #2754 ) ;
#3768 = VECTOR ( 'NONE', #811, 1000.000000000000000 ) ;
#3769 = CARTESIAN_POINT ( 'NONE',  ( -7.738527931606581778E-18, 0.2000000000000000389, 0.0000000000000000000 ) ) ;
#3770 = EDGE_CURVE ( 'NONE', #20, #5166, #4574, .T. ) ;
#3771 = AXIS2_PLACEMENT_3D ( 'NONE', #5355, #5444, #202 ) ;
#3772 = ORIENTED_EDGE ( 'NONE', *, *, #2373, .F. ) ;
#3773 = LINE ( 'NONE', #4659, #1166 ) ;
#3774 = DIRECTION ( 'NONE',  ( 6.982962677686268288E-15, -0.0000000000000000000, 1.000000000000000000 ) ) ;
#3775 =( GEOMETRIC_REPRESENTATION_CONTEXT ( 3 ) GLOBAL_UNCERTAINTY_ASSIGNED_CONTEXT ( ( #3630 ) ) GLOBAL_UNIT_ASSIGNED_CONTEXT ( ( #4861, #3508, #509 ) ) REPRESENTATION_CONTEXT ( 'NONE', 'WORKASPACE' ) );
#3776 = DIRECTION ( 'NONE',  ( 1.000000000000000000, 0.0000000000000000000, 0.0000000000000000000 ) ) ;
#3777 = AXIS2_PLACEMENT_3D ( 'NONE', #2472, #775, #719 ) ;
#3778 = EDGE_CURVE ( 'NONE', #3955, #1248, #3716, .T. ) ;
#3779 = ADVANCED_FACE ( 'NONE', ( #242 ), #5431, .F. ) ;
#3780 = VECTOR ( 'NONE', #5482, 1000.000000000000000 ) ;
#3781 = VERTEX_POINT ( 'NONE', #4104 ) ;
#3782 = SURFACE_STYLE_USAGE ( .BOTH. , #4722 ) ;
#3783 = DIRECTION ( 'NONE',  ( 1.000000000000000000, 0.0000000000000000000, -0.0000000000000000000 ) ) ;
#3784 = VECTOR ( 'NONE', #86, 1000.000000000000000 ) ;
#3785 = LINE ( 'NONE', #5179, #825 ) ;
#3786 = VECTOR ( 'NONE', #4394, 1000.000000000000000 ) ;
#3787 = CARTESIAN_POINT ( 'NONE',  ( -1.099999999999998090, -0.4999999999999997780, 0.2599999999999999534 ) ) ;
#3788 = UNCERTAINTY_MEASURE_WITH_UNIT (LENGTH_MEASURE( 1.000000000000000082E-05 ), #4467, 'distance_accuracy_value', 'NONE');
#3789 = FACE_OUTER_BOUND ( 'NONE', #3086, .T. ) ;
#3790 = VERTEX_POINT ( 'NONE', #651 ) ;
#3791 = DIRECTION ( 'NONE',  ( -0.0000000000000000000, -0.0000000000000000000, -1.000000000000000000 ) ) ;
#3792 =( GEOMETRIC_REPRESENTATION_CONTEXT ( 3 ) GLOBAL_UNCERTAINTY_ASSIGNED_CONTEXT ( ( #3235 ) ) GLOBAL_UNIT_ASSIGNED_CONTEXT ( ( #4177, #3391, #759 ) ) REPRESENTATION_CONTEXT ( 'NONE', 'WORKASPACE' ) );
#3793 = MECHANICAL_DESIGN_GEOMETRIC_PRESENTATION_REPRESENTATION (  '', ( #5331 ), #2274 ) ;
#3794 = CARTESIAN_POINT ( 'NONE',  ( -0.1178234831815653944, -0.5316465652036583833, 0.2810000000000000275 ) ) ;
#3795 = CARTESIAN_POINT ( 'NONE',  ( 1.100000000000002087, 0.4999999999999997780, 0.2599999999999999534 ) ) ;
#3796 = COLOUR_RGB ( '',0.7921568627450980005, 0.8196078431372548767, 0.9333333333333333481 ) ;
#3797 = VERTEX_POINT ( 'NONE', #217 ) ;
#3798 =( GEOMETRIC_REPRESENTATION_CONTEXT ( 3 ) GLOBAL_UNCERTAINTY_ASSIGNED_CONTEXT ( ( #4038 ) ) GLOBAL_UNIT_ASSIGNED_CONTEXT ( ( #4927, #3730, #2790 ) ) REPRESENTATION_CONTEXT ( 'NONE', 'WORKASPACE' ) );
#3799 = CARTESIAN_POINT ( 'NONE',  ( -0.6766918921026191525, 0.6855750628389500889, 0.2599999999999999534 ) ) ;
#3800 = DIRECTION ( 'NONE',  ( 1.000000000000000000, 3.872150616019658957E-17, 0.0000000000000000000 ) ) ;
#3801 = CARTESIAN_POINT ( 'NONE',  ( 0.5359203924145662379, 1.036540087595036278E-16, 0.2799999999999999711 ) ) ;
#3802 = EDGE_LOOP ( 'NONE', ( #1540, #2388, #1046, #3660 ) ) ;
#3803 = CARTESIAN_POINT ( 'NONE',  ( -0.5393126090526830785, -0.6654789993909573376, 0.2799999999999999711 ) ) ;
#3804 = EDGE_LOOP ( 'NONE', ( #1052, #2234, #3315, #2894, #2626, #189, #5334, #652 ) ) ;
#3805 = EDGE_CURVE ( 'NONE', #1899, #182, #4984, .T. ) ;
#3806 =( NAMED_UNIT ( * ) PLANE_ANGLE_UNIT ( ) SI_UNIT ( $, .RADIAN. ) );
#3807 = VECTOR ( 'NONE', #5117, 1000.000000000000000 ) ;
#3808 = CARTESIAN_POINT ( 'NONE',  ( -0.4135483952989442713, -0.5316465652036583833, 0.2599999999999999534 ) ) ;
#3809 = CIRCLE ( 'NONE', #4442, 0.2500000000000000000 ) ;
#3810 = CARTESIAN_POINT ( 'NONE',  ( 0.5359203924145662379, 1.036540087595036278E-16, 0.2799999999999999711 ) ) ;
#3811 = EDGE_CURVE ( 'NONE', #675, #2011, #272, .T. ) ;
#3812 = ADVANCED_FACE ( 'NONE', ( #3749 ), #1195, .F. ) ;
#3813 = CARTESIAN_POINT ( 'NONE',  ( -1.099999999999999867, 1.000000000000000000, 0.02000000000000768177 ) ) ;
#3814 = STYLED_ITEM ( 'NONE', ( #2980 ), #3891 ) ;
#3815 = SURFACE_SIDE_STYLE ('',( #4248 ) ) ;
#3816 = COLOUR_RGB ( '',0.8509803921568627194, 0.8509803921568627194, 0.8509803921568627194 ) ;
#3817 = SURFACE_STYLE_USAGE ( .BOTH. , #2557 ) ;
#3818 = DIRECTION ( 'NONE',  ( -0.0000000000000000000, -0.0000000000000000000, -1.000000000000000000 ) ) ;
#3819 = DIRECTION ( 'NONE',  ( -1.000000000000000000, 0.0000000000000000000, 0.0000000000000000000 ) ) ;
#3820 = DIRECTION ( 'NONE',  ( -0.0000000000000000000, -0.0000000000000000000, -1.000000000000000000 ) ) ;
#3821 = ORIENTED_EDGE ( 'NONE', *, *, #1417, .F. ) ;
#3822 = DIRECTION ( 'NONE',  ( 0.0000000000000000000, 0.0000000000000000000, 1.000000000000000000 ) ) ;
#3823 = VECTOR ( 'NONE', #674, 1000.000000000000000 ) ;
#3824 = CARTESIAN_POINT ( 'NONE',  ( 1.100000000000002309, -9.540979117872460713E-16, 0.2599999999999999534 ) ) ;
#3825 = FILL_AREA_STYLE_COLOUR ( '', #2624 ) ;
#3826 = CARTESIAN_POINT ( 'NONE',  ( 1.100000000000002531, 0.2499999999999996669, 0.2599999999999922928 ) ) ;
#3827 = ORIENTED_EDGE ( 'NONE', *, *, #2056, .T. ) ;
#3828 =( NAMED_UNIT ( * ) SI_UNIT ( $, .STERADIAN. ) SOLID_ANGLE_UNIT ( ) );
#3829 = SURFACE_STYLE_USAGE ( .BOTH. , #5043 ) ;
#3830 = CARTESIAN_POINT ( 'NONE',  ( 1.100000000000002087, -0.1385744931852173067, 0.2799999999999999711 ) ) ;
#3831 = DIRECTION ( 'NONE',  ( 1.000000000000000000, 0.0000000000000000000, 0.0000000000000000000 ) ) ;
#3832 = VERTEX_POINT ( 'NONE', #2514 ) ;
#3833 = SURFACE_STYLE_USAGE ( .BOTH. , #1159 ) ;
#3834 = ORIENTED_EDGE ( 'NONE', *, *, #3336, .T. ) ;
#3835 = DIRECTION ( 'NONE',  ( 0.0000000000000000000, -0.0000000000000000000, -1.000000000000000000 ) ) ;
#3836 = EDGE_CURVE ( 'NONE', #3480, #5036, #2951, .T. ) ;
#3837 = EDGE_CURVE ( 'NONE', #1846, #5353, #4661, .T. ) ;
#3838 = DIRECTION ( 'NONE',  ( 1.000000000000000000, 0.0000000000000000000, 0.0000000000000000000 ) ) ;
#3839 = DIRECTION ( 'NONE',  ( 1.000000000000000000, 0.0000000000000000000, 0.0000000000000000000 ) ) ;
#3840 = LINE ( 'NONE', #459, #702 ) ;
#3841 =( LENGTH_UNIT ( ) NAMED_UNIT ( * ) SI_UNIT ( .MILLI., .METRE. ) );
#3842 = UNCERTAINTY_MEASURE_WITH_UNIT (LENGTH_MEASURE( 1.000000000000000082E-05 ), #4798, 'distance_accuracy_value', 'NONE');
#3843 = SURFACE_STYLE_FILL_AREA ( #5517 ) ;
#3844 = CARTESIAN_POINT ( 'NONE',  ( -1.099999999999998979, -0.2499999999999997780, 0.2799999999999999711 ) ) ;
#3845 =( NAMED_UNIT ( * ) SI_UNIT ( $, .STERADIAN. ) SOLID_ANGLE_UNIT ( ) );
#3846 = EDGE_CURVE ( 'NONE', #4965, #1632, #3373, .T. ) ;
#3847 = AXIS2_PLACEMENT_3D ( 'NONE', #3567, #1328, #1780 ) ;
#3848 = DIRECTION ( 'NONE',  ( 6.982962677686266711E-15, -0.0000000000000000000, 1.000000000000000000 ) ) ;
#3849 = EDGE_LOOP ( 'NONE', ( #1053, #2978, #5337, #2405, #4473, #3255, #3263, #1392, #3552, #5067, #5428, #645 ) ) ;
#3850 =( NAMED_UNIT ( * ) SI_UNIT ( $, .STERADIAN. ) SOLID_ANGLE_UNIT ( ) );
#3851 = FILL_AREA_STYLE_COLOUR ( '', #523 ) ;
#3852 = ORIENTED_EDGE ( 'NONE', *, *, #2046, .T. ) ;
#3853 = FILL_AREA_STYLE ('',( #324 ) ) ;
#3854 = AXIS2_PLACEMENT_3D ( 'NONE', #3787, #5516, #4617 ) ;
#3855 = UNCERTAINTY_MEASURE_WITH_UNIT (LENGTH_MEASURE( 1.000000000000000082E-05 ), #2218, 'distance_accuracy_value', 'NONE');
#3856 = DIRECTION ( 'NONE',  ( 1.000000000000000000, 0.0000000000000000000, 0.0000000000000000000 ) ) ;
#3857 = STYLED_ITEM ( 'NONE', ( #2887 ), #671 ) ;
#3858 = DIRECTION ( 'NONE',  ( -6.982962677686265922E-15, 0.0000000000000000000, -1.000000000000000000 ) ) ;
#3859 = ORIENTED_EDGE ( 'NONE', *, *, #708, .F. ) ;
#3860 = CARTESIAN_POINT ( 'NONE',  ( 0.4124155170610083188, 0.0000000000000000000, 0.2799999999999999711 ) ) ;
#3861 = CARTESIAN_POINT ( 'NONE',  ( -0.1178234831815653944, -0.3593805362314128615, 0.2810000000000000275 ) ) ;
#3862 = SURFACE_SIDE_STYLE ('',( #414 ) ) ;
#3863 = DIRECTION ( 'NONE',  ( 1.000000000000000000, 1.788196464443831756E-15, 0.0000000000000000000 ) ) ;
#3864 =( LENGTH_UNIT ( ) NAMED_UNIT ( * ) SI_UNIT ( .MILLI., .METRE. ) );
#3865 = VECTOR ( 'NONE', #1604, 1000.000000000000000 ) ;
#3866 = ORIENTED_EDGE ( 'NONE', *, *, #1549, .F. ) ;
#3867 = CARTESIAN_POINT ( 'NONE',  ( 1.100000000000002087, 0.0000000000000000000, 0.2799999999999999711 ) ) ;
#3868 = FILL_AREA_STYLE ('',( #5176 ) ) ;
#3869 =( LENGTH_UNIT ( ) NAMED_UNIT ( * ) SI_UNIT ( .MILLI., .METRE. ) );
#3870 = MECHANICAL_DESIGN_GEOMETRIC_PRESENTATION_REPRESENTATION (  '', ( #5588 ), #1977 ) ;
#3871 = CARTESIAN_POINT ( 'NONE',  ( -1.099999999999998090, 0.4999999999999997780, 0.2599999999999999534 ) ) ;
#3872 = LINE ( 'NONE', #5209, #1972 ) ;
#3873 = AXIS2_PLACEMENT_3D ( 'NONE', #4376, #5231, #4887 ) ;
#3874 = SURFACE_STYLE_USAGE ( .BOTH. , #5210 ) ;
#3875 = AXIS2_PLACEMENT_3D ( 'NONE', #880, #1227, #2516 ) ;
#3876 = CARTESIAN_POINT ( 'NONE',  ( 0.5359203924145662379, 0.0000000000000000000, 0.2799999999999999711 ) ) ;
#3877 = FACE_OUTER_BOUND ( 'NONE', #2400, .T. ) ;
#3878 = FILL_AREA_STYLE_COLOUR ( '', #4450 ) ;
#3879 = VECTOR ( 'NONE', #586, 1000.000000000000000 ) ;
#3880 = CIRCLE ( 'NONE', #4603, 0.3614255068147824712 ) ;
#3881 = SURFACE_STYLE_USAGE ( .BOTH. , #974 ) ;
#3882 = ORIENTED_EDGE ( 'NONE', *, *, #5163, .T. ) ;
#3883 = DIRECTION ( 'NONE',  ( 6.982962677686265922E-15, 0.0000000000000000000, 1.000000000000000000 ) ) ;
#3884 = FILL_AREA_STYLE ('',( #5218 ) ) ;
#3885 = MANIFOLD_SOLID_BREP ( 'Boss-Extrude2', #1493 ) ;
#3886 = COLOUR_RGB ( '',0.8509803921568627194, 0.8509803921568627194, 0.8509803921568627194 ) ;
#3887 = CARTESIAN_POINT ( 'NONE',  ( -1.099999999999999867, 1.000000000000000000, 0.02000000000000768177 ) ) ;
#3888 = EDGE_CURVE ( 'NONE', #1184, #4973, #2381, .T. ) ;
#3889 = VECTOR ( 'NONE', #1545, 1000.000000000000000 ) ;
#3890 =( GEOMETRIC_REPRESENTATION_CONTEXT ( 3 ) GLOBAL_UNCERTAINTY_ASSIGNED_CONTEXT ( ( #4985 ) ) GLOBAL_UNIT_ASSIGNED_CONTEXT ( ( #2408, #3670, #5403 ) ) REPRESENTATION_CONTEXT ( 'NONE', 'WORKASPACE' ) );
#3891 = ADVANCED_FACE ( 'NONE', ( #791 ), #3334, .F. ) ;
#3892 = MECHANICAL_DESIGN_GEOMETRIC_PRESENTATION_REPRESENTATION (  '', ( #3705 ), #2918 ) ;
#3893 = CARTESIAN_POINT ( 'NONE',  ( -0.6111183130522259699, -0.6072867474877421401, 0.2599999999999999534 ) ) ;
#3894 = DIRECTION ( 'NONE',  ( 0.0000000000000000000, 1.000000000000000000, 0.0000000000000000000 ) ) ;
#3895 =( LENGTH_UNIT ( ) NAMED_UNIT ( * ) SI_UNIT ( .MILLI., .METRE. ) );
#3896 = FILL_AREA_STYLE_COLOUR ( '', #2507 ) ;
#3897 = EDGE_LOOP ( 'NONE', ( #4572, #3322, #1539, #4118 ) ) ;
#3898 = CARTESIAN_POINT ( 'NONE',  ( -8.379754891853958856E-17, -1.000000000000000000, 0.0000000000000000000 ) ) ;
#3899 = AXIS2_PLACEMENT_3D ( 'NONE', #661, #5381, #5443 ) ;
#3900 = ORIENTED_EDGE ( 'NONE', *, *, #4027, .F. ) ;
#3901 = DIRECTION ( 'NONE',  ( -1.000000000000000000, 0.0000000000000000000, 6.983251342707906047E-15 ) ) ;
#3902 = ORIENTED_EDGE ( 'NONE', *, *, #2475, .F. ) ;
#3903 = CARTESIAN_POINT ( 'NONE',  ( 0.4124155170610083188, 0.2080817958270094192, 0.2599999999999999534 ) ) ;
#3904 = DIRECTION ( 'NONE',  ( -1.000000000000000000, 0.0000000000000000000, 6.938893903907228378E-15 ) ) ;
#3905 = MECHANICAL_DESIGN_GEOMETRIC_PRESENTATION_REPRESENTATION (  '', ( #3013 ), #15 ) ;
#3906 = DIRECTION ( 'NONE',  ( -1.000000000000000000, 0.0000000000000000000, 0.0000000000000000000 ) ) ;
#3907 = CARTESIAN_POINT ( 'NONE',  ( 9.856960716275130253E-17, 1.000000000000000000, 0.0000000000000000000 ) ) ;
#3908 = MECHANICAL_DESIGN_GEOMETRIC_PRESENTATION_REPRESENTATION (  '', ( #1577 ), #2196 ) ;
#3909 = DIRECTION ( 'NONE',  ( 0.0000000000000000000, 1.000000000000000000, 0.0000000000000000000 ) ) ;
#3910 = UNCERTAINTY_MEASURE_WITH_UNIT (LENGTH_MEASURE( 1.000000000000000082E-05 ), #2355, 'distance_accuracy_value', 'NONE');
#3911 = DIRECTION ( 'NONE',  ( 3.469446951953614189E-15, 1.000000000000000000, 0.0000000000000000000 ) ) ;
#3912 = FILL_AREA_STYLE_COLOUR ( '', #711 ) ;
#3913 = LINE ( 'NONE', #2128, #1218 ) ;
#3914 = CLOSED_SHELL ( 'NONE', ( #3565, #859, #4066, #3597, #5369, #246 ) ) ;
#3915 = VECTOR ( 'NONE', #2564, 1000.000000000000000 ) ;
#3916 = CARTESIAN_POINT ( 'NONE',  ( -0.5388595371840243509, 0.8637862597461452019, 0.2799999999999999711 ) ) ;
#3917 = ORIENTED_EDGE ( 'NONE', *, *, #1130, .F. ) ;
#3918 = SURFACE_SIDE_STYLE ('',( #2505 ) ) ;
#3919 = SURFACE_SIDE_STYLE ('',( #895 ) ) ;
#3920 = MECHANICAL_DESIGN_GEOMETRIC_PRESENTATION_REPRESENTATION (  '', ( #1309 ), #3114 ) ;
#3921 = UNCERTAINTY_MEASURE_WITH_UNIT (LENGTH_MEASURE( 1.000000000000000082E-05 ), #931, 'distance_accuracy_value', 'NONE');
#3922 = EDGE_CURVE ( 'NONE', #1873, #1643, #303, .T. ) ;
#3923 = STYLED_ITEM ( 'NONE', ( #374 ), #4754 ) ;
#3924 = DIRECTION ( 'NONE',  ( 1.000000000000000000, 0.0000000000000000000, 0.0000000000000000000 ) ) ;
#3925 = EDGE_CURVE ( 'NONE', #1934, #3731, #3053, .T. ) ;
#3926 = CARTESIAN_POINT ( 'NONE',  ( 0.5359203924145662379, -0.2065665198382720669, 0.2799999999999999711 ) ) ;
#3927 = DIRECTION ( 'NONE',  ( 0.0000000000000000000, 1.000000000000000000, 0.0000000000000000000 ) ) ;
#3928 = SURFACE_SIDE_STYLE ('',( #3948 ) ) ;
#3929 = CARTESIAN_POINT ( 'NONE',  ( 1.100000000000002531, 0.1362137402538543540, 0.2799999999999999711 ) ) ;
#3930 = EDGE_CURVE ( 'NONE', #5194, #1304, #3223, .T. ) ;
#3931 = ORIENTED_EDGE ( 'NONE', *, *, #3477, .F. ) ;
#3932 = ORIENTED_EDGE ( 'NONE', *, *, #529, .T. ) ;
#3933 = ORIENTED_EDGE ( 'NONE', *, *, #1344, .T. ) ;
#3934 = DIRECTION ( 'NONE',  ( 0.0000000000000000000, -0.0000000000000000000, -1.000000000000000000 ) ) ;
#3935 = FACE_OUTER_BOUND ( 'NONE', #1953, .T. ) ;
#3936 = PRODUCT_CONTEXT ( 'NONE', #3365, 'mechanical' ) ;
#3937 = SURFACE_STYLE_USAGE ( .BOTH. , #2318 ) ;
#3938 = DIRECTION ( 'NONE',  ( -3.097720492815727166E-16, -1.000000000000000000, 2.163126658723613029E-30 ) ) ;
#3939 =( LENGTH_UNIT ( ) NAMED_UNIT ( * ) SI_UNIT ( .MILLI., .METRE. ) );
#3940 = CARTESIAN_POINT ( 'NONE',  ( -1.099999999999998979, 0.7500000000000000000, 0.2600000000000076694 ) ) ;
#3941 = DIRECTION ( 'NONE',  ( 1.000000000000000000, 0.0000000000000000000, 0.0000000000000000000 ) ) ;
#3942 = VERTEX_POINT ( 'NONE', #2228 ) ;
#3943 = DIRECTION ( 'NONE',  ( -0.0000000000000000000, -0.0000000000000000000, -1.000000000000000000 ) ) ;
#3944 = FILL_AREA_STYLE_COLOUR ( '', #4491 ) ;
#3945 = CARTESIAN_POINT ( 'NONE',  ( -1.100000000000000977, 0.0000000000000000000, 7.680894765701995475E-15 ) ) ;
#3946 = VECTOR ( 'NONE', #4257, 1000.000000000000000 ) ;
#3947 =( LENGTH_UNIT ( ) NAMED_UNIT ( * ) SI_UNIT ( .MILLI., .METRE. ) );
#3948 = SURFACE_STYLE_FILL_AREA ( #4740 ) ;
#3949 = ORIENTED_EDGE ( 'NONE', *, *, #600, .F. ) ;
#3950 = EDGE_CURVE ( 'NONE', #1643, #675, #2638, .T. ) ;
#3951 = EDGE_CURVE ( 'NONE', #4965, #238, #3447, .T. ) ;
#3952 = STYLED_ITEM ( 'NONE', ( #2059 ), #816 ) ;
#3953 = SURFACE_STYLE_FILL_AREA ( #1900 ) ;
#3954 = ORIENTED_EDGE ( 'NONE', *, *, #2166, .F. ) ;
#3955 = VERTEX_POINT ( 'NONE', #1338 ) ;
#3956 =( NAMED_UNIT ( * ) PLANE_ANGLE_UNIT ( ) SI_UNIT ( $, .RADIAN. ) );
#3957 = DIRECTION ( 'NONE',  ( -0.0000000000000000000, 0.0000000000000000000, -1.000000000000000000 ) ) ;
#3958 = FILL_AREA_STYLE_COLOUR ( '', #4774 ) ;
#3959 = EDGE_CURVE ( 'NONE', #3728, #1454, #64, .T. ) ;
#3960 = ADVANCED_FACE ( 'NONE', ( #3034 ), #4929, .T. ) ;
#3961 = AXIS2_PLACEMENT_3D ( 'NONE', #385, #2919, #3856 ) ;
#3962 = STYLED_ITEM ( 'NONE', ( #5245 ), #1351 ) ;
#3963 = DIRECTION ( 'NONE',  ( 0.0000000000000000000, 0.0000000000000000000, 1.000000000000000000 ) ) ;
#3964 = CARTESIAN_POINT ( 'NONE',  ( 0.7174695751538135990, 0.3080817958270101187, 0.2799999999999999711 ) ) ;
#3965 =( NAMED_UNIT ( * ) SI_UNIT ( $, .STERADIAN. ) SOLID_ANGLE_UNIT ( ) );
#3966 = CARTESIAN_POINT ( 'NONE',  ( 1.100000000000000311, 0.9000000000000000222, -7.680894765701995475E-15 ) ) ;
#3967 = DIRECTION ( 'NONE',  ( 1.000000000000000000, 0.0000000000000000000, -0.0000000000000000000 ) ) ;
#3968 = SURFACE_SIDE_STYLE ('',( #5269 ) ) ;
#3969 = CARTESIAN_POINT ( 'NONE',  ( 0.05584305983497199477, -0.3593805362314128615, 0.2810000000000000275 ) ) ;
#3970 = STYLED_ITEM ( 'NONE', ( #568 ), #1957 ) ;
#3971 = COLOUR_RGB ( '',0.8509803921568627194, 0.8509803921568627194, 0.8509803921568627194 ) ;
#3972 = AXIS2_PLACEMENT_3D ( 'NONE', #3558, #5287, #1429 ) ;
#3973 = STYLED_ITEM ( 'NONE', ( #2489 ), #2200 ) ;
#3974 = VECTOR ( 'NONE', #3001, 1000.000000000000000 ) ;
#3975 = CARTESIAN_POINT ( 'NONE',  ( -1.099999999999998090, 1.000000000000000000, 0.2600000000000076694 ) ) ;
#3976 = PRESENTATION_STYLE_ASSIGNMENT (( #3881 ) ) ;
#3977 = EDGE_LOOP ( 'NONE', ( #4910, #3593, #2839, #151 ) ) ;
#3978 = FILL_AREA_STYLE ('',( #2686 ) ) ;
#3979 = CARTESIAN_POINT ( 'NONE',  ( 0.7174695751538135990, 0.3080817958270101187, 0.2799999999999999711 ) ) ;
#3980 = CIRCLE ( 'NONE', #5595, 0.2500000000000000000 ) ;
#3981 = STYLED_ITEM ( 'NONE', ( #489 ), #2403 ) ;
#3982 = DIRECTION ( 'NONE',  ( -6.982962677686265922E-15, 0.0000000000000000000, -1.000000000000000000 ) ) ;
#3983 = STYLED_ITEM ( 'NONE', ( #2452 ), #5408 ) ;
#3984 =( GEOMETRIC_REPRESENTATION_CONTEXT ( 3 ) GLOBAL_UNCERTAINTY_ASSIGNED_CONTEXT ( ( #3471 ) ) GLOBAL_UNIT_ASSIGNED_CONTEXT ( ( #1384, #2613, #2275 ) ) REPRESENTATION_CONTEXT ( 'NONE', 'WORKASPACE' ) );
#3985 = CARTESIAN_POINT ( 'NONE',  ( -1.099999999999998090, -1.000000000000000000, 0.2600000000000076694 ) ) ;
#3986 = PRESENTATION_STYLE_ASSIGNMENT (( #4795 ) ) ;
#3987 = ORIENTED_EDGE ( 'NONE', *, *, #4686, .T. ) ;
#3988 = DIRECTION ( 'NONE',  ( 6.983251342707903681E-15, -0.0000000000000000000, 1.000000000000000000 ) ) ;
#3989 = MECHANICAL_DESIGN_GEOMETRIC_PRESENTATION_REPRESENTATION (  '', ( #3268 ), #2917 ) ;
#3990 = ORIENTED_EDGE ( 'NONE', *, *, #2091, .F. ) ;
#3991 = ORIENTED_EDGE ( 'NONE', *, *, #2964, .F. ) ;
#3992 = ADVANCED_FACE ( 'NONE', ( #2668 ), #4476, .T. ) ;
#3993 = VERTEX_POINT ( 'NONE', #1144 ) ;
#3994 = SURFACE_STYLE_USAGE ( .BOTH. , #102 ) ;
#3995 = STYLED_ITEM ( 'NONE', ( #1415 ), #3138 ) ;
#3996 = CARTESIAN_POINT ( 'NONE',  ( -1.099999999999999867, -1.000000000000000000, 0.02000000000000768177 ) ) ;
#3997 = MANIFOLD_SOLID_BREP ( 'Boss-Extrude4[1]', #1339 ) ;
#3998 = CARTESIAN_POINT ( 'NONE',  ( 0.05584305983497199477, -0.3593805362314128615, 0.2810000000000000275 ) ) ;
#3999 = CARTESIAN_POINT ( 'NONE',  ( 0.7978332356883809373, -0.08504592687205501933, 0.2599999999999999534 ) ) ;
#4000 = EDGE_CURVE ( 'NONE', #1428, #4287, #2876, .T. ) ;
#4001 = EDGE_CURVE ( 'NONE', #3797, #736, #4169, .T. ) ;
#4002 = CARTESIAN_POINT ( 'NONE',  ( -0.8579650736781121445, -0.2234521286737552181, 0.2799999999999999711 ) ) ;
#4003 = FILL_AREA_STYLE ('',( #1192 ) ) ;
#4004 = CARTESIAN_POINT ( 'NONE',  ( -0.7249999999999999778, -1.000000000000000000, 0.2599999999999999534 ) ) ;
#4005 = DIRECTION ( 'NONE',  ( -0.0000000000000000000, -0.0000000000000000000, -1.000000000000000000 ) ) ;
#4006 = PLANE ( 'NONE',  #4666 ) ;
#4007 = ORIENTED_EDGE ( 'NONE', *, *, #1098, .F. ) ;
#4008 = DIRECTION ( 'NONE',  ( 3.469446951953614189E-15, -1.000000000000000000, 0.0000000000000000000 ) ) ;
#4009 = CARTESIAN_POINT ( 'NONE',  ( 1.100000000000002531, 0.7499999999999997780, 0.2799999999999999711 ) ) ;
#4010 = CARTESIAN_POINT ( 'NONE',  ( 0.0000000000000000000, -0.05709504976923727992, 0.2799999999999999711 ) ) ;
#4011 =( NAMED_UNIT ( * ) PLANE_ANGLE_UNIT ( ) SI_UNIT ( $, .RADIAN. ) );
#4012 = VERTEX_POINT ( 'NONE', #1968 ) ;
#4013 = COLOUR_RGB ( '',0.8509803921568627194, 0.8509803921568627194, 0.8509803921568627194 ) ;
#4014 = PRESENTATION_STYLE_ASSIGNMENT (( #1448 ) ) ;
#4015 = VERTEX_POINT ( 'NONE', #287 ) ;
#4016 = SURFACE_STYLE_USAGE ( .BOTH. , #559 ) ;
#4017 = PRESENTATION_LAYER_ASSIGNMENT (  '', '', ( #4642 ) ) ;
#4018 = ORIENTED_EDGE ( 'NONE', *, *, #2230, .F. ) ;
#4019 = CARTESIAN_POINT ( 'NONE',  ( 1.100000000000000089, -0.5000000000000002220, -7.680894765701995475E-15 ) ) ;
#4020 = VERTEX_POINT ( 'NONE', #720 ) ;
#4021 = ORIENTED_EDGE ( 'NONE', *, *, #4776, .F. ) ;
#4022 = DIRECTION ( 'NONE',  ( 1.000000000000000000, 0.0000000000000000000, 0.0000000000000000000 ) ) ;
#4023 = FACE_OUTER_BOUND ( 'NONE', #1498, .T. ) ;
#4024 = FACE_OUTER_BOUND ( 'NONE', #531, .T. ) ;
#4025 = B_SPLINE_SURFACE_WITH_KNOTS ( 'NONE', 3, 1, ( 
 ( #1015, #2745 ),
 ( #1044, #177 ),
 ( #4990, #5012 ),
 ( #4587, #1949 ) ),
 .UNSPECIFIED., .F., .F., .F.,
 ( 4, 4 ),
 ( 2, 2 ),
 ( 0.0000000000000000000, 1.000000000000000000 ),
 ( 0.0000000000000000000, 1.000000000000000000 ),
 .UNSPECIFIED. ) ;
#4026 = ADVANCED_FACE ( 'NONE', ( #1559 ), #4226, .F. ) ;
#4027 = EDGE_CURVE ( 'NONE', #1827, #5261, #5185, .T. ) ;
#4028 = CARTESIAN_POINT ( 'NONE',  ( 0.7174695751538135990, -0.08025157153844877933, 0.2799999999999999711 ) ) ;
#4029 = EDGE_LOOP ( 'NONE', ( #4101, #5561, #1593, #1414 ) ) ;
#4030 = DIRECTION ( 'NONE',  ( -1.000000000000000000, 0.0000000000000000000, 6.938893903907228378E-15 ) ) ;
#4031 = EDGE_CURVE ( 'NONE', #3233, #1485, #4733, .T. ) ;
#4032 = CARTESIAN_POINT ( 'NONE',  ( -1.071157378566040208, 0.8626410704386738848, 0.2799999999999999711 ) ) ;
#4033 = PRESENTATION_STYLE_ASSIGNMENT (( #4065 ) ) ;
#4034 = CARTESIAN_POINT ( 'NONE',  ( 0.8230581300528493349, 0.2641109509742673445, 0.2599999999999999534 ) ) ;
#4035 = ORIENTED_EDGE ( 'NONE', *, *, #4200, .T. ) ;
#4036 =( NAMED_UNIT ( * ) PLANE_ANGLE_UNIT ( ) SI_UNIT ( $, .RADIAN. ) );
#4037 = VECTOR ( 'NONE', #1241, 1000.000000000000000 ) ;
#4038 = UNCERTAINTY_MEASURE_WITH_UNIT (LENGTH_MEASURE( 1.000000000000000082E-05 ), #4927, 'distance_accuracy_value', 'NONE');
#4039 = ORIENTED_EDGE ( 'NONE', *, *, #679, .T. ) ;
#4040 = AXIS2_PLACEMENT_3D ( 'NONE', #2941, #3848, #317 ) ;
#4041 = LINE ( 'NONE', #300, #3722 ) ;
#4042 = VERTEX_POINT ( 'NONE', #3043 ) ;
#4043 = ORIENTED_EDGE ( 'NONE', *, *, #4890, .T. ) ;
#4044 = FACE_OUTER_BOUND ( 'NONE', #256, .T. ) ;
#4045 = STYLED_ITEM ( 'NONE', ( #1119 ), #320 ) ;
#4046 = UNCERTAINTY_MEASURE_WITH_UNIT (LENGTH_MEASURE( 1.000000000000000082E-05 ), #4559, 'distance_accuracy_value', 'NONE');
#4047 = FILL_AREA_STYLE ('',( #3560 ) ) ;
#4048 = VECTOR ( 'NONE', #4863, 1000.000000000000000 ) ;
#4049 = PLANE ( 'NONE',  #5031 ) ;
#4050 =( NAMED_UNIT ( * ) PLANE_ANGLE_UNIT ( ) SI_UNIT ( $, .RADIAN. ) );
#4051 = CARTESIAN_POINT ( 'NONE',  ( -1.099999999999998090, -0.4999999999999997780, 0.2799999999999999711 ) ) ;
#4052 = STYLED_ITEM ( 'NONE', ( #3986 ), #884 ) ;
#4053 = DIRECTION ( 'NONE',  ( -0.0000000000000000000, -0.0000000000000000000, -1.000000000000000000 ) ) ;
#4054 = ORIENTED_EDGE ( 'NONE', *, *, #3137, .T. ) ;
#4055 = EDGE_CURVE ( 'NONE', #906, #2413, #2990, .T. ) ;
#4056 = CIRCLE ( 'NONE', #1627, 0.1000000000000000472 ) ;
#4057 = VECTOR ( 'NONE', #1837, 1000.000000000000000 ) ;
#4058 = CARTESIAN_POINT ( 'NONE',  ( 0.8132557169139246200, -0.2164558030324802707, 0.2599999999999999534 ) ) ;
#4059 = ORIENTED_EDGE ( 'NONE', *, *, #5513, .T. ) ;
#4060 = SURFACE_STYLE_USAGE ( .BOTH. , #4503 ) ;
#4061 = STYLED_ITEM ( 'NONE', ( #3266 ), #4820 ) ;
#4062 =( GEOMETRIC_REPRESENTATION_CONTEXT ( 3 ) GLOBAL_UNCERTAINTY_ASSIGNED_CONTEXT ( ( #2689 ) ) GLOBAL_UNIT_ASSIGNED_CONTEXT ( ( #2814, #5434, #193 ) ) REPRESENTATION_CONTEXT ( 'NONE', 'WORKASPACE' ) );
#4063 = AXIS2_PLACEMENT_3D ( 'NONE', #3012, #2180, #4806 ) ;
#4064 =( LENGTH_UNIT ( ) NAMED_UNIT ( * ) SI_UNIT ( .MILLI., .METRE. ) );
#4065 = SURFACE_STYLE_USAGE ( .BOTH. , #1818 ) ;
#4066 = ADVANCED_FACE ( 'NONE', ( #5604 ), #2592, .F. ) ;
#4067 = EDGE_CURVE ( 'NONE', #3177, #1472, #29, .T. ) ;
#4068 = DIRECTION ( 'NONE',  ( -1.000000000000000000, -3.469446951953614189E-15, 6.982962677686265922E-15 ) ) ;
#4069 = VERTEX_POINT ( 'NONE', #5550 ) ;
#4070 = MECHANICAL_DESIGN_GEOMETRIC_PRESENTATION_REPRESENTATION (  '', ( #5314 ), #2524 ) ;
#4071 = CARTESIAN_POINT ( 'NONE',  ( -1.099999999999998979, 0.2499999999999998335, 0.2599999999999999534 ) ) ;
#4072 = VECTOR ( 'NONE', #2873, 1000.000000000000000 ) ;
#4073 = PRESENTATION_LAYER_ASSIGNMENT (  '', '', ( #2175 ) ) ;
#4074 = ORIENTED_EDGE ( 'NONE', *, *, #4237, .T. ) ;
#4075 = LINE ( 'NONE', #2805, #5361 ) ;
#4076 = VERTEX_POINT ( 'NONE', #2530 ) ;
#4077 = ORIENTED_EDGE ( 'NONE', *, *, #1958, .F. ) ;
#4078 = STYLED_ITEM ( 'NONE', ( #4591 ), #5374 ) ;
#4079 = PRESENTATION_LAYER_ASSIGNMENT (  '', '', ( #4425 ) ) ;
#4080 = DIRECTION ( 'NONE',  ( 1.734723475976807094E-15, -1.000000000000000000, -1.211401004284196027E-29 ) ) ;
#4081 = CARTESIAN_POINT ( 'NONE',  ( -0.6957328749551370262, 0.6914393411476200679, 0.2799999999999999711 ) ) ;
#4082 = CARTESIAN_POINT ( 'NONE',  ( -0.4000000000000000777, 0.0000000000000000000, 2.791820594150173918E-15 ) ) ;
#4083 = PRESENTATION_LAYER_ASSIGNMENT (  '', '', ( #3995 ) ) ;
#4084 = CARTESIAN_POINT ( 'NONE',  ( -1.099999999999998090, 0.4999999999999997780, 0.2799999999999999711 ) ) ;
#4085 = CARTESIAN_POINT ( 'NONE',  ( -0.3095939579225142069, -0.3593805362314128615, 0.2810000000000000275 ) ) ;
#4086 = EDGE_LOOP ( 'NONE', ( #3397, #2257, #5174, #1606 ) ) ;
#4087 = LINE ( 'NONE', #4986, #4682 ) ;
#4088 = CARTESIAN_POINT ( 'NONE',  ( -1.099999999999998090, -1.000000000000000000, 0.2600000000000076694 ) ) ;
#4089 = AXIS2_PLACEMENT_3D ( 'NONE', #4350, #3934, #47 ) ;
#4090 = SURFACE_STYLE_FILL_AREA ( #3734 ) ;
#4091 = CARTESIAN_POINT ( 'NONE',  ( 1.100000000000000089, -0.5000000000000002220, -7.680894765701995475E-15 ) ) ;
#4092 = CARTESIAN_POINT ( 'NONE',  ( -1.099999999999998090, 0.4999999999999997780, 0.2600000000000076694 ) ) ;
#4093 = ORIENTED_EDGE ( 'NONE', *, *, #493, .F. ) ;
#4094 = CARTESIAN_POINT ( 'NONE',  ( -1.099999999999998090, -1.000000000000000000, 0.2600000000000076694 ) ) ;
#4095 = PRESENTATION_LAYER_ASSIGNMENT (  '', '', ( #3814 ) ) ;
#4096 = EDGE_CURVE ( 'NONE', #2266, #450, #3913, .T. ) ;
#4097 = ADVANCED_FACE ( 'NONE', ( #1298 ), #4702, .T. ) ;
#4098 = PRESENTATION_LAYER_ASSIGNMENT (  '', '', ( #944 ) ) ;
#4099 = ORIENTED_EDGE ( 'NONE', *, *, #3036, .F. ) ;
#4100 = DIRECTION ( 'NONE',  ( 0.0000000000000000000, -0.0000000000000000000, -1.000000000000000000 ) ) ;
#4101 = ORIENTED_EDGE ( 'NONE', *, *, #364, .F. ) ;
#4102 = ORIENTED_EDGE ( 'NONE', *, *, #535, .T. ) ;
#4103 = FACE_OUTER_BOUND ( 'NONE', #1092, .T. ) ;
#4104 = CARTESIAN_POINT ( 'NONE',  ( -1.099999999999998979, -0.7499999999999997780, 0.2600000000000076694 ) ) ;
#4105 = ADVANCED_FACE ( 'NONE', ( #3431 ), #5157, .T. ) ;
#4106 = VERTEX_POINT ( 'NONE', #4004 ) ;
#4107 = PLANE ( 'NONE',  #3071 ) ;
#4108 =( NAMED_UNIT ( * ) PLANE_ANGLE_UNIT ( ) SI_UNIT ( $, .RADIAN. ) );
#4109 = SURFACE_STYLE_USAGE ( .BOTH. , #2849 ) ;
#4110 = LINE ( 'NONE', #4922, #1299 ) ;
#4111 =( NAMED_UNIT ( * ) PLANE_ANGLE_UNIT ( ) SI_UNIT ( $, .RADIAN. ) );
#4112 = FACE_OUTER_BOUND ( 'NONE', #1703, .T. ) ;
#4113 = ORIENTED_EDGE ( 'NONE', *, *, #147, .T. ) ;
#4114 = CARTESIAN_POINT ( 'NONE',  ( 0.7249999999999999778, -1.000000000000000000, 0.8400000000000000799 ) ) ;
#4115 =( NAMED_UNIT ( * ) PLANE_ANGLE_UNIT ( ) SI_UNIT ( $, .RADIAN. ) );
#4116 = ORIENTED_EDGE ( 'NONE', *, *, #1892, .T. ) ;
#4117 = FACE_OUTER_BOUND ( 'NONE', #2773, .T. ) ;
#4118 = ORIENTED_EDGE ( 'NONE', *, *, #210, .T. ) ;
#4119 = CARTESIAN_POINT ( 'NONE',  ( -0.5740798441076682135, -0.6849774522544942457, 0.2799999999999999711 ) ) ;
#4120 = ORIENTED_EDGE ( 'NONE', *, *, #1791, .T. ) ;
#4121 = VERTEX_POINT ( 'NONE', #1437 ) ;
#4122 = EDGE_CURVE ( 'NONE', #1742, #4547, #163, .T. ) ;
#4123 =( LENGTH_UNIT ( ) NAMED_UNIT ( * ) SI_UNIT ( .MILLI., .METRE. ) );
#4124 = ORIENTED_EDGE ( 'NONE', *, *, #3638, .T. ) ;
#4125 = LINE ( 'NONE', #3311, #4961 ) ;
#4126 = DIRECTION ( 'NONE',  ( -0.0000000000000000000, -0.0000000000000000000, -1.000000000000000000 ) ) ;
#4127 = EDGE_CURVE ( 'NONE', #2888, #5033, #576, .T. ) ;
#4128 = DIRECTION ( 'NONE',  ( -1.000000000000000000, 0.0000000000000000000, 0.0000000000000000000 ) ) ;
#4129 = UNCERTAINTY_MEASURE_WITH_UNIT (LENGTH_MEASURE( 1.000000000000000082E-05 ), #1321, 'distance_accuracy_value', 'NONE');
#4130 = EDGE_CURVE ( 'NONE', #1566, #5591, #1413, .T. ) ;
#4131 = PRESENTATION_STYLE_ASSIGNMENT (( #4579 ) ) ;
#4132 = FILL_AREA_STYLE ('',( #2411 ) ) ;
#4133 = VECTOR ( 'NONE', #3427, 1000.000000000000000 ) ;
#4134 = PLANE ( 'NONE',  #2439 ) ;
#4135 = ORIENTED_EDGE ( 'NONE', *, *, #3502, .F. ) ;
#4136 = PLANE ( 'NONE',  #2648 ) ;
#4137 = CYLINDRICAL_SURFACE ( 'NONE', #1898, 0.2500000000000000000 ) ;
#4138 =( GEOMETRIC_REPRESENTATION_CONTEXT ( 3 ) GLOBAL_UNCERTAINTY_ASSIGNED_CONTEXT ( ( #3210 ) ) GLOBAL_UNIT_ASSIGNED_CONTEXT ( ( #3416, #4311, #4741 ) ) REPRESENTATION_CONTEXT ( 'NONE', 'WORKASPACE' ) );
#4139 = PRESENTATION_STYLE_ASSIGNMENT (( #1072 ) ) ;
#4140 = STYLED_ITEM ( 'NONE', ( #2055 ), #1614 ) ;
#4141 = VERTEX_POINT ( 'NONE', #3220 ) ;
#4142 = SURFACE_STYLE_USAGE ( .BOTH. , #1508 ) ;
#4143 =( GEOMETRIC_REPRESENTATION_CONTEXT ( 3 ) GLOBAL_UNCERTAINTY_ASSIGNED_CONTEXT ( ( #1556 ) ) GLOBAL_UNIT_ASSIGNED_CONTEXT ( ( #4977, #5057, #5375 ) ) REPRESENTATION_CONTEXT ( 'NONE', 'WORKASPACE' ) );
#4144 = PRESENTATION_LAYER_ASSIGNMENT (  '', '', ( #4592 ) ) ;
#4145 = MECHANICAL_DESIGN_GEOMETRIC_PRESENTATION_REPRESENTATION (  '', ( #5143 ), #2803 ) ;
#4146 = ORIENTED_EDGE ( 'NONE', *, *, #428, .F. ) ;
#4147 = VERTEX_POINT ( 'NONE', #3940 ) ;
#4148 = STYLED_ITEM ( 'NONE', ( #2012 ), #2095 ) ;
#4149 =( GEOMETRIC_REPRESENTATION_CONTEXT ( 3 ) GLOBAL_UNCERTAINTY_ASSIGNED_CONTEXT ( ( #2291 ) ) GLOBAL_UNIT_ASSIGNED_CONTEXT ( ( #1774, #480, #731 ) ) REPRESENTATION_CONTEXT ( 'NONE', 'WORKASPACE' ) );
#4150 = ORIENTED_EDGE ( 'NONE', *, *, #1790, .T. ) ;
#4151 = CARTESIAN_POINT ( 'NONE',  ( -0.6803386800598816286, -0.2391341263035014764, 0.2799999999999999711 ) ) ;
#4152 = DIRECTION ( 'NONE',  ( -1.000000000000000000, 0.0000000000000000000, 6.938893903907228378E-15 ) ) ;
#4153 = VECTOR ( 'NONE', #4907, 1000.000000000000000 ) ;
#4154 =( GEOMETRIC_REPRESENTATION_CONTEXT ( 3 ) GLOBAL_UNCERTAINTY_ASSIGNED_CONTEXT ( ( #521 ) ) GLOBAL_UNIT_ASSIGNED_CONTEXT ( ( #4616, #631, #1947 ) ) REPRESENTATION_CONTEXT ( 'NONE', 'WORKASPACE' ) );
#4155 = ORIENTED_EDGE ( 'NONE', *, *, #3667, .F. ) ;
#4156 = PRESENTATION_STYLE_ASSIGNMENT (( #5054 ) ) ;
#4157 = CARTESIAN_POINT ( 'NONE',  ( -0.5740798441076691017, -7.576417661678501932E-16, 0.2799999999999999711 ) ) ;
#4158 = CIRCLE ( 'NONE', #547, 0.1000000000000000472 ) ;
#4159 = PRESENTATION_STYLE_ASSIGNMENT (( #2871 ) ) ;
#4160 =( LENGTH_UNIT ( ) NAMED_UNIT ( * ) SI_UNIT ( .MILLI., .METRE. ) );
#4161 = FACE_OUTER_BOUND ( 'NONE', #3531, .T. ) ;
#4162 = EDGE_CURVE ( 'NONE', #2305, #1674, #1063, .T. ) ;
#4163 = ADVANCED_FACE ( 'NONE', ( #3128 ), #3515, .F. ) ;
#4164 = DIRECTION ( 'NONE',  ( -6.983251342707903681E-15, 0.0000000000000000000, -1.000000000000000000 ) ) ;
#4165 = LINE ( 'NONE', #774, #145 ) ;
#4166 = ORIENTED_EDGE ( 'NONE', *, *, #927, .T. ) ;
#4167 = FACE_OUTER_BOUND ( 'NONE', #4343, .T. ) ;
#4168 = PRESENTATION_STYLE_ASSIGNMENT (( #4252 ) ) ;
#4169 = LINE ( 'NONE', #4114, #4536 ) ;
#4170 = AXIS2_PLACEMENT_3D ( 'NONE', #810, #4305, #3883 ) ;
#4171 = AXIS2_PLACEMENT_3D ( 'NONE', #1263, #3461, #4325 ) ;
#4172 = LINE ( 'NONE', #5102, #2893 ) ;
#4173 = FILL_AREA_STYLE_COLOUR ( '', #2672 ) ;
#4174 = ORIENTED_EDGE ( 'NONE', *, *, #1160, .F. ) ;
#4175 = SURFACE_STYLE_FILL_AREA ( #2395 ) ;
#4176 = EDGE_LOOP ( 'NONE', ( #4424, #4281, #2003, #5502, #5022, #1905, #1342, #5009 ) ) ;
#4177 =( LENGTH_UNIT ( ) NAMED_UNIT ( * ) SI_UNIT ( .MILLI., .METRE. ) );
#4178 = CIRCLE ( 'NONE', #2926, 0.09999999999999999167 ) ;
#4179 = CARTESIAN_POINT ( 'NONE',  ( 7.750074532472045730E-18, 0.2000000000000000389, 0.0000000000000000000 ) ) ;
#4180 =( NAMED_UNIT ( * ) SI_UNIT ( $, .STERADIAN. ) SOLID_ANGLE_UNIT ( ) );
#4181 = ORIENTED_EDGE ( 'NONE', *, *, #4031, .F. ) ;
#4182 = MECHANICAL_DESIGN_GEOMETRIC_PRESENTATION_REPRESENTATION (  '', ( #3544 ), #658 ) ;
#4183 = FACE_OUTER_BOUND ( 'NONE', #152, .T. ) ;
#4184 = VERTEX_POINT ( 'NONE', #973 ) ;
#4185 = CARTESIAN_POINT ( 'NONE',  ( 0.3999999999999999667, 0.2000000000000000111, -2.791820594150173918E-15 ) ) ;
#4186 = PRESENTATION_STYLE_ASSIGNMENT (( #3833 ) ) ;
#4187 =( GEOMETRIC_REPRESENTATION_CONTEXT ( 3 ) GLOBAL_UNCERTAINTY_ASSIGNED_CONTEXT ( ( #2151 ) ) GLOBAL_UNIT_ASSIGNED_CONTEXT ( ( #5100, #1720, #3845 ) ) REPRESENTATION_CONTEXT ( 'NONE', 'WORKASPACE' ) );
#4188 = ORIENTED_EDGE ( 'NONE', *, *, #2863, .F. ) ;
#4189 = MECHANICAL_DESIGN_GEOMETRIC_PRESENTATION_REPRESENTATION (  '', ( #298 ), #25 ) ;
#4190 = CARTESIAN_POINT ( 'NONE',  ( -1.100000000000000533, -0.8999999999999996891, 7.680894765701995475E-15 ) ) ;
#4191 = FACE_OUTER_BOUND ( 'NONE', #3740, .T. ) ;
#4192 = PRESENTATION_LAYER_ASSIGNMENT (  '', '', ( #2758 ) ) ;
#4193 = PRESENTATION_STYLE_ASSIGNMENT (( #4698 ) ) ;
#4194 = SURFACE_STYLE_FILL_AREA ( #4297 ) ;
#4195 = ORIENTED_EDGE ( 'NONE', *, *, #1862, .T. ) ;
#4196 = UNCERTAINTY_MEASURE_WITH_UNIT (LENGTH_MEASURE( 1.000000000000000082E-05 ), #4123, 'distance_accuracy_value', 'NONE');
#4197 = PRESENTATION_STYLE_ASSIGNMENT (( #257 ) ) ;
#4198 =( NAMED_UNIT ( * ) SI_UNIT ( $, .STERADIAN. ) SOLID_ANGLE_UNIT ( ) );
#4199 = ORIENTED_EDGE ( 'NONE', *, *, #12, .F. ) ;
#4200 = EDGE_CURVE ( 'NONE', #3649, #3496, #3155, .T. ) ;
#4201 = ADVANCED_FACE ( 'NONE', ( #545 ), #110, .T. ) ;
#4202 =( NAMED_UNIT ( * ) PLANE_ANGLE_UNIT ( ) SI_UNIT ( $, .RADIAN. ) );
#4203 = DIRECTION ( 'NONE',  ( -0.0000000000000000000, -0.0000000000000000000, -1.000000000000000000 ) ) ;
#4204 = CARTESIAN_POINT ( 'NONE',  ( 0.3432670707574931868, -0.3593805362314128615, 0.2810000000000000275 ) ) ;
#4205 = VERTEX_POINT ( 'NONE', #1139 ) ;
#4206 = FILL_AREA_STYLE_COLOUR ( '', #3530 ) ;
#4207 = ORIENTED_EDGE ( 'NONE', *, *, #3184, .F. ) ;
#4208 = EDGE_CURVE ( 'NONE', #963, #4015, #2015, .T. ) ;
#4209 = EDGE_CURVE ( 'NONE', #4373, #2310, #225, .T. ) ;
#4210 = CARTESIAN_POINT ( 'NONE',  ( 0.0000000000000000000, -0.05709504976923729380, 0.2799999999999999711 ) ) ;
#4211 = ORIENTED_EDGE ( 'NONE', *, *, #2091, .T. ) ;
#4212 = DIRECTION ( 'NONE',  ( -1.000000000000000000, 9.856383386231857595E-17, 6.982631605183631963E-15 ) ) ;
#4213 =( LENGTH_UNIT ( ) NAMED_UNIT ( * ) SI_UNIT ( .MILLI., .METRE. ) );
#4214 =( LENGTH_UNIT ( ) NAMED_UNIT ( * ) SI_UNIT ( .MILLI., .METRE. ) );
#4215 = UNCERTAINTY_MEASURE_WITH_UNIT (LENGTH_MEASURE( 1.000000000000000082E-05 ), #2682, 'distance_accuracy_value', 'NONE');
#4216 =( NAMED_UNIT ( * ) PLANE_ANGLE_UNIT ( ) SI_UNIT ( $, .RADIAN. ) );
#4217 = LINE ( 'NONE', #2093, #626 ) ;
#4218 =( LENGTH_UNIT ( ) NAMED_UNIT ( * ) SI_UNIT ( .MILLI., .METRE. ) );
#4219 = CARTESIAN_POINT ( 'NONE',  ( 0.8500000000000000888, -0.5000000000000002220, -5.935081930025019357E-15 ) ) ;
#4220 = VECTOR ( 'NONE', #518, 1000.000000000000000 ) ;
#4221 = CARTESIAN_POINT ( 'NONE',  ( -1.100000000000000755, -0.2499999999999999445, 0.02000000000000768177 ) ) ;
#4222 =( GEOMETRIC_REPRESENTATION_CONTEXT ( 3 ) GLOBAL_UNCERTAINTY_ASSIGNED_CONTEXT ( ( #1289 ) ) GLOBAL_UNIT_ASSIGNED_CONTEXT ( ( #1140, #399, #4582 ) ) REPRESENTATION_CONTEXT ( 'NONE', 'WORKASPACE' ) );
#4223 = CARTESIAN_POINT ( 'NONE',  ( -2.407412430484044816E-32, 0.0000000000000000000, 0.0000000000000000000 ) ) ;
#4224 = PRESENTATION_STYLE_ASSIGNMENT (( #5602 ) ) ;
#4225 = ORIENTED_EDGE ( 'NONE', *, *, #1586, .T. ) ;
#4226 = CYLINDRICAL_SURFACE ( 'NONE', #4271, 0.2500000000000000000 ) ;
#4227 = MECHANICAL_DESIGN_GEOMETRIC_PRESENTATION_REPRESENTATION (  '', ( #2241 ), #1622 ) ;
#4228 = PRODUCT_DEFINITION ( 'UNKNOWN', '', #5329, #3287 ) ;
#4229 = SURFACE_STYLE_USAGE ( .BOTH. , #2499 ) ;
#4230 = SURFACE_STYLE_USAGE ( .BOTH. , #4790 ) ;
#4231 = STYLED_ITEM ( 'NONE', ( #553 ), #1056 ) ;
#4232 = EDGE_LOOP ( 'NONE', ( #4059, #1069, #2173, #2005 ) ) ;
#4233 = FACE_OUTER_BOUND ( 'NONE', #3599, .T. ) ;
#4234 = COLOUR_RGB ( '',0.8509803921568627194, 0.8509803921568627194, 0.8509803921568627194 ) ;
#4235 = ADVANCED_FACE ( 'NONE', ( #4161 ), #2436, .F. ) ;
#4236 = DIRECTION ( 'NONE',  ( 3.872150616019658341E-17, 1.000000000000000000, -2.703908323404516286E-31 ) ) ;
#4237 = EDGE_CURVE ( 'NONE', #3411, #1594, #1576, .T. ) ;
#4238 = VERTEX_POINT ( 'NONE', #4558 ) ;
#4239 = DIRECTION ( 'NONE',  ( -0.0000000000000000000, 1.000000000000000000, -0.0000000000000000000 ) ) ;
#4240 = CARTESIAN_POINT ( 'NONE',  ( 0.0000000000000000000, 0.0000000000000000000, 0.2799999999999999711 ) ) ;
#4241 =( GEOMETRIC_REPRESENTATION_CONTEXT ( 3 ) GLOBAL_UNCERTAINTY_ASSIGNED_CONTEXT ( ( #1509 ) ) GLOBAL_UNIT_ASSIGNED_CONTEXT ( ( #2676, #3538, #4554 ) ) REPRESENTATION_CONTEXT ( 'NONE', 'WORKASPACE' ) );
#4242 = SURFACE_STYLE_FILL_AREA ( #19 ) ;
#4243 = CARTESIAN_POINT ( 'NONE',  ( 0.7946937836714691450, -0.3065665198382720447, 0.2599999999999999534 ) ) ;
#4244 = CARTESIAN_POINT ( 'NONE',  ( 5.773300432731590829E-21, 0.0000000000000000000, 0.0000000000000000000 ) ) ;
#4245 = CYLINDRICAL_SURFACE ( 'NONE', #2895, 0.2500000000000000000 ) ;
#4246 = COLOUR_RGB ( '',0.8509803921568627194, 0.8509803921568627194, 0.8509803921568627194 ) ;
#4247 = MECHANICAL_DESIGN_GEOMETRIC_PRESENTATION_REPRESENTATION (  '', ( #1090 ), #4154 ) ;
#4248 = SURFACE_STYLE_FILL_AREA ( #2097 ) ;
#4249 = STYLED_ITEM ( 'NONE', ( #4555 ), #2795 ) ;
#4250 = FACE_OUTER_BOUND ( 'NONE', #214, .T. ) ;
#4251 = SURFACE_STYLE_USAGE ( .BOTH. , #800 ) ;
#4252 = SURFACE_STYLE_USAGE ( .BOTH. , #5035 ) ;
#4253 = VERTEX_POINT ( 'NONE', #3313 ) ;
#4254 = VECTOR ( 'NONE', #5553, 1000.000000000000000 ) ;
#4255 = CARTESIAN_POINT ( 'NONE',  ( 1.100000000000002309, -9.540979117872460713E-16, 0.2799999999999999711 ) ) ;
#4256 = LINE ( 'NONE', #2940, #2437 ) ;
#4257 = DIRECTION ( 'NONE',  ( 0.0000000000000000000, -1.000000000000000000, 0.0000000000000000000 ) ) ;
#4258 = ORIENTED_EDGE ( 'NONE', *, *, #4296, .F. ) ;
#4259 = PRESENTATION_LAYER_ASSIGNMENT (  '', '', ( #5514 ) ) ;
#4260 = SURFACE_STYLE_FILL_AREA ( #1611 ) ;
#4261 = DIRECTION ( 'NONE',  ( 1.000000000000000000, 0.0000000000000000000, 0.0000000000000000000 ) ) ;
#4262 = MECHANICAL_DESIGN_GEOMETRIC_PRESENTATION_REPRESENTATION (  '', ( #3623 ), #469 ) ;
#4263 = UNCERTAINTY_MEASURE_WITH_UNIT (LENGTH_MEASURE( 1.000000000000000082E-05 ), #1978, 'distance_accuracy_value', 'NONE');
#4264 = EDGE_LOOP ( 'NONE', ( #4854, #4099, #4884, #5126 ) ) ;
#4265 = CARTESIAN_POINT ( 'NONE',  ( 1.100000000000002087, -0.2500000000000002220, 0.2599999999999922928 ) ) ;
#4266 = MECHANICAL_DESIGN_GEOMETRIC_PRESENTATION_REPRESENTATION (  '', ( #839 ), #656 ) ;
#4267 =( NAMED_UNIT ( * ) PLANE_ANGLE_UNIT ( ) SI_UNIT ( $, .RADIAN. ) );
#4268 = ADVANCED_FACE ( 'NONE', ( #3703 ), #684, .T. ) ;
#4269 = EDGE_CURVE ( 'NONE', #1427, #1571, #4819, .T. ) ;
#4270 = STYLED_ITEM ( 'NONE', ( #3764 ), #4026 ) ;
#4271 = AXIS2_PLACEMENT_3D ( 'NONE', #2021, #377, #4278 ) ;
#4272 = ADVANCED_FACE ( 'NONE', ( #3204 ), #3555, .T. ) ;
#4273 =( NAMED_UNIT ( * ) PLANE_ANGLE_UNIT ( ) SI_UNIT ( $, .RADIAN. ) );
#4274 = AXIS2_PLACEMENT_3D ( 'NONE', #3801, #2083, #2111 ) ;
#4275 = CARTESIAN_POINT ( 'NONE',  ( 1.100000000000002531, -0.1385744931852173067, 0.2799999999999999711 ) ) ;
#4276 = FILL_AREA_STYLE_COLOUR ( '', #698 ) ;
#4277 = EDGE_LOOP ( 'NONE', ( #519, #4848, #3902, #1928 ) ) ;
#4278 = DIRECTION ( 'NONE',  ( -1.000000000000000000, 0.0000000000000000000, 0.0000000000000000000 ) ) ;
#4279 = VECTOR ( 'NONE', #4845, 1000.000000000000000 ) ;
#4280 = LINE ( 'NONE', #3735, #3946 ) ;
#4281 = ORIENTED_EDGE ( 'NONE', *, *, #4576, .F. ) ;
#4282 = CARTESIAN_POINT ( 'NONE',  ( 0.3901487617419281406, 0.6855750628389500889, 0.2799999999999999711 ) ) ;
#4283 = FILL_AREA_STYLE ('',( #2050 ) ) ;
#4284 = CARTESIAN_POINT ( 'NONE',  ( 0.05584305983497199477, -0.5316465652036583833, 0.2810000000000000275 ) ) ;
#4285 = ORIENTED_EDGE ( 'NONE', *, *, #4545, .T. ) ;
#4286 = DIRECTION ( 'NONE',  ( 0.0000000000000000000, -0.0000000000000000000, -1.000000000000000000 ) ) ;
#4287 = VERTEX_POINT ( 'NONE', #4936 ) ;
#4288 = CARTESIAN_POINT ( 'NONE',  ( -0.5740798441076691017, -7.576417661678501932E-16, 0.2599999999999999534 ) ) ;
#4289 = DIRECTION ( 'NONE',  ( 6.982962677686268288E-15, -0.0000000000000000000, 1.000000000000000000 ) ) ;
#4290 = EDGE_CURVE ( 'NONE', #1364, #3993, #1946, .T. ) ;
#4291 = VERTEX_POINT ( 'NONE', #1511 ) ;
#4292 = FILL_AREA_STYLE_COLOUR ( '', #76 ) ;
#4293 = CARTESIAN_POINT ( 'NONE',  ( -0.4000000000000000777, 0.2000000000000000111, 2.791820594150173918E-15 ) ) ;
#4294 = CARTESIAN_POINT ( 'NONE',  ( 0.8500000000000019762, 0.4999999999999997780, 0.2599999999999940137 ) ) ;
#4295 = EDGE_CURVE ( 'NONE', #32, #1485, #4075, .T. ) ;
#4296 = EDGE_CURVE ( 'NONE', #4238, #4852, #1453, .T. ) ;
#4297 = FILL_AREA_STYLE ('',( #2041 ) ) ;
#4298 = DIRECTION ( 'NONE',  ( 6.982962677686268288E-15, -0.0000000000000000000, 1.000000000000000000 ) ) ;
#4299 = DIRECTION ( 'NONE',  ( -0.0000000000000000000, -0.0000000000000000000, -1.000000000000000000 ) ) ;
#4300 = UNCERTAINTY_MEASURE_WITH_UNIT (LENGTH_MEASURE( 1.000000000000000082E-05 ), #4218, 'distance_accuracy_value', 'NONE');
#4301 = DIRECTION ( 'NONE',  ( 1.000000000000000000, 0.0000000000000000000, 0.0000000000000000000 ) ) ;
#4302 = CIRCLE ( 'NONE', #4040, 0.2500000000000000000 ) ;
#4303 = FILL_AREA_STYLE ('',( #490 ) ) ;
#4304 = ORIENTED_EDGE ( 'NONE', *, *, #5277, .T. ) ;
#4305 = DIRECTION ( 'NONE',  ( -1.000000000000000000, 3.469446951953614189E-15, 6.982962677686265922E-15 ) ) ;
#4306 = DIRECTION ( 'NONE',  ( -0.0000000000000000000, -0.0000000000000000000, -1.000000000000000000 ) ) ;
#4307 = VECTOR ( 'NONE', #1750, 1000.000000000000000 ) ;
#4308 = DIRECTION ( 'NONE',  ( -0.0000000000000000000, 0.0000000000000000000, 1.000000000000000000 ) ) ;
#4309 = VERTEX_POINT ( 'NONE', #2726 ) ;
#4310 = CARTESIAN_POINT ( 'NONE',  ( 0.3999999999999999667, 0.9000000000000000222, -2.791820594150173918E-15 ) ) ;
#4311 =( NAMED_UNIT ( * ) PLANE_ANGLE_UNIT ( ) SI_UNIT ( $, .RADIAN. ) );
#4312 = ORIENTED_EDGE ( 'NONE', *, *, #5092, .F. ) ;
#4313 = ORIENTED_EDGE ( 'NONE', *, *, #422, .F. ) ;
#4314 = STYLED_ITEM ( 'NONE', ( #4139 ), #1833 ) ;
#4315 = STYLED_ITEM ( 'NONE', ( #4813 ), #1378 ) ;
#4316 = VERTEX_POINT ( 'NONE', #3532 ) ;
#4317 = DIRECTION ( 'NONE',  ( -1.000000000000000000, -9.767585058201805003E-17, 0.0000000000000000000 ) ) ;
#4318 = CARTESIAN_POINT ( 'NONE',  ( 1.100000000000000311, -9.540979117872442964E-16, -7.680894765701995475E-15 ) ) ;
#4319 = CIRCLE ( 'NONE', #2985, 0.2500000000000000000 ) ;
#4320 = PRESENTATION_LAYER_ASSIGNMENT (  '', '', ( #1178 ) ) ;
#4321 = CARTESIAN_POINT ( 'NONE',  ( 0.0000000000000000000, 0.0000000000000000000, 0.2810000000000000275 ) ) ;
#4322 = CARTESIAN_POINT ( 'NONE',  ( 0.0000000000000000000, 0.0000000000000000000, 0.2599999999999999534 ) ) ;
#4323 = DIRECTION ( 'NONE',  ( -0.0000000000000000000, -0.0000000000000000000, -1.000000000000000000 ) ) ;
#4324 = VECTOR ( 'NONE', #3264, 1000.000000000000000 ) ;
#4325 = DIRECTION ( 'NONE',  ( -1.000000000000000000, 0.0000000000000000000, 6.938893903907228378E-15 ) ) ;
#4326 = COLOUR_RGB ( '',0.8509803921568627194, 0.8509803921568627194, 0.8509803921568627194 ) ;
#4327 = FILL_AREA_STYLE_COLOUR ( '', #1172 ) ;
#4328 = EDGE_CURVE ( 'NONE', #3790, #1427, #4827, .T. ) ;
#4329 = EDGE_CURVE ( 'NONE', #5033, #1643, #1850, .T. ) ;
#4330 =( GEOMETRIC_REPRESENTATION_CONTEXT ( 3 ) GLOBAL_UNCERTAINTY_ASSIGNED_CONTEXT ( ( #971 ) ) GLOBAL_UNIT_ASSIGNED_CONTEXT ( ( #3601, #4036, #4995 ) ) REPRESENTATION_CONTEXT ( 'NONE', 'WORKASPACE' ) );
#4331 = VECTOR ( 'NONE', #114, 1000.000000000000000 ) ;
#4332 = FACE_OUTER_BOUND ( 'NONE', #3849, .T. ) ;
#4333 = VERTEX_POINT ( 'NONE', #2313 ) ;
#4334 = FACE_OUTER_BOUND ( 'NONE', #97, .T. ) ;
#4335 = AXIS2_PLACEMENT_3D ( 'NONE', #832, #2556, #4667 ) ;
#4336 = DIRECTION ( 'NONE',  ( 1.000000000000000000, -9.856383386231857595E-17, -6.982631605183631963E-15 ) ) ;
#4337 = EDGE_CURVE ( 'NONE', #1959, #2413, #4041, .T. ) ;
#4338 = VECTOR ( 'NONE', #5418, 1000.000000000000000 ) ;
#4339 = FILL_AREA_STYLE ('',( #2631 ) ) ;
#4340 = CARTESIAN_POINT ( 'NONE',  ( 0.0000000000000000000, 0.1776407652747671595, 0.2799999999999999711 ) ) ;
#4341 = LINE ( 'NONE', #496, #3310 ) ;
#4342 = FACE_OUTER_BOUND ( 'NONE', #933, .T. ) ;
#4343 = EDGE_LOOP ( 'NONE', ( #4769, #2176, #2397, #1933 ) ) ;
#4344 =( NAMED_UNIT ( * ) SI_UNIT ( $, .STERADIAN. ) SOLID_ANGLE_UNIT ( ) );
#4345 = MECHANICAL_DESIGN_GEOMETRIC_PRESENTATION_REPRESENTATION (  '', ( #5339 ), #2738 ) ;
#4346 = ORIENTED_EDGE ( 'NONE', *, *, #3336, .F. ) ;
#4347 = ORIENTED_EDGE ( 'NONE', *, *, #2056, .F. ) ;
#4348 = ORIENTED_EDGE ( 'NONE', *, *, #2192, .F. ) ;
#4349 =( LENGTH_UNIT ( ) NAMED_UNIT ( * ) SI_UNIT ( .MILLI., .METRE. ) );
#4350 = CARTESIAN_POINT ( 'NONE',  ( 1.100000000000002087, 0.4999999999999997780, 0.2599999999999999534 ) ) ;
#4351 = PRESENTATION_LAYER_ASSIGNMENT (  '', '', ( #3194 ) ) ;
#4352 = PRESENTATION_STYLE_ASSIGNMENT (( #4832 ) ) ;
#4353 = CARTESIAN_POINT ( 'NONE',  ( 1.100000000000002087, -0.2500000000000002220, 0.2799999999999999711 ) ) ;
#4354 = LINE ( 'NONE', #1858, #3438 ) ;
#4355 = LINE ( 'NONE', #2212, #338 ) ;
#4356 = UNCERTAINTY_MEASURE_WITH_UNIT (LENGTH_MEASURE( 1.000000000000000082E-05 ), #2877, 'distance_accuracy_value', 'NONE');
#4357 = LINE ( 'NONE', #2282, #5244 ) ;
#4358 = FACE_OUTER_BOUND ( 'NONE', #3527, .T. ) ;
#4359 = ORIENTED_EDGE ( 'NONE', *, *, #3504, .F. ) ;
#4360 = EDGE_CURVE ( 'NONE', #4373, #4547, #3688, .T. ) ;
#4361 = EDGE_CURVE ( 'NONE', #2162, #2325, #3743, .T. ) ;
#4362 = CARTESIAN_POINT ( 'NONE',  ( 0.05584305983497199477, -0.3593805362314128615, 0.2810000000000000275 ) ) ;
#4363 = PRESENTATION_STYLE_ASSIGNMENT (( #4449 ) ) ;
#4364 = CARTESIAN_POINT ( 'NONE',  ( 0.3901487617419281406, 0.0000000000000000000, 0.2799999999999999711 ) ) ;
#4365 = COLOUR_RGB ( '',0.8509803921568627194, 0.8509803921568627194, 0.8509803921568627194 ) ;
#4366 = CARTESIAN_POINT ( 'NONE',  ( -0.4000000000000001332, -0.1999999999999998446, 2.791820594150173918E-15 ) ) ;
#4367 = EDGE_LOOP ( 'NONE', ( #3697, #4348, #3900, #2657 ) ) ;
#4368 = ADVANCED_FACE ( 'NONE', ( #2482 ), #2398, .T. ) ;
#4369 = EDGE_CURVE ( 'NONE', #1955, #697, #4630, .T. ) ;
#4370 = ORIENTED_EDGE ( 'NONE', *, *, #1798, .F. ) ;
#4371 =( NAMED_UNIT ( * ) PLANE_ANGLE_UNIT ( ) SI_UNIT ( $, .RADIAN. ) );
#4372 = FILL_AREA_STYLE_COLOUR ( '', #2465 ) ;
#4373 = VERTEX_POINT ( 'NONE', #4999 ) ;
#4374 = ORIENTED_EDGE ( 'NONE', *, *, #5204, .F. ) ;
#4375 = VERTEX_POINT ( 'NONE', #4971 ) ;
#4376 = CARTESIAN_POINT ( 'NONE',  ( 1.100000000000002087, 0.4999999999999997780, 0.2799999999999999711 ) ) ;
#4377 = DIRECTION ( 'NONE',  ( 0.0000000000000000000, -1.000000000000000000, 0.0000000000000000000 ) ) ;
#4378 =( NAMED_UNIT ( * ) PLANE_ANGLE_UNIT ( ) SI_UNIT ( $, .RADIAN. ) );
#4379 = UNCERTAINTY_MEASURE_WITH_UNIT (LENGTH_MEASURE( 1.000000000000000082E-05 ), #525, 'distance_accuracy_value', 'NONE');
#4380 =( NAMED_UNIT ( * ) PLANE_ANGLE_UNIT ( ) SI_UNIT ( $, .RADIAN. ) );
#4381 = DIRECTION ( 'NONE',  ( 6.982962677686268288E-15, -0.0000000000000000000, 1.000000000000000000 ) ) ;
#4382 = SURFACE_STYLE_USAGE ( .BOTH. , #573 ) ;
#4383 = FILL_AREA_STYLE_COLOUR ( '', #2008 ) ;
#4384 = COLOUR_RGB ( '',0.8509803921568627194, 0.8509803921568627194, 0.8509803921568627194 ) ;
#4385 = DIRECTION ( 'NONE',  ( 0.0000000000000000000, -0.0000000000000000000, -1.000000000000000000 ) ) ;
#4386 = ORIENTED_EDGE ( 'NONE', *, *, #3604, .T. ) ;
#4387 = LINE ( 'NONE', #117, #1475 ) ;
#4388 = LINE ( 'NONE', #1394, #1099 ) ;
#4389 = COLOUR_RGB ( '',0.8509803921568627194, 0.8509803921568627194, 0.8509803921568627194 ) ;
#4390 = CARTESIAN_POINT ( 'NONE',  ( -0.4343137556297431701, 0.4509946331943126552, 0.2599999999999999534 ) ) ;
#4391 = CARTESIAN_POINT ( 'NONE',  ( -0.6803386800598816286, -0.2391341263035014764, 0.2599999999999999534 ) ) ;
#4392 = SURFACE_SIDE_STYLE ('',( #3627 ) ) ;
#4393 = STYLED_ITEM ( 'NONE', ( #4953 ), #355 ) ;
#4394 = DIRECTION ( 'NONE',  ( -1.000000000000000000, 4.259365677621623928E-16, 6.983251342707903681E-15 ) ) ;
#4395 = EDGE_CURVE ( 'NONE', #5036, #1709, #5427, .T. ) ;
#4396 = EDGE_CURVE ( 'NONE', #780, #4427, #2933, .T. ) ;
#4397 = VERTEX_POINT ( 'NONE', #1648 ) ;
#4398 = ORIENTED_EDGE ( 'NONE', *, *, #3171, .F. ) ;
#4399 = VERTEX_POINT ( 'NONE', #3659 ) ;
#4400 =( NAMED_UNIT ( * ) SI_UNIT ( $, .STERADIAN. ) SOLID_ANGLE_UNIT ( ) );
#4401 = AXIS2_PLACEMENT_3D ( 'NONE', #465, #2743, #1843 ) ;
#4402 = CARTESIAN_POINT ( 'NONE',  ( -0.4135483952989442713, -0.3593805362314128615, 0.2599999999999999534 ) ) ;
#4403 = LINE ( 'NONE', #3458, #4850 ) ;
#4404 =( LENGTH_UNIT ( ) NAMED_UNIT ( * ) SI_UNIT ( .MILLI., .METRE. ) );
#4405 = UNCERTAINTY_MEASURE_WITH_UNIT (LENGTH_MEASURE( 1.000000000000000082E-05 ), #2164, 'distance_accuracy_value', 'NONE');
#4406 = DIRECTION ( 'NONE',  ( -1.000000000000000000, -0.0000000000000000000, -0.0000000000000000000 ) ) ;
#4407 = CARTESIAN_POINT ( 'NONE',  ( -1.006701427160784346E-16, -0.2000000000000000389, 0.0000000000000000000 ) ) ;
#4408 = DIRECTION ( 'NONE',  ( -1.000000000000000000, 0.0000000000000000000, 6.983251342707903681E-15 ) ) ;
#4409 =( GEOMETRIC_REPRESENTATION_CONTEXT ( 3 ) GLOBAL_UNCERTAINTY_ASSIGNED_CONTEXT ( ( #2061 ) ) GLOBAL_UNIT_ASSIGNED_CONTEXT ( ( #1914, #4111, #4923 ) ) REPRESENTATION_CONTEXT ( 'NONE', 'WORKASPACE' ) );
#4410 = COLOUR_RGB ( '',0.8509803921568627194, 0.8509803921568627194, 0.8509803921568627194 ) ;
#4411 = VECTOR ( 'NONE', #4692, 1000.000000000000000 ) ;
#4412 = DIRECTION ( 'NONE',  ( -3.469446951953614189E-15, 1.000000000000000000, 0.0000000000000000000 ) ) ;
#4413 = LINE ( 'NONE', #2684, #2317 ) ;
#4414 = ORIENTED_EDGE ( 'NONE', *, *, #1098, .T. ) ;
#4415 = DIRECTION ( 'NONE',  ( -0.0000000000000000000, 0.0000000000000000000, 1.000000000000000000 ) ) ;
#4416 =( LENGTH_UNIT ( ) NAMED_UNIT ( * ) SI_UNIT ( .MILLI., .METRE. ) );
#4417 = COLOUR_RGB ( '',0.8509803921568627194, 0.8509803921568627194, 0.8509803921568627194 ) ;
#4418 = COLOUR_RGB ( '',0.0000000000000000000, 0.0000000000000000000, 1.000000000000000000 ) ;
#4419 = CARTESIAN_POINT ( 'NONE',  ( -0.3095939579225142069, -0.5316465652036583833, 0.2599999999999999534 ) ) ;
#4420 = DIRECTION ( 'NONE',  ( 0.0000000000000000000, 1.000000000000000000, 0.0000000000000000000 ) ) ;
#4421 = CARTESIAN_POINT ( 'NONE',  ( -8.379754891853961321E-17, 1.000000000000000000, 0.0000000000000000000 ) ) ;
#4422 = AXIS2_PLACEMENT_3D ( 'NONE', #946, #3938, #3065 ) ;
#4423 =( GEOMETRIC_REPRESENTATION_CONTEXT ( 3 ) GLOBAL_UNCERTAINTY_ASSIGNED_CONTEXT ( ( #2389 ) ) GLOBAL_UNIT_ASSIGNED_CONTEXT ( ( #4404, #4050, #1859 ) ) REPRESENTATION_CONTEXT ( 'NONE', 'WORKASPACE' ) );
#4424 = ORIENTED_EDGE ( 'NONE', *, *, #4122, .F. ) ;
#4425 = STYLED_ITEM ( 'NONE', ( #3739 ), #3041 ) ;
#4426 = PRESENTATION_STYLE_ASSIGNMENT (( #4517 ) ) ;
#4427 = VERTEX_POINT ( 'NONE', #1954 ) ;
#4428 = ORIENTED_EDGE ( 'NONE', *, *, #4369, .F. ) ;
#4429 = ADVANCED_FACE ( 'NONE', ( #5394 ), #5019, .F. ) ;
#4430 =( NAMED_UNIT ( * ) SI_UNIT ( $, .STERADIAN. ) SOLID_ANGLE_UNIT ( ) );
#4431 = COLOUR_RGB ( '',0.8509803921568627194, 0.8509803921568627194, 0.8509803921568627194 ) ;
#4432 = EDGE_CURVE ( 'NONE', #939, #616, #1676, .T. ) ;
#4433 = CARTESIAN_POINT ( 'NONE',  ( 0.2532275857927164253, -0.3593805362314128615, 0.2810000000000000275 ) ) ;
#4434 = UNCERTAINTY_MEASURE_WITH_UNIT (LENGTH_MEASURE( 1.000000000000000082E-05 ), #2, 'distance_accuracy_value', 'NONE');
#4435 = COLOUR_RGB ( '',0.8509803921568627194, 0.8509803921568627194, 0.8509803921568627194 ) ;
#4436 = DIRECTION ( 'NONE',  ( -0.0000000000000000000, -0.0000000000000000000, -1.000000000000000000 ) ) ;
#4437 = CYLINDRICAL_SURFACE ( 'NONE', #4499, 0.1000000000000000472 ) ;
#4438 = CARTESIAN_POINT ( 'NONE',  ( -0.1178234831815653944, -0.3593805362314128615, 0.2810000000000000275 ) ) ;
#4439 = FILL_AREA_STYLE ('',( #1912 ) ) ;
#4440 = ADVANCED_FACE ( 'NONE', ( #817 ), #2601, .F. ) ;
#4441 = PRESENTATION_STYLE_ASSIGNMENT (( #2737 ) ) ;
#4442 = AXIS2_PLACEMENT_3D ( 'NONE', #3342, #2094, #2119 ) ;
#4444 = B_SPLINE_CURVE_WITH_KNOTS ( 'NONE', 3,
 ( #389, #3081, #2202, #2603 ),
 .UNSPECIFIED., .F., .F.,
 ( 4, 4 ),
 ( 0.0000000000000000000, 1.000000000000000000 ),
 .UNSPECIFIED. ) ;
#4443 = VECTOR ( 'NONE', #203, 1000.000000000000000 ) ;
#4445 = DIRECTION ( 'NONE',  ( -0.0000000000000000000, -0.0000000000000000000, -1.000000000000000000 ) ) ;
#4446 =( NAMED_UNIT ( * ) SI_UNIT ( $, .STERADIAN. ) SOLID_ANGLE_UNIT ( ) );
#4447 = ORIENTED_EDGE ( 'NONE', *, *, #4396, .T. ) ;
#4448 =( NAMED_UNIT ( * ) PLANE_ANGLE_UNIT ( ) SI_UNIT ( $, .RADIAN. ) );
#4449 = SURFACE_STYLE_USAGE ( .BOTH. , #3490 ) ;
#4450 = COLOUR_RGB ( '',0.8509803921568627194, 0.8509803921568627194, 0.8509803921568627194 ) ;
#4451 = DIRECTION ( 'NONE',  ( -0.0000000000000000000, 0.0000000000000000000, 1.000000000000000000 ) ) ;
#4452 = STYLED_ITEM ( 'NONE', ( #2375 ), #4368 ) ;
#4453 =( LENGTH_UNIT ( ) NAMED_UNIT ( * ) SI_UNIT ( .MILLI., .METRE. ) );
#4454 = VERTEX_POINT ( 'NONE', #3413 ) ;
#4455 = LINE ( 'NONE', #643, #5320 ) ;
#4456 = AXIS2_PLACEMENT_3D ( 'NONE', #3067, #4752, #1350 ) ;
#4457 = VERTEX_POINT ( 'NONE', #3893 ) ;
#4458 =( NAMED_UNIT ( * ) PLANE_ANGLE_UNIT ( ) SI_UNIT ( $, .RADIAN. ) );
#4459 = EDGE_LOOP ( 'NONE', ( #2396, #3393, #2131, #3719 ) ) ;
#4460 = ORIENTED_EDGE ( 'NONE', *, *, #280, .F. ) ;
#4461 =( LENGTH_UNIT ( ) NAMED_UNIT ( * ) SI_UNIT ( .MILLI., .METRE. ) );
#4462 =( NAMED_UNIT ( * ) SI_UNIT ( $, .STERADIAN. ) SOLID_ANGLE_UNIT ( ) );
#4463 = ADVANCED_FACE ( 'NONE', ( #2977 ), #2543, .F. ) ;
#4464 = DIRECTION ( 'NONE',  ( 0.0000000000000000000, -0.0000000000000000000, -1.000000000000000000 ) ) ;
#4465 = SURFACE_STYLE_USAGE ( .BOTH. , #1519 ) ;
#4466 = FILL_AREA_STYLE_COLOUR ( '', #2057 ) ;
#4467 =( LENGTH_UNIT ( ) NAMED_UNIT ( * ) SI_UNIT ( .MILLI., .METRE. ) );
#4468 = UNCERTAINTY_MEASURE_WITH_UNIT (LENGTH_MEASURE( 1.000000000000000082E-05 ), #266, 'distance_accuracy_value', 'NONE');
#4469 = CARTESIAN_POINT ( 'NONE',  ( -0.4000000000000000777, 0.2000000000000000111, 2.791820594150173918E-15 ) ) ;
#4470 = CYLINDRICAL_SURFACE ( 'NONE', #2430, 0.3637862597461454239 ) ;
#4471 =( NAMED_UNIT ( * ) SI_UNIT ( $, .STERADIAN. ) SOLID_ANGLE_UNIT ( ) );
#4472 = ADVANCED_FACE ( 'NONE', ( #3473 ), #3392, .T. ) ;
#4473 = ORIENTED_EDGE ( 'NONE', *, *, #2337, .T. ) ;
#4474 = CARTESIAN_POINT ( 'NONE',  ( 0.3901487617419281406, 0.6855750628389500889, 0.2799999999999999711 ) ) ;
#4475 = SURFACE_STYLE_USAGE ( .BOTH. , #5319 ) ;
#4476 = CYLINDRICAL_SURFACE ( 'NONE', #2931, 0.1000000000000000472 ) ;
#4477 = STYLED_ITEM ( 'NONE', ( #4765 ), #41 ) ;
#4478 = CARTESIAN_POINT ( 'NONE',  ( 1.100000000000002087, -0.5000000000000002220, 0.2599999999999922928 ) ) ;
#4479 = PRESENTATION_STYLE_ASSIGNMENT (( #1017 ) ) ;
#4480 = ORIENTED_EDGE ( 'NONE', *, *, #4295, .F. ) ;
#4481 = SURFACE_STYLE_FILL_AREA ( #5364 ) ;
#4482 = STYLED_ITEM ( 'NONE', ( #293 ), #176 ) ;
#4483 = VERTEX_POINT ( 'NONE', #5532 ) ;
#4484 = VECTOR ( 'NONE', #3818, 1000.000000000000000 ) ;
#4485 = ORIENTED_EDGE ( 'NONE', *, *, #3770, .T. ) ;
#4486 = ORIENTED_EDGE ( 'NONE', *, *, #3951, .T. ) ;
#4487 = LINE ( 'NONE', #2890, #5047 ) ;
#4488 = PRESENTATION_LAYER_ASSIGNMENT (  '', '', ( #2241 ) ) ;
#4489 = VERTEX_POINT ( 'NONE', #1333 ) ;
#4490 = SURFACE_STYLE_FILL_AREA ( #2431 ) ;
#4491 = COLOUR_RGB ( '',1.000000000000000000, 1.000000000000000000, 1.000000000000000000 ) ;
#4492 = LINE ( 'NONE', #2085, #3889 ) ;
#4493 = DIRECTION ( 'NONE',  ( 1.000000000000000000, 0.0000000000000000000, -6.983251342707903681E-15 ) ) ;
#4494 = CARTESIAN_POINT ( 'NONE',  ( -1.099999999999998090, 0.4999999999999997780, 0.2799999999999999711 ) ) ;
#4495 = CARTESIAN_POINT ( 'NONE',  ( 1.100000000000002087, -0.2500000000000002220, 0.2799999999999999711 ) ) ;
#4496 = SURFACE_SIDE_STYLE ('',( #2322 ) ) ;
#4497 = PRESENTATION_LAYER_ASSIGNMENT (  '', '', ( #2155 ) ) ;
#4498 = DIRECTION ( 'NONE',  ( 1.000000000000000000, 0.0000000000000000000, 0.0000000000000000000 ) ) ;
#4499 = AXIS2_PLACEMENT_3D ( 'NONE', #5238, #3212, #1001 ) ;
#4500 =( GEOMETRIC_REPRESENTATION_CONTEXT ( 3 ) GLOBAL_UNCERTAINTY_ASSIGNED_CONTEXT ( ( #4215 ) ) GLOBAL_UNIT_ASSIGNED_CONTEXT ( ( #2682, #920, #2705 ) ) REPRESENTATION_CONTEXT ( 'NONE', 'WORKASPACE' ) );
#4501 = CARTESIAN_POINT ( 'NONE',  ( -1.099999999999998979, -0.1385744931852173067, 0.2799999999999999711 ) ) ;
#4502 = EDGE_CURVE ( 'NONE', #4184, #4746, #2198, .T. ) ;
#4503 = SURFACE_SIDE_STYLE ('',( #2792 ) ) ;
#4504 = PRESENTATION_LAYER_ASSIGNMENT (  '', '', ( #165 ) ) ;
#4505 = PRESENTATION_LAYER_ASSIGNMENT (  '', '', ( #3973 ) ) ;
#4506 = VECTOR ( 'NONE', #2145, 1000.000000000000000 ) ;
#4507 = SURFACE_SIDE_STYLE ('',( #1444 ) ) ;
#4508 = FILL_AREA_STYLE ('',( #3654 ) ) ;
#4509 = ORIENTED_EDGE ( 'NONE', *, *, #2696, .T. ) ;
#4510 = AXIS2_PLACEMENT_3D ( 'NONE', #2570, #1728, #1700 ) ;
#4511 = LINE ( 'NONE', #1590, #4153 ) ;
#4512 = STYLED_ITEM ( 'NONE', ( #5032 ), #2404 ) ;
#4513 = EDGE_CURVE ( 'NONE', #68, #3658, #4764, .T. ) ;
#4514 =( GEOMETRIC_REPRESENTATION_CONTEXT ( 3 ) GLOBAL_UNCERTAINTY_ASSIGNED_CONTEXT ( ( #4468 ) ) GLOBAL_UNIT_ASSIGNED_CONTEXT ( ( #266, #5451, #4708 ) ) REPRESENTATION_CONTEXT ( 'NONE', 'WORKASPACE' ) );
#4515 = STYLED_ITEM ( 'NONE', ( #3150 ), #2622 ) ;
#4516 = ORIENTED_EDGE ( 'NONE', *, *, #4502, .T. ) ;
#4517 = SURFACE_STYLE_USAGE ( .BOTH. , #5284 ) ;
#4518 = VERTEX_POINT ( 'NONE', #3926 ) ;
#4519 = ORIENTED_EDGE ( 'NONE', *, *, #4395, .T. ) ;
#4520 = DIRECTION ( 'NONE',  ( -0.0000000000000000000, 0.0000000000000000000, -1.000000000000000000 ) ) ;
#4521 = COLOUR_RGB ( '',0.8509803921568627194, 0.8509803921568627194, 0.8509803921568627194 ) ;
#4522 = MECHANICAL_DESIGN_GEOMETRIC_PRESENTATION_REPRESENTATION (  '', ( #1654 ), #5432 ) ;
#4523 = MECHANICAL_DESIGN_GEOMETRIC_PRESENTATION_REPRESENTATION (  '', ( #831 ), #3448 ) ;
#4524 = CARTESIAN_POINT ( 'NONE',  ( 0.7174695751538135990, 0.3080817958270101187, 0.2799999999999999711 ) ) ;
#4525 = DIRECTION ( 'NONE',  ( 1.000000000000000000, 0.0000000000000000000, 0.0000000000000000000 ) ) ;
#4526 = CARTESIAN_POINT ( 'NONE',  ( -1.099999999999998979, -0.2499999999999997780, 0.2799999999999999711 ) ) ;
#4527 = SURFACE_SIDE_STYLE ('',( #134 ) ) ;
#4528 =( NAMED_UNIT ( * ) PLANE_ANGLE_UNIT ( ) SI_UNIT ( $, .RADIAN. ) );
#4529 = PRESENTATION_STYLE_ASSIGNMENT (( #1091 ) ) ;
#4530 = ORIENTED_EDGE ( 'NONE', *, *, #2504, .F. ) ;
#4531 = VECTOR ( 'NONE', #5262, 1000.000000000000000 ) ;
#4532 = UNCERTAINTY_MEASURE_WITH_UNIT (LENGTH_MEASURE( 1.000000000000000082E-05 ), #4214, 'distance_accuracy_value', 'NONE');
#4533 = PLANE ( 'NONE',  #3771 ) ;
#4534 = ORIENTED_EDGE ( 'NONE', *, *, #467, .F. ) ;
#4535 = DIRECTION ( 'NONE',  ( -0.0000000000000000000, -0.0000000000000000000, -1.000000000000000000 ) ) ;
#4536 = VECTOR ( 'NONE', #314, 1000.000000000000000 ) ;
#4537 = EDGE_CURVE ( 'NONE', #4042, #2778, #5557, .T. ) ;
#4538 = DIRECTION ( 'NONE',  ( -0.0000000000000000000, -0.0000000000000000000, -1.000000000000000000 ) ) ;
#4539 = PLANE ( 'NONE',  #1502 ) ;
#4540 =( NAMED_UNIT ( * ) SI_UNIT ( $, .STERADIAN. ) SOLID_ANGLE_UNIT ( ) );
#4541 = ADVANCED_BREP_SHAPE_REPRESENTATION ( '947B07BE-F626-4CCE-9D9E-1E8F3A4AFE6D', ( #3885, #2177, #3997, #316, #143, #2030, #176, #304, #155, #2052, #1387 ), #2821 ) ;
#4542 = DIRECTION ( 'NONE',  ( -0.0000000000000000000, -0.0000000000000000000, -1.000000000000000000 ) ) ;
#4543 = EDGE_LOOP ( 'NONE', ( #3348, #2825, #435, #4899 ) ) ;
#4544 = CARTESIAN_POINT ( 'NONE',  ( -1.100000000000003642, 3.816391647148988229E-15, 7.680894765701995475E-15 ) ) ;
#4545 = EDGE_CURVE ( 'NONE', #2829, #2694, #409, .T. ) ;
#4546 = VECTOR ( 'NONE', #4948, 1000.000000000000000 ) ;
#4547 = VERTEX_POINT ( 'NONE', #5582 ) ;
#4548 =( LENGTH_UNIT ( ) NAMED_UNIT ( * ) SI_UNIT ( .MILLI., .METRE. ) );
#4549 = ORIENTED_EDGE ( 'NONE', *, *, #4502, .F. ) ;
#4550 = ORIENTED_EDGE ( 'NONE', *, *, #3595, .T. ) ;
#4551 = FILL_AREA_STYLE_COLOUR ( '', #2068 ) ;
#4552 = PRESENTATION_LAYER_ASSIGNMENT (  '', '', ( #1219 ) ) ;
#4553 = EDGE_LOOP ( 'NONE', ( #1371, #471, #2720, #4880 ) ) ;
#4554 =( NAMED_UNIT ( * ) SI_UNIT ( $, .STERADIAN. ) SOLID_ANGLE_UNIT ( ) );
#4555 = PRESENTATION_STYLE_ASSIGNMENT (( #4465 ) ) ;
#4556 = PRESENTATION_STYLE_ASSIGNMENT (( #4109 ) ) ;
#4557 =( LENGTH_UNIT ( ) NAMED_UNIT ( * ) SI_UNIT ( .MILLI., .METRE. ) );
#4558 = CARTESIAN_POINT ( 'NONE',  ( -1.099999999999998979, -0.1385744931852173067, 0.2599999999999999534 ) ) ;
#4559 =( LENGTH_UNIT ( ) NAMED_UNIT ( * ) SI_UNIT ( .MILLI., .METRE. ) );
#4560 = ORIENTED_EDGE ( 'NONE', *, *, #5545, .T. ) ;
#4561 = FILL_AREA_STYLE ('',( #1094 ) ) ;
#4562 = CARTESIAN_POINT ( 'NONE',  ( 0.3901487617419281406, 0.0000000000000000000, 0.2599999999999999534 ) ) ;
#4563 = CARTESIAN_POINT ( 'NONE',  ( -0.6634567500555484942, -0.2265013340820382082, 0.2799999999999999711 ) ) ;
#4564 = CARTESIAN_POINT ( 'NONE',  ( 0.7249999999999999778, 1.000000000000000000, 0.8400000000000000799 ) ) ;
#4565 = PLANE ( 'NONE',  #5605 ) ;
#4566 = EDGE_LOOP ( 'NONE', ( #1612, #502, #1114, #5533 ) ) ;
#4567 = SURFACE_STYLE_USAGE ( .BOTH. , #1128 ) ;
#4568 = ADVANCED_FACE ( 'NONE', ( #1890 ), #1926, .F. ) ;
#4569 = ORIENTED_EDGE ( 'NONE', *, *, #2122, .T. ) ;
#4570 = SURFACE_STYLE_FILL_AREA ( #2864 ) ;
#4571 = ORIENTED_EDGE ( 'NONE', *, *, #4747, .T. ) ;
#4572 = ORIENTED_EDGE ( 'NONE', *, *, #175, .T. ) ;
#4573 = DIRECTION ( 'NONE',  ( -6.982962677686268288E-15, 0.0000000000000000000, -1.000000000000000000 ) ) ;
#4574 = LINE ( 'NONE', #2316, #198 ) ;
#4575 = EDGE_CURVE ( 'NONE', #3790, #1591, #305, .T. ) ;
#4576 = EDGE_CURVE ( 'NONE', #2471, #1742, #608, .T. ) ;
#4577 =( GEOMETRIC_REPRESENTATION_CONTEXT ( 3 ) GLOBAL_UNCERTAINTY_ASSIGNED_CONTEXT ( ( #2238 ) ) GLOBAL_UNIT_ASSIGNED_CONTEXT ( ( #3354, #2878, #5524 ) ) REPRESENTATION_CONTEXT ( 'NONE', 'WORKASPACE' ) );
#4578 = EDGE_LOOP ( 'NONE', ( #4886, #1216, #5046, #1372 ) ) ;
#4579 = SURFACE_STYLE_USAGE ( .BOTH. , #1061 ) ;
#4580 = AXIS2_PLACEMENT_3D ( 'NONE', #4223, #2470, #2042 ) ;
#4581 = LINE ( 'NONE', #3621, #5321 ) ;
#4582 =( NAMED_UNIT ( * ) SI_UNIT ( $, .STERADIAN. ) SOLID_ANGLE_UNIT ( ) );
#4583 = ORIENTED_EDGE ( 'NONE', *, *, #1488, .F. ) ;
#4584 = UNCERTAINTY_MEASURE_WITH_UNIT (LENGTH_MEASURE( 1.000000000000000082E-05 ), #4461, 'distance_accuracy_value', 'NONE');
#4585 = VERTEX_POINT ( 'NONE', #3164 ) ;
#4586 = CYLINDRICAL_SURFACE ( 'NONE', #5039, 0.3614255068147828043 ) ;
#4587 = CARTESIAN_POINT ( 'NONE',  ( 0.7672489025476871838, 0.6470277182179263731, 0.2799999999999999711 ) ) ;
#4588 = FILL_AREA_STYLE ('',( #4675 ) ) ;
#4589 =( LENGTH_UNIT ( ) NAMED_UNIT ( * ) SI_UNIT ( .MILLI., .METRE. ) );
#4590 = VERTEX_POINT ( 'NONE', #3195 ) ;
#4591 = PRESENTATION_STYLE_ASSIGNMENT (( #1613 ) ) ;
#4592 = STYLED_ITEM ( 'NONE', ( #5207 ), #1939 ) ;
#4593 = PLANE ( 'NONE',  #3420 ) ;
#4594 = SURFACE_STYLE_USAGE ( .BOTH. , #3254 ) ;
#4595 = VERTEX_POINT ( 'NONE', #3136 ) ;
#4596 =( GEOMETRIC_REPRESENTATION_CONTEXT ( 3 ) GLOBAL_UNCERTAINTY_ASSIGNED_CONTEXT ( ( #4584 ) ) GLOBAL_UNIT_ASSIGNED_CONTEXT ( ( #4461, #1796, #5201 ) ) REPRESENTATION_CONTEXT ( 'NONE', 'WORKASPACE' ) );
#4597 = MECHANICAL_DESIGN_GEOMETRIC_PRESENTATION_REPRESENTATION (  '', ( #2808 ), #4062 ) ;
#4598 =( NAMED_UNIT ( * ) PLANE_ANGLE_UNIT ( ) SI_UNIT ( $, .RADIAN. ) );
#4599 = EDGE_LOOP ( 'NONE', ( #5001, #2643, #3760, #67 ) ) ;
#4600 = SURFACE_STYLE_FILL_AREA ( #4974 ) ;
#4601 = CARTESIAN_POINT ( 'NONE',  ( 0.0000000000000000000, 0.0000000000000000000, 0.2599999999999999534 ) ) ;
#4602 = AXIS2_PLACEMENT_3D ( 'NONE', #1251, #2979, #3748 ) ;
#4603 = AXIS2_PLACEMENT_3D ( 'NONE', #1918, #5440, #1579 ) ;
#4604 = UNCERTAINTY_MEASURE_WITH_UNIT (LENGTH_MEASURE( 1.000000000000000082E-05 ), #5048, 'distance_accuracy_value', 'NONE');
#4605 = ORIENTED_EDGE ( 'NONE', *, *, #2432, .F. ) ;
#4606 =( NAMED_UNIT ( * ) SI_UNIT ( $, .STERADIAN. ) SOLID_ANGLE_UNIT ( ) );
#4607 = EDGE_CURVE ( 'NONE', #2927, #4802, #3078, .T. ) ;
#4608 = EDGE_CURVE ( 'NONE', #736, #2927, #5359, .T. ) ;
#4609 = AXIS2_PLACEMENT_3D ( 'NONE', #1273, #2996, #4261 ) ;
#4610 = LINE ( 'NONE', #2384, #714 ) ;
#4611 = MECHANICAL_DESIGN_GEOMETRIC_PRESENTATION_REPRESENTATION (  '', ( #4515 ), #3984 ) ;
#4612 = COLOUR_RGB ( '',1.000000000000000000, 1.000000000000000000, 1.000000000000000000 ) ;
#4613 = CARTESIAN_POINT ( 'NONE',  ( -0.5740798441076681025, -0.7671295513012332812, 0.2799999999999999711 ) ) ;
#4614 = ADVANCED_FACE ( 'NONE', ( #4874 ), #4025, .T. ) ;
#4615 = EDGE_CURVE ( 'NONE', #780, #3282, #3713, .T. ) ;
#4616 =( LENGTH_UNIT ( ) NAMED_UNIT ( * ) SI_UNIT ( .MILLI., .METRE. ) );
#4617 = DIRECTION ( 'NONE',  ( 1.000000000000000000, 0.0000000000000000000, 0.0000000000000000000 ) ) ;
#4618 = ORIENTED_EDGE ( 'NONE', *, *, #1549, .T. ) ;
#4619 = LINE ( 'NONE', #5099, #3865 ) ;
#4620 = ORIENTED_EDGE ( 'NONE', *, *, #3738, .F. ) ;
#4621 = SURFACE_SIDE_STYLE ('',( #5383 ) ) ;
#4622 = MECHANICAL_DESIGN_GEOMETRIC_PRESENTATION_REPRESENTATION (  '', ( #5514 ), #3798 ) ;
#4623 = VECTOR ( 'NONE', #2353, 1000.000000000000000 ) ;
#4624 = SURFACE_STYLE_FILL_AREA ( #4588 ) ;
#4625 = ORIENTED_EDGE ( 'NONE', *, *, #708, .T. ) ;
#4626 = LINE ( 'NONE', #2027, #1383 ) ;
#4627 = VERTEX_POINT ( 'NONE', #2835 ) ;
#4628 = MECHANICAL_DESIGN_GEOMETRIC_PRESENTATION_REPRESENTATION (  '', ( #3194 ), #3624 ) ;
#4629 = FACE_OUTER_BOUND ( 'NONE', #3304, .T. ) ;
#4630 = LINE ( 'NONE', #2885, #3823 ) ;
#4631 = ORIENTED_EDGE ( 'NONE', *, *, #4369, .T. ) ;
#4632 = CARTESIAN_POINT ( 'NONE',  ( -0.6766918921026191525, -0.5541450885699468198, 0.2799999999999999711 ) ) ;
#4633 = ORIENTED_EDGE ( 'NONE', *, *, #1518, .T. ) ;
#4634 = DIRECTION ( 'NONE',  ( 1.000000000000000000, 0.0000000000000000000, 0.0000000000000000000 ) ) ;
#4635 = PRESENTATION_LAYER_ASSIGNMENT (  '', '', ( #5357 ) ) ;
#4636 = ORIENTED_EDGE ( 'NONE', *, *, #743, .F. ) ;
#4637 = DIRECTION ( 'NONE',  ( 1.934130707221177858E-16, -1.000000000000000000, 0.0000000000000000000 ) ) ;
#4638 = PRESENTATION_LAYER_ASSIGNMENT (  '', '', ( #1309 ) ) ;
#4639 = FILL_AREA_STYLE ('',( #4292 ) ) ;
#4640 = UNCERTAINTY_MEASURE_WITH_UNIT (LENGTH_MEASURE( 1.000000000000000082E-05 ), #4213, 'distance_accuracy_value', 'NONE');
#4641 = FILL_AREA_STYLE ('',( #2120 ) ) ;
#4642 = STYLED_ITEM ( 'NONE', ( #1073 ), #4678 ) ;
#4643 = FILL_AREA_STYLE_COLOUR ( '', #1468 ) ;
#4644 = FACE_OUTER_BOUND ( 'NONE', #2886, .T. ) ;
#4645 = CARTESIAN_POINT ( 'NONE',  ( -0.6035437629006772386, -0.3065665198382720447, 0.2799999999999999711 ) ) ;
#4646 = DIRECTION ( 'NONE',  ( 6.982962677686268288E-15, -0.0000000000000000000, 1.000000000000000000 ) ) ;
#4647 = VERTEX_POINT ( 'NONE', #1505 ) ;
#4648 =( LENGTH_UNIT ( ) NAMED_UNIT ( * ) SI_UNIT ( .MILLI., .METRE. ) );
#4649 = EDGE_CURVE ( 'NONE', #4141, #906, #2367, .T. ) ;
#4650 = EDGE_CURVE ( 'NONE', #2942, #3496, #5041, .T. ) ;
#4651 = DIRECTION ( 'NONE',  ( -0.0000000000000000000, -0.0000000000000000000, -1.000000000000000000 ) ) ;
#4652 = CARTESIAN_POINT ( 'NONE',  ( -1.099999999999998535, -0.8614255068147822492, 0.2799999999999999711 ) ) ;
#4653 = EDGE_LOOP ( 'NONE', ( #2747, #4155, #1484, #3449 ) ) ;
#4654 = CARTESIAN_POINT ( 'NONE',  ( 1.100000000000002531, 0.2499999999999997224, 0.2799999999999999711 ) ) ;
#4655 = CARTESIAN_POINT ( 'NONE',  ( 0.4124155170610083188, 0.0000000000000000000, 0.2799999999999999711 ) ) ;
#4656 = DIRECTION ( 'NONE',  ( 0.0000000000000000000, 1.000000000000000000, 0.0000000000000000000 ) ) ;
#4657 = ORIENTED_EDGE ( 'NONE', *, *, #3477, .T. ) ;
#4658 = CARTESIAN_POINT ( 'NONE',  ( 0.8230581300528493349, 0.2641109509742673445, 0.2799999999999999711 ) ) ;
#4659 = CARTESIAN_POINT ( 'NONE',  ( -1.100000000000001643, -3.816391647148981130E-15, 0.2799999999999999711 ) ) ;
#4660 =( LENGTH_UNIT ( ) NAMED_UNIT ( * ) SI_UNIT ( .MILLI., .METRE. ) );
#4661 = LINE ( 'NONE', #333, #1668 ) ;
#4662 = LINE ( 'NONE', #827, #4411 ) ;
#4663 = PLANE ( 'NONE',  #2987 ) ;
#4664 = DIRECTION ( 'NONE',  ( -6.983251342707903681E-15, 0.0000000000000000000, -1.000000000000000000 ) ) ;
#4665 = DIRECTION ( 'NONE',  ( 0.0000000000000000000, -0.0000000000000000000, 1.000000000000000000 ) ) ;
#4666 = AXIS2_PLACEMENT_3D ( 'NONE', #2594, #2161, #3487 ) ;
#4667 = DIRECTION ( 'NONE',  ( 6.982962677686268288E-15, 0.0000000000000000000, 1.000000000000000000 ) ) ;
#4668 = PRESENTATION_LAYER_ASSIGNMENT (  '', '', ( #4045 ) ) ;
#4669 = DIRECTION ( 'NONE',  ( 0.0000000000000000000, 1.000000000000000000, -0.0000000000000000000 ) ) ;
#4670 = CARTESIAN_POINT ( 'NONE',  ( -0.7249999999999999778, 1.000000000000000000, 0.8400000000000000799 ) ) ;
#4671 = PRESENTATION_STYLE_ASSIGNMENT (( #3874 ) ) ;
#4672 = SURFACE_STYLE_FILL_AREA ( #285 ) ;
#4673 = DIRECTION ( 'NONE',  ( 1.000000000000000000, 0.0000000000000000000, 0.0000000000000000000 ) ) ;
#4674 = LINE ( 'NONE', #3824, #345 ) ;
#4675 = FILL_AREA_STYLE_COLOUR ( '', #5391 ) ;
#4676 = ORIENTED_EDGE ( 'NONE', *, *, #3571, .F. ) ;
#4677 = ADVANCED_FACE ( 'NONE', ( #5386 ), #4539, .F. ) ;
#4678 = ADVANCED_FACE ( 'NONE', ( #3297 ), #1564, .F. ) ;
#4679 = AXIS2_PLACEMENT_3D ( 'NONE', #3569, #2251, #8 ) ;
#4680 = FACE_OUTER_BOUND ( 'NONE', #4553, .T. ) ;
#4681 = FACE_OUTER_BOUND ( 'NONE', #2382, .T. ) ;
#4682 = VECTOR ( 'NONE', #1886, 1000.000000000000000 ) ;
#4683 = FILL_AREA_STYLE_COLOUR ( '', #1276 ) ;
#4684 = DIRECTION ( 'NONE',  ( 0.0000000000000000000, -0.0000000000000000000, -1.000000000000000000 ) ) ;
#4685 = ORIENTED_EDGE ( 'NONE', *, *, #5545, .F. ) ;
#4686 = EDGE_CURVE ( 'NONE', #182, #1875, #5183, .T. ) ;
#4687 = SURFACE_STYLE_FILL_AREA ( #900 ) ;
#4688 = CARTESIAN_POINT ( 'NONE',  ( -0.6766918921026191525, 0.6855750628389500889, 0.2799999999999999711 ) ) ;
#4689 = MECHANICAL_DESIGN_GEOMETRIC_PRESENTATION_REPRESENTATION (  '', ( #4314 ), #5411 ) ;
#4690 = FILL_AREA_STYLE ('',( #1739 ) ) ;
#4691 = PRESENTATION_LAYER_ASSIGNMENT (  '', '', ( #3594 ) ) ;
#4692 = DIRECTION ( 'NONE',  ( -1.000000000000000000, 9.856383386231857595E-17, 6.982631605183631963E-15 ) ) ;
#4693 = FILL_AREA_STYLE ('',( #1167 ) ) ;
#4694 = CARTESIAN_POINT ( 'NONE',  ( 5.773300432731590829E-21, 0.0000000000000000000, 0.0000000000000000000 ) ) ;
#4695 = VECTOR ( 'NONE', #1424, 1000.000000000000000 ) ;
#4696 = VECTOR ( 'NONE', #4498, 1000.000000000000000 ) ;
#4697 = UNCERTAINTY_MEASURE_WITH_UNIT (LENGTH_MEASURE( 1.000000000000000082E-05 ), #781, 'distance_accuracy_value', 'NONE');
#4698 = SURFACE_STYLE_USAGE ( .BOTH. , #3815 ) ;
#4699 = STYLED_ITEM ( 'NONE', ( #35 ), #5409 ) ;
#4700 =( NAMED_UNIT ( * ) SI_UNIT ( $, .STERADIAN. ) SOLID_ANGLE_UNIT ( ) );
#4701 = ORIENTED_EDGE ( 'NONE', *, *, #2230, .T. ) ;
#4702 = PLANE ( 'NONE',  #3022 ) ;
#4703 =( GEOMETRIC_REPRESENTATION_CONTEXT ( 3 ) GLOBAL_UNCERTAINTY_ASSIGNED_CONTEXT ( ( #5543 ) ) GLOBAL_UNIT_ASSIGNED_CONTEXT ( ( #4589, #4964, #1971 ) ) REPRESENTATION_CONTEXT ( 'NONE', 'WORKASPACE' ) );
#4704 =( NAMED_UNIT ( * ) PLANE_ANGLE_UNIT ( ) SI_UNIT ( $, .RADIAN. ) );
#4705 = VERTEX_POINT ( 'NONE', #460 ) ;
#4706 = FACE_OUTER_BOUND ( 'NONE', #4176, .T. ) ;
#4707 = LINE ( 'NONE', #2078, #4945 ) ;
#4708 =( NAMED_UNIT ( * ) SI_UNIT ( $, .STERADIAN. ) SOLID_ANGLE_UNIT ( ) );
#4709 = EDGE_CURVE ( 'NONE', #2778, #4316, #3380, .T. ) ;
#4710 = UNCERTAINTY_MEASURE_WITH_UNIT (LENGTH_MEASURE( 1.000000000000000082E-05 ), #3864, 'distance_accuracy_value', 'NONE');
#4711 = CARTESIAN_POINT ( 'NONE',  ( 0.0000000000000000000, -0.05709504976923729380, 0.2799999999999999711 ) ) ;
#4712 = ORIENTED_EDGE ( 'NONE', *, *, #1584, .F. ) ;
#4713 = DIRECTION ( 'NONE',  ( -0.0000000000000000000, 1.000000000000000000, -0.0000000000000000000 ) ) ;
#4714 = ORIENTED_EDGE ( 'NONE', *, *, #852, .T. ) ;
#4715 = LINE ( 'NONE', #1707, #3694 ) ;
#4716 = VECTOR ( 'NONE', #4889, 1000.000000000000000 ) ;
#4717 = EDGE_CURVE ( 'NONE', #3797, #4121, #888, .T. ) ;
#4718 = ADVANCED_FACE ( 'NONE', ( #4730 ), #3484, .F. ) ;
#4719 = ORIENTED_EDGE ( 'NONE', *, *, #1238, .F. ) ;
#4720 = SURFACE_SIDE_STYLE ('',( #4242 ) ) ;
#4721 = ORIENTED_EDGE ( 'NONE', *, *, #3846, .T. ) ;
#4722 = SURFACE_SIDE_STYLE ('',( #451 ) ) ;
#4723 = CARTESIAN_POINT ( 'NONE',  ( -0.6740798441076681913, -0.6849774522544940236, 0.2799999999999999711 ) ) ;
#4724 = FACE_OUTER_BOUND ( 'NONE', #1652, .T. ) ;
#4725 = AXIS2_PLACEMENT_3D ( 'NONE', #2387, #279, #627 ) ;
#4726 = DIRECTION ( 'NONE',  ( 6.982962677686268288E-15, -0.0000000000000000000, 1.000000000000000000 ) ) ;
#4727 = VECTOR ( 'NONE', #2004, 1000.000000000000000 ) ;
#4728 = DIRECTION ( 'NONE',  ( -0.0000000000000000000, 0.0000000000000000000, 1.000000000000000000 ) ) ;
#4729 = LINE ( 'NONE', #947, #1888 ) ;
#4730 = FACE_OUTER_BOUND ( 'NONE', #2226, .T. ) ;
#4731 =( NAMED_UNIT ( * ) SI_UNIT ( $, .STERADIAN. ) SOLID_ANGLE_UNIT ( ) );
#4732 = DIRECTION ( 'NONE',  ( -5.033795800825558555E-16, -1.000000000000000000, 3.515080820425872486E-30 ) ) ;
#4733 = LINE ( 'NONE', #2618, #3915 ) ;
#4734 = MECHANICAL_DESIGN_GEOMETRIC_PRESENTATION_REPRESENTATION (  '', ( #2758 ), #2943 ) ;
#4735 = CARTESIAN_POINT ( 'NONE',  ( 0.3648896556285310400, -1.000000000000000222, 0.01999999999999745384 ) ) ;
#4736 = CARTESIAN_POINT ( 'NONE',  ( -0.6957328749551370262, 0.6914393411476200679, 0.2799999999999999711 ) ) ;
#4737 = ORIENTED_EDGE ( 'NONE', *, *, #4127, .T. ) ;
#4738 = CARTESIAN_POINT ( 'NONE',  ( 0.5359203924145663489, -0.7671295513012331702, 0.2599999999999999534 ) ) ;
#4739 = EDGE_LOOP ( 'NONE', ( #3383, #5199, #43, #3082 ) ) ;
#4740 = FILL_AREA_STYLE ('',( #1678 ) ) ;
#4741 =( NAMED_UNIT ( * ) SI_UNIT ( $, .STERADIAN. ) SOLID_ANGLE_UNIT ( ) );
#4742 = ORIENTED_EDGE ( 'NONE', *, *, #2121, .F. ) ;
#4743 = CARTESIAN_POINT ( 'NONE',  ( 0.3999999999999999667, 0.2000000000000000111, -2.791820594150173918E-15 ) ) ;
#4744 = SURFACE_SIDE_STYLE ('',( #2606 ) ) ;
#4745 = ORIENTED_EDGE ( 'NONE', *, *, #3035, .F. ) ;
#4746 = VERTEX_POINT ( 'NONE', #2100 ) ;
#4747 = EDGE_CURVE ( 'NONE', #2916, #940, #862, .T. ) ;
#4748 = EDGE_CURVE ( 'NONE', #1343, #334, #2560, .T. ) ;
#4749 = CARTESIAN_POINT ( 'NONE',  ( -0.5035437629006764837, 0.5569292977732096528, 0.2599999999999999534 ) ) ;
#4750 = SURFACE_SIDE_STYLE ('',( #3122 ) ) ;
#4751 = LINE ( 'NONE', #510, #1712 ) ;
#4752 = DIRECTION ( 'NONE',  ( -1.000000000000000000, -1.734723475976807292E-15, 0.0000000000000000000 ) ) ;
#4753 = UNCERTAINTY_MEASURE_WITH_UNIT (LENGTH_MEASURE( 1.000000000000000082E-05 ), #2965, 'distance_accuracy_value', 'NONE');
#4754 = ADVANCED_FACE ( 'NONE', ( #5600 ), #3018, .T. ) ;
#4755 =( NAMED_UNIT ( * ) PLANE_ANGLE_UNIT ( ) SI_UNIT ( $, .RADIAN. ) );
#4756 =( GEOMETRIC_REPRESENTATION_CONTEXT ( 3 ) GLOBAL_UNCERTAINTY_ASSIGNED_CONTEXT ( ( #4434 ) ) GLOBAL_UNIT_ASSIGNED_CONTEXT ( ( #2, #891, #5187 ) ) REPRESENTATION_CONTEXT ( 'NONE', 'WORKASPACE' ) );
#4757 = SURFACE_STYLE_USAGE ( .BOTH. , #1326 ) ;
#4758 = DIRECTION ( 'NONE',  ( 1.000000000000000000, 0.0000000000000000000, 0.0000000000000000000 ) ) ;
#4759 = FILL_AREA_STYLE ('',( #2248 ) ) ;
#4760 = VERTEX_POINT ( 'NONE', #2213 ) ;
#4761 = CARTESIAN_POINT ( 'NONE',  ( -0.6766918921026191525, 0.6855750628389500889, 0.2599999999999999534 ) ) ;
#4762 = PRESENTATION_LAYER_ASSIGNMENT (  '', '', ( #4393 ) ) ;
#4763 = PLANE ( 'NONE',  #2338 ) ;
#4764 = LINE ( 'NONE', #898, #1585 ) ;
#4765 = PRESENTATION_STYLE_ASSIGNMENT (( #93 ) ) ;
#4766 = ORIENTED_EDGE ( 'NONE', *, *, #2733, .F. ) ;
#4767 = EDGE_LOOP ( 'NONE', ( #1512, #5249, #5286, #4605 ) ) ;
#4768 = ORIENTED_EDGE ( 'NONE', *, *, #5572, .F. ) ;
#4769 = ORIENTED_EDGE ( 'NONE', *, *, #5239, .F. ) ;
#4770 = CARTESIAN_POINT ( 'NONE',  ( -0.6623309004670925315, 0.8637862597461452019, 0.2799999999999999711 ) ) ;
#4771 = CARTESIAN_POINT ( 'NONE',  ( 0.5359203924145662379, -0.05709504976923727992, 0.2799999999999999711 ) ) ;
#4772 = SURFACE_STYLE_USAGE ( .BOTH. , #858 ) ;
#4773 =( GEOMETRIC_REPRESENTATION_CONTEXT ( 3 ) GLOBAL_UNCERTAINTY_ASSIGNED_CONTEXT ( ( #696 ) ) GLOBAL_UNIT_ASSIGNED_CONTEXT ( ( #3385, #5186, #1 ) ) REPRESENTATION_CONTEXT ( 'NONE', 'WORKASPACE' ) );
#4774 = COLOUR_RGB ( '',0.8509803921568627194, 0.8509803921568627194, 0.8509803921568627194 ) ;
#4775 = EDGE_CURVE ( 'NONE', #699, #1683, #1805, .T. ) ;
#4776 = EDGE_CURVE ( 'NONE', #5558, #2580, #5267, .T. ) ;
#4777 = CARTESIAN_POINT ( 'NONE',  ( -0.5388595371840243509, 0.8637862597461452019, 0.2599999999999999534 ) ) ;
#4778 = LINE ( 'NONE', #3966, #3674 ) ;
#4779 = COLOUR_RGB ( '',0.8509803921568627194, 0.8509803921568627194, 0.8509803921568627194 ) ;
#4780 = DIRECTION ( 'NONE',  ( 0.0000000000000000000, 1.000000000000000000, 0.0000000000000000000 ) ) ;
#4781 = B_SPLINE_SURFACE_WITH_KNOTS ( 'NONE', 3, 1, ( 
 ( #4688, #3799 ),
 ( #4736, #322 ),
 ( #3356, #383 ),
 ( #2506, #5554 ) ),
 .UNSPECIFIED., .F., .F., .F.,
 ( 4, 4 ),
 ( 2, 2 ),
 ( 0.0000000000000000000, 1.000000000000000000 ),
 ( 0.0000000000000000000, 1.000000000000000000 ),
 .UNSPECIFIED. ) ;
#4782 = PLANE ( 'NONE',  #3363 ) ;
#4783 = PRESENTATION_LAYER_ASSIGNMENT (  '', '', ( #1639 ) ) ;
#4784 = CARTESIAN_POINT ( 'NONE',  ( 0.6809088744240132662, 0.5569292977732096528, 0.2799999999999999711 ) ) ;
#4785 = VECTOR ( 'NONE', #1337, 1000.000000000000000 ) ;
#4786 = ADVANCED_FACE ( 'NONE', ( #52 ), #3095, .F. ) ;
#4787 = VECTOR ( 'NONE', #3669, 1000.000000000000000 ) ;
#4788 = EDGE_CURVE ( 'NONE', #68, #2305, #4865, .T. ) ;
#4789 = SURFACE_STYLE_USAGE ( .BOTH. , #5274 ) ;
#4790 = SURFACE_SIDE_STYLE ('',( #3074 ) ) ;
#4791 = CIRCLE ( 'NONE', #4609, 0.1000000000000000472 ) ;
#4792 = SURFACE_SIDE_STYLE ('',( #3524 ) ) ;
#4793 = VECTOR ( 'NONE', #4900, 1000.000000000000000 ) ;
#4794 = CARTESIAN_POINT ( 'NONE',  ( 1.100000000000002087, -1.000000000000000222, 0.2599999999999922928 ) ) ;
#4795 = SURFACE_STYLE_USAGE ( .BOTH. , #3032 ) ;
#4796 = ORIENTED_EDGE ( 'NONE', *, *, #4576, .T. ) ;
#4797 = CARTESIAN_POINT ( 'NONE',  ( 1.100000000000000089, 0.4999999999999997780, -7.680894765701995475E-15 ) ) ;
#4798 =( LENGTH_UNIT ( ) NAMED_UNIT ( * ) SI_UNIT ( .MILLI., .METRE. ) );
#4800 = B_SPLINE_CURVE_WITH_KNOTS ( 'NONE', 3,
 ( #1320, #3454, #506, #911, #5149, #5203 ),
 .UNSPECIFIED., .F., .F.,
 ( 4, 1, 1, 4 ),
 ( 0.0000000000000000000, 0.3358544910758269886, 0.5565088627750724992, 1.000000000000000000 ),
 .UNSPECIFIED. ) ;
#4799 = VECTOR ( 'NONE', #27, 1000.000000000000000 ) ;
#4801 = VERTEX_POINT ( 'NONE', #484 ) ;
#4802 = VERTEX_POINT ( 'NONE', #2678 ) ;
#4803 = COLOUR_RGB ( '',0.8509803921568627194, 0.8509803921568627194, 0.8509803921568627194 ) ;
#4804 = ORIENTED_EDGE ( 'NONE', *, *, #421, .T. ) ;
#4805 = PLANE ( 'NONE',  #1207 ) ;
#4806 = DIRECTION ( 'NONE',  ( 1.000000000000000000, -3.523657060577891777E-15, 0.0000000000000000000 ) ) ;
#4807 = DIRECTION ( 'NONE',  ( 0.0000000000000000000, -1.000000000000000000, 0.0000000000000000000 ) ) ;
#4808 = DIRECTION ( 'NONE',  ( -0.0000000000000000000, 0.0000000000000000000, 1.000000000000000000 ) ) ;
#4809 =( GEOMETRIC_REPRESENTATION_CONTEXT ( 3 ) GLOBAL_UNCERTAINTY_ASSIGNED_CONTEXT ( ( #4532 ) ) GLOBAL_UNIT_ASSIGNED_CONTEXT ( ( #4214, #5142, #824 ) ) REPRESENTATION_CONTEXT ( 'NONE', 'WORKASPACE' ) );
#4810 = DIRECTION ( 'NONE',  ( 1.000000000000000000, -3.523657060577891777E-15, 0.0000000000000000000 ) ) ;
#4811 = UNCERTAINTY_MEASURE_WITH_UNIT (LENGTH_MEASURE( 1.000000000000000082E-05 ), #914, 'distance_accuracy_value', 'NONE');
#4812 = DIRECTION ( 'NONE',  ( 6.982962677686268288E-15, -0.0000000000000000000, 1.000000000000000000 ) ) ;
#4813 = PRESENTATION_STYLE_ASSIGNMENT (( #1352 ) ) ;
#4814 = CARTESIAN_POINT ( 'NONE',  ( -0.4135483952989442713, -0.5316465652036583833, 0.2810000000000000275 ) ) ;
#4815 = FACE_OUTER_BOUND ( 'NONE', #4599, .T. ) ;
#4816 = VERTEX_POINT ( 'NONE', #1495 ) ;
#4817 = CARTESIAN_POINT ( 'NONE',  ( 0.2532275857927164253, -0.3593805362314128615, 0.2810000000000000275 ) ) ;
#4818 = ADVANCED_FACE ( 'NONE', ( #2320 ), #3152, .T. ) ;
#4819 = CIRCLE ( 'NONE', #667, 0.2500000000000000000 ) ;
#4820 = ADVANCED_FACE ( 'NONE', ( #4024 ), #5311, .F. ) ;
#4821 = VECTOR ( 'NONE', #847, 1000.000000000000000 ) ;
#4822 = LINE ( 'NONE', #4366, #5423 ) ;
#4823 =( NAMED_UNIT ( * ) PLANE_ANGLE_UNIT ( ) SI_UNIT ( $, .RADIAN. ) );
#4824 = FACE_OUTER_BOUND ( 'NONE', #2775, .T. ) ;
#4825 = VERTEX_POINT ( 'NONE', #4190 ) ;
#4826 = CARTESIAN_POINT ( 'NONE',  ( 1.100000000000002087, -1.000000000000000222, 0.2599999999999922928 ) ) ;
#4827 = LINE ( 'NONE', #964, #4997 ) ;
#4828 = EDGE_LOOP ( 'NONE', ( #2455, #5088, #4093, #1078, #756, #3662, #1645, #5389, #3418, #1851, #3772, #5496, #3259, #1141 ) ) ;
#4829 = VERTEX_POINT ( 'NONE', #5483 ) ;
#4830 = CARTESIAN_POINT ( 'NONE',  ( 0.3901487617419281406, 0.8637862597461452019, 0.2799999999999999711 ) ) ;
#4831 =( LENGTH_UNIT ( ) NAMED_UNIT ( * ) SI_UNIT ( .MILLI., .METRE. ) );
#4832 = SURFACE_STYLE_USAGE ( .BOTH. , #1380 ) ;
#4833 = DIRECTION ( 'NONE',  ( -0.0000000000000000000, -0.0000000000000000000, -1.000000000000000000 ) ) ;
#4834 = PRESENTATION_STYLE_ASSIGNMENT (( #1803 ) ) ;
#4835 = CARTESIAN_POINT ( 'NONE',  ( 0.8500000000000019762, 0.4999999999999997780, 0.2799999999999999711 ) ) ;
#4836 = DIRECTION ( 'NONE',  ( -1.000000000000000000, 0.0000000000000000000, 0.0000000000000000000 ) ) ;
#4837 = DIRECTION ( 'NONE',  ( -1.000000000000000000, 0.0000000000000000000, 0.0000000000000000000 ) ) ;
#4838 = DIRECTION ( 'NONE',  ( -0.0000000000000000000, -0.0000000000000000000, -1.000000000000000000 ) ) ;
#4839 = ORIENTED_EDGE ( 'NONE', *, *, #4960, .T. ) ;
#4840 = DIRECTION ( 'NONE',  ( -6.982962677686265922E-15, 0.0000000000000000000, -1.000000000000000000 ) ) ;
#4841 = SURFACE_STYLE_USAGE ( .BOTH. , #2714 ) ;
#4842 = AXIS2_PLACEMENT_3D ( 'NONE', #1302, #3465, #115 ) ;
#4843 = CARTESIAN_POINT ( 'NONE',  ( -0.6766918921026191525, -0.5541450885699468198, 0.2799999999999999711 ) ) ;
#4844 = EDGE_CURVE ( 'NONE', #45, #3832, #5059, .T. ) ;
#4845 = DIRECTION ( 'NONE',  ( -1.000000000000000000, 0.0000000000000000000, 0.0000000000000000000 ) ) ;
#4846 = CARTESIAN_POINT ( 'NONE',  ( 0.6534767642029394308, -0.05709504976923727992, 0.2799999999999999711 ) ) ;
#4847 = FILL_AREA_STYLE_COLOUR ( '', #91 ) ;
#4848 = ORIENTED_EDGE ( 'NONE', *, *, #3636, .F. ) ;
#4849 = SURFACE_SIDE_STYLE ('',( #500 ) ) ;
#4850 = VECTOR ( 'NONE', #2677, 1000.000000000000000 ) ;
#4851 = EDGE_CURVE ( 'NONE', #450, #122, #1138, .T. ) ;
#4852 = VERTEX_POINT ( 'NONE', #4946 ) ;
#4853 = CARTESIAN_POINT ( 'NONE',  ( 0.3124155170610083410, 0.04290495023076271869, 0.2599999999999999534 ) ) ;
#4854 = ORIENTED_EDGE ( 'NONE', *, *, #1561, .F. ) ;
#4855 = ORIENTED_EDGE ( 'NONE', *, *, #4890, .F. ) ;
#4856 = LINE ( 'NONE', #995, #3076 ) ;
#4857 = PLANE ( 'NONE',  #563 ) ;
#4858 = PRESENTATION_LAYER_ASSIGNMENT (  '', '', ( #4052 ) ) ;
#4859 = AXIS2_PLACEMENT_3D ( 'NONE', #2187, #5184, #3514 ) ;
#4860 =( NAMED_UNIT ( * ) SI_UNIT ( $, .STERADIAN. ) SOLID_ANGLE_UNIT ( ) );
#4861 =( LENGTH_UNIT ( ) NAMED_UNIT ( * ) SI_UNIT ( .MILLI., .METRE. ) );
#4862 = FILL_AREA_STYLE_COLOUR ( '', #5246 ) ;
#4863 = DIRECTION ( 'NONE',  ( 0.0000000000000000000, -1.000000000000000000, 0.0000000000000000000 ) ) ;
#4864 = DIRECTION ( 'NONE',  ( -1.000000000000000000, 9.856383386231857595E-17, 0.0000000000000000000 ) ) ;
#4865 = CIRCLE ( 'NONE', #2912, 0.09999999999999993616 ) ;
#4866 = SURFACE_STYLE_FILL_AREA ( #1467 ) ;
#4867 = STYLED_ITEM ( 'NONE', ( #1058 ), #2030 ) ;
#4868 = VECTOR ( 'NONE', #3774, 1000.000000000000000 ) ;
#4869 = AXIS2_PLACEMENT_3D ( 'NONE', #762, #4656, #5017 ) ;
#4870 = CARTESIAN_POINT ( 'NONE',  ( -0.5035437629006764837, 0.5569292977732096528, 0.2799999999999999711 ) ) ;
#4871 =( NAMED_UNIT ( * ) PLANE_ANGLE_UNIT ( ) SI_UNIT ( $, .RADIAN. ) );
#4872 = DIRECTION ( 'NONE',  ( 1.000000000000000000, 0.0000000000000000000, -6.982962677686266711E-15 ) ) ;
#4873 =( LENGTH_UNIT ( ) NAMED_UNIT ( * ) SI_UNIT ( .MILLI., .METRE. ) );
#4874 = FACE_OUTER_BOUND ( 'NONE', #5368, .T. ) ;
#4875 = DIRECTION ( 'NONE',  ( -1.000000000000000000, 0.0000000000000000000, 0.0000000000000000000 ) ) ;
#4876 =( GEOMETRIC_REPRESENTATION_CONTEXT ( 3 ) GLOBAL_UNCERTAINTY_ASSIGNED_CONTEXT ( ( #4405 ) ) GLOBAL_UNIT_ASSIGNED_CONTEXT ( ( #2164, #871, #2252 ) ) REPRESENTATION_CONTEXT ( 'NONE', 'WORKASPACE' ) );
#4877 = VECTOR ( 'NONE', #411, 1000.000000000000000 ) ;
#4878 = AXIS2_PLACEMENT_3D ( 'NONE', #2590, #4299, #264 ) ;
#4879 = FACE_OUTER_BOUND ( 'NONE', #4828, .T. ) ;
#4880 = ORIENTED_EDGE ( 'NONE', *, *, #3036, .T. ) ;
#4881 = LINE ( 'NONE', #3083, #4785 ) ;
#4882 = EDGE_CURVE ( 'NONE', #669, #4973, #1523, .T. ) ;
#4883 = MECHANICAL_DESIGN_GEOMETRIC_PRESENTATION_REPRESENTATION (  '', ( #3355 ), #2450 ) ;
#4884 = ORIENTED_EDGE ( 'NONE', *, *, #958, .T. ) ;
#4885 = ORIENTED_EDGE ( 'NONE', *, *, #1983, .T. ) ;
#4886 = ORIENTED_EDGE ( 'NONE', *, *, #2229, .T. ) ;
#4887 = DIRECTION ( 'NONE',  ( 1.000000000000000000, 0.0000000000000000000, 0.0000000000000000000 ) ) ;
#4888 = AXIS2_PLACEMENT_3D ( 'NONE', #3489, #3026, #5526 ) ;
#4889 = DIRECTION ( 'NONE',  ( -0.0000000000000000000, -0.0000000000000000000, -1.000000000000000000 ) ) ;
#4890 = EDGE_CURVE ( 'NONE', #4982, #892, #3644, .T. ) ;
#4891 = EDGE_CURVE ( 'NONE', #647, #3177, #4610, .T. ) ;
#4892 = MECHANICAL_DESIGN_GEOMETRIC_PRESENTATION_REPRESENTATION (  '', ( #1020 ), #2284 ) ;
#4893 = LINE ( 'NONE', #4353, #2802 ) ;
#4894 = PLANE ( 'NONE',  #730 ) ;
#4895 = DIRECTION ( 'NONE',  ( 0.0000000000000000000, 1.000000000000000000, 0.0000000000000000000 ) ) ;
#4896 = COLOUR_RGB ( '',1.000000000000000000, 1.000000000000000000, 1.000000000000000000 ) ;
#4897 = AXIS2_PLACEMENT_3D ( 'NONE', #766, #5560, #3863 ) ;
#4898 = SURFACE_STYLE_USAGE ( .BOTH. , #2854 ) ;
#4899 = ORIENTED_EDGE ( 'NONE', *, *, #4329, .T. ) ;
#4900 = DIRECTION ( 'NONE',  ( -0.0000000000000000000, -0.0000000000000000000, -1.000000000000000000 ) ) ;
#4901 = CARTESIAN_POINT ( 'NONE',  ( 0.5359203924145662379, -0.05709504976923727992, 0.2599999999999999534 ) ) ;
#4902 = DIRECTION ( 'NONE',  ( -0.0000000000000000000, 1.000000000000000000, -0.0000000000000000000 ) ) ;
#4903 =( NAMED_UNIT ( * ) SI_UNIT ( $, .STERADIAN. ) SOLID_ANGLE_UNIT ( ) );
#4904 = DIRECTION ( 'NONE',  ( 1.000000000000000000, 0.0000000000000000000, 0.0000000000000000000 ) ) ;
#4905 = ORIENTED_EDGE ( 'NONE', *, *, #2302, .T. ) ;
#4906 =( GEOMETRIC_REPRESENTATION_CONTEXT ( 3 ) GLOBAL_UNCERTAINTY_ASSIGNED_CONTEXT ( ( #1778 ) ) GLOBAL_UNIT_ASSIGNED_CONTEXT ( ( #4909, #2699, #3143 ) ) REPRESENTATION_CONTEXT ( 'NONE', 'WORKASPACE' ) );
#4907 = DIRECTION ( 'NONE',  ( -0.0000000000000000000, -0.0000000000000000000, -1.000000000000000000 ) ) ;
#4908 = ORIENTED_EDGE ( 'NONE', *, *, #185, .T. ) ;
#4909 =( LENGTH_UNIT ( ) NAMED_UNIT ( * ) SI_UNIT ( .MILLI., .METRE. ) );
#4910 = ORIENTED_EDGE ( 'NONE', *, *, #2020, .T. ) ;
#4911 = VERTEX_POINT ( 'NONE', #654 ) ;
#4912 =( NAMED_UNIT ( * ) SI_UNIT ( $, .STERADIAN. ) SOLID_ANGLE_UNIT ( ) );
#4913 = SURFACE_STYLE_USAGE ( .BOTH. , #1055 ) ;
#4914 = ORIENTED_EDGE ( 'NONE', *, *, #5163, .F. ) ;
#4915 = CARTESIAN_POINT ( 'NONE',  ( 0.3999999999999996336, -0.9000000000000002442, -2.791820594150173918E-15 ) ) ;
#4916 = ADVANCED_FACE ( 'NONE', ( #308 ), #3312, .T. ) ;
#4917 = ADVANCED_FACE ( 'NONE', ( #1597 ), #543, .F. ) ;
#4918 = CARTESIAN_POINT ( 'NONE',  ( 7.750074532472045730E-18, 0.2000000000000000389, 0.0000000000000000000 ) ) ;
#4919 = DIRECTION ( 'NONE',  ( 1.000000000000000000, 0.0000000000000000000, 0.0000000000000000000 ) ) ;
#4920 =( NAMED_UNIT ( * ) PLANE_ANGLE_UNIT ( ) SI_UNIT ( $, .RADIAN. ) );
#4921 = B_SPLINE_SURFACE_WITH_KNOTS ( 'NONE', 3, 1, ( 
 ( #2347, #5456 ),
 ( #4151, #302 ),
 ( #1158, #2007 ),
 ( #649, #271 ),
 ( #3307, #2379 ) ),
 .UNSPECIFIED., .F., .F., .F.,
 ( 4, 1, 4 ),
 ( 2, 2 ),
 ( 0.08977583276714114213, 0.2929772087874236708, 1.000000000000000000 ),
 ( 0.0000000000000000000, 1.000000000000000000 ),
 .UNSPECIFIED. ) ;
#4922 = CARTESIAN_POINT ( 'NONE',  ( -1.099999999999998979, 0.0000000000000000000, 0.2599999999999999534 ) ) ;
#4923 =( NAMED_UNIT ( * ) SI_UNIT ( $, .STERADIAN. ) SOLID_ANGLE_UNIT ( ) );
#4924 = EDGE_CURVE ( 'NONE', #1248, #4595, #5585, .T. ) ;
#4925 = CARTESIAN_POINT ( 'NONE',  ( 0.5359203924145662379, 0.1776407652747671595, 0.2599999999999999534 ) ) ;
#4926 = ORIENTED_EDGE ( 'NONE', *, *, #3444, .F. ) ;
#4927 =( LENGTH_UNIT ( ) NAMED_UNIT ( * ) SI_UNIT ( .MILLI., .METRE. ) );
#4928 = LINE ( 'NONE', #1558, #2339 ) ;
#4929 = PLANE ( 'NONE',  #3201 ) ;
#4930 = FILL_AREA_STYLE_COLOUR ( '', #3685 ) ;
#4931 =( NAMED_UNIT ( * ) SI_UNIT ( $, .STERADIAN. ) SOLID_ANGLE_UNIT ( ) );
#4932 = FILL_AREA_STYLE ('',( #1147 ) ) ;
#4933 = CARTESIAN_POINT ( 'NONE',  ( 0.7978332356883809373, -0.08504592687205501933, 0.2799999999999999711 ) ) ;
#4934 = ORIENTED_EDGE ( 'NONE', *, *, #2117, .F. ) ;
#4935 = PLANE ( 'NONE',  #2724 ) ;
#4936 = CARTESIAN_POINT ( 'NONE',  ( 1.100000000000000311, -1.000000000000000222, 0.01999999999999231906 ) ) ;
#4937 = EDGE_LOOP ( 'NONE', ( #5042, #188, #3332, #2006 ) ) ;
#4938 = VERTEX_POINT ( 'NONE', #418 ) ;
#4939 = PLANE ( 'NONE',  #812 ) ;
#4940 =( NAMED_UNIT ( * ) PLANE_ANGLE_UNIT ( ) SI_UNIT ( $, .RADIAN. ) );
#4941 = AXIS2_PLACEMENT_3D ( 'NONE', #3861, #2604, #4286 ) ;
#4942 = UNCERTAINTY_MEASURE_WITH_UNIT (LENGTH_MEASURE( 1.000000000000000082E-05 ), #375, 'distance_accuracy_value', 'NONE');
#4943 = ORIENTED_EDGE ( 'NONE', *, *, #2089, .F. ) ;
#4944 = FILL_AREA_STYLE ('',( #245 ) ) ;
#4945 = VECTOR ( 'NONE', #3390, 1000.000000000000000 ) ;
#4946 = CARTESIAN_POINT ( 'NONE',  ( -1.099999999999998979, -0.2499999999999997780, 0.2599999999999999534 ) ) ;
#4947 = SURFACE_STYLE_USAGE ( .BOTH. , #2410 ) ;
#4948 = DIRECTION ( 'NONE',  ( -8.673617379884037444E-16, -1.000000000000000000, 6.057005021420981535E-30 ) ) ;
#4949 = ADVANCED_FACE ( 'NONE', ( #3370 ), #5089, .F. ) ;
#4950 = PRESENTATION_LAYER_ASSIGNMENT (  '', '', ( #2796 ) ) ;
#4951 = ADVANCED_FACE ( 'NONE', ( #2929 ), #4663, .F. ) ;
#4952 = SURFACE_SIDE_STYLE ('',( #2358 ) ) ;
#4953 = PRESENTATION_STYLE_ASSIGNMENT (( #4898 ) ) ;
#4954 = ORIENTED_EDGE ( 'NONE', *, *, #1581, .F. ) ;
#4955 = VECTOR ( 'NONE', #915, 1000.000000000000000 ) ;
#4956 = LINE ( 'NONE', #2414, #2364 ) ;
#4957 = PRESENTATION_LAYER_ASSIGNMENT (  '', '', ( #5588 ) ) ;
#4958 = FILL_AREA_STYLE ('',( #2859 ) ) ;
#4959 = EDGE_CURVE ( 'NONE', #1683, #5396, #1254, .T. ) ;
#4960 = EDGE_CURVE ( 'NONE', #2509, #2922, #4217, .T. ) ;
#4961 = VECTOR ( 'NONE', #3641, 1000.000000000000000 ) ;
#4962 = CARTESIAN_POINT ( 'NONE',  ( 1.100000000000002087, -0.2500000000000002220, 0.2599999999999922928 ) ) ;
#4963 = DIRECTION ( 'NONE',  ( 6.983251342707903681E-15, -0.0000000000000000000, 1.000000000000000000 ) ) ;
#4964 =( NAMED_UNIT ( * ) PLANE_ANGLE_UNIT ( ) SI_UNIT ( $, .RADIAN. ) );
#4965 = VERTEX_POINT ( 'NONE', #2552 ) ;
#4966 = AXIS2_PLACEMENT_3D ( 'NONE', #2695, #528, #2637 ) ;
#4967 = COLOUR_RGB ( '',0.8509803921568627194, 0.8509803921568627194, 0.8509803921568627194 ) ;
#4968 = PRESENTATION_LAYER_ASSIGNMENT (  '', '', ( #1552 ) ) ;
#4969 = COLOUR_RGB ( '',0.8509803921568627194, 0.8509803921568627194, 0.8509803921568627194 ) ;
#4970 = EDGE_LOOP ( 'NONE', ( #3145, #3003, #478, #126, #2043, #4994 ) ) ;
#4971 = CARTESIAN_POINT ( 'NONE',  ( 0.2532275857927164253, -0.3593805362314128615, 0.2810000000000000275 ) ) ;
#4972 = ORIENTED_EDGE ( 'NONE', *, *, #3668, .F. ) ;
#4973 = VERTEX_POINT ( 'NONE', #393 ) ;
#4974 = FILL_AREA_STYLE ('',( #4551 ) ) ;
#4975 = ORIENTED_EDGE ( 'NONE', *, *, #2510, .F. ) ;
#4976 = FILL_AREA_STYLE_COLOUR ( '', #1821 ) ;
#4977 =( LENGTH_UNIT ( ) NAMED_UNIT ( * ) SI_UNIT ( .MILLI., .METRE. ) );
#4978 = CARTESIAN_POINT ( 'NONE',  ( -0.6766918921026191525, 0.6855750628389500889, 0.2599999999999999534 ) ) ;
#4979 = PLANE ( 'NONE',  #70 ) ;
#4980 =( NAMED_UNIT ( * ) PLANE_ANGLE_UNIT ( ) SI_UNIT ( $, .RADIAN. ) );
#4981 = FILL_AREA_STYLE ('',( #1965 ) ) ;
#4982 = VERTEX_POINT ( 'NONE', #4830 ) ;
#4983 = EDGE_CURVE ( 'NONE', #551, #1047, #353, .T. ) ;
#4984 = CIRCLE ( 'NONE', #2555, 0.2500000000000000000 ) ;
#4985 = UNCERTAINTY_MEASURE_WITH_UNIT (LENGTH_MEASURE( 1.000000000000000082E-05 ), #2408, 'distance_accuracy_value', 'NONE');
#4986 = CARTESIAN_POINT ( 'NONE',  ( 7.493003142994979602E-17, -0.7671295513012331702, 0.2799999999999999711 ) ) ;
#4987 = SURFACE_STYLE_FILL_AREA ( #3274 ) ;
#4988 = AXIS2_PLACEMENT_3D ( 'NONE', #5536, #2925, #3776 ) ;
#4989 = CARTESIAN_POINT ( 'NONE',  ( -1.100000000000000755, -0.1999999999999994837, 0.02000000000000768177 ) ) ;
#4990 = CARTESIAN_POINT ( 'NONE',  ( 0.7507068832573945416, 0.6078267106094943362, 0.2799999999999999711 ) ) ;
#4991 =( NAMED_UNIT ( * ) PLANE_ANGLE_UNIT ( ) SI_UNIT ( $, .RADIAN. ) );
#4992 = ADVANCED_FACE ( 'NONE', ( #2644 ), #587, .F. ) ;
#4993 = ADVANCED_FACE ( 'NONE', ( #4044 ), #2268, .F. ) ;
#4994 = ORIENTED_EDGE ( 'NONE', *, *, #5469, .T. ) ;
#4995 =( NAMED_UNIT ( * ) SI_UNIT ( $, .STERADIAN. ) SOLID_ANGLE_UNIT ( ) );
#4996 = VECTOR ( 'NONE', #2851, 1000.000000000000000 ) ;
#4997 = VECTOR ( 'NONE', #98, 1000.000000000000000 ) ;
#4998 = ORIENTED_EDGE ( 'NONE', *, *, #2503, .F. ) ;
#4999 = CARTESIAN_POINT ( 'NONE',  ( 1.100000000000000089, -0.2000000000000005940, -7.680894765701995475E-15 ) ) ;
#5000 = VERTEX_POINT ( 'NONE', #3146 ) ;
#5001 = ORIENTED_EDGE ( 'NONE', *, *, #4844, .T. ) ;
#5002 = CARTESIAN_POINT ( 'NONE',  ( 1.100000000000002087, 0.4999999999999997780, 0.2599999999999922928 ) ) ;
#5003 = PRESENTATION_LAYER_ASSIGNMENT (  '', '', ( #211 ) ) ;
#5004 = ORIENTED_EDGE ( 'NONE', *, *, #1065, .F. ) ;
#5005 = CARTESIAN_POINT ( 'NONE',  ( 0.0000000000000000000, 0.3080817958270101187, 0.2799999999999999711 ) ) ;
#5006 = PRESENTATION_STYLE_ASSIGNMENT (( #251 ) ) ;
#5007 = FILL_AREA_STYLE_COLOUR ( '', #5422 ) ;
#5008 = CYLINDRICAL_SURFACE ( 'NONE', #3582, 0.1000000000000000472 ) ;
#5009 = ORIENTED_EDGE ( 'NONE', *, *, #4360, .T. ) ;
#5010 = LINE ( 'NONE', #1500, #3506 ) ;
#5011 = CARTESIAN_POINT ( 'NONE',  ( -8.518154025199974705E-17, -0.2000000000000000111, 0.0000000000000000000 ) ) ;
#5012 = CARTESIAN_POINT ( 'NONE',  ( 0.7507068832573945416, 0.6078267106094943362, 0.2599999999999999534 ) ) ;
#5013 =( NAMED_UNIT ( * ) SI_UNIT ( $, .STERADIAN. ) SOLID_ANGLE_UNIT ( ) );
#5014 = ORIENTED_EDGE ( 'NONE', *, *, #2166, .T. ) ;
#5015 = PRESENTATION_STYLE_ASSIGNMENT (( #4142 ) ) ;
#5016 = EDGE_CURVE ( 'NONE', #4020, #3632, #4856, .T. ) ;
#5017 = DIRECTION ( 'NONE',  ( 0.0000000000000000000, -0.0000000000000000000, 1.000000000000000000 ) ) ;
#5018 = EDGE_LOOP ( 'NONE', ( #4166, #2666, #4701, #1109, #2774, #3931, #241, #4428, #4975, #1823 ) ) ;
#5019 = PLANE ( 'NONE',  #1855 ) ;
#5020 = VERTEX_POINT ( 'NONE', #4185 ) ;
#5021 = DIRECTION ( 'NONE',  ( -0.0000000000000000000, 0.0000000000000000000, 1.000000000000000000 ) ) ;
#5022 = ORIENTED_EDGE ( 'NONE', *, *, #2897, .T. ) ;
#5023 = CARTESIAN_POINT ( 'NONE',  ( 0.7672489025476870728, 0.6470277182179263731, 0.2799999999999999711 ) ) ;
#5024 = ADVANCED_FACE ( 'NONE', ( #1135 ), #4921, .F. ) ;
#5025 = VERTEX_POINT ( 'NONE', #3611 ) ;
#5026 = LINE ( 'NONE', #3753, #3780 ) ;
#5027 = CARTESIAN_POINT ( 'NONE',  ( 0.7174695751538135990, -0.08025157153844876545, 0.2799999999999999711 ) ) ;
#5028 = CARTESIAN_POINT ( 'NONE',  ( 1.100000000000002531, 0.7499999999999997780, 0.2799999999999999711 ) ) ;
#5029 = DIRECTION ( 'NONE',  ( -6.982962677686265922E-15, 0.0000000000000000000, -1.000000000000000000 ) ) ;
#5030 = FILL_AREA_STYLE ('',( #2820 ) ) ;
#5031 = AXIS2_PLACEMENT_3D ( 'NONE', #3305, #5021, #4919 ) ;
#5032 = PRESENTATION_STYLE_ASSIGNMENT (( #659 ) ) ;
#5033 = VERTEX_POINT ( 'NONE', #677 ) ;
#5034 = UNCERTAINTY_MEASURE_WITH_UNIT (LENGTH_MEASURE( 1.000000000000000082E-05 ), #2914, 'distance_accuracy_value', 'NONE');
#5035 = SURFACE_SIDE_STYLE ('',( #4672 ) ) ;
#5036 = VERTEX_POINT ( 'NONE', #2843 ) ;
#5037 =( LENGTH_UNIT ( ) NAMED_UNIT ( * ) SI_UNIT ( .MILLI., .METRE. ) );
#5038 = CARTESIAN_POINT ( 'NONE',  ( -2.787890710529827380E-16, -0.9000000000000001332, 0.0000000000000000000 ) ) ;
#5039 = AXIS2_PLACEMENT_3D ( 'NONE', #5073, #2210, #3616 ) ;
#5040 = PRESENTATION_LAYER_ASSIGNMENT (  '', '', ( #4315 ) ) ;
#5041 = LINE ( 'NONE', #1532, #5093 ) ;
#5042 = ORIENTED_EDGE ( 'NONE', *, *, #1581, .T. ) ;
#5043 = SURFACE_SIDE_STYLE ('',( #4260 ) ) ;
#5044 = COLOUR_RGB ( '',0.8509803921568627194, 0.8509803921568627194, 0.8509803921568627194 ) ;
#5045 =( NAMED_UNIT ( * ) PLANE_ANGLE_UNIT ( ) SI_UNIT ( $, .RADIAN. ) );
#5046 = ORIENTED_EDGE ( 'NONE', *, *, #3478, .F. ) ;
#5047 = VECTOR ( 'NONE', #1111, 1000.000000000000000 ) ;
#5048 =( LENGTH_UNIT ( ) NAMED_UNIT ( * ) SI_UNIT ( .MILLI., .METRE. ) );
#5049 = VERTEX_POINT ( 'NONE', #5023 ) ;
#5050 = EDGE_CURVE ( 'NONE', #334, #1107, #4487, .T. ) ;
#5051 = DIRECTION ( 'NONE',  ( -0.0000000000000000000, 0.0000000000000000000, 1.000000000000000000 ) ) ;
#5052 = COLOUR_RGB ( '',1.000000000000000000, 0.0000000000000000000, 0.0000000000000000000 ) ;
#5053 = AXIS2_PLACEMENT_3D ( 'NONE', #1723, #380, #4758 ) ;
#5054 = SURFACE_STYLE_USAGE ( .BOTH. , #1115 ) ;
#5055 = MECHANICAL_DESIGN_GEOMETRIC_PRESENTATION_REPRESENTATION (  '', ( #2910 ), #1745 ) ;
#5056 = ADVANCED_FACE ( 'NONE', ( #4103 ), #4939, .F. ) ;
#5057 =( NAMED_UNIT ( * ) PLANE_ANGLE_UNIT ( ) SI_UNIT ( $, .RADIAN. ) );
#5058 = VECTOR ( 'NONE', #1749, 1000.000000000000000 ) ;
#5059 = CIRCLE ( 'NONE', #1741, 0.3637862597461382630 ) ;
#5060 = EDGE_CURVE ( 'NONE', #4205, #1955, #1572, .T. ) ;
#5061 = SURFACE_STYLE_USAGE ( .BOTH. , #1319 ) ;
#5062 =( NAMED_UNIT ( * ) SI_UNIT ( $, .STERADIAN. ) SOLID_ANGLE_UNIT ( ) );
#5063 = AXIS2_PLACEMENT_3D ( 'NONE', #62, #982, #5362 ) ;
#5064 = CARTESIAN_POINT ( 'NONE',  ( 0.7385744931852191719, -0.5000000000000002220, 0.2799999999999999711 ) ) ;
#5065 = CARTESIAN_POINT ( 'NONE',  ( 0.7978332356883809373, -0.08504592687205501933, 0.2799999999999999711 ) ) ;
#5066 = LINE ( 'NONE', #1631, #1153 ) ;
#5067 = ORIENTED_EDGE ( 'NONE', *, *, #42, .T. ) ;
#5068 = DIRECTION ( 'NONE',  ( -0.0000000000000000000, 1.000000000000000000, -0.0000000000000000000 ) ) ;
#5069 = DIRECTION ( 'NONE',  ( -1.000000000000000000, 0.0000000000000000000, 0.0000000000000000000 ) ) ;
#5070 = VERTEX_POINT ( 'NONE', #5113 ) ;
#5071 = VECTOR ( 'NONE', #3943, 1000.000000000000000 ) ;
#5072 = AXIS2_PLACEMENT_3D ( 'NONE', #4694, #4664, #1746 ) ;
#5073 = CARTESIAN_POINT ( 'NONE',  ( 1.100000000000002087, -0.5000000000000002220, 0.2799999999999999711 ) ) ;
#5074 = FILL_AREA_STYLE ('',( #3386 ) ) ;
#5075 = ORIENTED_EDGE ( 'NONE', *, *, #5505, .T. ) ;
#5076 =( NAMED_UNIT ( * ) SI_UNIT ( $, .STERADIAN. ) SOLID_ANGLE_UNIT ( ) );
#5077 = ORIENTED_EDGE ( 'NONE', *, *, #3711, .F. ) ;
#5078 = VECTOR ( 'NONE', #419, 1000.000000000000000 ) ;
#5079 = SURFACE_STYLE_FILL_AREA ( #2883 ) ;
#5080 = DIRECTION ( 'NONE',  ( 6.982962677686268288E-15, -0.0000000000000000000, 1.000000000000000000 ) ) ;
#5081 = CLOSED_SHELL ( 'NONE', ( #3737, #1443, #5573, #1203, #1730, #3812 ) ) ;
#5082 = ORIENTED_EDGE ( 'NONE', *, *, #5473, .T. ) ;
#5083 = STYLED_ITEM ( 'NONE', ( #230 ), #3997 ) ;
#5084 = CARTESIAN_POINT ( 'NONE',  ( 0.3195831592659477138, 0.4509946331943126552, 0.2810000000000000275 ) ) ;
#5085 = ORIENTED_EDGE ( 'NONE', *, *, #4269, .T. ) ;
#5086 = FACE_OUTER_BOUND ( 'NONE', #3309, .T. ) ;
#5087 = DIRECTION ( 'NONE',  ( 1.000000000000000000, 0.0000000000000000000, 0.0000000000000000000 ) ) ;
#5088 = ORIENTED_EDGE ( 'NONE', *, *, #421, .F. ) ;
#5089 = PLANE ( 'NONE',  #2165 ) ;
#5090 = DIRECTION ( 'NONE',  ( -0.0000000000000000000, 0.0000000000000000000, -1.000000000000000000 ) ) ;
#5091 = CARTESIAN_POINT ( 'NONE',  ( 0.2532275857927164253, -0.5316465652036583833, 0.2810000000000000275 ) ) ;
#5092 = EDGE_CURVE ( 'NONE', #5396, #1709, #2139, .T. ) ;
#5093 = VECTOR ( 'NONE', #2393, 1000.000000000000000 ) ;
#5094 = EDGE_CURVE ( 'NONE', #5020, #2942, #876, .T. ) ;
#5095 = PLANE ( 'NONE',  #4335 ) ;
#5096 = CARTESIAN_POINT ( 'NONE',  ( 0.6360270068922001530, 0.1776407652747672150, 0.2599999999999999534 ) ) ;
#5097 =( NAMED_UNIT ( * ) PLANE_ANGLE_UNIT ( ) SI_UNIT ( $, .RADIAN. ) );
#5098 = FILL_AREA_STYLE_COLOUR ( '', #2362 ) ;
#5099 = CARTESIAN_POINT ( 'NONE',  ( 0.3432670707574931868, -0.3593805362314128615, 0.2599999999999999534 ) ) ;
#5100 =( LENGTH_UNIT ( ) NAMED_UNIT ( * ) SI_UNIT ( .MILLI., .METRE. ) );
#5101 = ADVANCED_FACE ( 'NONE', ( #5086 ), #1621, .F. ) ;
#5102 = CARTESIAN_POINT ( 'NONE',  ( 0.3124155170610076193, -0.05709504976923729380, 0.2799999999999999711 ) ) ;
#5103 = CARTESIAN_POINT ( 'NONE',  ( 0.0000000000000000000, 0.0000000000000000000, 0.2799999999999999711 ) ) ;
#5104 = ORIENTED_EDGE ( 'NONE', *, *, #1884, .F. ) ;
#5105 = CARTESIAN_POINT ( 'NONE',  ( -0.6111183130522259699, -0.6072867474877421401, 0.2799999999999999711 ) ) ;
#5106 = ORIENTED_EDGE ( 'NONE', *, *, #3811, .F. ) ;
#5107 = SURFACE_SIDE_STYLE ('',( #5160 ) ) ;
#5108 = PLANE ( 'NONE',  #252 ) ;
#5109 = DIRECTION ( 'NONE',  ( 0.0000000000000000000, -0.0000000000000000000, 1.000000000000000000 ) ) ;
#5110 = EDGE_LOOP ( 'NONE', ( #4312, #4719, #3079, #4519 ) ) ;
#5111 = SURFACE_STYLE_USAGE ( .BOTH. , #5222 ) ;
#5112 = LINE ( 'NONE', #5167, #619 ) ;
#5113 = CARTESIAN_POINT ( 'NONE',  ( 0.8500000000000019762, -0.5000000000000002220, 0.2599999999999999534 ) ) ;
#5114 = UNCERTAINTY_MEASURE_WITH_UNIT (LENGTH_MEASURE( 1.000000000000000082E-05 ), #2491, 'distance_accuracy_value', 'NONE');
#5115 = ORIENTED_EDGE ( 'NONE', *, *, #4959, .T. ) ;
#5116 =( NAMED_UNIT ( * ) PLANE_ANGLE_UNIT ( ) SI_UNIT ( $, .RADIAN. ) );
#5117 = DIRECTION ( 'NONE',  ( -0.0000000000000000000, -0.0000000000000000000, -1.000000000000000000 ) ) ;
#5118 = SURFACE_SIDE_STYLE ('',( #1685 ) ) ;
#5119 = B_SPLINE_CURVE_WITH_KNOTS ( 'NONE', 2,
 ( #7, #5189, #1330 ),
 .UNSPECIFIED., .F., .F.,
 ( 3, 3 ),
 ( 0.0000000000000000000, 1.000000000000000000 ),
 .UNSPECIFIED. ) ;
#5120 = COLOUR_RGB ( '',0.7921568627450980005, 0.8196078431372548767, 0.9333333333333333481 ) ;
#5121 = CARTESIAN_POINT ( 'NONE',  ( 0.8230581300528493349, 0.2641109509742675665, 0.2599999999999999534 ) ) ;
#5122 = VECTOR ( 'NONE', #4053, 1000.000000000000000 ) ;
#5123 = CARTESIAN_POINT ( 'NONE',  ( 1.474093280861973972E-16, 0.2000000000000000389, 0.02000000000000000042 ) ) ;
#5124 = DIRECTION ( 'NONE',  ( 1.000000000000000000, -9.856383386231857595E-17, -6.982631605183631963E-15 ) ) ;
#5125 = DIRECTION ( 'NONE',  ( -1.000000000000000000, -0.0000000000000000000, -0.0000000000000000000 ) ) ;
#5126 = ORIENTED_EDGE ( 'NONE', *, *, #2269, .T. ) ;
#5127 = EDGE_CURVE ( 'NONE', #5049, #2342, #1738, .T. ) ;
#5128 = PRESENTATION_STYLE_ASSIGNMENT (( #1670 ) ) ;
#5129 = FACE_OUTER_BOUND ( 'NONE', #870, .T. ) ;
#5130 = ORIENTED_EDGE ( 'NONE', *, *, #4851, .T. ) ;
#5131 = CARTESIAN_POINT ( 'NONE',  ( 5.773300432731590829E-21, 0.9000000000000000222, 0.0000000000000000000 ) ) ;
#5132 = PRESENTATION_LAYER_ASSIGNMENT (  '', '', ( #979 ) ) ;
#5133 = CARTESIAN_POINT ( 'NONE',  ( 0.4000000000000002998, -0.2000000000000002054, 0.01999999999999720751 ) ) ;
#5134 =( NAMED_UNIT ( * ) PLANE_ANGLE_UNIT ( ) SI_UNIT ( $, .RADIAN. ) );
#5135 = EDGE_CURVE ( 'NONE', #3521, #1472, #362, .T. ) ;
#5136 = ADVANCED_FACE ( 'NONE', ( #3362 ), #2605, .T. ) ;
#5137 = COLOUR_RGB ( '',0.8509803921568627194, 0.8509803921568627194, 0.8509803921568627194 ) ;
#5138 = DIRECTION ( 'NONE',  ( 0.0000000000000000000, -0.0000000000000000000, -1.000000000000000000 ) ) ;
#5139 = ORIENTED_EDGE ( 'NONE', *, *, #3100, .F. ) ;
#5140 = LINE ( 'NONE', #4265, #2541 ) ;
#5141 = CARTESIAN_POINT ( 'NONE',  ( -0.5035437629006771498, 0.04290495023076271869, 0.2799999999999999711 ) ) ;
#5142 =( NAMED_UNIT ( * ) PLANE_ANGLE_UNIT ( ) SI_UNIT ( $, .RADIAN. ) );
#5143 = STYLED_ITEM ( 'NONE', ( #2354 ), #1390 ) ;
#5144 =( GEOMETRIC_REPRESENTATION_CONTEXT ( 3 ) GLOBAL_UNCERTAINTY_ASSIGNED_CONTEXT ( ( #748 ) ) GLOBAL_UNIT_ASSIGNED_CONTEXT ( ( #737, #5397, #4912 ) ) REPRESENTATION_CONTEXT ( 'NONE', 'WORKASPACE' ) );
#5145 = ORIENTED_EDGE ( 'NONE', *, *, #4237, .F. ) ;
#5146 = CARTESIAN_POINT ( 'NONE',  ( -1.100000000000000089, 0.4999999999999997780, 7.680894765701995475E-15 ) ) ;
#5147 =( NAMED_UNIT ( * ) PLANE_ANGLE_UNIT ( ) SI_UNIT ( $, .RADIAN. ) );
#5148 = CARTESIAN_POINT ( 'NONE',  ( -0.4135483952989442713, -0.3593805362314128615, 0.2810000000000000275 ) ) ;
#5149 = CARTESIAN_POINT ( 'NONE',  ( -1.031512925605919229, 0.8594879528193650753, 0.2599999999999998979 ) ) ;
#5150 = PRESENTATION_LAYER_ASSIGNMENT (  '', '', ( #1090 ) ) ;
#5151 = UNCERTAINTY_MEASURE_WITH_UNIT (LENGTH_MEASURE( 1.000000000000000082E-05 ), #2193, 'distance_accuracy_value', 'NONE');
#5152 = MECHANICAL_DESIGN_GEOMETRIC_PRESENTATION_REPRESENTATION (  '', ( #4699 ), #2730 ) ;
#5153 =( GEOMETRIC_REPRESENTATION_CONTEXT ( 3 ) GLOBAL_UNCERTAINTY_ASSIGNED_CONTEXT ( ( #5278 ) ) GLOBAL_UNIT_ASSIGNED_CONTEXT ( ( #1461, #4380, #3965 ) ) REPRESENTATION_CONTEXT ( 'NONE', 'WORKASPACE' ) );
#5154 = DIRECTION ( 'NONE',  ( -1.000000000000000000, 0.0000000000000000000, 0.0000000000000000000 ) ) ;
#5155 = UNCERTAINTY_MEASURE_WITH_UNIT (LENGTH_MEASURE( 1.000000000000000082E-05 ), #3679, 'distance_accuracy_value', 'NONE');
#5156 = FACE_OUTER_BOUND ( 'NONE', #1901, .T. ) ;
#5157 = CYLINDRICAL_SURFACE ( 'NONE', #2469, 0.09999999999999999167 ) ;
#5158 = LINE ( 'NONE', #1301, #1638 ) ;
#5159 = EDGE_LOOP ( 'NONE', ( #4712, #2993, #4714, #5173 ) ) ;
#5160 = SURFACE_STYLE_FILL_AREA ( #3853 ) ;
#5161 = PRESENTATION_LAYER_ASSIGNMENT (  '', '', ( #560 ) ) ;
#5162 = UNCERTAINTY_MEASURE_WITH_UNIT (LENGTH_MEASURE( 1.000000000000000082E-05 ), #2493, 'distance_accuracy_value', 'NONE');
#5163 = EDGE_CURVE ( 'NONE', #240, #4076, #4715, .T. ) ;
#5164 = EDGE_CURVE ( 'NONE', #4547, #906, #3005, .T. ) ;
#5165 = SURFACE_STYLE_USAGE ( .BOTH. , #1786 ) ;
#5166 = VERTEX_POINT ( 'NONE', #3898 ) ;
#5167 = CARTESIAN_POINT ( 'NONE',  ( -1.099999999999999867, -1.000000000000000000, 0.02000000000000768177 ) ) ;
#5168 = FILL_AREA_STYLE ('',( #2513 ) ) ;
#5169 = AXIS2_PLACEMENT_3D ( 'NONE', #5457, #2380, #3663 ) ;
#5170 = DIRECTION ( 'NONE',  ( -1.000000000000000000, 9.856383386231857595E-17, 6.982631605183631963E-15 ) ) ;
#5171 = UNCERTAINTY_MEASURE_WITH_UNIT (LENGTH_MEASURE( 1.000000000000000082E-05 ), #3947, 'distance_accuracy_value', 'NONE');
#5172 = VECTOR ( 'NONE', #1680, 1000.000000000000000 ) ;
#5173 = ORIENTED_EDGE ( 'NONE', *, *, #4615, .T. ) ;
#5174 = ORIENTED_EDGE ( 'NONE', *, *, #4127, .F. ) ;
#5175 = CARTESIAN_POINT ( 'NONE',  ( 0.7858601251859659298, -0.1372050520392875117, 0.2799999999999999711 ) ) ;
#5176 = FILL_AREA_STYLE_COLOUR ( '', #3101 ) ;
#5177 = PRESENTATION_STYLE_ASSIGNMENT (( #4772 ) ) ;
#5178 = STYLED_ITEM ( 'NONE', ( #2654 ), #4097 ) ;
#5179 = CARTESIAN_POINT ( 'NONE',  ( -1.391298174992573496E-16, -0.9000000000000001332, 0.02000000000000000042 ) ) ;
#5180 = AXIS2_PLACEMENT_3D ( 'NONE', #4853, #590, #1426 ) ;
#5181 =( NAMED_UNIT ( * ) SI_UNIT ( $, .STERADIAN. ) SOLID_ANGLE_UNIT ( ) );
#5182 = DIRECTION ( 'NONE',  ( -3.469446951953614189E-15, 1.000000000000000000, 2.422802008568392053E-29 ) ) ;
#5183 = LINE ( 'NONE', #1587, #118 ) ;
#5184 = DIRECTION ( 'NONE',  ( 9.767585058201807468E-17, -1.000000000000000000, 0.0000000000000000000 ) ) ;
#5185 = LINE ( 'NONE', #5520, #2565 ) ;
#5186 =( NAMED_UNIT ( * ) PLANE_ANGLE_UNIT ( ) SI_UNIT ( $, .RADIAN. ) );
#5187 =( NAMED_UNIT ( * ) SI_UNIT ( $, .STERADIAN. ) SOLID_ANGLE_UNIT ( ) );
#5188 = ORIENTED_EDGE ( 'NONE', *, *, #1271, .T. ) ;
#5189 = CARTESIAN_POINT ( 'NONE',  ( -0.7250754616367172112, -0.5368602718148540731, 0.2599999999999999534 ) ) ;
#5190 = DIRECTION ( 'NONE',  ( 0.0000000000000000000, 1.000000000000000000, 0.0000000000000000000 ) ) ;
#5191 =( NAMED_UNIT ( * ) SI_UNIT ( $, .STERADIAN. ) SOLID_ANGLE_UNIT ( ) );
#5192 =( NAMED_UNIT ( * ) PLANE_ANGLE_UNIT ( ) SI_UNIT ( $, .RADIAN. ) );
#5193 = PLANE ( 'NONE',  #154 ) ;
#5194 = VERTEX_POINT ( 'NONE', #4826 ) ;
#5195 = CARTESIAN_POINT ( 'NONE',  ( -0.3095939579225142069, -0.3593805362314128615, 0.2599999999999999534 ) ) ;
#5196 = ADVANCED_FACE ( 'NONE', ( #5258 ), #3113, .T. ) ;
#5197 = EDGE_CURVE ( 'NONE', #1184, #45, #4881, .T. ) ;
#5198 = VERTEX_POINT ( 'NONE', #2667 ) ;
#5199 = ORIENTED_EDGE ( 'NONE', *, *, #4208, .F. ) ;
#5200 = VERTEX_POINT ( 'NONE', #984 ) ;
#5201 =( NAMED_UNIT ( * ) SI_UNIT ( $, .STERADIAN. ) SOLID_ANGLE_UNIT ( ) );
#5202 = LINE ( 'NONE', #3996, #4531 ) ;
#5203 = CARTESIAN_POINT ( 'NONE',  ( -1.071157378566040208, 0.8626410704386738848, 0.2599999999999999534 ) ) ;
#5204 = EDGE_CURVE ( 'NONE', #2325, #848, #3980, .T. ) ;
#5205 = EDGE_CURVE ( 'NONE', #381, #697, #5303, .T. ) ;
#5206 = FACE_OUTER_BOUND ( 'NONE', #1127, .T. ) ;
#5207 = PRESENTATION_STYLE_ASSIGNMENT (( #4229 ) ) ;
#5208 = DIRECTION ( 'NONE',  ( -6.982962677686265922E-15, 0.0000000000000000000, -1.000000000000000000 ) ) ;
#5209 = CARTESIAN_POINT ( 'NONE',  ( 0.0000000000000000000, 0.3080817958270101187, 0.2799999999999999711 ) ) ;
#5210 = SURFACE_SIDE_STYLE ('',( #5548 ) ) ;
#5211 = UNCERTAINTY_MEASURE_WITH_UNIT (LENGTH_MEASURE( 1.000000000000000082E-05 ), #1307, 'distance_accuracy_value', 'NONE');
#5212 = FILL_AREA_STYLE ('',( #4327 ) ) ;
#5213 = MECHANICAL_DESIGN_GEOMETRIC_PRESENTATION_REPRESENTATION (  '', ( #5297 ), #4756 ) ;
#5214 = PRESENTATION_STYLE_ASSIGNMENT (( #4757 ) ) ;
#5215 =( GEOMETRIC_REPRESENTATION_CONTEXT ( 3 ) GLOBAL_UNCERTAINTY_ASSIGNED_CONTEXT ( ( #703 ) ) GLOBAL_UNIT_ASSIGNED_CONTEXT ( ( #1554, #4871, #4446 ) ) REPRESENTATION_CONTEXT ( 'NONE', 'WORKASPACE' ) );
#5216 = ORIENTED_EDGE ( 'NONE', *, *, #3888, .T. ) ;
#5217 = FILL_AREA_STYLE_COLOUR ( '', #1832 ) ;
#5218 = FILL_AREA_STYLE_COLOUR ( '', #3505 ) ;
#5219 =( NAMED_UNIT ( * ) PLANE_ANGLE_UNIT ( ) SI_UNIT ( $, .RADIAN. ) );
#5220 = SURFACE_STYLE_FILL_AREA ( #1278 ) ;
#5221 = FACE_OUTER_BOUND ( 'NONE', #3717, .T. ) ;
#5222 = SURFACE_SIDE_STYLE ('',( #4687 ) ) ;
#5223 = ORIENTED_EDGE ( 'NONE', *, *, #5135, .T. ) ;
#5224 = FILL_AREA_STYLE ('',( #16 ) ) ;
#5225 = VECTOR ( 'NONE', #1634, 1000.000000000000000 ) ;
#5226 = VERTEX_POINT ( 'NONE', #123 ) ;
#5227 = ORIENTED_EDGE ( 'NONE', *, *, #4200, .F. ) ;
#5228 = MECHANICAL_DESIGN_GEOMETRIC_PRESENTATION_REPRESENTATION (  '', ( #3970 ), #3775 ) ;
#5229 = COLOUR_RGB ( '',0.8509803921568627194, 0.8509803921568627194, 0.8509803921568627194 ) ;
#5230 = ORIENTED_EDGE ( 'NONE', *, *, #3837, .T. ) ;
#5231 = DIRECTION ( 'NONE',  ( 0.0000000000000000000, -0.0000000000000000000, -1.000000000000000000 ) ) ;
#5232 = CARTESIAN_POINT ( 'NONE',  ( 0.6534767642029394308, -0.05709504976923727992, 0.2599999999999999534 ) ) ;
#5233 = CARTESIAN_POINT ( 'NONE',  ( 0.6360270068922002640, 0.1776407652747671595, 0.2599999999999999534 ) ) ;
#5234 = STYLED_ITEM ( 'NONE', ( #2401 ), #5056 ) ;
#5235 = VECTOR ( 'NONE', #2952, 1000.000000000000000 ) ;
#5236 = CIRCLE ( 'NONE', #2809, 0.2500000000000000000 ) ;
#5237 = UNCERTAINTY_MEASURE_WITH_UNIT (LENGTH_MEASURE( 1.000000000000000082E-05 ), #2798, 'distance_accuracy_value', 'NONE');
#5238 = CARTESIAN_POINT ( 'NONE',  ( -0.5035437629006771498, 0.04290495023076271869, 0.2799999999999999711 ) ) ;
#5239 = EDGE_CURVE ( 'NONE', #4760, #699, #3553, .T. ) ;
#5240 = ADVANCED_FACE ( 'NONE', ( #1450 ), #1019, .T. ) ;
#5241 = SURFACE_STYLE_FILL_AREA ( #3509 ) ;
#5242 = CARTESIAN_POINT ( 'NONE',  ( 0.3195831592659477138, 0.4509946331943126552, 0.2810000000000000275 ) ) ;
#5243 = DIRECTION ( 'NONE',  ( -0.0000000000000000000, -0.0000000000000000000, -1.000000000000000000 ) ) ;
#5244 = VECTOR ( 'NONE', #3129, 1000.000000000000000 ) ;
#5245 = PRESENTATION_STYLE_ASSIGNMENT (( #3564 ) ) ;
#5246 = COLOUR_RGB ( '',0.8509803921568627194, 0.8509803921568627194, 0.8509803921568627194 ) ;
#5247 =( NAMED_UNIT ( * ) SI_UNIT ( $, .STERADIAN. ) SOLID_ANGLE_UNIT ( ) );
#5248 = PLANE ( 'NONE',  #4842 ) ;
#5249 = ORIENTED_EDGE ( 'NONE', *, *, #3137, .F. ) ;
#5250 = DIRECTION ( 'NONE',  ( -0.0000000000000000000, -0.0000000000000000000, -1.000000000000000000 ) ) ;
#5251 =( LENGTH_UNIT ( ) NAMED_UNIT ( * ) SI_UNIT ( .MILLI., .METRE. ) );
#5252 = SURFACE_STYLE_USAGE ( .BOTH. , #4792 ) ;
#5253 =( GEOMETRIC_REPRESENTATION_CONTEXT ( 3 ) GLOBAL_UNCERTAINTY_ASSIGNED_CONTEXT ( ( #2453 ) ) GLOBAL_UNIT_ASSIGNED_CONTEXT ( ( #3895, #820, #3415 ) ) REPRESENTATION_CONTEXT ( 'NONE', 'WORKASPACE' ) );
#5254 = AXIS2_PLACEMENT_3D ( 'NONE', #717, #687, #1177 ) ;
#5255 = CARTESIAN_POINT ( 'NONE',  ( -0.7482052191486779913, -0.5828783997317399379, 0.2799999999999999711 ) ) ;
#5256 = CARTESIAN_POINT ( 'NONE',  ( 1.100000000000002087, -0.1385744931852173067, 0.2599999999999999534 ) ) ;
#5257 = ORIENTED_EDGE ( 'NONE', *, *, #1066, .F. ) ;
#5258 = FACE_OUTER_BOUND ( 'NONE', #5159, .T. ) ;
#5259 = ORIENTED_EDGE ( 'NONE', *, *, #4290, .T. ) ;
#5260 = AXIS2_PLACEMENT_3D ( 'NONE', #1487, #153, #1081 ) ;
#5261 = VERTEX_POINT ( 'NONE', #3228 ) ;
#5262 = DIRECTION ( 'NONE',  ( -3.469446951953614189E-15, 1.000000000000000000, 0.0000000000000000000 ) ) ;
#5263 =( LENGTH_UNIT ( ) NAMED_UNIT ( * ) SI_UNIT ( .MILLI., .METRE. ) );
#5264 = CARTESIAN_POINT ( 'NONE',  ( -1.099999999999998979, 0.7500000000000000000, 0.2600000000000076694 ) ) ;
#5265 = DIRECTION ( 'NONE',  ( 1.000000000000000000, 0.0000000000000000000, 0.0000000000000000000 ) ) ;
#5266 =( GEOMETRIC_REPRESENTATION_CONTEXT ( 3 ) GLOBAL_UNCERTAINTY_ASSIGNED_CONTEXT ( ( #3910 ) ) GLOBAL_UNIT_ASSIGNED_CONTEXT ( ( #2355, #4980, #1981 ) ) REPRESENTATION_CONTEXT ( 'NONE', 'WORKASPACE' ) );
#5267 = LINE ( 'NONE', #3511, #2892 ) ;
#5268 = CARTESIAN_POINT ( 'NONE',  ( -0.9174636228121989534, -0.1880563063957278735, 0.2799999999999999711 ) ) ;
#5269 = SURFACE_STYLE_FILL_AREA ( #2617 ) ;
#5270 = DIRECTION ( 'NONE',  ( 1.000000000000000000, 0.0000000000000000000, 0.0000000000000000000 ) ) ;
#5271 = EDGE_CURVE ( 'NONE', #2190, #3285, #4511, .T. ) ;
#5272 = EDGE_CURVE ( 'NONE', #410, #3942, #4455, .T. ) ;
#5273 = MECHANICAL_DESIGN_GEOMETRIC_PRESENTATION_REPRESENTATION (  '', ( #3548 ), #5266 ) ;
#5274 = SURFACE_SIDE_STYLE ('',( #1439 ) ) ;
#5275 = ORIENTED_EDGE ( 'NONE', *, *, #4432, .F. ) ;
#5276 = DIRECTION ( 'NONE',  ( 8.673617379884037444E-16, 1.000000000000000000, 0.0000000000000000000 ) ) ;
#5277 = EDGE_CURVE ( 'NONE', #2740, #122, #3300, .T. ) ;
#5278 = UNCERTAINTY_MEASURE_WITH_UNIT (LENGTH_MEASURE( 1.000000000000000082E-05 ), #1461, 'distance_accuracy_value', 'NONE');
#5279 = DIRECTION ( 'NONE',  ( -1.000000000000000000, 0.0000000000000000000, 0.0000000000000000000 ) ) ;
#5280 =( NAMED_UNIT ( * ) SI_UNIT ( $, .STERADIAN. ) SOLID_ANGLE_UNIT ( ) );
#5281 = EDGE_LOOP ( 'NONE', ( #2346, #56, #2058, #1404 ) ) ;
#5282 = CARTESIAN_POINT ( 'NONE',  ( -4.913710284933536052E-18, -0.2065665198382720669, 0.2599999999999999534 ) ) ;
#5283 = B_SPLINE_SURFACE_WITH_KNOTS ( 'NONE', 2, 1, ( 
 ( #3979, #2660 ),
 ( #1416, #9 ),
 ( #1202, #5121 ) ),
 .UNSPECIFIED., .F., .F., .F.,
 ( 3, 3 ),
 ( 2, 2 ),
 ( 0.0000000000000000000, 1.000000000000000000 ),
 ( 0.0000000000000000000, 1.000000000000000000 ),
 .UNSPECIFIED. ) ;
#5284 = SURFACE_SIDE_STYLE ('',( #3953 ) ) ;
#5285 = VERTEX_POINT ( 'NONE', #1105 ) ;
#5286 = ORIENTED_EDGE ( 'NONE', *, *, #1271, .F. ) ;
#5287 = DIRECTION ( 'NONE',  ( 1.000000000000000000, 3.469446951953614583E-15, -0.0000000000000000000 ) ) ;
#5288 = SURFACE_SIDE_STYLE ('',( #2296 ) ) ;
#5289 = CARTESIAN_POINT ( 'NONE',  ( 1.100000000000002087, -0.5000000000000002220, 0.2799999999999999711 ) ) ;
#5290 = PLANE ( 'NONE',  #1074 ) ;
#5291 = FACE_OUTER_BOUND ( 'NONE', #5294, .T. ) ;
#5292 = LINE ( 'NONE', #3975, #3784 ) ;
#5293 =( LENGTH_UNIT ( ) NAMED_UNIT ( * ) SI_UNIT ( .MILLI., .METRE. ) );
#5294 = EDGE_LOOP ( 'NONE', ( #464, #4007, #739, #676 ) ) ;
#5295 = LINE ( 'NONE', #5318, #5435 ) ;
#5296 =( NAMED_UNIT ( * ) SI_UNIT ( $, .STERADIAN. ) SOLID_ANGLE_UNIT ( ) );
#5297 = STYLED_ITEM ( 'NONE', ( #3976 ), #288 ) ;
#5298 = SURFACE_SIDE_STYLE ('',( #1787 ) ) ;
#5299 = EDGE_CURVE ( 'NONE', #1304, #938, #209, .T. ) ;
#5300 = EDGE_CURVE ( 'NONE', #4291, #2888, #2311, .T. ) ;
#5301 = FILL_AREA_STYLE ('',( #4847 ) ) ;
#5302 = ORIENTED_EDGE ( 'NONE', *, *, #2229, .F. ) ;
#5303 = LINE ( 'NONE', #1847, #2169 ) ;
#5304 = CIRCLE ( 'NONE', #5399, 0.1000000000000000472 ) ;
#5305 = EDGE_LOOP ( 'NONE', ( #855, #4313, #4549, #2791 ) ) ;
#5306 = EDGE_LOOP ( 'NONE', ( #3533, #5468, #3131, #2670 ) ) ;
#5307 = VERTEX_POINT ( 'NONE', #2336 ) ;
#5308 = VECTOR ( 'NONE', #351, 1000.000000000000000 ) ;
#5309 = VECTOR ( 'NONE', #2444, 1000.000000000000000 ) ;
#5310 = DIRECTION ( 'NONE',  ( 1.000000000000000000, 0.0000000000000000000, 0.0000000000000000000 ) ) ;
#5311 = CYLINDRICAL_SURFACE ( 'NONE', #457, 0.2500000000000000000 ) ;
#5312 = PRESENTATION_LAYER_ASSIGNMENT (  '', '', ( #1994 ) ) ;
#5313 = AXIS2_PLACEMENT_3D ( 'NONE', #3794, #2448, #1640 ) ;
#5314 = STYLED_ITEM ( 'NONE', ( #2118 ), #4949 ) ;
#5315 = VECTOR ( 'NONE', #4289, 1000.000000000000000 ) ;
#5316 = MECHANICAL_DESIGN_GEOMETRIC_PRESENTATION_REPRESENTATION (  '', ( #2345 ), #2527 ) ;
#5317 = PLANE ( 'NONE',  #4580 ) ;
#5318 = CARTESIAN_POINT ( 'NONE',  ( -1.099999999999998979, 0.0000000000000000000, 0.2799999999999999711 ) ) ;
#5319 = SURFACE_SIDE_STYLE ('',( #1070 ) ) ;
#5320 = VECTOR ( 'NONE', #1929, 1000.000000000000000 ) ;
#5321 = VECTOR ( 'NONE', #5351, 1000.000000000000000 ) ;
#5322 = CARTESIAN_POINT ( 'NONE',  ( 1.100000000000000755, 0.1999999999999999833, 0.01999999999999231906 ) ) ;
#5323 = DIRECTION ( 'NONE',  ( 1.000000000000000000, 0.0000000000000000000, 0.0000000000000000000 ) ) ;
#5324 = STYLED_ITEM ( 'NONE', ( #3134 ), #5475 ) ;
#5325 = STYLED_ITEM ( 'NONE', ( #3474 ), #2896 ) ;
#5326 = PRESENTATION_LAYER_ASSIGNMENT (  '', '', ( #2344 ) ) ;
#5327 =( NAMED_UNIT ( * ) PLANE_ANGLE_UNIT ( ) SI_UNIT ( $, .RADIAN. ) );
#5328 = ORIENTED_EDGE ( 'NONE', *, *, #2867, .F. ) ;
#5329 = PRODUCT_DEFINITION_FORMATION_WITH_SPECIFIED_SOURCE ( 'ANY', '', #2679, .NOT_KNOWN. ) ;
#5330 = ADVANCED_FACE ( 'NONE', ( #3200 ), #4935, .T. ) ;
#5331 = STYLED_ITEM ( 'NONE', ( #1788 ), #2934 ) ;
#5332 = EDGE_CURVE ( 'NONE', #4802, #4106, #5390, .T. ) ;
#5333 = UNCERTAINTY_MEASURE_WITH_UNIT (LENGTH_MEASURE( 1.000000000000000082E-05 ), #37, 'distance_accuracy_value', 'NONE');
#5334 = ORIENTED_EDGE ( 'NONE', *, *, #3770, .F. ) ;
#5335 = DIRECTION ( 'NONE',  ( 0.0000000000000000000, -0.0000000000000000000, -1.000000000000000000 ) ) ;
#5336 = EDGE_LOOP ( 'NONE', ( #5481, #2948, #3500, #3568 ) ) ;
#5337 = ORIENTED_EDGE ( 'NONE', *, *, #1025, .T. ) ;
#5338 = FILL_AREA_STYLE ('',( #1054 ) ) ;
#5339 = STYLED_ITEM ( 'NONE', ( #4197 ), #3275 ) ;
#5340 = EDGE_CURVE ( 'NONE', #2963, #5198, #3657, .T. ) ;
#5341 =( GEOMETRIC_REPRESENTATION_CONTEXT ( 3 ) GLOBAL_UNCERTAINTY_ASSIGNED_CONTEXT ( ( #1262 ) ) GLOBAL_UNIT_ASSIGNED_CONTEXT ( ( #2014, #2954, #2039 ) ) REPRESENTATION_CONTEXT ( 'NONE', 'WORKASPACE' ) );
#5342 = ORIENTED_EDGE ( 'NONE', *, *, #4959, .F. ) ;
#5343 = SURFACE_SIDE_STYLE ('',( #156 ) ) ;
#5344 = CARTESIAN_POINT ( 'NONE',  ( 1.100000000000002531, 0.7499999999999997780, 0.2599999999999922928 ) ) ;
#5345 = SURFACE_STYLE_FILL_AREA ( #3619 ) ;
#5346 = FILL_AREA_STYLE_COLOUR ( '', #4435 ) ;
#5347 = DIRECTION ( 'NONE',  ( -6.982962677686265922E-15, 0.0000000000000000000, -1.000000000000000000 ) ) ;
#5348 =( NAMED_UNIT ( * ) SI_UNIT ( $, .STERADIAN. ) SOLID_ANGLE_UNIT ( ) );
#5349 = AXIS2_PLACEMENT_3D ( 'NONE', #3422, #1255, #830 ) ;
#5350 = AXIS2_PLACEMENT_3D ( 'NONE', #2417, #263, #1691 ) ;
#5351 = DIRECTION ( 'NONE',  ( 1.000000000000000000, 0.0000000000000000000, 0.0000000000000000000 ) ) ;
#5352 = CARTESIAN_POINT ( 'NONE',  ( -0.7249999999999999778, -1.000000000000000000, 0.8400000000000000799 ) ) ;
#5353 = VERTEX_POINT ( 'NONE', #4071 ) ;
#5354 = SURFACE_STYLE_FILL_AREA ( #3978 ) ;
#5355 = CARTESIAN_POINT ( 'NONE',  ( -1.099999999999998979, 0.0000000000000000000, 0.2799999999999999711 ) ) ;
#5356 = ORIENTED_EDGE ( 'NONE', *, *, #1768, .T. ) ;
#5357 = STYLED_ITEM ( 'NONE', ( #5214 ), #4105 ) ;
#5358 = LINE ( 'NONE', #2770, #1455 ) ;
#5359 = LINE ( 'NONE', #2717, #1857 ) ;
#5360 = LINE ( 'NONE', #2130, #1341 ) ;
#5361 = VECTOR ( 'NONE', #1051, 1000.000000000000000 ) ;
#5362 = DIRECTION ( 'NONE',  ( 6.982962677686268288E-15, 0.0000000000000000000, 1.000000000000000000 ) ) ;
#5363 = VERTEX_POINT ( 'NONE', #670 ) ;
#5364 = FILL_AREA_STYLE ('',( #3629 ) ) ;
#5365 = ORIENTED_EDGE ( 'NONE', *, *, #4513, .T. ) ;
#5366 = DIRECTION ( 'NONE',  ( -1.000000000000000000, 0.0000000000000000000, 6.983251342707906047E-15 ) ) ;
#5367 = ORIENTED_EDGE ( 'NONE', *, *, #364, .T. ) ;
#5368 = EDGE_LOOP ( 'NONE', ( #2697, #673, #1152, #954 ) ) ;
#5369 = ADVANCED_FACE ( 'NONE', ( #4117 ), #183, .T. ) ;
#5370 = EDGE_CURVE ( 'NONE', #1136, #4518, #3327, .T. ) ;
#5371 = PRESENTATION_STYLE_ASSIGNMENT (( #618 ) ) ;
#5372 = ORIENTED_EDGE ( 'NONE', *, *, #394, .T. ) ;
#5373 = FILL_AREA_STYLE_COLOUR ( '', #2997 ) ;
#5374 = ADVANCED_FACE ( 'NONE', ( #2946 ), #2109, .T. ) ;
#5375 =( NAMED_UNIT ( * ) SI_UNIT ( $, .STERADIAN. ) SOLID_ANGLE_UNIT ( ) );
#5376 = EDGE_CURVE ( 'NONE', #4316, #1236, #4791, .T. ) ;
#5377 = FILL_AREA_STYLE ('',( #5346 ) ) ;
#5378 = PRESENTATION_STYLE_ASSIGNMENT (( #4947 ) ) ;
#5379 = DIRECTION ( 'NONE',  ( -0.0000000000000000000, -0.0000000000000000000, -1.000000000000000000 ) ) ;
#5380 = DIRECTION ( 'NONE',  ( 1.000000000000000000, 0.0000000000000000000, 0.0000000000000000000 ) ) ;
#5381 = DIRECTION ( 'NONE',  ( 0.0000000000000000000, -0.0000000000000000000, -1.000000000000000000 ) ) ;
#5382 = CARTESIAN_POINT ( 'NONE',  ( -0.4343137556297431701, 0.04041390370446151792, 0.2810000000000000275 ) ) ;
#5383 = SURFACE_STYLE_FILL_AREA ( #4958 ) ;
#5384 = CLOSED_SHELL ( 'NONE', ( #1199, #4201, #3041, #4917, #1939, #4949, #4026, #816, #2540, #4429, #4786, #1524, #2223, #4568 ) ) ;
#5385 = LINE ( 'NONE', #2307, #3161 ) ;
#5386 = FACE_OUTER_BOUND ( 'NONE', #1265, .T. ) ;
#5387 = CARTESIAN_POINT ( 'NONE',  ( -0.6035437629006772386, -0.3065665198382720447, 0.2799999999999999711 ) ) ;
#5388 = SURFACE_STYLE_FILL_AREA ( #3323 ) ;
#5389 = ORIENTED_EDGE ( 'NONE', *, *, #3930, .F. ) ;
#5390 = LINE ( 'NONE', #1974, #1911 ) ;
#5391 = COLOUR_RGB ( '',0.8509803921568627194, 0.8509803921568627194, 0.8509803921568627194 ) ;
#5392 = ORIENTED_EDGE ( 'NONE', *, *, #2157, .F. ) ;
#5393 = MECHANICAL_DESIGN_GEOMETRIC_PRESENTATION_REPRESENTATION (  '', ( #5480 ), #606 ) ;
#5394 = FACE_OUTER_BOUND ( 'NONE', #4937, .T. ) ;
#5395 = ORIENTED_EDGE ( 'NONE', *, *, #1445, .T. ) ;
#5396 = VERTEX_POINT ( 'NONE', #783 ) ;
#5397 =( NAMED_UNIT ( * ) PLANE_ANGLE_UNIT ( ) SI_UNIT ( $, .RADIAN. ) );
#5398 =( LENGTH_UNIT ( ) NAMED_UNIT ( * ) SI_UNIT ( .MILLI., .METRE. ) );
#5399 = AXIS2_PLACEMENT_3D ( 'NONE', #5141, #790, #442 ) ;
#5400 = UNCERTAINTY_MEASURE_WITH_UNIT (LENGTH_MEASURE( 1.000000000000000082E-05 ), #869, 'distance_accuracy_value', 'NONE');
#5401 = ORIENTED_EDGE ( 'NONE', *, *, #3951, .F. ) ;
#5402 = LINE ( 'NONE', #2407, #3526 ) ;
#5403 =( NAMED_UNIT ( * ) SI_UNIT ( $, .STERADIAN. ) SOLID_ANGLE_UNIT ( ) );
#5404 = LINE ( 'NONE', #3645, #4623 ) ;
#5405 = CYLINDRICAL_SURFACE ( 'NONE', #3162, 0.2500000000000000000 ) ;
#5406 = CIRCLE ( 'NONE', #1266, 0.09999999999999993616 ) ;
#5407 = VECTOR ( 'NONE', #3762, 1000.000000000000000 ) ;
#5408 = ADVANCED_FACE ( 'NONE', ( #4233 ), #2882, .T. ) ;
#5409 = ADVANCED_FACE ( 'NONE', ( #4681 ), #5555, .T. ) ;
#5410 = LINE ( 'NONE', #281, #4696 ) ;
#5411 =( GEOMETRIC_REPRESENTATION_CONTEXT ( 3 ) GLOBAL_UNCERTAINTY_ASSIGNED_CONTEXT ( ( #1049 ) ) GLOBAL_UNIT_ASSIGNED_CONTEXT ( ( #4873, #4202, #344 ) ) REPRESENTATION_CONTEXT ( 'NONE', 'WORKASPACE' ) );
#5412 = FILL_AREA_STYLE_COLOUR ( '', #3709 ) ;
#5413 =( LENGTH_UNIT ( ) NAMED_UNIT ( * ) SI_UNIT ( .MILLI., .METRE. ) );
#5414 = PRESENTATION_LAYER_ASSIGNMENT (  '', '', ( #997 ) ) ;
#5415 = CIRCLE ( 'NONE', #3875, 0.3614255068147826933 ) ;
#5416 = DIRECTION ( 'NONE',  ( -0.0000000000000000000, -0.0000000000000000000, -1.000000000000000000 ) ) ;
#5417 =( LENGTH_UNIT ( ) NAMED_UNIT ( * ) SI_UNIT ( .MILLI., .METRE. ) );
#5418 = DIRECTION ( 'NONE',  ( -6.982962677686265922E-15, 0.0000000000000000000, -1.000000000000000000 ) ) ;
#5419 = ORIENTED_EDGE ( 'NONE', *, *, #959, .F. ) ;
#5420 = COLOUR_RGB ( '',0.8509803921568627194, 0.8509803921568627194, 0.8509803921568627194 ) ;
#5421 = FILL_AREA_STYLE ('',( #3684 ) ) ;
#5422 = COLOUR_RGB ( '',0.8509803921568627194, 0.8509803921568627194, 0.8509803921568627194 ) ;
#5423 = VECTOR ( 'NONE', #956, 1000.000000000000000 ) ;
#5424 = MECHANICAL_DESIGN_GEOMETRIC_PRESENTATION_REPRESENTATION (  '', ( #5324 ), #4876 ) ;
#5425 = MECHANICAL_DESIGN_GEOMETRIC_PRESENTATION_REPRESENTATION (  '', ( #4061 ), #4143 ) ;
#5426 = EDGE_LOOP ( 'NONE', ( #4018, #3405, #2727, #1120 ) ) ;
#5427 = LINE ( 'NONE', #4119, #2669 ) ;
#5428 = ORIENTED_EDGE ( 'NONE', *, *, #3302, .T. ) ;
#5429 = ORIENTED_EDGE ( 'NONE', *, *, #289, .F. ) ;
#5430 = CARTESIAN_POINT ( 'NONE',  ( 0.4000000000000000777, 0.0000000000000000000, -2.791820594150173918E-15 ) ) ;
#5431 = PLANE ( 'NONE',  #5530 ) ;
#5432 =( GEOMETRIC_REPRESENTATION_CONTEXT ( 3 ) GLOBAL_UNCERTAINTY_ASSIGNED_CONTEXT ( ( #297 ) ) GLOBAL_UNIT_ASSIGNED_CONTEXT ( ( #584, #1894, #1423 ) ) REPRESENTATION_CONTEXT ( 'NONE', 'WORKASPACE' ) );
#5433 = EDGE_LOOP ( 'NONE', ( #4569, #3882, #1975, #4195, #4035, #3025, #4530, #2370, #3227, #2700, #274, #3359 ) ) ;
#5434 =( NAMED_UNIT ( * ) PLANE_ANGLE_UNIT ( ) SI_UNIT ( $, .RADIAN. ) );
#5435 = VECTOR ( 'NONE', #1441, 1000.000000000000000 ) ;
#5436 = CARTESIAN_POINT ( 'NONE',  ( -1.099999999999998979, -0.2499999999999999445, 0.2600000000000076694 ) ) ;
#5437 = CARTESIAN_POINT ( 'NONE',  ( -1.099999999999998090, 0.4999999999999997780, 0.2599999999999999534 ) ) ;
#5438 =( LENGTH_UNIT ( ) NAMED_UNIT ( * ) SI_UNIT ( .MILLI., .METRE. ) );
#5439 = MECHANICAL_DESIGN_GEOMETRIC_PRESENTATION_REPRESENTATION (  '', ( #1660 ), #3098 ) ;
#5440 = DIRECTION ( 'NONE',  ( 0.0000000000000000000, -0.0000000000000000000, -1.000000000000000000 ) ) ;
#5441 = PRESENTATION_STYLE_ASSIGNMENT (( #3379 ) ) ;
#5442 = EDGE_LOOP ( 'NONE', ( #2034, #3340, #3689, #4796 ) ) ;
#5443 = DIRECTION ( 'NONE',  ( 1.000000000000000000, 1.897353801849631971E-15, 0.0000000000000000000 ) ) ;
#5444 = DIRECTION ( 'NONE',  ( 1.000000000000000000, 0.0000000000000000000, -0.0000000000000000000 ) ) ;
#5445 = CARTESIAN_POINT ( 'NONE',  ( 1.100000000000000311, -1.000000000000000222, 0.01999999999999231906 ) ) ;
#5446 = EDGE_CURVE ( 'NONE', #5000, #2162, #4388, .T. ) ;
#5447 = MECHANICAL_DESIGN_GEOMETRIC_PRESENTATION_REPRESENTATION (  '', ( #3814 ), #2841 ) ;
#5448 = SURFACE_STYLE_USAGE ( .BOTH. , #233 ) ;
#5449 = CARTESIAN_POINT ( 'NONE',  ( 1.396592535537253391E-16, 0.0000000000000000000, 0.02000000000000000042 ) ) ;
#5450 = VERTEX_POINT ( 'NONE', #4761 ) ;
#5451 =( NAMED_UNIT ( * ) PLANE_ANGLE_UNIT ( ) SI_UNIT ( $, .RADIAN. ) );
#5452 = PRESENTATION_LAYER_ASSIGNMENT (  '', '', ( #5178 ) ) ;
#5453 = AXIS2_PLACEMENT_3D ( 'NONE', #614, #1077, #1402 ) ;
#5454 = ORIENTED_EDGE ( 'NONE', *, *, #2022, .F. ) ;
#5455 = ORIENTED_EDGE ( 'NONE', *, *, #2363, .T. ) ;
#5456 = CARTESIAN_POINT ( 'NONE',  ( -0.6634567500555484942, -0.2265013340820382082, 0.2599999999999999534 ) ) ;
#5457 = CARTESIAN_POINT ( 'NONE',  ( 1.100000000000002087, 0.4999999999999997780, 0.2599999999999999534 ) ) ;
#5458 = STYLED_ITEM ( 'NONE', ( #4671 ), #4718 ) ;
#5459 = ORIENTED_EDGE ( 'NONE', *, *, #4649, .T. ) ;
#5460 = CARTESIAN_POINT ( 'NONE',  ( 0.7249999999999999778, -1.000000000000000000, 0.8400000000000000799 ) ) ;
#5461 = CARTESIAN_POINT ( 'NONE',  ( -0.7570035725588107889, 0.6212183713084244996, 0.2799999999999999711 ) ) ;
#5462 = FILL_AREA_STYLE_COLOUR ( '', #928 ) ;
#5463 = FILL_AREA_STYLE ('',( #2955 ) ) ;
#5464 = CARTESIAN_POINT ( 'NONE',  ( 5.773300432731590829E-21, 0.0000000000000000000, 0.0000000000000000000 ) ) ;
#5465 = CARTESIAN_POINT ( 'NONE',  ( -1.099999999999998979, 0.7499999999999997780, 0.2799999999999999711 ) ) ;
#5466 = ORIENTED_EDGE ( 'NONE', *, *, #4882, .F. ) ;
#5467 = LINE ( 'NONE', #3404, #1814 ) ;
#5468 = ORIENTED_EDGE ( 'NONE', *, *, #3108, .F. ) ;
#5469 = EDGE_CURVE ( 'NONE', #2694, #3579, #466, .T. ) ;
#5470 = SURFACE_SIDE_STYLE ('',( #4090 ) ) ;
#5471 = ORIENTED_EDGE ( 'NONE', *, *, #5332, .T. ) ;
#5472 = ORIENTED_EDGE ( 'NONE', *, *, #5506, .T. ) ;
#5473 = EDGE_CURVE ( 'NONE', #4705, #940, #3106, .T. ) ;
#5474 = SURFACE_STYLE_USAGE ( .BOTH. , #2572 ) ;
#5475 = ADVANCED_FACE ( 'NONE', ( #1331 ), #5283, .F. ) ;
#5476 = ORIENTED_EDGE ( 'NONE', *, *, #2510, .T. ) ;
#5477 = AXIS2_PLACEMENT_3D ( 'NONE', #3795, #1183, #2915 ) ;
#5478 = SURFACE_SIDE_STYLE ('',( #1910 ) ) ;
#5479 = ORIENTED_EDGE ( 'NONE', *, *, #5272, .T. ) ;
#5480 = STYLED_ITEM ( 'NONE', ( #4529 ), #316 ) ;
#5481 = ORIENTED_EDGE ( 'NONE', *, *, #4055, .F. ) ;
#5482 = DIRECTION ( 'NONE',  ( -1.000000000000000000, 0.0000000000000000000, 0.0000000000000000000 ) ) ;
#5483 = CARTESIAN_POINT ( 'NONE',  ( -0.3095939579225142069, -0.3593805362314128615, 0.2810000000000000275 ) ) ;
#5484 = DIRECTION ( 'NONE',  ( -6.983251342707903681E-15, 0.0000000000000000000, -1.000000000000000000 ) ) ;
#5485 = VECTOR ( 'NONE', #79, 1000.000000000000000 ) ;
#5486 = PRESENTATION_LAYER_ASSIGNMENT (  '', '', ( #3857 ) ) ;
#5487 = DIRECTION ( 'NONE',  ( 0.0000000000000000000, 1.000000000000000000, 0.0000000000000000000 ) ) ;
#5488 = CARTESIAN_POINT ( 'NONE',  ( 1.100000000000002531, -0.1385744931852173067, 0.2599999999999999534 ) ) ;
#5489 = ORIENTED_EDGE ( 'NONE', *, *, #2466, .T. ) ;
#5490 = ORIENTED_EDGE ( 'NONE', *, *, #210, .F. ) ;
#5491 =( NAMED_UNIT ( * ) PLANE_ANGLE_UNIT ( ) SI_UNIT ( $, .RADIAN. ) );
#5492 = VECTOR ( 'NONE', #2971, 1000.000000000000000 ) ;
#5493 = PLANE ( 'NONE',  #5313 ) ;
#5494 = COLOUR_RGB ( '',0.8509803921568627194, 0.8509803921568627194, 0.8509803921568627194 ) ;
#5495 = DIRECTION ( 'NONE',  ( 1.000000000000000000, 0.0000000000000000000, -6.982962677686268288E-15 ) ) ;
#5496 = ORIENTED_EDGE ( 'NONE', *, *, #2897, .F. ) ;
#5497 = VERTEX_POINT ( 'NONE', #3014 ) ;
#5498 = STYLED_ITEM ( 'NONE', ( #4556 ), #4916 ) ;
#5499 = PRESENTATION_LAYER_ASSIGNMENT (  '', '', ( #2345 ) ) ;
#5500 =( LENGTH_UNIT ( ) NAMED_UNIT ( * ) SI_UNIT ( .MILLI., .METRE. ) );
#5501 = CARTESIAN_POINT ( 'NONE',  ( -0.6766918921026191525, -0.5541450885699468198, 0.2799999999999999711 ) ) ;
#5502 = ORIENTED_EDGE ( 'NONE', *, *, #4686, .F. ) ;
#5503 = FACE_OUTER_BOUND ( 'NONE', #4086, .T. ) ;
#5504 = FILL_AREA_STYLE ('',( #3396 ) ) ;
#5505 = EDGE_CURVE ( 'NONE', #4825, #2206, #1259, .T. ) ;
#5506 = EDGE_CURVE ( 'NONE', #2636, #763, #371, .T. ) ;
#5507 = PRESENTATION_LAYER_ASSIGNMENT (  '', '', ( #1550 ) ) ;
#5508 = VECTOR ( 'NONE', #4669, 1000.000000000000000 ) ;
#5509 = LINE ( 'NONE', #3367, #5235 ) ;
#5510 = PRESENTATION_LAYER_ASSIGNMENT (  '', '', ( #3355 ) ) ;
#5511 = SURFACE_STYLE_FILL_AREA ( #3868 ) ;
#5512 = CARTESIAN_POINT ( 'NONE',  ( 1.396650268541580904E-16, 0.9000000000000000222, 0.02000000000000000042 ) ) ;
#5513 = EDGE_CURVE ( 'NONE', #1428, #2413, #3785, .T. ) ;
#5514 = STYLED_ITEM ( 'NONE', ( #1142 ), #3240 ) ;
#5515 = CARTESIAN_POINT ( 'NONE',  ( 0.8500000000000019762, -0.5000000000000002220, 0.2799999999999999711 ) ) ;
#5516 = DIRECTION ( 'NONE',  ( 0.0000000000000000000, -0.0000000000000000000, -1.000000000000000000 ) ) ;
#5517 = FILL_AREA_STYLE ('',( #5098 ) ) ;
#5518 =( NAMED_UNIT ( * ) SI_UNIT ( $, .STERADIAN. ) SOLID_ANGLE_UNIT ( ) );
#5519 = VERTEX_POINT ( 'NONE', #423 ) ;
#5520 = CARTESIAN_POINT ( 'NONE',  ( -1.099999999999998979, 0.2499999999999997780, 0.2600000000000076694 ) ) ;
#5521 =( GEOMETRIC_REPRESENTATION_CONTEXT ( 3 ) GLOBAL_UNCERTAINTY_ASSIGNED_CONTEXT ( ( #3460 ) ) GLOBAL_UNIT_ASSIGNED_CONTEXT ( ( #1665, #4755, #4731 ) ) REPRESENTATION_CONTEXT ( 'NONE', 'WORKASPACE' ) );
#5522 = MECHANICAL_DESIGN_GEOMETRIC_PRESENTATION_REPRESENTATION (  '', ( #96 ), #838 ) ;
#5523 = CARTESIAN_POINT ( 'NONE',  ( 0.4124155170610083188, 0.2080817958270094192, 0.2799999999999999711 ) ) ;
#5524 =( NAMED_UNIT ( * ) SI_UNIT ( $, .STERADIAN. ) SOLID_ANGLE_UNIT ( ) );
#5525 = ORIENTED_EDGE ( 'NONE', *, *, #672, .T. ) ;
#5526 = DIRECTION ( 'NONE',  ( -6.982962677686265922E-15, 0.0000000000000000000, -1.000000000000000000 ) ) ;
#5527 = DIRECTION ( 'NONE',  ( -0.0000000000000000000, -0.0000000000000000000, -1.000000000000000000 ) ) ;
#5528 = ORIENTED_EDGE ( 'NONE', *, *, #4983, .F. ) ;
#5529 = CARTESIAN_POINT ( 'NONE',  ( -4.913710284933536052E-18, -0.2065665198382720669, 0.2799999999999999711 ) ) ;
#5530 = AXIS2_PLACEMENT_3D ( 'NONE', #2811, #678, #4520 ) ;
#5531 = CARTESIAN_POINT ( 'NONE',  ( 1.100000000000000089, 0.4999999999999997780, -7.680894765701995475E-15 ) ) ;
#5532 = CARTESIAN_POINT ( 'NONE',  ( 0.05584305983497199477, -0.3593805362314128615, 0.2599999999999999534 ) ) ;
#5533 = ORIENTED_EDGE ( 'NONE', *, *, #4709, .T. ) ;
#5534 = FACE_OUTER_BOUND ( 'NONE', #1482, .T. ) ;
#5535 = ORIENTED_EDGE ( 'NONE', *, *, #5469, .F. ) ;
#5536 = CARTESIAN_POINT ( 'NONE',  ( 0.0000000000000000000, 0.0000000000000000000, 0.2599999999999999534 ) ) ;
#5537 =( GEOMETRIC_REPRESENTATION_CONTEXT ( 3 ) GLOBAL_UNCERTAINTY_ASSIGNED_CONTEXT ( ( #918 ) ) GLOBAL_UNIT_ASSIGNED_CONTEXT ( ( #3588, #1037, #5348 ) ) REPRESENTATION_CONTEXT ( 'NONE', 'WORKASPACE' ) );
#5538 = FILL_AREA_STYLE_COLOUR ( '', #1982 ) ;
#5539 = ADVANCED_FACE ( 'NONE', ( #860 ), #5095, .T. ) ;
#5540 = PRESENTATION_STYLE_ASSIGNMENT (( #3782 ) ) ;
#5541 = LINE ( 'NONE', #3399, #3807 ) ;
#5542 = CARTESIAN_POINT ( 'NONE',  ( -1.099999999999998979, -0.2499999999999999445, 0.2600000000000076694 ) ) ;
#5543 = UNCERTAINTY_MEASURE_WITH_UNIT (LENGTH_MEASURE( 1.000000000000000082E-05 ), #4589, 'distance_accuracy_value', 'NONE');
#5544 = ADVANCED_FACE ( 'NONE', ( #797 ), #3757, .T. ) ;
#5545 = EDGE_CURVE ( 'NONE', #1755, #3056, #2521, .T. ) ;
#5546 = LINE ( 'NONE', #1689, #2639 ) ;
#5547 = FILL_AREA_STYLE_COLOUR ( '', #1438 ) ;
#5548 = SURFACE_STYLE_FILL_AREA ( #2185 ) ;
#5549 = ORIENTED_EDGE ( 'NONE', *, *, #4788, .F. ) ;
#5550 = CARTESIAN_POINT ( 'NONE',  ( 1.100000000000002087, -0.2500000000000002220, 0.2599999999999999534 ) ) ;
#5551 =( LENGTH_UNIT ( ) NAMED_UNIT ( * ) SI_UNIT ( .MILLI., .METRE. ) );
#5552 = ORIENTED_EDGE ( 'NONE', *, *, #2121, .T. ) ;
#5553 = DIRECTION ( 'NONE',  ( -0.0000000000000000000, -0.0000000000000000000, -1.000000000000000000 ) ) ;
#5554 = CARTESIAN_POINT ( 'NONE',  ( -0.7570035725588046827, 0.6212183713084267200, 0.2599999999999999534 ) ) ;
#5555 = PLANE ( 'NONE',  #363 ) ;
#5556 = LINE ( 'NONE', #1702, #3974 ) ;
#5557 = LINE ( 'NONE', #4711, #4821 ) ;
#5558 = VERTEX_POINT ( 'NONE', #5064 ) ;
#5559 = DIRECTION ( 'NONE',  ( 1.000000000000000000, -5.033795800825557569E-16, -6.983251342707903681E-15 ) ) ;
#5560 = DIRECTION ( 'NONE',  ( 0.0000000000000000000, -0.0000000000000000000, -1.000000000000000000 ) ) ;
#5561 = ORIENTED_EDGE ( 'NONE', *, *, #5505, .F. ) ;
#5562 = MECHANICAL_DESIGN_GEOMETRIC_PRESENTATION_REPRESENTATION (  '', ( #4477 ), #3141 ) ;
#5563 = LINE ( 'NONE', #793, #2988 ) ;
#5564 =( NAMED_UNIT ( * ) PLANE_ANGLE_UNIT ( ) SI_UNIT ( $, .RADIAN. ) );
#5565 = FACE_OUTER_BOUND ( 'NONE', #1966, .T. ) ;
#5566 =( GEOMETRIC_REPRESENTATION_CONTEXT ( 3 ) GLOBAL_UNCERTAINTY_ASSIGNED_CONTEXT ( ( #5237 ) ) GLOBAL_UNIT_ASSIGNED_CONTEXT ( ( #2798, #2772, #1102 ) ) REPRESENTATION_CONTEXT ( 'NONE', 'WORKASPACE' ) );
#5567 = DIRECTION ( 'NONE',  ( -0.0000000000000000000, 0.0000000000000000000, 1.000000000000000000 ) ) ;
#5568 =( NAMED_UNIT ( * ) SI_UNIT ( $, .STERADIAN. ) SOLID_ANGLE_UNIT ( ) );
#5569 =( NAMED_UNIT ( * ) PLANE_ANGLE_UNIT ( ) SI_UNIT ( $, .RADIAN. ) );
#5570 = FILL_AREA_STYLE_COLOUR ( '', #2551 ) ;
#5571 = CARTESIAN_POINT ( 'NONE',  ( -1.099999999999998090, -1.000000000000000000, 0.2600000000000076694 ) ) ;
#5572 = EDGE_CURVE ( 'NONE', #669, #5450, #2067, .T. ) ;
#5573 = ADVANCED_FACE ( 'NONE', ( #5206 ), #2239, .F. ) ;
#5574 = PLANE ( 'NONE',  #1281 ) ;
#5575 = CARTESIAN_POINT ( 'NONE',  ( -0.4343137556297431701, 0.4509946331943126552, 0.2810000000000000275 ) ) ;
#5576 = ORIENTED_EDGE ( 'NONE', *, *, #599, .F. ) ;
#5577 = PRESENTATION_LAYER_ASSIGNMENT (  '', '', ( #4231 ) ) ;
#5578 = PRESENTATION_STYLE_ASSIGNMENT (( #3829 ) ) ;
#5579 = ORIENTED_EDGE ( 'NONE', *, *, #4747, .F. ) ;
#5580 = COLOUR_RGB ( '',0.8509803921568627194, 0.8509803921568627194, 0.8509803921568627194 ) ;
#5581 = FILL_AREA_STYLE_COLOUR ( '', #4234 ) ;
#5582 = CARTESIAN_POINT ( 'NONE',  ( 1.100000000000000311, -0.2000000000000001776, 0.01999999999999231906 ) ) ;
#5583 = ORIENTED_EDGE ( 'NONE', *, *, #1893, .F. ) ;
#5584 = DIRECTION ( 'NONE',  ( -1.000000000000000000, 8.673617379884039416E-16, 0.0000000000000000000 ) ) ;
#5585 = CIRCLE ( 'NONE', #1365, 0.2500000000000000000 ) ;
#5586 = PRESENTATION_STYLE_ASSIGNMENT (( #2923 ) ) ;
#5587 = VECTOR ( 'NONE', #1101, 1000.000000000000000 ) ;
#5588 = STYLED_ITEM ( 'NONE', ( #2736 ), #1389 ) ;
#5589 = MECHANICAL_DESIGN_GEOMETRIC_PRESENTATION_REPRESENTATION (  '', ( #2721 ), #1463 ) ;
#5590 = PRESENTATION_LAYER_ASSIGNMENT (  '', '', ( #2808 ) ) ;
#5591 = VERTEX_POINT ( 'NONE', #3998 ) ;
#5592 = ORIENTED_EDGE ( 'NONE', *, *, #4209, .T. ) ;
#5593 = DIRECTION ( 'NONE',  ( -1.000000000000000000, 0.0000000000000000000, 0.0000000000000000000 ) ) ;
#5594 = DIRECTION ( 'NONE',  ( 1.000000000000000000, 0.0000000000000000000, 0.0000000000000000000 ) ) ;
#5595 = AXIS2_PLACEMENT_3D ( 'NONE', #4797, #3988, #95 ) ;
#5596 = CARTESIAN_POINT ( 'NONE',  ( -1.099999999999998090, -1.000000000000000000, 0.2600000000000076694 ) ) ;
#5597 = PRESENTATION_LAYER_ASSIGNMENT (  '', '', ( #4078 ) ) ;
#5598 = PRESENTATION_LAYER_ASSIGNMENT (  '', '', ( #5498 ) ) ;
#5599 = DIRECTION ( 'NONE',  ( 1.000000000000000000, 0.0000000000000000000, 0.0000000000000000000 ) ) ;
#5600 = FACE_OUTER_BOUND ( 'NONE', #776, .T. ) ;
#5601 = UNCERTAINTY_MEASURE_WITH_UNIT (LENGTH_MEASURE( 1.000000000000000082E-05 ), #5438, 'distance_accuracy_value', 'NONE');
#5602 = SURFACE_STYLE_USAGE ( .BOTH. , #2152 ) ;
#5603 = FACE_OUTER_BOUND ( 'NONE', #994, .T. ) ;
#5604 = FACE_OUTER_BOUND ( 'NONE', #4543, .T. ) ;
#5605 = AXIS2_PLACEMENT_3D ( 'NONE', #5131, #1698, #2970 ) ;
ENDSEC;
END-ISO-10303-21;
