ISO-10303-21;
HEADER;
FILE_DESCRIPTION (( 'STEP AP214' ),
    '1' );
FILE_NAME ('User Library-ws2812B-1.STEP',
    '2022-05-30T09:02:16',
    ( '' ),
    ( '' ),
    'SwSTEP 2.0',
    'SolidWorks 2021',
    '' );
FILE_SCHEMA (( 'AUTOMOTIVE_DESIGN' ));
ENDSEC;

DATA;
#1 = ORIENTED_EDGE ( 'NONE', *, *, #5732, .T. ) ;
#2 =( GEOMETRIC_REPRESENTATION_CONTEXT ( 3 ) GLOBAL_UNCERTAINTY_ASSIGNED_CONTEXT ( ( #2770 ) ) GLOBAL_UNIT_ASSIGNED_CONTEXT ( ( #3819, #2716, #137 ) ) REPRESENTATION_CONTEXT ( 'NONE', 'WORKASPACE' ) );
#3 = CARTESIAN_POINT ( 'NONE',  ( -1.971607025033961236, 0.8251250982098667919, 0.3500000000000000333 ) ) ;
#4 =( NAMED_UNIT ( * ) PLANE_ANGLE_UNIT ( ) SI_UNIT ( $, .RADIAN. ) );
#5 = PRESENTATION_LAYER_ASSIGNMENT (  '', '', ( #5439 ) ) ;
#6 = DIRECTION ( 'NONE',  ( -3.043374519257556424E-15, 0.0000000000000000000, -1.000000000000000000 ) ) ;
#7 = EDGE_CURVE ( 'NONE', #6869, #1060, #4827, .T. ) ;
#8 = COLOUR_RGB ( '',0.8313725490196077761, 0.8392156862745098200, 0.8313725490196077761 ) ;
#9 = DIRECTION ( 'NONE',  ( 3.043374519257556424E-15, 0.0000000000000000000, -1.000000000000000000 ) ) ;
#10 = CARTESIAN_POINT ( 'NONE',  ( 0.2838201673205150710, 0.2046747618464905827, 0.3500000000000000333 ) ) ;
#11 = DIRECTION ( 'NONE',  ( -0.0000000000000000000, 0.0000000000000000000, 1.000000000000000000 ) ) ;
#12 = DIRECTION ( 'NONE',  ( 0.0000000000000000000, -1.000000000000000000, 0.0000000000000000000 ) ) ;
#13 = CARTESIAN_POINT ( 'NONE',  ( 1.600000000000000089, -1.099999999999999867, -0.6999999999999999556 ) ) ;
#14 = EDGE_CURVE ( 'NONE', #798, #5595, #2794, .T. ) ;
#15 = EDGE_CURVE ( 'NONE', #1238, #4123, #175, .T. ) ;
#16 = DIRECTION ( 'NONE',  ( -1.000000000000000000, -8.998760675425412313E-17, 0.0000000000000000000 ) ) ;
#17 = DIRECTION ( 'NONE',  ( 0.0000000000000000000, -0.0000000000000000000, 1.000000000000000000 ) ) ;
#18 = ORIENTED_EDGE ( 'NONE', *, *, #1781, .F. ) ;
#19 = CARTESIAN_POINT ( 'NONE',  ( -2.486873320506370000, -1.199999999999999734, -0.2504719656739949341 ) ) ;
#20 = CARTESIAN_POINT ( 'NONE',  ( 2.400000000000001243, -1.199999999999999734, -0.7700000000000000178 ) ) ;
#21 = ORIENTED_EDGE ( 'NONE', *, *, #5507, .T. ) ;
#22 = CARTESIAN_POINT ( 'NONE',  ( 1.700000000000000622, -1.199999999999999734, -0.5699999999999999512 ) ) ;
#23 = CARTESIAN_POINT ( 'NONE',  ( 0.0000000000000000000, 0.0000000000000000000, 0.3000000000000000444 ) ) ;
#24 = ORIENTED_EDGE ( 'NONE', *, *, #3003, .F. ) ;
#25 = EDGE_CURVE ( 'NONE', #4649, #6450, #146, .T. ) ;
#26 = CARTESIAN_POINT ( 'NONE',  ( 2.463314554501873754, 2.200000000000000178, -0.6999999999999999556 ) ) ;
#27 = MECHANICAL_DESIGN_GEOMETRIC_PRESENTATION_REPRESENTATION (  '', ( #896 ), #6008 ) ;
#28 = ORIENTED_EDGE ( 'NONE', *, *, #5685, .F. ) ;
#29 = FILL_AREA_STYLE ('',( #554 ) ) ;
#30 = VERTEX_POINT ( 'NONE', #5902 ) ;
#31 = ORIENTED_EDGE ( 'NONE', *, *, #2397, .T. ) ;
#32 =( NAMED_UNIT ( * ) SI_UNIT ( $, .STERADIAN. ) SOLID_ANGLE_UNIT ( ) );
#33 = FILL_AREA_STYLE_COLOUR ( '', #2947 ) ;
#34 = DIRECTION ( 'NONE',  ( -0.0000000000000000000, -1.000000000000000000, -0.0000000000000000000 ) ) ;
#35 = VERTEX_POINT ( 'NONE', #2291 ) ;
#36 = PRESENTATION_STYLE_ASSIGNMENT (( #1692 ) ) ;
#37 = DIRECTION ( 'NONE',  ( 0.0000000000000000000, 1.000000000000000000, 0.0000000000000000000 ) ) ;
#38 = DIRECTION ( 'NONE',  ( -1.000000000000000000, 0.0000000000000000000, 0.0000000000000000000 ) ) ;
#39 = LINE ( 'NONE', #603, #3570 ) ;
#40 =( NAMED_UNIT ( * ) PLANE_ANGLE_UNIT ( ) SI_UNIT ( $, .RADIAN. ) );
#41 = FACE_OUTER_BOUND ( 'NONE', #4012, .T. ) ;
#42 = PLANE ( 'NONE',  #1102 ) ;
#43 = DIRECTION ( 'NONE',  ( -1.194186020286707760E-16, 1.000000000000000000, 0.0000000000000000000 ) ) ;
#44 = CARTESIAN_POINT ( 'NONE',  ( -0.5500000000000001554, 2.254834989607331863, -0.5699999999999999512 ) ) ;
#45 = DIRECTION ( 'NONE',  ( -4.818676322157797375E-16, 1.000000000000000000, 0.0000000000000000000 ) ) ;
#46 = ORIENTED_EDGE ( 'NONE', *, *, #4307, .F. ) ;
#47 = EDGE_CURVE ( 'NONE', #3682, #980, #1691, .T. ) ;
#48 = EDGE_CURVE ( 'NONE', #1238, #2734, #3293, .T. ) ;
#49 = DIRECTION ( 'NONE',  ( -0.0000000000000000000, -1.000000000000000000, -0.0000000000000000000 ) ) ;
#50 = EDGE_LOOP ( 'NONE', ( #363, #5788, #905, #368 ) ) ;
#51 = LINE ( 'NONE', #22, #5630 ) ;
#52 =( NAMED_UNIT ( * ) SI_UNIT ( $, .STERADIAN. ) SOLID_ANGLE_UNIT ( ) );
#53 =( NAMED_UNIT ( * ) PLANE_ANGLE_UNIT ( ) SI_UNIT ( $, .RADIAN. ) );
#54 = DIRECTION ( 'NONE',  ( 0.0000000000000000000, 0.0000000000000000000, 1.000000000000000000 ) ) ;
#55 = SURFACE_STYLE_USAGE ( .BOTH. , #4254 ) ;
#56 =( NAMED_UNIT ( * ) SI_UNIT ( $, .STERADIAN. ) SOLID_ANGLE_UNIT ( ) );
#57 = EDGE_LOOP ( 'NONE', ( #208, #6250, #5373, #6097 ) ) ;
#58 = EDGE_CURVE ( 'NONE', #4950, #3220, #6566, .T. ) ;
#59 = DIRECTION ( 'NONE',  ( -0.08715574274765819363, -0.0000000000000000000, -0.9961946980917455452 ) ) ;
#60 = UNCERTAINTY_MEASURE_WITH_UNIT (LENGTH_MEASURE( 1.000000000000000082E-05 ), #4811, 'distance_accuracy_value', 'NONE');
#61 = ORIENTED_EDGE ( 'NONE', *, *, #3589, .T. ) ;
#62 =( LENGTH_UNIT ( ) NAMED_UNIT ( * ) SI_UNIT ( .MILLI., .METRE. ) );
#63 = STYLED_ITEM ( 'NONE', ( #1598 ), #1531 ) ;
#64 = EDGE_LOOP ( 'NONE', ( #2358, #4818, #3771, #4219 ) ) ;
#65 = SURFACE_STYLE_USAGE ( .BOTH. , #595 ) ;
#66 = AXIS2_PLACEMENT_3D ( 'NONE', #6367, #4807, #1537 ) ;
#67 = DIRECTION ( 'NONE',  ( 1.971276677246371272E-16, 1.000000000000000000, 0.0000000000000000000 ) ) ;
#68 = PRESENTATION_LAYER_ASSIGNMENT (  '', '', ( #6155 ) ) ;
#69 = ORIENTED_EDGE ( 'NONE', *, *, #48, .T. ) ;
#70 = LINE ( 'NONE', #4898, #91 ) ;
#71 = FILL_AREA_STYLE ('',( #5867 ) ) ;
#72 = ORIENTED_EDGE ( 'NONE', *, *, #735, .F. ) ;
#73 = AXIS2_PLACEMENT_3D ( 'NONE', #1561, #3624, #2521 ) ;
#74 = PRESENTATION_LAYER_ASSIGNMENT (  '', '', ( #6054 ) ) ;
#75 = DIRECTION ( 'NONE',  ( 9.105833465946933014E-17, 1.000000000000000000, -0.0000000000000000000 ) ) ;
#76 = SURFACE_SIDE_STYLE ('',( #4698 ) ) ;
#77 = AXIS2_PLACEMENT_3D ( 'NONE', #4821, #5376, #4922 ) ;
#78 = CARTESIAN_POINT ( 'NONE',  ( -1.146028625818473756, -0.1370056143358102385, 0.3500000000000000333 ) ) ;
#79 = SURFACE_SIDE_STYLE ('',( #1113 ) ) ;
#80 = ORIENTED_EDGE ( 'NONE', *, *, #4631, .F. ) ;
#81 = CIRCLE ( 'NONE', #3859, 0.1500000000000000222 ) ;
#82 = CARTESIAN_POINT ( 'NONE',  ( -2.500000000000002220, 2.500000000000002220, 0.0000000000000000000 ) ) ;
#83 = COLOUR_RGB ( '',0.8980392156862745390, 0.9215686274509803377, 0.9294117647058823817 ) ;
#84 = CARTESIAN_POINT ( 'NONE',  ( -1.680009069179262848, 2.430009069179262848, 0.4000000000000000222 ) ) ;
#85 = ORIENTED_EDGE ( 'NONE', *, *, #315, .F. ) ;
#86 =( NAMED_UNIT ( * ) PLANE_ANGLE_UNIT ( ) SI_UNIT ( $, .RADIAN. ) );
#87 = CARTESIAN_POINT ( 'NONE',  ( 0.2838201673205150710, -0.2871897488101240459, 0.4500000000000000666 ) ) ;
#88 =( NAMED_UNIT ( * ) PLANE_ANGLE_UNIT ( ) SI_UNIT ( $, .RADIAN. ) );
#89 = CARTESIAN_POINT ( 'NONE',  ( 0.0000000000000000000, 0.0000000000000000000, 0.4500000000000000666 ) ) ;
#90 =( LENGTH_UNIT ( ) NAMED_UNIT ( * ) SI_UNIT ( .MILLI., .METRE. ) );
#91 = VECTOR ( 'NONE', #151, 1000.000000000000000 ) ;
#92 = AXIS2_PLACEMENT_3D ( 'NONE', #596, #3827, #4334 ) ;
#93 = EDGE_LOOP ( 'NONE', ( #2918, #2797, #2642, #2342, #3289, #4077 ) ) ;
#94 = VERTEX_POINT ( 'NONE', #3360 ) ;
#95 = MECHANICAL_DESIGN_GEOMETRIC_PRESENTATION_REPRESENTATION (  '', ( #6076 ), #4867 ) ;
#96 = SURFACE_STYLE_USAGE ( .BOTH. , #3173 ) ;
#97 = ADVANCED_FACE ( 'NONE', ( #4897 ), #5474, .T. ) ;
#98 = VECTOR ( 'NONE', #2597, 1000.000000000000000 ) ;
#99 = VERTEX_POINT ( 'NONE', #758 ) ;
#100 = FILL_AREA_STYLE ('',( #5374 ) ) ;
#101 =( LENGTH_UNIT ( ) NAMED_UNIT ( * ) SI_UNIT ( .MILLI., .METRE. ) );
#102 = EDGE_CURVE ( 'NONE', #4215, #4435, #5378, .T. ) ;
#103 = EDGE_CURVE ( 'NONE', #4541, #1361, #4336, .T. ) ;
#104 = AXIS2_PLACEMENT_3D ( 'NONE', #5627, #938, #877 ) ;
#105 = CIRCLE ( 'NONE', #3883, 0.1000000000000000194 ) ;
#106 = CARTESIAN_POINT ( 'NONE',  ( 0.2838201673205150155, 0.4046747618464905383, 0.3500000000000000333 ) ) ;
#107 = FILL_AREA_STYLE_COLOUR ( '', #5851 ) ;
#108 = CARTESIAN_POINT ( 'NONE',  ( -1.971607025033961236, 0.8251250982098667919, 0.3500000000000000333 ) ) ;
#109 = ORIENTED_EDGE ( 'NONE', *, *, #1979, .T. ) ;
#110 = VECTOR ( 'NONE', #6042, 1000.000000000000000 ) ;
#111 = VECTOR ( 'NONE', #5912, 1000.000000000000000 ) ;
#112 = DIRECTION ( 'NONE',  ( -3.043374519257556424E-15, -0.0000000000000000000, -1.000000000000000000 ) ) ;
#113 = SURFACE_STYLE_FILL_AREA ( #1266 ) ;
#114 = EDGE_CURVE ( 'NONE', #6468, #1257, #2326, .T. ) ;
#115 = COLOUR_RGB ( '',0.8313725490196077761, 0.8392156862745098200, 0.8313725490196077761 ) ;
#116 =( NAMED_UNIT ( * ) SI_UNIT ( $, .STERADIAN. ) SOLID_ANGLE_UNIT ( ) );
#117 = COLOUR_RGB ( '',0.8313725490196077761, 0.8392156862745098200, 0.8313725490196077761 ) ;
#118 = CARTESIAN_POINT ( 'NONE',  ( 0.5500000000000000444, -2.240667692902679420, -0.5699999999999999512 ) ) ;
#119 = DIRECTION ( 'NONE',  ( 0.0000000000000000000, -0.0000000000000000000, 1.000000000000000000 ) ) ;
#120 = MANIFOLD_SOLID_BREP ( '???????-????????4[1]', #3144 ) ;
#121 = CARTESIAN_POINT ( 'NONE',  ( 0.3603187164337338100, 0.8251250982098667919, 0.3000000000000000444 ) ) ;
#123 =( NAMED_UNIT ( * ) SI_UNIT ( $, .STERADIAN. ) SOLID_ANGLE_UNIT ( ) );
#122 = DIRECTION ( 'NONE',  ( 0.0000000000000000000, -1.000000000000000000, 0.0000000000000000000 ) ) ;
#124 = CIRCLE ( 'NONE', #989, 0.1499999999999999667 ) ;
#125 = STYLED_ITEM ( 'NONE', ( #5628 ), #3493 ) ;
#126 = DIRECTION ( 'NONE',  ( -2.409338161078899674E-16, 1.000000000000000000, 0.0000000000000000000 ) ) ;
#127 = AXIS2_PLACEMENT_3D ( 'NONE', #4711, #2037, #589 ) ;
#128 = ORIENTED_EDGE ( 'NONE', *, *, #2774, .F. ) ;
#129 = UNCERTAINTY_MEASURE_WITH_UNIT (LENGTH_MEASURE( 1.000000000000000082E-05 ), #6438, 'distance_accuracy_value', 'NONE');
#130 = SURFACE_SIDE_STYLE ('',( #3200 ) ) ;
#131 = CARTESIAN_POINT ( 'NONE',  ( -2.465004534589632978, 2.465004534589632978, 0.4000000000000000222 ) ) ;
#132 = ORIENTED_EDGE ( 'NONE', *, *, #1154, .F. ) ;
#133 = FILL_AREA_STYLE ('',( #5278 ) ) ;
#134 = CARTESIAN_POINT ( 'NONE',  ( 0.0000000000000000000, 0.0000000000000000000, 0.3000000000000000444 ) ) ;
#135 = CARTESIAN_POINT ( 'NONE',  ( -2.462305712989667050, -2.462305712989667050, 0.4308476720434270546 ) ) ;
#136 = DIRECTION ( 'NONE',  ( 1.000000000000000000, -2.409338161078899674E-16, 0.0000000000000000000 ) ) ;
#137 =( NAMED_UNIT ( * ) SI_UNIT ( $, .STERADIAN. ) SOLID_ANGLE_UNIT ( ) );
#138 = ORIENTED_EDGE ( 'NONE', *, *, #4723, .T. ) ;
#139 = CARTESIAN_POINT ( 'NONE',  ( 0.5500000000000001554, 2.254834989607331863, -0.5699999999999999512 ) ) ;
#140 = VERTEX_POINT ( 'NONE', #4923 ) ;
#141 = FACE_OUTER_BOUND ( 'NONE', #6355, .T. ) ;
#142 = VERTEX_POINT ( 'NONE', #6108 ) ;
#143 = SURFACE_STYLE_FILL_AREA ( #100 ) ;
#144 = CARTESIAN_POINT ( 'NONE',  ( -1.700000000000000400, 1.200000000000000622, -0.7699999999999999067 ) ) ;
#145 = COLOUR_RGB ( '',0.8980392156862745390, 0.9215686274509803377, 0.9294117647058823817 ) ;
#146 = LINE ( 'NONE', #1133, #2473 ) ;
#147 = MECHANICAL_DESIGN_GEOMETRIC_PRESENTATION_REPRESENTATION (  '', ( #5234 ), #5005 ) ;
#148 = EDGE_CURVE ( 'NONE', #4876, #675, #1942, .T. ) ;
#149 = UNCERTAINTY_MEASURE_WITH_UNIT (LENGTH_MEASURE( 1.000000000000000082E-05 ), #5691, 'distance_accuracy_value', 'NONE');
#150 = EDGE_CURVE ( 'NONE', #360, #94, #1878, .T. ) ;
#151 = DIRECTION ( 'NONE',  ( -1.000000000000000000, -0.0000000000000000000, -0.0000000000000000000 ) ) ;
#152 = EDGE_LOOP ( 'NONE', ( #1902, #2653 ) ) ;
#153 = LINE ( 'NONE', #303, #4087 ) ;
#154 =( NAMED_UNIT ( * ) PLANE_ANGLE_UNIT ( ) SI_UNIT ( $, .RADIAN. ) );
#155 = EDGE_CURVE ( 'NONE', #4265, #6525, #5022, .T. ) ;
#156 = CARTESIAN_POINT ( 'NONE',  ( -0.9960286258184727348, -0.2870056143358112877, 0.3500000000000000333 ) ) ;
#157 = LINE ( 'NONE', #3866, #6752 ) ;
#159 = PLANE ( 'NONE',  #1324 ) ;
#158 = CARTESIAN_POINT ( 'NONE',  ( 2.700000000000002842, 1.200000000000000400, -6.982962677686266711E-16 ) ) ;
#160 = CARTESIAN_POINT ( 'NONE',  ( 2.500000000000000444, 2.100000000000000089, -0.5699999999999999512 ) ) ;
#161 = ORIENTED_EDGE ( 'NONE', *, *, #6510, .T. ) ;
#162 = LINE ( 'NONE', #717, #2721 ) ;
#163 = CARTESIAN_POINT ( 'NONE',  ( -1.600000000000000311, -2.199999999999999734, -0.6999999999999999556 ) ) ;
#164 = ORIENTED_EDGE ( 'NONE', *, *, #4211, .T. ) ;
#165 = LINE ( 'NONE', #4946, #4754 ) ;
#166 = LINE ( 'NONE', #198, #6823 ) ;
#167 = VERTEX_POINT ( 'NONE', #4017 ) ;
#168 = FACE_OUTER_BOUND ( 'NONE', #4917, .T. ) ;
#169 = ORIENTED_EDGE ( 'NONE', *, *, #4296, .T. ) ;
#170 = PRESENTATION_STYLE_ASSIGNMENT (( #6492 ) ) ;
#171 = CLOSED_SHELL ( 'NONE', ( #5875, #3542, #3582, #1452, #5964, #5654 ) ) ;
#172 = DIRECTION ( 'NONE',  ( -1.000000000000000000, 0.0000000000000000000, 0.0000000000000000000 ) ) ;
#173 = LINE ( 'NONE', #3793, #3954 ) ;
#174 = AXIS2_PLACEMENT_3D ( 'NONE', #2442, #3032, #6838 ) ;
#175 = LINE ( 'NONE', #6465, #6381 ) ;
#176 = VECTOR ( 'NONE', #2997, 1000.000000000000000 ) ;
#177 = ORIENTED_EDGE ( 'NONE', *, *, #3619, .T. ) ;
#178 = PRESENTATION_STYLE_ASSIGNMENT (( #3433 ) ) ;
#179 =( GEOMETRIC_REPRESENTATION_CONTEXT ( 3 ) GLOBAL_UNCERTAINTY_ASSIGNED_CONTEXT ( ( #3373 ) ) GLOBAL_UNIT_ASSIGNED_CONTEXT ( ( #5350, #3253, #5379 ) ) REPRESENTATION_CONTEXT ( 'NONE', 'WORKASPACE' ) );
#180 = EDGE_CURVE ( 'NONE', #3982, #5239, #269, .T. ) ;
#181 = CARTESIAN_POINT ( 'NONE',  ( 1.700000000000000622, 2.100000000000000089, -0.5699999999999999512 ) ) ;
#182 = CARTESIAN_POINT ( 'NONE',  ( 2.400000000000002132, -1.199999999999999734, -0.2999999999999993783 ) ) ;
#183 = MANIFOLD_SOLID_BREP ( '???????-????????5[2]', #3480 ) ;
#184 = ADVANCED_FACE ( 'NONE', ( #1838 ), #1295, .F. ) ;
#186 = LINE ( 'NONE', #4449, #4668 ) ;
#185 = DIRECTION ( 'NONE',  ( -1.000000000000000000, 0.0000000000000000000, -0.0000000000000000000 ) ) ;
#187 = EDGE_CURVE ( 'NONE', #4459, #5024, #2357, .T. ) ;
#188 = ADVANCED_FACE ( 'NONE', ( #4607 ), #1335, .F. ) ;
#189 = VECTOR ( 'NONE', #5547, 1000.000000000000000 ) ;
#190 = LINE ( 'NONE', #1274, #2893 ) ;
#191 = VERTEX_POINT ( 'NONE', #4790 ) ;
#192 = DIRECTION ( 'NONE',  ( -0.0000000000000000000, -0.0000000000000000000, -1.000000000000000000 ) ) ;
#193 = FILL_AREA_STYLE_COLOUR ( '', #3847 ) ;
#194 = VERTEX_POINT ( 'NONE', #2119 ) ;
#195 =( NAMED_UNIT ( * ) SI_UNIT ( $, .STERADIAN. ) SOLID_ANGLE_UNIT ( ) );
#196 = EDGE_CURVE ( 'NONE', #6547, #3568, #1982, .T. ) ;
#197 = COLOUR_RGB ( '',0.8980392156862745390, 0.9215686274509803377, 0.9294117647058823817 ) ;
#198 = CARTESIAN_POINT ( 'NONE',  ( 0.2838201673205150710, 0.9163225641662154919, 0.4500000000000000666 ) ) ;
#199 = VERTEX_POINT ( 'NONE', #3213 ) ;
#200 = ORIENTED_EDGE ( 'NONE', *, *, #1450, .T. ) ;
#201 =( NAMED_UNIT ( * ) SI_UNIT ( $, .STERADIAN. ) SOLID_ANGLE_UNIT ( ) );
#202 = STYLED_ITEM ( 'NONE', ( #6534 ), #2417 ) ;
#203 = PRESENTATION_LAYER_ASSIGNMENT (  '', '', ( #3181 ) ) ;
#204 = PRESENTATION_STYLE_ASSIGNMENT (( #3250 ) ) ;
#205 = DIRECTION ( 'NONE',  ( -3.043374519257556424E-15, -0.0000000000000000000, -1.000000000000000000 ) ) ;
#206 = STYLED_ITEM ( 'NONE', ( #1967 ), #5642 ) ;
#207 = UNCERTAINTY_MEASURE_WITH_UNIT (LENGTH_MEASURE( 1.000000000000000082E-05 ), #6292, 'distance_accuracy_value', 'NONE');
#208 = ORIENTED_EDGE ( 'NONE', *, *, #3401, .T. ) ;
#209 = VERTEX_POINT ( 'NONE', #2652 ) ;
#210 =( GEOMETRIC_REPRESENTATION_CONTEXT ( 3 ) GLOBAL_UNCERTAINTY_ASSIGNED_CONTEXT ( ( #5814 ) ) GLOBAL_UNIT_ASSIGNED_CONTEXT ( ( #4680, #2538, #5225 ) ) REPRESENTATION_CONTEXT ( 'NONE', 'WORKASPACE' ) );
#211 = CARTESIAN_POINT ( 'NONE',  ( -1.296028625818473667, 0.6751250982098668807, 0.3000000000000000444 ) ) ;
#212 = AXIS2_PLACEMENT_3D ( 'NONE', #4553, #422, #3006 ) ;
#213 = PRESENTATION_LAYER_ASSIGNMENT (  '', '', ( #4875 ) ) ;
#214 = PLANE ( 'NONE',  #2942 ) ;
#215 = CIRCLE ( 'NONE', #443, 0.1499999999999999667 ) ;
#217 = LINE ( 'NONE', #687, #110 ) ;
#216 = CARTESIAN_POINT ( 'NONE',  ( 1.600000000000000311, 1.099999999999999867, -0.5699999999999999512 ) ) ;
#218 = MECHANICAL_DESIGN_GEOMETRIC_PRESENTATION_REPRESENTATION (  '', ( #5313 ), #3545 ) ;
#219 = PRESENTATION_LAYER_ASSIGNMENT (  '', '', ( #5316 ) ) ;
#220 = EDGE_CURVE ( 'NONE', #4229, #2991, #6377, .T. ) ;
#221 = VERTEX_POINT ( 'NONE', #592 ) ;
#222 = SURFACE_STYLE_USAGE ( .BOTH. , #3374 ) ;
#223 = PRESENTATION_LAYER_ASSIGNMENT (  '', '', ( #3986 ) ) ;
#224 = EDGE_CURVE ( 'NONE', #2887, #30, #4152, .T. ) ;
#225 = DIRECTION ( 'NONE',  ( -1.000000000000000000, 0.0000000000000000000, 0.0000000000000000000 ) ) ;
#226 = ORIENTED_EDGE ( 'NONE', *, *, #6746, .T. ) ;
#227 = VECTOR ( 'NONE', #2062, 1000.000000000000000 ) ;
#228 = EDGE_CURVE ( 'NONE', #2375, #4235, #2545, .T. ) ;
#229 = FILL_AREA_STYLE_COLOUR ( '', #2066 ) ;
#230 =( GEOMETRIC_REPRESENTATION_CONTEXT ( 3 ) GLOBAL_UNCERTAINTY_ASSIGNED_CONTEXT ( ( #60 ) ) GLOBAL_UNIT_ASSIGNED_CONTEXT ( ( #4811, #697, #52 ) ) REPRESENTATION_CONTEXT ( 'NONE', 'WORKASPACE' ) );
#231 =( NAMED_UNIT ( * ) PLANE_ANGLE_UNIT ( ) SI_UNIT ( $, .RADIAN. ) );
#232 = DIRECTION ( 'NONE',  ( 1.000000000000000000, 2.710505431213759113E-16, 0.0000000000000000000 ) ) ;
#233 = DIRECTION ( 'NONE',  ( -0.0000000000000000000, -0.0000000000000000000, -1.000000000000000000 ) ) ;
#234 = ORIENTED_EDGE ( 'NONE', *, *, #6746, .F. ) ;
#235 = ADVANCED_FACE ( 'NONE', ( #2084 ), #4227, .F. ) ;
#236 = DIRECTION ( 'NONE',  ( 0.0000000000000000000, -1.000000000000000000, 0.0000000000000000000 ) ) ;
#237 = ORIENTED_EDGE ( 'NONE', *, *, #5686, .F. ) ;
#238 = SURFACE_SIDE_STYLE ('',( #2389 ) ) ;
#239 = CARTESIAN_POINT ( 'NONE',  ( 0.0000000000000000000, 0.0000000000000000000, 0.3007161552948416916 ) ) ;
#240 = FACE_OUTER_BOUND ( 'NONE', #3212, .T. ) ;
#241 = ORIENTED_EDGE ( 'NONE', *, *, #1604, .F. ) ;
#242 =( NAMED_UNIT ( * ) PLANE_ANGLE_UNIT ( ) SI_UNIT ( $, .RADIAN. ) );
#243 = CIRCLE ( 'NONE', #5780, 0.3000000000000000444 ) ;
#244 = ORIENTED_EDGE ( 'NONE', *, *, #4847, .F. ) ;
#245 = FILL_AREA_STYLE_COLOUR ( '', #3773 ) ;
#246 =( NAMED_UNIT ( * ) SI_UNIT ( $, .STERADIAN. ) SOLID_ANGLE_UNIT ( ) );
#248 = PLANE ( 'NONE',  #4779 ) ;
#247 = DIRECTION ( 'NONE',  ( -2.409338161078899674E-16, 1.000000000000000000, 0.0000000000000000000 ) ) ;
#249 = DIRECTION ( 'NONE',  ( -0.0000000000000000000, -0.0000000000000000000, -1.000000000000000000 ) ) ;
#250 = LINE ( 'NONE', #5003, #1971 ) ;
#251 = ORIENTED_EDGE ( 'NONE', *, *, #6579, .F. ) ;
#252 = UNCERTAINTY_MEASURE_WITH_UNIT (LENGTH_MEASURE( 1.000000000000000082E-05 ), #5844, 'distance_accuracy_value', 'NONE');
#253 = DIRECTION ( 'NONE',  ( -1.000000000000000000, -0.0000000000000000000, -0.0000000000000000000 ) ) ;
#254 = LINE ( 'NONE', #3474, #6503 ) ;
#255 = CARTESIAN_POINT ( 'NONE',  ( 0.5500000000000000444, -2.240667692902679420, -0.5699999999999999512 ) ) ;
#256 = MANIFOLD_SOLID_BREP ( '???????-????????4[3]', #3380 ) ;
#257 = EDGE_CURVE ( 'NONE', #2692, #858, #4815, .T. ) ;
#258 = EDGE_CURVE ( 'NONE', #3751, #360, #6792, .T. ) ;
#259 = EDGE_LOOP ( 'NONE', ( #3613, #477, #6682, #5198 ) ) ;
#260 = LINE ( 'NONE', #2344, #2704 ) ;
#261 = VERTEX_POINT ( 'NONE', #5893 ) ;
#262 = DIRECTION ( 'NONE',  ( -0.0000000000000000000, -0.0000000000000000000, -1.000000000000000000 ) ) ;
#263 = ORIENTED_EDGE ( 'NONE', *, *, #4467, .F. ) ;
#264 = PLANE ( 'NONE',  #6759 ) ;
#265 = DIRECTION ( 'NONE',  ( 1.400746772075018613E-16, 1.000000000000000000, -0.0000000000000000000 ) ) ;
#266 = EDGE_CURVE ( 'NONE', #1383, #4037, #5962, .T. ) ;
#267 = CARTESIAN_POINT ( 'NONE',  ( 2.486873320506370000, -1.199999999999999734, -0.2504719656739949341 ) ) ;
#268 = ORIENTED_EDGE ( 'NONE', *, *, #3478, .F. ) ;
#269 = LINE ( 'NONE', #6140, #828 ) ;
#270 = UNCERTAINTY_MEASURE_WITH_UNIT (LENGTH_MEASURE( 1.000000000000000082E-05 ), #3754, 'distance_accuracy_value', 'NONE');
#271 = VERTEX_POINT ( 'NONE', #1223 ) ;
#272 = ORIENTED_EDGE ( 'NONE', *, *, #5742, .T. ) ;
#273 =( NAMED_UNIT ( * ) PLANE_ANGLE_UNIT ( ) SI_UNIT ( $, .RADIAN. ) );
#274 = VECTOR ( 'NONE', #3259, 1000.000000000000000 ) ;
#275 = DIRECTION ( 'NONE',  ( -1.000000000000000000, 0.0000000000000000000, 0.0000000000000000000 ) ) ;
#276 = AXIS2_PLACEMENT_3D ( 'NONE', #5451, #3393, #5501 ) ;
#277 = CARTESIAN_POINT ( 'NONE',  ( -2.471716000805965763, -1.199999999999999734, -0.5396908546970038412 ) ) ;
#278 = CARTESIAN_POINT ( 'NONE',  ( -1.599999999999999645, 2.200000000000000178, -0.5699999999999999512 ) ) ;
#279 = VECTOR ( 'NONE', #5700, 1000.000000000000000 ) ;
#280 = CLOSED_SHELL ( 'NONE', ( #3628, #1743, #3714, #568, #5358, #2146 ) ) ;
#282 = LINE ( 'NONE', #3903, #461 ) ;
#281 = CYLINDRICAL_SURFACE ( 'NONE', #3890, 1.699999999999999956 ) ;
#283 = FILL_AREA_STYLE_COLOUR ( '', #1235 ) ;
#284 = CIRCLE ( 'NONE', #948, 0.1499999999999999667 ) ;
#285 = AXIS2_PLACEMENT_3D ( 'NONE', #1747, #3889, #4329 ) ;
#286 = ORIENTED_EDGE ( 'NONE', *, *, #6758, .T. ) ;
#287 = CARTESIAN_POINT ( 'NONE',  ( -1.919276727925023351, -2.056952929731181712, 0.3000000000000000444 ) ) ;
#288 = FACE_OUTER_BOUND ( 'NONE', #3739, .T. ) ;
#289 = ORIENTED_EDGE ( 'NONE', *, *, #3478, .T. ) ;
#290 = CARTESIAN_POINT ( 'NONE',  ( -0.03316504619021998224, -0.1370056143358100720, 0.3500000000000000333 ) ) ;
#291 = LINE ( 'NONE', #2310, #4327 ) ;
#292 = COLOUR_RGB ( '',0.8980392156862745390, 0.9215686274509803377, 0.9294117647058823817 ) ;
#293 = CARTESIAN_POINT ( 'NONE',  ( 0.2103187164337327886, 0.9751250982098678133, 0.3500000000000000333 ) ) ;
#294 = STYLED_ITEM ( 'NONE', ( #1526 ), #897 ) ;
#295 = LINE ( 'NONE', #811, #4232 ) ;
#296 = FACE_OUTER_BOUND ( 'NONE', #1350, .T. ) ;
#297 = LINE ( 'NONE', #1828, #6594 ) ;
#298 = ORIENTED_EDGE ( 'NONE', *, *, #438, .T. ) ;
#299 = DIRECTION ( 'NONE',  ( -1.000000000000000000, -2.353123974012615088E-15, 0.0000000000000000000 ) ) ;
#300 = VERTEX_POINT ( 'NONE', #2789 ) ;
#301 = EDGE_CURVE ( 'NONE', #1320, #6826, #6414, .T. ) ;
#302 = CARTESIAN_POINT ( 'NONE',  ( 2.470127565808668990, 2.200000000000000178, -0.5699999999999999512 ) ) ;
#303 = CARTESIAN_POINT ( 'NONE',  ( 1.412305442492822971, -0.6860159872360371835, 0.3500000000000000333 ) ) ;
#304 = STYLED_ITEM ( 'NONE', ( #3403 ), #2304 ) ;
#305 = DIRECTION ( 'NONE',  ( 9.105833465946933014E-17, 1.000000000000000000, -0.0000000000000000000 ) ) ;
#306 = ORIENTED_EDGE ( 'NONE', *, *, #1927, .F. ) ;
#307 = ADVANCED_FACE ( 'NONE', ( #1197 ), #3284, .F. ) ;
#308 = ORIENTED_EDGE ( 'NONE', *, *, #2316, .T. ) ;
#309 = MECHANICAL_DESIGN_GEOMETRIC_PRESENTATION_REPRESENTATION (  '', ( #2171 ), #1944 ) ;
#310 =( NAMED_UNIT ( * ) PLANE_ANGLE_UNIT ( ) SI_UNIT ( $, .RADIAN. ) );
#311 = VECTOR ( 'NONE', #3071, 1000.000000000000000 ) ;
#312 = ORIENTED_EDGE ( 'NONE', *, *, #5593, .F. ) ;
#313 = EDGE_CURVE ( 'NONE', #6858, #4610, #700, .T. ) ;
#314 = PRESENTATION_STYLE_ASSIGNMENT (( #3500 ) ) ;
#315 = EDGE_CURVE ( 'NONE', #5345, #1774, #166, .T. ) ;
#316 = CARTESIAN_POINT ( 'NONE',  ( 2.500000000000002220, -2.500000000000002220, 0.0000000000000000000 ) ) ;
#317 = CIRCLE ( 'NONE', #1194, 0.1000000000000000194 ) ;
#318 =( NAMED_UNIT ( * ) PLANE_ANGLE_UNIT ( ) SI_UNIT ( $, .RADIAN. ) );
#319 = COLOUR_RGB ( '',0.8313725490196077761, 0.8392156862745098200, 0.8313725490196077761 ) ;
#320 = EDGE_CURVE ( 'NONE', #4863, #2121, #5467, .T. ) ;
#321 = VECTOR ( 'NONE', #126, 1000.000000000000000 ) ;
#322 =( NAMED_UNIT ( * ) SI_UNIT ( $, .STERADIAN. ) SOLID_ANGLE_UNIT ( ) );
#323 = DIRECTION ( 'NONE',  ( -0.0000000000000000000, 0.0000000000000000000, -1.000000000000000000 ) ) ;
#324 = CARTESIAN_POINT ( 'NONE',  ( -2.400000000000002132, -2.099999999999999645, -0.2999999999999993783 ) ) ;
#325 = AXIS2_PLACEMENT_3D ( 'NONE', #2631, #3805, #1528 ) ;
#326 = UNCERTAINTY_MEASURE_WITH_UNIT (LENGTH_MEASURE( 1.000000000000000082E-05 ), #5258, 'distance_accuracy_value', 'NONE');
#327 =( NAMED_UNIT ( * ) PLANE_ANGLE_UNIT ( ) SI_UNIT ( $, .RADIAN. ) );
#328 = ORIENTED_EDGE ( 'NONE', *, *, #2667, .F. ) ;
#329 =( NAMED_UNIT ( * ) SI_UNIT ( $, .STERADIAN. ) SOLID_ANGLE_UNIT ( ) );
#330 = COLOUR_RGB ( '',0.8313725490196077761, 0.8392156862745098200, 0.8313725490196077761 ) ;
#331 = DIRECTION ( 'NONE',  ( -0.0000000000000000000, 0.0000000000000000000, 1.000000000000000000 ) ) ;
#332 = VECTOR ( 'NONE', #3508, 1000.000000000000000 ) ;
#333 = CARTESIAN_POINT ( 'NONE',  ( -2.499117102666011725, -1.199999999999999734, -0.01684668471109857651 ) ) ;
#334 = VERTEX_POINT ( 'NONE', #3244 ) ;
#335 = AXIS2_PLACEMENT_3D ( 'NONE', #2464, #756, #2858 ) ;
#336 = DIRECTION ( 'NONE',  ( -8.673617379884033894E-15, 0.0000000000000000000, 1.000000000000000000 ) ) ;
#337 = ORIENTED_EDGE ( 'NONE', *, *, #5954, .T. ) ;
#338 = DIRECTION ( 'NONE',  ( 0.0000000000000000000, -1.000000000000000000, 0.0000000000000000000 ) ) ;
#339 = ORIENTED_EDGE ( 'NONE', *, *, #6556, .F. ) ;
#340 = FILL_AREA_STYLE_COLOUR ( '', #3546 ) ;
#341 = CARTESIAN_POINT ( 'NONE',  ( 1.600000000000000089, -1.099999999999999867, -0.5699999999999999512 ) ) ;
#342 = MECHANICAL_DESIGN_GEOMETRIC_PRESENTATION_REPRESENTATION (  '', ( #125 ), #2087 ) ;
#343 =( GEOMETRIC_REPRESENTATION_CONTEXT ( 3 ) GLOBAL_UNCERTAINTY_ASSIGNED_CONTEXT ( ( #3025 ) ) GLOBAL_UNIT_ASSIGNED_CONTEXT ( ( #2606, #6410, #1642 ) ) REPRESENTATION_CONTEXT ( 'NONE', 'WORKASPACE' ) );
#344 = ORIENTED_EDGE ( 'NONE', *, *, #6166, .F. ) ;
#345 = VERTEX_POINT ( 'NONE', #3320 ) ;
#346 = ORIENTED_EDGE ( 'NONE', *, *, #5061, .T. ) ;
#347 = FACE_BOUND ( 'NONE', #5895, .T. ) ;
#348 = LINE ( 'NONE', #316, #3977 ) ;
#349 = LINE ( 'NONE', #4057, #1174 ) ;
#350 = EDGE_CURVE ( 'NONE', #3455, #1555, #5824, .T. ) ;
#351 = EDGE_CURVE ( 'NONE', #3413, #4031, #2687, .T. ) ;
#352 = DIRECTION ( 'NONE',  ( 0.0000000000000000000, 1.000000000000000000, -0.0000000000000000000 ) ) ;
#353 = CARTESIAN_POINT ( 'NONE',  ( -2.400000000000001243, -1.199999999999999734, -0.4699999999999998068 ) ) ;
#354 = LINE ( 'NONE', #216, #6322 ) ;
#355 = CARTESIAN_POINT ( 'NONE',  ( 1.930905544980987543, 2.110000814877110997, 0.3000000000000000444 ) ) ;
#356 = DIRECTION ( 'NONE',  ( -1.000000000000000000, 0.0000000000000000000, 0.0000000000000000000 ) ) ;
#357 = EDGE_CURVE ( 'NONE', #2812, #6016, #1127, .T. ) ;
#358 = CARTESIAN_POINT ( 'NONE',  ( 2.500000000000001776, -1.199999999999999734, -0.2999999999999997113 ) ) ;
#359 = CARTESIAN_POINT ( 'NONE',  ( 1.599999999999999867, -2.200000000000000178, -0.5699999999999999512 ) ) ;
#360 = VERTEX_POINT ( 'NONE', #661 ) ;
#361 = SURFACE_STYLE_FILL_AREA ( #4592 ) ;
#362 = CARTESIAN_POINT ( 'NONE',  ( 0.0000000000000000000, 0.0000000000000000000, 0.4500000000000000666 ) ) ;
#363 = ORIENTED_EDGE ( 'NONE', *, *, #3616, .T. ) ;
#364 = PLANE ( 'NONE',  #4720 ) ;
#365 = DIRECTION ( 'NONE',  ( 4.818676322157797375E-16, -1.000000000000000000, -1.466503673540475756E-30 ) ) ;
#366 = ORIENTED_EDGE ( 'NONE', *, *, #3662, .F. ) ;
#367 = FILL_AREA_STYLE_COLOUR ( '', #663 ) ;
#368 = ORIENTED_EDGE ( 'NONE', *, *, #2673, .F. ) ;
#369 = PLANE ( 'NONE',  #558 ) ;
#370 = LINE ( 'NONE', #1397, #6327 ) ;
#371 = EDGE_LOOP ( 'NONE', ( #226, #2118, #6619, #6577 ) ) ;
#372 = FILL_AREA_STYLE ('',( #889 ) ) ;
#373 = VERTEX_POINT ( 'NONE', #1683 ) ;
#374 = EDGE_LOOP ( 'NONE', ( #2895, #794, #2215, #3098 ) ) ;
#375 = DIRECTION ( 'NONE',  ( 0.0000000000000000000, 0.0000000000000000000, -1.000000000000000000 ) ) ;
#376 = CARTESIAN_POINT ( 'NONE',  ( 1.930905544980987543, -2.056952929731181268, 0.3500000000000000333 ) ) ;
#377 = DIRECTION ( 'NONE',  ( 0.0000000000000000000, 0.0000000000000000000, 1.000000000000000000 ) ) ;
#378 = FACE_OUTER_BOUND ( 'NONE', #1501, .T. ) ;
#379 = DIRECTION ( 'NONE',  ( -1.000000000000000000, -0.0000000000000000000, -0.0000000000000000000 ) ) ;
#380 = DIRECTION ( 'NONE',  ( 1.000000000000000000, 0.0000000000000000000, 0.0000000000000000000 ) ) ;
#381 = EDGE_CURVE ( 'NONE', #5752, #1276, #632, .T. ) ;
#382 = EDGE_CURVE ( 'NONE', #3220, #4256, #5158, .T. ) ;
#383 = DIRECTION ( 'NONE',  ( 0.0000000000000000000, 0.0000000000000000000, 1.000000000000000000 ) ) ;
#384 = VECTOR ( 'NONE', #3149, 1000.000000000000000 ) ;
#385 = SURFACE_STYLE_FILL_AREA ( #426 ) ;
#386 = EDGE_CURVE ( 'NONE', #2423, #6343, #2720, .T. ) ;
#387 = VECTOR ( 'NONE', #2769, 1000.000000000000000 ) ;
#388 =( LENGTH_UNIT ( ) NAMED_UNIT ( * ) SI_UNIT ( .MILLI., .METRE. ) );
#389 = VERTEX_POINT ( 'NONE', #4889 ) ;
#390 = CARTESIAN_POINT ( 'NONE',  ( 0.4838201673205150821, -0.2871897488101240459, 0.4500000000000000666 ) ) ;
#391 = EDGE_CURVE ( 'NONE', #807, #1407, #6457, .T. ) ;
#392 = ADVANCED_FACE ( 'NONE', ( #4360 ), #3910, .T. ) ;
#393 = VECTOR ( 'NONE', #4781, 1000.000000000000000 ) ;
#394 = DIRECTION ( 'NONE',  ( -0.05233595624294388321, 0.0000000000000000000, -0.9986295347545739443 ) ) ;
#395 = VECTOR ( 'NONE', #2849, 1000.000000000000114 ) ;
#396 = VERTEX_POINT ( 'NONE', #3821 ) ;
#397 = CARTESIAN_POINT ( 'NONE',  ( 1.412305442492822971, -0.6860159872360371835, 0.3000000000000000444 ) ) ;
#398 = CARTESIAN_POINT ( 'NONE',  ( -1.296028625818474778, -0.8787392438591723476, 0.3000000000000000444 ) ) ;
#399 = ORIENTED_EDGE ( 'NONE', *, *, #3530, .F. ) ;
#400 = SURFACE_SIDE_STYLE ('',( #848 ) ) ;
#401 = VECTOR ( 'NONE', #3271, 1000.000000000000000 ) ;
#402 = MECHANICAL_DESIGN_GEOMETRIC_PRESENTATION_REPRESENTATION (  '', ( #1609 ), #3040 ) ;
#403 = ORIENTED_EDGE ( 'NONE', *, *, #4082, .F. ) ;
#404 = SURFACE_STYLE_FILL_AREA ( #478 ) ;
#405 = EDGE_CURVE ( 'NONE', #6858, #4435, #5596, .T. ) ;
#406 = FACE_OUTER_BOUND ( 'NONE', #374, .T. ) ;
#407 = CARTESIAN_POINT ( 'NONE',  ( 0.2838201673205150710, 1.116322564166215559, 0.4500000000000000666 ) ) ;
#408 = ORIENTED_EDGE ( 'NONE', *, *, #2362, .T. ) ;
#409 = SURFACE_STYLE_USAGE ( .BOTH. , #4575 ) ;
#410 = UNCERTAINTY_MEASURE_WITH_UNIT (LENGTH_MEASURE( 1.000000000000000082E-05 ), #5489, 'distance_accuracy_value', 'NONE');
#411 = VERTEX_POINT ( 'NONE', #1827 ) ;
#412 = LINE ( 'NONE', #5233, #1186 ) ;
#413 = ORIENTED_EDGE ( 'NONE', *, *, #6835, .T. ) ;
#414 =( NAMED_UNIT ( * ) PLANE_ANGLE_UNIT ( ) SI_UNIT ( $, .RADIAN. ) );
#415 = SURFACE_SIDE_STYLE ('',( #6625 ) ) ;
#416 = CARTESIAN_POINT ( 'NONE',  ( -0.1415856775653445976, -0.1584055984559433750, 0.3500000000000000333 ) ) ;
#417 = ORIENTED_EDGE ( 'NONE', *, *, #3619, .F. ) ;
#418 =( GEOMETRIC_REPRESENTATION_CONTEXT ( 3 ) GLOBAL_UNCERTAINTY_ASSIGNED_CONTEXT ( ( #2120 ) ) GLOBAL_UNIT_ASSIGNED_CONTEXT ( ( #2045, #1553, #5267 ) ) REPRESENTATION_CONTEXT ( 'NONE', 'WORKASPACE' ) );
#419 = SURFACE_SIDE_STYLE ('',( #4099 ) ) ;
#420 = FACE_OUTER_BOUND ( 'NONE', #5904, .T. ) ;
#422 = DIRECTION ( 'NONE',  ( -0.0000000000000000000, -0.0000000000000000000, -1.000000000000000000 ) ) ;
#421 =( NAMED_UNIT ( * ) SI_UNIT ( $, .STERADIAN. ) SOLID_ANGLE_UNIT ( ) );
#423 = AXIS2_PLACEMENT_3D ( 'NONE', #1677, #54, #5922 ) ;
#424 = CARTESIAN_POINT ( 'NONE',  ( -0.1831650461902210869, -0.2870056143358111767, 0.3500000000000000333 ) ) ;
#425 = STYLED_ITEM ( 'NONE', ( #5297 ), #2541 ) ;
#426 = FILL_AREA_STYLE ('',( #5213 ) ) ;
#427 = VECTOR ( 'NONE', #5800, 1000.000000000000000 ) ;
#428 = ORIENTED_EDGE ( 'NONE', *, *, #3191, .F. ) ;
#429 = CARTESIAN_POINT ( 'NONE',  ( -1.919276727925023351, -0.8787392438591723476, 0.3500000000000000333 ) ) ;
#430 = DIRECTION ( 'NONE',  ( 1.000000000000000000, -1.522241498270670007E-16, 0.0000000000000000000 ) ) ;
#431 = CARTESIAN_POINT ( 'NONE',  ( 0.0000000000000000000, 0.0000000000000000000, -0.5699999999999999512 ) ) ;
#432 = AXIS2_PLACEMENT_3D ( 'NONE', #3311, #696, #5437 ) ;
#433 = ADVANCED_FACE ( 'NONE', ( #4982 ), #3418, .F. ) ;
#434 = LINE ( 'NONE', #5733, #4797 ) ;
#435 = AXIS2_PLACEMENT_3D ( 'NONE', #3601, #2431, #4570 ) ;
#436 = ORIENTED_EDGE ( 'NONE', *, *, #1105, .T. ) ;
#437 = EDGE_CURVE ( 'NONE', #5545, #5868, #6649, .T. ) ;
#438 = EDGE_CURVE ( 'NONE', #5380, #3234, #1390, .T. ) ;
#439 = CARTESIAN_POINT ( 'NONE',  ( 0.3603187164337324777, 0.4570589046025532176, 0.3000000000000000444 ) ) ;
#440 = ORIENTED_EDGE ( 'NONE', *, *, #4591, .F. ) ;
#441 = AXIS2_PLACEMENT_3D ( 'NONE', #4579, #1731, #3984 ) ;
#442 = CARTESIAN_POINT ( 'NONE',  ( 2.400000000000001243, 2.100000000000000089, -0.4699999999999998068 ) ) ;
#443 = AXIS2_PLACEMENT_3D ( 'NONE', #576, #6228, #1465 ) ;
#444 = EDGE_LOOP ( 'NONE', ( #5698, #428, #3010, #1160 ) ) ;
#445 =( NAMED_UNIT ( * ) PLANE_ANGLE_UNIT ( ) SI_UNIT ( $, .RADIAN. ) );
#446 =( NAMED_UNIT ( * ) SI_UNIT ( $, .STERADIAN. ) SOLID_ANGLE_UNIT ( ) );
#447 = VECTOR ( 'NONE', #5402, 1000.000000000000000 ) ;
#448 = CARTESIAN_POINT ( 'NONE',  ( -2.700000000000001954, -1.199999999999999734, -0.3000000000000003220 ) ) ;
#449 = CIRCLE ( 'NONE', #458, 0.5500000000000000444 ) ;
#450 = ORIENTED_EDGE ( 'NONE', *, *, #1702, .F. ) ;
#451 = EDGE_CURVE ( 'NONE', #858, #1150, #751, .T. ) ;
#452 =( NAMED_UNIT ( * ) SI_UNIT ( $, .STERADIAN. ) SOLID_ANGLE_UNIT ( ) );
#453 = ORIENTED_EDGE ( 'NONE', *, *, #351, .F. ) ;
#454 = CARTESIAN_POINT ( 'NONE',  ( -2.463314554501873754, -1.099999999999999645, -0.6999999999999999556 ) ) ;
#455 = VERTEX_POINT ( 'NONE', #2885 ) ;
#456 = MECHANICAL_DESIGN_GEOMETRIC_PRESENTATION_REPRESENTATION (  '', ( #3986 ), #1656 ) ;
#457 = COLOUR_RGB ( '',1.000000000000000000, 1.000000000000000000, 1.000000000000000000 ) ;
#458 = AXIS2_PLACEMENT_3D ( 'NONE', #3128, #2116, #2078 ) ;
#459 = PRESENTATION_STYLE_ASSIGNMENT (( #3850 ) ) ;
#460 = DIRECTION ( 'NONE',  ( 0.0000000000000000000, -1.000000000000000000, 0.0000000000000000000 ) ) ;
#461 = VECTOR ( 'NONE', #1787, 1000.000000000000000 ) ;
#462 = CARTESIAN_POINT ( 'NONE',  ( -1.296028625818473667, -0.7287392438591724364, 0.3500000000000000333 ) ) ;
#463 = PRESENTATION_STYLE_ASSIGNMENT (( #3066 ) ) ;
#464 = DIRECTION ( 'NONE',  ( 0.0000000000000000000, -1.000000000000000000, 0.0000000000000000000 ) ) ;
#466 =( NAMED_UNIT ( * ) PLANE_ANGLE_UNIT ( ) SI_UNIT ( $, .RADIAN. ) );
#465 = PRESENTATION_STYLE_ASSIGNMENT (( #5931 ) ) ;
#467 =( NAMED_UNIT ( * ) SI_UNIT ( $, .STERADIAN. ) SOLID_ANGLE_UNIT ( ) );
#468 = SURFACE_STYLE_FILL_AREA ( #2485 ) ;
#469 = PRESENTATION_LAYER_ASSIGNMENT (  '', '', ( #896 ) ) ;
#470 = LINE ( 'NONE', #2523, #3075 ) ;
#471 =( LENGTH_UNIT ( ) NAMED_UNIT ( * ) SI_UNIT ( .MILLI., .METRE. ) );
#472 = FILL_AREA_STYLE_COLOUR ( '', #4014 ) ;
#473 = STYLED_ITEM ( 'NONE', ( #6151 ), #4866 ) ;
#474 = VERTEX_POINT ( 'NONE', #882 ) ;
#475 = CARTESIAN_POINT ( 'NONE',  ( 1.562305442492824215, -0.8360159872360380939, 0.3500000000000000333 ) ) ;
#476 = LINE ( 'NONE', #543, #2477 ) ;
#477 = ORIENTED_EDGE ( 'NONE', *, *, #1888, .F. ) ;
#478 = FILL_AREA_STYLE ('',( #4638 ) ) ;
#479 = FILL_AREA_STYLE_COLOUR ( '', #872 ) ;
#480 = DIRECTION ( 'NONE',  ( 0.0000000000000000000, 1.000000000000000000, 0.0000000000000000000 ) ) ;
#481 = EDGE_CURVE ( 'NONE', #5571, #94, #6200, .T. ) ;
#482 = ADVANCED_FACE ( 'NONE', ( #296 ), #6094, .T. ) ;
#483 = CARTESIAN_POINT ( 'NONE',  ( -2.500000000000001776, 1.200000000000000622, -0.2999999999999997113 ) ) ;
#484 = ORIENTED_EDGE ( 'NONE', *, *, #2707, .T. ) ;
#485 = DIRECTION ( 'NONE',  ( -0.05233595624294388321, 0.0000000000000000000, -0.9986295347545739443 ) ) ;
#486 = UNCERTAINTY_MEASURE_WITH_UNIT (LENGTH_MEASURE( 1.000000000000000082E-05 ), #1497, 'distance_accuracy_value', 'NONE');
#487 = ORIENTED_EDGE ( 'NONE', *, *, #2236, .F. ) ;
#488 = PLANE ( 'NONE',  #5181 ) ;
#489 = ORIENTED_EDGE ( 'NONE', *, *, #6384, .T. ) ;
#490 = PRESENTATION_STYLE_ASSIGNMENT (( #1985 ) ) ;
#491 = EDGE_CURVE ( 'NONE', #411, #6831, #844, .T. ) ;
#492 = DIRECTION ( 'NONE',  ( -1.445602896647339114E-15, 0.0000000000000000000, 1.000000000000000000 ) ) ;
#493 = LINE ( 'NONE', #4233, #854 ) ;
#494 = SURFACE_STYLE_USAGE ( .BOTH. , #6326 ) ;
#496 = CARTESIAN_POINT ( 'NONE',  ( 0.5500000000000001554, 1.049999999999999822, -0.5699999999999999512 ) ) ;
#495 = FILL_AREA_STYLE_COLOUR ( '', #6436 ) ;
#497 = DIRECTION ( 'NONE',  ( 1.000000000000000000, 0.0000000000000000000, 0.0000000000000000000 ) ) ;
#498 = PLANE ( 'NONE',  #4058 ) ;
#499 = DIRECTION ( 'NONE',  ( 0.0000000000000000000, 0.0000000000000000000, -1.000000000000000000 ) ) ;
#500 =( LENGTH_UNIT ( ) NAMED_UNIT ( * ) SI_UNIT ( .MILLI., .METRE. ) );
#502 = DIRECTION ( 'NONE',  ( -1.000000000000000000, 4.818676322157797375E-16, -3.043374519257556424E-15 ) ) ;
#501 = DIRECTION ( 'NONE',  ( 1.445602896647339114E-15, 0.0000000000000000000, 1.000000000000000000 ) ) ;
#503 = LINE ( 'NONE', #6443, #98 ) ;
#504 = CARTESIAN_POINT ( 'NONE',  ( -2.486873320506370000, 2.100000000000000089, -0.2504719656739949341 ) ) ;
#505 = ORIENTED_EDGE ( 'NONE', *, *, #382, .F. ) ;
#506 = DIRECTION ( 'NONE',  ( 0.0000000000000000000, 1.000000000000000000, 0.0000000000000000000 ) ) ;
#507 = ORIENTED_EDGE ( 'NONE', *, *, #2874, .F. ) ;
#508 =( LENGTH_UNIT ( ) NAMED_UNIT ( * ) SI_UNIT ( .MILLI., .METRE. ) );
#509 = AXIS2_PLACEMENT_3D ( 'NONE', #4849, #6000, #6021 ) ;
#510 = FILL_AREA_STYLE_COLOUR ( '', #2208 ) ;
#511 = FILL_AREA_STYLE_COLOUR ( '', #6545 ) ;
#512 = VERTEX_POINT ( 'NONE', #5115 ) ;
#513 = VECTOR ( 'NONE', #6705, 1000.000000000000000 ) ;
#514 = VECTOR ( 'NONE', #2178, 1000.000000000000000 ) ;
#515 = EDGE_LOOP ( 'NONE', ( #2609, #2303, #5078, #5010 ) ) ;
#516 = FILL_AREA_STYLE_COLOUR ( '', #6848 ) ;
#517 = ORIENTED_EDGE ( 'NONE', *, *, #969, .F. ) ;
#518 =( GEOMETRIC_REPRESENTATION_CONTEXT ( 3 ) GLOBAL_UNCERTAINTY_ASSIGNED_CONTEXT ( ( #5107 ) ) GLOBAL_UNIT_ASSIGNED_CONTEXT ( ( #6834, #2046, #3687 ) ) REPRESENTATION_CONTEXT ( 'NONE', 'WORKASPACE' ) );
#519 = CARTESIAN_POINT ( 'NONE',  ( 2.400000000000002132, -1.199999999999999734, -0.2999999999999993783 ) ) ;
#520 = EDGE_CURVE ( 'NONE', #167, #4649, #1811, .T. ) ;
#521 = CARTESIAN_POINT ( 'NONE',  ( 2.500000000000000888, -1.199999999999999734, -0.4700000000000001399 ) ) ;
#522 = ORIENTED_EDGE ( 'NONE', *, *, #4966, .F. ) ;
#523 = EDGE_CURVE ( 'NONE', #566, #5145, #6714, .T. ) ;
#524 = ADVANCED_FACE ( 'NONE', ( #4010 ), #364, .F. ) ;
#525 = MECHANICAL_DESIGN_GEOMETRIC_PRESENTATION_REPRESENTATION (  '', ( #5171 ), #2731 ) ;
#526 = DIRECTION ( 'NONE',  ( -0.0000000000000000000, -0.0000000000000000000, -1.000000000000000000 ) ) ;
#527 = CARTESIAN_POINT ( 'NONE',  ( 0.4838201673205150821, 0.9163225641662154919, 0.3500000000000000333 ) ) ;
#528 = AXIS2_PLACEMENT_3D ( 'NONE', #925, #3547, #4164 ) ;
#529 = FILL_AREA_STYLE ('',( #3189 ) ) ;
#530 = MECHANICAL_DESIGN_GEOMETRIC_PRESENTATION_REPRESENTATION (  '', ( #4294 ), #4402 ) ;
#531 = LINE ( 'NONE', #2094, #5113 ) ;
#532 = EDGE_CURVE ( 'NONE', #3125, #2470, #5184, .T. ) ;
#533 = UNCERTAINTY_MEASURE_WITH_UNIT (LENGTH_MEASURE( 1.000000000000000082E-05 ), #5832, 'distance_accuracy_value', 'NONE');
#534 = CARTESIAN_POINT ( 'NONE',  ( 0.0000000000000000000, 0.0000000000000000000, 0.4000000000000000222 ) ) ;
#535 = COLOUR_RGB ( '',0.8313725490196077761, 0.8392156862745098200, 0.8313725490196077761 ) ;
#537 = DIRECTION ( 'NONE',  ( 3.043374519257556424E-15, 0.0000000000000000000, -1.000000000000000000 ) ) ;
#536 = LINE ( 'NONE', #2633, #3770 ) ;
#538 = PRESENTATION_STYLE_ASSIGNMENT (( #5281 ) ) ;
#539 = SURFACE_SIDE_STYLE ('',( #3629 ) ) ;
#540 =( GEOMETRIC_REPRESENTATION_CONTEXT ( 3 ) GLOBAL_UNCERTAINTY_ASSIGNED_CONTEXT ( ( #486 ) ) GLOBAL_UNIT_ASSIGNED_CONTEXT ( ( #1497, #4671, #2984 ) ) REPRESENTATION_CONTEXT ( 'NONE', 'WORKASPACE' ) );
#541 = ORIENTED_EDGE ( 'NONE', *, *, #3398, .T. ) ;
#542 = DIRECTION ( 'NONE',  ( -1.896992367213331451E-16, 1.000000000000000000, 0.0000000000000000000 ) ) ;
#543 = CARTESIAN_POINT ( 'NONE',  ( -0.03316504619021998224, 2.110000814877110997, 0.3500000000000000333 ) ) ;
#544 = ORIENTED_EDGE ( 'NONE', *, *, #2409, .T. ) ;
#545 = DIRECTION ( 'NONE',  ( -0.0000000000000000000, -0.0000000000000000000, -1.000000000000000000 ) ) ;
#546 = CARTESIAN_POINT ( 'NONE',  ( -2.700000000000002842, -2.099999999999999645, -6.982962677686266711E-16 ) ) ;
#547 = PRESENTATION_LAYER_ASSIGNMENT (  '', '', ( #6196 ) ) ;
#548 = DIRECTION ( 'NONE',  ( 0.0000000000000000000, 0.0000000000000000000, 1.000000000000000000 ) ) ;
#549 =( GEOMETRIC_REPRESENTATION_CONTEXT ( 3 ) GLOBAL_UNCERTAINTY_ASSIGNED_CONTEXT ( ( #5894 ) ) GLOBAL_UNIT_ASSIGNED_CONTEXT ( ( #1252, #3882, #2845 ) ) REPRESENTATION_CONTEXT ( 'NONE', 'WORKASPACE' ) );
#550 = CARTESIAN_POINT ( 'NONE',  ( 0.4838201673205150821, 1.116322564166215559, 0.3500000000000000333 ) ) ;
#551 = LINE ( 'NONE', #3571, #1854 ) ;
#552 = ORIENTED_EDGE ( 'NONE', *, *, #1571, .T. ) ;
#553 = MECHANICAL_DESIGN_GEOMETRIC_PRESENTATION_REPRESENTATION (  '', ( #2189 ), #5637 ) ;
#554 = FILL_AREA_STYLE_COLOUR ( '', #2478 ) ;
#555 = ORIENTED_EDGE ( 'NONE', *, *, #6384, .F. ) ;
#556 =( NAMED_UNIT ( * ) PLANE_ANGLE_UNIT ( ) SI_UNIT ( $, .RADIAN. ) );
#557 = ORIENTED_EDGE ( 'NONE', *, *, #5359, .F. ) ;
#558 = AXIS2_PLACEMENT_3D ( 'NONE', #1439, #3679, #1473 ) ;
#559 = PLANE ( 'NONE',  #5735 ) ;
#560 = ORIENTED_EDGE ( 'NONE', *, *, #5860, .F. ) ;
#561 = STYLED_ITEM ( 'NONE', ( #3390 ), #4161 ) ;
#562 = MECHANICAL_DESIGN_GEOMETRIC_PRESENTATION_REPRESENTATION (  '', ( #4548 ), #4438 ) ;
#563 = CARTESIAN_POINT ( 'NONE',  ( 0.5500000000000001554, 1.049999999999999822, -0.5699999999999999512 ) ) ;
#564 = SURFACE_STYLE_USAGE ( .BOTH. , #4984 ) ;
#565 = AXIS2_PLACEMENT_3D ( 'NONE', #4118, #1904, #6175 ) ;
#566 = VERTEX_POINT ( 'NONE', #4704 ) ;
#567 = FACE_OUTER_BOUND ( 'NONE', #1798, .T. ) ;
#568 = ADVANCED_FACE ( 'NONE', ( #1972 ), #6266, .F. ) ;
#569 = CIRCLE ( 'NONE', #212, 0.1499999999999999667 ) ;
#570 = ADVANCED_FACE ( 'NONE', ( #1500 ), #3016, .F. ) ;
#571 = DIRECTION ( 'NONE',  ( 0.0000000000000000000, 1.000000000000000000, 0.0000000000000000000 ) ) ;
#572 = CARTESIAN_POINT ( 'NONE',  ( 0.0000000000000000000, 2.463314554501873310, -0.6999999999999999556 ) ) ;
#573 = CARTESIAN_POINT ( 'NONE',  ( 0.5500000000000000444, -1.049999999999999822, -0.5699999999999999512 ) ) ;
#574 = DIRECTION ( 'NONE',  ( -1.000000000000000000, 2.710505431213759113E-16, 0.0000000000000000000 ) ) ;
#575 = LINE ( 'NONE', #3117, #1216 ) ;
#577 = FACE_OUTER_BOUND ( 'NONE', #4183, .T. ) ;
#576 = CARTESIAN_POINT ( 'NONE',  ( 1.562305442492822882, -0.6860159872360381828, 0.3000000000000000444 ) ) ;
#578 =( LENGTH_UNIT ( ) NAMED_UNIT ( * ) SI_UNIT ( .MILLI., .METRE. ) );
#579 = EDGE_CURVE ( 'NONE', #5074, #1040, #4250, .T. ) ;
#580 = DIRECTION ( 'NONE',  ( -1.000000000000000000, 0.0000000000000000000, -3.252606517456505019E-15 ) ) ;
#581 = VERTEX_POINT ( 'NONE', #974 ) ;
#582 = CARTESIAN_POINT ( 'NONE',  ( 2.500000000000001332, 1.200000000000000400, -0.4700000000000001399 ) ) ;
#583 = ORIENTED_EDGE ( 'NONE', *, *, #616, .F. ) ;
#584 = CARTESIAN_POINT ( 'NONE',  ( 2.500000000000001776, 1.200000000000000622, -0.2999999999999997113 ) ) ;
#585 = SURFACE_STYLE_USAGE ( .BOTH. , #2112 ) ;
#586 = VERTEX_POINT ( 'NONE', #6748 ) ;
#587 = SURFACE_STYLE_USAGE ( .BOTH. , #5337 ) ;
#588 = CARTESIAN_POINT ( 'NONE',  ( -2.700000000000000622, -1.199999999999999734, -0.5700000000000006173 ) ) ;
#590 = PRESENTATION_STYLE_ASSIGNMENT (( #6455 ) ) ;
#589 = DIRECTION ( 'NONE',  ( 0.0000000000000000000, 0.05233595624294388321, 0.9986295347545739443 ) ) ;
#591 = ORIENTED_EDGE ( 'NONE', *, *, #523, .T. ) ;
#592 = CARTESIAN_POINT ( 'NONE',  ( 2.700000000000001954, 1.200000000000000400, -0.3000000000000003220 ) ) ;
#593 = ORIENTED_EDGE ( 'NONE', *, *, #4500, .T. ) ;
#594 = ORIENTED_EDGE ( 'NONE', *, *, #5100, .F. ) ;
#595 = SURFACE_SIDE_STYLE ('',( #143 ) ) ;
#596 = CARTESIAN_POINT ( 'NONE',  ( 0.2838201673205150710, 0.2046747618464905827, 0.4500000000000000666 ) ) ;
#597 =( LENGTH_UNIT ( ) NAMED_UNIT ( * ) SI_UNIT ( .MILLI., .METRE. ) );
#598 = EDGE_LOOP ( 'NONE', ( #1120, #6860 ) ) ;
#599 = SURFACE_STYLE_FILL_AREA ( #1100 ) ;
#600 = ORIENTED_EDGE ( 'NONE', *, *, #3956, .F. ) ;
#601 = SURFACE_STYLE_USAGE ( .BOTH. , #2164 ) ;
#602 =( NAMED_UNIT ( * ) SI_UNIT ( $, .STERADIAN. ) SOLID_ANGLE_UNIT ( ) );
#603 = CARTESIAN_POINT ( 'NONE',  ( 2.463314554501873310, 0.0000000000000000000, -0.6999999999999999556 ) ) ;
#604 = CARTESIAN_POINT ( 'NONE',  ( -1.296028625818473667, 0.6751250982098668807, 0.3500000000000000333 ) ) ;
#605 = DIRECTION ( 'NONE',  ( 0.0000000000000000000, 1.000000000000000000, 0.0000000000000000000 ) ) ;
#606 = EDGE_CURVE ( 'NONE', #6226, #6601, #4384, .T. ) ;
#607 = EDGE_CURVE ( 'NONE', #6382, #2692, #4633, .T. ) ;
#608 = LINE ( 'NONE', #642, #6429 ) ;
#609 = CARTESIAN_POINT ( 'NONE',  ( -1.146028625818473756, -0.1370056143358112655, 0.3500000000000000333 ) ) ;
#610 = LINE ( 'NONE', #5770, #5556 ) ;
#611 = ORIENTED_EDGE ( 'NONE', *, *, #351, .T. ) ;
#612 = DIRECTION ( 'NONE',  ( 1.000000000000000000, 0.0000000000000000000, 0.0000000000000000000 ) ) ;
#613 = EDGE_CURVE ( 'NONE', #3639, #455, #6783, .T. ) ;
#614 = CARTESIAN_POINT ( 'NONE',  ( 2.400000000000001243, -2.099999999999999645, -0.4699999999999998068 ) ) ;
#615 = ORIENTED_EDGE ( 'NONE', *, *, #3895, .F. ) ;
#616 = EDGE_CURVE ( 'NONE', #4190, #2459, #2070, .T. ) ;
#617 = CARTESIAN_POINT ( 'NONE',  ( 2.400000000000001243, -1.199999999999999734, -0.7700000000000000178 ) ) ;
#618 = FILL_AREA_STYLE ('',( #3743 ) ) ;
#619 = LINE ( 'NONE', #4812, #4629 ) ;
#620 = SURFACE_STYLE_FILL_AREA ( #4186 ) ;
#621 = VECTOR ( 'NONE', #4694, 1000.000000000000000 ) ;
#622 = VERTEX_POINT ( 'NONE', #909 ) ;
#623 = DIRECTION ( 'NONE',  ( 0.0000000000000000000, 0.0000000000000000000, 1.000000000000000000 ) ) ;
#624 = ORIENTED_EDGE ( 'NONE', *, *, #3191, .T. ) ;
#625 = EDGE_CURVE ( 'NONE', #5015, #3413, #4143, .T. ) ;
#626 = CARTESIAN_POINT ( 'NONE',  ( -2.430009069179262848, 1.680009069179262848, 0.4000000000000000222 ) ) ;
#627 = CIRCLE ( 'NONE', #66, 0.3000000000000002665 ) ;
#628 = ORIENTED_EDGE ( 'NONE', *, *, #180, .F. ) ;
#629 = CARTESIAN_POINT ( 'NONE',  ( 0.0000000000000000000, 0.0000000000000000000, 0.3007161552948416916 ) ) ;
#630 = SURFACE_STYLE_FILL_AREA ( #5211 ) ;
#631 = CARTESIAN_POINT ( 'NONE',  ( 1.599999999999999867, -2.200000000000000178, -0.5699999999999999512 ) ) ;
#632 = CIRCLE ( 'NONE', #3732, 0.1000000000000002554 ) ;
#633 = SURFACE_STYLE_FILL_AREA ( #6564 ) ;
#634 = DIRECTION ( 'NONE',  ( 1.000000000000000000, 1.604850264224746292E-16, 0.0000000000000000000 ) ) ;
#635 = PLANE ( 'NONE',  #3297 ) ;
#636 = PLANE ( 'NONE',  #932 ) ;
#637 = ORIENTED_EDGE ( 'NONE', *, *, #2454, .F. ) ;
#638 = MECHANICAL_DESIGN_GEOMETRIC_PRESENTATION_REPRESENTATION (  '', ( #5830 ), #6721 ) ;
#639 = CARTESIAN_POINT ( 'NONE',  ( 2.500000000000002220, -1.099999999999999867, -2.635522335218303699E-17 ) ) ;
#640 = DIRECTION ( 'NONE',  ( -0.0000000000000000000, -0.0000000000000000000, -1.000000000000000000 ) ) ;
#641 = DIRECTION ( 'NONE',  ( -0.0000000000000000000, 0.0000000000000000000, -1.000000000000000000 ) ) ;
#642 = CARTESIAN_POINT ( 'NONE',  ( 1.700000000000000622, -1.199999999999999734, -0.7699999999999999067 ) ) ;
#643 =( LENGTH_UNIT ( ) NAMED_UNIT ( * ) SI_UNIT ( .MILLI., .METRE. ) );
#644 =( GEOMETRIC_REPRESENTATION_CONTEXT ( 3 ) GLOBAL_UNCERTAINTY_ASSIGNED_CONTEXT ( ( #5952 ) ) GLOBAL_UNIT_ASSIGNED_CONTEXT ( ( #3109, #4615, #1556 ) ) REPRESENTATION_CONTEXT ( 'NONE', 'WORKASPACE' ) );
#645 = DIRECTION ( 'NONE',  ( 0.0000000000000000000, 0.0000000000000000000, 1.000000000000000000 ) ) ;
#646 = VERTEX_POINT ( 'NONE', #2106 ) ;
#647 = SURFACE_SIDE_STYLE ('',( #3269 ) ) ;
#648 = STYLED_ITEM ( 'NONE', ( #4128 ), #5186 ) ;
#649 = PLANE ( 'NONE',  #2254 ) ;
#650 = EDGE_LOOP ( 'NONE', ( #4330, #4879, #128, #4145, #5230, #3909, #4387, #3245, #1999, #3137 ) ) ;
#651 = PRESENTATION_STYLE_ASSIGNMENT (( #2111 ) ) ;
#652 = CARTESIAN_POINT ( 'NONE',  ( -1.146028625818473756, -0.7287392438591713262, 0.3500000000000000333 ) ) ;
#653 =( NAMED_UNIT ( * ) SI_UNIT ( $, .STERADIAN. ) SOLID_ANGLE_UNIT ( ) );
#654 = CARTESIAN_POINT ( 'NONE',  ( -1.296028625818473667, 0.6751250982098668807, 0.3000000000000000444 ) ) ;
#655 = COLOUR_RGB ( '',1.000000000000000000, 1.000000000000000000, 1.000000000000000000 ) ;
#656 = VECTOR ( 'NONE', #6494, 1000.000000000000114 ) ;
#657 = EDGE_CURVE ( 'NONE', #6826, #1347, #3707, .T. ) ;
#658 = EDGE_CURVE ( 'NONE', #660, #6016, #6344, .T. ) ;
#659 = PRESENTATION_STYLE_ASSIGNMENT (( #1713 ) ) ;
#660 = VERTEX_POINT ( 'NONE', #4674 ) ;
#661 = CARTESIAN_POINT ( 'NONE',  ( 0.2103187164337326220, 2.110000814877110997, 0.3000000000000000444 ) ) ;
#662 = ORIENTED_EDGE ( 'NONE', *, *, #3052, .F. ) ;
#663 = COLOUR_RGB ( '',0.8980392156862745390, 0.9215686274509803377, 0.9294117647058823817 ) ;
#664 =( LENGTH_UNIT ( ) NAMED_UNIT ( * ) SI_UNIT ( .MILLI., .METRE. ) );
#665 = COLOUR_RGB ( '',0.8980392156862745390, 0.9215686274509803377, 0.9294117647058823817 ) ;
#666 = ORIENTED_EDGE ( 'NONE', *, *, #810, .T. ) ;
#667 = CARTESIAN_POINT ( 'NONE',  ( -0.5500000000000001554, -1.049999999999999822, -0.5699999999999999512 ) ) ;
#668 = CARTESIAN_POINT ( 'NONE',  ( 0.5500000000000001554, 1.049999999999999822, -0.6999999999999999556 ) ) ;
#669 = VECTOR ( 'NONE', #545, 1000.000000000000000 ) ;
#670 = EDGE_CURVE ( 'NONE', #836, #4534, #4181, .T. ) ;
#671 = MECHANICAL_DESIGN_GEOMETRIC_PRESENTATION_REPRESENTATION (  '', ( #4550 ), #343 ) ;
#672 = COLOUR_RGB ( '',0.8313725490196077761, 0.8392156862745098200, 0.8313725490196077761 ) ;
#673 = LINE ( 'NONE', #3359, #2366 ) ;
#674 = SURFACE_SIDE_STYLE ('',( #4398 ) ) ;
#675 = VERTEX_POINT ( 'NONE', #1572 ) ;
#676 = MECHANICAL_DESIGN_GEOMETRIC_PRESENTATION_REPRESENTATION (  '', ( #2524 ), #3201 ) ;
#677 =( GEOMETRIC_REPRESENTATION_CONTEXT ( 3 ) GLOBAL_UNCERTAINTY_ASSIGNED_CONTEXT ( ( #6031 ) ) GLOBAL_UNIT_ASSIGNED_CONTEXT ( ( #6870, #414, #1451 ) ) REPRESENTATION_CONTEXT ( 'NONE', 'WORKASPACE' ) );
#678 = STYLED_ITEM ( 'NONE', ( #3550 ), #6374 ) ;
#679 = CARTESIAN_POINT ( 'NONE',  ( -2.500000000000000888, 2.100000000000000089, -0.4700000000000001399 ) ) ;
#680 = FILL_AREA_STYLE ('',( #3367 ) ) ;
#681 = MECHANICAL_DESIGN_GEOMETRIC_PRESENTATION_REPRESENTATION (  '', ( #1318 ), #3086 ) ;
#682 = AXIS2_PLACEMENT_3D ( 'NONE', #4117, #4747, #4679 ) ;
#683 = VECTOR ( 'NONE', #2513, 1000.000000000000000 ) ;
#684 = LINE ( 'NONE', #4271, #5961 ) ;
#685 = CARTESIAN_POINT ( 'NONE',  ( 0.2838201673205150155, 0.4046747618464905383, 0.4500000000000000666 ) ) ;
#687 = CARTESIAN_POINT ( 'NONE',  ( 0.2103187164337326220, 2.110000814877110997, 0.3000000000000000444 ) ) ;
#686 =( NAMED_UNIT ( * ) PLANE_ANGLE_UNIT ( ) SI_UNIT ( $, .RADIAN. ) );
#688 = AXIS2_PLACEMENT_3D ( 'NONE', #5440, #3167, #698 ) ;
#689 = LINE ( 'NONE', #3442, #3527 ) ;
#690 = COLOUR_RGB ( '',1.000000000000000000, 1.000000000000000000, 1.000000000000000000 ) ;
#691 = ORIENTED_EDGE ( 'NONE', *, *, #3007, .F. ) ;
#692 = UNCERTAINTY_MEASURE_WITH_UNIT (LENGTH_MEASURE( 1.000000000000000082E-05 ), #4368, 'distance_accuracy_value', 'NONE');
#693 =( LENGTH_UNIT ( ) NAMED_UNIT ( * ) SI_UNIT ( .MILLI., .METRE. ) );
#694 = DIRECTION ( 'NONE',  ( 0.0000000000000000000, -1.000000000000000000, -0.0000000000000000000 ) ) ;
#695 = ORIENTED_EDGE ( 'NONE', *, *, #3083, .T. ) ;
#696 = DIRECTION ( 'NONE',  ( 0.0000000000000000000, 1.000000000000000000, 0.0000000000000000000 ) ) ;
#697 =( NAMED_UNIT ( * ) PLANE_ANGLE_UNIT ( ) SI_UNIT ( $, .RADIAN. ) );
#698 = DIRECTION ( 'NONE',  ( -0.0000000000000000000, 0.0000000000000000000, -1.000000000000000000 ) ) ;
#699 = SURFACE_SIDE_STYLE ('',( #5441 ) ) ;
#700 = LINE ( 'NONE', #4391, #3496 ) ;
#701 = ORIENTED_EDGE ( 'NONE', *, *, #1196, .F. ) ;
#702 = ORIENTED_EDGE ( 'NONE', *, *, #5944, .F. ) ;
#703 = EDGE_CURVE ( 'NONE', #3759, #6450, #4113, .T. ) ;
#704 = FACE_OUTER_BOUND ( 'NONE', #444, .T. ) ;
#705 = CARTESIAN_POINT ( 'NONE',  ( -2.500000000000001776, 1.200000000000000622, -0.2999999999999997113 ) ) ;
#706 = PRESENTATION_LAYER_ASSIGNMENT (  '', '', ( #5234 ) ) ;
#707 = UNCERTAINTY_MEASURE_WITH_UNIT (LENGTH_MEASURE( 1.000000000000000082E-05 ), #2469, 'distance_accuracy_value', 'NONE');
#708 = SURFACE_SIDE_STYLE ('',( #6426 ) ) ;
#709 = ORIENTED_EDGE ( 'NONE', *, *, #3328, .F. ) ;
#710 = EDGE_CURVE ( 'NONE', #6527, #2647, #6233, .T. ) ;
#711 = LINE ( 'NONE', #1301, #5645 ) ;
#712 = LINE ( 'NONE', #734, #2836 ) ;
#713 = PRESENTATION_STYLE_ASSIGNMENT (( #3864 ) ) ;
#714 = CARTESIAN_POINT ( 'NONE',  ( -0.5500000000000001554, 2.254834989607331863, -0.6999999999999999556 ) ) ;
#715 = DIRECTION ( 'NONE',  ( 0.0000000000000000000, -1.000000000000000000, 0.0000000000000000000 ) ) ;
#716 = LINE ( 'NONE', #3552, #6867 ) ;
#717 = CARTESIAN_POINT ( 'NONE',  ( 0.4838201673205150821, 1.116322564166215559, 0.4500000000000000666 ) ) ;
#718 = ORIENTED_EDGE ( 'NONE', *, *, #4900, .F. ) ;
#719 = FACE_OUTER_BOUND ( 'NONE', #3522, .T. ) ;
#720 = APPLICATION_PROTOCOL_DEFINITION ( 'draft international standard', 'automotive_design', 1998, #5432 ) ;
#721 = CARTESIAN_POINT ( 'NONE',  ( 0.2838201673205150710, -0.4871897488101240015, 0.4500000000000000666 ) ) ;
#722 = SURFACE_SIDE_STYLE ('',( #6053 ) ) ;
#723 = DIRECTION ( 'NONE',  ( 0.0000000000000000000, 1.000000000000000000, 0.0000000000000000000 ) ) ;
#724 = ORIENTED_EDGE ( 'NONE', *, *, #6376, .T. ) ;
#725 = PRESENTATION_STYLE_ASSIGNMENT (( #1225 ) ) ;
#726 = ORIENTED_EDGE ( 'NONE', *, *, #5012, .F. ) ;
#727 = DIRECTION ( 'NONE',  ( 1.000000000000000000, 0.0000000000000000000, 0.0000000000000000000 ) ) ;
#728 = COLOUR_RGB ( '',0.8313725490196077761, 0.8392156862745098200, 0.8313725490196077761 ) ;
#729 = VECTOR ( 'NONE', #2203, 1000.000000000000000 ) ;
#730 = LINE ( 'NONE', #4472, #1832 ) ;
#731 = VERTEX_POINT ( 'NONE', #2490 ) ;
#732 = AXIS2_PLACEMENT_3D ( 'NONE', #4114, #4182, #4705 ) ;
#733 = EDGE_CURVE ( 'NONE', #2286, #373, #5671, .T. ) ;
#734 = CARTESIAN_POINT ( 'NONE',  ( 2.700000000000001954, -1.199999999999999734, -0.3000000000000003220 ) ) ;
#735 = EDGE_CURVE ( 'NONE', #4112, #3202, #2639, .T. ) ;
#736 = EDGE_CURVE ( 'NONE', #1051, #1383, #4743, .T. ) ;
#737 = MECHANICAL_DESIGN_GEOMETRIC_PRESENTATION_REPRESENTATION (  '', ( #834 ), #4726 ) ;
#738 = MECHANICAL_DESIGN_GEOMETRIC_PRESENTATION_REPRESENTATION (  '', ( #6054 ), #6393 ) ;
#740 = DIRECTION ( 'NONE',  ( 1.000000000000000000, 0.0000000000000000000, -0.0000000000000000000 ) ) ;
#739 = FILL_AREA_STYLE ('',( #3807 ) ) ;
#741 = VECTOR ( 'NONE', #6627, 1000.000000000000000 ) ;
#742 = EDGE_CURVE ( 'NONE', #6653, #5183, #5699, .T. ) ;
#743 = ORIENTED_EDGE ( 'NONE', *, *, #5603, .T. ) ;
#744 = UNCERTAINTY_MEASURE_WITH_UNIT (LENGTH_MEASURE( 1.000000000000000082E-05 ), #597, 'distance_accuracy_value', 'NONE');
#745 = CARTESIAN_POINT ( 'NONE',  ( -2.500000000000001776, -1.199999999999999734, -0.2999999999999997113 ) ) ;
#746 = ORIENTED_EDGE ( 'NONE', *, *, #6420, .T. ) ;
#747 = DIRECTION ( 'NONE',  ( 1.000000000000000000, 0.0000000000000000000, -0.0000000000000000000 ) ) ;
#748 = DIRECTION ( 'NONE',  ( -2.000708728360073702E-16, 1.000000000000000000, 0.0000000000000000000 ) ) ;
#749 = PRESENTATION_LAYER_ASSIGNMENT (  '', '', ( #958 ) ) ;
#750 = PRESENTATION_LAYER_ASSIGNMENT (  '', '', ( #648 ) ) ;
#751 = LINE ( 'NONE', #5563, #4167 ) ;
#752 = CYLINDRICAL_SURFACE ( 'NONE', #1600, 0.3000000000000003775 ) ;
#753 = ORIENTED_EDGE ( 'NONE', *, *, #5453, .T. ) ;
#754 = ORIENTED_EDGE ( 'NONE', *, *, #301, .T. ) ;
#755 =( LENGTH_UNIT ( ) NAMED_UNIT ( * ) SI_UNIT ( .MILLI., .METRE. ) );
#756 = DIRECTION ( 'NONE',  ( 1.000000000000000000, 0.0000000000000000000, 0.0000000000000000000 ) ) ;
#757 = VERTEX_POINT ( 'NONE', #5953 ) ;
#758 = CARTESIAN_POINT ( 'NONE',  ( 2.470127565808668990, -1.100000000000000089, -0.5699999999999999512 ) ) ;
#759 = COLOUR_RGB ( '',1.000000000000000000, 1.000000000000000000, 1.000000000000000000 ) ;
#760 = ORIENTED_EDGE ( 'NONE', *, *, #4683, .F. ) ;
#761 = VERTEX_POINT ( 'NONE', #6403 ) ;
#762 = FILL_AREA_STYLE_COLOUR ( '', #115 ) ;
#763 =( GEOMETRIC_REPRESENTATION_CONTEXT ( 3 ) GLOBAL_UNCERTAINTY_ASSIGNED_CONTEXT ( ( #2398 ) ) GLOBAL_UNIT_ASSIGNED_CONTEXT ( ( #3476, #4003, #6127 ) ) REPRESENTATION_CONTEXT ( 'NONE', 'WORKASPACE' ) );
#764 = VECTOR ( 'NONE', #5704, 1000.000000000000000 ) ;
#765 = AXIS2_PLACEMENT_3D ( 'NONE', #2130, #3187, #6 ) ;
#766 = SURFACE_SIDE_STYLE ('',( #1413 ) ) ;
#767 = DIRECTION ( 'NONE',  ( 0.0000000000000000000, 0.0000000000000000000, -1.000000000000000000 ) ) ;
#768 = CIRCLE ( 'NONE', #3549, 0.3000000000000000444 ) ;
#769 = LINE ( 'NONE', #4476, #2982 ) ;
#770 = ADVANCED_FACE ( 'NONE', ( #3308 ), #5886, .T. ) ;
#771 = EDGE_CURVE ( 'NONE', #4649, #221, #5989, .T. ) ;
#772 =( NAMED_UNIT ( * ) SI_UNIT ( $, .STERADIAN. ) SOLID_ANGLE_UNIT ( ) );
#773 = AXIS2_PLACEMENT_3D ( 'NONE', #3397, #4902, #3922 ) ;
#774 = PRESENTATION_LAYER_ASSIGNMENT (  '', '', ( #5085 ) ) ;
#775 = VECTOR ( 'NONE', #1229, 1000.000000000000000 ) ;
#776 = FACE_OUTER_BOUND ( 'NONE', #3384, .T. ) ;
#777 = ORIENTED_EDGE ( 'NONE', *, *, #6375, .F. ) ;
#778 = CARTESIAN_POINT ( 'NONE',  ( 0.2103187164337327886, -2.056952929731181712, 0.3500000000000000333 ) ) ;
#779 = VECTOR ( 'NONE', #3918, 1000.000000000000000 ) ;
#780 = ORIENTED_EDGE ( 'NONE', *, *, #6758, .F. ) ;
#781 = MECHANICAL_DESIGN_GEOMETRIC_PRESENTATION_REPRESENTATION (  '', ( #5316 ), #2531 ) ;
#782 = AXIS2_PLACEMENT_3D ( 'NONE', #23, #2181, #6370 ) ;
#783 = CARTESIAN_POINT ( 'NONE',  ( -1.971607025033961236, 0.8251250982098667919, 0.3500000000000000333 ) ) ;
#784 = ADVANCED_FACE ( 'NONE', ( #2273 ), #5460, .F. ) ;
#785 = DIRECTION ( 'NONE',  ( 0.0000000000000000000, 0.0000000000000000000, 1.000000000000000000 ) ) ;
#786 = VERTEX_POINT ( 'NONE', #5431 ) ;
#787 =( NAMED_UNIT ( * ) PLANE_ANGLE_UNIT ( ) SI_UNIT ( $, .RADIAN. ) );
#788 = SURFACE_SIDE_STYLE ('',( #5077 ) ) ;
#789 = ORIENTED_EDGE ( 'NONE', *, *, #3441, .F. ) ;
#790 = SURFACE_STYLE_USAGE ( .BOTH. , #1360 ) ;
#791 = ORIENTED_EDGE ( 'NONE', *, *, #4162, .F. ) ;
#792 = DIRECTION ( 'NONE',  ( 0.0000000000000000000, 0.0000000000000000000, 1.000000000000000000 ) ) ;
#793 = DIRECTION ( 'NONE',  ( -0.0000000000000000000, -0.0000000000000000000, -1.000000000000000000 ) ) ;
#794 = ORIENTED_EDGE ( 'NONE', *, *, #892, .F. ) ;
#795 =( LENGTH_UNIT ( ) NAMED_UNIT ( * ) SI_UNIT ( .MILLI., .METRE. ) );
#796 = ORIENTED_EDGE ( 'NONE', *, *, #224, .F. ) ;
#797 = VECTOR ( 'NONE', #907, 1000.000000000000000 ) ;
#798 = VERTEX_POINT ( 'NONE', #6479 ) ;
#799 = DIRECTION ( 'NONE',  ( -1.000000000000000000, -1.776016655323403858E-16, 0.0000000000000000000 ) ) ;
#800 = STYLED_ITEM ( 'NONE', ( #1345 ), #4927 ) ;
#801 = CARTESIAN_POINT ( 'NONE',  ( 1.700000000000000622, -1.199999999999999734, -0.5699999999999999512 ) ) ;
#802 = DIRECTION ( 'NONE',  ( 0.0000000000000000000, -0.0000000000000000000, -1.000000000000000000 ) ) ;
#803 = DIRECTION ( 'NONE',  ( -1.000000000000000000, 0.0000000000000000000, 0.0000000000000000000 ) ) ;
#804 = ORIENTED_EDGE ( 'NONE', *, *, #607, .T. ) ;
#805 = UNCERTAINTY_MEASURE_WITH_UNIT (LENGTH_MEASURE( 1.000000000000000082E-05 ), #2781, 'distance_accuracy_value', 'NONE');
#806 =( NAMED_UNIT ( * ) PLANE_ANGLE_UNIT ( ) SI_UNIT ( $, .RADIAN. ) );
#807 = VERTEX_POINT ( 'NONE', #3772 ) ;
#808 = PRODUCT_CONTEXT ( 'NONE', #1945, 'mechanical' ) ;
#809 = DIRECTION ( 'NONE',  ( -1.522241498270670007E-16, -1.000000000000000000, 0.0000000000000000000 ) ) ;
#810 = EDGE_CURVE ( 'NONE', #300, #4091, #162, .T. ) ;
#811 = CARTESIAN_POINT ( 'NONE',  ( 2.400000000000001243, 2.100000000000000089, -0.7700000000000000178 ) ) ;
#812 = ORIENTED_EDGE ( 'NONE', *, *, #898, .T. ) ;
#813 = EDGE_CURVE ( 'NONE', #1932, #1293, #2823, .T. ) ;
#814 = EDGE_CURVE ( 'NONE', #5853, #757, #4836, .T. ) ;
#815 = SURFACE_STYLE_FILL_AREA ( #4460 ) ;
#816 = CARTESIAN_POINT ( 'NONE',  ( -1.700000000000000400, -2.099999999999999645, -0.5699999999999999512 ) ) ;
#817 = ORIENTED_EDGE ( 'NONE', *, *, #5228, .T. ) ;
#818 = PRESENTATION_STYLE_ASSIGNMENT (( #790 ) ) ;
#819 = ORIENTED_EDGE ( 'NONE', *, *, #967, .F. ) ;
#820 = LINE ( 'NONE', #4535, #3081 ) ;
#821 = CARTESIAN_POINT ( 'NONE',  ( -2.486873320506370000, -2.099999999999999645, -0.2504719656739949341 ) ) ;
#822 = ORIENTED_EDGE ( 'NONE', *, *, #2832, .F. ) ;
#823 = EDGE_CURVE ( 'NONE', #827, #5486, #4585, .T. ) ;
#824 = UNCERTAINTY_MEASURE_WITH_UNIT (LENGTH_MEASURE( 1.000000000000000082E-05 ), #5939, 'distance_accuracy_value', 'NONE');
#825 = ORIENTED_EDGE ( 'NONE', *, *, #6251, .F. ) ;
#826 = SURFACE_STYLE_USAGE ( .BOTH. , #2328 ) ;
#827 = VERTEX_POINT ( 'NONE', #358 ) ;
#828 = VECTOR ( 'NONE', #2466, 1000.000000000000000 ) ;
#829 = DIRECTION ( 'NONE',  ( 4.818676322157797375E-16, 1.000000000000000000, 1.751623080406021339E-46 ) ) ;
#830 = VECTOR ( 'NONE', #3383, 1000.000000000000114 ) ;
#831 = VECTOR ( 'NONE', #5633, 1000.000000000000000 ) ;
#832 = CARTESIAN_POINT ( 'NONE',  ( -2.470127565808668990, -1.199999999999998845, -0.5699999999999999512 ) ) ;
#833 = PLANE ( 'NONE',  #3225 ) ;
#834 = STYLED_ITEM ( 'NONE', ( #6449 ), #1541 ) ;
#835 = AXIS2_PLACEMENT_3D ( 'NONE', #3235, #192, #612 ) ;
#836 = VERTEX_POINT ( 'NONE', #4972 ) ;
#837 = DIRECTION ( 'NONE',  ( 0.0000000000000000000, 0.0000000000000000000, 1.000000000000000000 ) ) ;
#838 = VERTEX_POINT ( 'NONE', #4028 ) ;
#839 = PLANE ( 'NONE',  #3673 ) ;
#840 = AXIS2_PLACEMENT_3D ( 'NONE', #992, #5205, #492 ) ;
#841 =( GEOMETRIC_REPRESENTATION_CONTEXT ( 3 ) GLOBAL_UNCERTAINTY_ASSIGNED_CONTEXT ( ( #129 ) ) GLOBAL_UNIT_ASSIGNED_CONTEXT ( ( #6438, #5910, #2095 ) ) REPRESENTATION_CONTEXT ( 'NONE', 'WORKASPACE' ) );
#842 = CARTESIAN_POINT ( 'NONE',  ( 2.400000000000001243, 1.200000000000000622, -0.5700000000000000622 ) ) ;
#843 = ORIENTED_EDGE ( 'NONE', *, *, #1696, .T. ) ;
#844 = LINE ( 'NONE', #3453, #4831 ) ;
#845 = SURFACE_STYLE_FILL_AREA ( #4732 ) ;
#846 = LINE ( 'NONE', #3566, #2251 ) ;
#847 = ORIENTED_EDGE ( 'NONE', *, *, #3712, .T. ) ;
#848 = SURFACE_STYLE_FILL_AREA ( #6753 ) ;
#849 = VERTEX_POINT ( 'NONE', #4451 ) ;
#850 = PLANE ( 'NONE',  #4981 ) ;
#851 = DIRECTION ( 'NONE',  ( 0.0000000000000000000, 0.0000000000000000000, 1.000000000000000000 ) ) ;
#852 = EDGE_CURVE ( 'NONE', #1347, #4265, #5624, .T. ) ;
#853 = ADVANCED_FACE ( 'NONE', ( #6014 ), #2337, .F. ) ;
#854 = VECTOR ( 'NONE', #6290, 1000.000000000000000 ) ;
#855 = CARTESIAN_POINT ( 'NONE',  ( -2.471716000805965763, 2.100000000000000089, -0.5396908546970038412 ) ) ;
#856 = VERTEX_POINT ( 'NONE', #6573 ) ;
#857 = FILL_AREA_STYLE ('',( #2395 ) ) ;
#858 = VERTEX_POINT ( 'NONE', #287 ) ;
#859 = SURFACE_STYLE_USAGE ( .BOTH. , #5610 ) ;
#860 = VECTOR ( 'NONE', #4763, 1000.000000000000000 ) ;
#861 = ORIENTED_EDGE ( 'NONE', *, *, #6477, .F. ) ;
#862 = ADVANCED_FACE ( 'NONE', ( #1381 ), #3511, .F. ) ;
#863 = MECHANICAL_DESIGN_GEOMETRIC_PRESENTATION_REPRESENTATION (  '', ( #4526 ), #3651 ) ;
#864 = AXIS2_PLACEMENT_3D ( 'NONE', #3348, #2245, #5526 ) ;
#865 =( NAMED_UNIT ( * ) SI_UNIT ( $, .STERADIAN. ) SOLID_ANGLE_UNIT ( ) );
#866 = DIRECTION ( 'NONE',  ( 1.896992367213331698E-16, -1.000000000000000000, 0.0000000000000000000 ) ) ;
#867 = SURFACE_SIDE_STYLE ('',( #3991 ) ) ;
#868 = FACE_OUTER_BOUND ( 'NONE', #57, .T. ) ;
#869 = CARTESIAN_POINT ( 'NONE',  ( 2.463314554501873754, -1.100000000000000089, -0.6999999999999999556 ) ) ;
#870 = CARTESIAN_POINT ( 'NONE',  ( -0.5500000000000001554, -1.049999999999999822, -0.5699999999999999512 ) ) ;
#871 = PRESENTATION_LAYER_ASSIGNMENT (  '', '', ( #3426 ) ) ;
#872 = COLOUR_RGB ( '',1.000000000000000000, 1.000000000000000000, 1.000000000000000000 ) ;
#873 = UNCERTAINTY_MEASURE_WITH_UNIT (LENGTH_MEASURE( 1.000000000000000082E-05 ), #1822, 'distance_accuracy_value', 'NONE');
#874 = FILL_AREA_STYLE_COLOUR ( '', #1921 ) ;
#875 = CYLINDRICAL_SURFACE ( 'NONE', #2821, 0.1500000000000000222 ) ;
#876 = VERTEX_POINT ( 'NONE', #6334 ) ;
#877 = DIRECTION ( 'NONE',  ( -3.043374519257556424E-15, 0.0000000000000000000, -1.000000000000000000 ) ) ;
#878 = PLANE ( 'NONE',  #4641 ) ;
#879 = VECTOR ( 'NONE', #247, 1000.000000000000000 ) ;
#880 = CARTESIAN_POINT ( 'NONE',  ( -1.146028625818473756, 0.6751250982098658815, 0.3000000000000000444 ) ) ;
#881 = PRESENTATION_LAYER_ASSIGNMENT (  '', '', ( #3554 ) ) ;
#882 = CARTESIAN_POINT ( 'NONE',  ( 2.500000000000001776, -2.099999999999999645, -0.2999999999999997113 ) ) ;
#883 = AXIS2_PLACEMENT_3D ( 'NONE', #3290, #6583, #3389 ) ;
#884 = CARTESIAN_POINT ( 'NONE',  ( -1.700000000000000622, 2.100000000000000089, -0.7699999999999999067 ) ) ;
#885 = ORIENTED_EDGE ( 'NONE', *, *, #3361, .T. ) ;
#886 = ORIENTED_EDGE ( 'NONE', *, *, #4422, .F. ) ;
#887 = LINE ( 'NONE', #3022, #3432 ) ;
#888 = ORIENTED_EDGE ( 'NONE', *, *, #5566, .F. ) ;
#889 = FILL_AREA_STYLE_COLOUR ( '', #2921 ) ;
#890 = UNCERTAINTY_MEASURE_WITH_UNIT (LENGTH_MEASURE( 1.000000000000000082E-05 ), #3438, 'distance_accuracy_value', 'NONE');
#891 = ORIENTED_EDGE ( 'NONE', *, *, #3802, .F. ) ;
#892 = EDGE_CURVE ( 'NONE', #261, #1361, #1461, .T. ) ;
#893 = VERTEX_POINT ( 'NONE', #2481 ) ;
#894 = DIRECTION ( 'NONE',  ( 0.05233595624294388321, -0.0000000000000000000, 0.9986295347545739443 ) ) ;
#895 = CARTESIAN_POINT ( 'NONE',  ( -2.500000000000000444, -1.199999999999999734, -0.5699999999999999512 ) ) ;
#896 = STYLED_ITEM ( 'NONE', ( #6152 ), #4419 ) ;
#897 = ADVANCED_FACE ( 'NONE', ( #5727 ), #2629, .F. ) ;
#898 = EDGE_CURVE ( 'NONE', #3786, #4708, #6259, .T. ) ;
#899 = DIRECTION ( 'NONE',  ( 0.0000000000000000000, 0.0000000000000000000, -1.000000000000000000 ) ) ;
#900 = PRESENTATION_LAYER_ASSIGNMENT (  '', '', ( #800 ) ) ;
#901 = EDGE_CURVE ( 'NONE', #1361, #6343, #902, .T. ) ;
#902 = LINE ( 'NONE', #4175, #6814 ) ;
#903 = VECTOR ( 'NONE', #6744, 1000.000000000000000 ) ;
#904 = CARTESIAN_POINT ( 'NONE',  ( -0.9960286258184738450, -0.1370056143358112655, 0.3000000000000000444 ) ) ;
#905 = ORIENTED_EDGE ( 'NONE', *, *, #1810, .F. ) ;
#906 = DIRECTION ( 'NONE',  ( -1.000000000000000000, -0.0000000000000000000, -0.0000000000000000000 ) ) ;
#907 = DIRECTION ( 'NONE',  ( 1.000000000000000000, -0.0000000000000000000, -0.0000000000000000000 ) ) ;
#908 = VERTEX_POINT ( 'NONE', #1031 ) ;
#909 = CARTESIAN_POINT ( 'NONE',  ( 2.500000000000001776, 2.100000000000000089, -0.2999999999999997113 ) ) ;
#910 = EDGE_LOOP ( 'NONE', ( #5771, #3027, #3221, #847, #5128, #3042 ) ) ;
#911 = SURFACE_STYLE_USAGE ( .BOTH. , #400 ) ;
#912 = ORIENTED_EDGE ( 'NONE', *, *, #6005, .F. ) ;
#913 = PRESENTATION_STYLE_ASSIGNMENT (( #5676 ) ) ;
#914 = FILL_AREA_STYLE ('',( #6822 ) ) ;
#915 = DIRECTION ( 'NONE',  ( -0.0000000000000000000, -1.000000000000000000, -0.0000000000000000000 ) ) ;
#916 = DIRECTION ( 'NONE',  ( -2.409338161078899674E-16, 1.000000000000000000, 0.0000000000000000000 ) ) ;
#917 = ORIENTED_EDGE ( 'NONE', *, *, #6178, .F. ) ;
#918 = SURFACE_STYLE_USAGE ( .BOTH. , #4499 ) ;
#919 = ORIENTED_EDGE ( 'NONE', *, *, #6039, .T. ) ;
#920 = CARTESIAN_POINT ( 'NONE',  ( 1.700000000000000622, 2.100000000000000089, -0.7699999999999999067 ) ) ;
#921 = EDGE_LOOP ( 'NONE', ( #6589, #5609, #5636, #1299 ) ) ;
#922 = LINE ( 'NONE', #2504, #1646 ) ;
#923 = DIRECTION ( 'NONE',  ( -1.000000000000000000, 0.0000000000000000000, 0.0000000000000000000 ) ) ;
#924 = DIRECTION ( 'NONE',  ( 1.000000000000000000, 0.0000000000000000000, 0.0000000000000000000 ) ) ;
#925 = CARTESIAN_POINT ( 'NONE',  ( -1.146028625818473756, -0.1370056143358102385, 0.3500000000000000333 ) ) ;
#926 = CARTESIAN_POINT ( 'NONE',  ( 0.0000000000000000000, 0.0000000000000000000, 0.3007161552948416916 ) ) ;
#927 = EDGE_CURVE ( 'NONE', #1037, #2470, #1961, .T. ) ;
#928 = DIRECTION ( 'NONE',  ( -1.971276677246371272E-16, -1.000000000000000000, 0.0000000000000000000 ) ) ;
#929 = ADVANCED_FACE ( 'NONE', ( #4107 ), #3008, .F. ) ;
#930 = ADVANCED_FACE ( 'NONE', ( #1178 ), #6505, .F. ) ;
#931 = DIRECTION ( 'NONE',  ( -1.000000000000000000, 0.0000000000000000000, 0.0000000000000000000 ) ) ;
#932 = AXIS2_PLACEMENT_3D ( 'NONE', #108, #1618, #2284 ) ;
#933 = UNCERTAINTY_MEASURE_WITH_UNIT (LENGTH_MEASURE( 1.000000000000000082E-05 ), #693, 'distance_accuracy_value', 'NONE');
#934 = DIRECTION ( 'NONE',  ( 0.0000000000000000000, 0.0000000000000000000, 1.000000000000000000 ) ) ;
#935 = VECTOR ( 'NONE', #6211, 1000.000000000000000 ) ;
#936 = LINE ( 'NONE', #1495, #2034 ) ;
#937 = ORIENTED_EDGE ( 'NONE', *, *, #1894, .T. ) ;
#938 = DIRECTION ( 'NONE',  ( 1.000000000000000000, 4.818676322157797375E-16, -3.043374519257556424E-15 ) ) ;
#939 = FACE_OUTER_BOUND ( 'NONE', #5863, .T. ) ;
#940 = ADVANCED_FACE ( 'NONE', ( #1589 ), #4347, .F. ) ;
#941 = PRESENTATION_LAYER_ASSIGNMENT (  '', '', ( #3277 ) ) ;
#942 = DIRECTION ( 'NONE',  ( 0.0000000000000000000, 1.000000000000000000, 0.0000000000000000000 ) ) ;
#943 = COLOUR_RGB ( '',0.8313725490196077761, 0.8392156862745098200, 0.8313725490196077761 ) ;
#944 = EDGE_LOOP ( 'NONE', ( #3335, #3860, #6131, #3811 ) ) ;
#945 = DIRECTION ( 'NONE',  ( 0.0000000000000000000, -0.0000000000000000000, 1.000000000000000000 ) ) ;
#946 = FACE_OUTER_BOUND ( 'NONE', #2452, .T. ) ;
#947 = ORIENTED_EDGE ( 'NONE', *, *, #1410, .T. ) ;
#948 = AXIS2_PLACEMENT_3D ( 'NONE', #4521, #6156, #3965 ) ;
#949 = SURFACE_STYLE_USAGE ( .BOTH. , #4045 ) ;
#950 = DIRECTION ( 'NONE',  ( 0.0000000000000000000, 1.000000000000000000, 0.0000000000000000000 ) ) ;
#951 = CARTESIAN_POINT ( 'NONE',  ( -2.400000000000001243, -1.199999999999999734, -0.7700000000000000178 ) ) ;
#952 = VECTOR ( 'NONE', #2768, 1000.000000000000000 ) ;
#953 = LINE ( 'NONE', #448, #2764 ) ;
#954 = EDGE_LOOP ( 'NONE', ( #5185, #1612, #339, #3487 ) ) ;
#955 = PRESENTATION_STYLE_ASSIGNMENT (( #3133 ) ) ;
#956 = PRODUCT_DEFINITION_CONTEXT ( 'detailed design', #5432, 'design' ) ;
#957 = EDGE_LOOP ( 'NONE', ( #4822, #3630, #2193, #4089 ) ) ;
#958 = STYLED_ITEM ( 'NONE', ( #6075 ), #2279 ) ;
#959 = ORIENTED_EDGE ( 'NONE', *, *, #437, .T. ) ;
#960 = SURFACE_STYLE_FILL_AREA ( #6805 ) ;
#961 = LINE ( 'NONE', #1992, #621 ) ;
#963 =( LENGTH_UNIT ( ) NAMED_UNIT ( * ) SI_UNIT ( .MILLI., .METRE. ) );
#962 = FACE_OUTER_BOUND ( 'NONE', #1128, .T. ) ;
#964 = AXIS2_PLACEMENT_3D ( 'NONE', #89, #3744, #3168 ) ;
#965 = CARTESIAN_POINT ( 'NONE',  ( -0.03316504619021998224, -0.1370056143358100720, 0.3000000000000000444 ) ) ;
#966 = AXIS2_PLACEMENT_3D ( 'NONE', #4979, #2341, #6551 ) ;
#967 = EDGE_CURVE ( 'NONE', #140, #4796, #3865, .T. ) ;
#968 = PLANE ( 'NONE',  #2486 ) ;
#969 = EDGE_CURVE ( 'NONE', #4421, #3797, #3834, .T. ) ;
#970 = AXIS2_PLACEMENT_3D ( 'NONE', #6261, #6811, #2668 ) ;
#971 = CARTESIAN_POINT ( 'NONE',  ( 2.500000000000001332, -2.099999999999999645, -0.4700000000000001399 ) ) ;
#972 = AXIS2_PLACEMENT_3D ( 'NONE', #4380, #3870, #1215 ) ;
#973 = ORIENTED_EDGE ( 'NONE', *, *, #2315, .T. ) ;
#974 = CARTESIAN_POINT ( 'NONE',  ( -1.699999999999999956, 2.081899558550500280E-16, 0.3007161552948416916 ) ) ;
#975 = CARTESIAN_POINT ( 'NONE',  ( 1.930905544980987321, -0.8360159872360372058, 0.3500000000000000333 ) ) ;
#976 = ORIENTED_EDGE ( 'NONE', *, *, #2542, .T. ) ;
#977 = COLOUR_RGB ( '',1.000000000000000000, 1.000000000000000000, 1.000000000000000000 ) ;
#978 = EDGE_CURVE ( 'NONE', #3748, #5042, #5942, .T. ) ;
#979 = FACE_OUTER_BOUND ( 'NONE', #3141, .T. ) ;
#980 = VERTEX_POINT ( 'NONE', #5981 ) ;
#981 = CIRCLE ( 'NONE', #4322, 0.3000000000000002665 ) ;
#982 =( GEOMETRIC_REPRESENTATION_CONTEXT ( 3 ) GLOBAL_UNCERTAINTY_ASSIGNED_CONTEXT ( ( #1366 ) ) GLOBAL_UNIT_ASSIGNED_CONTEXT ( ( #1540, #445, #5120 ) ) REPRESENTATION_CONTEXT ( 'NONE', 'WORKASPACE' ) );
#983 = CARTESIAN_POINT ( 'NONE',  ( 0.2838201673205150710, 0.9163225641662154919, 0.3500000000000000333 ) ) ;
#984 = VECTOR ( 'NONE', #172, 1000.000000000000000 ) ;
#985 = VERTEX_POINT ( 'NONE', #714 ) ;
#986 =( NAMED_UNIT ( * ) SI_UNIT ( $, .STERADIAN. ) SOLID_ANGLE_UNIT ( ) );
#987 = ORIENTED_EDGE ( 'NONE', *, *, #4762, .T. ) ;
#988 = ORIENTED_EDGE ( 'NONE', *, *, #6249, .F. ) ;
#989 = AXIS2_PLACEMENT_3D ( 'NONE', #5925, #2935, #356 ) ;
#990 = AXIS2_PLACEMENT_3D ( 'NONE', #3713, #2684, #5227 ) ;
#991 = PLANE ( 'NONE',  #3757 ) ;
#992 = CARTESIAN_POINT ( 'NONE',  ( 2.400000000000002132, 1.200000000000000622, -0.2999999999999993783 ) ) ;
#993 = ORIENTED_EDGE ( 'NONE', *, *, #4335, .F. ) ;
#994 = DIRECTION ( 'NONE',  ( 0.0000000000000000000, -1.000000000000000000, 0.0000000000000000000 ) ) ;
#995 = DIRECTION ( 'NONE',  ( 1.000000000000000000, 0.0000000000000000000, 0.0000000000000000000 ) ) ;
#996 = LINE ( 'NONE', #965, #6567 ) ;
#997 = UNCERTAINTY_MEASURE_WITH_UNIT (LENGTH_MEASURE( 1.000000000000000082E-05 ), #4246, 'distance_accuracy_value', 'NONE');
#998 = FACE_OUTER_BOUND ( 'NONE', #1437, .T. ) ;
#999 = SURFACE_STYLE_USAGE ( .BOTH. , #6702 ) ;
#1000 = PRESENTATION_STYLE_ASSIGNMENT (( #1032 ) ) ;
#1001 = VECTOR ( 'NONE', #2455, 1000.000000000000000 ) ;
#1003 = DIRECTION ( 'NONE',  ( 0.0000000000000000000, 1.000000000000000000, 0.0000000000000000000 ) ) ;
#1002 = CARTESIAN_POINT ( 'NONE',  ( 0.5500000000000000444, 6.735557395310442516E-17, -0.5699999999999999512 ) ) ;
#1004 = DIRECTION ( 'NONE',  ( -1.000000000000000000, -2.404031325876694646E-16, 0.0000000000000000000 ) ) ;
#1005 = DIRECTION ( 'NONE',  ( 1.000000000000000000, 0.0000000000000000000, 0.0000000000000000000 ) ) ;
#1006 = ORIENTED_EDGE ( 'NONE', *, *, #4691, .T. ) ;
#1007 = DIRECTION ( 'NONE',  ( -0.0000000000000000000, -0.0000000000000000000, -1.000000000000000000 ) ) ;
#1008 = FACE_OUTER_BOUND ( 'NONE', #954, .T. ) ;
#1009 = ORIENTED_EDGE ( 'NONE', *, *, #405, .T. ) ;
#1010 = SURFACE_STYLE_USAGE ( .BOTH. , #1933 ) ;
#1011 = PRESENTATION_STYLE_ASSIGNMENT (( #5777 ) ) ;
#1012 = FILL_AREA_STYLE ('',( #479 ) ) ;
#1013 = ADVANCED_FACE ( 'NONE', ( #5835 ), #2666, .F. ) ;
#1014 = FACE_OUTER_BOUND ( 'NONE', #50, .T. ) ;
#1015 = EDGE_CURVE ( 'NONE', #5573, #6858, #5816, .T. ) ;
#1016 = ADVANCED_FACE ( 'NONE', ( #4511 ), #4024, .F. ) ;
#1017 = LINE ( 'NONE', #6761, #5880 ) ;
#1018 = ORIENTED_EDGE ( 'NONE', *, *, #814, .T. ) ;
#1019 = FILL_AREA_STYLE ('',( #3100 ) ) ;
#1020 = UNCERTAINTY_MEASURE_WITH_UNIT (LENGTH_MEASURE( 1.000000000000000082E-05 ), #101, 'distance_accuracy_value', 'NONE');
#1021 = VERTEX_POINT ( 'NONE', #2263 ) ;
#1022 = FILL_AREA_STYLE ('',( #5785 ) ) ;
#1023 = ORIENTED_EDGE ( 'NONE', *, *, #1697, .F. ) ;
#1024 = CARTESIAN_POINT ( 'NONE',  ( 0.0000000000000000000, 0.0000000000000000000, -0.5699999999999999512 ) ) ;
#1025 = LINE ( 'NONE', #5204, #3636 ) ;
#1026 = LINE ( 'NONE', #1481, #2931 ) ;
#1027 = EDGE_LOOP ( 'NONE', ( #5653, #6112, #3350, #1900 ) ) ;
#1028 = FACE_OUTER_BOUND ( 'NONE', #2356, .T. ) ;
#1029 = DIRECTION ( 'NONE',  ( 1.000000000000000000, 0.0000000000000000000, -0.0000000000000000000 ) ) ;
#1030 =( LENGTH_UNIT ( ) NAMED_UNIT ( * ) SI_UNIT ( .MILLI., .METRE. ) );
#1031 = CARTESIAN_POINT ( 'NONE',  ( -0.5500000000000000444, 1.049999999999999822, -0.5699999999999999512 ) ) ;
#1032 = SURFACE_STYLE_USAGE ( .BOTH. , #4206 ) ;
#1034 = CARTESIAN_POINT ( 'NONE',  ( -1.043697599916538765, -0.1584055984559433750, 0.4500000000000000666 ) ) ;
#1033 = LINE ( 'NONE', #4207, #2973 ) ;
#1035 = SURFACE_STYLE_FILL_AREA ( #4774 ) ;
#1036 = AXIS2_PLACEMENT_3D ( 'NONE', #462, #2553, #4692 ) ;
#1037 = VERTEX_POINT ( 'NONE', #6629 ) ;
#1038 = CARTESIAN_POINT ( 'NONE',  ( -1.919276727925023351, -0.8787392438591723476, 0.3500000000000000333 ) ) ;
#1039 = CARTESIAN_POINT ( 'NONE',  ( 2.400000000000002132, -2.099999999999999645, -0.2999999999999993783 ) ) ;
#1040 = VERTEX_POINT ( 'NONE', #3989 ) ;
#1041 = LINE ( 'NONE', #3815, #669 ) ;
#1042 = PLANE ( 'NONE',  #688 ) ;
#1043 = FACE_OUTER_BOUND ( 'NONE', #3635, .T. ) ;
#1044 = VECTOR ( 'NONE', #5927, 1000.000000000000000 ) ;
#1045 = CARTESIAN_POINT ( 'NONE',  ( -1.296028625818474778, 0.8251250982098669029, 0.3500000000000000333 ) ) ;
#1046 = SURFACE_SIDE_STYLE ('',( #2499 ) ) ;
#1047 = ORIENTED_EDGE ( 'NONE', *, *, #3916, .F. ) ;
#1048 = AXIS2_PLACEMENT_3D ( 'NONE', #6125, #2878, #5665 ) ;
#1049 = CARTESIAN_POINT ( 'NONE',  ( 0.0000000000000000000, 0.0000000000000000000, -0.5699999999999999512 ) ) ;
#1050 = VECTOR ( 'NONE', #4780, 1000.000000000000000 ) ;
#1051 = VERTEX_POINT ( 'NONE', #6116 ) ;
#1052 = PRESENTATION_STYLE_ASSIGNMENT (( #1163 ) ) ;
#1053 = ORIENTED_EDGE ( 'NONE', *, *, #1482, .T. ) ;
#1054 = ADVANCED_FACE ( 'NONE', ( #4447 ), #6146, .F. ) ;
#1055 = CARTESIAN_POINT ( 'NONE',  ( -2.463314554501873754, 1.100000000000000089, -0.6999999999999999556 ) ) ;
#1056 = EDGE_CURVE ( 'NONE', #3759, #221, #3507, .T. ) ;
#1057 = COLOUR_RGB ( '',0.8313725490196077761, 0.8392156862745098200, 0.8313725490196077761 ) ;
#1058 = CARTESIAN_POINT ( 'NONE',  ( 2.500000000000002220, -2.099999999999999645, 0.0000000000000000000 ) ) ;
#1059 = DIRECTION ( 'NONE',  ( -0.5150380749100548217, 6.307397298776134510E-17, 0.8571673007021118895 ) ) ;
#1060 = VERTEX_POINT ( 'NONE', #5102 ) ;
#1061 =( NAMED_UNIT ( * ) SI_UNIT ( $, .STERADIAN. ) SOLID_ANGLE_UNIT ( ) );
#1062 = DIRECTION ( 'NONE',  ( -3.043374519257556424E-15, 0.0000000000000000000, 1.000000000000000000 ) ) ;
#1063 = ORIENTED_EDGE ( 'NONE', *, *, #1096, .T. ) ;
#1064 = EDGE_CURVE ( 'NONE', #35, #6388, #961, .T. ) ;
#1065 = VECTOR ( 'NONE', #1512, 1000.000000000000000 ) ;
#1066 = DIRECTION ( 'NONE',  ( 0.0000000000000000000, 0.0000000000000000000, 1.000000000000000000 ) ) ;
#1067 = CARTESIAN_POINT ( 'NONE',  ( 0.0000000000000000000, 0.0000000000000000000, 0.3500000000000000333 ) ) ;
#1068 = CARTESIAN_POINT ( 'NONE',  ( 2.486873320506370000, 1.200000000000000622, -0.2504719656739949341 ) ) ;
#1069 = CARTESIAN_POINT ( 'NONE',  ( -2.400000000000001243, -2.099999999999999645, -0.4699999999999998068 ) ) ;
#1070 = MECHANICAL_DESIGN_GEOMETRIC_PRESENTATION_REPRESENTATION (  '', ( #3181 ), #549 ) ;
#1071 =( NAMED_UNIT ( * ) SI_UNIT ( $, .STERADIAN. ) SOLID_ANGLE_UNIT ( ) );
#1072 =( NAMED_UNIT ( * ) PLANE_ANGLE_UNIT ( ) SI_UNIT ( $, .RADIAN. ) );
#1073 = CIRCLE ( 'NONE', #4961, 0.1500000000000000222 ) ;
#1074 = EDGE_LOOP ( 'NONE', ( #2314, #5452, #6157, #6481 ) ) ;
#1075 = DIRECTION ( 'NONE',  ( -1.000000000000000000, -4.818676322157797375E-16, 0.0000000000000000000 ) ) ;
#1076 = SURFACE_SIDE_STYLE ('',( #6784 ) ) ;
#1077 = ORIENTED_EDGE ( 'NONE', *, *, #5914, .F. ) ;
#1078 = LINE ( 'NONE', #1152, #4664 ) ;
#1079 = PRESENTATION_LAYER_ASSIGNMENT (  '', '', ( #6081 ) ) ;
#1080 = DIRECTION ( 'NONE',  ( -0.0000000000000000000, -1.000000000000000000, -0.0000000000000000000 ) ) ;
#1081 = COLOUR_RGB ( '',1.000000000000000000, 1.000000000000000000, 1.000000000000000000 ) ;
#1082 = SURFACE_STYLE_FILL_AREA ( #6824 ) ;
#1083 = ORIENTED_EDGE ( 'NONE', *, *, #4843, .T. ) ;
#1084 = VECTOR ( 'NONE', #4934, 1000.000000000000114 ) ;
#1085 = VECTOR ( 'NONE', #3465, 1000.000000000000000 ) ;
#1086 = STYLED_ITEM ( 'NONE', ( #3836 ), #6346 ) ;
#1087 = ORIENTED_EDGE ( 'NONE', *, *, #742, .F. ) ;
#1088 = DIRECTION ( 'NONE',  ( 0.0000000000000000000, 0.0000000000000000000, -1.000000000000000000 ) ) ;
#1089 = DIRECTION ( 'NONE',  ( -1.000000000000000000, 0.0000000000000000000, 0.0000000000000000000 ) ) ;
#1090 = MECHANICAL_DESIGN_GEOMETRIC_PRESENTATION_REPRESENTATION (  '', ( #4874 ), #5426 ) ;
#1091 = COLOUR_RGB ( '',0.8980392156862745390, 0.9215686274509803377, 0.9294117647058823817 ) ;
#1092 = STYLED_ITEM ( 'NONE', ( #3357 ), #6520 ) ;
#1093 = LINE ( 'NONE', #4298, #656 ) ;
#1094 = CARTESIAN_POINT ( 'NONE',  ( -2.400000000000001243, -2.099999999999998312, -0.7699999999999999067 ) ) ;
#1095 = EDGE_CURVE ( 'NONE', #581, #4676, #2021, .T. ) ;
#1096 = EDGE_CURVE ( 'NONE', #1778, #3797, #1953, .T. ) ;
#1097 = ORIENTED_EDGE ( 'NONE', *, *, #1491, .T. ) ;
#1098 = VECTOR ( 'NONE', #5891, 1000.000000000000114 ) ;
#1099 = AXIS2_PLACEMENT_3D ( 'NONE', #1034, #1003, #2634 ) ;
#1100 = FILL_AREA_STYLE ('',( #2232 ) ) ;
#1101 = CARTESIAN_POINT ( 'NONE',  ( 2.400000000000001243, -1.199999999999999734, -0.4699999999999998068 ) ) ;
#1102 = AXIS2_PLACEMENT_3D ( 'NONE', #6849, #3153, #1591 ) ;
#1103 = ORIENTED_EDGE ( 'NONE', *, *, #1348, .T. ) ;
#1104 = DIRECTION ( 'NONE',  ( 1.000000000000000000, 0.0000000000000000000, -3.252606517456505019E-15 ) ) ;
#1105 = EDGE_CURVE ( 'NONE', #4321, #345, #5687, .T. ) ;
#1106 =( GEOMETRIC_REPRESENTATION_CONTEXT ( 3 ) GLOBAL_UNCERTAINTY_ASSIGNED_CONTEXT ( ( #207 ) ) GLOBAL_UNIT_ASSIGNED_CONTEXT ( ( #6292, #1519, #4800 ) ) REPRESENTATION_CONTEXT ( 'NONE', 'WORKASPACE' ) );
#1107 = PRESENTATION_STYLE_ASSIGNMENT (( #6808 ) ) ;
#1108 = EDGE_CURVE ( 'NONE', #271, #3748, #2019, .T. ) ;
#1109 = PLANE ( 'NONE',  #1990 ) ;
#1110 = ADVANCED_FACE ( 'NONE', ( #2972 ), #1915, .T. ) ;
#1111 = FILL_AREA_STYLE_COLOUR ( '', #3143 ) ;
#1112 = PLANE ( 'NONE',  #2967 ) ;
#1113 = SURFACE_STYLE_FILL_AREA ( #2671 ) ;
#1114 = LINE ( 'NONE', #3231, #5073 ) ;
#1115 = DIRECTION ( 'NONE',  ( 0.0000000000000000000, -1.000000000000000000, 0.0000000000000000000 ) ) ;
#1116 = EDGE_CURVE ( 'NONE', #6345, #2544, #3067, .T. ) ;
#1117 = ORIENTED_EDGE ( 'NONE', *, *, #4335, .T. ) ;
#1118 =( NAMED_UNIT ( * ) PLANE_ANGLE_UNIT ( ) SI_UNIT ( $, .RADIAN. ) );
#1119 = PRESENTATION_LAYER_ASSIGNMENT (  '', '', ( #5455 ) ) ;
#1120 = ORIENTED_EDGE ( 'NONE', *, *, #5782, .T. ) ;
#1121 = DIRECTION ( 'NONE',  ( 1.000000000000000000, 0.0000000000000000000, 0.0000000000000000000 ) ) ;
#1122 = LINE ( 'NONE', #5808, #1433 ) ;
#1123 = DIRECTION ( 'NONE',  ( 4.818676322157797375E-16, 1.000000000000000000, 1.466503673540475756E-30 ) ) ;
#1124 = DIRECTION ( 'NONE',  ( -0.0000000000000000000, 1.000000000000000000, -0.0000000000000000000 ) ) ;
#1125 = PRESENTATION_STYLE_ASSIGNMENT (( #4255 ) ) ;
#1126 = PRODUCT ( 'User Library-ws2812B-1', 'User Library-ws2812B-1', '', ( #808 ) ) ;
#1127 = LINE ( 'NONE', #2190, #6279 ) ;
#1128 = EDGE_LOOP ( 'NONE', ( #5405, #594, #3446, #2879 ) ) ;
#1129 = CARTESIAN_POINT ( 'NONE',  ( 0.0000000000000000000, 0.0000000000000000000, -0.5699999999999999512 ) ) ;
#1130 = ORIENTED_EDGE ( 'NONE', *, *, #1145, .F. ) ;
#1131 = LINE ( 'NONE', #631, #2743 ) ;
#1132 = CARTESIAN_POINT ( 'NONE',  ( 2.463314554501873310, 1.099999999999999423, -0.6999999999999999556 ) ) ;
#1133 = CARTESIAN_POINT ( 'NONE',  ( 2.700000000000000622, 2.100000000000000089, -0.5700000000000006173 ) ) ;
#1134 = LINE ( 'NONE', #1368, #5065 ) ;
#1135 = CARTESIAN_POINT ( 'NONE',  ( -2.500000000000002220, -2.099999999999999645, 0.0000000000000000000 ) ) ;
#1136 = ORIENTED_EDGE ( 'NONE', *, *, #6207, .F. ) ;
#1137 = PRESENTATION_STYLE_ASSIGNMENT (( #601 ) ) ;
#1138 = DIRECTION ( 'NONE',  ( 0.05233595624294388321, -0.0000000000000000000, -0.9986295347545739443 ) ) ;
#1139 = DIRECTION ( 'NONE',  ( 0.0000000000000000000, 0.0000000000000000000, 1.000000000000000000 ) ) ;
#1140 = SURFACE_STYLE_FILL_AREA ( #3228 ) ;
#1141 = EDGE_CURVE ( 'NONE', #4363, #5223, #3615, .T. ) ;
#1142 = LINE ( 'NONE', #2097, #4653 ) ;
#1143 = SURFACE_STYLE_USAGE ( .BOTH. , #3868 ) ;
#1144 = ADVANCED_FACE ( 'NONE', ( #6291 ), #5721, .T. ) ;
#1145 = EDGE_CURVE ( 'NONE', #2751, #622, #2920, .T. ) ;
#1146 = LINE ( 'NONE', #6401, #427 ) ;
#1147 = ORIENTED_EDGE ( 'NONE', *, *, #2443, .F. ) ;
#1148 = FILL_AREA_STYLE_COLOUR ( '', #3947 ) ;
#1149 = CARTESIAN_POINT ( 'NONE',  ( -1.146028625818473756, 0.6751250982098658815, 0.3500000000000000333 ) ) ;
#1150 = VERTEX_POINT ( 'NONE', #2050 ) ;
#1151 = PLANE ( 'NONE',  #4968 ) ;
#1152 = CARTESIAN_POINT ( 'NONE',  ( -0.03316504619021998224, -2.056952929731181712, 0.3500000000000000333 ) ) ;
#1153 = CARTESIAN_POINT ( 'NONE',  ( -2.470127565808668990, 2.500000000000002220, -0.5699999999999999512 ) ) ;
#1154 = EDGE_CURVE ( 'NONE', #3243, #2121, #4725, .T. ) ;
#1155 = LINE ( 'NONE', #3278, #5509 ) ;
#1156 = SURFACE_SIDE_STYLE ('',( #5339 ) ) ;
#1157 = MECHANICAL_DESIGN_GEOMETRIC_PRESENTATION_REPRESENTATION (  '', ( #2138 ), #841 ) ;
#1158 = VECTOR ( 'NONE', #4993, 1000.000000000000000 ) ;
#1159 = FILL_AREA_STYLE_COLOUR ( '', #4326 ) ;
#1160 = ORIENTED_EDGE ( 'NONE', *, *, #3990, .F. ) ;
#1161 = UNCERTAINTY_MEASURE_WITH_UNIT (LENGTH_MEASURE( 1.000000000000000082E-05 ), #500, 'distance_accuracy_value', 'NONE');
#1162 = ORIENTED_EDGE ( 'NONE', *, *, #2110, .F. ) ;
#1163 = SURFACE_STYLE_USAGE ( .BOTH. , #3719 ) ;
#1164 = PRESENTATION_LAYER_ASSIGNMENT (  '', '', ( #1169 ) ) ;
#1165 = ORIENTED_EDGE ( 'NONE', *, *, #2922, .T. ) ;
#1166 = DIRECTION ( 'NONE',  ( -1.971276677246371519E-16, -1.000000000000000000, 0.0000000000000000000 ) ) ;
#1167 = SURFACE_SIDE_STYLE ('',( #6004 ) ) ;
#1168 = VECTOR ( 'NONE', #5918, 1000.000000000000000 ) ;
#1169 = STYLED_ITEM ( 'NONE', ( #3520 ), #482 ) ;
#1170 =( LENGTH_UNIT ( ) NAMED_UNIT ( * ) SI_UNIT ( .MILLI., .METRE. ) );
#1171 = UNCERTAINTY_MEASURE_WITH_UNIT (LENGTH_MEASURE( 1.000000000000000082E-05 ), #3093, 'distance_accuracy_value', 'NONE');
#1172 = ORIENTED_EDGE ( 'NONE', *, *, #4626, .T. ) ;
#1173 = ORIENTED_EDGE ( 'NONE', *, *, #813, .T. ) ;
#1174 = VECTOR ( 'NONE', #924, 1000.000000000000000 ) ;
#1175 = VECTOR ( 'NONE', #3597, 1000.000000000000000 ) ;
#1176 = CARTESIAN_POINT ( 'NONE',  ( 0.0000000000000000000, 2.100000000000000089, -0.5699999999999999512 ) ) ;
#1177 = LINE ( 'NONE', #4406, #1284 ) ;
#1178 = FACE_OUTER_BOUND ( 'NONE', #3775, .T. ) ;
#1179 =( NAMED_UNIT ( * ) PLANE_ANGLE_UNIT ( ) SI_UNIT ( $, .RADIAN. ) );
#1180 = FACE_OUTER_BOUND ( 'NONE', #2338, .T. ) ;
#1181 = STYLED_ITEM ( 'NONE', ( #713 ), #2267 ) ;
#1182 = FILL_AREA_STYLE_COLOUR ( '', #3459 ) ;
#1183 = ORIENTED_EDGE ( 'NONE', *, *, #1817, .F. ) ;
#1184 = ADVANCED_FACE ( 'NONE', ( #6697 ), #6186, .F. ) ;
#1185 = ADVANCED_FACE ( 'NONE', ( #420 ), #3548, .T. ) ;
#1186 = VECTOR ( 'NONE', #6729, 1000.000000000000000 ) ;
#1187 = AXIS2_PLACEMENT_3D ( 'NONE', #3611, #2613, #3178 ) ;
#1188 = ORIENTED_EDGE ( 'NONE', *, *, #1351, .F. ) ;
#1189 = PLANE ( 'NONE',  #6310 ) ;
#1190 = PRESENTATION_STYLE_ASSIGNMENT (( #585 ) ) ;
#1191 = CARTESIAN_POINT ( 'NONE',  ( 0.0000000000000000000, 0.0000000000000000000, -0.6999999999999999556 ) ) ;
#1192 = FILL_AREA_STYLE_COLOUR ( '', #2407 ) ;
#1193 = EDGE_CURVE ( 'NONE', #6785, #4435, #5495, .T. ) ;
#1194 = AXIS2_PLACEMENT_3D ( 'NONE', #2714, #1080, #548 ) ;
#1195 = ORIENTED_EDGE ( 'NONE', *, *, #5394, .F. ) ;
#1196 = EDGE_CURVE ( 'NONE', #1718, #4985, #5827, .T. ) ;
#1197 = FACE_OUTER_BOUND ( 'NONE', #2689, .T. ) ;
#1198 = ORIENTED_EDGE ( 'NONE', *, *, #5732, .F. ) ;
#1199 = PRESENTATION_LAYER_ASSIGNMENT (  '', '', ( #6314 ) ) ;
#1200 = VECTOR ( 'NONE', #5769, 1000.000000000000000 ) ;
#1201 = ORIENTED_EDGE ( 'NONE', *, *, #102, .T. ) ;
#1202 = DIRECTION ( 'NONE',  ( 0.0000000000000000000, 0.0000000000000000000, 1.000000000000000000 ) ) ;
#1203 = VECTOR ( 'NONE', #4493, 1000.000000000000114 ) ;
#1204 = EDGE_LOOP ( 'NONE', ( #3605, #5033, #1610, #6003 ) ) ;
#1205 =( LENGTH_UNIT ( ) NAMED_UNIT ( * ) SI_UNIT ( .MILLI., .METRE. ) );
#1206 = ORIENTED_EDGE ( 'NONE', *, *, #3530, .T. ) ;
#1207 = AXIS2_PLACEMENT_3D ( 'NONE', #4378, #715, #6508 ) ;
#1208 = DIRECTION ( 'NONE',  ( 0.0000000000000000000, 0.0000000000000000000, 1.000000000000000000 ) ) ;
#1209 = CARTESIAN_POINT ( 'NONE',  ( 1.262305442492822838, 0.4570589046025533841, 0.3000000000000000444 ) ) ;
#1210 = MECHANICAL_DESIGN_GEOMETRIC_PRESENTATION_REPRESENTATION (  '', ( #561 ), #2297 ) ;
#1211 = STYLED_ITEM ( 'NONE', ( #170 ), #3223 ) ;
#1212 = MECHANICAL_DESIGN_GEOMETRIC_PRESENTATION_REPRESENTATION (  '', ( #2299 ), #6762 ) ;
#1213 = LINE ( 'NONE', #3959, #2857 ) ;
#1214 = VECTOR ( 'NONE', #5008, 1000.000000000000000 ) ;
#1215 = DIRECTION ( 'NONE',  ( -1.000000000000000000, 0.0000000000000000000, -3.071906155375592215E-15 ) ) ;
#1216 = VECTOR ( 'NONE', #3734, 1000.000000000000000 ) ;
#1217 = ORIENTED_EDGE ( 'NONE', *, *, #5048, .T. ) ;
#1218 = CARTESIAN_POINT ( 'NONE',  ( 2.700000000000001954, 2.100000000000000089, -0.3000000000000003220 ) ) ;
#1219 = CARTESIAN_POINT ( 'NONE',  ( -2.400000000000001243, 2.100000000000000089, -0.7700000000000000178 ) ) ;
#1220 = ORIENTED_EDGE ( 'NONE', *, *, #1482, .F. ) ;
#1221 = CARTESIAN_POINT ( 'NONE',  ( 0.2838201673205150710, -0.2871897488101240459, 0.3500000000000000333 ) ) ;
#1222 = SURFACE_STYLE_USAGE ( .BOTH. , #2881 ) ;
#1223 = CARTESIAN_POINT ( 'NONE',  ( 0.4838201673205150821, 0.4046747618464905383, 0.4500000000000000666 ) ) ;
#1224 = ORIENTED_EDGE ( 'NONE', *, *, #2158, .T. ) ;
#1225 = SURFACE_STYLE_USAGE ( .BOTH. , #6060 ) ;
#1226 = ADVANCED_FACE ( 'NONE', ( #3796 ), #752, .T. ) ;
#1227 = EDGE_LOOP ( 'NONE', ( #6663, #6446, #1821, #3962 ) ) ;
#1228 = SURFACE_STYLE_USAGE ( .BOTH. , #4569 ) ;
#1229 = DIRECTION ( 'NONE',  ( -0.0000000000000000000, 1.000000000000000000, -0.0000000000000000000 ) ) ;
#1230 = CIRCLE ( 'NONE', #3904, 0.1000000000000002554 ) ;
#1231 = EDGE_CURVE ( 'NONE', #4112, #209, #5306, .T. ) ;
#1232 = ADVANCED_FACE ( 'NONE', ( #2693 ), #636, .F. ) ;
#1233 = SURFACE_SIDE_STYLE ('',( #3329 ) ) ;
#1234 = CARTESIAN_POINT ( 'NONE',  ( -0.5500000000000000444, 0.0000000000000000000, -0.5699999999999999512 ) ) ;
#1235 = COLOUR_RGB ( '',1.000000000000000000, 1.000000000000000000, 1.000000000000000000 ) ;
#1236 = UNCERTAINTY_MEASURE_WITH_UNIT (LENGTH_MEASURE( 1.000000000000000082E-05 ), #3353, 'distance_accuracy_value', 'NONE');
#1237 = ORIENTED_EDGE ( 'NONE', *, *, #3138, .F. ) ;
#1238 = VERTEX_POINT ( 'NONE', #4432 ) ;
#1239 = ADVANCED_FACE ( 'NONE', ( #3726 ), #1255, .T. ) ;
#1240 = CARTESIAN_POINT ( 'NONE',  ( -2.500000000000001332, 1.200000000000000400, -0.4700000000000001399 ) ) ;
#1241 = LINE ( 'NONE', #572, #4738 ) ;
#1242 =( LENGTH_UNIT ( ) NAMED_UNIT ( * ) SI_UNIT ( .MILLI., .METRE. ) );
#1244 = DIRECTION ( 'NONE',  ( 0.0000000000000000000, -1.000000000000000000, 0.0000000000000000000 ) ) ;
#1243 = CARTESIAN_POINT ( 'NONE',  ( 2.500000000000001332, 1.200000000000000622, -0.4700000000000001399 ) ) ;
#1245 = FACE_BOUND ( 'NONE', #4179, .T. ) ;
#1246 = ORIENTED_EDGE ( 'NONE', *, *, #3949, .T. ) ;
#1247 = DIRECTION ( 'NONE',  ( 0.0000000000000000000, -1.000000000000000000, 0.0000000000000000000 ) ) ;
#1248 = CARTESIAN_POINT ( 'NONE',  ( -2.463314554501873754, 2.463314554501873754, -0.6999999999999999556 ) ) ;
#1249 = ORIENTED_EDGE ( 'NONE', *, *, #2877, .T. ) ;
#1250 = FACE_OUTER_BOUND ( 'NONE', #1579, .T. ) ;
#1251 = SHAPE_DEFINITION_REPRESENTATION ( #3749, #4413 ) ;
#1252 =( LENGTH_UNIT ( ) NAMED_UNIT ( * ) SI_UNIT ( .MILLI., .METRE. ) );
#1253 = ORIENTED_EDGE ( 'NONE', *, *, #315, .T. ) ;
#1254 = DIRECTION ( 'NONE',  ( -0.0000000000000000000, -0.0000000000000000000, -1.000000000000000000 ) ) ;
#1255 = PLANE ( 'NONE',  #1804 ) ;
#1256 = VERTEX_POINT ( 'NONE', #6683 ) ;
#1257 = VERTEX_POINT ( 'NONE', #1899 ) ;
#1258 = CARTESIAN_POINT ( 'NONE',  ( -1.043697599916538765, -0.1584055984559433750, 0.3500000000000000333 ) ) ;
#1259 = SURFACE_STYLE_USAGE ( .BOTH. , #6528 ) ;
#1260 = SURFACE_STYLE_FILL_AREA ( #4015 ) ;
#1261 =( NAMED_UNIT ( * ) PLANE_ANGLE_UNIT ( ) SI_UNIT ( $, .RADIAN. ) );
#1262 = EDGE_CURVE ( 'NONE', #1682, #6139, #6168, .T. ) ;
#1263 = EDGE_CURVE ( 'NONE', #5024, #5853, #1436, .T. ) ;
#1264 = DIRECTION ( 'NONE',  ( -1.000000000000000000, -0.0000000000000000000, -0.0000000000000000000 ) ) ;
#1265 = VERTEX_POINT ( 'NONE', #6133 ) ;
#1266 = FILL_AREA_STYLE ('',( #5382 ) ) ;
#1267 = VECTOR ( 'NONE', #2108, 1000.000000000000000 ) ;
#1268 = CARTESIAN_POINT ( 'NONE',  ( -2.400000000000001243, 2.100000000000000089, -0.5699999999999999512 ) ) ;
#1269 = EDGE_CURVE ( 'NONE', #1040, #5380, #846, .T. ) ;
#1270 = VECTOR ( 'NONE', #2750, 1000.000000000000000 ) ;
#1271 = SURFACE_STYLE_USAGE ( .BOTH. , #766 ) ;
#1272 = DIRECTION ( 'NONE',  ( 1.000000000000000000, 0.0000000000000000000, 0.0000000000000000000 ) ) ;
#1273 =( GEOMETRIC_REPRESENTATION_CONTEXT ( 3 ) GLOBAL_UNCERTAINTY_ASSIGNED_CONTEXT ( ( #744 ) ) GLOBAL_UNIT_ASSIGNED_CONTEXT ( ( #597, #1261, #4954 ) ) REPRESENTATION_CONTEXT ( 'NONE', 'WORKASPACE' ) );
#1274 = CARTESIAN_POINT ( 'NONE',  ( 1.700000000000000622, 2.100000000000000089, -0.5699999999999999512 ) ) ;
#1275 =( NAMED_UNIT ( * ) PLANE_ANGLE_UNIT ( ) SI_UNIT ( $, .RADIAN. ) );
#1276 = VERTEX_POINT ( 'NONE', #3017 ) ;
#1277 = PRESENTATION_STYLE_ASSIGNMENT (( #222 ) ) ;
#1278 = FACE_OUTER_BOUND ( 'NONE', #6123, .T. ) ;
#1279 = VERTEX_POINT ( 'NONE', #5672 ) ;
#1280 = COLOUR_RGB ( '',1.000000000000000000, 1.000000000000000000, 1.000000000000000000 ) ;
#1281 = SURFACE_STYLE_FILL_AREA ( #6051 ) ;
#1282 = DIRECTION ( 'NONE',  ( 0.0000000000000000000, 1.000000000000000000, 0.0000000000000000000 ) ) ;
#1283 = VECTOR ( 'NONE', #3614, 1000.000000000000000 ) ;
#1284 = VECTOR ( 'NONE', #3298, 1000.000000000000000 ) ;
#1285 = CARTESIAN_POINT ( 'NONE',  ( -2.400000000000002132, -1.199999999999999734, -0.2999999999999993783 ) ) ;
#1286 = ORIENTED_EDGE ( 'NONE', *, *, #927, .F. ) ;
#1287 = ORIENTED_EDGE ( 'NONE', *, *, #155, .T. ) ;
#1288 = FACE_OUTER_BOUND ( 'NONE', #4226, .T. ) ;
#1289 =( GEOMETRIC_REPRESENTATION_CONTEXT ( 3 ) GLOBAL_UNCERTAINTY_ASSIGNED_CONTEXT ( ( #707 ) ) GLOBAL_UNIT_ASSIGNED_CONTEXT ( ( #2469, #1509, #6830 ) ) REPRESENTATION_CONTEXT ( 'NONE', 'WORKASPACE' ) );
#1290 = LINE ( 'NONE', #1833, #5081 ) ;
#1291 =( NAMED_UNIT ( * ) PLANE_ANGLE_UNIT ( ) SI_UNIT ( $, .RADIAN. ) );
#1292 =( LENGTH_UNIT ( ) NAMED_UNIT ( * ) SI_UNIT ( .MILLI., .METRE. ) );
#1293 = VERTEX_POINT ( 'NONE', #398 ) ;
#1294 = COLOUR_RGB ( '',0.8313725490196077761, 0.8392156862745098200, 0.8313725490196077761 ) ;
#1295 = PLANE ( 'NONE',  #1595 ) ;
#1296 = AXIS2_PLACEMENT_3D ( 'NONE', #2944, #331, #2421 ) ;
#1297 = UNCERTAINTY_MEASURE_WITH_UNIT (LENGTH_MEASURE( 1.000000000000000082E-05 ), #5713, 'distance_accuracy_value', 'NONE');
#1298 = ORIENTED_EDGE ( 'NONE', *, *, #6807, .T. ) ;
#1299 = ORIENTED_EDGE ( 'NONE', *, *, #103, .F. ) ;
#1300 = CARTESIAN_POINT ( 'NONE',  ( 1.600000000000000533, 2.200000000000000178, -0.5699999999999999512 ) ) ;
#1301 = CARTESIAN_POINT ( 'NONE',  ( 0.2838201673205150710, -0.4871897488101240015, 0.4500000000000000666 ) ) ;
#1302 = EDGE_CURVE ( 'NONE', #4153, #5223, #5533, .T. ) ;
#1303 = CARTESIAN_POINT ( 'NONE',  ( 0.3603187164337324777, 0.4570589046025532176, 0.3500000000000000333 ) ) ;
#1304 = VECTOR ( 'NONE', #4696, 1000.000000000000000 ) ;
#1305 = AXIS2_PLACEMENT_3D ( 'NONE', #534, #499, #6847 ) ;
#1306 = STYLED_ITEM ( 'NONE', ( #2844 ), #4413 ) ;
#1307 =( NAMED_UNIT ( * ) SI_UNIT ( $, .STERADIAN. ) SOLID_ANGLE_UNIT ( ) );
#1308 = MECHANICAL_DESIGN_GEOMETRIC_PRESENTATION_REPRESENTATION (  '', ( #1850 ), #1648 ) ;
#1309 = EDGE_CURVE ( 'NONE', #1431, #4403, #3485, .T. ) ;
#1311 = DIRECTION ( 'NONE',  ( 0.0000000000000000000, 0.0000000000000000000, 1.000000000000000000 ) ) ;
#1310 = DIRECTION ( 'NONE',  ( 1.000000000000000000, 0.0000000000000000000, 0.0000000000000000000 ) ) ;
#1312 = PRESENTATION_LAYER_ASSIGNMENT (  '', '', ( #2969 ) ) ;
#1313 = EDGE_CURVE ( 'NONE', #3202, #199, #3610, .T. ) ;
#1314 = MECHANICAL_DESIGN_GEOMETRIC_PRESENTATION_REPRESENTATION (  '', ( #5986 ), #3203 ) ;
#1315 = ADVANCED_FACE ( 'NONE', ( #1357 ), #4595, .F. ) ;
#1316 = ORIENTED_EDGE ( 'NONE', *, *, #3401, .F. ) ;
#1317 = CARTESIAN_POINT ( 'NONE',  ( 2.500000000000001776, -1.199999999999999734, -0.2999999999999997113 ) ) ;
#1318 = STYLED_ITEM ( 'NONE', ( #659 ), #4346 ) ;
#1319 = DIRECTION ( 'NONE',  ( 1.000000000000000000, 2.520540444682888024E-16, -0.0000000000000000000 ) ) ;
#1320 = VERTEX_POINT ( 'NONE', #5147 ) ;
#1321 = VECTOR ( 'NONE', #5292, 1000.000000000000000 ) ;
#1322 = DIRECTION ( 'NONE',  ( -1.000000000000000000, -2.000708728360073702E-16, 0.0000000000000000000 ) ) ;
#1323 = EDGE_CURVE ( 'NONE', #1538, #757, #6750, .T. ) ;
#1324 = AXIS2_PLACEMENT_3D ( 'NONE', #3339, #740, #5457 ) ;
#1325 = VERTEX_POINT ( 'NONE', #3419 ) ;
#1326 = LINE ( 'NONE', #3454, #2816 ) ;
#1327 = ORIENTED_EDGE ( 'NONE', *, *, #1154, .T. ) ;
#1328 = DIRECTION ( 'NONE',  ( 0.0000000000000000000, 0.0000000000000000000, -1.000000000000000000 ) ) ;
#1329 = ORIENTED_EDGE ( 'NONE', *, *, #5359, .T. ) ;
#1330 = FILL_AREA_STYLE_COLOUR ( '', #4880 ) ;
#1331 = DIRECTION ( 'NONE',  ( -1.000000000000000000, 4.818676322157797375E-16, -3.047392128993071134E-15 ) ) ;
#1332 = FILL_AREA_STYLE ('',( #4642 ) ) ;
#1333 = DIRECTION ( 'NONE',  ( -0.0000000000000000000, -1.000000000000000000, -0.0000000000000000000 ) ) ;
#1334 = ORIENTED_EDGE ( 'NONE', *, *, #6418, .F. ) ;
#1335 = PLANE ( 'NONE',  #3835 ) ;
#1336 = ORIENTED_EDGE ( 'NONE', *, *, #3099, .F. ) ;
#1337 =( NAMED_UNIT ( * ) PLANE_ANGLE_UNIT ( ) SI_UNIT ( $, .RADIAN. ) );
#1338 =( GEOMETRIC_REPRESENTATION_CONTEXT ( 3 ) GLOBAL_UNCERTAINTY_ASSIGNED_CONTEXT ( ( #3659 ) ) GLOBAL_UNIT_ASSIGNED_CONTEXT ( ( #3113, #6471, #116 ) ) REPRESENTATION_CONTEXT ( 'NONE', 'WORKASPACE' ) );
#1339 = EDGE_LOOP ( 'NONE', ( #3814, #4816, #3873, #5673 ) ) ;
#1340 = DIRECTION ( 'NONE',  ( 1.000000000000000000, 0.0000000000000000000, 0.0000000000000000000 ) ) ;
#1341 = VECTOR ( 'NONE', #3809, 1000.000000000000000 ) ;
#1342 = FACE_OUTER_BOUND ( 'NONE', #2428, .T. ) ;
#1343 =( LENGTH_UNIT ( ) NAMED_UNIT ( * ) SI_UNIT ( .MILLI., .METRE. ) );
#1344 = DIRECTION ( 'NONE',  ( -0.0000000000000000000, 1.000000000000000000, -0.0000000000000000000 ) ) ;
#1345 = PRESENTATION_STYLE_ASSIGNMENT (( #3996 ) ) ;
#1346 = FACE_OUTER_BOUND ( 'NONE', #4568, .T. ) ;
#1347 = VERTEX_POINT ( 'NONE', #5014 ) ;
#1348 = EDGE_CURVE ( 'NONE', #6653, #1943, #260, .T. ) ;
#1349 = DIRECTION ( 'NONE',  ( -8.998760675425412313E-17, 1.000000000000000000, -0.0000000000000000000 ) ) ;
#1350 = EDGE_LOOP ( 'NONE', ( #1201, #4073, #1475, #164 ) ) ;
#1351 = EDGE_CURVE ( 'NONE', #6016, #373, #297, .T. ) ;
#1352 = FACE_OUTER_BOUND ( 'NONE', #6306, .T. ) ;
#1353 = FILL_AREA_STYLE ('',( #6645 ) ) ;
#1354 = CARTESIAN_POINT ( 'NONE',  ( 0.4838201673205150821, 0.4046747618464905383, 0.3500000000000000333 ) ) ;
#1355 = ORIENTED_EDGE ( 'NONE', *, *, #491, .F. ) ;
#1356 =( LENGTH_UNIT ( ) NAMED_UNIT ( * ) SI_UNIT ( .MILLI., .METRE. ) );
#1357 = FACE_OUTER_BOUND ( 'NONE', #6586, .T. ) ;
#1358 = ORIENTED_EDGE ( 'NONE', *, *, #3884, .F. ) ;
#1359 = EDGE_CURVE ( 'NONE', #4190, #5919, #1326, .T. ) ;
#1360 = SURFACE_SIDE_STYLE ('',( #3421 ) ) ;
#1361 = VERTEX_POINT ( 'NONE', #816 ) ;
#1362 = CARTESIAN_POINT ( 'NONE',  ( -1.296028625818473667, -0.7287392438591724364, 0.3000000000000000444 ) ) ;
#1363 = LINE ( 'NONE', #6615, #2968 ) ;
#1364 = CARTESIAN_POINT ( 'NONE',  ( 0.4838201673205150821, 1.116322564166215559, 0.4500000000000000666 ) ) ;
#1365 = ORIENTED_EDGE ( 'NONE', *, *, #6294, .F. ) ;
#1366 = UNCERTAINTY_MEASURE_WITH_UNIT (LENGTH_MEASURE( 1.000000000000000082E-05 ), #1540, 'distance_accuracy_value', 'NONE');
#1367 = ORIENTED_EDGE ( 'NONE', *, *, #736, .T. ) ;
#1368 = CARTESIAN_POINT ( 'NONE',  ( 0.2838201673205150710, -0.2871897488101240459, 0.3500000000000000333 ) ) ;
#1369 = EDGE_LOOP ( 'NONE', ( #2503, #2009, #3372, #272 ) ) ;
#1370 = CARTESIAN_POINT ( 'NONE',  ( 0.0000000000000000000, 0.0000000000000000000, 0.8000000000000000444 ) ) ;
#1371 = DIRECTION ( 'NONE',  ( 3.043374519257556424E-15, -0.0000000000000000000, 1.000000000000000000 ) ) ;
#1372 = AXIS2_PLACEMENT_3D ( 'NONE', #2332, #1816, #2831 ) ;
#1373 = DIRECTION ( 'NONE',  ( 1.776016655323403858E-16, -1.000000000000000000, 0.0000000000000000000 ) ) ;
#1374 = PRESENTATION_LAYER_ASSIGNMENT (  '', '', ( #2705 ) ) ;
#1375 = FACE_OUTER_BOUND ( 'NONE', #1204, .T. ) ;
#1376 = DIRECTION ( 'NONE',  ( 1.000000000000000000, 2.710505431213761578E-16, -0.0000000000000000000 ) ) ;
#1377 = STYLED_ITEM ( 'NONE', ( #4862 ), #1232 ) ;
#1378 = AXIS2_PLACEMENT_3D ( 'NONE', #439, #5221, #6856 ) ;
#1379 = SURFACE_STYLE_FILL_AREA ( #6148 ) ;
#1380 =( NAMED_UNIT ( * ) SI_UNIT ( $, .STERADIAN. ) SOLID_ANGLE_UNIT ( ) );
#1381 = FACE_OUTER_BOUND ( 'NONE', #2989, .T. ) ;
#1382 = DIRECTION ( 'NONE',  ( 0.0000000000000000000, -1.000000000000000000, 0.0000000000000000000 ) ) ;
#1383 = VERTEX_POINT ( 'NONE', #2915 ) ;
#1384 = SURFACE_STYLE_FILL_AREA ( #4033 ) ;
#1385 = VECTOR ( 'NONE', #460, 1000.000000000000000 ) ;
#1386 = SURFACE_STYLE_USAGE ( .BOTH. , #699 ) ;
#1387 = CARTESIAN_POINT ( 'NONE',  ( -0.03316504619021998224, 2.110000814877110997, 0.3000000000000000444 ) ) ;
#1388 = ADVANCED_FACE ( 'NONE', ( #1008 ), #5775, .F. ) ;
#1389 = VECTOR ( 'NONE', #5634, 1000.000000000000000 ) ;
#1390 = LINE ( 'NONE', #3970, #395 ) ;
#1391 = DIRECTION ( 'NONE',  ( 0.0000000000000000000, 0.0000000000000000000, 1.000000000000000000 ) ) ;
#1392 = FILL_AREA_STYLE_COLOUR ( '', #5036 ) ;
#1393 = ORIENTED_EDGE ( 'NONE', *, *, #5821, .T. ) ;
#1394 = ORIENTED_EDGE ( 'NONE', *, *, #5012, .T. ) ;
#1395 = FILL_AREA_STYLE ('',( #6787 ) ) ;
#1396 = SURFACE_STYLE_FILL_AREA ( #914 ) ;
#1397 = CARTESIAN_POINT ( 'NONE',  ( -1.146028625818473756, -0.6832195235787661414, 0.3500000000000000333 ) ) ;
#1398 = AXIS2_PLACEMENT_3D ( 'NONE', #1489, #3621, #5242 ) ;
#1399 = ADVANCED_FACE ( 'NONE', ( #5222 ), #3741, .T. ) ;
#1400 = EDGE_CURVE ( 'NONE', #1479, #1671, #476, .T. ) ;
#1401 = CARTESIAN_POINT ( 'NONE',  ( -2.700000000000001954, 1.301042606982606110E-15, -0.4700000000000007505 ) ) ;
#1402 = ORIENTED_EDGE ( 'NONE', *, *, #1313, .T. ) ;
#1403 = ORIENTED_EDGE ( 'NONE', *, *, #4776, .T. ) ;
#1404 = MECHANICAL_DESIGN_GEOMETRIC_PRESENTATION_REPRESENTATION (  '', ( #4299 ), #1289 ) ;
#1405 = LINE ( 'NONE', #1549, #2742 ) ;
#1406 = CIRCLE ( 'NONE', #2274, 0.1000000000000002554 ) ;
#1407 = VERTEX_POINT ( 'NONE', #4744 ) ;
#1408 =( LENGTH_UNIT ( ) NAMED_UNIT ( * ) SI_UNIT ( .MILLI., .METRE. ) );
#1409 = DIRECTION ( 'NONE',  ( -0.0000000000000000000, 0.0000000000000000000, -1.000000000000000000 ) ) ;
#1410 = EDGE_CURVE ( 'NONE', #6345, #3107, #4144, .T. ) ;
#1411 = AXIS2_PLACEMENT_3D ( 'NONE', #431, #3013, #2526 ) ;
#1412 = DIRECTION ( 'NONE',  ( -0.0000000000000000000, -0.0000000000000000000, -1.000000000000000000 ) ) ;
#1413 = SURFACE_STYLE_FILL_AREA ( #4446 ) ;
#1414 = FILL_AREA_STYLE_COLOUR ( '', #728 ) ;
#1415 = COLOUR_RGB ( '',0.8980392156862745390, 0.9215686274509803377, 0.9294117647058823817 ) ;
#1416 = AXIS2_PLACEMENT_3D ( 'NONE', #341, #265, #6432 ) ;
#1418 = PLANE ( 'NONE',  #765 ) ;
#1417 = SURFACE_STYLE_FILL_AREA ( #2869 ) ;
#1419 = PLANE ( 'NONE',  #2184 ) ;
#1420 = FILL_AREA_STYLE_COLOUR ( '', #2222 ) ;
#1421 = VECTOR ( 'NONE', #2170, 1000.000000000000000 ) ;
#1422 = PRESENTATION_LAYER_ASSIGNMENT (  '', '', ( #4969 ) ) ;
#1423 = UNCERTAINTY_MEASURE_WITH_UNIT (LENGTH_MEASURE( 1.000000000000000082E-05 ), #4059, 'distance_accuracy_value', 'NONE');
#1424 =( LENGTH_UNIT ( ) NAMED_UNIT ( * ) SI_UNIT ( .MILLI., .METRE. ) );
#1425 = PLANE ( 'NONE',  #73 ) ;
#1426 = ORIENTED_EDGE ( 'NONE', *, *, #5100, .T. ) ;
#1427 = AXIS2_PLACEMENT_3D ( 'NONE', #6820, #6204, #2537 ) ;
#1428 = DIRECTION ( 'NONE',  ( -2.520540444682888024E-16, 1.000000000000000000, 0.0000000000000000000 ) ) ;
#1429 = VECTOR ( 'NONE', #3701, 1000.000000000000000 ) ;
#1430 = CARTESIAN_POINT ( 'NONE',  ( 0.5500000000000001554, 2.254834989607331863, -0.5699999999999999512 ) ) ;
#1431 = VERTEX_POINT ( 'NONE', #6234 ) ;
#1432 = VECTOR ( 'NONE', #5746, 1000.000000000000000 ) ;
#1433 = VECTOR ( 'NONE', #2076, 1000.000000000000000 ) ;
#1434 = DIRECTION ( 'NONE',  ( 1.000000000000000000, -0.0000000000000000000, -0.0000000000000000000 ) ) ;
#1435 = COLOUR_RGB ( '',1.000000000000000000, 1.000000000000000000, 1.000000000000000000 ) ;
#1436 = LINE ( 'NONE', #2950, #3494 ) ;
#1437 = EDGE_LOOP ( 'NONE', ( #5362, #5694, #4540, #4566 ) ) ;
#1438 = ORIENTED_EDGE ( 'NONE', *, *, #5950, .T. ) ;
#1439 = CARTESIAN_POINT ( 'NONE',  ( 0.3603187164337324777, 0.4570589046025532176, 0.3000000000000000444 ) ) ;
#1440 = LINE ( 'NONE', #3569, #6637 ) ;
#1441 = PRESENTATION_STYLE_ASSIGNMENT (( #1937 ) ) ;
#1442 = PRESENTATION_LAYER_ASSIGNMENT (  '', '', ( #1959 ) ) ;
#1443 = ORIENTED_EDGE ( 'NONE', *, *, #6807, .F. ) ;
#1444 =( NAMED_UNIT ( * ) PLANE_ANGLE_UNIT ( ) SI_UNIT ( $, .RADIAN. ) );
#1445 = EDGE_CURVE ( 'NONE', #5555, #1879, #2031, .T. ) ;
#1446 = UNCERTAINTY_MEASURE_WITH_UNIT (LENGTH_MEASURE( 1.000000000000000082E-05 ), #5499, 'distance_accuracy_value', 'NONE');
#1447 = ORIENTED_EDGE ( 'NONE', *, *, #6120, .T. ) ;
#1448 = SURFACE_STYLE_USAGE ( .BOTH. , #4090 ) ;
#1449 = ORIENTED_EDGE ( 'NONE', *, *, #5137, .T. ) ;
#1450 = EDGE_CURVE ( 'NONE', #6831, #4708, #5804, .T. ) ;
#1451 =( NAMED_UNIT ( * ) SI_UNIT ( $, .STERADIAN. ) SOLID_ANGLE_UNIT ( ) );
#1452 = ADVANCED_FACE ( 'NONE', ( #2534 ), #5738, .F. ) ;
#1453 = CARTESIAN_POINT ( 'NONE',  ( 0.5500000000000000444, 6.735557395310442516E-17, -0.6999999999999999556 ) ) ;
#1454 = DIRECTION ( 'NONE',  ( -0.05233595624294388321, 0.0000000000000000000, -0.9986295347545739443 ) ) ;
#1455 = FACE_OUTER_BOUND ( 'NONE', #4714, .T. ) ;
#1456 =( NAMED_UNIT ( * ) PLANE_ANGLE_UNIT ( ) SI_UNIT ( $, .RADIAN. ) );
#1457 = DIRECTION ( 'NONE',  ( 0.0000000000000000000, 1.000000000000000000, -0.0000000000000000000 ) ) ;
#1458 = AXIS2_PLACEMENT_3D ( 'NONE', #4277, #2674, #5801 ) ;
#1459 = DIRECTION ( 'NONE',  ( 1.185975313885231567E-16, -1.000000000000000000, -0.0000000000000000000 ) ) ;
#1460 = DIRECTION ( 'NONE',  ( -0.0000000000000000000, -1.000000000000000000, -0.0000000000000000000 ) ) ;
#1461 = LINE ( 'NONE', #2590, #5392 ) ;
#1462 = DIRECTION ( 'NONE',  ( 1.000000000000000000, 0.0000000000000000000, -0.0000000000000000000 ) ) ;
#1463 = ORIENTED_EDGE ( 'NONE', *, *, #1141, .F. ) ;
#1464 = FILL_AREA_STYLE_COLOUR ( '', #3190 ) ;
#1465 = DIRECTION ( 'NONE',  ( 1.000000000000000000, 0.0000000000000000000, 0.0000000000000000000 ) ) ;
#1466 = CARTESIAN_POINT ( 'NONE',  ( 1.930905544980987543, -2.056952929731181268, 0.3500000000000000333 ) ) ;
#1467 = DIRECTION ( 'NONE',  ( -1.000000000000000000, 4.818676322157797375E-16, -3.047392128993071134E-15 ) ) ;
#1468 = ORIENTED_EDGE ( 'NONE', *, *, #266, .T. ) ;
#1469 = DIRECTION ( 'NONE',  ( 0.0000000000000000000, 1.000000000000000000, 0.0000000000000000000 ) ) ;
#1470 = DIRECTION ( 'NONE',  ( -0.0000000000000000000, -0.0000000000000000000, -1.000000000000000000 ) ) ;
#1471 = EDGE_LOOP ( 'NONE', ( #251, #237, #28, #1861 ) ) ;
#1472 = DIRECTION ( 'NONE',  ( 0.0000000000000000000, -0.0000000000000000000, -1.000000000000000000 ) ) ;
#1473 = DIRECTION ( 'NONE',  ( 1.000000000000000000, 0.0000000000000000000, -0.0000000000000000000 ) ) ;
#1474 = LINE ( 'NONE', #3602, #4437 ) ;
#1475 = ORIENTED_EDGE ( 'NONE', *, *, #5095, .F. ) ;
#1476 =( LENGTH_UNIT ( ) NAMED_UNIT ( * ) SI_UNIT ( .MILLI., .METRE. ) );
#1477 = ORIENTED_EDGE ( 'NONE', *, *, #1410, .F. ) ;
#1478 = CARTESIAN_POINT ( 'NONE',  ( -1.919276727925023351, -0.8787392438591723476, 0.3000000000000000444 ) ) ;
#1479 = VERTEX_POINT ( 'NONE', #6308 ) ;
#1480 = PRESENTATION_STYLE_ASSIGNMENT (( #1988 ) ) ;
#1481 = CARTESIAN_POINT ( 'NONE',  ( -2.500000000000002220, 1.200000000000000622, 0.0000000000000000000 ) ) ;
#1482 = EDGE_CURVE ( 'NONE', #2818, #3672, #2071, .T. ) ;
#1483 = EDGE_CURVE ( 'NONE', #194, #2812, #2677, .T. ) ;
#1484 = EDGE_LOOP ( 'NONE', ( #2568, #6214, #69, #4605, #4399 ) ) ;
#1485 = DIRECTION ( 'NONE',  ( -1.000000000000000000, 0.0000000000000000000, 0.0000000000000000000 ) ) ;
#1486 = CARTESIAN_POINT ( 'NONE',  ( -0.03316504619021998224, -0.1370056143358100720, 0.3500000000000000333 ) ) ;
#1487 = CARTESIAN_POINT ( 'NONE',  ( 2.700000000000001510, 1.200000000000000622, -0.4700000000000008060 ) ) ;
#1488 = VECTOR ( 'NONE', #4165, 1000.000000000000000 ) ;
#1489 = CARTESIAN_POINT ( 'NONE',  ( 2.700000000000003286, 1.301042606982606899E-15, -8.306732565912526210E-15 ) ) ;
#1490 = SURFACE_STYLE_FILL_AREA ( #6224 ) ;
#1491 = EDGE_CURVE ( 'NONE', #4421, #4256, #4251, .T. ) ;
#1492 = PRESENTATION_LAYER_ASSIGNMENT (  '', '', ( #3934 ) ) ;
#1493 = UNCERTAINTY_MEASURE_WITH_UNIT (LENGTH_MEASURE( 1.000000000000000082E-05 ), #2941, 'distance_accuracy_value', 'NONE');
#1494 = PRESENTATION_LAYER_ASSIGNMENT (  '', '', ( #4486 ) ) ;
#1495 = CARTESIAN_POINT ( 'NONE',  ( -2.486873320506370000, 2.100000000000000089, -0.2504719656739949341 ) ) ;
#1496 = LINE ( 'NONE', #4700, #2410 ) ;
#1497 =( LENGTH_UNIT ( ) NAMED_UNIT ( * ) SI_UNIT ( .MILLI., .METRE. ) );
#1498 = AXIS2_PLACEMENT_3D ( 'NONE', #4751, #6350, #2573 ) ;
#1499 = EDGE_LOOP ( 'NONE', ( #6659, #3524, #1393, #1693 ) ) ;
#1500 = FACE_OUTER_BOUND ( 'NONE', #6868, .T. ) ;
#1501 = EDGE_LOOP ( 'NONE', ( #2958, #1198, #6309, #1447 ) ) ;
#1502 = AXIS2_PLACEMENT_3D ( 'NONE', #4655, #2127, #1989 ) ;
#1503 = PRESENTATION_LAYER_ASSIGNMENT (  '', '', ( #6506 ) ) ;
#1504 =( NAMED_UNIT ( * ) SI_UNIT ( $, .STERADIAN. ) SOLID_ANGLE_UNIT ( ) );
#1505 = SURFACE_STYLE_USAGE ( .BOTH. , #6273 ) ;
#1506 = FACE_OUTER_BOUND ( 'NONE', #4789, .T. ) ;
#1507 = ORIENTED_EDGE ( 'NONE', *, *, #5272, .F. ) ;
#1508 = ORIENTED_EDGE ( 'NONE', *, *, #5821, .F. ) ;
#1509 =( NAMED_UNIT ( * ) PLANE_ANGLE_UNIT ( ) SI_UNIT ( $, .RADIAN. ) );
#1510 = STYLED_ITEM ( 'NONE', ( #2257 ), #2354 ) ;
#1511 = FACE_OUTER_BOUND ( 'NONE', #3633, .T. ) ;
#1512 = DIRECTION ( 'NONE',  ( 0.0000000000000000000, -1.000000000000000000, 0.0000000000000000000 ) ) ;
#1513 = DIRECTION ( 'NONE',  ( 0.0000000000000000000, 0.0000000000000000000, 1.000000000000000000 ) ) ;
#1514 = COLOUR_RGB ( '',0.003921568627450980338, 0.0000000000000000000, 0.3372549019607843368 ) ;
#1515 = ORIENTED_EDGE ( 'NONE', *, *, #3616, .F. ) ;
#1516 = VECTOR ( 'NONE', #4268, 1000.000000000000000 ) ;
#1517 = DIRECTION ( 'NONE',  ( 0.0000000000000000000, 0.0000000000000000000, 1.000000000000000000 ) ) ;
#1518 = DIRECTION ( 'NONE',  ( -1.000000000000000000, 0.0000000000000000000, -3.071906155375592215E-15 ) ) ;
#1519 =( NAMED_UNIT ( * ) PLANE_ANGLE_UNIT ( ) SI_UNIT ( $, .RADIAN. ) );
#1520 =( GEOMETRIC_REPRESENTATION_CONTEXT ( 3 ) GLOBAL_UNCERTAINTY_ASSIGNED_CONTEXT ( ( #2327 ) ) GLOBAL_UNIT_ASSIGNED_CONTEXT ( ( #3323, #2723, #4852 ) ) REPRESENTATION_CONTEXT ( 'NONE', 'WORKASPACE' ) );
#1521 =( GEOMETRIC_REPRESENTATION_CONTEXT ( 3 ) GLOBAL_UNCERTAINTY_ASSIGNED_CONTEXT ( ( #5750 ) ) GLOBAL_UNIT_ASSIGNED_CONTEXT ( ( #4748, #6409, #2077 ) ) REPRESENTATION_CONTEXT ( 'NONE', 'WORKASPACE' ) );
#1522 = CARTESIAN_POINT ( 'NONE',  ( -1.599999999999999867, 1.100000000000000089, -0.5699999999999999512 ) ) ;
#1523 = DIRECTION ( 'NONE',  ( 0.08715574274765820750, 0.0000000000000000000, 0.9961946980917455452 ) ) ;
#1524 = AXIS2_PLACEMENT_3D ( 'NONE', #1129, #2156, #4891 ) ;
#1525 = LINE ( 'NONE', #884, #2161 ) ;
#1526 = PRESENTATION_STYLE_ASSIGNMENT (( #4620 ) ) ;
#1527 = PRESENTATION_LAYER_ASSIGNMENT (  '', '', ( #4528 ) ) ;
#1528 = DIRECTION ( 'NONE',  ( 0.0000000000000000000, 0.0000000000000000000, -1.000000000000000000 ) ) ;
#1529 = LINE ( 'NONE', #1002, #5527 ) ;
#1530 = EDGE_CURVE ( 'NONE', #2399, #6831, #627, .T. ) ;
#1531 = ADVANCED_FACE ( 'NONE', ( #946 ), #3632, .F. ) ;
#1532 = CARTESIAN_POINT ( 'NONE',  ( -2.465004534589632978, -2.500000000000002220, 0.4000000000000000222 ) ) ;
#1533 = CIRCLE ( 'NONE', #435, 0.1500000000000000222 ) ;
#1534 = ORIENTED_EDGE ( 'NONE', *, *, #257, .T. ) ;
#1535 = CARTESIAN_POINT ( 'NONE',  ( -2.463314554501873310, 0.0000000000000000000, -0.6999999999999999556 ) ) ;
#1536 = STYLED_ITEM ( 'NONE', ( #178 ), #3923 ) ;
#1537 = DIRECTION ( 'NONE',  ( 0.0000000000000000000, 0.0000000000000000000, 1.000000000000000000 ) ) ;
#1538 = VERTEX_POINT ( 'NONE', #131 ) ;
#1539 = VECTOR ( 'NONE', #4920, 1000.000000000000000 ) ;
#1540 =( LENGTH_UNIT ( ) NAMED_UNIT ( * ) SI_UNIT ( .MILLI., .METRE. ) );
#1541 = ADVANCED_FACE ( 'NONE', ( #2275 ), #5434, .F. ) ;
#1542 =( NAMED_UNIT ( * ) PLANE_ANGLE_UNIT ( ) SI_UNIT ( $, .RADIAN. ) );
#1543 = CYLINDRICAL_SURFACE ( 'NONE', #2772, 0.3000000000000000444 ) ;
#1544 = VECTOR ( 'NONE', #3783, 1000.000000000000114 ) ;
#1545 = MECHANICAL_DESIGN_GEOMETRIC_PRESENTATION_REPRESENTATION (  '', ( #4775 ), #4100 ) ;
#1546 = ORIENTED_EDGE ( 'NONE', *, *, #2312, .T. ) ;
#1547 = DIRECTION ( 'NONE',  ( 0.0000000000000000000, -0.0000000000000000000, 1.000000000000000000 ) ) ;
#1548 = ORIENTED_EDGE ( 'NONE', *, *, #1847, .T. ) ;
#1549 = CARTESIAN_POINT ( 'NONE',  ( 0.5500000000000000444, -1.049999999999999822, -0.5699999999999999512 ) ) ;
#1550 = ORIENTED_EDGE ( 'NONE', *, *, #852, .F. ) ;
#1551 = VECTOR ( 'NONE', #4883, 1000.000000000000000 ) ;
#1552 = MECHANICAL_DESIGN_GEOMETRIC_PRESENTATION_REPRESENTATION (  '', ( #6105 ), #3313 ) ;
#1553 =( NAMED_UNIT ( * ) PLANE_ANGLE_UNIT ( ) SI_UNIT ( $, .RADIAN. ) );
#1554 = PRESENTATION_STYLE_ASSIGNMENT (( #3106 ) ) ;
#1555 = VERTEX_POINT ( 'NONE', #4941 ) ;
#1556 =( NAMED_UNIT ( * ) SI_UNIT ( $, .STERADIAN. ) SOLID_ANGLE_UNIT ( ) );
#1557 = CARTESIAN_POINT ( 'NONE',  ( 0.0000000000000000000, 2.200000000000000178, -0.6999999999999999556 ) ) ;
#1558 =( NAMED_UNIT ( * ) SI_UNIT ( $, .STERADIAN. ) SOLID_ANGLE_UNIT ( ) );
#1559 = CARTESIAN_POINT ( 'NONE',  ( -2.700000000000001954, 1.200000000000000400, -0.3000000000000003220 ) ) ;
#1560 = UNCERTAINTY_MEASURE_WITH_UNIT (LENGTH_MEASURE( 1.000000000000000082E-05 ), #4555, 'distance_accuracy_value', 'NONE');
#1561 = CARTESIAN_POINT ( 'NONE',  ( -2.500000000000002220, -2.500000000000002220, 0.0000000000000000000 ) ) ;
#1562 = CARTESIAN_POINT ( 'NONE',  ( -1.971607025033961236, 0.8251250982098667919, 0.3500000000000000333 ) ) ;
#1563 = CARTESIAN_POINT ( 'NONE',  ( -2.500000000000002220, -2.199999999999999734, 0.0000000000000000000 ) ) ;
#1564 = COLOUR_RGB ( '',1.000000000000000000, 1.000000000000000000, 1.000000000000000000 ) ;
#1566 = FACE_OUTER_BOUND ( 'NONE', #2678, .T. ) ;
#1565 = CARTESIAN_POINT ( 'NONE',  ( -1.146028625818473756, -0.1370056143358102385, 0.3000000000000000444 ) ) ;
#1567 = CARTESIAN_POINT ( 'NONE',  ( -1.146028625818473756, -0.6832195235787661414, 0.3500000000000000333 ) ) ;
#1568 = PLANE ( 'NONE',  #3693 ) ;
#1569 = ORIENTED_EDGE ( 'NONE', *, *, #3441, .T. ) ;
#1570 = ADVANCED_FACE ( 'NONE', ( #2709 ), #649, .T. ) ;
#1571 = EDGE_CURVE ( 'NONE', #1265, #3322, #2363, .T. ) ;
#1572 = CARTESIAN_POINT ( 'NONE',  ( -1.680009069179262848, 2.430009069179262848, 0.8000000000000000444 ) ) ;
#1573 = CARTESIAN_POINT ( 'NONE',  ( -1.043697599916538765, 0.4413501301401799304, 0.4500000000000000666 ) ) ;
#1574 = ORIENTED_EDGE ( 'NONE', *, *, #2266, .T. ) ;
#1575 =( NAMED_UNIT ( * ) SI_UNIT ( $, .STERADIAN. ) SOLID_ANGLE_UNIT ( ) );
#1576 = CARTESIAN_POINT ( 'NONE',  ( -2.400000000000002132, 2.100000000000000089, -0.2999999999999993783 ) ) ;
#1577 = FILL_AREA_STYLE_COLOUR ( '', #690 ) ;
#1578 =( NAMED_UNIT ( * ) SI_UNIT ( $, .STERADIAN. ) SOLID_ANGLE_UNIT ( ) );
#1579 = EDGE_LOOP ( 'NONE', ( #6024, #5937, #5568, #2324 ) ) ;
#1580 = EDGE_CURVE ( 'NONE', #3953, #4489, #1706, .T. ) ;
#1581 = ORIENTED_EDGE ( 'NONE', *, *, #391, .F. ) ;
#1582 = DIRECTION ( 'NONE',  ( 1.000000000000000000, 0.0000000000000000000, -3.252606517456519613E-15 ) ) ;
#1583 = ORIENTED_EDGE ( 'NONE', *, *, #1926, .F. ) ;
#1584 = CARTESIAN_POINT ( 'NONE',  ( 0.0000000000000000000, 0.0000000000000000000, 0.3500000000000000333 ) ) ;
#1585 = ORIENTED_EDGE ( 'NONE', *, *, #5554, .T. ) ;
#1586 = VERTEX_POINT ( 'NONE', #1248 ) ;
#1587 = CARTESIAN_POINT ( 'NONE',  ( -2.500000000000003109, -3.299999999999998490, -7.608436298143901117E-15 ) ) ;
#1588 = CARTESIAN_POINT ( 'NONE',  ( -2.500000000000002220, -2.500000000000002220, 0.0000000000000000000 ) ) ;
#1589 = FACE_OUTER_BOUND ( 'NONE', #4483, .T. ) ;
#1590 = DIRECTION ( 'NONE',  ( 2.710505431213759113E-16, 1.000000000000000000, 0.0000000000000000000 ) ) ;
#1591 = DIRECTION ( 'NONE',  ( 0.0000000000000000000, 0.0000000000000000000, 1.000000000000000000 ) ) ;
#1592 = CARTESIAN_POINT ( 'NONE',  ( -2.400000000000001243, 2.100000000000000089, -0.4699999999999998068 ) ) ;
#1593 = SURFACE_STYLE_USAGE ( .BOTH. , #539 ) ;
#1594 = STYLED_ITEM ( 'NONE', ( #2476 ), #1185 ) ;
#1595 = AXIS2_PLACEMENT_3D ( 'NONE', #3533, #5543, #5125 ) ;
#1596 = ORIENTED_EDGE ( 'NONE', *, *, #6836, .T. ) ;
#1597 = CARTESIAN_POINT ( 'NONE',  ( 2.471716000805965763, 2.100000000000000089, -0.5396908546970038412 ) ) ;
#1598 = PRESENTATION_STYLE_ASSIGNMENT (( #6267 ) ) ;
#1599 = ORIENTED_EDGE ( 'NONE', *, *, #4895, .F. ) ;
#1600 = AXIS2_PLACEMENT_3D ( 'NONE', #1101, #37, #4461 ) ;
#1601 = CYLINDRICAL_SURFACE ( 'NONE', #3060, 0.3000000000000000444 ) ;
#1602 = VECTOR ( 'NONE', #3351, 1000.000000000000000 ) ;
#1603 = EDGE_CURVE ( 'NONE', #199, #4950, #4355, .T. ) ;
#1604 = EDGE_CURVE ( 'NONE', #622, #2544, #6480, .T. ) ;
#1605 = CARTESIAN_POINT ( 'NONE',  ( 1.700000000000000400, -2.099999999999999645, -0.7699999999999999067 ) ) ;
#1606 = EDGE_LOOP ( 'NONE', ( #3822, #2139, #4799, #1617 ) ) ;
#1607 = CIRCLE ( 'NONE', #4829, 0.1499999999999999667 ) ;
#1608 = SURFACE_SIDE_STYLE ('',( #5341 ) ) ;
#1609 = STYLED_ITEM ( 'NONE', ( #3445 ), #853 ) ;
#1610 = ORIENTED_EDGE ( 'NONE', *, *, #3364, .F. ) ;
#1611 = SURFACE_STYLE_FILL_AREA ( #2123 ) ;
#1612 = ORIENTED_EDGE ( 'NONE', *, *, #2235, .F. ) ;
#1613 = EDGE_CURVE ( 'NONE', #6139, #2569, #3774, .T. ) ;
#1614 = EDGE_CURVE ( 'NONE', #4876, #5853, #6516, .T. ) ;
#1615 = PRESENTATION_LAYER_ASSIGNMENT (  '', '', ( #6285 ) ) ;
#1616 = FILL_AREA_STYLE_COLOUR ( '', #1057 ) ;
#1617 = ORIENTED_EDGE ( 'NONE', *, *, #6304, .T. ) ;
#1618 = DIRECTION ( 'NONE',  ( -1.604850264224746292E-16, 1.000000000000000000, 0.0000000000000000000 ) ) ;
#1619 = ORIENTED_EDGE ( 'NONE', *, *, #6376, .F. ) ;
#1620 = DIRECTION ( 'NONE',  ( 1.971276677246371519E-16, 1.000000000000000000, 0.0000000000000000000 ) ) ;
#1621 = EDGE_CURVE ( 'NONE', #6020, #4758, #5990, .T. ) ;
#1622 = COLOUR_RGB ( '',0.8980392156862745390, 0.9215686274509803377, 0.9294117647058823817 ) ;
#1623 = CARTESIAN_POINT ( 'NONE',  ( -1.043697599916538765, -0.1584055984559433750, 0.3500000000000000333 ) ) ;
#1624 = COLOUR_RGB ( '',0.8980392156862745390, 0.9215686274509803377, 0.9294117647058823817 ) ;
#1625 = DIRECTION ( 'NONE',  ( -0.0000000000000000000, -1.000000000000000000, -0.0000000000000000000 ) ) ;
#1626 = PRESENTATION_STYLE_ASSIGNMENT (( #6397 ) ) ;
#1627 = VECTOR ( 'NONE', #3333, 1000.000000000000000 ) ;
#1628 =( GEOMETRIC_REPRESENTATION_CONTEXT ( 3 ) GLOBAL_UNCERTAINTY_ASSIGNED_CONTEXT ( ( #6378 ) ) GLOBAL_UNIT_ASSIGNED_CONTEXT ( ( #2551, #4365, #5412 ) ) REPRESENTATION_CONTEXT ( 'NONE', 'WORKASPACE' ) );
#1629 = FILL_AREA_STYLE_COLOUR ( '', #6773 ) ;
#1630 = PLANE ( 'NONE',  #2747 ) ;
#1631 = CARTESIAN_POINT ( 'NONE',  ( 0.2838201673205150710, -0.2871897488101240459, 0.3500000000000000333 ) ) ;
#1632 = VECTOR ( 'NONE', #3854, 1000.000000000000000 ) ;
#1633 = AXIS2_PLACEMENT_3D ( 'NONE', #5389, #3264, #3668 ) ;
#1634 = EDGE_LOOP ( 'NONE', ( #1981, #5289, #4450, #6574 ) ) ;
#1635 = SURFACE_STYLE_USAGE ( .BOTH. , #647 ) ;
#1636 = CARTESIAN_POINT ( 'NONE',  ( 0.2838201673205150155, 0.4046747618464905383, 0.3500000000000000333 ) ) ;
#1637 = ORIENTED_EDGE ( 'NONE', *, *, #3129, .F. ) ;
#1638 = FACE_OUTER_BOUND ( 'NONE', #6067, .T. ) ;
#1639 = MECHANICAL_DESIGN_GEOMETRIC_PRESENTATION_REPRESENTATION (  '', ( #6196 ), #4415 ) ;
#1640 = CARTESIAN_POINT ( 'NONE',  ( 2.700000000000001954, -1.199999999999999734, -0.3000000000000003220 ) ) ;
#1641 = MECHANICAL_DESIGN_GEOMETRIC_PRESENTATION_REPRESENTATION (  '', ( #4969 ), #5982 ) ;
#1642 =( NAMED_UNIT ( * ) SI_UNIT ( $, .STERADIAN. ) SOLID_ANGLE_UNIT ( ) );
#1643 = LINE ( 'NONE', #1820, #1544 ) ;
#1644 = ORIENTED_EDGE ( 'NONE', *, *, #3365, .F. ) ;
#1645 = VECTOR ( 'NONE', #6633, 1000.000000000000000 ) ;
#1646 = VECTOR ( 'NONE', #6247, 1000.000000000000000 ) ;
#1647 = DIRECTION ( 'NONE',  ( -8.673617379884033894E-15, 0.0000000000000000000, 1.000000000000000000 ) ) ;
#1648 =( GEOMETRIC_REPRESENTATION_CONTEXT ( 3 ) GLOBAL_UNCERTAINTY_ASSIGNED_CONTEXT ( ( #3535 ) ) GLOBAL_UNIT_ASSIGNED_CONTEXT ( ( #4737, #5836, #1071 ) ) REPRESENTATION_CONTEXT ( 'NONE', 'WORKASPACE' ) );
#1649 = UNCERTAINTY_MEASURE_WITH_UNIT (LENGTH_MEASURE( 1.000000000000000082E-05 ), #578, 'distance_accuracy_value', 'NONE');
#1650 = ORIENTED_EDGE ( 'NONE', *, *, #6800, .T. ) ;
#1651 = FILL_AREA_STYLE_COLOUR ( '', #1091 ) ;
#1652 = VECTOR ( 'NONE', #894, 1000.000000000000114 ) ;
#1653 = MECHANICAL_DESIGN_GEOMETRIC_PRESENTATION_REPRESENTATION (  '', ( #5085 ), #5436 ) ;
#1654 = EDGE_CURVE ( 'NONE', #876, #6653, #4837, .T. ) ;
#1655 = PRESENTATION_STYLE_ASSIGNMENT (( #3252 ) ) ;
#1656 =( GEOMETRIC_REPRESENTATION_CONTEXT ( 3 ) GLOBAL_UNCERTAINTY_ASSIGNED_CONTEXT ( ( #5608 ) ) GLOBAL_UNIT_ASSIGNED_CONTEXT ( ( #4643, #2081, #1578 ) ) REPRESENTATION_CONTEXT ( 'NONE', 'WORKASPACE' ) );
#1657 = EDGE_CURVE ( 'NONE', #3936, #4667, #3813, .T. ) ;
#1658 = AXIS2_PLACEMENT_3D ( 'NONE', #4221, #6484, #3206 ) ;
#1659 = EDGE_CURVE ( 'NONE', #3486, #1021, #1607, .T. ) ;
#1660 = LINE ( 'NONE', #563, #1627 ) ;
#1661 = DIRECTION ( 'NONE',  ( -1.000000000000000000, 4.818676322157797375E-16, -3.043374519257556424E-15 ) ) ;
#1662 = VECTOR ( 'NONE', #1124, 1000.000000000000000 ) ;
#1663 = LINE ( 'NONE', #3976, #2068 ) ;
#1664 = SURFACE_STYLE_FILL_AREA ( #6502 ) ;
#1665 = DIRECTION ( 'NONE',  ( 0.0000000000000000000, 0.0000000000000000000, 1.000000000000000000 ) ) ;
#1666 = ADVANCED_FACE ( 'NONE', ( #6047 ), #4001, .F. ) ;
#1667 = SURFACE_SIDE_STYLE ('',( #1729 ) ) ;
#1668 = DIRECTION ( 'NONE',  ( 1.000000000000000000, 0.0000000000000000000, 0.0000000000000000000 ) ) ;
#1670 = PRESENTATION_STYLE_ASSIGNMENT (( #6339 ) ) ;
#1669 = PLANE ( 'NONE',  #1207 ) ;
#1671 = VERTEX_POINT ( 'NONE', #2374 ) ;
#1672 = COLOUR_RGB ( '',1.000000000000000000, 1.000000000000000000, 1.000000000000000000 ) ;
#1673 = DIRECTION ( 'NONE',  ( 1.000000000000000000, 0.0000000000000000000, 0.0000000000000000000 ) ) ;
#1674 = ORIENTED_EDGE ( 'NONE', *, *, #6618, .T. ) ;
#1675 = CARTESIAN_POINT ( 'NONE',  ( -2.500000000000001332, -2.099999999999999645, -0.4700000000000001399 ) ) ;
#1676 = LINE ( 'NONE', #2114, #5097 ) ;
#1677 = CARTESIAN_POINT ( 'NONE',  ( 1.262305442492822838, 0.4570589046025533841, 0.3500000000000000333 ) ) ;
#1679 = FILL_AREA_STYLE ('',( #1192 ) ) ;
#1678 = FILL_AREA_STYLE ('',( #510 ) ) ;
#1680 =( GEOMETRIC_REPRESENTATION_CONTEXT ( 3 ) GLOBAL_UNCERTAINTY_ASSIGNED_CONTEXT ( ( #997 ) ) GLOBAL_UNIT_ASSIGNED_CONTEXT ( ( #4246, #6305, #5250 ) ) REPRESENTATION_CONTEXT ( 'NONE', 'WORKASPACE' ) );
#1681 = CARTESIAN_POINT ( 'NONE',  ( -1.680009069179262848, 2.430009069179262848, 0.8000000000000000444 ) ) ;
#1682 = VERTEX_POINT ( 'NONE', #4559 ) ;
#1683 = CARTESIAN_POINT ( 'NONE',  ( 1.562305442492824215, -0.8360159872360380939, 0.3000000000000000444 ) ) ;
#1684 = ORIENTED_EDGE ( 'NONE', *, *, #3365, .T. ) ;
#1685 = LINE ( 'NONE', #4291, #5189 ) ;
#1686 = ORIENTED_EDGE ( 'NONE', *, *, #2577, .T. ) ;
#1687 = FACE_OUTER_BOUND ( 'NONE', #2757, .T. ) ;
#1688 = DIRECTION ( 'NONE',  ( 0.0000000000000000000, -0.08715574274765820750, -0.9961946980917455452 ) ) ;
#1689 = DIRECTION ( 'NONE',  ( -0.0000000000000000000, -0.0000000000000000000, 1.000000000000000000 ) ) ;
#1690 =( LENGTH_UNIT ( ) NAMED_UNIT ( * ) SI_UNIT ( .MILLI., .METRE. ) );
#1691 = LINE ( 'NONE', #3896, #1806 ) ;
#1692 = SURFACE_STYLE_USAGE ( .BOTH. , #2659 ) ;
#1693 = ORIENTED_EDGE ( 'NONE', *, *, #3952, .T. ) ;
#1694 = DIRECTION ( 'NONE',  ( 1.000000000000000000, 0.0000000000000000000, 0.0000000000000000000 ) ) ;
#1695 =( NAMED_UNIT ( * ) PLANE_ANGLE_UNIT ( ) SI_UNIT ( $, .RADIAN. ) );
#1696 = EDGE_CURVE ( 'NONE', #4044, #985, #4453, .T. ) ;
#1697 = EDGE_CURVE ( 'NONE', #167, #4229, #254, .T. ) ;
#1698 = DIRECTION ( 'NONE',  ( -0.0000000000000000000, -0.0000000000000000000, -1.000000000000000000 ) ) ;
#1699 = DIRECTION ( 'NONE',  ( 0.0000000000000000000, -0.0000000000000000000, 1.000000000000000000 ) ) ;
#1701 = PRESENTATION_STYLE_ASSIGNMENT (( #5879 ) ) ;
#1700 = DIRECTION ( 'NONE',  ( 4.818676322157797375E-16, -1.000000000000000000, -1.466503673540475756E-30 ) ) ;
#1702 = EDGE_CURVE ( 'NONE', #2249, #194, #2306, .T. ) ;
#1703 = ORIENTED_EDGE ( 'NONE', *, *, #3671, .T. ) ;
#1704 = UNCERTAINTY_MEASURE_WITH_UNIT (LENGTH_MEASURE( 1.000000000000000082E-05 ), #6022, 'distance_accuracy_value', 'NONE');
#1705 =( NAMED_UNIT ( * ) PLANE_ANGLE_UNIT ( ) SI_UNIT ( $, .RADIAN. ) );
#1706 = LINE ( 'NONE', #1636, #1270 ) ;
#1707 = ORIENTED_EDGE ( 'NONE', *, *, #6244, .T. ) ;
#1708 = SURFACE_STYLE_FILL_AREA ( #6483 ) ;
#1709 = CARTESIAN_POINT ( 'NONE',  ( -1.600000000000000089, -1.099999999999999645, -0.5699999999999999512 ) ) ;
#1710 = DIRECTION ( 'NONE',  ( -0.08682659386424762538, -0.08682659386424762538, -0.9924325091389669673 ) ) ;
#1711 = SURFACE_SIDE_STYLE ('',( #4845 ) ) ;
#1712 = PRESENTATION_LAYER_ASSIGNMENT (  '', '', ( #2138 ) ) ;
#1713 = SURFACE_STYLE_USAGE ( .BOTH. , #6487 ) ;
#1714 = ORIENTED_EDGE ( 'NONE', *, *, #2235, .T. ) ;
#1715 = DIRECTION ( 'NONE',  ( 0.0000000000000000000, 1.000000000000000000, 0.0000000000000000000 ) ) ;
#1716 = ORIENTED_EDGE ( 'NONE', *, *, #1848, .F. ) ;
#1717 = CARTESIAN_POINT ( 'NONE',  ( -1.971607025033961236, 0.8251250982098667919, 0.3000000000000000444 ) ) ;
#1718 = VERTEX_POINT ( 'NONE', #359 ) ;
#1719 = LINE ( 'NONE', #4921, #4983 ) ;
#1720 = AXIS2_PLACEMENT_3D ( 'NONE', #975, #3676, #4878 ) ;
#1721 = CARTESIAN_POINT ( 'NONE',  ( 1.262305442492821728, 0.6070589046025534063, 0.3500000000000000333 ) ) ;
#1722 = AXIS2_PLACEMENT_3D ( 'NONE', #778, #2876, #5664 ) ;
#1723 = CARTESIAN_POINT ( 'NONE',  ( -2.700000000000000622, -1.199999999999999734, -0.5700000000000006173 ) ) ;
#1724 = UNCERTAINTY_MEASURE_WITH_UNIT (LENGTH_MEASURE( 1.000000000000000082E-05 ), #6709, 'distance_accuracy_value', 'NONE');
#1725 = ORIENTED_EDGE ( 'NONE', *, *, #2888, .F. ) ;
#1726 = VECTOR ( 'NONE', #1454, 1000.000000000000114 ) ;
#1727 = VECTOR ( 'NONE', #5795, 1000.000000000000000 ) ;
#1728 =( GEOMETRIC_REPRESENTATION_CONTEXT ( 3 ) GLOBAL_UNCERTAINTY_ASSIGNED_CONTEXT ( ( #4558 ) ) GLOBAL_UNIT_ASSIGNED_CONTEXT ( ( #1690, #4564, #3660 ) ) REPRESENTATION_CONTEXT ( 'NONE', 'WORKASPACE' ) );
#1729 = SURFACE_STYLE_FILL_AREA ( #2262 ) ;
#1730 = EDGE_CURVE ( 'NONE', #908, #1051, #1790, .T. ) ;
#1731 = DIRECTION ( 'NONE',  ( -0.9986295347545739443, 0.0000000000000000000, -0.05233595624294388321 ) ) ;
#1733 = CARTESIAN_POINT ( 'NONE',  ( 0.3603187164337335324, 0.6070589046025531843, 0.3500000000000000333 ) ) ;
#1732 = SURFACE_STYLE_FILL_AREA ( #739 ) ;
#1734 = VECTOR ( 'NONE', #6330, 1000.000000000000000 ) ;
#1735 = EDGE_CURVE ( 'NONE', #3982, #5747, #284, .T. ) ;
#1736 = ORIENTED_EDGE ( 'NONE', *, *, #4082, .T. ) ;
#1737 = PRESENTATION_LAYER_ASSIGNMENT (  '', '', ( #4299 ) ) ;
#1738 = CARTESIAN_POINT ( 'NONE',  ( -0.1415856775653445976, 0.4413501301401799304, 0.4500000000000000666 ) ) ;
#1739 = PRESENTATION_LAYER_ASSIGNMENT (  '', '', ( #6850 ) ) ;
#1740 = ADVANCED_FACE ( 'NONE', ( #1278 ), #875, .T. ) ;
#1741 = CARTESIAN_POINT ( 'NONE',  ( 2.500000000000002220, 2.500000000000002220, 0.0000000000000000000 ) ) ;
#1742 = ORIENTED_EDGE ( 'NONE', *, *, #2493, .T. ) ;
#1743 = ADVANCED_FACE ( 'NONE', ( #288 ), #5522, .F. ) ;
#1744 = DIRECTION ( 'NONE',  ( 0.0000000000000000000, 0.0000000000000000000, -1.000000000000000000 ) ) ;
#1745 = CARTESIAN_POINT ( 'NONE',  ( 1.600000000000000311, 1.099999999999999867, -0.5699999999999999512 ) ) ;
#1746 = CIRCLE ( 'NONE', #2617, 0.1499999999999999667 ) ;
#1747 = CARTESIAN_POINT ( 'NONE',  ( -2.400000000000001243, -1.199999999999999734, -0.4699999999999998068 ) ) ;
#1748 = ORIENTED_EDGE ( 'NONE', *, *, #114, .F. ) ;
#1749 = ADVANCED_FACE ( 'NONE', ( #4065 ), #1425, .T. ) ;
#1750 = SURFACE_STYLE_FILL_AREA ( #4393 ) ;
#1751 = CARTESIAN_POINT ( 'NONE',  ( -0.1831650461902200044, -0.1370056143358111267, 0.3500000000000000333 ) ) ;
#1752 =( NAMED_UNIT ( * ) SI_UNIT ( $, .STERADIAN. ) SOLID_ANGLE_UNIT ( ) );
#1753 =( GEOMETRIC_REPRESENTATION_CONTEXT ( 3 ) GLOBAL_UNCERTAINTY_ASSIGNED_CONTEXT ( ( #2897 ) ) GLOBAL_UNIT_ASSIGNED_CONTEXT ( ( #2593, #3260, #4177 ) ) REPRESENTATION_CONTEXT ( 'NONE', 'WORKASPACE' ) );
#1754 = DIRECTION ( 'NONE',  ( -0.0000000000000000000, -0.0000000000000000000, -1.000000000000000000 ) ) ;
#1755 = ORIENTED_EDGE ( 'NONE', *, *, #3952, .F. ) ;
#1756 = PRESENTATION_LAYER_ASSIGNMENT (  '', '', ( #4764 ) ) ;
#1757 = PRESENTATION_LAYER_ASSIGNMENT (  '', '', ( #1850 ) ) ;
#1758 = CARTESIAN_POINT ( 'NONE',  ( -1.043697599916538765, 0.4413501301401799304, 0.4500000000000000666 ) ) ;
#1759 = CARTESIAN_POINT ( 'NONE',  ( 1.600000000000000533, 2.200000000000000178, -0.5699999999999999512 ) ) ;
#1760 =( LENGTH_UNIT ( ) NAMED_UNIT ( * ) SI_UNIT ( .MILLI., .METRE. ) );
#1762 = CARTESIAN_POINT ( 'NONE',  ( -2.430009069179262848, -2.430009069179262848, 0.8000000000000000444 ) ) ;
#1761 = CARTESIAN_POINT ( 'NONE',  ( 0.4838201673205150821, 1.116322564166215559, 0.3500000000000000333 ) ) ;
#1763 = VECTOR ( 'NONE', #3371, 1000.000000000000000 ) ;
#1764 = ORIENTED_EDGE ( 'NONE', *, *, #5999, .T. ) ;
#1765 = DIRECTION ( 'NONE',  ( 0.7071067811865474617, 0.7071067811865474617, -0.0000000000000000000 ) ) ;
#1766 = ORIENTED_EDGE ( 'NONE', *, *, #2448, .T. ) ;
#1767 =( NAMED_UNIT ( * ) SI_UNIT ( $, .STERADIAN. ) SOLID_ANGLE_UNIT ( ) );
#1768 = APPLICATION_PROTOCOL_DEFINITION ( 'draft international standard', 'automotive_design', 1998, #1945 ) ;
#1769 = DIRECTION ( 'NONE',  ( 0.0000000000000000000, -1.000000000000000000, 0.0000000000000000000 ) ) ;
#1770 = CARTESIAN_POINT ( 'NONE',  ( -2.499117102666011725, 2.100000000000000089, -0.01684668471109857651 ) ) ;
#1771 = ADVANCED_FACE ( 'NONE', ( #5214 ), #968, .T. ) ;
#1772 = ADVANCED_FACE ( 'NONE', ( #3116 ), #498, .F. ) ;
#1773 = AXIS2_PLACEMENT_3D ( 'NONE', #3146, #1625, #1665 ) ;
#1774 = VERTEX_POINT ( 'NONE', #6260 ) ;
#1775 = DIRECTION ( 'NONE',  ( 0.0000000000000000000, 0.0000000000000000000, 1.000000000000000000 ) ) ;
#1776 = SURFACE_STYLE_FILL_AREA ( #3185 ) ;
#1777 = ORIENTED_EDGE ( 'NONE', *, *, #5860, .T. ) ;
#1778 = VERTEX_POINT ( 'NONE', #5693 ) ;
#1779 = DIRECTION ( 'NONE',  ( -1.000000000000000000, 0.0000000000000000000, 0.0000000000000000000 ) ) ;
#1780 = LINE ( 'NONE', #4395, #775 ) ;
#1781 = EDGE_CURVE ( 'NONE', #3018, #4808, #936, .T. ) ;
#1782 = CARTESIAN_POINT ( 'NONE',  ( -2.486342147991858376, -2.486342147991857487, -0.2606073410281599112 ) ) ;
#1783 = ORIENTED_EDGE ( 'NONE', *, *, #3994, .T. ) ;
#1784 = CARTESIAN_POINT ( 'NONE',  ( 1.700000000000000622, 2.100000000000000089, -0.7699999999999999067 ) ) ;
#1785 = DIRECTION ( 'NONE',  ( 3.043374519257556424E-15, -0.0000000000000000000, 1.000000000000000000 ) ) ;
#1787 = DIRECTION ( 'NONE',  ( -0.0000000000000000000, -0.0000000000000000000, -1.000000000000000000 ) ) ;
#1786 = CARTESIAN_POINT ( 'NONE',  ( 0.4838201673205150821, -0.4871897488101240015, 0.4500000000000000666 ) ) ;
#1788 = ORIENTED_EDGE ( 'NONE', *, *, #6704, .T. ) ;
#1789 =( NAMED_UNIT ( * ) SI_UNIT ( $, .STERADIAN. ) SOLID_ANGLE_UNIT ( ) );
#1790 = LINE ( 'NONE', #3412, #513 ) ;
#1791 = ORIENTED_EDGE ( 'NONE', *, *, #3052, .T. ) ;
#1792 = CARTESIAN_POINT ( 'NONE',  ( 2.400000000000001243, 2.100000000000000089, -0.7700000000000000178 ) ) ;
#1793 = FILL_AREA_STYLE_COLOUR ( '', #3088 ) ;
#1794 = CARTESIAN_POINT ( 'NONE',  ( -1.700000000000000400, 1.200000000000000622, -0.5699999999999999512 ) ) ;
#1795 = EDGE_LOOP ( 'NONE', ( #6351, #2456, #1619, #4469, #1237, #3742, #1910, #4362, #5110, #6588, #2889, #4622, #1823, #6136, #1974, #4259, #5826, #5071, #6203, #2763 ) ) ;
#1796 = ORIENTED_EDGE ( 'NONE', *, *, #1730, .F. ) ;
#1797 = FILL_AREA_STYLE_COLOUR ( '', #4078 ) ;
#1798 = EDGE_LOOP ( 'NONE', ( #5598, #552, #1403, #2155 ) ) ;
#1799 = FILL_AREA_STYLE ('',( #1330 ) ) ;
#1800 = EDGE_CURVE ( 'NONE', #2113, #411, #5174, .T. ) ;
#1801 = DIRECTION ( 'NONE',  ( 1.000000000000000000, 0.0000000000000000000, -0.0000000000000000000 ) ) ;
#1802 = LINE ( 'NONE', #3946, #6215 ) ;
#1803 = ORIENTED_EDGE ( 'NONE', *, *, #313, .F. ) ;
#1804 = AXIS2_PLACEMENT_3D ( 'NONE', #4234, #2660, #4798 ) ;
#1805 = SURFACE_STYLE_FILL_AREA ( #857 ) ;
#1806 = VECTOR ( 'NONE', #634, 1000.000000000000000 ) ;
#1807 = ORIENTED_EDGE ( 'NONE', *, *, #2673, .T. ) ;
#1808 = ORIENTED_EDGE ( 'NONE', *, *, #3182, .T. ) ;
#1809 = EDGE_CURVE ( 'NONE', #4235, #5845, #5166, .T. ) ;
#1810 = EDGE_CURVE ( 'NONE', #1279, #4925, #5615, .T. ) ;
#1811 = CIRCLE ( 'NONE', #3841, 0.3000000000000000444 ) ;
#1812 =( NAMED_UNIT ( * ) SI_UNIT ( $, .STERADIAN. ) SOLID_ANGLE_UNIT ( ) );
#1813 = CARTESIAN_POINT ( 'NONE',  ( 2.470127565808668990, -2.200000000000000178, -0.5699999999999999512 ) ) ;
#1814 = AXIS2_PLACEMENT_3D ( 'NONE', #5304, #34, #1513 ) ;
#1815 = PLANE ( 'NONE',  #5841 ) ;
#1816 = DIRECTION ( 'NONE',  ( -0.0000000000000000000, -1.000000000000000000, -0.0000000000000000000 ) ) ;
#1817 = EDGE_CURVE ( 'NONE', #194, #660, #6696, .T. ) ;
#1818 = VECTOR ( 'NONE', #3723, 1000.000000000000000 ) ;
#1819 =( LENGTH_UNIT ( ) NAMED_UNIT ( * ) SI_UNIT ( .MILLI., .METRE. ) );
#1820 = CARTESIAN_POINT ( 'NONE',  ( -1.680009069179262626, 2.500000000000002220, 1.750070525410787692E-16 ) ) ;
#1821 = ORIENTED_EDGE ( 'NONE', *, *, #5475, .F. ) ;
#1822 =( LENGTH_UNIT ( ) NAMED_UNIT ( * ) SI_UNIT ( .MILLI., .METRE. ) );
#1823 = ORIENTED_EDGE ( 'NONE', *, *, #4762, .F. ) ;
#1824 = FILL_AREA_STYLE_COLOUR ( '', #6189 ) ;
#1825 = PRESENTATION_LAYER_ASSIGNMENT (  '', '', ( #6840 ) ) ;
#1826 = VECTOR ( 'NONE', #275, 1000.000000000000000 ) ;
#1827 = CARTESIAN_POINT ( 'NONE',  ( 2.400000000000001243, -1.199999999999999734, -0.5699999999999999512 ) ) ;
#1828 = CARTESIAN_POINT ( 'NONE',  ( 1.930905544980987321, -0.8360159872360372058, 0.3000000000000000444 ) ) ;
#1829 = ORIENTED_EDGE ( 'NONE', *, *, #1735, .F. ) ;
#1830 = CARTESIAN_POINT ( 'NONE',  ( -2.400000000000002132, -2.099999999999999645, -0.2999999999999993783 ) ) ;
#1831 = VERTEX_POINT ( 'NONE', #4581 ) ;
#1832 = VECTOR ( 'NONE', #1841, 1000.000000000000000 ) ;
#1833 = CARTESIAN_POINT ( 'NONE',  ( 2.470127565808668990, 2.500000000000002220, -0.5699999999999999512 ) ) ;
#1834 = VECTOR ( 'NONE', #1689, 1000.000000000000000 ) ;
#1835 = FILL_AREA_STYLE_COLOUR ( '', #117 ) ;
#1836 = ORIENTED_EDGE ( 'NONE', *, *, #451, .F. ) ;
#1837 = AXIS2_PLACEMENT_3D ( 'NONE', #5469, #3892, #2917 ) ;
#1838 = FACE_OUTER_BOUND ( 'NONE', #2285, .T. ) ;
#1839 = UNCERTAINTY_MEASURE_WITH_UNIT (LENGTH_MEASURE( 1.000000000000000082E-05 ), #2908, 'distance_accuracy_value', 'NONE');
#1840 = ORIENTED_EDGE ( 'NONE', *, *, #187, .F. ) ;
#1841 = DIRECTION ( 'NONE',  ( 1.000000000000000000, 0.0000000000000000000, 0.0000000000000000000 ) ) ;
#1842 = ORIENTED_EDGE ( 'NONE', *, *, #6030, .F. ) ;
#1843 = VECTOR ( 'NONE', #12, 1000.000000000000000 ) ;
#1844 = VECTOR ( 'NONE', #1331, 1000.000000000000000 ) ;
#1845 = CARTESIAN_POINT ( 'NONE',  ( 0.0000000000000000000, 0.0000000000000000000, 0.4500000000000000666 ) ) ;
#1846 = CARTESIAN_POINT ( 'NONE',  ( -1.146028625818473756, -0.7287392438591713262, 0.3000000000000000444 ) ) ;
#1847 = EDGE_CURVE ( 'NONE', #908, #4044, #2331, .T. ) ;
#1848 = EDGE_CURVE ( 'NONE', #1555, #3443, #6593, .T. ) ;
#1849 = DIRECTION ( 'NONE',  ( 1.971276677246371519E-16, 1.000000000000000000, 0.0000000000000000000 ) ) ;
#1850 = STYLED_ITEM ( 'NONE', ( #2595 ), #6252 ) ;
#1852 = CARTESIAN_POINT ( 'NONE',  ( 0.0000000000000000000, -2.200000000000000178, -0.6999999999999999556 ) ) ;
#1851 = DIRECTION ( 'NONE',  ( -1.971276677246371519E-16, -1.000000000000000000, 0.0000000000000000000 ) ) ;
#1853 = CARTESIAN_POINT ( 'NONE',  ( 1.262305442492821728, 0.6070589046025534063, 0.3500000000000000333 ) ) ;
#1854 = VECTOR ( 'NONE', #916, 1000.000000000000000 ) ;
#1855 = VECTOR ( 'NONE', #5741, 1000.000000000000000 ) ;
#1856 =( NAMED_UNIT ( * ) SI_UNIT ( $, .STERADIAN. ) SOLID_ANGLE_UNIT ( ) );
#1857 = MECHANICAL_DESIGN_GEOMETRIC_PRESENTATION_REPRESENTATION (  '', ( #5874 ), #3556 ) ;
#1858 = FILL_AREA_STYLE_COLOUR ( '', #1564 ) ;
#1859 = EDGE_CURVE ( 'NONE', #334, #6831, #349, .T. ) ;
#1860 = ORIENTED_EDGE ( 'NONE', *, *, #4296, .F. ) ;
#1861 = ORIENTED_EDGE ( 'NONE', *, *, #4126, .F. ) ;
#1862 = AXIS2_PLACEMENT_3D ( 'NONE', #5799, #3702, #43 ) ;
#1863 = FILL_AREA_STYLE_COLOUR ( '', #1415 ) ;
#1864 =( GEOMETRIC_REPRESENTATION_CONTEXT ( 3 ) GLOBAL_UNCERTAINTY_ASSIGNED_CONTEXT ( ( #6794 ) ) GLOBAL_UNIT_ASSIGNED_CONTEXT ( ( #2752, #3711, #5847 ) ) REPRESENTATION_CONTEXT ( 'NONE', 'WORKASPACE' ) );
#1865 = LINE ( 'NONE', #255, #3435 ) ;
#1866 = SURFACE_STYLE_USAGE ( .BOTH. , #722 ) ;
#1867 = DIRECTION ( 'NONE',  ( 1.000000000000000000, -2.409338161078899674E-16, 0.0000000000000000000 ) ) ;
#1868 = ORIENTED_EDGE ( 'NONE', *, *, #48, .F. ) ;
#1869 = SURFACE_STYLE_USAGE ( .BOTH. , #3937 ) ;
#1870 = DIRECTION ( 'NONE',  ( 1.000000000000000000, 0.0000000000000000000, 0.0000000000000000000 ) ) ;
#1871 = CARTESIAN_POINT ( 'NONE',  ( -1.296028625818473667, -0.7287392438591724364, 0.3500000000000000333 ) ) ;
#1872 = VERTEX_POINT ( 'NONE', #1813 ) ;
#1873 = DIRECTION ( 'NONE',  ( -1.000000000000000000, -4.818676322157797375E-16, 0.0000000000000000000 ) ) ;
#1874 = ORIENTED_EDGE ( 'NONE', *, *, #6244, .F. ) ;
#1875 = FACE_OUTER_BOUND ( 'NONE', #5220, .T. ) ;
#1876 = FILL_AREA_STYLE_COLOUR ( '', #4877 ) ;
#1877 = ORIENTED_EDGE ( 'NONE', *, *, #1359, .T. ) ;
#1878 = LINE ( 'NONE', #2896, #935 ) ;
#1879 = VERTEX_POINT ( 'NONE', #4613 ) ;
#1880 = LINE ( 'NONE', #2435, #3518 ) ;
#1881 = VECTOR ( 'NONE', #5591, 1000.000000000000000 ) ;
#1882 = ORIENTED_EDGE ( 'NONE', *, *, #313, .T. ) ;
#1883 = FILL_AREA_STYLE ('',( #4374 ) ) ;
#1884 = VECTOR ( 'NONE', #3121, 1000.000000000000000 ) ;
#1885 = CARTESIAN_POINT ( 'NONE',  ( 1.412305442492822971, -0.6860159872360371835, 0.3500000000000000333 ) ) ;
#1886 = SURFACE_STYLE_USAGE ( .BOTH. , #867 ) ;
#1887 = ADVANCED_FACE ( 'NONE', ( #3505 ), #2440, .T. ) ;
#1888 = EDGE_CURVE ( 'NONE', #5892, #856, #3434, .T. ) ;
#1889 = SURFACE_SIDE_STYLE ('',( #5105 ) ) ;
#1890 = UNCERTAINTY_MEASURE_WITH_UNIT (LENGTH_MEASURE( 1.000000000000000082E-05 ), #1930, 'distance_accuracy_value', 'NONE');
#1891 = SURFACE_STYLE_USAGE ( .BOTH. , #6086 ) ;
#1892 = SURFACE_STYLE_USAGE ( .BOTH. , #5006 ) ;
#1893 = ORIENTED_EDGE ( 'NONE', *, *, #2018, .F. ) ;
#1894 = EDGE_CURVE ( 'NONE', #6001, #3220, #1951, .T. ) ;
#1895 = CARTESIAN_POINT ( 'NONE',  ( -1.043697599916538765, 0.4413501301401799304, 0.4500000000000000666 ) ) ;
#1896 = ORIENTED_EDGE ( 'NONE', *, *, #5865, .F. ) ;
#1897 = DIRECTION ( 'NONE',  ( -0.0000000000000000000, -0.0000000000000000000, -1.000000000000000000 ) ) ;
#1898 = PLANE ( 'NONE',  #6609 ) ;
#1899 = CARTESIAN_POINT ( 'NONE',  ( 1.600000000000000089, -1.099999999999999867, -0.6999999999999999556 ) ) ;
#1900 = ORIENTED_EDGE ( 'NONE', *, *, #4210, .T. ) ;
#1901 = LINE ( 'NONE', #4677, #3416 ) ;
#1902 = ORIENTED_EDGE ( 'NONE', *, *, #5143, .T. ) ;
#1903 = LINE ( 'NONE', #3053, #5749 ) ;
#1904 = DIRECTION ( 'NONE',  ( -1.000000000000000000, -2.409338161078899674E-16, 0.0000000000000000000 ) ) ;
#1905 =( NAMED_UNIT ( * ) PLANE_ANGLE_UNIT ( ) SI_UNIT ( $, .RADIAN. ) );
#1906 = ORIENTED_EDGE ( 'NONE', *, *, #2880, .T. ) ;
#1907 = UNCERTAINTY_MEASURE_WITH_UNIT (LENGTH_MEASURE( 1.000000000000000082E-05 ), #1343, 'distance_accuracy_value', 'NONE');
#1908 = EDGE_LOOP ( 'NONE', ( #5124, #5739, #4703, #1714 ) ) ;
#1909 = CARTESIAN_POINT ( 'NONE',  ( -1.296028625818473667, 0.6751250982098668807, 0.3500000000000000333 ) ) ;
#1910 = ORIENTED_EDGE ( 'NONE', *, *, #4458, .F. ) ;
#1911 = DIRECTION ( 'NONE',  ( 1.971276677246371272E-16, 1.000000000000000000, -0.0000000000000000000 ) ) ;
#1912 =( LENGTH_UNIT ( ) NAMED_UNIT ( * ) SI_UNIT ( .MILLI., .METRE. ) );
#1913 = VECTOR ( 'NONE', #2776, 1000.000000000000000 ) ;
#1914 =( GEOMETRIC_REPRESENTATION_CONTEXT ( 3 ) GLOBAL_UNCERTAINTY_ASSIGNED_CONTEXT ( ( #2804 ) ) GLOBAL_UNIT_ASSIGNED_CONTEXT ( ( #2824, #242, #6029 ) ) REPRESENTATION_CONTEXT ( 'NONE', 'WORKASPACE' ) );
#1915 = CYLINDRICAL_SURFACE ( 'NONE', #6264, 0.3000000000000003775 ) ;
#1916 = VECTOR ( 'NONE', #3161, 1000.000000000000000 ) ;
#1918 = CARTESIAN_POINT ( 'NONE',  ( 0.2103187164337324833, 0.4570589046025521629, 0.3500000000000000333 ) ) ;
#1917 = CARTESIAN_POINT ( 'NONE',  ( -1.700000000000000622, 2.100000000000000089, -0.7699999999999999067 ) ) ;
#1919 = CARTESIAN_POINT ( 'NONE',  ( 1.700000000000000400, -2.099999999999999645, -0.7699999999999999067 ) ) ;
#1920 = DIRECTION ( 'NONE',  ( -0.05233595624294388321, 0.0000000000000000000, -0.9986295347545739443 ) ) ;
#1921 = COLOUR_RGB ( '',0.8980392156862745390, 0.9215686274509803377, 0.9294117647058823817 ) ;
#1922 = DIRECTION ( 'NONE',  ( 0.0000000000000000000, 0.0000000000000000000, 1.000000000000000000 ) ) ;
#1923 = VECTOR ( 'NONE', #6803, 1000.000000000000000 ) ;
#1924 = CARTESIAN_POINT ( 'NONE',  ( 2.400000000000001243, 2.100000000000000089, -0.4699999999999998068 ) ) ;
#1925 = ORIENTED_EDGE ( 'NONE', *, *, #5944, .T. ) ;
#1926 = EDGE_CURVE ( 'NONE', #199, #396, #3544, .T. ) ;
#1927 = EDGE_CURVE ( 'NONE', #1778, #4235, #5656, .T. ) ;
#1928 = AXIS2_PLACEMENT_3D ( 'NONE', #1067, #11, #1870 ) ;
#1929 = DIRECTION ( 'NONE',  ( 0.0000000000000000000, -1.000000000000000000, -0.0000000000000000000 ) ) ;
#1930 =( LENGTH_UNIT ( ) NAMED_UNIT ( * ) SI_UNIT ( .MILLI., .METRE. ) );
#1931 = DIRECTION ( 'NONE',  ( 0.0000000000000000000, 0.0000000000000000000, 1.000000000000000000 ) ) ;
#1932 = VERTEX_POINT ( 'NONE', #1846 ) ;
#1933 = SURFACE_SIDE_STYLE ('',( #6719 ) ) ;
#1934 = EDGE_LOOP ( 'NONE', ( #1117, #263, #1550, #2002 ) ) ;
#1935 = CYLINDRICAL_SURFACE ( 'NONE', #1427, 0.1000000000000002554 ) ;
#1936 = DIRECTION ( 'NONE',  ( 0.0000000000000000000, 1.000000000000000000, -0.0000000000000000000 ) ) ;
#1937 = SURFACE_STYLE_USAGE ( .BOTH. , #1976 ) ;
#1938 = PRESENTATION_LAYER_ASSIGNMENT (  '', '', ( #5411 ) ) ;
#1939 = CARTESIAN_POINT ( 'NONE',  ( 2.499117102666011725, 1.200000000000000622, -0.01684668471109857651 ) ) ;
#1940 = VERTEX_POINT ( 'NONE', #6115 ) ;
#1941 = ADVANCED_FACE ( 'NONE', ( #1342 ), #3467, .T. ) ;
#1942 = LINE ( 'NONE', #5054, #4602 ) ;
#1943 = VERTEX_POINT ( 'NONE', #416 ) ;
#1944 =( GEOMETRIC_REPRESENTATION_CONTEXT ( 3 ) GLOBAL_UNCERTAINTY_ASSIGNED_CONTEXT ( ( #5055 ) ) GLOBAL_UNIT_ASSIGNED_CONTEXT ( ( #4154, #3606, #4715 ) ) REPRESENTATION_CONTEXT ( 'NONE', 'WORKASPACE' ) );
#1945 = APPLICATION_CONTEXT ( 'automotive_design' ) ;
#1946 = PRESENTATION_LAYER_ASSIGNMENT (  '', '', ( #2502 ) ) ;
#1947 = ORIENTED_EDGE ( 'NONE', *, *, #2014, .F. ) ;
#1948 = CARTESIAN_POINT ( 'NONE',  ( -2.700000000000000622, 2.100000000000000089, -0.5700000000000006173 ) ) ;
#1949 = AXIS2_PLACEMENT_3D ( 'NONE', #1830, #236, #1328 ) ;
#1950 = PRESENTATION_LAYER_ASSIGNMENT (  '', '', ( #4962 ) ) ;
#1951 = LINE ( 'NONE', #5684, #5050 ) ;
#1952 = FILL_AREA_STYLE ('',( #6733 ) ) ;
#1953 = LINE ( 'NONE', #4659, #4730 ) ;
#1954 = VECTOR ( 'NONE', #4067, 1000.000000000000114 ) ;
#1955 =( GEOMETRIC_REPRESENTATION_CONTEXT ( 3 ) GLOBAL_UNCERTAINTY_ASSIGNED_CONTEXT ( ( #2192 ) ) GLOBAL_UNIT_ASSIGNED_CONTEXT ( ( #4305, #2891, #4341 ) ) REPRESENTATION_CONTEXT ( 'NONE', 'WORKASPACE' ) );
#1957 = SURFACE_SIDE_STYLE ('',( #5722 ) ) ;
#1956 = SURFACE_STYLE_USAGE ( .BOTH. , #2726 ) ;
#1958 = LINE ( 'NONE', #4104, #3806 ) ;
#1959 = STYLED_ITEM ( 'NONE', ( #6670 ), #3838 ) ;
#1960 = MECHANICAL_DESIGN_GEOMETRIC_PRESENTATION_REPRESENTATION (  '', ( #1086 ), #2075 ) ;
#1961 = LINE ( 'NONE', #3661, #384 ) ;
#1962 =( NAMED_UNIT ( * ) PLANE_ANGLE_UNIT ( ) SI_UNIT ( $, .RADIAN. ) );
#1963 = EDGE_LOOP ( 'NONE', ( #5067, #3354, #2258, #2271 ) ) ;
#1964 = LINE ( 'NONE', #6302, #6873 ) ;
#1965 = AXIS2_PLACEMENT_3D ( 'NONE', #5613, #375, #923 ) ;
#1966 =( GEOMETRIC_REPRESENTATION_CONTEXT ( 3 ) GLOBAL_UNCERTAINTY_ASSIGNED_CONTEXT ( ( #3148 ) ) GLOBAL_UNIT_ASSIGNED_CONTEXT ( ( #4599, #6237, #1504 ) ) REPRESENTATION_CONTEXT ( 'NONE', 'WORKASPACE' ) );
#1967 = PRESENTATION_STYLE_ASSIGNMENT (( #2487 ) ) ;
#1968 = COLOUR_RGB ( '',0.8313725490196077761, 0.8392156862745098200, 0.8313725490196077761 ) ;
#1969 = PLANE ( 'NONE',  #5899 ) ;
#1970 = ORIENTED_EDGE ( 'NONE', *, *, #6166, .T. ) ;
#1971 = VECTOR ( 'NONE', #2686, 1000.000000000000000 ) ;
#1972 = FACE_OUTER_BOUND ( 'NONE', #5813, .T. ) ;
#1973 = PRESENTATION_LAYER_ASSIGNMENT (  '', '', ( #6444 ) ) ;
#1974 = ORIENTED_EDGE ( 'NONE', *, *, #6217, .F. ) ;
#1975 = ORIENTED_EDGE ( 'NONE', *, *, #625, .T. ) ;
#1976 = SURFACE_SIDE_STYLE ('',( #6102 ) ) ;
#1977 = EDGE_CURVE ( 'NONE', #3919, #876, #4795, .T. ) ;
#1978 =( GEOMETRIC_REPRESENTATION_CONTEXT ( 3 ) GLOBAL_UNCERTAINTY_ASSIGNED_CONTEXT ( ( #3394 ) ) GLOBAL_UNIT_ASSIGNED_CONTEXT ( ( #963, #466, #2976 ) ) REPRESENTATION_CONTEXT ( 'NONE', 'WORKASPACE' ) );
#1979 = EDGE_CURVE ( 'NONE', #581, #6571, #3140, .T. ) ;
#1980 = DIRECTION ( 'NONE',  ( 1.000000000000000000, 0.0000000000000000000, -0.0000000000000000000 ) ) ;
#1981 = ORIENTED_EDGE ( 'NONE', *, *, #6757, .F. ) ;
#1982 = LINE ( 'NONE', #6866, #6703 ) ;
#1983 = ORIENTED_EDGE ( 'NONE', *, *, #5999, .F. ) ;
#1984 = ORIENTED_EDGE ( 'NONE', *, *, #4683, .T. ) ;
#1985 = SURFACE_STYLE_USAGE ( .BOTH. , #2611 ) ;
#1986 = PRESENTATION_STYLE_ASSIGNMENT (( #4651 ) ) ;
#1987 = EDGE_CURVE ( 'NONE', #199, #2850, #5862, .T. ) ;
#1988 = SURFACE_STYLE_USAGE ( .BOTH. , #4654 ) ;
#1989 = DIRECTION ( 'NONE',  ( -1.000000000000000000, 0.0000000000000000000, 0.0000000000000000000 ) ) ;
#1990 = AXIS2_PLACEMENT_3D ( 'NONE', #5909, #3257, #4345 ) ;
#1991 = SURFACE_STYLE_FILL_AREA ( #3584 ) ;
#1992 = CARTESIAN_POINT ( 'NONE',  ( 1.700000000000000400, 1.200000000000000622, -0.7699999999999999067 ) ) ;
#1994 = DIRECTION ( 'NONE',  ( 1.194186020286707760E-16, -1.000000000000000000, 0.0000000000000000000 ) ) ;
#1993 = DIRECTION ( 'NONE',  ( 0.05233595624294388321, -0.0000000000000000000, -0.9986295347545739443 ) ) ;
#1995 = CARTESIAN_POINT ( 'NONE',  ( 2.000000000000002220, 0.0000000000000000000, 0.8000000000000000444 ) ) ;
#1996 = FACE_OUTER_BOUND ( 'NONE', #5206, .T. ) ;
#1997 =( LENGTH_UNIT ( ) NAMED_UNIT ( * ) SI_UNIT ( .MILLI., .METRE. ) );
#1998 = SURFACE_STYLE_USAGE ( .BOTH. , #4734 ) ;
#1999 = ORIENTED_EDGE ( 'NONE', *, *, #2325, .T. ) ;
#2000 = SURFACE_STYLE_USAGE ( .BOTH. , #6741 ) ;
#2001 = LINE ( 'NONE', #3014, #2099 ) ;
#2002 = ORIENTED_EDGE ( 'NONE', *, *, #3715, .T. ) ;
#2003 = DIRECTION ( 'NONE',  ( -1.000000000000000000, 0.0000000000000000000, 0.0000000000000000000 ) ) ;
#2004 = DIRECTION ( 'NONE',  ( -1.000000000000000000, -2.404031325876694646E-16, 0.0000000000000000000 ) ) ;
#2005 = ORIENTED_EDGE ( 'NONE', *, *, #1231, .F. ) ;
#2006 = PRESENTATION_STYLE_ASSIGNMENT (( #949 ) ) ;
#2007 = DIRECTION ( 'NONE',  ( -0.0000000000000000000, 1.000000000000000000, -0.0000000000000000000 ) ) ;
#2008 = LINE ( 'NONE', #983, #3208 ) ;
#2009 = ORIENTED_EDGE ( 'NONE', *, *, #5507, .F. ) ;
#2010 = SURFACE_STYLE_USAGE ( .BOTH. , #1608 ) ;
#2011 = ORIENTED_EDGE ( 'NONE', *, *, #4248, .F. ) ;
#2012 = ORIENTED_EDGE ( 'NONE', *, *, #2874, .T. ) ;
#2013 = LINE ( 'NONE', #1058, #5066 ) ;
#2014 = EDGE_CURVE ( 'NONE', #3381, #5752, #1026, .T. ) ;
#2015 = LINE ( 'NONE', #4160, #6606 ) ;
#2016 = ORIENTED_EDGE ( 'NONE', *, *, #978, .T. ) ;
#2017 = EDGE_CURVE ( 'NONE', #731, #2399, #5717, .T. ) ;
#2018 = EDGE_CURVE ( 'NONE', #221, #4229, #2259, .T. ) ;
#2019 = LINE ( 'NONE', #2582, #6591 ) ;
#2020 = CYLINDRICAL_SURFACE ( 'NONE', #6553, 0.1000000000000002554 ) ;
#2021 = CIRCLE ( 'NONE', #5261, 1.699999999999999956 ) ;
#2022 = CARTESIAN_POINT ( 'NONE',  ( 0.2838201673205150710, -0.2871897488101240459, 0.4500000000000000666 ) ) ;
#2023 = EDGE_CURVE ( 'NONE', #4609, #3420, #3758, .T. ) ;
#2024 = MECHANICAL_DESIGN_GEOMETRIC_PRESENTATION_REPRESENTATION (  '', ( #63 ), #5829 ) ;
#2025 = UNCERTAINTY_MEASURE_WITH_UNIT (LENGTH_MEASURE( 1.000000000000000082E-05 ), #6560, 'distance_accuracy_value', 'NONE');
#2026 = PLANE ( 'NONE',  #325 ) ;
#2027 = SURFACE_STYLE_USAGE ( .BOTH. , #5730 ) ;
#2028 = CARTESIAN_POINT ( 'NONE',  ( 0.3603187164337338100, 0.8251250982098667919, 0.3500000000000000333 ) ) ;
#2029 = ORIENTED_EDGE ( 'NONE', *, *, #1654, .T. ) ;
#2030 = DIRECTION ( 'NONE',  ( -0.0000000000000000000, -0.0000000000000000000, -1.000000000000000000 ) ) ;
#2031 = LINE ( 'NONE', #6817, #3265 ) ;
#2032 = ORIENTED_EDGE ( 'NONE', *, *, #15, .F. ) ;
#2033 = LINE ( 'NONE', #6170, #2746 ) ;
#2034 = VECTOR ( 'NONE', #2592, 1000.000000000000000 ) ;
#2035 = SURFACE_SIDE_STYLE ('',( #6271 ) ) ;
#2036 = PRESENTATION_STYLE_ASSIGNMENT (( #1505 ) ) ;
#2037 = DIRECTION ( 'NONE',  ( 0.0000000000000000000, 0.9986295347545739443, -0.05233595624294388321 ) ) ;
#2038 = SURFACE_STYLE_USAGE ( .BOTH. , #1046 ) ;
#2039 = VERTEX_POINT ( 'NONE', #1094 ) ;
#2040 = UNCERTAINTY_MEASURE_WITH_UNIT (LENGTH_MEASURE( 1.000000000000000082E-05 ), #643, 'distance_accuracy_value', 'NONE');
#2041 = ORIENTED_EDGE ( 'NONE', *, *, #5450, .T. ) ;
#2042 = EDGE_LOOP ( 'NONE', ( #2936, #5161, #5675, #2041 ) ) ;
#2043 = CYLINDRICAL_SURFACE ( 'NONE', #6202, 0.5500000000000000444 ) ;
#2044 =( GEOMETRIC_REPRESENTATION_CONTEXT ( 3 ) GLOBAL_UNCERTAINTY_ASSIGNED_CONTEXT ( ( #4064 ) ) GLOBAL_UNIT_ASSIGNED_CONTEXT ( ( #1760, #318, #2902 ) ) REPRESENTATION_CONTEXT ( 'NONE', 'WORKASPACE' ) );
#2045 =( LENGTH_UNIT ( ) NAMED_UNIT ( * ) SI_UNIT ( .MILLI., .METRE. ) );
#2046 =( NAMED_UNIT ( * ) PLANE_ANGLE_UNIT ( ) SI_UNIT ( $, .RADIAN. ) );
#2047 = PRESENTATION_LAYER_ASSIGNMENT (  '', '', ( #4959 ) ) ;
#2048 = ORIENTED_EDGE ( 'NONE', *, *, #4930, .F. ) ;
#2049 = VECTOR ( 'NONE', #3579, 1000.000000000000000 ) ;
#2050 = CARTESIAN_POINT ( 'NONE',  ( -0.03316504619021998224, -2.056952929731181712, 0.3000000000000000444 ) ) ;
#2051 = FACE_OUTER_BOUND ( 'NONE', #1074, .T. ) ;
#2052 = VECTOR ( 'NONE', #2952, 1000.000000000000000 ) ;
#2053 = VECTOR ( 'NONE', #1710, 1000.000000000000114 ) ;
#2054 = EDGE_CURVE ( 'NONE', #3322, #474, #3179, .T. ) ;
#2055 = EDGE_CURVE ( 'NONE', #6691, #836, #2015, .T. ) ;
#2056 = PRESENTATION_LAYER_ASSIGNMENT (  '', '', ( #4868 ) ) ;
#2057 = DIRECTION ( 'NONE',  ( 0.0000000000000000000, 1.000000000000000000, -0.0000000000000000000 ) ) ;
#2058 = CIRCLE ( 'NONE', #1633, 0.5500000000000000444 ) ;
#2059 = FILL_AREA_STYLE ('',( #3558 ) ) ;
#2060 = PLANE ( 'NONE',  #3881 ) ;
#2062 = DIRECTION ( 'NONE',  ( 1.000000000000000000, 0.0000000000000000000, 0.0000000000000000000 ) ) ;
#2061 = FILL_AREA_STYLE ('',( #2670 ) ) ;
#2063 =( NAMED_UNIT ( * ) SI_UNIT ( $, .STERADIAN. ) SOLID_ANGLE_UNIT ( ) );
#2064 = VECTOR ( 'NONE', #1911, 1000.000000000000000 ) ;
#2065 = EDGE_CURVE ( 'NONE', #4708, #389, #5834, .T. ) ;
#2066 = COLOUR_RGB ( '',0.1019607843137254888, 0.1019607843137254888, 0.1019607843137254888 ) ;
#2067 = LINE ( 'NONE', #4214, #4908 ) ;
#2068 = VECTOR ( 'NONE', #3831, 1000.000000000000000 ) ;
#2069 = ORIENTED_EDGE ( 'NONE', *, *, #382, .T. ) ;
#2070 = LINE ( 'NONE', #1597, #4278 ) ;
#2071 = LINE ( 'NONE', #4218, #2144 ) ;
#2072 = ORIENTED_EDGE ( 'NONE', *, *, #3884, .T. ) ;
#2073 =( NAMED_UNIT ( * ) PLANE_ANGLE_UNIT ( ) SI_UNIT ( $, .RADIAN. ) );
#2074 = SURFACE_SIDE_STYLE ('',( #1708 ) ) ;
#2075 =( GEOMETRIC_REPRESENTATION_CONTEXT ( 3 ) GLOBAL_UNCERTAINTY_ASSIGNED_CONTEXT ( ( #2040 ) ) GLOBAL_UNIT_ASSIGNED_CONTEXT ( ( #643, #686, #2700 ) ) REPRESENTATION_CONTEXT ( 'NONE', 'WORKASPACE' ) );
#2076 = DIRECTION ( 'NONE',  ( -1.000000000000000000, -0.0000000000000000000, -0.0000000000000000000 ) ) ;
#2077 =( NAMED_UNIT ( * ) SI_UNIT ( $, .STERADIAN. ) SOLID_ANGLE_UNIT ( ) );
#2078 = DIRECTION ( 'NONE',  ( -1.000000000000000000, 0.0000000000000000000, 0.0000000000000000000 ) ) ;
#2079 = AXIS2_PLACEMENT_3D ( 'NONE', #3637, #5812, #4083 ) ;
#2080 = MECHANICAL_DESIGN_GEOMETRIC_PRESENTATION_REPRESENTATION (  '', ( #4216 ), #6548 ) ;
#2081 =( NAMED_UNIT ( * ) PLANE_ANGLE_UNIT ( ) SI_UNIT ( $, .RADIAN. ) );
#2082 = VECTOR ( 'NONE', #6734, 1000.000000000000000 ) ;
#2083 = EDGE_LOOP ( 'NONE', ( #5333, #780, #5409, #3932 ) ) ;
#2084 = FACE_OUTER_BOUND ( 'NONE', #3180, .T. ) ;
#2085 = EDGE_LOOP ( 'NONE', ( #1596, #885 ) ) ;
#2086 = VERTEX_POINT ( 'NONE', #4262 ) ;
#2087 =( GEOMETRIC_REPRESENTATION_CONTEXT ( 3 ) GLOBAL_UNCERTAINTY_ASSIGNED_CONTEXT ( ( #1724 ) ) GLOBAL_UNIT_ASSIGNED_CONTEXT ( ( #6709, #3012, #5913 ) ) REPRESENTATION_CONTEXT ( 'NONE', 'WORKASPACE' ) );
#2088 = AXIS2_PLACEMENT_3D ( 'NONE', #4283, #3205, #2784 ) ;
#2089 = DIRECTION ( 'NONE',  ( -0.0000000000000000000, 0.0000000000000000000, -1.000000000000000000 ) ) ;
#2090 = ORIENTED_EDGE ( 'NONE', *, *, #6770, .T. ) ;
#2091 = SURFACE_SIDE_STYLE ('',( #4303 ) ) ;
#2092 = DIRECTION ( 'NONE',  ( -1.000000000000000000, 0.0000000000000000000, 0.0000000000000000000 ) ) ;
#2093 = PLANE ( 'NONE',  #5843 ) ;
#2094 = CARTESIAN_POINT ( 'NONE',  ( -0.9960286258184727348, -0.5332195235787651200, 0.3500000000000000333 ) ) ;
#2095 =( NAMED_UNIT ( * ) SI_UNIT ( $, .STERADIAN. ) SOLID_ANGLE_UNIT ( ) );
#2096 = ADVANCED_FACE ( 'NONE', ( #3647 ), #6387, .F. ) ;
#2097 = CARTESIAN_POINT ( 'NONE',  ( -2.500000000000002220, 2.500000000000002220, 0.0000000000000000000 ) ) ;
#2098 = LINE ( 'NONE', #2632, #1843 ) ;
#2099 = VECTOR ( 'NONE', #5668, 1000.000000000000000 ) ;
#2101 = FILL_AREA_STYLE_COLOUR ( '', #5992 ) ;
#2100 = SURFACE_STYLE_FILL_AREA ( #2061 ) ;
#2102 = LINE ( 'NONE', #3670, #3908 ) ;
#2103 = EDGE_CURVE ( 'NONE', #2751, #2991, #673, .T. ) ;
#2104 =( GEOMETRIC_REPRESENTATION_CONTEXT ( 3 ) GLOBAL_UNCERTAINTY_ASSIGNED_CONTEXT ( ( #2589 ) ) GLOBAL_UNIT_ASSIGNED_CONTEXT ( ( #5002, #6011, #6476 ) ) REPRESENTATION_CONTEXT ( 'NONE', 'WORKASPACE' ) );
#2105 = EDGE_LOOP ( 'NONE', ( #6059, #5542, #4644, #3939 ) ) ;
#2106 = CARTESIAN_POINT ( 'NONE',  ( -2.500000000000001776, 2.100000000000000089, -0.2999999999999997113 ) ) ;
#2107 = EDGE_CURVE ( 'NONE', #3018, #761, #173, .T. ) ;
#2108 = DIRECTION ( 'NONE',  ( -0.0000000000000000000, -1.000000000000000000, -0.0000000000000000000 ) ) ;
#2109 = ORIENTED_EDGE ( 'NONE', *, *, #3129, .T. ) ;
#2110 = EDGE_CURVE ( 'NONE', #4542, #3953, #2159, .T. ) ;
#2111 = SURFACE_STYLE_USAGE ( .BOTH. , #5399 ) ;
#2112 = SURFACE_SIDE_STYLE ('',( #2680 ) ) ;
#2113 = VERTEX_POINT ( 'NONE', #6424 ) ;
#2114 = CARTESIAN_POINT ( 'NONE',  ( 2.430009069179262848, -2.500000000000002220, 0.8000000000000000444 ) ) ;
#2115 = DIRECTION ( 'NONE',  ( -0.0000000000000000000, -1.000000000000000000, -0.0000000000000000000 ) ) ;
#2116 = DIRECTION ( 'NONE',  ( 0.0000000000000000000, 0.0000000000000000000, -1.000000000000000000 ) ) ;
#2117 = LINE ( 'NONE', #1681, #1098 ) ;
#2118 = ORIENTED_EDGE ( 'NONE', *, *, #3671, .F. ) ;
#2119 = CARTESIAN_POINT ( 'NONE',  ( 1.930905544980987543, -2.056952929731181268, 0.3500000000000000333 ) ) ;
#2120 = UNCERTAINTY_MEASURE_WITH_UNIT (LENGTH_MEASURE( 1.000000000000000082E-05 ), #2045, 'distance_accuracy_value', 'NONE');
#2121 = VERTEX_POINT ( 'NONE', #1132 ) ;
#2122 = ADVANCED_FACE ( 'NONE', ( #4397 ), #3114, .T. ) ;
#2123 = FILL_AREA_STYLE ('',( #5929 ) ) ;
#2124 = ORIENTED_EDGE ( 'NONE', *, *, #4422, .T. ) ;
#2125 = DIRECTION ( 'NONE',  ( -0.0000000000000000000, -0.0000000000000000000, -1.000000000000000000 ) ) ;
#2126 = CARTESIAN_POINT ( 'NONE',  ( 0.5500000000000001554, 2.254834989607331863, -0.6999999999999999556 ) ) ;
#2127 = DIRECTION ( 'NONE',  ( -0.0000000000000000000, -0.0000000000000000000, -1.000000000000000000 ) ) ;
#2128 = ORIENTED_EDGE ( 'NONE', *, *, #4122, .T. ) ;
#2129 = ORIENTED_EDGE ( 'NONE', *, *, #606, .F. ) ;
#2130 = CARTESIAN_POINT ( 'NONE',  ( 2.500000000000003109, -3.299999999999998490, -7.608436298143901117E-15 ) ) ;
#2131 = CARTESIAN_POINT ( 'NONE',  ( 0.0000000000000000000, 0.0000000000000000000, -0.6999999999999999556 ) ) ;
#2132 = CARTESIAN_POINT ( 'NONE',  ( 0.5500000000000001554, 2.254834989607331863, -0.5699999999999999512 ) ) ;
#2133 = LINE ( 'NONE', #3194, #3988 ) ;
#2135 = SURFACE_STYLE_FILL_AREA ( #3735 ) ;
#2134 = CARTESIAN_POINT ( 'NONE',  ( -2.500000000000002665, -2.099999999999999645, 0.0000000000000000000 ) ) ;
#2136 = DIRECTION ( 'NONE',  ( -0.0000000000000000000, -0.0000000000000000000, -1.000000000000000000 ) ) ;
#2137 = DIRECTION ( 'NONE',  ( 0.0000000000000000000, 1.000000000000000000, 0.0000000000000000000 ) ) ;
#2138 = STYLED_ITEM ( 'NONE', ( #1626 ), #940 ) ;
#2139 = ORIENTED_EDGE ( 'NONE', *, *, #3398, .F. ) ;
#2140 = DIRECTION ( 'NONE',  ( 0.0000000000000000000, 0.0000000000000000000, 1.000000000000000000 ) ) ;
#2141 = EDGE_LOOP ( 'NONE', ( #2998, #3132, #3608, #1009 ) ) ;
#2142 = FILL_AREA_STYLE ('',( #6859 ) ) ;
#2143 = CARTESIAN_POINT ( 'NONE',  ( 2.500000000000001332, -2.099999999999999645, -0.4700000000000001399 ) ) ;
#2144 = VECTOR ( 'NONE', #2004, 1000.000000000000000 ) ;
#2145 = LINE ( 'NONE', #5809, #3301 ) ;
#2146 = ADVANCED_FACE ( 'NONE', ( #4768 ), #3484, .F. ) ;
#2147 =( GEOMETRIC_REPRESENTATION_CONTEXT ( 3 ) GLOBAL_UNCERTAINTY_ASSIGNED_CONTEXT ( ( #3930 ) ) GLOBAL_UNIT_ASSIGNED_CONTEXT ( ( #1356, #787, #2343 ) ) REPRESENTATION_CONTEXT ( 'NONE', 'WORKASPACE' ) );
#2148 = DIRECTION ( 'NONE',  ( -0.0000000000000000000, -0.0000000000000000000, -1.000000000000000000 ) ) ;
#2149 = ADVANCED_FACE ( 'NONE', ( #2385 ), #1898, .F. ) ;
#2150 = EDGE_CURVE ( 'NONE', #4016, #849, #1525, .T. ) ;
#2151 = PLANE ( 'NONE',  #6103 ) ;
#2152 = MECHANICAL_DESIGN_GEOMETRIC_PRESENTATION_REPRESENTATION (  '', ( #6599 ), #6720 ) ;
#2153 = DIRECTION ( 'NONE',  ( -0.0000000000000000000, -1.000000000000000000, -0.0000000000000000000 ) ) ;
#2154 = COLOUR_RGB ( '',0.8313725490196077761, 0.8392156862745098200, 0.8313725490196077761 ) ;
#2155 = ORIENTED_EDGE ( 'NONE', *, *, #5557, .T. ) ;
#2156 = DIRECTION ( 'NONE',  ( -0.0000000000000000000, 0.0000000000000000000, -1.000000000000000000 ) ) ;
#2157 = ORIENTED_EDGE ( 'NONE', *, *, #6836, .F. ) ;
#2158 = EDGE_CURVE ( 'NONE', #646, #4215, #4205, .T. ) ;
#2159 = LINE ( 'NONE', #106, #952 ) ;
#2160 = ORIENTED_EDGE ( 'NONE', *, *, #1614, .T. ) ;
#2161 = VECTOR ( 'NONE', #5765, 1000.000000000000000 ) ;
#2162 = CARTESIAN_POINT ( 'NONE',  ( -0.03316504619021998224, 2.110000814877110997, 0.3500000000000000333 ) ) ;
#2163 = ORIENTED_EDGE ( 'NONE', *, *, #3045, .T. ) ;
#2164 = SURFACE_SIDE_STYLE ('',( #5762 ) ) ;
#2165 = PRESENTATION_LAYER_ASSIGNMENT (  '', '', ( #1181 ) ) ;
#2166 = FACE_OUTER_BOUND ( 'NONE', #5709, .T. ) ;
#2167 = PRESENTATION_LAYER_ASSIGNMENT (  '', '', ( #4294 ) ) ;
#2168 = SURFACE_STYLE_USAGE ( .BOTH. , #76 ) ;
#2169 = DIRECTION ( 'NONE',  ( 1.000000000000000000, 0.0000000000000000000, 0.0000000000000000000 ) ) ;
#2170 = DIRECTION ( 'NONE',  ( -0.0000000000000000000, -1.000000000000000000, -0.0000000000000000000 ) ) ;
#2171 = STYLED_ITEM ( 'NONE', ( #2963 ), #2430 ) ;
#2172 = AXIS2_PLACEMENT_3D ( 'NONE', #654, #6348, #5959 ) ;
#2173 = FACE_OUTER_BOUND ( 'NONE', #93, .T. ) ;
#2174 = CARTESIAN_POINT ( 'NONE',  ( -2.400000000000001243, -1.199999999999999734, -0.4699999999999998068 ) ) ;
#2175 = PRESENTATION_LAYER_ASSIGNMENT (  '', '', ( #425 ) ) ;
#2176 = CIRCLE ( 'NONE', #5191, 0.3000000000000002665 ) ;
#2177 = ORIENTED_EDGE ( 'NONE', *, *, #5450, .F. ) ;
#2178 = DIRECTION ( 'NONE',  ( -0.0000000000000000000, -1.000000000000000000, -0.0000000000000000000 ) ) ;
#2179 = ORIENTED_EDGE ( 'NONE', *, *, #4032, .F. ) ;
#2180 = CARTESIAN_POINT ( 'NONE',  ( -1.919276727925023351, -0.8787392438591723476, 0.3500000000000000333 ) ) ;
#2181 = DIRECTION ( 'NONE',  ( 0.0000000000000000000, 0.0000000000000000000, 1.000000000000000000 ) ) ;
#2182 =( NAMED_UNIT ( * ) SI_UNIT ( $, .STERADIAN. ) SOLID_ANGLE_UNIT ( ) );
#2183 = CARTESIAN_POINT ( 'NONE',  ( -1.146028625818473756, -0.7287392438591713262, 0.3500000000000000333 ) ) ;
#2184 = AXIS2_PLACEMENT_3D ( 'NONE', #2977, #6121, #323 ) ;
#2186 = DIRECTION ( 'NONE',  ( 1.000000000000000000, -4.818676322157797375E-16, 0.0000000000000000000 ) ) ;
#2185 = SURFACE_STYLE_USAGE ( .BOTH. , #3817 ) ;
#2187 = ORIENTED_EDGE ( 'NONE', *, *, #3712, .F. ) ;
#2188 = COLOUR_RGB ( '',1.000000000000000000, 1.000000000000000000, 1.000000000000000000 ) ;
#2189 = STYLED_ITEM ( 'NONE', ( #314 ), #3044 ) ;
#2190 = CARTESIAN_POINT ( 'NONE',  ( 1.930905544980987543, -2.056952929731181268, 0.3000000000000000444 ) ) ;
#2191 = AXIS2_PLACEMENT_3D ( 'NONE', #158, #1700, #2802 ) ;
#2192 = UNCERTAINTY_MEASURE_WITH_UNIT (LENGTH_MEASURE( 1.000000000000000082E-05 ), #4305, 'distance_accuracy_value', 'NONE');
#2193 = ORIENTED_EDGE ( 'NONE', *, *, #47, .F. ) ;
#2194 = ORIENTED_EDGE ( 'NONE', *, *, #1141, .T. ) ;
#2195 = ADVANCED_FACE ( 'NONE', ( #998 ), #5245, .F. ) ;
#2196 = LINE ( 'NONE', #5897, #5525 ) ;
#2197 = EDGE_CURVE ( 'NONE', #4002, #1586, #1241, .T. ) ;
#2198 = FACE_OUTER_BOUND ( 'NONE', #2042, .T. ) ;
#2199 = COLOUR_RGB ( '',0.8313725490196077761, 0.8392156862745098200, 0.8313725490196077761 ) ;
#2200 = PRESENTATION_LAYER_ASSIGNMENT (  '', '', ( #5874 ) ) ;
#2201 = LINE ( 'NONE', #3358, #4301 ) ;
#2202 = PRESENTATION_STYLE_ASSIGNMENT (( #6530 ) ) ;
#2203 = DIRECTION ( 'NONE',  ( -0.0000000000000000000, -0.0000000000000000000, -1.000000000000000000 ) ) ;
#2204 = PRESENTATION_LAYER_ASSIGNMENT (  '', '', ( #1318 ) ) ;
#2205 = UNCERTAINTY_MEASURE_WITH_UNIT (LENGTH_MEASURE( 1.000000000000000082E-05 ), #6604, 'distance_accuracy_value', 'NONE');
#2206 = CIRCLE ( 'NONE', #2419, 1.699999999999999956 ) ;
#2207 = FILL_AREA_STYLE ('',( #107 ) ) ;
#2208 = COLOUR_RGB ( '',1.000000000000000000, 1.000000000000000000, 1.000000000000000000 ) ;
#2209 = ORIENTED_EDGE ( 'NONE', *, *, #1309, .F. ) ;
#2210 = EDGE_CURVE ( 'NONE', #5555, #827, #4952, .T. ) ;
#2211 = FACE_OUTER_BOUND ( 'NONE', #6087, .T. ) ;
#2212 = VECTOR ( 'NONE', #1272, 1000.000000000000000 ) ;
#2213 =( LENGTH_UNIT ( ) NAMED_UNIT ( * ) SI_UNIT ( .MILLI., .METRE. ) );
#2214 = LINE ( 'NONE', #1532, #3763 ) ;
#2215 = ORIENTED_EDGE ( 'NONE', *, *, #5685, .T. ) ;
#2216 = CARTESIAN_POINT ( 'NONE',  ( 2.400000000000001243, 1.200000000000000622, -0.4699999999999998068 ) ) ;
#2217 = ORIENTED_EDGE ( 'NONE', *, *, #969, .T. ) ;
#2218 =( NAMED_UNIT ( * ) SI_UNIT ( $, .STERADIAN. ) SOLID_ANGLE_UNIT ( ) );
#2219 = LINE ( 'NONE', #1709, #1551 ) ;
#2220 = CARTESIAN_POINT ( 'NONE',  ( -2.500000000000002220, 2.100000000000000089, 0.0000000000000000000 ) ) ;
#2221 = FILL_AREA_STYLE ('',( #2756 ) ) ;
#2222 = COLOUR_RGB ( '',0.1019607843137254888, 0.1019607843137254888, 0.1019607843137254888 ) ;
#2223 = ORIENTED_EDGE ( 'NONE', *, *, #4586, .F. ) ;
#2224 = CARTESIAN_POINT ( 'NONE',  ( -1.700000000000000622, -1.199999999999999734, -0.7699999999999999067 ) ) ;
#2225 = EDGE_LOOP ( 'NONE', ( #5023, #5430, #4258, #5336 ) ) ;
#2226 = ORIENTED_EDGE ( 'NONE', *, *, #5811, .F. ) ;
#2227 = SURFACE_STYLE_FILL_AREA ( #4894 ) ;
#2228 = FILL_AREA_STYLE ('',( #1835 ) ) ;
#2229 = DIRECTION ( 'NONE',  ( 2.404031325876694646E-16, -1.000000000000000000, 0.0000000000000000000 ) ) ;
#2230 = EDGE_CURVE ( 'NONE', #1431, #1021, #5941, .T. ) ;
#2231 = DIRECTION ( 'NONE',  ( -0.0000000000000000000, -0.0000000000000000000, -1.000000000000000000 ) ) ;
#2232 = FILL_AREA_STYLE_COLOUR ( '', #655 ) ;
#2233 = ORIENTED_EDGE ( 'NONE', *, *, #6070, .F. ) ;
#2234 = PLANE ( 'NONE',  #4517 ) ;
#2235 = EDGE_CURVE ( 'NONE', #271, #4542, #684, .T. ) ;
#2236 = EDGE_CURVE ( 'NONE', #4676, #5004, #2775, .T. ) ;
#2238 = LINE ( 'NONE', #4514, #1645 ) ;
#2237 = DIRECTION ( 'NONE',  ( 0.0000000000000000000, 0.0000000000000000000, -1.000000000000000000 ) ) ;
#2239 = DIRECTION ( 'NONE',  ( 2.409338161078899674E-16, 1.000000000000000000, -0.0000000000000000000 ) ) ;
#2240 = EDGE_CURVE ( 'NONE', #1325, #3572, #4869, .T. ) ;
#2241 = ORIENTED_EDGE ( 'NONE', *, *, #1302, .T. ) ;
#2242 = PRESENTATION_STYLE_ASSIGNMENT (( #5917 ) ) ;
#2243 = ORIENTED_EDGE ( 'NONE', *, *, #6477, .T. ) ;
#2244 = CARTESIAN_POINT ( 'NONE',  ( 2.499117102666011725, -1.199999999999999734, -0.01684668471109857651 ) ) ;
#2245 = DIRECTION ( 'NONE',  ( 0.0000000000000000000, 1.000000000000000000, 0.0000000000000000000 ) ) ;
#2246 = COLOUR_RGB ( '',0.8980392156862745390, 0.9215686274509803377, 0.9294117647058823817 ) ;
#2247 = VECTOR ( 'NONE', #2231, 1000.000000000000000 ) ;
#2248 = CARTESIAN_POINT ( 'NONE',  ( 2.463314554501873310, 0.0000000000000000000, -0.6999999999999999556 ) ) ;
#2249 = VERTEX_POINT ( 'NONE', #6504 ) ;
#2250 = PLANE ( 'NONE',  #6853 ) ;
#2251 = VECTOR ( 'NONE', #3521, 1000.000000000000000 ) ;
#2252 = AXIS2_PLACEMENT_3D ( 'NONE', #5407, #2153, #5494 ) ;
#2253 = DIRECTION ( 'NONE',  ( -1.000000000000000000, 0.0000000000000000000, -3.252606517456519613E-15 ) ) ;
#2254 = AXIS2_PLACEMENT_3D ( 'NONE', #2216, #694, #3877 ) ;
#2255 = FILL_AREA_STYLE ('',( #3794 ) ) ;
#2256 = UNCERTAINTY_MEASURE_WITH_UNIT (LENGTH_MEASURE( 1.000000000000000082E-05 ), #1912, 'distance_accuracy_value', 'NONE');
#2257 = PRESENTATION_STYLE_ASSIGNMENT (( #6498 ) ) ;
#2258 = ORIENTED_EDGE ( 'NONE', *, *, #3803, .F. ) ;
#2259 = CIRCLE ( 'NONE', #840, 0.3000000000000000444 ) ;
#2260 =( NAMED_UNIT ( * ) PLANE_ANGLE_UNIT ( ) SI_UNIT ( $, .RADIAN. ) );
#2261 = CARTESIAN_POINT ( 'NONE',  ( 1.930905544980987543, 2.110000814877110997, 0.3000000000000000444 ) ) ;
#2262 = FILL_AREA_STYLE ('',( #6437 ) ) ;
#2263 = CARTESIAN_POINT ( 'NONE',  ( -0.9960286258184727348, -0.2870056143358112877, 0.3000000000000000444 ) ) ;
#2265 = DIRECTION ( 'NONE',  ( -1.971276677246371272E-16, -1.000000000000000000, 0.0000000000000000000 ) ) ;
#2264 = LINE ( 'NONE', #6475, #6431 ) ;
#2266 = EDGE_CURVE ( 'NONE', #94, #4123, #5178, .T. ) ;
#2267 = ADVANCED_FACE ( 'NONE', ( #4905 ), #4830, .F. ) ;
#2268 = MECHANICAL_DESIGN_GEOMETRIC_PRESENTATION_REPRESENTATION (  '', ( #1181 ), #2044 ) ;
#2269 = VECTOR ( 'NONE', #5421, 1000.000000000000000 ) ;
#2270 = SURFACE_STYLE_USAGE ( .BOTH. , #4352 ) ;
#2271 = ORIENTED_EDGE ( 'NONE', *, *, #381, .F. ) ;
#2272 = PRESENTATION_LAYER_ASSIGNMENT (  '', '', ( #5293 ) ) ;
#2273 = FACE_OUTER_BOUND ( 'NONE', #6488, .T. ) ;
#2274 = AXIS2_PLACEMENT_3D ( 'NONE', #2280, #3933, #5035 ) ;
#2275 = FACE_OUTER_BOUND ( 'NONE', #1934, .T. ) ;
#2276 = ORIENTED_EDGE ( 'NONE', *, *, #657, .F. ) ;
#2277 = SURFACE_STYLE_USAGE ( .BOTH. , #3447 ) ;
#2278 = CARTESIAN_POINT ( 'NONE',  ( 1.600000000000000311, 1.099999999999999867, -0.5699999999999999512 ) ) ;
#2279 = ADVANCED_FACE ( 'NONE', ( #5101 ), #214, .F. ) ;
#2280 = CARTESIAN_POINT ( 'NONE',  ( 2.400000000000001243, -1.199999999999999734, -0.4699999999999998068 ) ) ;
#2281 = AXIS2_PLACEMENT_3D ( 'NONE', #1466, #1428, #4069 ) ;
#2282 = ORIENTED_EDGE ( 'NONE', *, *, #2023, .F. ) ;
#2283 = DIRECTION ( 'NONE',  ( -0.0000000000000000000, -0.0000000000000000000, -1.000000000000000000 ) ) ;
#2284 = DIRECTION ( 'NONE',  ( -1.000000000000000000, -1.604850264224746292E-16, 0.0000000000000000000 ) ) ;
#2285 = EDGE_LOOP ( 'NONE', ( #4116, #1329, #593, #6554 ) ) ;
#2286 = VERTEX_POINT ( 'NONE', #6038 ) ;
#2287 =( NAMED_UNIT ( * ) PLANE_ANGLE_UNIT ( ) SI_UNIT ( $, .RADIAN. ) );
#2288 = PRESENTATION_LAYER_ASSIGNMENT (  '', '', ( #2189 ) ) ;
#2289 = LINE ( 'NONE', #3219, #1834 ) ;
#2290 = COLOUR_RGB ( '',0.8980392156862745390, 0.9215686274509803377, 0.9294117647058823817 ) ;
#2291 = CARTESIAN_POINT ( 'NONE',  ( 1.700000000000000400, 1.200000000000000622, -0.7699999999999999067 ) ) ;
#2292 = ORIENTED_EDGE ( 'NONE', *, *, #4929, .T. ) ;
#2293 = ORIENTED_EDGE ( 'NONE', *, *, #437, .F. ) ;
#2294 = PRESENTATION_LAYER_ASSIGNMENT (  '', '', ( #4431 ) ) ;
#2295 =( NAMED_UNIT ( * ) SI_UNIT ( $, .STERADIAN. ) SOLID_ANGLE_UNIT ( ) );
#2296 = DIRECTION ( 'NONE',  ( -0.0000000000000000000, 0.0000000000000000000, -1.000000000000000000 ) ) ;
#2297 =( GEOMETRIC_REPRESENTATION_CONTEXT ( 3 ) GLOBAL_UNCERTAINTY_ASSIGNED_CONTEXT ( ( #5973 ) ) GLOBAL_UNIT_ASSIGNED_CONTEXT ( ( #1292, #1905, #4991 ) ) REPRESENTATION_CONTEXT ( 'NONE', 'WORKASPACE' ) );
#2298 = COLOUR_RGB ( '',1.000000000000000000, 1.000000000000000000, 1.000000000000000000 ) ;
#2299 = STYLED_ITEM ( 'NONE', ( #4856 ), #6469 ) ;
#2301 = CARTESIAN_POINT ( 'NONE',  ( -1.971607025033961236, 0.8251250982098667919, 0.3500000000000000333 ) ) ;
#2300 = CARTESIAN_POINT ( 'NONE',  ( 0.0000000000000000000, 0.0000000000000000000, 0.3000000000000000444 ) ) ;
#2302 = STYLED_ITEM ( 'NONE', ( #1137 ), #3888 ) ;
#2303 = ORIENTED_EDGE ( 'NONE', *, *, #4249, .F. ) ;
#2304 = ADVANCED_FACE ( 'NONE', ( #1375 ), #1815, .F. ) ;
#2305 = UNCERTAINTY_MEASURE_WITH_UNIT (LENGTH_MEASURE( 1.000000000000000082E-05 ), #4000, 'distance_accuracy_value', 'NONE');
#2306 = LINE ( 'NONE', #5586, #3502 ) ;
#2307 = EDGE_LOOP ( 'NONE', ( #328, #3911, #6765, #1162 ) ) ;
#2308 = DIRECTION ( 'NONE',  ( 0.0000000000000000000, 0.0000000000000000000, 1.000000000000000000 ) ) ;
#2309 = DIRECTION ( 'NONE',  ( 0.0000000000000000000, 0.0000000000000000000, 1.000000000000000000 ) ) ;
#2310 = CARTESIAN_POINT ( 'NONE',  ( 0.5500000000000000444, -1.049999999999999822, -0.6999999999999999556 ) ) ;
#2311 = CARTESIAN_POINT ( 'NONE',  ( -1.296028625818473667, 0.6751250982098668807, 0.3500000000000000333 ) ) ;
#2312 = EDGE_CURVE ( 'NONE', #411, #838, #5480, .T. ) ;
#2313 = STYLED_ITEM ( 'NONE', ( #4106 ), #4416 ) ;
#2314 = ORIENTED_EDGE ( 'NONE', *, *, #3449, .T. ) ;
#2315 = EDGE_CURVE ( 'NONE', #5711, #4676, #3031, .T. ) ;
#2316 = EDGE_CURVE ( 'NONE', #566, #6527, #81, .T. ) ;
#2317 = CARTESIAN_POINT ( 'NONE',  ( 2.400000000000002132, 2.100000000000000089, -0.2999999999999993783 ) ) ;
#2318 = ORIENTED_EDGE ( 'NONE', *, *, #14, .T. ) ;
#2319 =( NAMED_UNIT ( * ) PLANE_ANGLE_UNIT ( ) SI_UNIT ( $, .RADIAN. ) );
#2320 = ORIENTED_EDGE ( 'NONE', *, *, #5449, .T. ) ;
#2321 =( NAMED_UNIT ( * ) PLANE_ANGLE_UNIT ( ) SI_UNIT ( $, .RADIAN. ) );
#2322 =( LENGTH_UNIT ( ) NAMED_UNIT ( * ) SI_UNIT ( .MILLI., .METRE. ) );
#2323 = DIRECTION ( 'NONE',  ( 0.0000000000000000000, 0.0000000000000000000, -1.000000000000000000 ) ) ;
#2324 = ORIENTED_EDGE ( 'NONE', *, *, #5822, .T. ) ;
#2325 = EDGE_CURVE ( 'NONE', #6468, #99, #493, .T. ) ;
#2326 = LINE ( 'NONE', #5935, #729 ) ;
#2327 = UNCERTAINTY_MEASURE_WITH_UNIT (LENGTH_MEASURE( 1.000000000000000082E-05 ), #3323, 'distance_accuracy_value', 'NONE');
#2328 = SURFACE_SIDE_STYLE ('',( #3899 ) ) ;
#2329 = ORIENTED_EDGE ( 'NONE', *, *, #5311, .T. ) ;
#2330 = FILL_AREA_STYLE ('',( #245 ) ) ;
#2331 = LINE ( 'NONE', #4096, #4614 ) ;
#2332 = CARTESIAN_POINT ( 'NONE',  ( -2.400000000000002132, 2.100000000000000089, -0.2999999999999993783 ) ) ;
#2334 = LINE ( 'NONE', #4026, #2516 ) ;
#2333 =( NAMED_UNIT ( * ) SI_UNIT ( $, .STERADIAN. ) SOLID_ANGLE_UNIT ( ) );
#2335 = CARTESIAN_POINT ( 'NONE',  ( 0.5500000000000001554, 1.049999999999999822, -0.5699999999999999512 ) ) ;
#2336 = ORIENTED_EDGE ( 'NONE', *, *, #5143, .F. ) ;
#2337 = PLANE ( 'NONE',  #4056 ) ;
#2338 = EDGE_LOOP ( 'NONE', ( #5805, #2243, #1402, #3966 ) ) ;
#2339 = FILL_AREA_STYLE ('',( #229 ) ) ;
#2340 = DIRECTION ( 'NONE',  ( -1.000000000000000000, -0.0000000000000000000, -0.0000000000000000000 ) ) ;
#2341 = DIRECTION ( 'NONE',  ( 0.0000000000000000000, 0.0000000000000000000, 1.000000000000000000 ) ) ;
#2342 = ORIENTED_EDGE ( 'NONE', *, *, #5095, .T. ) ;
#2343 =( NAMED_UNIT ( * ) SI_UNIT ( $, .STERADIAN. ) SOLID_ANGLE_UNIT ( ) );
#2344 = CARTESIAN_POINT ( 'NONE',  ( -0.1415856775653445976, -0.1584055984559433750, 0.4500000000000000666 ) ) ;
#2345 = ORIENTED_EDGE ( 'NONE', *, *, #6304, .F. ) ;
#2346 = DIRECTION ( 'NONE',  ( 0.0000000000000000000, 0.0000000000000000000, 1.000000000000000000 ) ) ;
#2347 = ADVANCED_FACE ( 'NONE', ( #6220 ), #6774, .F. ) ;
#2348 = ORIENTED_EDGE ( 'NONE', *, *, #2266, .F. ) ;
#2349 = PRESENTATION_STYLE_ASSIGNMENT (( #5017 ) ) ;
#2350 = VECTOR ( 'NONE', #1785, 1000.000000000000000 ) ;
#2351 = LINE ( 'NONE', #639, #1203 ) ;
#2352 = LINE ( 'NONE', #4494, #4660 ) ;
#2353 = ADVANCED_FACE ( 'NONE', ( #1455 ), #5789, .F. ) ;
#2354 = ADVANCED_FACE ( 'NONE', ( #378 ), #2475, .F. ) ;
#2355 = CARTESIAN_POINT ( 'NONE',  ( 0.3603187164337338100, 0.8251250982098667919, 0.3000000000000000444 ) ) ;
#2356 = EDGE_LOOP ( 'NONE', ( #4805, #2345, #3969, #1583 ) ) ;
#2357 = LINE ( 'NONE', #3495, #176 ) ;
#2358 = ORIENTED_EDGE ( 'NONE', *, *, #4846, .T. ) ;
#2359 = ORIENTED_EDGE ( 'NONE', *, *, #1450, .F. ) ;
#2360 = SURFACE_STYLE_FILL_AREA ( #4543 ) ;
#2361 = CARTESIAN_POINT ( 'NONE',  ( 2.500000000000002220, -1.199999999999999734, 0.0000000000000000000 ) ) ;
#2362 = EDGE_CURVE ( 'NONE', #3855, #908, #1660, .T. ) ;
#2363 = CIRCLE ( 'NONE', #4055, 0.1000000000000002554 ) ;
#2364 = AXIS2_PLACEMENT_3D ( 'NONE', #4916, #723, #1647 ) ;
#2365 = DIRECTION ( 'NONE',  ( -0.0000000000000000000, -1.000000000000000000, -0.0000000000000000000 ) ) ;
#2366 = VECTOR ( 'NONE', #4440, 1000.000000000000000 ) ;
#2367 = DIRECTION ( 'NONE',  ( 1.000000000000000000, -1.971276677246371519E-16, 0.0000000000000000000 ) ) ;
#2368 = PRESENTATION_LAYER_ASSIGNMENT (  '', '', ( #5830 ) ) ;
#2369 = LINE ( 'NONE', #6669, #332 ) ;
#2370 = CYLINDRICAL_SURFACE ( 'NONE', #972, 0.3000000000000003775 ) ;
#2371 = FILL_AREA_STYLE ('',( #283 ) ) ;
#2372 = ORIENTED_EDGE ( 'NONE', *, *, #6153, .F. ) ;
#2373 = SURFACE_STYLE_FILL_AREA ( #2938 ) ;
#2374 = CARTESIAN_POINT ( 'NONE',  ( -1.971607025033961236, 2.110000814877110997, 0.3500000000000000333 ) ) ;
#2375 = VERTEX_POINT ( 'NONE', #6389 ) ;
#2376 = FACE_OUTER_BOUND ( 'NONE', #2465, .T. ) ;
#2377 = AXIS2_PLACEMENT_3D ( 'NONE', #3437, #352, #4551 ) ;
#2378 = FILL_AREA_STYLE ('',( #4975 ) ) ;
#2379 = PLANE ( 'NONE',  #2281 ) ;
#2380 = LINE ( 'NONE', #4527, #797 ) ;
#2381 =( GEOMETRIC_REPRESENTATION_CONTEXT ( 3 ) GLOBAL_UNCERTAINTY_ASSIGNED_CONTEXT ( ( #4367 ) ) GLOBAL_UNIT_ASSIGNED_CONTEXT ( ( #5503, #310, #2401 ) ) REPRESENTATION_CONTEXT ( 'NONE', 'WORKASPACE' ) );
#2382 = STYLED_ITEM ( 'NONE', ( #3337 ), #5099 ) ;
#2383 = ORIENTED_EDGE ( 'NONE', *, *, #6835, .F. ) ;
#2384 = DIRECTION ( 'NONE',  ( 0.0000000000000000000, 1.000000000000000000, 0.0000000000000000000 ) ) ;
#2385 = FACE_OUTER_BOUND ( 'NONE', #2953, .T. ) ;
#2386 = DIRECTION ( 'NONE',  ( -0.0000000000000000000, 1.000000000000000000, -0.0000000000000000000 ) ) ;
#2387 = ORIENTED_EDGE ( 'NONE', *, *, #733, .T. ) ;
#2388 = ORIENTED_EDGE ( 'NONE', *, *, #228, .F. ) ;
#2389 = SURFACE_STYLE_FILL_AREA ( #1799 ) ;
#2390 = LINE ( 'NONE', #5084, #3068 ) ;
#2391 = CIRCLE ( 'NONE', #2172, 0.1499999999999999667 ) ;
#2392 = CARTESIAN_POINT ( 'NONE',  ( 0.5500000000000000444, 6.735557395310442516E-17, -0.5699999999999999512 ) ) ;
#2393 = ORIENTED_EDGE ( 'NONE', *, *, #1263, .F. ) ;
#2394 = AXIS2_PLACEMENT_3D ( 'NONE', #3940, #4462, #1873 ) ;
#2395 = FILL_AREA_STYLE_COLOUR ( '', #5818 ) ;
#2396 = PRESENTATION_LAYER_ASSIGNMENT (  '', '', ( #206 ) ) ;
#2397 = EDGE_CURVE ( 'NONE', #6313, #2658, #70, .T. ) ;
#2398 = UNCERTAINTY_MEASURE_WITH_UNIT (LENGTH_MEASURE( 1.000000000000000082E-05 ), #3476, 'distance_accuracy_value', 'NONE');
#2399 = VERTEX_POINT ( 'NONE', #4339 ) ;
#2400 = ADVANCED_FACE ( 'NONE', ( #3725 ), #635, .F. ) ;
#2401 =( NAMED_UNIT ( * ) SI_UNIT ( $, .STERADIAN. ) SOLID_ANGLE_UNIT ( ) );
#2402 = ORIENTED_EDGE ( 'NONE', *, *, #6119, .T. ) ;
#2403 = FACE_OUTER_BOUND ( 'NONE', #2495, .T. ) ;
#2404 = MANIFOLD_SOLID_BREP ( '???????-????????4[2]', #3375 ) ;
#2405 = EDGE_CURVE ( 'NONE', #5345, #300, #730, .T. ) ;
#2406 = CARTESIAN_POINT ( 'NONE',  ( -1.599999999999999645, 2.200000000000000178, -0.5699999999999999512 ) ) ;
#2407 = COLOUR_RGB ( '',0.8313725490196077761, 0.8392156862745098200, 0.8313725490196077761 ) ;
#2408 = COLOUR_RGB ( '',0.8980392156862745390, 0.9215686274509803377, 0.9294117647058823817 ) ;
#2409 = EDGE_CURVE ( 'NONE', #30, #4752, #1134, .T. ) ;
#2410 = VECTOR ( 'NONE', #4178, 1000.000000000000000 ) ;
#2412 = DIRECTION ( 'NONE',  ( 4.818676322157797375E-16, 1.000000000000000000, 0.0000000000000000000 ) ) ;
#2411 = DIRECTION ( 'NONE',  ( 1.000000000000000000, 0.0000000000000000000, 0.0000000000000000000 ) ) ;
#2413 =( LENGTH_UNIT ( ) NAMED_UNIT ( * ) SI_UNIT ( .MILLI., .METRE. ) );
#2414 = FACE_BOUND ( 'NONE', #5175, .T. ) ;
#2415 = VECTOR ( 'NONE', #915, 1000.000000000000000 ) ;
#2416 =( NAMED_UNIT ( * ) PLANE_ANGLE_UNIT ( ) SI_UNIT ( $, .RADIAN. ) );
#2417 = MANIFOLD_SOLID_BREP ( '???????-????????5[1]', #171 ) ;
#2418 = ORIENTED_EDGE ( 'NONE', *, *, #3956, .T. ) ;
#2419 = AXIS2_PLACEMENT_3D ( 'NONE', #134, #4357, #5890 ) ;
#2420 = CIRCLE ( 'NONE', #5098, 0.3000000000000002665 ) ;
#2421 = DIRECTION ( 'NONE',  ( 1.000000000000000000, 0.0000000000000000000, 0.0000000000000000000 ) ) ;
#2422 = DIRECTION ( 'NONE',  ( 0.0000000000000000000, 0.0000000000000000000, 1.000000000000000000 ) ) ;
#2423 = VERTEX_POINT ( 'NONE', #3920 ) ;
#2424 = CARTESIAN_POINT ( 'NONE',  ( 2.400000000000001243, -1.199999999999999734, -0.4699999999999998068 ) ) ;
#2425 =( LENGTH_UNIT ( ) NAMED_UNIT ( * ) SI_UNIT ( .MILLI., .METRE. ) );
#2426 = ORIENTED_EDGE ( 'NONE', *, *, #710, .T. ) ;
#2427 =( NAMED_UNIT ( * ) PLANE_ANGLE_UNIT ( ) SI_UNIT ( $, .RADIAN. ) );
#2428 = EDGE_LOOP ( 'NONE', ( #1574, #2032, #888, #6243 ) ) ;
#2429 = SURFACE_STYLE_FILL_AREA ( #4988 ) ;
#2430 = MANIFOLD_SOLID_BREP ( '???????-????????5[4]', #280 ) ;
#2431 = DIRECTION ( 'NONE',  ( 0.0000000000000000000, 0.0000000000000000000, 1.000000000000000000 ) ) ;
#2432 = ORIENTED_EDGE ( 'NONE', *, *, #2796, .T. ) ;
#2433 = DIRECTION ( 'NONE',  ( -1.000000000000000000, -0.0000000000000000000, 0.0000000000000000000 ) ) ;
#2434 = ORIENTED_EDGE ( 'NONE', *, *, #5528, .F. ) ;
#2435 = CARTESIAN_POINT ( 'NONE',  ( -2.470127565808668990, 2.500000000000002220, -0.5699999999999999512 ) ) ;
#2436 = VECTOR ( 'NONE', #1467, 1000.000000000000000 ) ;
#2437 = ORIENTED_EDGE ( 'NONE', *, *, #5822, .F. ) ;
#2438 = DIRECTION ( 'NONE',  ( 1.000000000000000000, 0.0000000000000000000, 0.0000000000000000000 ) ) ;
#2439 = PRESENTATION_LAYER_ASSIGNMENT (  '', '', ( #5122 ) ) ;
#2440 = CYLINDRICAL_SURFACE ( 'NONE', #6176, 0.1499999999999999667 ) ;
#2441 = FILL_AREA_STYLE ('',( #6667 ) ) ;
#2442 = CARTESIAN_POINT ( 'NONE',  ( 2.400000000000002132, 2.100000000000000089, -0.2999999999999993783 ) ) ;
#2443 = EDGE_CURVE ( 'NONE', #4635, #2375, #1880, .T. ) ;
#2445 = CARTESIAN_POINT ( 'NONE',  ( 2.400000000000001243, -2.099999999999999645, -0.5699999999999999512 ) ) ;
#2444 = LINE ( 'NONE', #1917, #879 ) ;
#2446 = CARTESIAN_POINT ( 'NONE',  ( 1.600000000000000311, 1.099999999999999867, -0.6999999999999999556 ) ) ;
#2447 = EDGE_CURVE ( 'NONE', #5015, #4752, #3103, .T. ) ;
#2448 = EDGE_CURVE ( 'NONE', #1293, #2692, #3135, .T. ) ;
#2449 = UNCERTAINTY_MEASURE_WITH_UNIT (LENGTH_MEASURE( 1.000000000000000082E-05 ), #2425, 'distance_accuracy_value', 'NONE');
#2450 =( NAMED_UNIT ( * ) PLANE_ANGLE_UNIT ( ) SI_UNIT ( $, .RADIAN. ) );
#2451 = DIRECTION ( 'NONE',  ( 0.0000000000000000000, -0.0000000000000000000, -1.000000000000000000 ) ) ;
#2452 = EDGE_LOOP ( 'NONE', ( #2782, #2986, #4577, #4487 ) ) ;
#2453 = SURFACE_SIDE_STYLE ('',( #361 ) ) ;
#2454 = EDGE_CURVE ( 'NONE', #4321, #1479, #412, .T. ) ;
#2455 = DIRECTION ( 'NONE',  ( 0.0000000000000000000, 1.000000000000000000, 0.0000000000000000000 ) ) ;
#2456 = ORIENTED_EDGE ( 'NONE', *, *, #2796, .F. ) ;
#2457 = DIRECTION ( 'NONE',  ( 0.0000000000000000000, 0.0000000000000000000, 1.000000000000000000 ) ) ;
#2458 = SURFACE_SIDE_STYLE ('',( #845 ) ) ;
#2459 = VERTEX_POINT ( 'NONE', #5710 ) ;
#2460 = FILL_AREA_STYLE ('',( #367 ) ) ;
#2461 = ORIENTED_EDGE ( 'NONE', *, *, #5506, .F. ) ;
#2462 = FACE_OUTER_BOUND ( 'NONE', #2996, .T. ) ;
#2463 = DIRECTION ( 'NONE',  ( -0.0000000000000000000, -0.0000000000000000000, -1.000000000000000000 ) ) ;
#2464 = CARTESIAN_POINT ( 'NONE',  ( -1.146028625818473756, -0.7287392438591713262, 0.3500000000000000333 ) ) ;
#2465 = EDGE_LOOP ( 'NONE', ( #403, #3688, #2522, #4911 ) ) ;
#2466 = DIRECTION ( 'NONE',  ( -0.0000000000000000000, -0.0000000000000000000, -1.000000000000000000 ) ) ;
#2467 = UNCERTAINTY_MEASURE_WITH_UNIT (LENGTH_MEASURE( 1.000000000000000082E-05 ), #2413, 'distance_accuracy_value', 'NONE');
#2468 = ORIENTED_EDGE ( 'NONE', *, *, #670, .F. ) ;
#2469 =( LENGTH_UNIT ( ) NAMED_UNIT ( * ) SI_UNIT ( .MILLI., .METRE. ) );
#2470 = VERTEX_POINT ( 'NONE', #454 ) ;
#2471 =( NAMED_UNIT ( * ) SI_UNIT ( $, .STERADIAN. ) SOLID_ANGLE_UNIT ( ) );
#2472 = MECHANICAL_DESIGN_GEOMETRIC_PRESENTATION_REPRESENTATION (  '', ( #1594 ), #5150 ) ;
#2473 = VECTOR ( 'NONE', #205, 1000.000000000000000 ) ;
#2474 = FILL_AREA_STYLE ('',( #3581 ) ) ;
#2475 = PLANE ( 'NONE',  #5508 ) ;
#2476 = PRESENTATION_STYLE_ASSIGNMENT (( #494 ) ) ;
#2477 = VECTOR ( 'NONE', #2641, 1000.000000000000000 ) ;
#2478 = COLOUR_RGB ( '',0.1019607843137254888, 0.1019607843137254888, 0.1019607843137254888 ) ;
#2479 = PRESENTATION_STYLE_ASSIGNMENT (( #3551 ) ) ;
#2480 = SURFACE_STYLE_USAGE ( .BOTH. , #5581 ) ;
#2481 = CARTESIAN_POINT ( 'NONE',  ( -1.043697599916538765, 0.4413501301401799304, 0.3500000000000000333 ) ) ;
#2482 = ADVANCED_FACE ( 'NONE', ( #6245 ), #488, .F. ) ;
#2483 = ORIENTED_EDGE ( 'NONE', *, *, #3004, .T. ) ;
#2484 = EDGE_CURVE ( 'NONE', #35, #5263, #6318, .T. ) ;
#2485 = FILL_AREA_STYLE ('',( #1863 ) ) ;
#2486 = AXIS2_PLACEMENT_3D ( 'NONE', #4138, #4176, #2562 ) ;
#2487 = SURFACE_STYLE_USAGE ( .BOTH. , #3562 ) ;
#2488 = FACE_OUTER_BOUND ( 'NONE', #64, .T. ) ;
#2489 = ORIENTED_EDGE ( 'NONE', *, *, #4722, .F. ) ;
#2490 = CARTESIAN_POINT ( 'NONE',  ( 2.500000000000001332, -1.199999999999999734, -0.4700000000000001399 ) ) ;
#2491 = CARTESIAN_POINT ( 'NONE',  ( -1.600000000000000311, -2.199999999999999734, -0.5699999999999999512 ) ) ;
#2492 = ORIENTED_EDGE ( 'NONE', *, *, #613, .T. ) ;
#2493 = EDGE_CURVE ( 'NONE', #3216, #140, #1405, .T. ) ;
#2494 = FILL_AREA_STYLE_COLOUR ( '', #1294 ) ;
#2495 = EDGE_LOOP ( 'NONE', ( #3720, #5606, #1803, #3430 ) ) ;
#2496 = CARTESIAN_POINT ( 'NONE',  ( -0.1415856775653445976, 0.4413501301401799304, 0.3500000000000000333 ) ) ;
#2497 = CARTESIAN_POINT ( 'NONE',  ( 2.486342147991857487, -2.486342147991858376, -0.2606073410281599112 ) ) ;
#2498 = PRESENTATION_LAYER_ASSIGNMENT (  '', '', ( #304 ) ) ;
#2499 = SURFACE_STYLE_FILL_AREA ( #5229 ) ;
#2500 = ORIENTED_EDGE ( 'NONE', *, *, #103, .T. ) ;
#2501 = ORIENTED_EDGE ( 'NONE', *, *, #6544, .T. ) ;
#2502 = STYLED_ITEM ( 'NONE', ( #4858 ), #5317 ) ;
#2503 = ORIENTED_EDGE ( 'NONE', *, *, #451, .T. ) ;
#2504 = CARTESIAN_POINT ( 'NONE',  ( -1.600000000000000089, -1.099999999999999645, -0.5699999999999999512 ) ) ;
#2505 = CARTESIAN_POINT ( 'NONE',  ( 0.2838201673205150155, 0.4046747618464905383, 0.3500000000000000333 ) ) ;
#2506 = VECTOR ( 'NONE', #299, 1000.000000000000000 ) ;
#2507 = SURFACE_STYLE_FILL_AREA ( #3029 ) ;
#2508 = COLOUR_RGB ( '',1.000000000000000000, 1.000000000000000000, 1.000000000000000000 ) ;
#2509 = DIRECTION ( 'NONE',  ( -0.05233595624294388321, 0.0000000000000000000, 0.9986295347545739443 ) ) ;
#2510 = ORIENTED_EDGE ( 'NONE', *, *, #5782, .F. ) ;
#2511 = CARTESIAN_POINT ( 'NONE',  ( -0.1831650461902200044, -0.6832195235787650311, 0.3500000000000000333 ) ) ;
#2512 = PRESENTATION_LAYER_ASSIGNMENT (  '', '', ( #5301 ) ) ;
#2514 = FACE_OUTER_BOUND ( 'NONE', #5951, .T. ) ;
#2513 = DIRECTION ( 'NONE',  ( -1.000000000000000000, -0.0000000000000000000, -0.0000000000000000000 ) ) ;
#2515 = CARTESIAN_POINT ( 'NONE',  ( -2.470127565808668990, -1.099999999999999645, -0.5699999999999999512 ) ) ;
#2516 = VECTOR ( 'NONE', #1994, 1000.000000000000000 ) ;
#2517 = DIRECTION ( 'NONE',  ( -1.000000000000000000, 9.105833465946933014E-17, 0.0000000000000000000 ) ) ;
#2518 = AXIS2_PLACEMENT_3D ( 'NONE', #3593, #2237, #185 ) ;
#2519 = UNCERTAINTY_MEASURE_WITH_UNIT (LENGTH_MEASURE( 1.000000000000000082E-05 ), #1242, 'distance_accuracy_value', 'NONE');
#2520 =( NAMED_UNIT ( * ) PLANE_ANGLE_UNIT ( ) SI_UNIT ( $, .RADIAN. ) );
#2521 = DIRECTION ( 'NONE',  ( 0.0000000000000000000, 0.05233595624294388321, -0.9986295347545739443 ) ) ;
#2522 = ORIENTED_EDGE ( 'NONE', *, *, #6757, .T. ) ;
#2523 = CARTESIAN_POINT ( 'NONE',  ( -0.5500000000000002665, -2.240667692902679420, -0.5699999999999999512 ) ) ;
#2524 = STYLED_ITEM ( 'NONE', ( #590 ), #4006 ) ;
#2525 = PRESENTATION_LAYER_ASSIGNMENT (  '', '', ( #6435 ) ) ;
#2526 = DIRECTION ( 'NONE',  ( -1.000000000000000000, 0.0000000000000000000, 0.0000000000000000000 ) ) ;
#2527 = VECTOR ( 'NONE', #5644, 1000.000000000000000 ) ;
#2528 = LINE ( 'NONE', #842, #3452 ) ;
#2529 = ADVANCED_FACE ( 'NONE', ( #3684 ), #2999, .F. ) ;
#2530 = ORIENTED_EDGE ( 'NONE', *, *, #2767, .F. ) ;
#2531 =( GEOMETRIC_REPRESENTATION_CONTEXT ( 3 ) GLOBAL_UNCERTAINTY_ASSIGNED_CONTEXT ( ( #2825 ) ) GLOBAL_UNIT_ASSIGNED_CONTEXT ( ( #3021, #53, #653 ) ) REPRESENTATION_CONTEXT ( 'NONE', 'WORKASPACE' ) );
#2532 = DIRECTION ( 'NONE',  ( 1.000000000000000000, -0.0000000000000000000, -0.0000000000000000000 ) ) ;
#2533 = PRESENTATION_LAYER_ASSIGNMENT (  '', '', ( #4550 ) ) ;
#2534 = FACE_OUTER_BOUND ( 'NONE', #5926, .T. ) ;
#2535 = ORIENTED_EDGE ( 'NONE', *, *, #814, .F. ) ;
#2536 = CARTESIAN_POINT ( 'NONE',  ( 0.5500000000000000444, -2.240667692902679420, -0.5699999999999999512 ) ) ;
#2537 = DIRECTION ( 'NONE',  ( -1.000000000000000000, 0.0000000000000000000, -3.252606517456505019E-15 ) ) ;
#2538 =( NAMED_UNIT ( * ) PLANE_ANGLE_UNIT ( ) SI_UNIT ( $, .RADIAN. ) );
#2539 = LINE ( 'NONE', #2497, #4213 ) ;
#2540 = AXIS2_PLACEMENT_3D ( 'NONE', #3303, #5550, #2265 ) ;
#2541 = ADVANCED_FACE ( 'NONE', ( #141 ), #6459, .T. ) ;
#2542 = EDGE_CURVE ( 'NONE', #622, #4649, #1685, .T. ) ;
#2543 = CARTESIAN_POINT ( 'NONE',  ( -2.500000000000002665, 1.200000000000000400, 0.0000000000000000000 ) ) ;
#2544 = VERTEX_POINT ( 'NONE', #3246 ) ;
#2545 = LINE ( 'NONE', #3717, #2586 ) ;
#2546 = ORIENTED_EDGE ( 'NONE', *, *, #5394, .T. ) ;
#2547 = DIRECTION ( 'NONE',  ( -0.0000000000000000000, -0.0000000000000000000, -1.000000000000000000 ) ) ;
#2548 = ORIENTED_EDGE ( 'NONE', *, *, #1657, .T. ) ;
#2549 = MANIFOLD_SOLID_BREP ( '?????1', #4036 ) ;
#2550 = EDGE_CURVE ( 'NONE', #3420, #807, #5855, .T. ) ;
#2551 =( LENGTH_UNIT ( ) NAMED_UNIT ( * ) SI_UNIT ( .MILLI., .METRE. ) );
#2552 = CARTESIAN_POINT ( 'NONE',  ( 2.500000000000002665, -2.099999999999999645, 0.0000000000000000000 ) ) ;
#2553 = DIRECTION ( 'NONE',  ( -0.0000000000000000000, -0.0000000000000000000, -1.000000000000000000 ) ) ;
#2554 = AXIS2_PLACEMENT_3D ( 'NONE', #1924, #5072, #2422 ) ;
#2555 = CARTESIAN_POINT ( 'NONE',  ( 2.500000000000002220, 1.099999999999999645, -1.113822951755387618E-17 ) ) ;
#2557 = SURFACE_SIDE_STYLE ('',( #1379 ) ) ;
#2556 = DIRECTION ( 'NONE',  ( 0.0000000000000000000, -0.9961946980917455452, 0.08715574274765820750 ) ) ;
#2558 = STYLED_ITEM ( 'NONE', ( #4777 ), #4801 ) ;
#2559 = LINE ( 'NONE', #5724, #311 ) ;
#2560 = CARTESIAN_POINT ( 'NONE',  ( -2.400000000000001243, -1.199999999999999734, -0.4699999999999998068 ) ) ;
#2561 = DIRECTION ( 'NONE',  ( -1.000000000000000000, 4.818676322157797375E-16, -3.043374519257556424E-15 ) ) ;
#2562 = DIRECTION ( 'NONE',  ( 0.0000000000000000000, -0.08715574274765820750, 0.9961946980917455452 ) ) ;
#2563 = SURFACE_SIDE_STYLE ('',( #1384 ) ) ;
#2564 = DIRECTION ( 'NONE',  ( -0.0000000000000000000, -0.0000000000000000000, -1.000000000000000000 ) ) ;
#2565 = ORIENTED_EDGE ( 'NONE', *, *, #2708, .F. ) ;
#2566 = CARTESIAN_POINT ( 'NONE',  ( 2.500000000000002220, -2.430009069179262848, 0.8000000000000000444 ) ) ;
#2567 = DIRECTION ( 'NONE',  ( 0.0000000000000000000, -1.000000000000000000, 0.0000000000000000000 ) ) ;
#2568 = ORIENTED_EDGE ( 'NONE', *, *, #3753, .T. ) ;
#2569 = VERTEX_POINT ( 'NONE', #3823 ) ;
#2570 = FACE_OUTER_BOUND ( 'NONE', #3272, .T. ) ;
#2571 = PLANE ( 'NONE',  #990 ) ;
#2572 = ORIENTED_EDGE ( 'NONE', *, *, #5406, .T. ) ;
#2573 = DIRECTION ( 'NONE',  ( -0.0000000000000000000, 0.0000000000000000000, -1.000000000000000000 ) ) ;
#2574 = ORIENTED_EDGE ( 'NONE', *, *, #4600, .F. ) ;
#2575 = ORIENTED_EDGE ( 'NONE', *, *, #4434, .T. ) ;
#2576 = ADVANCED_FACE ( 'NONE', ( #5965 ), #6002, .T. ) ;
#2577 = EDGE_CURVE ( 'NONE', #5145, #2647, #1073, .T. ) ;
#2578 = SURFACE_SIDE_STYLE ('',( #6354 ) ) ;
#2579 = SURFACE_STYLE_FILL_AREA ( #5238 ) ;
#2580 = ORIENTED_EDGE ( 'NONE', *, *, #658, .F. ) ;
#2581 = FILL_AREA_STYLE_COLOUR ( '', #2835 ) ;
#2582 = CARTESIAN_POINT ( 'NONE',  ( 0.2838201673205150155, 0.4046747618464905383, 0.4500000000000000666 ) ) ;
#2583 = ADVANCED_FACE ( 'NONE', ( #3456 ), #4986, .F. ) ;
#2584 = CARTESIAN_POINT ( 'NONE',  ( 0.5500000000000000444, -2.240667692902679420, -0.6999999999999999556 ) ) ;
#2585 =( GEOMETRIC_REPRESENTATION_CONTEXT ( 3 ) GLOBAL_UNCERTAINTY_ASSIGNED_CONTEXT ( ( #6013 ) ) GLOBAL_UNIT_ASSIGNED_CONTEXT ( ( #1424, #2520, #4666 ) ) REPRESENTATION_CONTEXT ( 'NONE', 'WORKASPACE' ) );
#2586 = VECTOR ( 'NONE', #6278, 1000.000000000000114 ) ;
#2587 =( LENGTH_UNIT ( ) NAMED_UNIT ( * ) SI_UNIT ( .MILLI., .METRE. ) );
#2588 = STYLED_ITEM ( 'NONE', ( #2619 ), #1239 ) ;
#2589 = UNCERTAINTY_MEASURE_WITH_UNIT (LENGTH_MEASURE( 1.000000000000000082E-05 ), #5002, 'distance_accuracy_value', 'NONE');
#2590 = CARTESIAN_POINT ( 'NONE',  ( -1.700000000000000400, -2.099999999999999645, -0.7699999999999999067 ) ) ;
#2591 = AXIS2_PLACEMENT_3D ( 'NONE', #3674, #506, #945 ) ;
#2592 = DIRECTION ( 'NONE',  ( 0.0000000000000000000, 1.000000000000000000, 0.0000000000000000000 ) ) ;
#2593 =( LENGTH_UNIT ( ) NAMED_UNIT ( * ) SI_UNIT ( .MILLI., .METRE. ) );
#2594 =( NAMED_UNIT ( * ) SI_UNIT ( $, .STERADIAN. ) SOLID_ANGLE_UNIT ( ) );
#2596 = PLANE ( 'NONE',  #3209 ) ;
#2595 = PRESENTATION_STYLE_ASSIGNMENT (( #2027 ) ) ;
#2597 = DIRECTION ( 'NONE',  ( -1.000000000000000000, 0.0000000000000000000, 0.0000000000000000000 ) ) ;
#2598 = VECTOR ( 'NONE', #2841, 1000.000000000000000 ) ;
#2599 = FACE_OUTER_BOUND ( 'NONE', #1963, .T. ) ;
#2600 = AXIS2_PLACEMENT_3D ( 'NONE', #2676, #2140, #5363 ) ;
#2601 = ORIENTED_EDGE ( 'NONE', *, *, #5236, .F. ) ;
#2602 = CARTESIAN_POINT ( 'NONE',  ( -0.1831650461902210314, -0.5332195235787651200, 0.3500000000000000333 ) ) ;
#2603 = VERTEX_POINT ( 'NONE', #4490 ) ;
#2604 = STYLED_ITEM ( 'NONE', ( #1554 ), #1941 ) ;
#2605 = ORIENTED_EDGE ( 'NONE', *, *, #6073, .F. ) ;
#2606 =( LENGTH_UNIT ( ) NAMED_UNIT ( * ) SI_UNIT ( .MILLI., .METRE. ) );
#2607 = CARTESIAN_POINT ( 'NONE',  ( -2.471716000805965763, -2.099999999999999645, -0.5396908546970039522 ) ) ;
#2608 = ORIENTED_EDGE ( 'NONE', *, *, #1604, .T. ) ;
#2609 = ORIENTED_EDGE ( 'NONE', *, *, #6704, .F. ) ;
#2610 = ORIENTED_EDGE ( 'NONE', *, *, #3182, .F. ) ;
#2611 = SURFACE_SIDE_STYLE ('',( #5753 ) ) ;
#2612 = VECTOR ( 'NONE', #3258, 1000.000000000000000 ) ;
#2613 = DIRECTION ( 'NONE',  ( -0.0000000000000000000, -0.0000000000000000000, -1.000000000000000000 ) ) ;
#2614 = DIRECTION ( 'NONE',  ( 1.000000000000000000, 4.818676322157797375E-16, -3.047392128993071134E-15 ) ) ;
#2615 = ADVANCED_FACE ( 'NONE', ( #6612 ), #5043, .T. ) ;
#2616 = ORIENTED_EDGE ( 'NONE', *, *, #6628, .F. ) ;
#2617 = AXIS2_PLACEMENT_3D ( 'NONE', #2311, #4525, #2909 ) ;
#2618 = SURFACE_SIDE_STYLE ('',( #1991 ) ) ;
#2619 = PRESENTATION_STYLE_ASSIGNMENT (( #564 ) ) ;
#2620 = LINE ( 'NONE', #3799, #4652 ) ;
#2621 = AXIS2_PLACEMENT_3D ( 'NONE', #4567, #6786, #5740 ) ;
#2622 = MECHANICAL_DESIGN_GEOMETRIC_PRESENTATION_REPRESENTATION (  '', ( #3642 ), #1521 ) ;
#2623 = CARTESIAN_POINT ( 'NONE',  ( -1.146028625818473756, -0.7287392438591713262, 0.3500000000000000333 ) ) ;
#2624 = EDGE_CURVE ( 'NONE', #660, #2286, #4918, .T. ) ;
#2625 = CARTESIAN_POINT ( 'NONE',  ( 2.400000000000001243, 2.100000000000000089, -0.4699999999999998068 ) ) ;
#2626 = ADVANCED_FACE ( 'NONE', ( #168 ), #3974, .T. ) ;
#2627 = VECTOR ( 'NONE', #3678, 1000.000000000000000 ) ;
#2628 = SURFACE_SIDE_STYLE ('',( #6333 ) ) ;
#2629 = PLANE ( 'NONE',  #4612 ) ;
#2630 =( GEOMETRIC_REPRESENTATION_CONTEXT ( 3 ) GLOBAL_UNCERTAINTY_ASSIGNED_CONTEXT ( ( #5680 ) ) GLOBAL_UNIT_ASSIGNED_CONTEXT ( ( #6540, #5425, #772 ) ) REPRESENTATION_CONTEXT ( 'NONE', 'WORKASPACE' ) );
#2631 = CARTESIAN_POINT ( 'NONE',  ( 2.400000000000002132, 2.100000000000000089, -0.2999999999999993783 ) ) ;
#2632 = CARTESIAN_POINT ( 'NONE',  ( 2.470127565808668990, 2.500000000000002220, -0.5699999999999999512 ) ) ;
#2634 = DIRECTION ( 'NONE',  ( 0.0000000000000000000, -0.0000000000000000000, 1.000000000000000000 ) ) ;
#2633 = CARTESIAN_POINT ( 'NONE',  ( -2.499117102666011725, 2.100000000000000089, -0.01684668471109857651 ) ) ;
#2635 = CARTESIAN_POINT ( 'NONE',  ( -2.400000000000001243, 1.200000000000001954, -0.7699999999999999067 ) ) ;
#2636 = VECTOR ( 'NONE', #2564, 1000.000000000000000 ) ;
#2637 = ADVANCED_FACE ( 'NONE', ( #6135 ), #2250, .F. ) ;
#2638 = ORIENTED_EDGE ( 'NONE', *, *, #2624, .T. ) ;
#2639 = LINE ( 'NONE', #19, #5943 ) ;
#2640 =( GEOMETRIC_REPRESENTATION_CONTEXT ( 3 ) GLOBAL_UNCERTAINTY_ASSIGNED_CONTEXT ( ( #2256 ) ) GLOBAL_UNIT_ASSIGNED_CONTEXT ( ( #1912, #273, #3540 ) ) REPRESENTATION_CONTEXT ( 'NONE', 'WORKASPACE' ) );
#2641 = DIRECTION ( 'NONE',  ( -1.000000000000000000, 0.0000000000000000000, 0.0000000000000000000 ) ) ;
#2642 = ORIENTED_EDGE ( 'NONE', *, *, #381, .T. ) ;
#2643 =( GEOMETRIC_REPRESENTATION_CONTEXT ( 3 ) GLOBAL_UNCERTAINTY_ASSIGNED_CONTEXT ( ( #270 ) ) GLOBAL_UNIT_ASSIGNED_CONTEXT ( ( #3754, #4394, #32 ) ) REPRESENTATION_CONTEXT ( 'NONE', 'WORKASPACE' ) );
#2644 = FACE_OUTER_BOUND ( 'NONE', #6613, .T. ) ;
#2645 = DIRECTION ( 'NONE',  ( 0.0000000000000000000, 1.000000000000000000, 0.0000000000000000000 ) ) ;
#2646 = MECHANICAL_DESIGN_GEOMETRIC_PRESENTATION_REPRESENTATION (  '', ( #678 ), #4539 ) ;
#2647 = VERTEX_POINT ( 'NONE', #5187 ) ;
#2648 = LINE ( 'NONE', #6372, #6442 ) ;
#2649 = DIRECTION ( 'NONE',  ( 0.0000000000000000000, 1.000000000000000000, 0.0000000000000000000 ) ) ;
#2650 = LINE ( 'NONE', #1045, #1321 ) ;
#2651 = VERTEX_POINT ( 'NONE', #6269 ) ;
#2652 = CARTESIAN_POINT ( 'NONE',  ( -2.499117102666011725, -2.099999999999999645, -0.01684668471109857651 ) ) ;
#2653 = ORIENTED_EDGE ( 'NONE', *, *, #3990, .T. ) ;
#2654 = EDGE_LOOP ( 'NONE', ( #6368, #1063, #517, #1097, #505, #2223 ) ) ;
#2655 = PRESENTATION_STYLE_ASSIGNMENT (( #65 ) ) ;
#2656 = FACE_OUTER_BOUND ( 'NONE', #5149, .T. ) ;
#2657 = CARTESIAN_POINT ( 'NONE',  ( -1.043697599916538765, 0.4413501301401799304, 0.4500000000000000666 ) ) ;
#2658 = VERTEX_POINT ( 'NONE', #2990 ) ;
#2659 = SURFACE_SIDE_STYLE ('',( #599 ) ) ;
#2660 = DIRECTION ( 'NONE',  ( -0.0000000000000000000, 0.0000000000000000000, -1.000000000000000000 ) ) ;
#2661 = ORIENTED_EDGE ( 'NONE', *, *, #5728, .T. ) ;
#2662 = FACE_OUTER_BOUND ( 'NONE', #3716, .T. ) ;
#2663 =( NAMED_UNIT ( * ) PLANE_ANGLE_UNIT ( ) SI_UNIT ( $, .RADIAN. ) );
#2664 = VECTOR ( 'NONE', #942, 1000.000000000000000 ) ;
#2665 = FACE_OUTER_BOUND ( 'NONE', #6357, .T. ) ;
#2666 = PLANE ( 'NONE',  #5949 ) ;
#2667 = EDGE_CURVE ( 'NONE', #856, #4542, #1901, .T. ) ;
#2668 = DIRECTION ( 'NONE',  ( 1.000000000000000000, 0.0000000000000000000, 0.0000000000000000000 ) ) ;
#2669 = VECTOR ( 'NONE', #3046, 1000.000000000000000 ) ;
#2671 = FILL_AREA_STYLE ('',( #1629 ) ) ;
#2670 = FILL_AREA_STYLE_COLOUR ( '', #5756 ) ;
#2672 = ADVANCED_FACE ( 'NONE', ( #3634 ), #4707, .F. ) ;
#2673 = EDGE_CURVE ( 'NONE', #4363, #1279, #3600, .T. ) ;
#2674 = DIRECTION ( 'NONE',  ( 0.0000000000000000000, 1.000000000000000000, 0.0000000000000000000 ) ) ;
#2675 = ORIENTED_EDGE ( 'NONE', *, *, #1056, .T. ) ;
#2676 = CARTESIAN_POINT ( 'NONE',  ( 0.0000000000000000000, 0.0000000000000000000, -0.7699999999999999067 ) ) ;
#2677 = LINE ( 'NONE', #3708, #3033 ) ;
#2678 = EDGE_LOOP ( 'NONE', ( #1882, #5701, #2806, #3306 ) ) ;
#2679 = PRESENTATION_STYLE_ASSIGNMENT (( #1010 ) ) ;
#2680 = SURFACE_STYLE_FILL_AREA ( #133 ) ;
#2681 = PRESENTATION_STYLE_ASSIGNMENT (( #587 ) ) ;
#2682 = ADVANCED_FACE ( 'NONE', ( #979 ), #3050, .T. ) ;
#2683 = DIRECTION ( 'NONE',  ( 0.05233595624294388321, -0.0000000000000000000, -0.9986295347545739443 ) ) ;
#2685 = DIRECTION ( 'NONE',  ( 2.409338161078899674E-16, 1.000000000000000000, 0.0000000000000000000 ) ) ;
#2684 = DIRECTION ( 'NONE',  ( 0.0000000000000000000, 0.0000000000000000000, -1.000000000000000000 ) ) ;
#2686 = DIRECTION ( 'NONE',  ( -1.000000000000000000, 0.0000000000000000000, 0.0000000000000000000 ) ) ;
#2687 = LINE ( 'NONE', #3785, #4159 ) ;
#2688 = ORIENTED_EDGE ( 'NONE', *, *, #4804, .T. ) ;
#2689 = EDGE_LOOP ( 'NONE', ( #72, #718, #4471, #4851 ) ) ;
#2690 = FACE_OUTER_BOUND ( 'NONE', #1484, .T. ) ;
#2691 = FILL_AREA_STYLE ('',( #3291 ) ) ;
#2692 = VERTEX_POINT ( 'NONE', #4043 ) ;
#2693 = FACE_OUTER_BOUND ( 'NONE', #957, .T. ) ;
#2694 = ORIENTED_EDGE ( 'NONE', *, *, #4843, .F. ) ;
#2695 =( NAMED_UNIT ( * ) PLANE_ANGLE_UNIT ( ) SI_UNIT ( $, .RADIAN. ) );
#2696 = DIRECTION ( 'NONE',  ( 0.0000000000000000000, 0.0000000000000000000, 1.000000000000000000 ) ) ;
#2697 = FILL_AREA_STYLE_COLOUR ( '', #2246 ) ;
#2698 = CARTESIAN_POINT ( 'NONE',  ( 1.700000000000000400, 1.200000000000000622, -0.7699999999999999067 ) ) ;
#2699 = AXIS2_PLACEMENT_3D ( 'NONE', #5209, #464, #4616 ) ;
#2701 =( NAMED_UNIT ( * ) PLANE_ANGLE_UNIT ( ) SI_UNIT ( $, .RADIAN. ) );
#2700 =( NAMED_UNIT ( * ) SI_UNIT ( $, .STERADIAN. ) SOLID_ANGLE_UNIT ( ) );
#2702 = CARTESIAN_POINT ( 'NONE',  ( 2.400000000000002132, -1.199999999999999734, -0.2999999999999993783 ) ) ;
#2703 = FILL_AREA_STYLE ('',( #472 ) ) ;
#2704 = VECTOR ( 'NONE', #6610, 1000.000000000000000 ) ;
#2705 = STYLED_ITEM ( 'NONE', ( #6692 ), #183 ) ;
#2706 = ORIENTED_EDGE ( 'NONE', *, *, #2454, .T. ) ;
#2707 = EDGE_CURVE ( 'NONE', #4091, #6313, #5118, .T. ) ;
#2708 = EDGE_CURVE ( 'NONE', #786, #5919, #2033, .T. ) ;
#2709 = FACE_OUTER_BOUND ( 'NONE', #6855, .T. ) ;
#2710 = ORIENTED_EDGE ( 'NONE', *, *, #3356, .T. ) ;
#2711 = LINE ( 'NONE', #4841, #6768 ) ;
#2712 = DIRECTION ( 'NONE',  ( 0.0000000000000000000, -1.000000000000000000, 0.0000000000000000000 ) ) ;
#2713 = AXIS2_PLACEMENT_3D ( 'NONE', #84, #4420, #5887 ) ;
#2714 = CARTESIAN_POINT ( 'NONE',  ( 2.400000000000002132, 1.200000000000000622, -0.2999999999999993783 ) ) ;
#2715 = MECHANICAL_DESIGN_GEOMETRIC_PRESENTATION_REPRESENTATION (  '', ( #6386 ), #4051 ) ;
#2716 =( NAMED_UNIT ( * ) PLANE_ANGLE_UNIT ( ) SI_UNIT ( $, .RADIAN. ) );
#2717 = ORIENTED_EDGE ( 'NONE', *, *, #1116, .T. ) ;
#2718 = ADVANCED_FACE ( 'NONE', ( #5638 ), #5674, .F. ) ;
#2719 = VECTOR ( 'NONE', #3612, 1000.000000000000000 ) ;
#2720 = LINE ( 'NONE', #2224, #5592 ) ;
#2721 = VECTOR ( 'NONE', #4940, 1000.000000000000000 ) ;
#2722 = ORIENTED_EDGE ( 'NONE', *, *, #6472, .F. ) ;
#2723 =( NAMED_UNIT ( * ) PLANE_ANGLE_UNIT ( ) SI_UNIT ( $, .RADIAN. ) );
#2724 = EDGE_LOOP ( 'NONE', ( #5257, #6491, #1077, #6241 ) ) ;
#2725 = CYLINDRICAL_SURFACE ( 'NONE', #6872, 0.1500000000000000222 ) ;
#2726 = SURFACE_SIDE_STYLE ('',( #630 ) ) ;
#2727 = COLOUR_RGB ( '',0.8980392156862745390, 0.9215686274509803377, 0.9294117647058823817 ) ;
#2728 = FACE_OUTER_BOUND ( 'NONE', #6535, .T. ) ;
#2729 = SURFACE_SIDE_STYLE ('',( #633 ) ) ;
#2730 = DIRECTION ( 'NONE',  ( -1.000000000000000000, 0.0000000000000000000, -3.252606517456519613E-15 ) ) ;
#2731 =( GEOMETRIC_REPRESENTATION_CONTEXT ( 3 ) GLOBAL_UNCERTAINTY_ASSIGNED_CONTEXT ( ( #1890 ) ) GLOBAL_UNIT_ASSIGNED_CONTEXT ( ( #1930, #2949, #5076 ) ) REPRESENTATION_CONTEXT ( 'NONE', 'WORKASPACE' ) );
#2732 = DIRECTION ( 'NONE',  ( 0.0000000000000000000, -0.0000000000000000000, -1.000000000000000000 ) ) ;
#2733 = SURFACE_STYLE_USAGE ( .BOTH. , #2091 ) ;
#2734 = VERTEX_POINT ( 'NONE', #3164 ) ;
#2735 = CARTESIAN_POINT ( 'NONE',  ( -2.400000000000001243, 2.100000000000000089, -0.7700000000000000178 ) ) ;
#2736 = MECHANICAL_DESIGN_GEOMETRIC_PRESENTATION_REPRESENTATION (  '', ( #6522 ), #644 ) ;
#2737 = DIRECTION ( 'NONE',  ( 0.0000000000000000000, 0.0000000000000000000, 1.000000000000000000 ) ) ;
#2738 = VECTOR ( 'NONE', #3833, 1000.000000000000000 ) ;
#2739 = CARTESIAN_POINT ( 'NONE',  ( -2.400000000000001243, -2.099999999999999645, -0.5700000000000000622 ) ) ;
#2740 = SURFACE_STYLE_FILL_AREA ( #3300 ) ;
#2741 = PRESENTATION_STYLE_ASSIGNMENT (( #6664 ) ) ;
#2742 = VECTOR ( 'NONE', #3537, 1000.000000000000000 ) ;
#2743 = VECTOR ( 'NONE', #67, 1000.000000000000000 ) ;
#2744 = FACE_OUTER_BOUND ( 'NONE', #371, .T. ) ;
#2745 = PRESENTATION_STYLE_ASSIGNMENT (( #2270 ) ) ;
#2746 = VECTOR ( 'NONE', #3523, 1000.000000000000000 ) ;
#2747 = AXIS2_PLACEMENT_3D ( 'NONE', #2174, #4351, #3768 ) ;
#2748 = ORIENTED_EDGE ( 'NONE', *, *, #2405, .F. ) ;
#2749 = UNCERTAINTY_MEASURE_WITH_UNIT (LENGTH_MEASURE( 1.000000000000000082E-05 ), #795, 'distance_accuracy_value', 'NONE');
#2750 = DIRECTION ( 'NONE',  ( 2.710505431213761578E-16, -1.000000000000000000, 0.0000000000000000000 ) ) ;
#2751 = VERTEX_POINT ( 'NONE', #6369 ) ;
#2752 =( LENGTH_UNIT ( ) NAMED_UNIT ( * ) SI_UNIT ( .MILLI., .METRE. ) );
#2753 = CARTESIAN_POINT ( 'NONE',  ( -2.470127565808668990, 1.200000000000001066, -0.5699999999999999512 ) ) ;
#2754 =( GEOMETRIC_REPRESENTATION_CONTEXT ( 3 ) GLOBAL_UNCERTAINTY_ASSIGNED_CONTEXT ( ( #4361 ) ) GLOBAL_UNIT_ASSIGNED_CONTEXT ( ( #4149, #3745, #5850 ) ) REPRESENTATION_CONTEXT ( 'NONE', 'WORKASPACE' ) );
#2755 =( GEOMETRIC_REPRESENTATION_CONTEXT ( 3 ) GLOBAL_UNCERTAINTY_ASSIGNED_CONTEXT ( ( #5126 ) ) GLOBAL_UNIT_ASSIGNED_CONTEXT ( ( #4185, #1542, #5643 ) ) REPRESENTATION_CONTEXT ( 'NONE', 'WORKASPACE' ) );
#2756 = FILL_AREA_STYLE_COLOUR ( '', #330 ) ;
#2757 = EDGE_LOOP ( 'NONE', ( #919, #5963, #1725, #2109 ) ) ;
#2758 = AXIS2_PLACEMENT_3D ( 'NONE', #3861, #1208, #3336 ) ;
#2759 = CIRCLE ( 'NONE', #4197, 0.1500000000000000222 ) ;
#2760 = CARTESIAN_POINT ( 'NONE',  ( -1.919276727925023351, -0.8787392438591723476, 0.3000000000000000444 ) ) ;
#2761 = ORIENTED_EDGE ( 'NONE', *, *, #2443, .T. ) ;
#2762 =( NAMED_UNIT ( * ) SI_UNIT ( $, .STERADIAN. ) SOLID_ANGLE_UNIT ( ) );
#2763 = ORIENTED_EDGE ( 'NONE', *, *, #927, .T. ) ;
#2764 = VECTOR ( 'NONE', #4604, 1000.000000000000000 ) ;
#2765 = ADVANCED_FACE ( 'NONE', ( #5846 ), #5806, .F. ) ;
#2766 = AXIS2_PLACEMENT_3D ( 'NONE', #629, #3217, #3825 ) ;
#2767 = EDGE_CURVE ( 'NONE', #2544, #221, #4783, .T. ) ;
#2768 = DIRECTION ( 'NONE',  ( -1.000000000000000000, -0.0000000000000000000, -0.0000000000000000000 ) ) ;
#2769 = DIRECTION ( 'NONE',  ( 1.000000000000000000, 0.0000000000000000000, 0.0000000000000000000 ) ) ;
#2770 = UNCERTAINTY_MEASURE_WITH_UNIT (LENGTH_MEASURE( 1.000000000000000082E-05 ), #3819, 'distance_accuracy_value', 'NONE');
#2771 = AXIS2_PLACEMENT_3D ( 'NONE', #2278, #809, #5034 ) ;
#2772 = AXIS2_PLACEMENT_3D ( 'NONE', #3096, #480, #5779 ) ;
#2773 = ORIENTED_EDGE ( 'NONE', *, *, #6165, .T. ) ;
#2774 = EDGE_CURVE ( 'NONE', #5082, #2113, #51, .T. ) ;
#2775 = LINE ( 'NONE', #3766, #6621 ) ;
#2776 = DIRECTION ( 'NONE',  ( 2.710505431213761578E-16, -1.000000000000000000, 0.0000000000000000000 ) ) ;
#2777 = DIRECTION ( 'NONE',  ( 1.000000000000000000, 4.818676322157797375E-16, -3.043374519257556424E-15 ) ) ;
#2779 = CARTESIAN_POINT ( 'NONE',  ( -1.919276727925023351, -0.8787392438591723476, 0.3500000000000000333 ) ) ;
#2778 = CARTESIAN_POINT ( 'NONE',  ( 1.599999999999999867, -2.200000000000000178, -0.5699999999999999512 ) ) ;
#2780 = ORIENTED_EDGE ( 'NONE', *, *, #4631, .T. ) ;
#2781 =( LENGTH_UNIT ( ) NAMED_UNIT ( * ) SI_UNIT ( .MILLI., .METRE. ) );
#2782 = ORIENTED_EDGE ( 'NONE', *, *, #1351, .T. ) ;
#2783 = LINE ( 'NONE', #2244, #4311 ) ;
#2784 = DIRECTION ( 'NONE',  ( -4.822120870246893339E-16, 1.000000000000000000, 0.0000000000000000000 ) ) ;
#2785 = DIRECTION ( 'NONE',  ( 0.0000000000000000000, 0.0000000000000000000, -1.000000000000000000 ) ) ;
#2786 = FACE_OUTER_BOUND ( 'NONE', #4304, .T. ) ;
#2787 =( GEOMETRIC_REPRESENTATION_CONTEXT ( 3 ) GLOBAL_UNCERTAINTY_ASSIGNED_CONTEXT ( ( #1560 ) ) GLOBAL_UNIT_ASSIGNED_CONTEXT ( ( #4555, #5621, #1856 ) ) REPRESENTATION_CONTEXT ( 'NONE', 'WORKASPACE' ) );
#2788 = EDGE_LOOP ( 'NONE', ( #241, #1083, #1477, #2717 ) ) ;
#2789 = CARTESIAN_POINT ( 'NONE',  ( 0.4838201673205150821, 0.9163225641662154919, 0.4500000000000000666 ) ) ;
#2790 = FILL_AREA_STYLE ('',( #1797 ) ) ;
#2791 = EDGE_LOOP ( 'NONE', ( #4948, #3286, #6282, #1970 ) ) ;
#2792 =( NAMED_UNIT ( * ) PLANE_ANGLE_UNIT ( ) SI_UNIT ( $, .RADIAN. ) );
#2793 =( NAMED_UNIT ( * ) SI_UNIT ( $, .STERADIAN. ) SOLID_ANGLE_UNIT ( ) );
#2794 = LINE ( 'NONE', #1234, #2247 ) ;
#2795 = EDGE_CURVE ( 'NONE', #5183, #142, #1041, .T. ) ;
#2796 = EDGE_CURVE ( 'NONE', #2651, #3125, #4839, .T. ) ;
#2797 = ORIENTED_EDGE ( 'NONE', *, *, #2014, .T. ) ;
#2798 = FACE_OUTER_BOUND ( 'NONE', #1606, .T. ) ;
#2799 = CARTESIAN_POINT ( 'NONE',  ( 2.500000000000002220, -2.500000000000002220, 0.0000000000000000000 ) ) ;
#2800 = ADVANCED_FACE ( 'NONE', ( #2644 ), #1151, .F. ) ;
#2801 = DIRECTION ( 'NONE',  ( -0.0000000000000000000, -0.0000000000000000000, -1.000000000000000000 ) ) ;
#2802 = DIRECTION ( 'NONE',  ( 1.000000000000000000, 4.818676322157797375E-16, 0.0000000000000000000 ) ) ;
#2803 = EDGE_LOOP ( 'NONE', ( #3020, #628, #3951, #2426 ) ) ;
#2804 = UNCERTAINTY_MEASURE_WITH_UNIT (LENGTH_MEASURE( 1.000000000000000082E-05 ), #2824, 'distance_accuracy_value', 'NONE');
#2805 = PRESENTATION_STYLE_ASSIGNMENT (( #1635 ) ) ;
#2806 = ORIENTED_EDGE ( 'NONE', *, *, #1193, .T. ) ;
#2807 = DIRECTION ( 'NONE',  ( 0.0000000000000000000, -1.000000000000000000, 0.0000000000000000000 ) ) ;
#2808 = SURFACE_SIDE_STYLE ('',( #4944 ) ) ;
#2809 = SURFACE_STYLE_FILL_AREA ( #2378 ) ;
#2810 = PLANE ( 'NONE',  #6631 ) ;
#2811 = MECHANICAL_DESIGN_GEOMETRIC_PRESENTATION_REPRESENTATION (  '', ( #4486 ), #5384 ) ;
#2812 = VERTEX_POINT ( 'NONE', #3906 ) ;
#2813 = CARTESIAN_POINT ( 'NONE',  ( -2.500000000000002220, 1.680009069179262626, 0.0000000000000000000 ) ) ;
#2814 = VERTEX_POINT ( 'NONE', #1792 ) ;
#2815 =( NAMED_UNIT ( * ) SI_UNIT ( $, .STERADIAN. ) SOLID_ANGLE_UNIT ( ) );
#2816 = VECTOR ( 'NONE', #5564, 1000.000000000000114 ) ;
#2817 = MECHANICAL_DESIGN_GEOMETRIC_PRESENTATION_REPRESENTATION (  '', ( #6155 ), #3386 ) ;
#2818 = VERTEX_POINT ( 'NONE', #5463 ) ;
#2819 =( NAMED_UNIT ( * ) SI_UNIT ( $, .STERADIAN. ) SOLID_ANGLE_UNIT ( ) );
#2820 = CARTESIAN_POINT ( 'NONE',  ( -1.680009069179262848, 2.465004534589632978, 0.4000000000000000222 ) ) ;
#2821 = AXIS2_PLACEMENT_3D ( 'NONE', #5558, #6676, #4030 ) ;
#2822 = FILL_AREA_STYLE_COLOUR ( '', #535 ) ;
#2823 = CIRCLE ( 'NONE', #835, 0.1499999999999999667 ) ;
#2824 =( LENGTH_UNIT ( ) NAMED_UNIT ( * ) SI_UNIT ( .MILLI., .METRE. ) );
#2825 = UNCERTAINTY_MEASURE_WITH_UNIT (LENGTH_MEASURE( 1.000000000000000082E-05 ), #3021, 'distance_accuracy_value', 'NONE');
#2826 = ORIENTED_EDGE ( 'NONE', *, *, #2065, .T. ) ;
#2827 = ADVANCED_FACE ( 'NONE', ( #719 ), #1189, .F. ) ;
#2828 = ADVANCED_FACE ( 'NONE', ( #2376 ), #3879, .F. ) ;
#2829 = DIRECTION ( 'NONE',  ( -1.000000000000000000, 0.0000000000000000000, 0.0000000000000000000 ) ) ;
#2830 = SURFACE_STYLE_FILL_AREA ( #2441 ) ;
#2831 = DIRECTION ( 'NONE',  ( 0.0000000000000000000, 0.0000000000000000000, 1.000000000000000000 ) ) ;
#2832 = EDGE_CURVE ( 'NONE', #1879, #1555, #2783, .T. ) ;
#2834 = CARTESIAN_POINT ( 'NONE',  ( 0.2838201673205150155, 0.4046747618464905383, 0.4500000000000000666 ) ) ;
#2833 = CARTESIAN_POINT ( 'NONE',  ( -1.146028625818473756, -0.7287392438591713262, 0.3000000000000000444 ) ) ;
#2835 = COLOUR_RGB ( '',0.8980392156862745390, 0.9215686274509803377, 0.9294117647058823817 ) ;
#2836 = VECTOR ( 'NONE', #5979, 1000.000000000000000 ) ;
#2837 = EDGE_CURVE ( 'NONE', #4752, #4031, #5993, .T. ) ;
#2838 = ADVANCED_FACE ( 'NONE', ( #1250 ), #5488, .F. ) ;
#2839 = ORIENTED_EDGE ( 'NONE', *, *, #2017, .F. ) ;
#2840 =( GEOMETRIC_REPRESENTATION_CONTEXT ( 3 ) GLOBAL_UNCERTAINTY_ASSIGNED_CONTEXT ( ( #4850 ) ) GLOBAL_UNIT_ASSIGNED_CONTEXT ( ( #5473, #6423, #2793 ) ) REPRESENTATION_CONTEXT ( 'NONE', 'WORKASPACE' ) );
#2841 = DIRECTION ( 'NONE',  ( -1.000000000000000000, 0.0000000000000000000, -3.252606517456519613E-15 ) ) ;
#2842 = ORIENTED_EDGE ( 'NONE', *, *, #2107, .T. ) ;
#2843 = SURFACE_STYLE_FILL_AREA ( #5957 ) ;
#2844 = PRESENTATION_STYLE_ASSIGNMENT (( #3346 ) ) ;
#2845 =( NAMED_UNIT ( * ) SI_UNIT ( $, .STERADIAN. ) SOLID_ANGLE_UNIT ( ) );
#2846 = MECHANICAL_DESIGN_GEOMETRIC_PRESENTATION_REPRESENTATION (  '', ( #5413 ), #6737 ) ;
#2847 = ADVANCED_FACE ( 'NONE', ( #5177 ), #5695, .T. ) ;
#2848 = ORIENTED_EDGE ( 'NONE', *, *, #1817, .T. ) ;
#2849 = DIRECTION ( 'NONE',  ( 0.05233595624294388321, -0.0000000000000000000, 0.9986295347545739443 ) ) ;
#2850 = VERTEX_POINT ( 'NONE', #5141 ) ;
#2851 = CIRCLE ( 'NONE', #970, 0.1500000000000000222 ) ;
#2852 = CARTESIAN_POINT ( 'NONE',  ( -0.9960286258184738450, -0.1370056143358112655, 0.3500000000000000333 ) ) ;
#2853 = VECTOR ( 'NONE', #6788, 1000.000000000000000 ) ;
#2854 = ORIENTED_EDGE ( 'NONE', *, *, #14, .F. ) ;
#2855 = FILL_AREA_STYLE ('',( #340 ) ) ;
#2856 = PRESENTATION_STYLE_ASSIGNMENT (( #5019 ) ) ;
#2857 = VECTOR ( 'NONE', #4910, 1000.000000000000000 ) ;
#2858 = DIRECTION ( 'NONE',  ( 0.0000000000000000000, 0.0000000000000000000, -1.000000000000000000 ) ) ;
#2859 = AXIS2_PLACEMENT_3D ( 'NONE', #6078, #4513, #5241 ) ;
#2860 = ORIENTED_EDGE ( 'NONE', *, *, #2493, .F. ) ;
#2861 = CARTESIAN_POINT ( 'NONE',  ( -1.700000000000000400, -2.099999999999999645, -0.5699999999999999512 ) ) ;
#2862 = VERTEX_POINT ( 'NONE', #6678 ) ;
#2863 = ORIENTED_EDGE ( 'NONE', *, *, #3762, .T. ) ;
#2864 = CONICAL_SURFACE ( 'NONE', #5094, 1.699999999999999956, 0.5410520681182429126 ) ;
#2865 =( NAMED_UNIT ( * ) SI_UNIT ( $, .STERADIAN. ) SOLID_ANGLE_UNIT ( ) );
#2866 = COLOUR_RGB ( '',0.8313725490196077761, 0.8392156862745098200, 0.8313725490196077761 ) ;
#2867 = VECTOR ( 'NONE', #2645, 1000.000000000000000 ) ;
#2868 =( NAMED_UNIT ( * ) PLANE_ANGLE_UNIT ( ) SI_UNIT ( $, .RADIAN. ) );
#2870 = CARTESIAN_POINT ( 'NONE',  ( 0.2103187164337326220, 2.110000814877110997, 0.3500000000000000333 ) ) ;
#2869 = FILL_AREA_STYLE ('',( #3468 ) ) ;
#2871 = COLOUR_RGB ( '',1.000000000000000000, 1.000000000000000000, 1.000000000000000000 ) ;
#2872 = LINE ( 'NONE', #5985, #3534 ) ;
#2873 = PLANE ( 'NONE',  #3667 ) ;
#2874 = EDGE_CURVE ( 'NONE', #1060, #6382, #4623, .T. ) ;
#2875 = UNCERTAINTY_MEASURE_WITH_UNIT (LENGTH_MEASURE( 1.000000000000000082E-05 ), #5658, 'distance_accuracy_value', 'NONE');
#2876 = DIRECTION ( 'NONE',  ( 1.000000000000000000, 1.185975313885231567E-16, -0.0000000000000000000 ) ) ;
#2877 = EDGE_CURVE ( 'NONE', #2751, #167, #4589, .T. ) ;
#2878 = DIRECTION ( 'NONE',  ( 0.0000000000000000000, -1.000000000000000000, 0.0000000000000000000 ) ) ;
#2879 = ORIENTED_EDGE ( 'NONE', *, *, #4806, .T. ) ;
#2880 = EDGE_CURVE ( 'NONE', #2658, #1774, #3561, .T. ) ;
#2881 = SURFACE_SIDE_STYLE ('',( #2809 ) ) ;
#2882 = CARTESIAN_POINT ( 'NONE',  ( 2.486873320506370000, -1.199999999999999734, -0.2504719656739949341 ) ) ;
#2883 = VECTOR ( 'NONE', #5037, 1000.000000000000000 ) ;
#2884 = ORIENTED_EDGE ( 'NONE', *, *, #6628, .T. ) ;
#2885 = CARTESIAN_POINT ( 'NONE',  ( 2.430009069179262848, -2.430009069179262848, 0.8000000000000000444 ) ) ;
#2886 = DIRECTION ( 'NONE',  ( -1.000000000000000000, 0.0000000000000000000, 0.0000000000000000000 ) ) ;
#2887 = VERTEX_POINT ( 'NONE', #390 ) ;
#2888 = EDGE_CURVE ( 'NONE', #4403, #4321, #2851, .T. ) ;
#2889 = ORIENTED_EDGE ( 'NONE', *, *, #320, .F. ) ;
#2890 =( LENGTH_UNIT ( ) NAMED_UNIT ( * ) SI_UNIT ( .MILLI., .METRE. ) );
#2891 =( NAMED_UNIT ( * ) PLANE_ANGLE_UNIT ( ) SI_UNIT ( $, .RADIAN. ) );
#2892 = FACE_OUTER_BOUND ( 'NONE', #5365, .T. ) ;
#2893 = VECTOR ( 'NONE', #2239, 1000.000000000000000 ) ;
#2894 = DIRECTION ( 'NONE',  ( 0.0000000000000000000, -1.000000000000000000, 0.0000000000000000000 ) ) ;
#2895 = ORIENTED_EDGE ( 'NONE', *, *, #901, .F. ) ;
#2896 = CARTESIAN_POINT ( 'NONE',  ( 0.2103187164337326220, 2.110000814877110997, 0.3000000000000000444 ) ) ;
#2897 = UNCERTAINTY_MEASURE_WITH_UNIT (LENGTH_MEASURE( 1.000000000000000082E-05 ), #2593, 'distance_accuracy_value', 'NONE');
#2898 = ORIENTED_EDGE ( 'NONE', *, *, #357, .F. ) ;
#2899 = ORIENTED_EDGE ( 'NONE', *, *, #4761, .T. ) ;
#2900 = LINE ( 'NONE', #5025, #1826 ) ;
#2901 = CARTESIAN_POINT ( 'NONE',  ( 2.500000000000002220, -2.099999999999999645, 0.0000000000000000000 ) ) ;
#2902 =( NAMED_UNIT ( * ) SI_UNIT ( $, .STERADIAN. ) SOLID_ANGLE_UNIT ( ) );
#2904 = LINE ( 'NONE', #4964, #3440 ) ;
#2903 = FACE_OUTER_BOUND ( 'NONE', #5536, .T. ) ;
#2905 = ORIENTED_EDGE ( 'NONE', *, *, #6418, .T. ) ;
#2906 = CARTESIAN_POINT ( 'NONE',  ( -0.5500000000000001554, 2.254834989607331863, -0.6999999999999999556 ) ) ;
#2907 = ORIENTED_EDGE ( 'NONE', *, *, #1483, .F. ) ;
#2908 =( LENGTH_UNIT ( ) NAMED_UNIT ( * ) SI_UNIT ( .MILLI., .METRE. ) );
#2909 = DIRECTION ( 'NONE',  ( -1.000000000000000000, 0.0000000000000000000, 0.0000000000000000000 ) ) ;
#2910 = LINE ( 'NONE', #3479, #2436 ) ;
#2911 = EDGE_CURVE ( 'NONE', #5611, #1682, #4735, .T. ) ;
#2912 = EDGE_CURVE ( 'NONE', #1671, #3682, #6398, .T. ) ;
#2913 = ORIENTED_EDGE ( 'NONE', *, *, #58, .F. ) ;
#2914 = CARTESIAN_POINT ( 'NONE',  ( -2.700000000000002842, 1.200000000000000400, -6.982962677686266711E-16 ) ) ;
#2915 = CARTESIAN_POINT ( 'NONE',  ( 0.5500000000000001554, 2.254834989607331863, -0.5699999999999999512 ) ) ;
#2916 = ORIENTED_EDGE ( 'NONE', *, *, #15, .T. ) ;
#2917 = DIRECTION ( 'NONE',  ( 8.673617379884033894E-15, 0.0000000000000000000, 1.000000000000000000 ) ) ;
#2918 = ORIENTED_EDGE ( 'NONE', *, *, #4893, .T. ) ;
#2919 = FACE_OUTER_BOUND ( 'NONE', #2085, .T. ) ;
#2920 = CIRCLE ( 'NONE', #174, 0.1000000000000000194 ) ;
#2921 = COLOUR_RGB ( '',1.000000000000000000, 1.000000000000000000, 1.000000000000000000 ) ;
#2922 = EDGE_CURVE ( 'NONE', #191, #2658, #3152, .T. ) ;
#2923 = CARTESIAN_POINT ( 'NONE',  ( -1.700000000000000400, -2.099999999999999645, -0.7699999999999999067 ) ) ;
#2924 = ORIENTED_EDGE ( 'NONE', *, *, #703, .F. ) ;
#2925 = VECTOR ( 'NONE', #59, 1000.000000000000114 ) ;
#2926 = ORIENTED_EDGE ( 'NONE', *, *, #320, .T. ) ;
#2927 = ORIENTED_EDGE ( 'NONE', *, *, #1654, .F. ) ;
#2928 = FILL_AREA_STYLE_COLOUR ( '', #6643 ) ;
#2929 = VECTOR ( 'NONE', #3090, 1000.000000000000000 ) ;
#2930 = DIRECTION ( 'NONE',  ( 1.000000000000000000, 0.0000000000000000000, 0.0000000000000000000 ) ) ;
#2931 = VECTOR ( 'NONE', #2509, 1000.000000000000114 ) ;
#2932 = SURFACE_SIDE_STYLE ('',( #1417 ) ) ;
#2933 = DIRECTION ( 'NONE',  ( -1.000000000000000000, 2.710505431213759113E-16, -0.0000000000000000000 ) ) ;
#2934 =( NAMED_UNIT ( * ) PLANE_ANGLE_UNIT ( ) SI_UNIT ( $, .RADIAN. ) );
#2935 = DIRECTION ( 'NONE',  ( 0.0000000000000000000, 0.0000000000000000000, 1.000000000000000000 ) ) ;
#2936 = ORIENTED_EDGE ( 'NONE', *, *, #187, .T. ) ;
#2937 = UNCERTAINTY_MEASURE_WITH_UNIT (LENGTH_MEASURE( 1.000000000000000082E-05 ), #3002, 'distance_accuracy_value', 'NONE');
#2938 = FILL_AREA_STYLE ('',( #5584 ) ) ;
#2939 = FILL_AREA_STYLE ('',( #5070 ) ) ;
#2940 = ORIENTED_EDGE ( 'NONE', *, *, #2707, .F. ) ;
#2941 =( LENGTH_UNIT ( ) NAMED_UNIT ( * ) SI_UNIT ( .MILLI., .METRE. ) );
#2942 = AXIS2_PLACEMENT_3D ( 'NONE', #1885, #3506, #866 ) ;
#2943 = DIRECTION ( 'NONE',  ( 1.000000000000000000, 0.0000000000000000000, 0.0000000000000000000 ) ) ;
#2944 = CARTESIAN_POINT ( 'NONE',  ( 0.0000000000000000000, 0.0000000000000000000, 0.3500000000000000333 ) ) ;
#2945 = CARTESIAN_POINT ( 'NONE',  ( 2.700000000000001954, 2.100000000000000089, -0.3000000000000003220 ) ) ;
#2946 = COLOUR_RGB ( '',0.0000000000000000000, 1.000000000000000000, 0.0000000000000000000 ) ;
#2947 = COLOUR_RGB ( '',0.8980392156862745390, 0.9215686274509803377, 0.9294117647058823817 ) ;
#2948 = DIRECTION ( 'NONE',  ( 0.0000000000000000000, 1.000000000000000000, 0.0000000000000000000 ) ) ;
#2949 =( NAMED_UNIT ( * ) PLANE_ANGLE_UNIT ( ) SI_UNIT ( $, .RADIAN. ) );
#2950 = CARTESIAN_POINT ( 'NONE',  ( 2.500000000000002220, 2.500000000000002220, 0.0000000000000000000 ) ) ;
#2951 = ORIENTED_EDGE ( 'NONE', *, *, #520, .F. ) ;
#2952 = DIRECTION ( 'NONE',  ( 1.000000000000000000, -0.0000000000000000000, -0.0000000000000000000 ) ) ;
#2953 = EDGE_LOOP ( 'NONE', ( #1217, #1286, #709, #1336 ) ) ;
#2954 = ADVANCED_FACE ( 'NONE', ( #5797 ), #2026, .F. ) ;
#2955 = DIRECTION ( 'NONE',  ( 1.000000000000000000, 0.0000000000000000000, -0.0000000000000000000 ) ) ;
#2956 = VECTOR ( 'NONE', #6819, 1000.000000000000000 ) ;
#2957 = AXIS2_PLACEMENT_3D ( 'NONE', #3816, #4285, #6373 ) ;
#2958 = ORIENTED_EDGE ( 'NONE', *, *, #2023, .T. ) ;
#2959 =( GEOMETRIC_REPRESENTATION_CONTEXT ( 3 ) GLOBAL_UNCERTAINTY_ASSIGNED_CONTEXT ( ( #4442 ) ) GLOBAL_UNIT_ASSIGNED_CONTEXT ( ( #5254, #2073, #1575 ) ) REPRESENTATION_CONTEXT ( 'NONE', 'WORKASPACE' ) );
#2960 =( LENGTH_UNIT ( ) NAMED_UNIT ( * ) SI_UNIT ( .MILLI., .METRE. ) );
#2961 = MECHANICAL_DESIGN_GEOMETRIC_PRESENTATION_REPRESENTATION (  '', ( #206 ), #4410 ) ;
#2962 = ORIENTED_EDGE ( 'NONE', *, *, #4817, .T. ) ;
#2963 = PRESENTATION_STYLE_ASSIGNMENT (( #859 ) ) ;
#2964 = ORIENTED_EDGE ( 'NONE', *, *, #6034, .T. ) ;
#2965 = ADVANCED_FACE ( 'NONE', ( #4770 ), #1112, .F. ) ;
#2966 = CARTESIAN_POINT ( 'NONE',  ( 0.0000000000000000000, 0.0000000000000000000, 0.8000000000000000444 ) ) ;
#2967 = AXIS2_PLACEMENT_3D ( 'NONE', #2698, #1590, #574 ) ;
#2968 = VECTOR ( 'NONE', #6655, 1000.000000000000000 ) ;
#2969 = STYLED_ITEM ( 'NONE', ( #459 ), #4071 ) ;
#2970 = MECHANICAL_DESIGN_GEOMETRIC_PRESENTATION_REPRESENTATION (  '', ( #5531 ), #1966 ) ;
#2971 = CARTESIAN_POINT ( 'NONE',  ( 0.2103187164337326220, 2.110000814877110997, 0.3500000000000000333 ) ) ;
#2972 = FACE_OUTER_BOUND ( 'NONE', #3677, .T. ) ;
#2973 = VECTOR ( 'NONE', #6338, 1000.000000000000000 ) ;
#2974 = ADVANCED_FACE ( 'NONE', ( #41 ), #5356, .F. ) ;
#2976 =( NAMED_UNIT ( * ) SI_UNIT ( $, .STERADIAN. ) SOLID_ANGLE_UNIT ( ) );
#2975 =( NAMED_UNIT ( * ) PLANE_ANGLE_UNIT ( ) SI_UNIT ( $, .RADIAN. ) );
#2977 = CARTESIAN_POINT ( 'NONE',  ( -1.043697599916538765, 0.4413501301401799304, 0.4500000000000000666 ) ) ;
#2978 = MECHANICAL_DESIGN_GEOMETRIC_PRESENTATION_REPRESENTATION (  '', ( #3554 ), #5881 ) ;
#2979 = LINE ( 'NONE', #6223, #4452 ) ;
#2980 = VECTOR ( 'NONE', #3618, 1000.000000000000000 ) ;
#2981 = FILL_AREA_STYLE ('',( #874 ) ) ;
#2982 = VECTOR ( 'NONE', #6596, 1000.000000000000000 ) ;
#2983 = COLOUR_RGB ( '',1.000000000000000000, 1.000000000000000000, 1.000000000000000000 ) ;
#2984 =( NAMED_UNIT ( * ) SI_UNIT ( $, .STERADIAN. ) SOLID_ANGLE_UNIT ( ) );
#2985 = CARTESIAN_POINT ( 'NONE',  ( 1.699999999999999956, 0.0000000000000000000, 0.3007161552948416916 ) ) ;
#2986 = ORIENTED_EDGE ( 'NONE', *, *, #733, .F. ) ;
#2987 = PRESENTATION_STYLE_ASSIGNMENT (( #6715 ) ) ;
#2988 = DIRECTION ( 'NONE',  ( -0.0000000000000000000, -0.0000000000000000000, -1.000000000000000000 ) ) ;
#2989 = EDGE_LOOP ( 'NONE', ( #4147, #6134, #6319, #3538 ) ) ;
#2990 = CARTESIAN_POINT ( 'NONE',  ( 0.2838201673205150710, 1.116322564166215559, 0.3500000000000000333 ) ) ;
#2991 = VERTEX_POINT ( 'NONE', #1068 ) ;
#2992 = LINE ( 'NONE', #4148, #764 ) ;
#2993 = LINE ( 'NONE', #951, #2415 ) ;
#2994 =( GEOMETRIC_REPRESENTATION_CONTEXT ( 3 ) GLOBAL_UNCERTAINTY_ASSIGNED_CONTEXT ( ( #5244 ) ) GLOBAL_UNIT_ASSIGNED_CONTEXT ( ( #6673, #4556, #6736 ) ) REPRESENTATION_CONTEXT ( 'NONE', 'WORKASPACE' ) );
#2995 = PLANE ( 'NONE',  #335 ) ;
#2996 = EDGE_LOOP ( 'NONE', ( #306, #6722, #2233, #5235 ) ) ;
#2997 = DIRECTION ( 'NONE',  ( 1.000000000000000000, 0.0000000000000000000, 0.0000000000000000000 ) ) ;
#2998 = ORIENTED_EDGE ( 'NONE', *, *, #6251, .T. ) ;
#2999 = PLANE ( 'NONE',  #4515 ) ;
#3000 = ORIENTED_EDGE ( 'NONE', *, *, #1096, .F. ) ;
#3001 = CARTESIAN_POINT ( 'NONE',  ( -2.700000000000002842, -2.099999999999999645, -6.982962677686266711E-16 ) ) ;
#3002 =( LENGTH_UNIT ( ) NAMED_UNIT ( * ) SI_UNIT ( .MILLI., .METRE. ) );
#3003 = EDGE_CURVE ( 'NONE', #334, #2113, #608, .T. ) ;
#3004 = EDGE_CURVE ( 'NONE', #3936, #5784, #5321, .T. ) ;
#3006 = DIRECTION ( 'NONE',  ( 1.000000000000000000, 0.0000000000000000000, 0.0000000000000000000 ) ) ;
#3005 = CARTESIAN_POINT ( 'NONE',  ( 0.2838201673205150710, 0.2046747618464905827, 0.3500000000000000333 ) ) ;
#3007 = EDGE_CURVE ( 'NONE', #5074, #3234, #4313, .T. ) ;
#3008 = PLANE ( 'NONE',  #5934 ) ;
#3009 = SURFACE_STYLE_USAGE ( .BOTH. , #5277 ) ;
#3010 = ORIENTED_EDGE ( 'NONE', *, *, #2236, .T. ) ;
#3011 = DIRECTION ( 'NONE',  ( 0.0000000000000000000, -1.000000000000000000, 0.0000000000000000000 ) ) ;
#3012 =( NAMED_UNIT ( * ) PLANE_ANGLE_UNIT ( ) SI_UNIT ( $, .RADIAN. ) );
#3013 = DIRECTION ( 'NONE',  ( -0.0000000000000000000, -0.0000000000000000000, -1.000000000000000000 ) ) ;
#3014 = CARTESIAN_POINT ( 'NONE',  ( 2.500000000000000444, -1.199999999999999734, -0.5699999999999999512 ) ) ;
#3015 = ORIENTED_EDGE ( 'NONE', *, *, #2550, .F. ) ;
#3016 = PLANE ( 'NONE',  #4608 ) ;
#3017 = CARTESIAN_POINT ( 'NONE',  ( -2.500000000000001332, 1.200000000000000622, -0.4700000000000001399 ) ) ;
#3018 = VERTEX_POINT ( 'NONE', #5911 ) ;
#3019 = DIRECTION ( 'NONE',  ( -0.0000000000000000000, 1.000000000000000000, -0.0000000000000000000 ) ) ;
#3020 = ORIENTED_EDGE ( 'NONE', *, *, #6472, .T. ) ;
#3021 =( LENGTH_UNIT ( ) NAMED_UNIT ( * ) SI_UNIT ( .MILLI., .METRE. ) );
#3022 = CARTESIAN_POINT ( 'NONE',  ( -2.500000000000000444, 2.100000000000000089, -0.5699999999999999512 ) ) ;
#3023 = FACE_OUTER_BOUND ( 'NONE', #3134, .T. ) ;
#3024 = ORIENTED_EDGE ( 'NONE', *, *, #978, .F. ) ;
#3025 = UNCERTAINTY_MEASURE_WITH_UNIT (LENGTH_MEASURE( 1.000000000000000082E-05 ), #2606, 'distance_accuracy_value', 'NONE');
#3026 = EDGE_LOOP ( 'NONE', ( #6730, #600 ) ) ;
#3027 = ORIENTED_EDGE ( 'NONE', *, *, #6294, .T. ) ;
#3028 = CARTESIAN_POINT ( 'NONE',  ( -0.9960286258184727348, -0.5332195235787651200, 0.3500000000000000333 ) ) ;
#3029 = FILL_AREA_STYLE ('',( #33 ) ) ;
#3030 = SURFACE_SIDE_STYLE ('',( #6731 ) ) ;
#3031 = LINE ( 'NONE', #4131, #3054 ) ;
#3032 = DIRECTION ( 'NONE',  ( 0.0000000000000000000, 1.000000000000000000, 0.0000000000000000000 ) ) ;
#3033 = VECTOR ( 'NONE', #1470, 1000.000000000000000 ) ;
#3034 = VECTOR ( 'NONE', #1897, 1000.000000000000000 ) ;
#3036 = PLANE ( 'NONE',  #4976 ) ;
#3035 = CARTESIAN_POINT ( 'NONE',  ( 1.600000000000000089, -1.099999999999999867, -0.5699999999999999512 ) ) ;
#3037 = EDGE_CURVE ( 'NONE', #1586, #757, #1142, .T. ) ;
#3038 = ADVANCED_FACE ( 'NONE', ( #4699 ), #2060, .F. ) ;
#3039 = SURFACE_STYLE_USAGE ( .BOTH. , #6635 ) ;
#3040 =( GEOMETRIC_REPRESENTATION_CONTEXT ( 3 ) GLOBAL_UNCERTAINTY_ASSIGNED_CONTEXT ( ( #873 ) ) GLOBAL_UNIT_ASSIGNED_CONTEXT ( ( #1822, #806, #3931 ) ) REPRESENTATION_CONTEXT ( 'NONE', 'WORKASPACE' ) );
#3041 = DIRECTION ( 'NONE',  ( 0.0000000000000000000, 0.0000000000000000000, 1.000000000000000000 ) ) ;
#3042 = ORIENTED_EDGE ( 'NONE', *, *, #3664, .F. ) ;
#3043 = CARTESIAN_POINT ( 'NONE',  ( 2.463314554501873310, 0.0000000000000000000, -0.6999999999999999556 ) ) ;
#3044 = ADVANCED_FACE ( 'NONE', ( #5575, #347, #5945 ), #3539, .T. ) ;
#3045 = EDGE_CURVE ( 'NONE', #4123, #1256, #4907, .T. ) ;
#3046 = DIRECTION ( 'NONE',  ( 0.0000000000000000000, -1.000000000000000000, 0.0000000000000000000 ) ) ;
#3047 = EDGE_LOOP ( 'NONE', ( #2329, #5786, #5444, #2432 ) ) ;
#3048 = DIRECTION ( 'NONE',  ( 0.0000000000000000000, 0.0000000000000000000, 1.000000000000000000 ) ) ;
#3049 = ORIENTED_EDGE ( 'NONE', *, *, #5090, .F. ) ;
#3050 = CYLINDRICAL_SURFACE ( 'NONE', #3644, 0.3000000000000003775 ) ;
#3051 = FACE_OUTER_BOUND ( 'NONE', #4503, .T. ) ;
#3052 = EDGE_CURVE ( 'NONE', #5545, #5074, #4348, .T. ) ;
#3053 = CARTESIAN_POINT ( 'NONE',  ( 1.930905544980987543, 2.110000814877110997, 0.3500000000000000333 ) ) ;
#3054 = VECTOR ( 'NONE', #5720, 1000.000000000000000 ) ;
#3055 = VECTOR ( 'NONE', #640, 1000.000000000000000 ) ;
#3056 = CARTESIAN_POINT ( 'NONE',  ( 2.471716000805965763, 1.200000000000000622, -0.5396908546970039522 ) ) ;
#3057 = ORIENTED_EDGE ( 'NONE', *, *, #6161, .T. ) ;
#3058 = DIRECTION ( 'NONE',  ( -0.0000000000000000000, -0.0000000000000000000, -1.000000000000000000 ) ) ;
#3059 = VERTEX_POINT ( 'NONE', #4871 ) ;
#3060 = AXIS2_PLACEMENT_3D ( 'NONE', #1576, #2649, #5291 ) ;
#3061 = ORIENTED_EDGE ( 'NONE', *, *, #2240, .T. ) ;
#3062 = CARTESIAN_POINT ( 'NONE',  ( 0.0000000000000000000, -2.463314554501873310, -0.6999999999999999556 ) ) ;
#3063 = PRESENTATION_LAYER_ASSIGNMENT (  '', '', ( #6076 ) ) ;
#3064 = STYLED_ITEM ( 'NONE', ( #538 ), #5817 ) ;
#3065 = EDGE_LOOP ( 'NONE', ( #3186, #6417, #3981, #5089 ) ) ;
#3066 = SURFACE_STYLE_USAGE ( .BOTH. , #3690 ) ;
#3067 = LINE ( 'NONE', #4132, #1488 ) ;
#3068 = VECTOR ( 'NONE', #112, 1000.000000000000000 ) ;
#3070 = FACE_OUTER_BOUND ( 'NONE', #1634, .T. ) ;
#3069 = SURFACE_STYLE_FILL_AREA ( #5898 ) ;
#3071 = DIRECTION ( 'NONE',  ( -1.000000000000000000, -0.0000000000000000000, -0.0000000000000000000 ) ) ;
#3072 =( GEOMETRIC_REPRESENTATION_CONTEXT ( 3 ) GLOBAL_UNCERTAINTY_ASSIGNED_CONTEXT ( ( #3950 ) ) GLOBAL_UNIT_ASSIGNED_CONTEXT ( ( #3155, #4803, #123 ) ) REPRESENTATION_CONTEXT ( 'NONE', 'WORKASPACE' ) );
#3073 = SURFACE_STYLE_FILL_AREA ( #4239 ) ;
#3074 = VECTOR ( 'NONE', #1668, 1000.000000000000000 ) ;
#3075 = VECTOR ( 'NONE', #3154, 1000.000000000000000 ) ;
#3076 = UNCERTAINTY_MEASURE_WITH_UNIT (LENGTH_MEASURE( 1.000000000000000082E-05 ), #3242, 'distance_accuracy_value', 'NONE');
#3077 = FILL_AREA_STYLE ('',( #5766 ) ) ;
#3078 = PRESENTATION_STYLE_ASSIGNMENT (( #3009 ) ) ;
#3079 = DIRECTION ( 'NONE',  ( -0.0000000000000000000, -0.0000000000000000000, -1.000000000000000000 ) ) ;
#3080 = AXIS2_PLACEMENT_3D ( 'NONE', #3001, #3609, #5060 ) ;
#3081 = VECTOR ( 'NONE', #5498, 1000.000000000000000 ) ;
#3082 = CARTESIAN_POINT ( 'NONE',  ( -2.430009069179262848, -2.500000000000002220, 0.8000000000000000444 ) ) ;
#3083 = EDGE_CURVE ( 'NONE', #6427, #2887, #157, .T. ) ;
#3084 = FACE_OUTER_BOUND ( 'NONE', #4594, .T. ) ;
#3085 = ORIENTED_EDGE ( 'NONE', *, *, #4549, .T. ) ;
#3086 =( GEOMETRIC_REPRESENTATION_CONTEXT ( 3 ) GLOBAL_UNCERTAINTY_ASSIGNED_CONTEXT ( ( #3076 ) ) GLOBAL_UNIT_ASSIGNED_CONTEXT ( ( #3242, #1275, #56 ) ) REPRESENTATION_CONTEXT ( 'NONE', 'WORKASPACE' ) );
#3087 = ADVANCED_FACE ( 'NONE', ( #6068, #6474 ), #4505, .T. ) ;
#3088 = COLOUR_RGB ( '',0.8980392156862745390, 0.9215686274509803377, 0.9294117647058823817 ) ;
#3089 = ADVANCED_FACE ( 'NONE', ( #6799 ), #2043, .F. ) ;
#3090 = DIRECTION ( 'NONE',  ( -4.818676322157797375E-16, 1.000000000000000000, 1.751623080406021339E-46 ) ) ;
#3091 =( NAMED_UNIT ( * ) SI_UNIT ( $, .STERADIAN. ) SOLID_ANGLE_UNIT ( ) );
#3092 = EDGE_LOOP ( 'NONE', ( #6048, #2012, #61, #4019, #3172, #308, #5534, #5007, #6164 ) ) ;
#3093 =( LENGTH_UNIT ( ) NAMED_UNIT ( * ) SI_UNIT ( .MILLI., .METRE. ) );
#3094 = ORIENTED_EDGE ( 'NONE', *, *, #5049, .F. ) ;
#3095 = CYLINDRICAL_SURFACE ( 'NONE', #1658, 1.699999999999999956 ) ;
#3096 = CARTESIAN_POINT ( 'NONE',  ( 2.400000000000002132, 2.100000000000000089, -0.2999999999999993783 ) ) ;
#3097 = DIRECTION ( 'NONE',  ( 1.000000000000000000, 0.0000000000000000000, 0.0000000000000000000 ) ) ;
#3098 = ORIENTED_EDGE ( 'NONE', *, *, #386, .T. ) ;
#3099 = EDGE_CURVE ( 'NONE', #4970, #5611, #922, .T. ) ;
#3100 = FILL_AREA_STYLE_COLOUR ( '', #6497 ) ;
#3101 = UNCERTAINTY_MEASURE_WITH_UNIT (LENGTH_MEASURE( 1.000000000000000082E-05 ), #4423, 'distance_accuracy_value', 'NONE');
#3102 = ORIENTED_EDGE ( 'NONE', *, *, #5773, .T. ) ;
#3103 = LINE ( 'NONE', #5199, #3640 ) ;
#3104 = ORIENTED_EDGE ( 'NONE', *, *, #1926, .T. ) ;
#3105 = PLANE ( 'NONE',  #4188 ) ;
#3106 = SURFACE_STYLE_USAGE ( .BOTH. , #6772 ) ;
#3107 = VERTEX_POINT ( 'NONE', #3175 ) ;
#3108 =( GEOMETRIC_REPRESENTATION_CONTEXT ( 3 ) GLOBAL_UNCERTAINTY_ASSIGNED_CONTEXT ( ( #6298 ) ) GLOBAL_UNIT_ASSIGNED_CONTEXT ( ( #6360, #2695, #4269 ) ) REPRESENTATION_CONTEXT ( 'NONE', 'WORKASPACE' ) );
#3109 =( LENGTH_UNIT ( ) NAMED_UNIT ( * ) SI_UNIT ( .MILLI., .METRE. ) );
#3110 = DIRECTION ( 'NONE',  ( 0.0000000000000000000, 0.0000000000000000000, -1.000000000000000000 ) ) ;
#3111 =( NAMED_UNIT ( * ) PLANE_ANGLE_UNIT ( ) SI_UNIT ( $, .RADIAN. ) );
#3112 = VECTOR ( 'NONE', #45, 1000.000000000000000 ) ;
#3113 =( LENGTH_UNIT ( ) NAMED_UNIT ( * ) SI_UNIT ( .MILLI., .METRE. ) );
#3114 = PLANE ( 'NONE',  #5723 ) ;
#3115 = PRESENTATION_STYLE_ASSIGNMENT (( #999 ) ) ;
#3116 = FACE_OUTER_BOUND ( 'NONE', #4392, .T. ) ;
#3117 = CARTESIAN_POINT ( 'NONE',  ( 2.500000000000001776, -1.199999999999999734, -0.2999999999999997113 ) ) ;
#3119 = SURFACE_SIDE_STYLE ('',( #2135 ) ) ;
#3118 = LINE ( 'NONE', #1565, #4320 ) ;
#3120 = FACE_OUTER_BOUND ( 'NONE', #2654, .T. ) ;
#3121 = DIRECTION ( 'NONE',  ( -1.000000000000000000, 0.0000000000000000000, 0.0000000000000000000 ) ) ;
#3122 = ORIENTED_EDGE ( 'NONE', *, *, #6217, .T. ) ;
#3123 = CARTESIAN_POINT ( 'NONE',  ( 0.5500000000000001554, 2.254834989607331863, -0.5699999999999999512 ) ) ;
#3124 = FILL_AREA_STYLE_COLOUR ( '', #3941 ) ;
#3125 = VERTEX_POINT ( 'NONE', #1055 ) ;
#3126 = SURFACE_STYLE_FILL_AREA ( #2142 ) ;
#3127 = PRESENTATION_STYLE_ASSIGNMENT (( #5190 ) ) ;
#3128 = CARTESIAN_POINT ( 'NONE',  ( 0.0000000000000000000, 0.0000000000000000000, -0.5699999999999999512 ) ) ;
#3129 = EDGE_CURVE ( 'NONE', #4403, #3891, #3789, .T. ) ;
#3130 = EDGE_CURVE ( 'NONE', #512, #30, #2196, .T. ) ;
#3131 = CARTESIAN_POINT ( 'NONE',  ( -2.400000000000001243, -1.199999999999999734, -0.7700000000000000178 ) ) ;
#3132 = ORIENTED_EDGE ( 'NONE', *, *, #6208, .T. ) ;
#3133 = SURFACE_STYLE_USAGE ( .BOTH. , #5783 ) ;
#3134 = EDGE_LOOP ( 'NONE', ( #1906, #85, #5679, #1165 ) ) ;
#3135 = LINE ( 'NONE', #1478, #4628 ) ;
#3136 = EDGE_CURVE ( 'NONE', #3672, #1940, #2759, .T. ) ;
#3137 = ORIENTED_EDGE ( 'NONE', *, *, #5176, .F. ) ;
#3138 = EDGE_CURVE ( 'NONE', #1586, #5468, #5300, .T. ) ;
#3139 = DIRECTION ( 'NONE',  ( 0.0000000000000000000, 1.000000000000000000, 0.0000000000000000000 ) ) ;
#3140 = LINE ( 'NONE', #5825, #5719 ) ;
#3141 = EDGE_LOOP ( 'NONE', ( #4281, #5159, #2924, #3724 ) ) ;
#3142 = DIRECTION ( 'NONE',  ( 1.000000000000000000, 2.520540444682888024E-16, -0.0000000000000000000 ) ) ;
#3143 = COLOUR_RGB ( '',1.000000000000000000, 1.000000000000000000, 1.000000000000000000 ) ;
#3144 = CLOSED_SHELL ( 'NONE', ( #3493, #1941, #4801, #2838, #2304, #3223, #2800 ) ) ;
#3145 = LINE ( 'NONE', #1623, #6686 ) ;
#3146 = CARTESIAN_POINT ( 'NONE',  ( -2.400000000000002132, 2.100000000000000089, -0.2999999999999993783 ) ) ;
#3147 = AXIS2_PLACEMENT_3D ( 'NONE', #1285, #4040, #1931 ) ;
#3148 = UNCERTAINTY_MEASURE_WITH_UNIT (LENGTH_MEASURE( 1.000000000000000082E-05 ), #4599, 'distance_accuracy_value', 'NONE');
#3149 = DIRECTION ( 'NONE',  ( -1.000000000000000000, 0.0000000000000000000, 0.0000000000000000000 ) ) ;
#3150 = VECTOR ( 'NONE', #2532, 1000.000000000000000 ) ;
#3151 = SURFACE_STYLE_FILL_AREA ( #5796 ) ;
#3152 = LINE ( 'NONE', #5246, #4977 ) ;
#3153 = DIRECTION ( 'NONE',  ( 0.0000000000000000000, 1.000000000000000000, -0.0000000000000000000 ) ) ;
#3155 =( LENGTH_UNIT ( ) NAMED_UNIT ( * ) SI_UNIT ( .MILLI., .METRE. ) );
#3154 = DIRECTION ( 'NONE',  ( -0.0000000000000000000, -0.0000000000000000000, -1.000000000000000000 ) ) ;
#3156 = SURFACE_SIDE_STYLE ('',( #1035 ) ) ;
#3157 = AXIS2_PLACEMENT_3D ( 'NONE', #4587, #1382, #2451 ) ;
#3158 = CARTESIAN_POINT ( 'NONE',  ( -2.500000000000002220, 2.500000000000002220, 0.0000000000000000000 ) ) ;
#3159 = PRESENTATION_LAYER_ASSIGNMENT (  '', '', ( #294 ) ) ;
#3160 = EDGE_LOOP ( 'NONE', ( #843, #5114, #1796, #1548 ) ) ;
#3161 = DIRECTION ( 'NONE',  ( 0.0000000000000000000, -1.000000000000000000, 0.0000000000000000000 ) ) ;
#3162 = DIRECTION ( 'NONE',  ( 0.0000000000000000000, -1.000000000000000000, -0.0000000000000000000 ) ) ;
#3163 = VERTEX_POINT ( 'NONE', #5447 ) ;
#3164 = CARTESIAN_POINT ( 'NONE',  ( 1.930905544980987543, 0.8251250982098667919, 0.3500000000000000333 ) ) ;
#3165 = PRESENTATION_LAYER_ASSIGNMENT (  '', '', ( #2604 ) ) ;
#3166 = LINE ( 'NONE', #1675, #3675 ) ;
#3167 = DIRECTION ( 'NONE',  ( 1.000000000000000000, 0.0000000000000000000, -0.0000000000000000000 ) ) ;
#3168 = DIRECTION ( 'NONE',  ( 1.000000000000000000, 0.0000000000000000000, 0.0000000000000000000 ) ) ;
#3169 = PLANE ( 'NONE',  #127 ) ;
#3170 = DIRECTION ( 'NONE',  ( -0.0000000000000000000, -0.0000000000000000000, -1.000000000000000000 ) ) ;
#3171 = ORIENTED_EDGE ( 'NONE', *, *, #4632, .T. ) ;
#3172 = ORIENTED_EDGE ( 'NONE', *, *, #6073, .T. ) ;
#3173 = SURFACE_SIDE_STYLE ('',( #3215 ) ) ;
#3174 = EDGE_LOOP ( 'NONE', ( #993, #743, #2492, #2710, #5736 ) ) ;
#3175 = CARTESIAN_POINT ( 'NONE',  ( 2.500000000000001332, 2.100000000000000089, -0.4700000000000001399 ) ) ;
#3176 =( GEOMETRIC_REPRESENTATION_CONTEXT ( 3 ) GLOBAL_UNCERTAINTY_ASSIGNED_CONTEXT ( ( #3307 ) ) GLOBAL_UNIT_ASSIGNED_CONTEXT ( ( #3829, #4401, #1061 ) ) REPRESENTATION_CONTEXT ( 'NONE', 'WORKASPACE' ) );
#3177 = MECHANICAL_DESIGN_GEOMETRIC_PRESENTATION_REPRESENTATION (  '', ( #5411 ), #6404 ) ;
#3178 = DIRECTION ( 'NONE',  ( -1.000000000000000000, 0.0000000000000000000, 0.0000000000000000000 ) ) ;
#3179 = LINE ( 'NONE', #2552, #1923 ) ;
#3180 = EDGE_LOOP ( 'NONE', ( #2048, #80, #5283, #138 ) ) ;
#3181 = STYLED_ITEM ( 'NONE', ( #3415 ), #5560 ) ;
#3182 = EDGE_CURVE ( 'NONE', #1279, #5565, #6383, .T. ) ;
#3183 = ADVANCED_FACE ( 'NONE', ( #1687 ), #2725, .T. ) ;
#3184 =( NAMED_UNIT ( * ) PLANE_ANGLE_UNIT ( ) SI_UNIT ( $, .RADIAN. ) );
#3185 = FILL_AREA_STYLE ('',( #6558 ) ) ;
#3186 = ORIENTED_EDGE ( 'NONE', *, *, #350, .T. ) ;
#3187 = DIRECTION ( 'NONE',  ( 1.000000000000000000, 4.818676322157797375E-16, -3.043374519257556424E-15 ) ) ;
#3188 = PRESENTATION_LAYER_ASSIGNMENT (  '', '', ( #6191 ) ) ;
#3189 = FILL_AREA_STYLE_COLOUR ( '', #5620 ) ;
#3190 = COLOUR_RGB ( '',0.8313725490196077761, 0.8392156862745098200, 0.8313725490196077761 ) ;
#3191 = EDGE_CURVE ( 'NONE', #4676, #581, #5646, .T. ) ;
#3192 = CARTESIAN_POINT ( 'NONE',  ( 0.2838201673205150710, 0.9163225641662154919, 0.4500000000000000666 ) ) ;
#3193 = COLOUR_RGB ( '',1.000000000000000000, 1.000000000000000000, 1.000000000000000000 ) ;
#3194 = CARTESIAN_POINT ( 'NONE',  ( 0.2838201673205150710, -0.4871897488101240015, 0.3500000000000000333 ) ) ;
#3195 = FACE_OUTER_BOUND ( 'NONE', #4192, .T. ) ;
#3196 = DIRECTION ( 'NONE',  ( 1.000000000000000000, 2.000708728360073455E-16, -0.0000000000000000000 ) ) ;
#3197 = VECTOR ( 'NONE', #1244, 1000.000000000000000 ) ;
#3198 = DIRECTION ( 'NONE',  ( 0.0000000000000000000, 0.0000000000000000000, -1.000000000000000000 ) ) ;
#3199 = ORIENTED_EDGE ( 'NONE', *, *, #3583, .F. ) ;
#3200 = SURFACE_STYLE_FILL_AREA ( #3843 ) ;
#3201 =( GEOMETRIC_REPRESENTATION_CONTEXT ( 3 ) GLOBAL_UNCERTAINTY_ASSIGNED_CONTEXT ( ( #6661 ) ) GLOBAL_UNIT_ASSIGNED_CONTEXT ( ( #3818, #5369, #4885 ) ) REPRESENTATION_CONTEXT ( 'NONE', 'WORKASPACE' ) );
#3202 = VERTEX_POINT ( 'NONE', #5410 ) ;
#3203 =( GEOMETRIC_REPRESENTATION_CONTEXT ( 3 ) GLOBAL_UNCERTAINTY_ASSIGNED_CONTEXT ( ( #4018 ) ) GLOBAL_UNIT_ASSIGNED_CONTEXT ( ( #2890, #3388, #201 ) ) REPRESENTATION_CONTEXT ( 'NONE', 'WORKASPACE' ) );
#3204 = DIRECTION ( 'NONE',  ( -2.710505431213759113E-16, 1.000000000000000000, 0.0000000000000000000 ) ) ;
#3205 = DIRECTION ( 'NONE',  ( 1.000000000000000000, 4.822120870246893339E-16, 0.0000000000000000000 ) ) ;
#3206 = DIRECTION ( 'NONE',  ( 1.000000000000000000, 0.0000000000000000000, 0.0000000000000000000 ) ) ;
#3207 = LINE ( 'NONE', #3239, #4407 ) ;
#3208 = VECTOR ( 'NONE', #3097, 1000.000000000000000 ) ;
#3209 = AXIS2_PLACEMENT_3D ( 'NONE', #4315, #502, #537 ) ;
#3210 = DIRECTION ( 'NONE',  ( -1.000000000000000000, 2.710505431213759113E-16, 0.0000000000000000000 ) ) ;
#3211 = MECHANICAL_DESIGN_GEOMETRIC_PRESENTATION_REPRESENTATION (  '', ( #1092 ), #5995 ) ;
#3212 = EDGE_LOOP ( 'NONE', ( #399, #3574, #4115, #1650, #6456, #2601 ) ) ;
#3213 = CARTESIAN_POINT ( 'NONE',  ( -2.500000000000001776, -1.199999999999999734, -0.2999999999999997113 ) ) ;
#3214 = ORIENTED_EDGE ( 'NONE', *, *, #150, .T. ) ;
#3215 = SURFACE_STYLE_FILL_AREA ( #3787 ) ;
#3216 = VERTEX_POINT ( 'NONE', #667 ) ;
#3217 = DIRECTION ( 'NONE',  ( 0.0000000000000000000, 0.0000000000000000000, 1.000000000000000000 ) ) ;
#3218 = PRESENTATION_LAYER_ASSIGNMENT (  '', '', ( #6749 ) ) ;
#3219 = CARTESIAN_POINT ( 'NONE',  ( 1.700000000000000622, 2.100000000000000089, -0.7699999999999999067 ) ) ;
#3220 = VERTEX_POINT ( 'NONE', #4292 ) ;
#3221 = ORIENTED_EDGE ( 'NONE', *, *, #4434, .F. ) ;
#3222 = LINE ( 'NONE', #1557, #5657 ) ;
#3223 = ADVANCED_FACE ( 'NONE', ( #2690 ), #6419, .T. ) ;
#3224 = ADVANCED_FACE ( 'NONE', ( #3943 ), #264, .F. ) ;
#3225 = AXIS2_PLACEMENT_3D ( 'NONE', #6257, #3695, #1523 ) ;
#3226 = FILL_AREA_STYLE_COLOUR ( '', #145 ) ;
#3227 = DIRECTION ( 'NONE',  ( 0.0000000000000000000, 1.000000000000000000, 0.0000000000000000000 ) ) ;
#3228 = FILL_AREA_STYLE ('',( #1111 ) ) ;
#3229 = SURFACE_STYLE_FILL_AREA ( #3733 ) ;
#3230 = PRESENTATION_LAYER_ASSIGNMENT (  '', '', ( #473 ) ) ;
#3231 = CARTESIAN_POINT ( 'NONE',  ( 1.262305442492821728, 0.6070589046025534063, 0.3000000000000000444 ) ) ;
#3232 = ADVANCED_FACE ( 'NONE', ( #1288 ), #850, .T. ) ;
#3233 = LINE ( 'NONE', #3158, #4349 ) ;
#3234 = VERTEX_POINT ( 'NONE', #302 ) ;
#3235 = CARTESIAN_POINT ( 'NONE',  ( -1.296028625818473667, -0.7287392438591724364, 0.3000000000000000444 ) ) ;
#3236 = DIRECTION ( 'NONE',  ( 0.08682659386424762538, 0.08682659386424762538, -0.9924325091389669673 ) ) ;
#3237 = VERTEX_POINT ( 'NONE', #1258 ) ;
#3238 = FACE_OUTER_BOUND ( 'NONE', #3853, .T. ) ;
#3239 = CARTESIAN_POINT ( 'NONE',  ( 2.470127565808668990, 2.500000000000002220, -0.5699999999999999512 ) ) ;
#3241 = LINE ( 'NONE', #3062, #447 ) ;
#3240 = FACE_OUTER_BOUND ( 'NONE', #6182, .T. ) ;
#3242 =( LENGTH_UNIT ( ) NAMED_UNIT ( * ) SI_UNIT ( .MILLI., .METRE. ) );
#3243 = VERTEX_POINT ( 'NONE', #6100 ) ;
#3244 = CARTESIAN_POINT ( 'NONE',  ( 1.700000000000000622, -1.199999999999999734, -0.7699999999999999067 ) ) ;
#3245 = ORIENTED_EDGE ( 'NONE', *, *, #5272, .T. ) ;
#3246 = CARTESIAN_POINT ( 'NONE',  ( 2.500000000000001776, 1.200000000000000622, -0.2999999999999997113 ) ) ;
#3247 = EDGE_LOOP ( 'NONE', ( #6694, #4231, #5053 ) ) ;
#3248 = CARTESIAN_POINT ( 'NONE',  ( 0.3603187164337324777, 0.4570589046025532176, 0.3500000000000000333 ) ) ;
#3249 = CARTESIAN_POINT ( 'NONE',  ( 1.600000000000000533, 2.200000000000000178, -0.5699999999999999512 ) ) ;
#3250 = SURFACE_STYLE_USAGE ( .BOTH. , #5900 ) ;
#3251 = FILL_AREA_STYLE_COLOUR ( '', #5714 ) ;
#3252 = SURFACE_STYLE_USAGE ( .BOTH. , #3828 ) ;
#3253 =( NAMED_UNIT ( * ) PLANE_ANGLE_UNIT ( ) SI_UNIT ( $, .RADIAN. ) );
#3254 = EDGE_LOOP ( 'NONE', ( #1130, #1249, #5776, #6201 ) ) ;
#3255 = CARTESIAN_POINT ( 'NONE',  ( -2.700000000000001510, -2.099999999999999645, -0.4700000000000008060 ) ) ;
#3256 = CARTESIAN_POINT ( 'NONE',  ( -0.1831650461902210869, -0.2870056143358111767, 0.3000000000000000444 ) ) ;
#3257 = DIRECTION ( 'NONE',  ( 0.0000000000000000000, 0.0000000000000000000, 1.000000000000000000 ) ) ;
#3258 = DIRECTION ( 'NONE',  ( -0.0000000000000000000, -0.0000000000000000000, -1.000000000000000000 ) ) ;
#3259 = DIRECTION ( 'NONE',  ( -1.000000000000000000, -0.0000000000000000000, -0.0000000000000000000 ) ) ;
#3260 =( NAMED_UNIT ( * ) PLANE_ANGLE_UNIT ( ) SI_UNIT ( $, .RADIAN. ) );
#3261 = AXIS2_PLACEMENT_3D ( 'NONE', #5422, #1698, #3804 ) ;
#3262 = VECTOR ( 'NONE', #5971, 1000.000000000000000 ) ;
#3263 = PLANE ( 'NONE',  #3658 ) ;
#3264 = DIRECTION ( 'NONE',  ( 0.0000000000000000000, 0.0000000000000000000, -1.000000000000000000 ) ) ;
#3265 = VECTOR ( 'NONE', #6857, 1000.000000000000114 ) ;
#3266 = EDGE_CURVE ( 'NONE', #5042, #4489, #820, .T. ) ;
#3267 = CLOSED_SHELL ( 'NONE', ( #2195, #2347, #2576, #5560, #3183, #2827, #2354, #2353, #1232, #2482, #5099 ) ) ;
#3268 = EDGE_LOOP ( 'NONE', ( #5781, #453, #3410, #6212 ) ) ;
#3269 = SURFACE_STYLE_FILL_AREA ( #3876 ) ;
#3270 = ADVANCED_FACE ( 'NONE', ( #2919 ), #6654, .T. ) ;
#3271 = DIRECTION ( 'NONE',  ( -0.0000000000000000000, -0.0000000000000000000, -1.000000000000000000 ) ) ;
#3272 = EDGE_LOOP ( 'NONE', ( #6763, #6543, #3683, #4656 ) ) ;
#3273 = ADVANCED_FACE ( 'NONE', ( #3051 ), #369, .F. ) ;
#3274 = SURFACE_STYLE_FILL_AREA ( #6451 ) ;
#3275 = DIRECTION ( 'NONE',  ( -1.000000000000000000, -0.0000000000000000000, -0.0000000000000000000 ) ) ;
#3276 = DIRECTION ( 'NONE',  ( -3.043374519257556424E-15, 0.0000000000000000000, 1.000000000000000000 ) ) ;
#3277 = STYLED_ITEM ( 'NONE', ( #3078 ), #1771 ) ;
#3278 = CARTESIAN_POINT ( 'NONE',  ( -0.03316504619021998224, -2.056952929731181712, 0.3500000000000000333 ) ) ;
#3279 = AXIS2_PLACEMENT_3D ( 'NONE', #6057, #2948, #336 ) ;
#3280 = CARTESIAN_POINT ( 'NONE',  ( 0.4838201673205150821, -0.4871897488101240015, 0.4500000000000000666 ) ) ;
#3281 = FILL_AREA_STYLE ('',( #1159 ) ) ;
#3282 = ORIENTED_EDGE ( 'NONE', *, *, #1621, .F. ) ;
#3283 = AXIS2_PLACEMENT_3D ( 'NONE', #5096, #6218, #377 ) ;
#3284 = CYLINDRICAL_SURFACE ( 'NONE', #2364, 0.1000000000000000194 ) ;
#3285 = VECTOR ( 'NONE', #6366, 1000.000000000000000 ) ;
#3286 = ORIENTED_EDGE ( 'NONE', *, *, #2230, .F. ) ;
#3287 = EDGE_CURVE ( 'NONE', #1943, #142, #5188, .T. ) ;
#3288 = FILL_AREA_STYLE_COLOUR ( '', #4639 ) ;
#3289 = ORIENTED_EDGE ( 'NONE', *, *, #5594, .F. ) ;
#3290 = CARTESIAN_POINT ( 'NONE',  ( 1.700000000000000622, 2.100000000000000089, -0.7699999999999999067 ) ) ;
#3291 = FILL_AREA_STYLE_COLOUR ( '', #3519 ) ;
#3292 = DIRECTION ( 'NONE',  ( -0.05233595624294388321, 0.0000000000000000000, 0.9986295347545739443 ) ) ;
#3293 = LINE ( 'NONE', #4441, #387 ) ;
#3294 = MECHANICAL_DESIGN_GEOMETRIC_PRESENTATION_REPRESENTATION (  '', ( #1510 ), #3176 ) ;
#3295 = ORIENTED_EDGE ( 'NONE', *, *, #2240, .F. ) ;
#3296 = DIRECTION ( 'NONE',  ( 0.0000000000000000000, -0.0000000000000000000, -1.000000000000000000 ) ) ;
#3297 = AXIS2_PLACEMENT_3D ( 'NONE', #3760, #5866, #4302 ) ;
#3298 = DIRECTION ( 'NONE',  ( -0.0000000000000000000, -0.0000000000000000000, -1.000000000000000000 ) ) ;
#3299 =( NAMED_UNIT ( * ) SI_UNIT ( $, .STERADIAN. ) SOLID_ANGLE_UNIT ( ) );
#3300 = FILL_AREA_STYLE ('',( #2697 ) ) ;
#3301 = VECTOR ( 'NONE', #6485, 1000.000000000000000 ) ;
#3303 = CARTESIAN_POINT ( 'NONE',  ( 1.599999999999999867, -2.200000000000000178, -0.5699999999999999512 ) ) ;
#3302 = LINE ( 'NONE', #2134, #111 ) ;
#3304 = FILL_AREA_STYLE ('',( #1182 ) ) ;
#3305 = VECTOR ( 'NONE', #5334, 1000.000000000000000 ) ;
#3306 = ORIENTED_EDGE ( 'NONE', *, *, #405, .F. ) ;
#3307 = UNCERTAINTY_MEASURE_WITH_UNIT (LENGTH_MEASURE( 1.000000000000000082E-05 ), #3829, 'distance_accuracy_value', 'NONE');
#3308 = FACE_OUTER_BOUND ( 'NONE', #4588, .T. ) ;
#3309 = CARTESIAN_POINT ( 'NONE',  ( 2.500000000000001776, 2.100000000000000089, -0.2999999999999997113 ) ) ;
#3310 = ORIENTED_EDGE ( 'NONE', *, *, #4029, .T. ) ;
#3311 = CARTESIAN_POINT ( 'NONE',  ( 2.400000000000002132, -1.199999999999999734, -0.2999999999999993783 ) ) ;
#3312 = LINE ( 'NONE', #5438, #2867 ) ;
#3313 =( GEOMETRIC_REPRESENTATION_CONTEXT ( 3 ) GLOBAL_UNCERTAINTY_ASSIGNED_CONTEXT ( ( #1161 ) ) GLOBAL_UNIT_ASSIGNED_CONTEXT ( ( #500, #5247, #2594 ) ) REPRESENTATION_CONTEXT ( 'NONE', 'WORKASPACE' ) );
#3314 = DIRECTION ( 'NONE',  ( -0.0000000000000000000, -0.0000000000000000000, 1.000000000000000000 ) ) ;
#3315 = AXIS2_PLACEMENT_3D ( 'NONE', #5255, #1936, #4640 ) ;
#3316 = CARTESIAN_POINT ( 'NONE',  ( 1.700000000000000622, -1.199999999999999734, -0.7699999999999999067 ) ) ;
#3317 = ADVANCED_FACE ( 'NONE', ( #2462 ), #1935, .F. ) ;
#3318 = ADVANCED_FACE ( 'NONE', ( #2570 ), #3095, .F. ) ;
#3319 = MECHANICAL_DESIGN_GEOMETRIC_PRESENTATION_REPRESENTATION (  '', ( #1536 ), #2640 ) ;
#3320 = CARTESIAN_POINT ( 'NONE',  ( -0.03316504619021998224, -0.1370056143358100720, 0.3000000000000000444 ) ) ;
#3321 = VECTOR ( 'NONE', #1851, 1000.000000000000000 ) ;
#3322 = VERTEX_POINT ( 'NONE', #2143 ) ;
#3323 =( LENGTH_UNIT ( ) NAMED_UNIT ( * ) SI_UNIT ( .MILLI., .METRE. ) );
#3324 = ORIENTED_EDGE ( 'NONE', *, *, #606, .T. ) ;
#3325 = CARTESIAN_POINT ( 'NONE',  ( -0.1831650461902210869, -0.2870056143358111767, 0.3500000000000000333 ) ) ;
#3326 = VECTOR ( 'NONE', #5647, 1000.000000000000000 ) ;
#3327 =( GEOMETRIC_REPRESENTATION_CONTEXT ( 3 ) GLOBAL_UNCERTAINTY_ASSIGNED_CONTEXT ( ( #3604 ) ) GLOBAL_UNIT_ASSIGNED_CONTEXT ( ( #5169, #5134, #5761 ) ) REPRESENTATION_CONTEXT ( 'NONE', 'WORKASPACE' ) );
#3328 = EDGE_CURVE ( 'NONE', #5611, #1037, #2219, .T. ) ;
#3329 = SURFACE_STYLE_FILL_AREA ( #2691 ) ;
#3330 = PRESENTATION_STYLE_ASSIGNMENT (( #5901 ) ) ;
#3331 = UNCERTAINTY_MEASURE_WITH_UNIT (LENGTH_MEASURE( 1.000000000000000082E-05 ), #755, 'distance_accuracy_value', 'NONE');
#3332 = PRESENTATION_LAYER_ASSIGNMENT (  '', '', ( #4548 ) ) ;
#3333 = DIRECTION ( 'NONE',  ( -1.000000000000000000, 0.0000000000000000000, 0.0000000000000000000 ) ) ;
#3334 = MECHANICAL_DESIGN_GEOMETRIC_PRESENTATION_REPRESENTATION (  '', ( #6331 ), #2754 ) ;
#3335 = ORIENTED_EDGE ( 'NONE', *, *, #5090, .T. ) ;
#3336 = DIRECTION ( 'NONE',  ( -1.000000000000000000, 0.0000000000000000000, 0.0000000000000000000 ) ) ;
#3337 = PRESENTATION_STYLE_ASSIGNMENT (( #4903 ) ) ;
#3338 = DIRECTION ( 'NONE',  ( -1.000000000000000000, 0.0000000000000000000, 0.0000000000000000000 ) ) ;
#3339 = CARTESIAN_POINT ( 'NONE',  ( 0.2838201673205150710, -0.2871897488101240459, 0.4500000000000000666 ) ) ;
#3340 = CARTESIAN_POINT ( 'NONE',  ( -2.500000000000001332, -2.099999999999999645, -0.4700000000000001399 ) ) ;
#3341 = ORIENTED_EDGE ( 'NONE', *, *, #5133, .T. ) ;
#3342 = MECHANICAL_DESIGN_GEOMETRIC_PRESENTATION_REPRESENTATION (  '', ( #5455 ), #3108 ) ;
#3343 = FILL_AREA_STYLE ('',( #193 ) ) ;
#3344 = ORIENTED_EDGE ( 'NONE', *, *, #3003, .T. ) ;
#3345 =( NAMED_UNIT ( * ) SI_UNIT ( $, .STERADIAN. ) SOLID_ANGLE_UNIT ( ) );
#3346 = SURFACE_STYLE_USAGE ( .BOTH. , #2808 ) ;
#3347 = LINE ( 'NONE', #4424, #6329 ) ;
#3348 = CARTESIAN_POINT ( 'NONE',  ( -2.400000000000002132, -1.199999999999999734, -0.2999999999999993783 ) ) ;
#3349 = VECTOR ( 'NONE', #5883, 1000.000000000000000 ) ;
#3350 = ORIENTED_EDGE ( 'NONE', *, *, #4381, .T. ) ;
#3351 = DIRECTION ( 'NONE',  ( 0.0000000000000000000, -1.000000000000000000, 0.0000000000000000000 ) ) ;
#3352 = ORIENTED_EDGE ( 'NONE', *, *, #1231, .T. ) ;
#3353 =( LENGTH_UNIT ( ) NAMED_UNIT ( * ) SI_UNIT ( .MILLI., .METRE. ) );
#3354 = ORIENTED_EDGE ( 'NONE', *, *, #6128, .F. ) ;
#3355 = PRODUCT_DEFINITION ( 'UNKNOWN', '', #6644, #956 ) ;
#3356 = EDGE_CURVE ( 'NONE', #455, #4876, #1676, .T. ) ;
#3357 = PRESENTATION_STYLE_ASSIGNMENT (( #1259 ) ) ;
#3358 = CARTESIAN_POINT ( 'NONE',  ( 1.930905544980987543, 2.110000814877110997, 0.3500000000000000333 ) ) ;
#3359 = CARTESIAN_POINT ( 'NONE',  ( 2.486873320506370000, 2.100000000000000089, -0.2504719656739949341 ) ) ;
#3360 = CARTESIAN_POINT ( 'NONE',  ( 0.2103187164337327886, 0.9751250982098678133, 0.3000000000000000444 ) ) ;
#3361 = EDGE_CURVE ( 'NONE', #4369, #5711, #2206, .T. ) ;
#3362 = EDGE_LOOP ( 'NONE', ( #5119, #344, #6713, #2548 ) ) ;
#3363 = ORIENTED_EDGE ( 'NONE', *, *, #2362, .F. ) ;
#3364 = EDGE_CURVE ( 'NONE', #6265, #3751, #1122, .T. ) ;
#3365 = EDGE_CURVE ( 'NONE', #3381, #2862, #4284, .T. ) ;
#3366 = PLANE ( 'NONE',  #2758 ) ;
#3367 = FILL_AREA_STYLE_COLOUR ( '', #83 ) ;
#3368 = CARTESIAN_POINT ( 'NONE',  ( 0.2838201673205150155, 0.4046747618464905383, 0.4500000000000000666 ) ) ;
#3369 = ADVANCED_FACE ( 'NONE', ( #1638 ), #1042, .F. ) ;
#3371 = DIRECTION ( 'NONE',  ( 0.0000000000000000000, 0.0000000000000000000, -1.000000000000000000 ) ) ;
#3370 = FACE_OUTER_BOUND ( 'NONE', #4498, .T. ) ;
#3372 = ORIENTED_EDGE ( 'NONE', *, *, #6839, .F. ) ;
#3373 = UNCERTAINTY_MEASURE_WITH_UNIT (LENGTH_MEASURE( 1.000000000000000082E-05 ), #5350, 'distance_accuracy_value', 'NONE');
#3374 = SURFACE_SIDE_STYLE ('',( #5108 ) ) ;
#3375 = CLOSED_SHELL ( 'NONE', ( #1315, #3912, #2718, #2267, #6430, #1740, #853, #5186, #4161, #4512, #3224 ) ) ;
#3376 = ORIENTED_EDGE ( 'NONE', *, *, #4978, .T. ) ;
#3377 = FILL_AREA_STYLE_COLOUR ( '', #4195 ) ;
#3378 = CARTESIAN_POINT ( 'NONE',  ( 2.486873320506370000, -2.099999999999999645, -0.2504719656739949341 ) ) ;
#3379 = DIRECTION ( 'NONE',  ( 1.000000000000000000, 2.710505431213759113E-16, 0.0000000000000000000 ) ) ;
#3380 = CLOSED_SHELL ( 'NONE', ( #5602, #5106, #1531, #940, #2279, #97, #5264, #1887, #862, #5317, #3273 ) ) ;
#3381 = VERTEX_POINT ( 'NONE', #2753 ) ;
#3382 = DIRECTION ( 'NONE',  ( 3.043374519257556424E-15, -0.0000000000000000000, -1.000000000000000000 ) ) ;
#3383 = DIRECTION ( 'NONE',  ( -0.05233595624294388321, 0.0000000000000000000, 0.9986295347545739443 ) ) ;
#3384 = EDGE_LOOP ( 'NONE', ( #5520, #3457, #1195, #1983 ) ) ;
#3385 = COLOUR_RGB ( '',1.000000000000000000, 1.000000000000000000, 1.000000000000000000 ) ;
#3386 =( GEOMETRIC_REPRESENTATION_CONTEXT ( 3 ) GLOBAL_UNCERTAINTY_ASSIGNED_CONTEXT ( ( #326 ) ) GLOBAL_UNIT_ASSIGNED_CONTEXT ( ( #5258, #4647, #4191 ) ) REPRESENTATION_CONTEXT ( 'NONE', 'WORKASPACE' ) );
#3387 = ORIENTED_EDGE ( 'NONE', *, *, #810, .F. ) ;
#3388 =( NAMED_UNIT ( * ) PLANE_ANGLE_UNIT ( ) SI_UNIT ( $, .RADIAN. ) );
#3389 = DIRECTION ( 'NONE',  ( 0.0000000000000000000, -0.0000000000000000000, -1.000000000000000000 ) ) ;
#3390 = PRESENTATION_STYLE_ASSIGNMENT (( #3491 ) ) ;
#3391 = COLOUR_RGB ( '',0.8980392156862745390, 0.9215686274509803377, 0.9294117647058823817 ) ;
#3392 = ORIENTED_EDGE ( 'NONE', *, *, #4929, .F. ) ;
#3393 = DIRECTION ( 'NONE',  ( -0.0000000000000000000, -0.0000000000000000000, -1.000000000000000000 ) ) ;
#3394 = UNCERTAINTY_MEASURE_WITH_UNIT (LENGTH_MEASURE( 1.000000000000000082E-05 ), #963, 'distance_accuracy_value', 'NONE');
#3395 = ORIENTED_EDGE ( 'NONE', *, *, #6556, .T. ) ;
#3396 = PRESENTATION_LAYER_ASSIGNMENT (  '', '', ( #4173 ) ) ;
#3397 = CARTESIAN_POINT ( 'NONE',  ( -1.919276727925023351, -0.8787392438591723476, 0.3500000000000000333 ) ) ;
#3398 = EDGE_CURVE ( 'NONE', #6001, #4825, #5290, .T. ) ;
#3399 = SURFACE_SIDE_STYLE ('',( #3901 ) ) ;
#3400 = EDGE_CURVE ( 'NONE', #5042, #5892, #2648, .T. ) ;
#3401 = EDGE_CURVE ( 'NONE', #893, #3237, #4786, .T. ) ;
#3402 = MECHANICAL_DESIGN_GEOMETRIC_PRESENTATION_REPRESENTATION (  '', ( #3622 ), #1728 ) ;
#3403 = PRESENTATION_STYLE_ASSIGNMENT (( #1271 ) ) ;
#3404 = SURFACE_SIDE_STYLE ('',( #1140 ) ) ;
#3405 = CARTESIAN_POINT ( 'NONE',  ( -2.500000000000002220, 2.200000000000000178, 0.0000000000000000000 ) ) ;
#3406 = COLOUR_RGB ( '',0.8980392156862745390, 0.9215686274509803377, 0.9294117647058823817 ) ;
#3407 = DIRECTION ( 'NONE',  ( 0.0000000000000000000, -1.000000000000000000, 0.0000000000000000000 ) ) ;
#3408 = FILL_AREA_STYLE ('',( #5553 ) ) ;
#3409 = EDGE_CURVE ( 'NONE', #5595, #3948, #3987, .T. ) ;
#3410 = ORIENTED_EDGE ( 'NONE', *, *, #625, .F. ) ;
#3411 = PRESENTATION_LAYER_ASSIGNMENT (  '', '', ( #2171 ) ) ;
#3412 = CARTESIAN_POINT ( 'NONE',  ( -0.5500000000000001554, 2.254834989607331863, -0.5699999999999999512 ) ) ;
#3413 = VERTEX_POINT ( 'NONE', #721 ) ;
#3414 = CARTESIAN_POINT ( 'NONE',  ( 2.700000000000001954, -2.099999999999999645, -0.3000000000000003220 ) ) ;
#3415 = PRESENTATION_STYLE_ASSIGNMENT (( #1866 ) ) ;
#3416 = VECTOR ( 'NONE', #3019, 1000.000000000000000 ) ;
#3417 = ORIENTED_EDGE ( 'NONE', *, *, #6842, .T. ) ;
#3418 = CYLINDRICAL_SURFACE ( 'NONE', #3279, 0.1000000000000000194 ) ;
#3419 = CARTESIAN_POINT ( 'NONE',  ( 0.5500000000000000444, -2.240667692902679420, -0.5699999999999999512 ) ) ;
#3420 = VERTEX_POINT ( 'NONE', #6641 ) ;
#3421 = SURFACE_STYLE_FILL_AREA ( #2790 ) ;
#3422 = STYLED_ITEM ( 'NONE', ( #4901 ), #5908 ) ;
#3423 = ORIENTED_EDGE ( 'NONE', *, *, #4591, .T. ) ;
#3424 = SURFACE_SIDE_STYLE ('',( #3798 ) ) ;
#3425 = MECHANICAL_DESIGN_GEOMETRIC_PRESENTATION_REPRESENTATION (  '', ( #2302 ), #1106 ) ;
#3426 = STYLED_ITEM ( 'NONE', ( #1000 ), #2974 ) ;
#3427 = CARTESIAN_POINT ( 'NONE',  ( -1.700000000000000622, -1.199999999999999734, -0.7699999999999999067 ) ) ;
#3428 = COLOUR_RGB ( '',1.000000000000000000, 1.000000000000000000, 1.000000000000000000 ) ;
#3429 = ORIENTED_EDGE ( 'NONE', *, *, #6128, .T. ) ;
#3430 = ORIENTED_EDGE ( 'NONE', *, *, #6555, .F. ) ;
#3431 = AXIS2_PLACEMENT_3D ( 'NONE', #3316, #136, #2685 ) ;
#3432 = VECTOR ( 'NONE', #5153, 1000.000000000000000 ) ;
#3433 = SURFACE_STYLE_USAGE ( .BOTH. , #4474 ) ;
#3434 = LINE ( 'NONE', #5026, #6056 ) ;
#3435 = VECTOR ( 'NONE', #3967, 1000.000000000000000 ) ;
#3436 = STYLED_ITEM ( 'NONE', ( #6407 ), #6798 ) ;
#3437 = CARTESIAN_POINT ( 'NONE',  ( -0.03316504619021998224, -2.056952929731181712, 0.3500000000000000333 ) ) ;
#3438 =( LENGTH_UNIT ( ) NAMED_UNIT ( * ) SI_UNIT ( .MILLI., .METRE. ) );
#3439 = EDGE_CURVE ( 'NONE', #1325, #6561, #1865, .T. ) ;
#3440 = VECTOR ( 'NONE', #4412, 1000.000000000000000 ) ;
#3441 = EDGE_CURVE ( 'NONE', #5183, #3919, #3347, .T. ) ;
#3442 = CARTESIAN_POINT ( 'NONE',  ( 1.930905544980987543, 0.8251250982098667919, 0.3500000000000000333 ) ) ;
#3443 = VERTEX_POINT ( 'NONE', #3378 ) ;
#3444 = UNCERTAINTY_MEASURE_WITH_UNIT (LENGTH_MEASURE( 1.000000000000000082E-05 ), #5396, 'distance_accuracy_value', 'NONE');
#3445 = PRESENTATION_STYLE_ASSIGNMENT (( #1891 ) ) ;
#3446 = ORIENTED_EDGE ( 'NONE', *, *, #5305, .T. ) ;
#3447 = SURFACE_SIDE_STYLE ('',( #2843 ) ) ;
#3448 = DIRECTION ( 'NONE',  ( -1.000000000000000000, 0.0000000000000000000, 0.0000000000000000000 ) ) ;
#3449 = EDGE_CURVE ( 'NONE', #1037, #6139, #6550, .T. ) ;
#3450 = PLANE ( 'NONE',  #6854 ) ;
#3451 = LINE ( 'NONE', #3563, #4688 ) ;
#3452 = VECTOR ( 'NONE', #4007, 1000.000000000000000 ) ;
#3453 = CARTESIAN_POINT ( 'NONE',  ( 2.400000000000001243, -1.199999999999999734, -0.5700000000000000622 ) ) ;
#3454 = CARTESIAN_POINT ( 'NONE',  ( 2.500000000000002220, 1.200000000000000622, 0.0000000000000000000 ) ) ;
#3455 = VERTEX_POINT ( 'NONE', #3414 ) ;
#3456 = FACE_OUTER_BOUND ( 'NONE', #5718, .T. ) ;
#3457 = ORIENTED_EDGE ( 'NONE', *, *, #4584, .T. ) ;
#3458 = PLANE ( 'NONE',  #6083 ) ;
#3459 = COLOUR_RGB ( '',1.000000000000000000, 1.000000000000000000, 1.000000000000000000 ) ;
#3460 = CARTESIAN_POINT ( 'NONE',  ( 0.5500000000000000444, -1.049999999999999822, -0.6999999999999999556 ) ) ;
#3461 = ORIENTED_EDGE ( 'NONE', *, *, #4122, .F. ) ;
#3462 = UNCERTAINTY_MEASURE_WITH_UNIT (LENGTH_MEASURE( 1.000000000000000082E-05 ), #2213, 'distance_accuracy_value', 'NONE');
#3463 = EDGE_LOOP ( 'NONE', ( #440, #2320, #4492, #560 ) ) ;
#3464 = EDGE_LOOP ( 'NONE', ( #1224, #5544, #5819, #6797 ) ) ;
#3465 = DIRECTION ( 'NONE',  ( 1.000000000000000000, 0.0000000000000000000, 0.0000000000000000000 ) ) ;
#3466 = LINE ( 'NONE', #2126, #1065 ) ;
#3467 = CYLINDRICAL_SURFACE ( 'NONE', #1502, 0.1499999999999999667 ) ;
#3469 = CARTESIAN_POINT ( 'NONE',  ( 0.0000000000000000000, 0.0000000000000000000, 0.3500000000000000333 ) ) ;
#3468 = FILL_AREA_STYLE_COLOUR ( '', #5086 ) ;
#3470 = FACE_OUTER_BOUND ( 'NONE', #3047, .T. ) ;
#3471 = FILL_AREA_STYLE ('',( #5622 ) ) ;
#3472 = EDGE_LOOP ( 'NONE', ( #1546, #1246, #4782, #4011, #6460, #1355 ) ) ;
#3473 = ADVANCED_FACE ( 'NONE', ( #3880 ), #5561, .F. ) ;
#3474 = CARTESIAN_POINT ( 'NONE',  ( 2.499117102666011725, 2.100000000000000089, -0.01684668471109857651 ) ) ;
#3475 = EDGE_LOOP ( 'NONE', ( #5462, #796, #6033, #4428 ) ) ;
#3476 =( LENGTH_UNIT ( ) NAMED_UNIT ( * ) SI_UNIT ( .MILLI., .METRE. ) );
#3477 = FACE_OUTER_BOUND ( 'NONE', #4125, .T. ) ;
#3478 = EDGE_CURVE ( 'NONE', #4796, #3572, #291, .T. ) ;
#3479 = CARTESIAN_POINT ( 'NONE',  ( -2.500000000000000888, -1.199999999999999734, -0.4700000000000001399 ) ) ;
#3480 = CLOSED_SHELL ( 'NONE', ( #1388, #5515, #1054, #5314, #5136, #3755 ) ) ;
#3481 = EDGE_CURVE ( 'NONE', #3682, #807, #4524, .T. ) ;
#3482 = ADVANCED_FACE ( 'NONE', ( #1352 ), #839, .T. ) ;
#3483 = DIRECTION ( 'NONE',  ( -4.818676322157797375E-16, -1.000000000000000000, -1.466503673540475756E-30 ) ) ;
#3484 = PLANE ( 'NONE',  #1928 ) ;
#3485 = LINE ( 'NONE', #6651, #6160 ) ;
#3486 = VERTEX_POINT ( 'NONE', #5996 ) ;
#3487 = ORIENTED_EDGE ( 'NONE', *, *, #1888, .T. ) ;
#3488 = MECHANICAL_DESIGN_GEOMETRIC_PRESENTATION_REPRESENTATION (  '', ( #4932 ), #4716 ) ;
#3489 = VECTOR ( 'NONE', #485, 1000.000000000000114 ) ;
#3490 = CARTESIAN_POINT ( 'NONE',  ( 2.400000000000002132, -1.199999999999999734, -0.2999999999999993783 ) ) ;
#3491 = SURFACE_STYLE_USAGE ( .BOTH. , #5020 ) ;
#3492 = ORIENTED_EDGE ( 'NONE', *, *, #2325, .F. ) ;
#3493 = ADVANCED_FACE ( 'NONE', ( #4456 ), #6575, .F. ) ;
#3494 = VECTOR ( 'NONE', #2386, 1000.000000000000000 ) ;
#3495 = CARTESIAN_POINT ( 'NONE',  ( -2.500000000000002220, -2.500000000000002220, 0.0000000000000000000 ) ) ;
#3496 = VECTOR ( 'NONE', #3382, 1000.000000000000000 ) ;
#3497 = ORIENTED_EDGE ( 'NONE', *, *, #736, .F. ) ;
#3498 = SURFACE_STYLE_FILL_AREA ( #6142 ) ;
#3499 = EDGE_LOOP ( 'NONE', ( #1534, #4418, #6232, #804 ) ) ;
#3500 = SURFACE_STYLE_USAGE ( .BOTH. , #6507 ) ;
#3501 = LINE ( 'NONE', #5129, #5754 ) ;
#3502 = VECTOR ( 'NONE', #1319, 1000.000000000000000 ) ;
#3503 = PRESENTATION_LAYER_ASSIGNMENT (  '', '', ( #1609 ) ) ;
#3504 = PLANE ( 'NONE',  #4068 ) ;
#3505 = FACE_OUTER_BOUND ( 'NONE', #5287, .T. ) ;
#3506 = DIRECTION ( 'NONE',  ( -1.000000000000000000, -1.896992367213331698E-16, 0.0000000000000000000 ) ) ;
#3507 = LINE ( 'NONE', #4408, #2350 ) ;
#3508 = DIRECTION ( 'NONE',  ( 0.05226442768871396305, 0.05226442768871396305, 0.9972646886342373396 ) ) ;
#3509 =( NAMED_UNIT ( * ) PLANE_ANGLE_UNIT ( ) SI_UNIT ( $, .RADIAN. ) );
#3510 = UNCERTAINTY_MEASURE_WITH_UNIT (LENGTH_MEASURE( 1.000000000000000082E-05 ), #1030, 'distance_accuracy_value', 'NONE');
#3511 = PLANE ( 'NONE',  #1722 ) ;
#3512 = DIRECTION ( 'NONE',  ( -0.0000000000000000000, -1.000000000000000000, -0.0000000000000000000 ) ) ;
#3513 = ORIENTED_EDGE ( 'NONE', *, *, #5528, .T. ) ;
#3514 = PRESENTATION_STYLE_ASSIGNMENT (( #2000 ) ) ;
#3515 =( GEOMETRIC_REPRESENTATION_CONTEXT ( 3 ) GLOBAL_UNCERTAINTY_ASSIGNED_CONTEXT ( ( #5663 ) ) GLOBAL_UNIT_ASSIGNED_CONTEXT ( ( #5510, #2868, #1307 ) ) REPRESENTATION_CONTEXT ( 'NONE', 'WORKASPACE' ) );
#3516 = DIRECTION ( 'NONE',  ( -1.000000000000000000, -0.0000000000000000000, -0.0000000000000000000 ) ) ;
#3517 = CARTESIAN_POINT ( 'NONE',  ( -2.700000000000001066, 2.100000000000000089, -0.4700000000000007505 ) ) ;
#3518 = VECTOR ( 'NONE', #5160, 1000.000000000000000 ) ;
#3519 = COLOUR_RGB ( '',0.8980392156862745390, 0.9215686274509803377, 0.9294117647058823817 ) ;
#3520 = PRESENTATION_STYLE_ASSIGNMENT (( #1869 ) ) ;
#3521 = DIRECTION ( 'NONE',  ( 1.000000000000000000, 0.0000000000000000000, 0.0000000000000000000 ) ) ;
#3522 = EDGE_LOOP ( 'NONE', ( #2124, #4156, #637, #436 ) ) ;
#3523 = DIRECTION ( 'NONE',  ( 1.000000000000000000, 0.0000000000000000000, 0.0000000000000000000 ) ) ;
#3524 = ORIENTED_EDGE ( 'NONE', *, *, #2054, .F. ) ;
#3525 = PRESENTATION_LAYER_ASSIGNMENT (  '', '', ( #6531 ) ) ;
#3526 = SURFACE_SIDE_STYLE ('',( #6238 ) ) ;
#3527 = VECTOR ( 'NONE', #249, 1000.000000000000000 ) ;
#3528 = LINE ( 'NONE', #4603, #2527 ) ;
#3529 = ADVANCED_FACE ( 'NONE', ( #1566 ), #2596, .T. ) ;
#3530 = EDGE_CURVE ( 'NONE', #2375, #4541, #3837, .T. ) ;
#3531 = CARTESIAN_POINT ( 'NONE',  ( -0.5500000000000001554, -1.049999999999999822, -0.6999999999999999556 ) ) ;
#3532 = ORIENTED_EDGE ( 'NONE', *, *, #5311, .F. ) ;
#3533 = CARTESIAN_POINT ( 'NONE',  ( -2.400000000000002132, 2.100000000000000089, -0.2999999999999993783 ) ) ;
#3534 = VECTOR ( 'NONE', #5000, 1000.000000000000000 ) ;
#3535 = UNCERTAINTY_MEASURE_WITH_UNIT (LENGTH_MEASURE( 1.000000000000000082E-05 ), #4737, 'distance_accuracy_value', 'NONE');
#3536 = ORIENTED_EDGE ( 'NONE', *, *, #4222, .T. ) ;
#3537 = DIRECTION ( 'NONE',  ( 1.000000000000000000, -0.0000000000000000000, -0.0000000000000000000 ) ) ;
#3538 = ORIENTED_EDGE ( 'NONE', *, *, #3802, .T. ) ;
#3539 = PLANE ( 'NONE',  #441 ) ;
#3540 =( NAMED_UNIT ( * ) SI_UNIT ( $, .STERADIAN. ) SOLID_ANGLE_UNIT ( ) );
#3541 = COLOUR_RGB ( '',1.000000000000000000, 1.000000000000000000, 1.000000000000000000 ) ;
#3542 = ADVANCED_FACE ( 'NONE', ( #3195 ), #4275, .F. ) ;
#3543 = AXIS2_PLACEMENT_3D ( 'NONE', #1592, #5217, #6262 ) ;
#3544 = LINE ( 'NONE', #895, #741 ) ;
#3545 =( GEOMETRIC_REPRESENTATION_CONTEXT ( 3 ) GLOBAL_UNCERTAINTY_ASSIGNED_CONTEXT ( ( #3897 ) ) GLOBAL_UNIT_ASSIGNED_CONTEXT ( ( #4444, #2260, #2295 ) ) REPRESENTATION_CONTEXT ( 'NONE', 'WORKASPACE' ) );
#3546 = COLOUR_RGB ( '',1.000000000000000000, 1.000000000000000000, 1.000000000000000000 ) ;
#3547 = DIRECTION ( 'NONE',  ( 1.000000000000000000, 0.0000000000000000000, 0.0000000000000000000 ) ) ;
#3548 = PLANE ( 'NONE',  #3840 ) ;
#3549 = AXIS2_PLACEMENT_3D ( 'NONE', #4670, #5248, #501 ) ;
#3551 = SURFACE_STYLE_USAGE ( .BOTH. , #2557 ) ;
#3550 = PRESENTATION_STYLE_ASSIGNMENT (( #5063 ) ) ;
#3552 = CARTESIAN_POINT ( 'NONE',  ( 1.700000000000000400, 1.200000000000000622, -0.7699999999999999067 ) ) ;
#3553 = AXIS2_PLACEMENT_3D ( 'NONE', #407, #1980, #6240 ) ;
#3554 = STYLED_ITEM ( 'NONE', ( #2681 ), #3369 ) ;
#3555 = FILL_AREA_STYLE ('',( #1420 ) ) ;
#3556 =( GEOMETRIC_REPRESENTATION_CONTEXT ( 3 ) GLOBAL_UNCERTAINTY_ASSIGNED_CONTEXT ( ( #6727 ) ) GLOBAL_UNIT_ASSIGNED_CONTEXT ( ( #4681, #6656, #446 ) ) REPRESENTATION_CONTEXT ( 'NONE', 'WORKASPACE' ) );
#3557 = PLANE ( 'NONE',  #5347 ) ;
#3558 = FILL_AREA_STYLE_COLOUR ( '', #4611 ) ;
#3559 = ORIENTED_EDGE ( 'NONE', *, *, #852, .T. ) ;
#3560 = MECHANICAL_DESIGN_GEOMETRIC_PRESENTATION_REPRESENTATION (  '', ( #6749 ), #4093 ) ;
#3561 = LINE ( 'NONE', #4669, #5859 ) ;
#3562 = SURFACE_SIDE_STYLE ('',( #6742 ) ) ;
#3563 = CARTESIAN_POINT ( 'NONE',  ( 2.500000000000002220, -2.200000000000000622, 0.0000000000000000000 ) ) ;
#3564 = EDGE_LOOP ( 'NONE', ( #3395, #4791, #2016, #6706 ) ) ;
#3565 = CARTESIAN_POINT ( 'NONE',  ( -2.700000000000001954, 2.100000000000000089, -0.3000000000000003220 ) ) ;
#3566 = CARTESIAN_POINT ( 'NONE',  ( 1.600000000000000533, 2.200000000000000178, -0.6999999999999999556 ) ) ;
#3567 = ORIENTED_EDGE ( 'NONE', *, *, #3949, .F. ) ;
#3568 = VERTEX_POINT ( 'NONE', #4208 ) ;
#3569 = CARTESIAN_POINT ( 'NONE',  ( 1.700000000000000622, -1.199999999999999734, -0.7699999999999999067 ) ) ;
#3570 = VECTOR ( 'NONE', #5243, 1000.000000000000000 ) ;
#3571 = CARTESIAN_POINT ( 'NONE',  ( -1.700000000000000622, 2.100000000000000089, -0.5699999999999999512 ) ) ;
#3572 = VERTEX_POINT ( 'NONE', #5324 ) ;
#3573 = CARTESIAN_POINT ( 'NONE',  ( -1.680009069179263070, 2.879687624179894101, 0.4000000000000000222 ) ) ;
#3574 = ORIENTED_EDGE ( 'NONE', *, *, #228, .T. ) ;
#3575 = ADVANCED_FACE ( 'NONE', ( #577 ), #6400, .F. ) ;
#3576 = PRESENTATION_STYLE_ASSIGNMENT (( #1448 ) ) ;
#3577 = ORIENTED_EDGE ( 'NONE', *, *, #481, .F. ) ;
#3578 = DIRECTION ( 'NONE',  ( -1.000000000000000000, 0.0000000000000000000, 0.0000000000000000000 ) ) ;
#3579 = DIRECTION ( 'NONE',  ( 0.0000000000000000000, 0.0000000000000000000, -1.000000000000000000 ) ) ;
#3580 = AXIS2_PLACEMENT_3D ( 'NONE', #2131, #3694, #995 ) ;
#3581 = FILL_AREA_STYLE_COLOUR ( '', #292 ) ;
#3582 = ADVANCED_FACE ( 'NONE', ( #4999 ), #248, .F. ) ;
#3583 = EDGE_CURVE ( 'NONE', #4985, #4433, #5424, .T. ) ;
#3584 = FILL_AREA_STYLE ('',( #3649 ) ) ;
#3586 = PLANE ( 'NONE',  #6110 ) ;
#3585 = FILL_AREA_STYLE_COLOUR ( '', #3778 ) ;
#3587 = CARTESIAN_POINT ( 'NONE',  ( -1.599999999999999645, 2.200000000000000178, -0.6999999999999999556 ) ) ;
#3588 = SURFACE_SIDE_STYLE ('',( #1490 ) ) ;
#3589 = EDGE_CURVE ( 'NONE', #6382, #3163, #6509, .T. ) ;
#3590 = UNCERTAINTY_MEASURE_WITH_UNIT (LENGTH_MEASURE( 1.000000000000000082E-05 ), #4724, 'distance_accuracy_value', 'NONE');
#3591 = PRESENTATION_STYLE_ASSIGNMENT (( #1998 ) ) ;
#3592 = EDGE_LOOP ( 'NONE', ( #1358, #268, #5466, #5641 ) ) ;
#3593 = CARTESIAN_POINT ( 'NONE',  ( 0.0000000000000000000, 0.0000000000000000000, -0.5699999999999999512 ) ) ;
#3594 = LINE ( 'NONE', #3082, #6192 ) ;
#3595 = PLANE ( 'NONE',  #4563 ) ;
#3596 = ORIENTED_EDGE ( 'NONE', *, *, #4723, .F. ) ;
#3597 = DIRECTION ( 'NONE',  ( 1.000000000000000000, -0.0000000000000000000, -0.0000000000000000000 ) ) ;
#3598 = CARTESIAN_POINT ( 'NONE',  ( -2.400000000000001243, -1.199999999999999734, -0.5700000000000000622 ) ) ;
#3599 = ORIENTED_EDGE ( 'NONE', *, *, #3356, .F. ) ;
#3600 = LINE ( 'NONE', #5702, #2052 ) ;
#3601 = CARTESIAN_POINT ( 'NONE',  ( -0.1831650461902200044, -0.1370056143358111267, 0.3000000000000000444 ) ) ;
#3602 = CARTESIAN_POINT ( 'NONE',  ( -0.5500000000000001554, -1.049999999999999822, -0.5699999999999999512 ) ) ;
#3603 = ORIENTED_EDGE ( 'NONE', *, *, #4095, .T. ) ;
#3604 = UNCERTAINTY_MEASURE_WITH_UNIT (LENGTH_MEASURE( 1.000000000000000082E-05 ), #5169, 'distance_accuracy_value', 'NONE');
#3605 = ORIENTED_EDGE ( 'NONE', *, *, #3620, .T. ) ;
#3606 =( NAMED_UNIT ( * ) PLANE_ANGLE_UNIT ( ) SI_UNIT ( $, .RADIAN. ) );
#3607 = MECHANICAL_DESIGN_GEOMETRIC_PRESENTATION_REPRESENTATION (  '', ( #4481 ), #2585 ) ;
#3608 = ORIENTED_EDGE ( 'NONE', *, *, #1015, .T. ) ;
#3609 = DIRECTION ( 'NONE',  ( -4.818676322157797375E-16, -1.000000000000000000, -1.466503673540475756E-30 ) ) ;
#3610 = CIRCLE ( 'NONE', #3147, 0.1000000000000000194 ) ;
#3611 = CARTESIAN_POINT ( 'NONE',  ( -0.9960286258184738450, -0.6832195235787650311, 0.3500000000000000333 ) ) ;
#3612 = DIRECTION ( 'NONE',  ( -0.0000000000000000000, -1.000000000000000000, -0.0000000000000000000 ) ) ;
#3613 = ORIENTED_EDGE ( 'NONE', *, *, #6470, .T. ) ;
#3614 = DIRECTION ( 'NONE',  ( 1.000000000000000000, -0.0000000000000000000, -0.0000000000000000000 ) ) ;
#3615 = LINE ( 'NONE', #6221, #6154 ) ;
#3616 = EDGE_CURVE ( 'NONE', #4363, #5468, #5947, .T. ) ;
#3617 = PRESENTATION_LAYER_ASSIGNMENT (  '', '', ( #6386 ) ) ;
#3618 = DIRECTION ( 'NONE',  ( 1.185975313885231567E-16, -1.000000000000000000, -0.0000000000000000000 ) ) ;
#3619 = EDGE_CURVE ( 'NONE', #140, #1325, #2904, .T. ) ;
#3620 = EDGE_CURVE ( 'NONE', #5039, #360, #217, .T. ) ;
#3621 = DIRECTION ( 'NONE',  ( 1.000000000000000000, 4.818676322157797375E-16, -3.043374519257556424E-15 ) ) ;
#3622 = STYLED_ITEM ( 'NONE', ( #2202 ), #2122 ) ;
#3623 = SURFACE_STYLE_FILL_AREA ( #3077 ) ;
#3624 = DIRECTION ( 'NONE',  ( 0.0000000000000000000, -0.9986295347545739443, -0.05233595624294388321 ) ) ;
#3625 = PLANE ( 'NONE',  #2518 ) ;
#3626 = PRESENTATION_LAYER_ASSIGNMENT (  '', '', ( #5171 ) ) ;
#3627 = DIRECTION ( 'NONE',  ( 0.0000000000000000000, 1.000000000000000000, 0.0000000000000000000 ) ) ;
#3628 = ADVANCED_FACE ( 'NONE', ( #6539 ), #5984, .F. ) ;
#3629 = SURFACE_STYLE_FILL_AREA ( #2703 ) ;
#3630 = ORIENTED_EDGE ( 'NONE', *, *, #6672, .F. ) ;
#3631 = CARTESIAN_POINT ( 'NONE',  ( 0.2838201673205150710, -0.2871897488101240459, 0.4500000000000000666 ) ) ;
#3632 = PLANE ( 'NONE',  #1720 ) ;
#3633 = EDGE_LOOP ( 'NONE', ( #3842, #24, #4332, #2546 ) ) ;
#3634 = FACE_OUTER_BOUND ( 'NONE', #6616, .T. ) ;
#3635 = EDGE_LOOP ( 'NONE', ( #695, #3417, #1975, #6141 ) ) ;
#3636 = VECTOR ( 'NONE', #3139, 1000.000000000000000 ) ;
#3637 = CARTESIAN_POINT ( 'NONE',  ( 2.500000000000002220, -2.500000000000002220, 0.0000000000000000000 ) ) ;
#3638 = CARTESIAN_POINT ( 'NONE',  ( 0.4838201673205150821, -0.2871897488101240459, 0.4500000000000000666 ) ) ;
#3639 = VERTEX_POINT ( 'NONE', #1762 ) ;
#3640 = VECTOR ( 'NONE', #2547, 1000.000000000000000 ) ;
#3641 = PRESENTATION_STYLE_ASSIGNMENT (( #6213 ) ) ;
#3642 = STYLED_ITEM ( 'NONE', ( #204 ), #5329 ) ;
#3643 = ORIENTED_EDGE ( 'NONE', *, *, #357, .T. ) ;
#3644 = AXIS2_PLACEMENT_3D ( 'NONE', #442, #5224, #6685 ) ;
#3645 = CARTESIAN_POINT ( 'NONE',  ( -0.03316504619021998224, -0.6832195235787661414, 0.3000000000000000444 ) ) ;
#3646 = CIRCLE ( 'NONE', #966, 0.1499999999999999667 ) ;
#3647 = FACE_OUTER_BOUND ( 'NONE', #6815, .T. ) ;
#3648 = EDGE_LOOP ( 'NONE', ( #5991, #4792, #662, #959 ) ) ;
#3649 = FILL_AREA_STYLE_COLOUR ( '', #4855 ) ;
#3650 = DIRECTION ( 'NONE',  ( -0.05233595624294388321, 7.966796444468710527E-18, -0.9986295347545739443 ) ) ;
#3651 =( GEOMETRIC_REPRESENTATION_CONTEXT ( 3 ) GLOBAL_UNCERTAINTY_ASSIGNED_CONTEXT ( ( #5476 ) ) GLOBAL_UNIT_ASSIGNED_CONTEXT ( ( #508, #86, #2218 ) ) REPRESENTATION_CONTEXT ( 'NONE', 'WORKASPACE' ) );
#3652 = COLOUR_RGB ( '',1.000000000000000000, 1.000000000000000000, 1.000000000000000000 ) ;
#3653 = MECHANICAL_DESIGN_GEOMETRIC_PRESENTATION_REPRESENTATION (  '', ( #6316 ), #210 ) ;
#3654 = CARTESIAN_POINT ( 'NONE',  ( -1.599999999999999867, 1.100000000000000089, -0.5699999999999999512 ) ) ;
#3655 = MECHANICAL_DESIGN_GEOMETRIC_PRESENTATION_REPRESENTATION (  '', ( #4764 ), #5207 ) ;
#3656 = DIRECTION ( 'NONE',  ( -1.000000000000000000, -0.0000000000000000000, -0.0000000000000000000 ) ) ;
#3657 = MECHANICAL_DESIGN_GEOMETRIC_PRESENTATION_REPRESENTATION (  '', ( #5980 ), #5308 ) ;
#3658 = AXIS2_PLACEMENT_3D ( 'NONE', #2778, #122, #5983 ) ;
#3659 = UNCERTAINTY_MEASURE_WITH_UNIT (LENGTH_MEASURE( 1.000000000000000082E-05 ), #3113, 'distance_accuracy_value', 'NONE');
#3660 =( NAMED_UNIT ( * ) SI_UNIT ( $, .STERADIAN. ) SOLID_ANGLE_UNIT ( ) );
#3661 = CARTESIAN_POINT ( 'NONE',  ( -0.0000000000000000000, -1.099999999999999645, -0.6999999999999999556 ) ) ;
#3662 = EDGE_CURVE ( 'NONE', #3855, #2603, #282, .T. ) ;
#3663 =( NAMED_UNIT ( * ) SI_UNIT ( $, .STERADIAN. ) SOLID_ANGLE_UNIT ( ) );
#3664 = EDGE_CURVE ( 'NONE', #5393, #2814, #5514, .T. ) ;
#3666 = SURFACE_SIDE_STYLE ('',( #1281 ) ) ;
#3665 = CARTESIAN_POINT ( 'NONE',  ( 0.3603187164337335324, 0.6070589046025531843, 0.3000000000000000444 ) ) ;
#3667 = AXIS2_PLACEMENT_3D ( 'NONE', #1605, #5340, #3210 ) ;
#3668 = DIRECTION ( 'NONE',  ( -1.000000000000000000, 0.0000000000000000000, 0.0000000000000000000 ) ) ;
#3669 = AXIS2_PLACEMENT_3D ( 'NONE', #6461, #2556, #1688 ) ;
#3670 = CARTESIAN_POINT ( 'NONE',  ( -2.400000000000001243, 1.200000000000000622, -0.5700000000000000622 ) ) ;
#3671 = EDGE_CURVE ( 'NONE', #1682, #4635, #2238, .T. ) ;
#3672 = VERTEX_POINT ( 'NONE', #1733 ) ;
#3673 = AXIS2_PLACEMENT_3D ( 'NONE', #5588, #6519, #1744 ) ;
#3674 = CARTESIAN_POINT ( 'NONE',  ( 0.2838201673205150710, -0.4871897488101240015, 0.4500000000000000666 ) ) ;
#3675 = VECTOR ( 'NONE', #5288, 1000.000000000000000 ) ;
#3676 = DIRECTION ( 'NONE',  ( 2.353123974012615482E-15, -1.000000000000000000, 0.0000000000000000000 ) ) ;
#3677 = EDGE_LOOP ( 'NONE', ( #4689, #2090, #937, #2069 ) ) ;
#3678 = DIRECTION ( 'NONE',  ( -1.000000000000000000, 0.0000000000000000000, 0.0000000000000000000 ) ) ;
#3679 = DIRECTION ( 'NONE',  ( 0.0000000000000000000, 0.0000000000000000000, 1.000000000000000000 ) ) ;
#3680 = PRESENTATION_STYLE_ASSIGNMENT (( #5745 ) ) ;
#3681 = PLANE ( 'NONE',  #2079 ) ;
#3682 = VERTEX_POINT ( 'NONE', #2301 ) ;
#3683 = ORIENTED_EDGE ( 'NONE', *, *, #1095, .T. ) ;
#3684 = FACE_OUTER_BOUND ( 'NONE', #4084, .T. ) ;
#3685 = ORIENTED_EDGE ( 'NONE', *, *, #1400, .T. ) ;
#3686 = DIRECTION ( 'NONE',  ( -0.0000000000000000000, -0.0000000000000000000, -1.000000000000000000 ) ) ;
#3687 =( NAMED_UNIT ( * ) SI_UNIT ( $, .STERADIAN. ) SOLID_ANGLE_UNIT ( ) );
#3688 = ORIENTED_EDGE ( 'NONE', *, *, #2210, .T. ) ;
#3689 = AXIS2_PLACEMENT_3D ( 'NONE', #4828, #4171, #1029 ) ;
#3690 = SURFACE_SIDE_STYLE ('',( #960 ) ) ;
#3691 = FILL_AREA_STYLE ('',( #1414 ) ) ;
#3692 = DIRECTION ( 'NONE',  ( 1.000000000000000000, -1.971276677246371519E-16, 0.0000000000000000000 ) ) ;
#3693 = AXIS2_PLACEMENT_3D ( 'NONE', #2028, #5839, #17 ) ;
#3694 = DIRECTION ( 'NONE',  ( -0.0000000000000000000, 0.0000000000000000000, 1.000000000000000000 ) ) ;
#3695 = DIRECTION ( 'NONE',  ( -0.9961946980917455452, 0.0000000000000000000, 0.08715574274765820750 ) ) ;
#3696 = FILL_AREA_STYLE ('',( #6844 ) ) ;
#3697 = DIRECTION ( 'NONE',  ( 3.043374519257556424E-15, 0.0000000000000000000, -1.000000000000000000 ) ) ;
#3698 = FILL_AREA_STYLE_COLOUR ( '', #6277 ) ;
#3699 = DIRECTION ( 'NONE',  ( -0.0000000000000000000, -1.000000000000000000, -0.0000000000000000000 ) ) ;
#3700 = DIRECTION ( 'NONE',  ( 0.0000000000000000000, 0.0000000000000000000, 1.000000000000000000 ) ) ;
#3702 = DIRECTION ( 'NONE',  ( 1.000000000000000000, 1.194186020286707760E-16, -0.0000000000000000000 ) ) ;
#3701 = DIRECTION ( 'NONE',  ( 0.0000000000000000000, 1.000000000000000000, 0.0000000000000000000 ) ) ;
#3703 = PRESENTATION_STYLE_ASSIGNMENT (( #6710 ) ) ;
#3704 = CARTESIAN_POINT ( 'NONE',  ( -2.700000000000001954, -2.099999999999999645, -0.3000000000000003220 ) ) ;
#3705 = PRODUCT_RELATED_PRODUCT_CATEGORY ( 'part', '', ( #1126 ) ) ;
#3706 = ORIENTED_EDGE ( 'NONE', *, *, #258, .T. ) ;
#3707 = LINE ( 'NONE', #5737, #1050 ) ;
#3708 = CARTESIAN_POINT ( 'NONE',  ( 1.930905544980987543, -2.056952929731181268, 0.3500000000000000333 ) ) ;
#3709 = ORIENTED_EDGE ( 'NONE', *, *, #1145, .T. ) ;
#3710 = SURFACE_SIDE_STYLE ('',( #3126 ) ) ;
#3711 =( NAMED_UNIT ( * ) PLANE_ANGLE_UNIT ( ) SI_UNIT ( $, .RADIAN. ) );
#3712 = EDGE_CURVE ( 'NONE', #3107, #6450, #1213, .T. ) ;
#3713 = CARTESIAN_POINT ( 'NONE',  ( 0.0000000000000000000, 0.0000000000000000000, -0.5699999999999999512 ) ) ;
#3714 = ADVANCED_FACE ( 'NONE', ( #5485 ), #159, .F. ) ;
#3715 = EDGE_CURVE ( 'NONE', #1347, #1320, #186, .T. ) ;
#3716 = EDGE_LOOP ( 'NONE', ( #1766, #4531, #507, #6677 ) ) ;
#3717 = CARTESIAN_POINT ( 'NONE',  ( -2.500000000000002220, -2.099999999999999645, 0.0000000000000000000 ) ) ;
#3718 = ORIENTED_EDGE ( 'NONE', *, *, #386, .F. ) ;
#3719 = SURFACE_SIDE_STYLE ('',( #1611 ) ) ;
#3720 = ORIENTED_EDGE ( 'NONE', *, *, #6620, .T. ) ;
#3721 = EDGE_CURVE ( 'NONE', #4369, #581, #769, .T. ) ;
#3722 = CARTESIAN_POINT ( 'NONE',  ( -0.1415856775653445976, 0.4413501301401799304, 0.4500000000000000666 ) ) ;
#3723 = DIRECTION ( 'NONE',  ( -1.000000000000000000, 0.0000000000000000000, 0.0000000000000000000 ) ) ;
#3724 = ORIENTED_EDGE ( 'NONE', *, *, #5477, .F. ) ;
#3725 = FACE_OUTER_BOUND ( 'NONE', #5148, .T. ) ;
#3726 = FACE_OUTER_BOUND ( 'NONE', #6061, .T. ) ;
#3727 = ORIENTED_EDGE ( 'NONE', *, *, #6760, .F. ) ;
#3728 = LINE ( 'NONE', #4136, #1516 ) ;
#3729 = SURFACE_SIDE_STYLE ('',( #3073 ) ) ;
#3730 = PRESENTATION_LAYER_ASSIGNMENT (  '', '', ( #2588 ) ) ;
#3731 = PRESENTATION_STYLE_ASSIGNMENT (( #5794 ) ) ;
#3732 = AXIS2_PLACEMENT_3D ( 'NONE', #4289, #5371, #623 ) ;
#3733 = FILL_AREA_STYLE ('',( #4241 ) ) ;
#3734 = DIRECTION ( 'NONE',  ( -0.0000000000000000000, -1.000000000000000000, -0.0000000000000000000 ) ) ;
#3735 = FILL_AREA_STYLE ('',( #2101 ) ) ;
#3736 = CARTESIAN_POINT ( 'NONE',  ( 1.412305442492822749, 0.4570589046025523849, 0.3500000000000000333 ) ) ;
#3737 = CARTESIAN_POINT ( 'NONE',  ( -1.700000000000000622, 2.100000000000000089, -0.7699999999999999067 ) ) ;
#3738 =( GEOMETRIC_REPRESENTATION_CONTEXT ( 3 ) GLOBAL_UNCERTAINTY_ASSIGNED_CONTEXT ( ( #5521 ) ) GLOBAL_UNIT_ASSIGNED_CONTEXT ( ( #1997, #6845, #467 ) ) REPRESENTATION_CONTEXT ( 'NONE', 'WORKASPACE' ) );
#3739 = EDGE_LOOP ( 'NONE', ( #544, #5155, #6371, #6499 ) ) ;
#3740 = CARTESIAN_POINT ( 'NONE',  ( 2.700000000000000622, -1.199999999999999734, -0.5700000000000006173 ) ) ;
#3741 = PLANE ( 'NONE',  #4606 ) ;
#3742 = ORIENTED_EDGE ( 'NONE', *, *, #2197, .F. ) ;
#3743 = FILL_AREA_STYLE_COLOUR ( '', #457 ) ;
#3744 = DIRECTION ( 'NONE',  ( -0.0000000000000000000, 0.0000000000000000000, 1.000000000000000000 ) ) ;
#3745 =( NAMED_UNIT ( * ) PLANE_ANGLE_UNIT ( ) SI_UNIT ( $, .RADIAN. ) );
#3746 = MECHANICAL_DESIGN_GEOMETRIC_PRESENTATION_REPRESENTATION (  '', ( #5400 ), #3856 ) ;
#3747 = FACE_OUTER_BOUND ( 'NONE', #5140, .T. ) ;
#3748 = VERTEX_POINT ( 'NONE', #2834 ) ;
#3749 = PRODUCT_DEFINITION_SHAPE ( 'NONE', 'NONE',  #3355 ) ;
#3750 = PRESENTATION_STYLE_ASSIGNMENT (( #2010 ) ) ;
#3751 = VERTEX_POINT ( 'NONE', #2870 ) ;
#3752 = ORIENTED_EDGE ( 'NONE', *, *, #1196, .T. ) ;
#3753 = EDGE_CURVE ( 'NONE', #3751, #5571, #2334, .T. ) ;
#3754 =( LENGTH_UNIT ( ) NAMED_UNIT ( * ) SI_UNIT ( .MILLI., .METRE. ) );
#3755 = ADVANCED_FACE ( 'NONE', ( #4135 ), #3586, .F. ) ;
#3756 =( GEOMETRIC_REPRESENTATION_CONTEXT ( 3 ) GLOBAL_UNCERTAINTY_ASSIGNED_CONTEXT ( ( #3590 ) ) GLOBAL_UNIT_ASSIGNED_CONTEXT ( ( #4724, #6253, #4693 ) ) REPRESENTATION_CONTEXT ( 'NONE', 'WORKASPACE' ) );
#3757 = AXIS2_PLACEMENT_3D ( 'NONE', #519, #5165, #6323 ) ;
#3758 = LINE ( 'NONE', #4757, #1818 ) ;
#3759 = VERTEX_POINT ( 'NONE', #1487 ) ;
#3760 = CARTESIAN_POINT ( 'NONE',  ( 1.600000000000000533, 2.200000000000000178, -0.5699999999999999512 ) ) ;
#3761 = ORIENTED_EDGE ( 'NONE', *, *, #2158, .F. ) ;
#3762 = EDGE_CURVE ( 'NONE', #2286, #6691, #569, .T. ) ;
#3763 = VECTOR ( 'NONE', #4316, 1000.000000000000000 ) ;
#3764 = LINE ( 'NONE', #2623, #860 ) ;
#3765 = MECHANICAL_DESIGN_GEOMETRIC_PRESENTATION_REPRESENTATION (  '', ( #5301 ), #763 ) ;
#3766 = CARTESIAN_POINT ( 'NONE',  ( 1.699999999999999956, 0.0000000000000000000, 0.3007161552948416916 ) ) ;
#3767 = CARTESIAN_POINT ( 'NONE',  ( 2.400000000000002132, -2.099999999999999645, -0.2999999999999993783 ) ) ;
#3768 = DIRECTION ( 'NONE',  ( 0.0000000000000000000, 0.0000000000000000000, -1.000000000000000000 ) ) ;
#3769 = LINE ( 'NONE', #5361, #3349 ) ;
#3770 = VECTOR ( 'NONE', #5323, 1000.000000000000000 ) ;
#3771 = ORIENTED_EDGE ( 'NONE', *, *, #2484, .F. ) ;
#3772 = CARTESIAN_POINT ( 'NONE',  ( -1.971607025033961236, 0.8251250982098667919, 0.3000000000000000444 ) ) ;
#3773 = COLOUR_RGB ( '',0.8313725490196077761, 0.8392156862745098200, 0.8313725490196077761 ) ;
#3774 = LINE ( 'NONE', #163, #5273 ) ;
#3775 = EDGE_LOOP ( 'NONE', ( #4755, #2011, #2748, #1253 ) ) ;
#3776 = AXIS2_PLACEMENT_3D ( 'NONE', #6581, #6614, #6025 ) ;
#3777 = DIRECTION ( 'NONE',  ( 0.0000000000000000000, 0.0000000000000000000, 1.000000000000000000 ) ) ;
#3778 = COLOUR_RGB ( '',1.000000000000000000, 1.000000000000000000, 1.000000000000000000 ) ;
#3779 = CARTESIAN_POINT ( 'NONE',  ( 0.2838201673205150710, 0.9163225641662154919, 0.4500000000000000666 ) ) ;
#3780 = CARTESIAN_POINT ( 'NONE',  ( 1.412305442492822971, -0.6860159872360371835, 0.3500000000000000333 ) ) ;
#3781 = VECTOR ( 'NONE', #6106, 1000.000000000000000 ) ;
#3782 = VECTOR ( 'NONE', #3276, 1000.000000000000000 ) ;
#3783 = DIRECTION ( 'NONE',  ( 4.202755260653519586E-17, -0.08715574274765819363, 0.9961946980917455452 ) ) ;
#3784 = CIRCLE ( 'NONE', #782, 1.699999999999999956 ) ;
#3785 = CARTESIAN_POINT ( 'NONE',  ( 0.2838201673205150710, -0.4871897488101240015, 0.4500000000000000666 ) ) ;
#3786 = VERTEX_POINT ( 'NONE', #2445 ) ;
#3787 = FILL_AREA_STYLE ('',( #3288 ) ) ;
#3788 = ORIENTED_EDGE ( 'NONE', *, *, #2911, .T. ) ;
#3789 = LINE ( 'NONE', #3325, #5755 ) ;
#3790 = AXIS2_PLACEMENT_3D ( 'NONE', #6570, #5027, #1311 ) ;
#3791 = PLANE ( 'NONE',  #3985 ) ;
#3792 = SURFACE_STYLE_FILL_AREA ( #4953 ) ;
#3793 = CARTESIAN_POINT ( 'NONE',  ( -2.500000000000002220, 1.200000000000000622, 0.0000000000000000000 ) ) ;
#3794 = FILL_AREA_STYLE_COLOUR ( '', #5262 ) ;
#3795 = SURFACE_STYLE_USAGE ( .BOTH. , #708 ) ;
#3796 = FACE_OUTER_BOUND ( 'NONE', #6764, .T. ) ;
#3797 = VERTEX_POINT ( 'NONE', #832 ) ;
#3798 = SURFACE_STYLE_FILL_AREA ( #6062 ) ;
#3799 = CARTESIAN_POINT ( 'NONE',  ( -0.5500000000000001554, -1.049999999999999822, -0.5699999999999999512 ) ) ;
#3800 = SURFACE_SIDE_STYLE ('',( #1664 ) ) ;
#3801 = VECTOR ( 'NONE', #4070, 1000.000000000000000 ) ;
#3802 = EDGE_CURVE ( 'NONE', #1940, #6601, #3992, .T. ) ;
#3803 = EDGE_CURVE ( 'NONE', #1276, #4678, #6255, .T. ) ;
#3804 = DIRECTION ( 'NONE',  ( -1.000000000000000000, 0.0000000000000000000, 0.0000000000000000000 ) ) ;
#3805 = DIRECTION ( 'NONE',  ( 0.0000000000000000000, -1.000000000000000000, -0.0000000000000000000 ) ) ;
#3806 = VECTOR ( 'NONE', #931, 1000.000000000000000 ) ;
#3807 = FILL_AREA_STYLE_COLOUR ( '', #3428 ) ;
#3808 = CARTESIAN_POINT ( 'NONE',  ( -2.471716000805965763, 1.200000000000000622, -0.5396908546970038412 ) ) ;
#3809 = DIRECTION ( 'NONE',  ( -3.043374519257556424E-15, -0.0000000000000000000, -1.000000000000000000 ) ) ;
#3810 = ADVANCED_FACE ( 'NONE', ( #2514 ), #3036, .F. ) ;
#3811 = ORIENTED_EDGE ( 'NONE', *, *, #5692, .T. ) ;
#3812 = FILL_AREA_STYLE_COLOUR ( '', #2154 ) ;
#3813 = LINE ( 'NONE', #1149, #401 ) ;
#3814 = ORIENTED_EDGE ( 'NONE', *, *, #2210, .F. ) ;
#3815 = CARTESIAN_POINT ( 'NONE',  ( -0.1415856775653445976, 0.4413501301401799304, 0.4500000000000000666 ) ) ;
#3816 = CARTESIAN_POINT ( 'NONE',  ( 2.400000000000001243, 1.200000000000000622, -0.4699999999999998068 ) ) ;
#3818 =( LENGTH_UNIT ( ) NAMED_UNIT ( * ) SI_UNIT ( .MILLI., .METRE. ) );
#3817 = SURFACE_SIDE_STYLE ('',( #5923 ) ) ;
#3819 =( LENGTH_UNIT ( ) NAMED_UNIT ( * ) SI_UNIT ( .MILLI., .METRE. ) );
#3820 = ORIENTED_EDGE ( 'NONE', *, *, #47, .T. ) ;
#3821 = CARTESIAN_POINT ( 'NONE',  ( -2.500000000000001332, -1.199999999999999734, -0.4700000000000001399 ) ) ;
#3822 = ORIENTED_EDGE ( 'NONE', *, *, #4257, .T. ) ;
#3823 = CARTESIAN_POINT ( 'NONE',  ( -2.463314554501873754, -2.199999999999999734, -0.6999999999999999556 ) ) ;
#3824 = ORIENTED_EDGE ( 'NONE', *, *, #5137, .F. ) ;
#3825 = DIRECTION ( 'NONE',  ( 1.000000000000000000, 0.0000000000000000000, 0.0000000000000000000 ) ) ;
#3826 = LINE ( 'NONE', #3005, #2082 ) ;
#3827 = DIRECTION ( 'NONE',  ( 0.0000000000000000000, 1.000000000000000000, 0.0000000000000000000 ) ) ;
#3828 = SURFACE_SIDE_STYLE ('',( #3858 ) ) ;
#3829 =( LENGTH_UNIT ( ) NAMED_UNIT ( * ) SI_UNIT ( .MILLI., .METRE. ) );
#3830 = VERTEX_POINT ( 'NONE', #4618 ) ;
#3831 = DIRECTION ( 'NONE',  ( -1.000000000000000000, 2.710505431213759113E-16, -0.0000000000000000000 ) ) ;
#3832 = SURFACE_SIDE_STYLE ('',( #5976 ) ) ;
#3833 = DIRECTION ( 'NONE',  ( -1.000000000000000000, 4.818676322157797375E-16, -3.047392128993071134E-15 ) ) ;
#3834 = LINE ( 'NONE', #4906, #274 ) ;
#3835 = AXIS2_PLACEMENT_3D ( 'NONE', #1049, #1547, #5231 ) ;
#3837 = LINE ( 'NONE', #6440, #227 ) ;
#3836 = PRESENTATION_STYLE_ASSIGNMENT (( #1143 ) ) ;
#3838 = ADVANCED_FACE ( 'NONE', ( #3070 ), #1418, .F. ) ;
#3839 = EDGE_CURVE ( 'NONE', #6561, #3216, #2620, .T. ) ;
#3840 = AXIS2_PLACEMENT_3D ( 'NONE', #4824, #1661, #5903 ) ;
#3841 = AXIS2_PLACEMENT_3D ( 'NONE', #2317, #2384, #2457 ) ;
#3842 = ORIENTED_EDGE ( 'NONE', *, *, #2774, .T. ) ;
#3843 = FILL_AREA_STYLE ('',( #3812 ) ) ;
#3844 = ORIENTED_EDGE ( 'NONE', *, *, #579, .T. ) ;
#3845 =( LENGTH_UNIT ( ) NAMED_UNIT ( * ) SI_UNIT ( .MILLI., .METRE. ) );
#3846 = EDGE_CURVE ( 'NONE', #4925, #5468, #3222, .T. ) ;
#3847 = COLOUR_RGB ( '',1.000000000000000000, 1.000000000000000000, 1.000000000000000000 ) ;
#3848 = CARTESIAN_POINT ( 'NONE',  ( 1.412305442492822749, 0.4570589046025523849, 0.3500000000000000333 ) ) ;
#3849 = VECTOR ( 'NONE', #5803, 1000.000000000000000 ) ;
#3850 = SURFACE_STYLE_USAGE ( .BOTH. , #1711 ) ;
#3851 = VECTOR ( 'NONE', #6145, 1000.000000000000000 ) ;
#3852 = CARTESIAN_POINT ( 'NONE',  ( -1.971607025033961236, 0.8251250982098667919, 0.3000000000000000444 ) ) ;
#3853 = EDGE_LOOP ( 'NONE', ( #6143, #109, #2336, #487 ) ) ;
#3854 = DIRECTION ( 'NONE',  ( -0.0000000000000000000, -1.000000000000000000, -0.0000000000000000000 ) ) ;
#3855 = VERTEX_POINT ( 'NONE', #496 ) ;
#3856 =( GEOMETRIC_REPRESENTATION_CONTEXT ( 3 ) GLOBAL_UNCERTAINTY_ASSIGNED_CONTEXT ( ( #3510 ) ) GLOBAL_UNIT_ASSIGNED_CONTEXT ( ( #1030, #40, #3299 ) ) REPRESENTATION_CONTEXT ( 'NONE', 'WORKASPACE' ) );
#3857 = FACE_OUTER_BOUND ( 'NONE', #259, .T. ) ;
#3858 = SURFACE_STYLE_FILL_AREA ( #6496 ) ;
#3859 = AXIS2_PLACEMENT_3D ( 'NONE', #2511, #1517, #1485 ) ;
#3860 = ORIENTED_EDGE ( 'NONE', *, *, #5864, .F. ) ;
#3861 = CARTESIAN_POINT ( 'NONE',  ( 0.0000000000000000000, -3.299999999999999822, -0.7699999999999999067 ) ) ;
#3862 = MECHANICAL_DESIGN_GEOMETRIC_PRESENTATION_REPRESENTATION (  '', ( #202 ), #2381 ) ;
#3863 = FACE_OUTER_BOUND ( 'NONE', #6199, .T. ) ;
#3864 = SURFACE_STYLE_USAGE ( .BOTH. , #1667 ) ;
#3865 = LINE ( 'NONE', #573, #6495 ) ;
#3866 = CARTESIAN_POINT ( 'NONE',  ( 0.4838201673205150821, -0.2871897488101240459, 0.4500000000000000666 ) ) ;
#3867 = PRESENTATION_LAYER_ASSIGNMENT (  '', '', ( #4526 ) ) ;
#3869 = CARTESIAN_POINT ( 'NONE',  ( 2.400000000000001243, 2.100000000000000089, -0.5700000000000000622 ) ) ;
#3868 = SURFACE_SIDE_STYLE ('',( #1732 ) ) ;
#3870 = DIRECTION ( 'NONE',  ( 0.0000000000000000000, 1.000000000000000000, 0.0000000000000000000 ) ) ;
#3871 = MECHANICAL_DESIGN_GEOMETRIC_PRESENTATION_REPRESENTATION (  '', ( #6081 ), #5195 ) ;
#3872 = MECHANICAL_DESIGN_GEOMETRIC_PRESENTATION_REPRESENTATION (  '', ( #3064 ), #2630 ) ;
#3873 = ORIENTED_EDGE ( 'NONE', *, *, #5811, .T. ) ;
#3874 = EDGE_CURVE ( 'NONE', #5565, #2862, #4865, .T. ) ;
#3875 = EDGE_CURVE ( 'NONE', #474, #3455, #4169, .T. ) ;
#3876 = FILL_AREA_STYLE ('',( #1148 ) ) ;
#3877 = DIRECTION ( 'NONE',  ( 0.0000000000000000000, 0.0000000000000000000, -1.000000000000000000 ) ) ;
#3878 = VERTEX_POINT ( 'NONE', #527 ) ;
#3879 = CYLINDRICAL_SURFACE ( 'NONE', #432, 0.1000000000000000194 ) ;
#3880 = FACE_OUTER_BOUND ( 'NONE', #6169, .T. ) ;
#3881 = AXIS2_PLACEMENT_3D ( 'NONE', #6361, #2777, #5093 ) ;
#3882 =( NAMED_UNIT ( * ) PLANE_ANGLE_UNIT ( ) SI_UNIT ( $, .RADIAN. ) );
#3883 = AXIS2_PLACEMENT_3D ( 'NONE', #5743, #950, #5778 ) ;
#3884 = EDGE_CURVE ( 'NONE', #3572, #5251, #4760, .T. ) ;
#3885 = ORIENTED_EDGE ( 'NONE', *, *, #25, .T. ) ;
#3886 = ADVANCED_FACE ( 'NONE', ( #567 ), #2020, .F. ) ;
#3887 = PRESENTATION_LAYER_ASSIGNMENT (  '', '', ( #1211 ) ) ;
#3888 = ADVANCED_FACE ( 'NONE', ( #2051 ), #4198, .F. ) ;
#3889 = DIRECTION ( 'NONE',  ( -0.0000000000000000000, -1.000000000000000000, -0.0000000000000000000 ) ) ;
#3890 = AXIS2_PLACEMENT_3D ( 'NONE', #2300, #6187, #2411 ) ;
#3891 = VERTEX_POINT ( 'NONE', #3256 ) ;
#3892 = DIRECTION ( 'NONE',  ( 0.0000000000000000000, 1.000000000000000000, 0.0000000000000000000 ) ) ;
#3893 = PRESENTATION_LAYER_ASSIGNMENT (  '', '', ( #125 ) ) ;
#3894 = DIRECTION ( 'NONE',  ( 1.000000000000000000, 0.0000000000000000000, -0.0000000000000000000 ) ) ;
#3895 = EDGE_CURVE ( 'NONE', #6268, #2812, #5310, .T. ) ;
#3896 = CARTESIAN_POINT ( 'NONE',  ( -1.971607025033961236, 0.8251250982098667919, 0.3500000000000000333 ) ) ;
#3897 = UNCERTAINTY_MEASURE_WITH_UNIT (LENGTH_MEASURE( 1.000000000000000082E-05 ), #4444, 'distance_accuracy_value', 'NONE');
#3898 = VECTOR ( 'NONE', #2412, 1000.000000000000000 ) ;
#3899 = SURFACE_STYLE_FILL_AREA ( #6111 ) ;
#3900 = ORIENTED_EDGE ( 'NONE', *, *, #2065, .F. ) ;
#3901 = SURFACE_STYLE_FILL_AREA ( #680 ) ;
#3903 = CARTESIAN_POINT ( 'NONE',  ( 0.5500000000000001554, 1.049999999999999822, -0.5699999999999999512 ) ) ;
#3902 = DIRECTION ( 'NONE',  ( 0.0000000000000000000, -1.000000000000000000, 0.0000000000000000000 ) ) ;
#3904 = AXIS2_PLACEMENT_3D ( 'NONE', #2560, #5725, #1066 ) ;
#3905 = ORIENTED_EDGE ( 'NONE', *, *, #523, .F. ) ;
#3906 = CARTESIAN_POINT ( 'NONE',  ( 1.930905544980987543, -2.056952929731181268, 0.3000000000000000444 ) ) ;
#3907 =( NAMED_UNIT ( * ) SI_UNIT ( $, .STERADIAN. ) SOLID_ANGLE_UNIT ( ) );
#3908 = VECTOR ( 'NONE', #3198, 1000.000000000000000 ) ;
#3909 = ORIENTED_EDGE ( 'NONE', *, *, #5954, .F. ) ;
#3910 = PLANE ( 'NONE',  #509 ) ;
#3911 = ORIENTED_EDGE ( 'NONE', *, *, #6470, .F. ) ;
#3912 = ADVANCED_FACE ( 'NONE', ( #2662 ), #5275, .F. ) ;
#3913 = VERTEX_POINT ( 'NONE', #6069 ) ;
#3914 = CARTESIAN_POINT ( 'NONE',  ( 0.0000000000000000000, 0.0000000000000000000, -0.5699999999999999512 ) ) ;
#3915 = PLANE ( 'NONE',  #883 ) ;
#3916 = EDGE_CURVE ( 'NONE', #3413, #6427, #711, .T. ) ;
#3917 = ADVANCED_FACE ( 'NONE', ( #4342 ), #3366, .F. ) ;
#3918 = DIRECTION ( 'NONE',  ( 1.000000000000000000, -0.0000000000000000000, -0.0000000000000000000 ) ) ;
#3919 = VERTEX_POINT ( 'NONE', #1758 ) ;
#3920 = CARTESIAN_POINT ( 'NONE',  ( -1.700000000000000622, -1.199999999999999734, -0.7699999999999999067 ) ) ;
#3921 = ORIENTED_EDGE ( 'NONE', *, *, #2103, .T. ) ;
#3922 = DIRECTION ( 'NONE',  ( 0.0000000000000000000, -0.0000000000000000000, -1.000000000000000000 ) ) ;
#3923 = ADVANCED_FACE ( 'NONE', ( #2798 ), #4926, .T. ) ;
#3924 = DIRECTION ( 'NONE',  ( -1.000000000000000000, 0.0000000000000000000, 0.0000000000000000000 ) ) ;
#3925 = SURFACE_SIDE_STYLE ('',( #2830 ) ) ;
#3927 = DIRECTION ( 'NONE',  ( -0.0000000000000000000, -0.0000000000000000000, 1.000000000000000000 ) ) ;
#3926 = FACE_OUTER_BOUND ( 'NONE', #6611, .T. ) ;
#3928 = CARTESIAN_POINT ( 'NONE',  ( -1.600000000000000311, -2.199999999999999734, -0.5699999999999999512 ) ) ;
#3929 = ORIENTED_EDGE ( 'NONE', *, *, #150, .F. ) ;
#3930 = UNCERTAINTY_MEASURE_WITH_UNIT (LENGTH_MEASURE( 1.000000000000000082E-05 ), #1356, 'distance_accuracy_value', 'NONE');
#3931 =( NAMED_UNIT ( * ) SI_UNIT ( $, .STERADIAN. ) SOLID_ANGLE_UNIT ( ) );
#3932 = ORIENTED_EDGE ( 'NONE', *, *, #2409, .F. ) ;
#3933 = DIRECTION ( 'NONE',  ( 0.0000000000000000000, 1.000000000000000000, 0.0000000000000000000 ) ) ;
#3934 = STYLED_ITEM ( 'NONE', ( #6096 ), #1315 ) ;
#3935 =( GEOMETRIC_REPRESENTATION_CONTEXT ( 3 ) GLOBAL_UNCERTAINTY_ASSIGNED_CONTEXT ( ( #4971 ) ) GLOBAL_UNIT_ASSIGNED_CONTEXT ( ( #1170, #6660, #5607 ) ) REPRESENTATION_CONTEXT ( 'NONE', 'WORKASPACE' ) );
#3936 = VERTEX_POINT ( 'NONE', #6769 ) ;
#3937 = SURFACE_SIDE_STYLE ('',( #815 ) ) ;
#3938 = CARTESIAN_POINT ( 'NONE',  ( -2.462305712989667050, 2.462305712989667050, 0.4308476720434270546 ) ) ;
#3939 = ORIENTED_EDGE ( 'NONE', *, *, #4032, .T. ) ;
#3940 = CARTESIAN_POINT ( 'NONE',  ( 2.700000000000000622, 2.100000000000000089, -0.5700000000000006173 ) ) ;
#3941 = COLOUR_RGB ( '',0.8980392156862745390, 0.9215686274509803377, 0.9294117647058823817 ) ;
#3942 = ORIENTED_EDGE ( 'NONE', *, *, #1697, .T. ) ;
#3943 = FACE_OUTER_BOUND ( 'NONE', #4163, .T. ) ;
#3944 = DIRECTION ( 'NONE',  ( 0.0000000000000000000, -1.000000000000000000, 0.0000000000000000000 ) ) ;
#3945 = CARTESIAN_POINT ( 'NONE',  ( -0.5500000000000002665, -2.240667692902679420, -0.5699999999999999512 ) ) ;
#3946 = CARTESIAN_POINT ( 'NONE',  ( -1.296028625818474778, -0.8787392438591723476, 0.3500000000000000333 ) ) ;
#3947 = COLOUR_RGB ( '',0.8313725490196077761, 0.8392156862745098200, 0.8313725490196077761 ) ;
#3948 = VERTEX_POINT ( 'NONE', #1453 ) ;
#3949 = EDGE_CURVE ( 'NONE', #838, #3913, #5683, .T. ) ;
#3950 = UNCERTAINTY_MEASURE_WITH_UNIT (LENGTH_MEASURE( 1.000000000000000082E-05 ), #3155, 'distance_accuracy_value', 'NONE');
#3951 = ORIENTED_EDGE ( 'NONE', *, *, #4504, .F. ) ;
#3952 = EDGE_CURVE ( 'NONE', #389, #3455, #3501, .T. ) ;
#3953 = VERTEX_POINT ( 'NONE', #2505 ) ;
#3954 = VECTOR ( 'NONE', #3292, 1000.000000000000114 ) ;
#3955 =( NAMED_UNIT ( * ) PLANE_ANGLE_UNIT ( ) SI_UNIT ( $, .RADIAN. ) );
#3956 = EDGE_CURVE ( 'NONE', #3948, #5595, #3983, .T. ) ;
#3957 = CARTESIAN_POINT ( 'NONE',  ( 2.400000000000001243, 2.100000000000000089, -0.4699999999999998068 ) ) ;
#3959 = CARTESIAN_POINT ( 'NONE',  ( 2.500000000000000888, 2.100000000000000089, -0.4700000000000001399 ) ) ;
#3958 = PLANE ( 'NONE',  #2859 ) ;
#3960 = PRESENTATION_LAYER_ASSIGNMENT (  '', '', ( #2382 ) ) ;
#3961 =( NAMED_UNIT ( * ) SI_UNIT ( $, .STERADIAN. ) SOLID_ANGLE_UNIT ( ) );
#3962 = ORIENTED_EDGE ( 'NONE', *, *, #6590, .T. ) ;
#3963 = COLOUR_RGB ( '',1.000000000000000000, 1.000000000000000000, 1.000000000000000000 ) ;
#3964 = AXIS2_PLACEMENT_3D ( 'NONE', #588, #1123, #6453 ) ;
#3965 = DIRECTION ( 'NONE',  ( 1.000000000000000000, 0.0000000000000000000, 0.0000000000000000000 ) ) ;
#3966 = ORIENTED_EDGE ( 'NONE', *, *, #1603, .T. ) ;
#3967 = DIRECTION ( 'NONE',  ( -1.000000000000000000, 0.0000000000000000000, 0.0000000000000000000 ) ) ;
#3968 = FACE_OUTER_BOUND ( 'NONE', #1027, .T. ) ;
#3969 = ORIENTED_EDGE ( 'NONE', *, *, #6070, .T. ) ;
#3970 = CARTESIAN_POINT ( 'NONE',  ( 2.500000000000002220, 2.200000000000000178, 0.0000000000000000000 ) ) ;
#3971 = DIRECTION ( 'NONE',  ( -1.000000000000000000, -2.353123974012615088E-15, 0.0000000000000000000 ) ) ;
#3972 = ORIENTED_EDGE ( 'NONE', *, *, #4210, .F. ) ;
#3973 = VECTOR ( 'NONE', #906, 1000.000000000000000 ) ;
#3974 = PLANE ( 'NONE',  #2394 ) ;
#3975 = EDGE_LOOP ( 'NONE', ( #6804, #5500, #6458, #4650 ) ) ;
#3976 = CARTESIAN_POINT ( 'NONE',  ( 1.700000000000000400, -2.099999999999999645, -0.7699999999999999067 ) ) ;
#3977 = VECTOR ( 'NONE', #4580, 1000.000000000000114 ) ;
#3978 = MECHANICAL_DESIGN_GEOMETRIC_PRESENTATION_REPRESENTATION (  '', ( #3426 ), #1753 ) ;
#3979 = AXIS2_PLACEMENT_3D ( 'NONE', #3767, #5484, #5878 ) ;
#3980 = ORIENTED_EDGE ( 'NONE', *, *, #4586, .T. ) ;
#3981 = ORIENTED_EDGE ( 'NONE', *, *, #6342, .F. ) ;
#3982 = VERTEX_POINT ( 'NONE', #3028 ) ;
#3983 = CIRCLE ( 'NONE', #1965, 0.5500000000000000444 ) ;
#3984 = DIRECTION ( 'NONE',  ( -0.05233595624294388321, 0.0000000000000000000, 0.9986295347545739443 ) ) ;
#3985 = AXIS2_PLACEMENT_3D ( 'NONE', #3249, #5375, #928 ) ;
#3986 = STYLED_ITEM ( 'NONE', ( #4189 ), #4287 ) ;
#3987 = CIRCLE ( 'NONE', #5763, 0.5500000000000000444 ) ;
#3988 = VECTOR ( 'NONE', #4242, 1000.000000000000000 ) ;
#3989 = CARTESIAN_POINT ( 'NONE',  ( 1.600000000000000533, 2.200000000000000178, -0.6999999999999999556 ) ) ;
#3990 = EDGE_CURVE ( 'NONE', #6571, #5004, #6541, .T. ) ;
#3992 = LINE ( 'NONE', #1918, #1304 ) ;
#3991 = SURFACE_STYLE_FILL_AREA ( #6632 ) ;
#3993 = SURFACE_STYLE_FILL_AREA ( #6634 ) ;
#3994 = EDGE_CURVE ( 'NONE', #455, #5024, #348, .T. ) ;
#3995 = ADVANCED_FACE ( 'NONE', ( #2403 ), #4544, .T. ) ;
#3996 = SURFACE_STYLE_USAGE ( .BOTH. , #4518 ) ;
#3997 =( NAMED_UNIT ( * ) SI_UNIT ( $, .STERADIAN. ) SOLID_ANGLE_UNIT ( ) );
#3998 = ORIENTED_EDGE ( 'NONE', *, *, #1603, .F. ) ;
#3999 = UNCERTAINTY_MEASURE_WITH_UNIT (LENGTH_MEASURE( 1.000000000000000082E-05 ), #6225, 'distance_accuracy_value', 'NONE');
#4000 =( LENGTH_UNIT ( ) NAMED_UNIT ( * ) SI_UNIT ( .MILLI., .METRE. ) );
#4001 = PLANE ( 'NONE',  #1048 ) ;
#4002 = VERTEX_POINT ( 'NONE', #6411 ) ;
#4003 =( NAMED_UNIT ( * ) PLANE_ANGLE_UNIT ( ) SI_UNIT ( $, .RADIAN. ) );
#4004 = PRESENTATION_STYLE_ASSIGNMENT (( #1222 ) ) ;
#4005 = DIRECTION ( 'NONE',  ( 0.0000000000000000000, -1.000000000000000000, 0.0000000000000000000 ) ) ;
#4006 = ADVANCED_FACE ( 'NONE', ( #1511 ), #5201, .F. ) ;
#4007 = DIRECTION ( 'NONE',  ( 0.0000000000000000000, 0.0000000000000000000, -1.000000000000000000 ) ) ;
#4008 = STYLED_ITEM ( 'NONE', ( #6809 ), #4512 ) ;
#4009 = EDGE_LOOP ( 'NONE', ( #31, #5916, #2372, #484 ) ) ;
#4010 = FACE_OUTER_BOUND ( 'NONE', #3472, .T. ) ;
#4011 = ORIENTED_EDGE ( 'NONE', *, *, #2017, .T. ) ;
#4012 = EDGE_LOOP ( 'NONE', ( #6173, #5840, #3559, #1287, #5398 ) ) ;
#4013 = SURFACE_STYLE_USAGE ( .BOTH. , #3424 ) ;
#4014 = COLOUR_RGB ( '',0.8980392156862745390, 0.9215686274509803377, 0.9294117647058823817 ) ;
#4015 = FILL_AREA_STYLE ('',( #1876 ) ) ;
#4016 = VERTEX_POINT ( 'NONE', #6486 ) ;
#4017 = CARTESIAN_POINT ( 'NONE',  ( 2.499117102666011725, 2.100000000000000089, -0.01684668471109857651 ) ) ;
#4018 = UNCERTAINTY_MEASURE_WITH_UNIT (LENGTH_MEASURE( 1.000000000000000082E-05 ), #2890, 'distance_accuracy_value', 'NONE');
#4019 = ORIENTED_EDGE ( 'NONE', *, *, #6839, .T. ) ;
#4020 = FILL_AREA_STYLE_COLOUR ( '', #2946 ) ;
#4021 = ORIENTED_EDGE ( 'NONE', *, *, #3439, .T. ) ;
#4022 =( NAMED_UNIT ( * ) PLANE_ANGLE_UNIT ( ) SI_UNIT ( $, .RADIAN. ) );
#4023 = DIRECTION ( 'NONE',  ( -0.0000000000000000000, -0.0000000000000000000, -1.000000000000000000 ) ) ;
#4024 = PLANE ( 'NONE',  #5030 ) ;
#4026 = CARTESIAN_POINT ( 'NONE',  ( 0.2103187164337326220, 2.110000814877110997, 0.3500000000000000333 ) ) ;
#4025 = PRESENTATION_STYLE_ASSIGNMENT (( #1886 ) ) ;
#4027 = PRESENTATION_STYLE_ASSIGNMENT (( #3039 ) ) ;
#4028 = CARTESIAN_POINT ( 'NONE',  ( 2.470127565808668990, -1.199999999999999734, -0.5699999999999999512 ) ) ;
#4029 = EDGE_CURVE ( 'NONE', #586, #5270, #3241, .T. ) ;
#4030 = DIRECTION ( 'NONE',  ( -1.000000000000000000, 0.0000000000000000000, 0.0000000000000000000 ) ) ;
#4031 = VERTEX_POINT ( 'NONE', #6801 ) ;
#4032 = EDGE_CURVE ( 'NONE', #4610, #6020, #981, .T. ) ;
#4033 = FILL_AREA_STYLE ('',( #1464 ) ) ;
#4034 = CARTESIAN_POINT ( 'NONE',  ( 2.400000000000001243, 2.100000000000000089, -0.4699999999999998068 ) ) ;
#4035 = DIRECTION ( 'NONE',  ( 2.409338161078899674E-16, 1.000000000000000000, 0.0000000000000000000 ) ) ;
#4036 = CLOSED_SHELL ( 'NONE', ( #6798, #3318, #5642, #188, #3232, #6680, #4506, #4857, #1749, #3044, #6668, #4927, #3089, #6252, #3369, #6035, #4416, #2637, #1239, #929, #3810, #5659, #4346, #2541, #3888, #2149, #5817, #3575, #6346, #5908, #2400, #6464, #3473, #5907, #1013, #6718, #4287, #1771, #4419, #6469, #3087, #2626, #5011, #3038, #6511, #2965, #1772, #4557, #1570, #1016, #2682, #5650, #6336, #392, #2954, #6707, #2583, #770, #2847, #3838, #2096, #4338, #6552, #4006, #3482, #524, #1226, #3886, #2122, #1399, #5173, #6584, #2828, #3995, #3529, #897, #235, #6082, #784, #2672, #6335, #1184, #5831, #4809, #482, #1144, #184, #5395, #433, #5329, #1185, #4936, #4071, #2765, #3917, #6585, #4127, #5772, #1110, #3317, #3923, #2615, #6293, #5516, #307, #6793, #2529, #2974, #1541, #6374, #3270, #6520 ) ) ;
#4037 = VERTEX_POINT ( 'NONE', #5924 ) ;
#4038 = DIRECTION ( 'NONE',  ( -1.000000000000000000, 4.818676322157797375E-16, 0.0000000000000000000 ) ) ;
#4039 = CARTESIAN_POINT ( 'NONE',  ( -1.600000000000000089, -1.099999999999999645, -0.5699999999999999512 ) ) ;
#4040 = DIRECTION ( 'NONE',  ( -0.0000000000000000000, -1.000000000000000000, -0.0000000000000000000 ) ) ;
#4041 = ORIENTED_EDGE ( 'NONE', *, *, #6760, .T. ) ;
#4042 = EDGE_CURVE ( 'NONE', #6427, #512, #4286, .T. ) ;
#4043 = CARTESIAN_POINT ( 'NONE',  ( -1.919276727925023351, -0.8787392438591723476, 0.3000000000000000444 ) ) ;
#4044 = VERTEX_POINT ( 'NONE', #4813 ) ;
#4045 = SURFACE_SIDE_STYLE ('',( #4184 ) ) ;
#4046 = AXIS2_PLACEMENT_3D ( 'NONE', #5760, #994, #3110 ) ;
#4047 = FACE_OUTER_BOUND ( 'NONE', #6402, .T. ) ;
#4048 = STYLED_ITEM ( 'NONE', ( #1655 ), #97 ) ;
#4049 = DIRECTION ( 'NONE',  ( -0.0000000000000000000, 0.0000000000000000000, -1.000000000000000000 ) ) ;
#4050 = EDGE_LOOP ( 'NONE', ( #3104, #3980, #2913, #3998 ) ) ;
#4051 =( GEOMETRIC_REPRESENTATION_CONTEXT ( 3 ) GLOBAL_UNCERTAINTY_ASSIGNED_CONTEXT ( ( #6085 ) ) GLOBAL_UNIT_ASSIGNED_CONTEXT ( ( #1476, #5196, #986 ) ) REPRESENTATION_CONTEXT ( 'NONE', 'WORKASPACE' ) );
#4052 = ORIENTED_EDGE ( 'NONE', *, *, #6034, .F. ) ;
#4053 = DIRECTION ( 'NONE',  ( -0.0000000000000000000, 0.0000000000000000000, -1.000000000000000000 ) ) ;
#4054 = ORIENTED_EDGE ( 'NONE', *, *, #3287, .F. ) ;
#4055 = AXIS2_PLACEMENT_3D ( 'NONE', #614, #6546, #5955 ) ;
#4056 = AXIS2_PLACEMENT_3D ( 'NONE', #4482, #1247, #6602 ) ;
#4057 = CARTESIAN_POINT ( 'NONE',  ( 1.700000000000000622, -1.199999999999999734, -0.7699999999999999067 ) ) ;
#4058 = AXIS2_PLACEMENT_3D ( 'NONE', #4621, #3041, #1462 ) ;
#4059 =( LENGTH_UNIT ( ) NAMED_UNIT ( * ) SI_UNIT ( .MILLI., .METRE. ) );
#4060 = DIRECTION ( 'NONE',  ( 0.0000000000000000000, 1.000000000000000000, 0.0000000000000000000 ) ) ;
#4061 = CARTESIAN_POINT ( 'NONE',  ( -1.919276727925023351, -0.8787392438591723476, 0.3500000000000000333 ) ) ;
#4062 = DIRECTION ( 'NONE',  ( -0.0000000000000000000, -0.0000000000000000000, -1.000000000000000000 ) ) ;
#4063 = CARTESIAN_POINT ( 'NONE',  ( 2.430009069179262848, 2.430009069179262848, 0.8000000000000000444 ) ) ;
#4064 = UNCERTAINTY_MEASURE_WITH_UNIT (LENGTH_MEASURE( 1.000000000000000082E-05 ), #1760, 'distance_accuracy_value', 'NONE');
#4065 = FACE_OUTER_BOUND ( 'NONE', #6246, .T. ) ;
#4066 = ORIENTED_EDGE ( 'NONE', *, *, #3481, .F. ) ;
#4067 = DIRECTION ( 'NONE',  ( 0.05233595624294388321, -0.0000000000000000000, 0.9986295347545739443 ) ) ;
#4068 = AXIS2_PLACEMENT_3D ( 'NONE', #1845, #6114, #1340 ) ;
#4069 = DIRECTION ( 'NONE',  ( -1.000000000000000000, -2.520540444682888024E-16, 0.0000000000000000000 ) ) ;
#4070 = DIRECTION ( 'NONE',  ( 1.000000000000000000, 4.818676322157797375E-16, -3.047392128993071134E-15 ) ) ;
#4071 = ADVANCED_FACE ( 'NONE', ( #5960 ), #6658, .F. ) ;
#4072 = PRESENTATION_LAYER_ASSIGNMENT (  '', '', ( #6300 ) ) ;
#4073 = ORIENTED_EDGE ( 'NONE', *, *, #1193, .F. ) ;
#4074 = DIRECTION ( 'NONE',  ( 0.0000000000000000000, 0.0000000000000000000, -1.000000000000000000 ) ) ;
#4075 = DIRECTION ( 'NONE',  ( 0.05233595624294388321, -0.0000000000000000000, -0.9986295347545739443 ) ) ;
#4076 = VERTEX_POINT ( 'NONE', #5570 ) ;
#4077 = ORIENTED_EDGE ( 'NONE', *, *, #4804, .F. ) ;
#4078 = COLOUR_RGB ( '',0.8980392156862745390, 0.9215686274509803377, 0.9294117647058823817 ) ;
#4079 = DIRECTION ( 'NONE',  ( -2.710505431213759113E-16, 1.000000000000000000, 0.0000000000000000000 ) ) ;
#4080 = VECTOR ( 'NONE', #3516, 1000.000000000000000 ) ;
#4081 = EDGE_CURVE ( 'NONE', #6785, #4610, #6563, .T. ) ;
#4082 = EDGE_CURVE ( 'NONE', #5555, #3443, #6063, .T. ) ;
#4083 = DIRECTION ( 'NONE',  ( 0.08715574274765820750, 0.0000000000000000000, -0.9961946980917455452 ) ) ;
#4084 = EDGE_LOOP ( 'NONE', ( #5758, #2276, #4687 ) ) ;
#4085 = MECHANICAL_DESIGN_GEOMETRIC_PRESENTATION_REPRESENTATION (  '', ( #6314 ), #4645 ) ;
#4086 = SURFACE_STYLE_FILL_AREA ( #372 ) ;
#4087 = VECTOR ( 'NONE', #5601, 1000.000000000000000 ) ;
#4088 = UNCERTAINTY_MEASURE_WITH_UNIT (LENGTH_MEASURE( 1.000000000000000082E-05 ), #471, 'distance_accuracy_value', 'NONE');
#4089 = ORIENTED_EDGE ( 'NONE', *, *, #3481, .T. ) ;
#4090 = SURFACE_SIDE_STYLE ('',( #5652 ) ) ;
#4091 = VERTEX_POINT ( 'NONE', #1364 ) ;
#4092 = DIRECTION ( 'NONE',  ( 4.818676322157797375E-16, 1.000000000000000000, 1.466503673540475756E-30 ) ) ;
#4093 =( GEOMETRIC_REPRESENTATION_CONTEXT ( 3 ) GLOBAL_UNCERTAINTY_ASSIGNED_CONTEXT ( ( #5726 ) ) GLOBAL_UNIT_ASSIGNED_CONTEXT ( ( #5064, #4102, #6118 ) ) REPRESENTATION_CONTEXT ( 'NONE', 'WORKASPACE' ) );
#4094 = AXIS2_PLACEMENT_3D ( 'NONE', #6018, #2309, #2943 ) ;
#4095 = EDGE_CURVE ( 'NONE', #4778, #4796, #4496, .T. ) ;
#4096 = CARTESIAN_POINT ( 'NONE',  ( -0.5500000000000000444, 1.049999999999999822, -0.5699999999999999512 ) ) ;
#4097 = PRESENTATION_LAYER_ASSIGNMENT (  '', '', ( #1536 ) ) ;
#4098 = COLOUR_RGB ( '',0.8980392156862745390, 0.9215686274509803377, 0.9294117647058823817 ) ;
#4099 = SURFACE_STYLE_FILL_AREA ( #1952 ) ;
#4100 =( GEOMETRIC_REPRESENTATION_CONTEXT ( 3 ) GLOBAL_UNCERTAINTY_ASSIGNED_CONTEXT ( ( #5342 ) ) GLOBAL_UNIT_ASSIGNED_CONTEXT ( ( #2322, #1291, #1752 ) ) REPRESENTATION_CONTEXT ( 'NONE', 'WORKASPACE' ) );
#4102 =( NAMED_UNIT ( * ) PLANE_ANGLE_UNIT ( ) SI_UNIT ( $, .RADIAN. ) );
#4101 = LINE ( 'NONE', #5688, #683 ) ;
#4103 =( GEOMETRIC_REPRESENTATION_CONTEXT ( 3 ) GLOBAL_UNCERTAINTY_ASSIGNED_CONTEXT ( ( #6533 ) ) GLOBAL_UNIT_ASSIGNED_CONTEXT ( ( #90, #4690, #4468 ) ) REPRESENTATION_CONTEXT ( 'NONE', 'WORKASPACE' ) );
#4104 = CARTESIAN_POINT ( 'NONE',  ( 0.0000000000000000000, 1.200000000000000622, -0.5699999999999999512 ) ) ;
#4105 = MECHANICAL_DESIGN_GEOMETRIC_PRESENTATION_REPRESENTATION (  '', ( #3436 ), #1864 ) ;
#4106 = PRESENTATION_STYLE_ASSIGNMENT (( #2480 ) ) ;
#4107 = FACE_OUTER_BOUND ( 'NONE', #5307, .T. ) ;
#4108 = EDGE_LOOP ( 'NONE', ( #3214, #3577, #5496, #3706 ) ) ;
#4109 =( NAMED_UNIT ( * ) PLANE_ANGLE_UNIT ( ) SI_UNIT ( $, .RADIAN. ) );
#4110 = DIRECTION ( 'NONE',  ( 1.000000000000000000, -1.400746772075018613E-16, 0.0000000000000000000 ) ) ;
#4111 = CARTESIAN_POINT ( 'NONE',  ( 1.700000000000000400, -2.099999999999999645, -0.5699999999999999512 ) ) ;
#4112 = VERTEX_POINT ( 'NONE', #821 ) ;
#4113 = LINE ( 'NONE', #5252, #2929 ) ;
#4114 = CARTESIAN_POINT ( 'NONE',  ( 0.4838201673205150821, 0.4046747618464905383, 0.4500000000000000666 ) ) ;
#4115 = ORIENTED_EDGE ( 'NONE', *, *, #1809, .T. ) ;
#4116 = ORIENTED_EDGE ( 'NONE', *, *, #1015, .F. ) ;
#4117 = CARTESIAN_POINT ( 'NONE',  ( 0.0000000000000000000, 0.0000000000000000000, 0.3000000000000000444 ) ) ;
#4118 = CARTESIAN_POINT ( 'NONE',  ( -1.700000000000000622, -1.199999999999999734, -0.7699999999999999067 ) ) ;
#4119 = VECTOR ( 'NONE', #4728, 1000.000000000000000 ) ;
#4120 = ORIENTED_EDGE ( 'NONE', *, *, #6420, .F. ) ;
#4121 = DIRECTION ( 'NONE',  ( 0.0000000000000000000, 0.0000000000000000000, 1.000000000000000000 ) ) ;
#4122 = EDGE_CURVE ( 'NONE', #586, #4459, #5123, .T. ) ;
#4123 = VERTEX_POINT ( 'NONE', #2355 ) ;
#4124 = MECHANICAL_DESIGN_GEOMETRIC_PRESENTATION_REPRESENTATION (  '', ( #2558 ), #1680 ) ;
#4125 = EDGE_LOOP ( 'NONE', ( #1316, #726, #4054, #3392 ) ) ;
#4126 = EDGE_CURVE ( 'NONE', #2039, #261, #6690, .T. ) ;
#4127 = ADVANCED_FACE ( 'NONE', ( #240 ), #5541, .T. ) ;
#4128 = PRESENTATION_STYLE_ASSIGNMENT (( #4158 ) ) ;
#4129 = CARTESIAN_POINT ( 'NONE',  ( -2.500000000000001776, -1.199999999999999734, -0.2999999999999997113 ) ) ;
#4130 = ORIENTED_EDGE ( 'NONE', *, *, #1781, .T. ) ;
#4131 = CARTESIAN_POINT ( 'NONE',  ( 1.699999999999999956, 0.0000000000000000000, 0.3000000000000000444 ) ) ;
#4132 = CARTESIAN_POINT ( 'NONE',  ( 2.500000000000002665, 1.200000000000000400, 0.0000000000000000000 ) ) ;
#4133 = EDGE_CURVE ( 'NONE', #5251, #4778, #6028, .T. ) ;
#4135 = FACE_OUTER_BOUND ( 'NONE', #2307, .T. ) ;
#4134 = CARTESIAN_POINT ( 'NONE',  ( 0.2103187164337327886, -2.056952929731181712, 0.3500000000000000333 ) ) ;
#4136 = CARTESIAN_POINT ( 'NONE',  ( -2.400000000000001243, 2.100000000000000089, -0.5700000000000000622 ) ) ;
#4137 = SURFACE_STYLE_USAGE ( .BOTH. , #3588 ) ;
#4138 = CARTESIAN_POINT ( 'NONE',  ( 2.500000000000002220, 2.500000000000002220, 0.0000000000000000000 ) ) ;
#4139 = CARTESIAN_POINT ( 'NONE',  ( -0.03316504619021998224, 2.110000814877110997, 0.3500000000000000333 ) ) ;
#4140 = FACE_OUTER_BOUND ( 'NONE', #6782, .T. ) ;
#4141 = LINE ( 'NONE', #4593, #3801 ) ;
#4142 = ORIENTED_EDGE ( 'NONE', *, *, #196, .T. ) ;
#4143 = LINE ( 'NONE', #3631, #3849 ) ;
#4144 = LINE ( 'NONE', #582, #393 ) ;
#4145 = ORIENTED_EDGE ( 'NONE', *, *, #4584, .F. ) ;
#4146 =( NAMED_UNIT ( * ) PLANE_ANGLE_UNIT ( ) SI_UNIT ( $, .RADIAN. ) );
#4147 = ORIENTED_EDGE ( 'NONE', *, *, #4895, .T. ) ;
#4148 = CARTESIAN_POINT ( 'NONE',  ( -2.500000000000001332, -2.099999999999999645, -0.4700000000000001399 ) ) ;
#4149 =( LENGTH_UNIT ( ) NAMED_UNIT ( * ) SI_UNIT ( .MILLI., .METRE. ) );
#4150 = LINE ( 'NONE', #5256, #1432 ) ;
#4151 = VERTEX_POINT ( 'NONE', #2392 ) ;
#4152 = LINE ( 'NONE', #3638, #5585 ) ;
#4153 = VERTEX_POINT ( 'NONE', #855 ) ;
#4154 =( LENGTH_UNIT ( ) NAMED_UNIT ( * ) SI_UNIT ( .MILLI., .METRE. ) );
#4155 = COLOUR_RGB ( '',0.8980392156862745390, 0.9215686274509803377, 0.9294117647058823817 ) ;
#4156 = ORIENTED_EDGE ( 'NONE', *, *, #6120, .F. ) ;
#4157 = VECTOR ( 'NONE', #2988, 1000.000000000000000 ) ;
#4158 = SURFACE_STYLE_USAGE ( .BOTH. , #2578 ) ;
#4159 = VECTOR ( 'NONE', #4430, 1000.000000000000000 ) ;
#4160 = CARTESIAN_POINT ( 'NONE',  ( 1.412305442492822971, -0.6860159872360371835, 0.3500000000000000333 ) ) ;
#4161 = ADVANCED_FACE ( 'NONE', ( #4538 ), #2995, .F. ) ;
#4162 = EDGE_CURVE ( 'NONE', #1060, #1293, #1802, .T. ) ;
#4163 = EDGE_LOOP ( 'NONE', ( #4996, #4247, #1334, #2722, #6405, #1443, #1836, #5649, #4473 ) ) ;
#4164 = DIRECTION ( 'NONE',  ( 0.0000000000000000000, 0.0000000000000000000, -1.000000000000000000 ) ) ;
#4165 = DIRECTION ( 'NONE',  ( 3.043374519257556424E-15, -0.0000000000000000000, 1.000000000000000000 ) ) ;
#4166 =( GEOMETRIC_REPRESENTATION_CONTEXT ( 3 ) GLOBAL_UNCERTAINTY_ASSIGNED_CONTEXT ( ( #3999 ) ) GLOBAL_UNIT_ASSIGNED_CONTEXT ( ( #6225, #6739, #3663 ) ) REPRESENTATION_CONTEXT ( 'NONE', 'WORKASPACE' ) );
#4167 = VECTOR ( 'NONE', #1434, 1000.000000000000000 ) ;
#4169 = LINE ( 'NONE', #4727, #6428 ) ;
#4168 = CARTESIAN_POINT ( 'NONE',  ( 2.700000000000001066, 2.100000000000000089, -0.4700000000000007505 ) ) ;
#4170 = DIRECTION ( 'NONE',  ( -1.000000000000000000, 4.818676322157797375E-16, -3.043374519257556424E-15 ) ) ;
#4171 = DIRECTION ( 'NONE',  ( 0.0000000000000000000, 0.0000000000000000000, 1.000000000000000000 ) ) ;
#4172 = EDGE_CURVE ( 'NONE', #4153, #5752, #1017, .T. ) ;
#4173 = STYLED_ITEM ( 'NONE', ( #6666 ), #1887 ) ;
#4174 = MECHANICAL_DESIGN_GEOMETRIC_PRESENTATION_REPRESENTATION (  '', ( #294 ), #3738 ) ;
#4175 = CARTESIAN_POINT ( 'NONE',  ( -1.700000000000000622, -1.199999999999999734, -0.5699999999999999512 ) ) ;
#4176 = DIRECTION ( 'NONE',  ( 0.0000000000000000000, 0.9961946980917455452, 0.08715574274765820750 ) ) ;
#4177 =( NAMED_UNIT ( * ) SI_UNIT ( $, .STERADIAN. ) SOLID_ANGLE_UNIT ( ) );
#4178 = DIRECTION ( 'NONE',  ( -1.000000000000000000, -0.0000000000000000000, -0.0000000000000000000 ) ) ;
#4179 = EDGE_LOOP ( 'NONE', ( #822, #6099, #1736, #1716 ) ) ;
#4180 = AXIS2_PLACEMENT_3D ( 'NONE', #5355, #2696, #2169 ) ;
#4181 = LINE ( 'NONE', #397, #5164 ) ;
#4182 = DIRECTION ( 'NONE',  ( -1.000000000000000000, 0.0000000000000000000, 0.0000000000000000000 ) ) ;
#4183 = EDGE_LOOP ( 'NONE', ( #987, #1748, #1507, #3752 ) ) ;
#4184 = SURFACE_STYLE_FILL_AREA ( #2855 ) ;
#4185 =( LENGTH_UNIT ( ) NAMED_UNIT ( * ) SI_UNIT ( .MILLI., .METRE. ) );
#4186 = FILL_AREA_STYLE ('',( #4788 ) ) ;
#4187 = MECHANICAL_DESIGN_GEOMETRIC_PRESENTATION_REPRESENTATION (  '', ( #5293 ), #5734 ) ;
#4188 = AXIS2_PLACEMENT_3D ( 'NONE', #1584, #6874, #5716 ) ;
#4189 = PRESENTATION_STYLE_ASSIGNMENT (( #2038 ) ) ;
#4190 = VERTEX_POINT ( 'NONE', #3056 ) ;
#4191 =( NAMED_UNIT ( * ) SI_UNIT ( $, .STERADIAN. ) SOLID_ANGLE_UNIT ( ) );
#4192 = EDGE_LOOP ( 'NONE', ( #2292, #4888, #2927, #3536 ) ) ;
#4193 = DIRECTION ( 'NONE',  ( -1.000000000000000000, 0.0000000000000000000, 0.0000000000000000000 ) ) ;
#4194 = CIRCLE ( 'NONE', #423, 0.1499999999999999667 ) ;
#4195 = COLOUR_RGB ( '',0.8980392156862745390, 0.9215686274509803377, 0.9294117647058823817 ) ;
#4196 = ORIENTED_EDGE ( 'NONE', *, *, #5176, .T. ) ;
#4197 = AXIS2_PLACEMENT_3D ( 'NONE', #3248, #4819, #4854 ) ;
#4198 = PLANE ( 'NONE',  #4994 ) ;
#4199 = CARTESIAN_POINT ( 'NONE',  ( 0.0000000000000000000, 2.100000000000000089, -0.5699999999999999512 ) ) ;
#4200 = MECHANICAL_DESIGN_GEOMETRIC_PRESENTATION_REPRESENTATION (  '', ( #2969 ), #4103 ) ;
#4201 = PRESENTATION_LAYER_ASSIGNMENT (  '', '', ( #6321 ) ) ;
#4202 = MECHANICAL_DESIGN_GEOMETRIC_PRESENTATION_REPRESENTATION (  '', ( #1306 ), #6089 ) ;
#4203 = AXIS2_PLACEMENT_3D ( 'NONE', #4448, #4583, #1310 ) ;
#4204 = UNCERTAINTY_MEASURE_WITH_UNIT (LENGTH_MEASURE( 1.000000000000000082E-05 ), #5967, 'distance_accuracy_value', 'NONE');
#4205 = LINE ( 'NONE', #5116, #1389 ) ;
#4206 = SURFACE_SIDE_STYLE ('',( #3229 ) ) ;
#4208 = CARTESIAN_POINT ( 'NONE',  ( -1.700000000000000400, 1.200000000000000622, -0.5699999999999999512 ) ) ;
#4207 = CARTESIAN_POINT ( 'NONE',  ( -1.146028625818473756, -0.1370056143358112655, 0.3500000000000000333 ) ) ;
#4209 = VECTOR ( 'NONE', #3170, 1000.000000000000000 ) ;
#4210 = EDGE_CURVE ( 'NONE', #4950, #4825, #953, .T. ) ;
#4211 = EDGE_CURVE ( 'NONE', #1276, #4215, #6209, .T. ) ;
#4212 = CARTESIAN_POINT ( 'NONE',  ( 1.699999999999999956, 0.0000000000000000000, 0.3000000000000000444 ) ) ;
#4213 = VECTOR ( 'NONE', #6239, 1000.000000000000000 ) ;
#4214 = CARTESIAN_POINT ( 'NONE',  ( 0.2838201673205150710, 1.116322564166215559, 0.4500000000000000666 ) ) ;
#4215 = VERTEX_POINT ( 'NONE', #483 ) ;
#4216 = STYLED_ITEM ( 'NONE', ( #1701 ), #3529 ) ;
#4217 = DIRECTION ( 'NONE',  ( 0.0000000000000000000, 1.000000000000000000, 0.0000000000000000000 ) ) ;
#4218 = CARTESIAN_POINT ( 'NONE',  ( 1.262305442492821728, 0.6070589046025534063, 0.3500000000000000333 ) ) ;
#4219 = ORIENTED_EDGE ( 'NONE', *, *, #1064, .T. ) ;
#4220 = DIRECTION ( 'NONE',  ( 1.000000000000000000, 2.710505431213759113E-16, 0.0000000000000000000 ) ) ;
#4221 = CARTESIAN_POINT ( 'NONE',  ( 0.0000000000000000000, 0.0000000000000000000, 0.3000000000000000444 ) ) ;
#4222 = EDGE_CURVE ( 'NONE', #876, #3237, #4712, .T. ) ;
#4223 = FACE_OUTER_BOUND ( 'NONE', #2141, .T. ) ;
#4224 = FACE_OUTER_BOUND ( 'NONE', #650, .T. ) ;
#4225 = CARTESIAN_POINT ( 'NONE',  ( -1.680009069179262848, 2.430009069179262848, 0.4000000000000000222 ) ) ;
#4226 = EDGE_LOOP ( 'NONE', ( #169, #2780, #4300, #1463, #1807, #1808, #5975, #1644, #4713, #5600 ) ) ;
#4227 = PLANE ( 'NONE',  #1498 ) ;
#4228 = ORIENTED_EDGE ( 'NONE', *, *, #3839, .T. ) ;
#4229 = VERTEX_POINT ( 'NONE', #1939 ) ;
#4230 = FILL_AREA_STYLE_COLOUR ( '', #5616 ) ;
#4231 = ORIENTED_EDGE ( 'NONE', *, *, #4467, .T. ) ;
#4232 = VECTOR ( 'NONE', #5112, 1000.000000000000000 ) ;
#4233 = CARTESIAN_POINT ( 'NONE',  ( 1.600000000000000089, -1.099999999999999867, -0.5699999999999999512 ) ) ;
#4234 = CARTESIAN_POINT ( 'NONE',  ( 0.0000000000000000000, 0.0000000000000000000, -0.5699999999999999512 ) ) ;
#4235 = VERTEX_POINT ( 'NONE', #2607 ) ;
#4236 = CARTESIAN_POINT ( 'NONE',  ( 2.400000000000001243, -1.199999999999999734, -0.4699999999999998068 ) ) ;
#4237 = AXIS2_PLACEMENT_3D ( 'NONE', #324, #6080, #5690 ) ;
#4238 = SURFACE_STYLE_FILL_AREA ( #529 ) ;
#4239 = FILL_AREA_STYLE ('',( #5792 ) ) ;
#4240 = DIRECTION ( 'NONE',  ( 1.000000000000000000, 4.818676322157797375E-16, 0.0000000000000000000 ) ) ;
#4241 = FILL_AREA_STYLE_COLOUR ( '', #3541 ) ;
#4242 = DIRECTION ( 'NONE',  ( 1.000000000000000000, 0.0000000000000000000, 0.0000000000000000000 ) ) ;
#4244 =( LENGTH_UNIT ( ) NAMED_UNIT ( * ) SI_UNIT ( .MILLI., .METRE. ) );
#4243 = CARTESIAN_POINT ( 'NONE',  ( -1.600000000000000311, -2.199999999999999734, -0.6999999999999999556 ) ) ;
#4245 = DIRECTION ( 'NONE',  ( 8.998760675425412313E-17, -1.000000000000000000, 0.0000000000000000000 ) ) ;
#4246 =( LENGTH_UNIT ( ) NAMED_UNIT ( * ) SI_UNIT ( .MILLI., .METRE. ) );
#4247 = ORIENTED_EDGE ( 'NONE', *, *, #6258, .F. ) ;
#4248 = EDGE_CURVE ( 'NONE', #300, #3878, #4685, .T. ) ;
#4249 = EDGE_CURVE ( 'NONE', #1774, #3878, #2008, .T. ) ;
#4250 = LINE ( 'NONE', #6816, #6501 ) ;
#4251 = LINE ( 'NONE', #3598, #279 ) ;
#4252 = CARTESIAN_POINT ( 'NONE',  ( -1.043697599916538765, 0.4413501301401799304, 0.3500000000000000333 ) ) ;
#4253 = PLANE ( 'NONE',  #964 ) ;
#4254 = SURFACE_SIDE_STYLE ('',( #620 ) ) ;
#4255 = SURFACE_STYLE_USAGE ( .BOTH. , #4886 ) ;
#4256 = VERTEX_POINT ( 'NONE', #3131 ) ;
#4257 = EDGE_CURVE ( 'NONE', #2850, #4825, #4150, .T. ) ;
#4258 = ORIENTED_EDGE ( 'NONE', *, *, #5453, .F. ) ;
#4259 = ORIENTED_EDGE ( 'NONE', *, *, #4029, .F. ) ;
#4260 = DIRECTION ( 'NONE',  ( -0.0000000000000000000, 1.000000000000000000, -0.0000000000000000000 ) ) ;
#4261 = CYLINDRICAL_SURFACE ( 'NONE', #1187, 0.1499999999999999667 ) ;
#4262 = CARTESIAN_POINT ( 'NONE',  ( -0.03316504619021998224, -2.056952929731181712, 0.3500000000000000333 ) ) ;
#4263 = ORIENTED_EDGE ( 'NONE', *, *, #3620, .F. ) ;
#4264 = CARTESIAN_POINT ( 'NONE',  ( 1.599999999999999867, -2.200000000000000178, -0.5699999999999999512 ) ) ;
#4265 = VERTEX_POINT ( 'NONE', #4225 ) ;
#4266 = DIRECTION ( 'NONE',  ( 1.000000000000000000, 0.0000000000000000000, -3.252606517456519613E-15 ) ) ;
#4267 = PRESENTATION_LAYER_ASSIGNMENT (  '', '', ( #4481 ) ) ;
#4268 = DIRECTION ( 'NONE',  ( 0.0000000000000000000, 0.0000000000000000000, -1.000000000000000000 ) ) ;
#4269 =( NAMED_UNIT ( * ) SI_UNIT ( $, .STERADIAN. ) SOLID_ANGLE_UNIT ( ) );
#4270 = MECHANICAL_DESIGN_GEOMETRIC_PRESENTATION_REPRESENTATION (  '', ( #2588 ), #5266 ) ;
#4271 = CARTESIAN_POINT ( 'NONE',  ( 0.4838201673205150821, 0.4046747618464905383, 0.4500000000000000666 ) ) ;
#4272 = VECTOR ( 'NONE', #233, 1000.000000000000000 ) ;
#4273 = CARTESIAN_POINT ( 'NONE',  ( -2.700000000000001510, 1.200000000000000622, -0.4700000000000008060 ) ) ;
#4275 = PLANE ( 'NONE',  #1099 ) ;
#4274 = CARTESIAN_POINT ( 'NONE',  ( 0.2103187164337327886, -2.056952929731181712, 0.3000000000000000444 ) ) ;
#4276 = COLOUR_RGB ( '',0.8980392156862745390, 0.9215686274509803377, 0.9294117647058823817 ) ;
#4277 = CARTESIAN_POINT ( 'NONE',  ( -2.400000000000002132, -2.099999999999999645, -0.2999999999999993783 ) ) ;
#4278 = VECTOR ( 'NONE', #4217, 1000.000000000000000 ) ;
#4279 = ORIENTED_EDGE ( 'NONE', *, *, #3037, .F. ) ;
#4280 = SURFACE_SIDE_STYLE ('',( #6015 ) ) ;
#4281 = ORIENTED_EDGE ( 'NONE', *, *, #4549, .F. ) ;
#4282 = FILL_AREA_STYLE_COLOUR ( '', #5977 ) ;
#4283 = CARTESIAN_POINT ( 'NONE',  ( -1.680009069179263070, 2.879687624179894101, 0.4000000000000000222 ) ) ;
#4284 = LINE ( 'NONE', #1153, #5539 ) ;
#4285 = DIRECTION ( 'NONE',  ( -0.0000000000000000000, -1.000000000000000000, -0.0000000000000000000 ) ) ;
#4286 = LINE ( 'NONE', #3280, #6320 ) ;
#4287 = ADVANCED_FACE ( 'NONE', ( #6725 ), #3681, .T. ) ;
#4288 = DIRECTION ( 'NONE',  ( 0.0000000000000000000, -0.0000000000000000000, -1.000000000000000000 ) ) ;
#4289 = CARTESIAN_POINT ( 'NONE',  ( -2.400000000000001243, 1.200000000000000622, -0.4699999999999998068 ) ) ;
#4290 = ORIENTED_EDGE ( 'NONE', *, *, #4761, .F. ) ;
#4291 = CARTESIAN_POINT ( 'NONE',  ( 2.500000000000001776, 2.100000000000000089, -0.2999999999999997113 ) ) ;
#4292 = CARTESIAN_POINT ( 'NONE',  ( -2.700000000000001066, -1.199999999999999734, -0.4700000000000007505 ) ) ;
#4293 =( GEOMETRIC_REPRESENTATION_CONTEXT ( 3 ) GLOBAL_UNCERTAINTY_ASSIGNED_CONTEXT ( ( #1423 ) ) GLOBAL_UNIT_ASSIGNED_CONTEXT ( ( #4059, #4960, #5577 ) ) REPRESENTATION_CONTEXT ( 'NONE', 'WORKASPACE' ) );
#4294 = STYLED_ITEM ( 'NONE', ( #1107 ), #4936 ) ;
#4295 = FACE_OUTER_BOUND ( 'NONE', #3648, .T. ) ;
#4296 = EDGE_CURVE ( 'NONE', #3568, #849, #551, .T. ) ;
#4297 = ADVANCED_FACE ( 'NONE', ( #3023 ), #5154, .F. ) ;
#4298 = CARTESIAN_POINT ( 'NONE',  ( -2.500000000000002220, 1.100000000000000089, 0.0000000000000000000 ) ) ;
#4299 = STYLED_ITEM ( 'NONE', ( #3641 ), #2482 ) ;
#4300 = ORIENTED_EDGE ( 'NONE', *, *, #4965, .F. ) ;
#4301 = VECTOR ( 'NONE', #6529, 1000.000000000000000 ) ;
#4302 = DIRECTION ( 'NONE',  ( 0.0000000000000000000, -0.0000000000000000000, 1.000000000000000000 ) ) ;
#4303 = SURFACE_STYLE_FILL_AREA ( #71 ) ;
#4304 = EDGE_LOOP ( 'NONE', ( #5682, #1637, #2209, #4848 ) ) ;
#4305 =( LENGTH_UNIT ( ) NAMED_UNIT ( * ) SI_UNIT ( .MILLI., .METRE. ) );
#4306 = PRESENTATION_LAYER_ASSIGNMENT (  '', '', ( #5413 ) ) ;
#4307 = EDGE_CURVE ( 'NONE', #3216, #4778, #1474, .T. ) ;
#4308 = MECHANICAL_DESIGN_GEOMETRIC_PRESENTATION_REPRESENTATION (  '', ( #4528 ), #540 ) ;
#4309 = PLANE ( 'NONE',  #6732 ) ;
#4310 = FACE_OUTER_BOUND ( 'NONE', #3092, .T. ) ;
#4311 = VECTOR ( 'NONE', #4913, 1000.000000000000000 ) ;
#4312 = PRESENTATION_LAYER_ASSIGNMENT (  '', '', ( #3422 ) ) ;
#4313 = LINE ( 'NONE', #6439, #3074 ) ;
#4315 = CARTESIAN_POINT ( 'NONE',  ( -2.700000000000003286, 1.301042606982606899E-15, -8.306732565912526210E-15 ) ) ;
#4314 = DIRECTION ( 'NONE',  ( 0.0000000000000000000, 0.0000000000000000000, -1.000000000000000000 ) ) ;
#4316 = DIRECTION ( 'NONE',  ( -0.0000000000000000000, 1.000000000000000000, -0.0000000000000000000 ) ) ;
#4317 = VECTOR ( 'NONE', #3699, 1000.000000000000000 ) ;
#4318 =( GEOMETRIC_REPRESENTATION_CONTEXT ( 3 ) GLOBAL_UNCERTAINTY_ASSIGNED_CONTEXT ( ( #410 ) ) GLOBAL_UNIT_ASSIGNED_CONTEXT ( ( #5489, #6549, #5994 ) ) REPRESENTATION_CONTEXT ( 'NONE', 'WORKASPACE' ) );
#4319 = LINE ( 'NONE', #3737, #1884 ) ;
#4320 = VECTOR ( 'NONE', #6812, 1000.000000000000000 ) ;
#4321 = VERTEX_POINT ( 'NONE', #6413 ) ;
#4322 = AXIS2_PLACEMENT_3D ( 'NONE', #6284, #5442, #4358 ) ;
#4323 = CARTESIAN_POINT ( 'NONE',  ( -1.043697599916538765, -0.1584055984559433750, 0.4500000000000000666 ) ) ;
#4324 = ORIENTED_EDGE ( 'NONE', *, *, #350, .F. ) ;
#4325 = CARTESIAN_POINT ( 'NONE',  ( -1.599999999999999867, 1.100000000000000089, -0.6999999999999999556 ) ) ;
#4326 = COLOUR_RGB ( '',1.000000000000000000, 1.000000000000000000, 1.000000000000000000 ) ;
#4327 = VECTOR ( 'NONE', #1769, 1000.000000000000000 ) ;
#4328 = ORIENTED_EDGE ( 'NONE', *, *, #2550, .T. ) ;
#4329 = DIRECTION ( 'NONE',  ( 0.0000000000000000000, 0.0000000000000000000, 1.000000000000000000 ) ) ;
#4330 = ORIENTED_EDGE ( 'NONE', *, *, #2312, .F. ) ;
#4331 =( NAMED_UNIT ( * ) PLANE_ANGLE_UNIT ( ) SI_UNIT ( $, .RADIAN. ) );
#4332 = ORIENTED_EDGE ( 'NONE', *, *, #6119, .F. ) ;
#4333 = PRESENTATION_LAYER_ASSIGNMENT (  '', '', ( #5869 ) ) ;
#4334 = DIRECTION ( 'NONE',  ( 0.0000000000000000000, -0.0000000000000000000, 1.000000000000000000 ) ) ;
#4335 = EDGE_CURVE ( 'NONE', #1320, #675, #2117, .T. ) ;
#4336 = LINE ( 'NONE', #2861, #1158 ) ;
#4337 = EDGE_CURVE ( 'NONE', #3830, #3786, #250, .T. ) ;
#4338 = ADVANCED_FACE ( 'NONE', ( #776 ), #2873, .F. ) ;
#4339 = CARTESIAN_POINT ( 'NONE',  ( 2.700000000000001066, -1.199999999999999734, -0.4700000000000007505 ) ) ;
#4340 = ORIENTED_EDGE ( 'NONE', *, *, #4257, .F. ) ;
#4341 =( NAMED_UNIT ( * ) SI_UNIT ( $, .STERADIAN. ) SOLID_ANGLE_UNIT ( ) );
#4342 = FACE_OUTER_BOUND ( 'NONE', #1471, .T. ) ;
#4343 = LINE ( 'NONE', #1240, #2738 ) ;
#4344 = COLOUR_RGB ( '',1.000000000000000000, 1.000000000000000000, 1.000000000000000000 ) ;
#4345 = DIRECTION ( 'NONE',  ( 1.000000000000000000, 0.0000000000000000000, -0.0000000000000000000 ) ) ;
#4346 = ADVANCED_FACE ( 'NONE', ( #3747 ), #2151, .F. ) ;
#4347 = CYLINDRICAL_SURFACE ( 'NONE', #3261, 0.1499999999999999667 ) ;
#4348 = LINE ( 'NONE', #1300, #2064 ) ;
#4349 = VECTOR ( 'NONE', #1115, 1000.000000000000000 ) ;
#4350 = CARTESIAN_POINT ( 'NONE',  ( 1.930905544980987543, 2.110000814877110997, 0.3500000000000000333 ) ) ;
#4351 = DIRECTION ( 'NONE',  ( 0.0000000000000000000, -1.000000000000000000, 0.0000000000000000000 ) ) ;
#4352 = SURFACE_SIDE_STYLE ('',( #6043 ) ) ;
#4353 = ORIENTED_EDGE ( 'NONE', *, *, #1359, .F. ) ;
#4354 = DIRECTION ( 'NONE',  ( -4.818676322157797375E-16, 1.000000000000000000, 1.466503673540475756E-30 ) ) ;
#4355 = LINE ( 'NONE', #745, #2598 ) ;
#4356 = ORIENTED_EDGE ( 'NONE', *, *, #4500, .F. ) ;
#4357 = DIRECTION ( 'NONE',  ( 0.0000000000000000000, 0.0000000000000000000, 1.000000000000000000 ) ) ;
#4358 = DIRECTION ( 'NONE',  ( 0.0000000000000000000, 0.0000000000000000000, 1.000000000000000000 ) ) ;
#4359 = EDGE_LOOP ( 'NONE', ( #724, #522, #2610, #6210 ) ) ;
#4360 = FACE_OUTER_BOUND ( 'NONE', #2225, .T. ) ;
#4361 = UNCERTAINTY_MEASURE_WITH_UNIT (LENGTH_MEASURE( 1.000000000000000082E-05 ), #4149, 'distance_accuracy_value', 'NONE');
#4362 = ORIENTED_EDGE ( 'NONE', *, *, #1269, .F. ) ;
#4363 = VERTEX_POINT ( 'NONE', #4479 ) ;
#4364 = SURFACE_SIDE_STYLE ('',( #2227 ) ) ;
#4365 =( NAMED_UNIT ( * ) PLANE_ANGLE_UNIT ( ) SI_UNIT ( $, .RADIAN. ) );
#4366 = FILL_AREA_STYLE_COLOUR ( '', #4155 ) ;
#4367 = UNCERTAINTY_MEASURE_WITH_UNIT (LENGTH_MEASURE( 1.000000000000000082E-05 ), #5503, 'distance_accuracy_value', 'NONE');
#4368 =( LENGTH_UNIT ( ) NAMED_UNIT ( * ) SI_UNIT ( .MILLI., .METRE. ) );
#4369 = VERTEX_POINT ( 'NONE', #6598 ) ;
#4370 = EDGE_CURVE ( 'NONE', #6525, #675, #1643, .T. ) ;
#4371 = EDGE_CURVE ( 'NONE', #5784, #1431, #124, .T. ) ;
#4372 =( LENGTH_UNIT ( ) NAMED_UNIT ( * ) SI_UNIT ( .MILLI., .METRE. ) );
#4373 = DIRECTION ( 'NONE',  ( 0.5150380749100548217, 0.0000000000000000000, 0.8571673007021118895 ) ) ;
#4374 = FILL_AREA_STYLE_COLOUR ( '', #5202 ) ;
#4375 = COLOUR_RGB ( '',1.000000000000000000, 1.000000000000000000, 1.000000000000000000 ) ;
#4376 = EDGE_CURVE ( 'NONE', #5868, #1040, #6190, .T. ) ;
#4377 = MECHANICAL_DESIGN_GEOMETRIC_PRESENTATION_REPRESENTATION (  '', ( #5032 ), #3935 ) ;
#4379 = DIRECTION ( 'NONE',  ( 0.0000000000000000000, 0.0000000000000000000, 1.000000000000000000 ) ) ;
#4378 = CARTESIAN_POINT ( 'NONE',  ( -2.400000000000002132, -1.199999999999999734, -0.2999999999999993783 ) ) ;
#4380 = CARTESIAN_POINT ( 'NONE',  ( -2.400000000000001243, 2.100000000000000089, -0.4699999999999998068 ) ) ;
#4381 = EDGE_CURVE ( 'NONE', #1831, #4950, #243, .T. ) ;
#4382 = FILL_AREA_STYLE ('',( #5987 ) ) ;
#4383 = COLOUR_RGB ( '',0.8980392156862745390, 0.9215686274509803377, 0.9294117647058823817 ) ;
#4384 = CIRCLE ( 'NONE', #1378, 0.1500000000000000222 ) ;
#4385 = ORIENTED_EDGE ( 'NONE', *, *, #180, .T. ) ;
#4386 = DIRECTION ( 'NONE',  ( -1.000000000000000000, 0.0000000000000000000, 0.0000000000000000000 ) ) ;
#4387 = ORIENTED_EDGE ( 'NONE', *, *, #5655, .T. ) ;
#4388 = VECTOR ( 'NONE', #3236, 1000.000000000000114 ) ;
#4389 = CARTESIAN_POINT ( 'NONE',  ( 0.2838201673205150155, 0.4046747618464905383, 0.4500000000000000666 ) ) ;
#4390 = VECTOR ( 'NONE', #2030, 1000.000000000000000 ) ;
#4391 = CARTESIAN_POINT ( 'NONE',  ( -2.700000000000000622, 2.100000000000000089, -0.5700000000000006173 ) ) ;
#4392 = EDGE_LOOP ( 'NONE', ( #3085, #1777, #4463, #1426 ) ) ;
#4393 = FILL_AREA_STYLE ('',( #6526 ) ) ;
#4394 =( NAMED_UNIT ( * ) PLANE_ANGLE_UNIT ( ) SI_UNIT ( $, .RADIAN. ) );
#4395 = CARTESIAN_POINT ( 'NONE',  ( 0.4838201673205150821, 0.4046747618464905383, 0.4500000000000000666 ) ) ;
#4396 = CARTESIAN_POINT ( 'NONE',  ( 0.3603187164337324777, 0.4570589046025532176, 0.3500000000000000333 ) ) ;
#4397 = FACE_OUTER_BOUND ( 'NONE', #1499, .T. ) ;
#4398 = SURFACE_STYLE_FILL_AREA ( #2255 ) ;
#4399 = ORIENTED_EDGE ( 'NONE', *, *, #3364, .T. ) ;
#4400 = COLOUR_RGB ( '',0.8980392156862745390, 0.9215686274509803377, 0.9294117647058823817 ) ;
#4401 =( NAMED_UNIT ( * ) PLANE_ANGLE_UNIT ( ) SI_UNIT ( $, .RADIAN. ) );
#4402 =( GEOMETRIC_REPRESENTATION_CONTEXT ( 3 ) GLOBAL_UNCERTAINTY_ASSIGNED_CONTEXT ( ( #533 ) ) GLOBAL_UNIT_ASSIGNED_CONTEXT ( ( #5832, #6256, #5353 ) ) REPRESENTATION_CONTEXT ( 'NONE', 'WORKASPACE' ) );
#4403 = VERTEX_POINT ( 'NONE', #424 ) ;
#4404 = SURFACE_SIDE_STYLE ('',( #113 ) ) ;
#4405 = PRESENTATION_LAYER_ASSIGNMENT (  '', '', ( #202 ) ) ;
#4406 = CARTESIAN_POINT ( 'NONE',  ( 0.2838201673205150155, 0.4046747618464905383, 0.4500000000000000666 ) ) ;
#4407 = VECTOR ( 'NONE', #5368, 1000.000000000000000 ) ;
#4408 = CARTESIAN_POINT ( 'NONE',  ( 2.700000000000002842, 1.200000000000000400, -6.982962677686266711E-16 ) ) ;
#4409 = MECHANICAL_DESIGN_GEOMETRIC_PRESENTATION_REPRESENTATION (  '', ( #6531 ), #5512 ) ;
#4410 =( GEOMETRIC_REPRESENTATION_CONTEXT ( 3 ) GLOBAL_UNCERTAINTY_ASSIGNED_CONTEXT ( ( #4088 ) ) GLOBAL_UNIT_ASSIGNED_CONTEXT ( ( #471, #6780, #6229 ) ) REPRESENTATION_CONTEXT ( 'NONE', 'WORKASPACE' ) );
#4412 = DIRECTION ( 'NONE',  ( 0.0000000000000000000, -1.000000000000000000, 0.0000000000000000000 ) ) ;
#4411 = PLANE ( 'NONE',  #5648 ) ;
#4413 = ADVANCED_BREP_SHAPE_REPRESENTATION ( 'User Library-ws2812B-1', ( #2549, #120, #2404, #256, #4866, #2417, #183, #4834, #2430, #4094 ), #4318 ) ;
#4414 = DIRECTION ( 'NONE',  ( -0.0000000000000000000, -0.0000000000000000000, -1.000000000000000000 ) ) ;
#4415 =( GEOMETRIC_REPRESENTATION_CONTEXT ( 3 ) GLOBAL_UNCERTAINTY_ASSIGNED_CONTEXT ( ( #1839 ) ) GLOBAL_UNIT_ASSIGNED_CONTEXT ( ( #2908, #6518, #1767 ) ) REPRESENTATION_CONTEXT ( 'NONE', 'WORKASPACE' ) );
#4416 = ADVANCED_FACE ( 'NONE', ( #1346 ), #3557, .F. ) ;
#4417 = VECTOR ( 'NONE', #4062, 1000.000000000000000 ) ;
#4418 = ORIENTED_EDGE ( 'NONE', *, *, #5742, .F. ) ;
#4419 = ADVANCED_FACE ( 'NONE', ( #1996 ), #833, .T. ) ;
#4420 = DIRECTION ( 'NONE',  ( 0.7071067811865475727, -0.7071067811865475727, 0.0000000000000000000 ) ) ;
#4421 = VERTEX_POINT ( 'NONE', #5315 ) ;
#4422 = EDGE_CURVE ( 'NONE', #345, #4609, #996, .T. ) ;
#4423 =( LENGTH_UNIT ( ) NAMED_UNIT ( * ) SI_UNIT ( .MILLI., .METRE. ) );
#4424 = CARTESIAN_POINT ( 'NONE',  ( -1.043697599916538765, 0.4413501301401799304, 0.4500000000000000666 ) ) ;
#4425 = PRESENTATION_LAYER_ASSIGNMENT (  '', '', ( #5980 ) ) ;
#4426 = CARTESIAN_POINT ( 'NONE',  ( -0.1831650461902210314, -0.2870056143358111211, 0.3500000000000000333 ) ) ;
#4427 = CIRCLE ( 'NONE', #6198, 0.1000000000000002554 ) ;
#4428 = ORIENTED_EDGE ( 'NONE', *, *, #4042, .T. ) ;
#4429 = COLOUR_RGB ( '',1.000000000000000000, 1.000000000000000000, 1.000000000000000000 ) ;
#4430 = DIRECTION ( 'NONE',  ( -0.0000000000000000000, -0.0000000000000000000, -1.000000000000000000 ) ) ;
#4431 = STYLED_ITEM ( 'NONE', ( #4025 ), #6430 ) ;
#4432 = CARTESIAN_POINT ( 'NONE',  ( 0.3603187164337338100, 0.8251250982098667919, 0.3500000000000000333 ) ) ;
#4433 = VERTEX_POINT ( 'NONE', #6297 ) ;
#4434 = EDGE_CURVE ( 'NONE', #3107, #2459, #6671, .T. ) ;
#4435 = VERTEX_POINT ( 'NONE', #1559 ) ;
#4436 = CARTESIAN_POINT ( 'NONE',  ( -0.1831650461902210314, -0.5332195235787651200, 0.3500000000000000333 ) ) ;
#4437 = VECTOR ( 'NONE', #5707, 1000.000000000000000 ) ;
#4438 =( GEOMETRIC_REPRESENTATION_CONTEXT ( 3 ) GLOBAL_UNCERTAINTY_ASSIGNED_CONTEXT ( ( #5415 ) ) GLOBAL_UNIT_ASSIGNED_CONTEXT ( ( #6605, #231, #195 ) ) REPRESENTATION_CONTEXT ( 'NONE', 'WORKASPACE' ) );
#4439 = CARTESIAN_POINT ( 'NONE',  ( 2.463314554501873754, -2.463314554501873754, -0.6999999999999999556 ) ) ;
#4440 = DIRECTION ( 'NONE',  ( -0.0000000000000000000, -1.000000000000000000, -0.0000000000000000000 ) ) ;
#4441 = CARTESIAN_POINT ( 'NONE',  ( 0.3603187164337338100, 0.8251250982098667919, 0.3500000000000000333 ) ) ;
#4442 = UNCERTAINTY_MEASURE_WITH_UNIT (LENGTH_MEASURE( 1.000000000000000082E-05 ), #5254, 'distance_accuracy_value', 'NONE');
#4443 = ORIENTED_EDGE ( 'NONE', *, *, #102, .F. ) ;
#4444 =( LENGTH_UNIT ( ) NAMED_UNIT ( * ) SI_UNIT ( .MILLI., .METRE. ) );
#4445 = LINE ( 'NONE', #1784, #2269 ) ;
#4446 = FILL_AREA_STYLE ('',( #4510 ) ) ;
#4447 = FACE_OUTER_BOUND ( 'NONE', #5470, .T. ) ;
#4449 = CARTESIAN_POINT ( 'NONE',  ( -2.430009069179262848, 1.680009069179262848, 0.4000000000000000222 ) ) ;
#4448 = CARTESIAN_POINT ( 'NONE',  ( -0.9960286258184738450, -0.6832195235787650311, 0.3000000000000000444 ) ) ;
#4450 = ORIENTED_EDGE ( 'NONE', *, *, #4776, .F. ) ;
#4451 = CARTESIAN_POINT ( 'NONE',  ( -1.700000000000000622, 2.100000000000000089, -0.5699999999999999512 ) ) ;
#4452 = VECTOR ( 'NONE', #1459, 1000.000000000000000 ) ;
#4453 = LINE ( 'NONE', #2906, #5599 ) ;
#4454 = ORIENTED_EDGE ( 'NONE', *, *, #3136, .F. ) ;
#4455 = CARTESIAN_POINT ( 'NONE',  ( 0.3603187164337327553, 0.9751250982098667031, 0.3000000000000000444 ) ) ;
#4456 = FACE_OUTER_BOUND ( 'NONE', #4108, .T. ) ;
#4457 = EDGE_CURVE ( 'NONE', #396, #1778, #1230, .T. ) ;
#4458 = EDGE_CURVE ( 'NONE', #5380, #4002, #39, .T. ) ;
#4459 = VERTEX_POINT ( 'NONE', #1588 ) ;
#4460 = FILL_AREA_STYLE ('',( #5013 ) ) ;
#4461 = DIRECTION ( 'NONE',  ( 1.000000000000000000, 0.0000000000000000000, -3.071906155375592215E-15 ) ) ;
#4462 = DIRECTION ( 'NONE',  ( -4.818676322157797375E-16, 1.000000000000000000, 1.466503673540475756E-30 ) ) ;
#4463 = ORIENTED_EDGE ( 'NONE', *, *, #2484, .T. ) ;
#4464 =( NAMED_UNIT ( * ) SI_UNIT ( $, .STERADIAN. ) SOLID_ANGLE_UNIT ( ) );
#4465 = DIRECTION ( 'NONE',  ( -0.0000000000000000000, -1.000000000000000000, -0.0000000000000000000 ) ) ;
#4466 = PLANE ( 'NONE',  #5532 ) ;
#4467 = EDGE_CURVE ( 'NONE', #4265, #675, #5276, .T. ) ;
#4468 =( NAMED_UNIT ( * ) SI_UNIT ( $, .STERADIAN. ) SOLID_ANGLE_UNIT ( ) );
#4469 = ORIENTED_EDGE ( 'NONE', *, *, #3846, .T. ) ;
#4470 = SURFACE_STYLE_USAGE ( .BOTH. , #674 ) ;
#4471 = ORIENTED_EDGE ( 'NONE', *, *, #1987, .F. ) ;
#4472 = CARTESIAN_POINT ( 'NONE',  ( 0.2838201673205150710, 0.9163225641662154919, 0.4500000000000000666 ) ) ;
#4473 = ORIENTED_EDGE ( 'NONE', *, *, #2448, .F. ) ;
#4474 = SURFACE_SIDE_STYLE ('',( #5479 ) ) ;
#4475 = SURFACE_STYLE_USAGE ( .BOTH. , #3030 ) ;
#4476 = CARTESIAN_POINT ( 'NONE',  ( -1.699999999999999956, 2.081899558550500280E-16, 0.3000000000000000444 ) ) ;
#4477 = FACE_OUTER_BOUND ( 'NONE', #2105, .T. ) ;
#4478 = FACE_BOUND ( 'NONE', #3592, .T. ) ;
#4479 = CARTESIAN_POINT ( 'NONE',  ( -2.470127565808668990, 2.200000000000000178, -0.5699999999999999512 ) ) ;
#4480 = ORIENTED_EDGE ( 'NONE', *, *, #6544, .F. ) ;
#4481 = STYLED_ITEM ( 'NONE', ( #3115 ), #929 ) ;
#4482 = CARTESIAN_POINT ( 'NONE',  ( -0.9960286258184727348, -0.5332195235787651200, 0.3500000000000000333 ) ) ;
#4483 = EDGE_LOOP ( 'NONE', ( #1707, #4785, #5446, #2387 ) ) ;
#4484 = LINE ( 'NONE', #1794, #5978 ) ;
#4485 = PRESENTATION_LAYER_ASSIGNMENT (  '', '', ( #63 ) ) ;
#4486 = STYLED_ITEM ( 'NONE', ( #6617 ), #188 ) ;
#4487 = ORIENTED_EDGE ( 'NONE', *, *, #658, .T. ) ;
#4488 =( NAMED_UNIT ( * ) SI_UNIT ( $, .STERADIAN. ) SOLID_ANGLE_UNIT ( ) );
#4489 = VERTEX_POINT ( 'NONE', #10 ) ;
#4490 = CARTESIAN_POINT ( 'NONE',  ( 0.5500000000000001554, 1.049999999999999822, -0.6999999999999999556 ) ) ;
#4491 = MECHANICAL_DESIGN_GEOMETRIC_PRESENTATION_REPRESENTATION (  '', ( #3277 ), #4729 ) ;
#4492 = ORIENTED_EDGE ( 'NONE', *, *, #1064, .F. ) ;
#4493 = DIRECTION ( 'NONE',  ( 0.05233595624294388321, -7.330942177076304904E-18, 0.9986295347545739443 ) ) ;
#4494 = CARTESIAN_POINT ( 'NONE',  ( 0.2103187164337327886, -2.056952929731181712, 0.3500000000000000333 ) ) ;
#4495 = VECTOR ( 'NONE', #2365, 1000.000000000000000 ) ;
#4496 = LINE ( 'NONE', #3460, #779 ) ;
#4497 = VECTOR ( 'NONE', #5842, 1000.000000000000000 ) ;
#4498 = EDGE_LOOP ( 'NONE', ( #1006, #3199, #701, #6107 ) ) ;
#4499 = SURFACE_SIDE_STYLE ('',( #4086 ) ) ;
#4500 = EDGE_CURVE ( 'NONE', #4808, #646, #4793, .T. ) ;
#4501 = UNCERTAINTY_MEASURE_WITH_UNIT (LENGTH_MEASURE( 1.000000000000000082E-05 ), #664, 'distance_accuracy_value', 'NONE');
#4502 = EDGE_LOOP ( 'NONE', ( #2530, #6109, #1172, #2675 ) ) ;
#4503 = EDGE_LOOP ( 'NONE', ( #615, #1599, #2129, #4574, #3049, #2468, #1874, #1188, #2898 ) ) ;
#4504 = EDGE_CURVE ( 'NONE', #6527, #3982, #531, .T. ) ;
#4505 = PLANE ( 'NONE',  #6088 ) ;
#4506 = ADVANCED_FACE ( 'NONE', ( #2665 ), #5872, .F. ) ;
#4507 =( NAMED_UNIT ( * ) PLANE_ANGLE_UNIT ( ) SI_UNIT ( $, .RADIAN. ) );
#4508 = FACE_OUTER_BOUND ( 'NONE', #3564, .T. ) ;
#4509 = VECTOR ( 'NONE', #5876, 1000.000000000000000 ) ;
#4510 = FILL_AREA_STYLE_COLOUR ( '', #1622 ) ;
#4511 = FACE_OUTER_BOUND ( 'NONE', #910, .T. ) ;
#4512 = ADVANCED_FACE ( 'NONE', ( #4310 ), #1109, .T. ) ;
#4514 = CARTESIAN_POINT ( 'NONE',  ( -1.600000000000000311, -2.199999999999999734, -0.5699999999999999512 ) ) ;
#4513 = DIRECTION ( 'NONE',  ( -1.000000000000000000, 0.0000000000000000000, 0.0000000000000000000 ) ) ;
#4515 = AXIS2_PLACEMENT_3D ( 'NONE', #626, #5344, #1088 ) ;
#4516 = FILL_AREA_STYLE_COLOUR ( '', #1081 ) ;
#4517 = AXIS2_PLACEMENT_3D ( 'NONE', #211, #2296, #3924 ) ;
#4518 = SURFACE_SIDE_STYLE ('',( #5580 ) ) ;
#4519 = ORIENTED_EDGE ( 'NONE', *, *, #1483, .T. ) ;
#4520 = DIRECTION ( 'NONE',  ( 1.000000000000000000, 0.0000000000000000000, -3.252606517456519613E-15 ) ) ;
#4521 = CARTESIAN_POINT ( 'NONE',  ( -0.9960286258184738450, -0.6832195235787650311, 0.3500000000000000333 ) ) ;
#4522 = ORIENTED_EDGE ( 'NONE', *, *, #1859, .F. ) ;
#4523 =( NAMED_UNIT ( * ) PLANE_ANGLE_UNIT ( ) SI_UNIT ( $, .RADIAN. ) );
#4524 = LINE ( 'NONE', #783, #1214 ) ;
#4525 = DIRECTION ( 'NONE',  ( -0.0000000000000000000, -0.0000000000000000000, -1.000000000000000000 ) ) ;
#4526 = STYLED_ITEM ( 'NONE', ( #2679 ), #2718 ) ;
#4527 = CARTESIAN_POINT ( 'NONE',  ( 2.500000000000002220, 2.465004534589632978, 0.4000000000000000222 ) ) ;
#4528 = STYLED_ITEM ( 'NONE', ( #6813 ), #5602 ) ;
#4529 = CARTESIAN_POINT ( 'NONE',  ( 0.2103187164337327886, 0.9751250982098678133, 0.3500000000000000333 ) ) ;
#4530 = CARTESIAN_POINT ( 'NONE',  ( -2.500000000000002220, 2.100000000000000089, 0.0000000000000000000 ) ) ;
#4531 = ORIENTED_EDGE ( 'NONE', *, *, #607, .F. ) ;
#4532 = VECTOR ( 'NONE', #2807, 1000.000000000000000 ) ;
#4533 = MECHANICAL_DESIGN_GEOMETRIC_PRESENTATION_REPRESENTATION (  '', ( #6444 ), #230 ) ;
#4534 = VERTEX_POINT ( 'NONE', #5386 ) ;
#4535 = CARTESIAN_POINT ( 'NONE',  ( 0.2838201673205150710, 0.2046747618464905827, 0.4500000000000000666 ) ) ;
#4536 = DIRECTION ( 'NONE',  ( -0.0000000000000000000, 0.0000000000000000000, 1.000000000000000000 ) ) ;
#4537 = PRESENTATION_LAYER_ASSIGNMENT (  '', '', ( #4874 ) ) ;
#4538 = FACE_OUTER_BOUND ( 'NONE', #1227, .T. ) ;
#4539 =( GEOMETRIC_REPRESENTATION_CONTEXT ( 3 ) GLOBAL_UNCERTAINTY_ASSIGNED_CONTEXT ( ( #890 ) ) GLOBAL_UNIT_ASSIGNED_CONTEXT ( ( #3438, #6147, #322 ) ) REPRESENTATION_CONTEXT ( 'NONE', 'WORKASPACE' ) );
#4540 = ORIENTED_EDGE ( 'NONE', *, *, #5554, .F. ) ;
#4541 = VERTEX_POINT ( 'NONE', #2739 ) ;
#4542 = VERTEX_POINT ( 'NONE', #1354 ) ;
#4543 = FILL_AREA_STYLE ('',( #2928 ) ) ;
#4544 = PLANE ( 'NONE',  #6642 ) ;
#4545 = SURFACE_STYLE_USAGE ( .BOTH. , #3800 ) ;
#4546 = DIRECTION ( 'NONE',  ( -0.0000000000000000000, -0.0000000000000000000, -1.000000000000000000 ) ) ;
#4547 = ADVANCED_FACE ( 'NONE', ( #6130 ), #1969, .T. ) ;
#4548 = STYLED_ITEM ( 'NONE', ( #4004 ), #3473 ) ;
#4549 = EDGE_CURVE ( 'NONE', #2814, #4596, #295, .T. ) ;
#4550 = STYLED_ITEM ( 'NONE', ( #6275 ), #6680 ) ;
#4551 = DIRECTION ( 'NONE',  ( 0.0000000000000000000, 0.0000000000000000000, 1.000000000000000000 ) ) ;
#4553 = CARTESIAN_POINT ( 'NONE',  ( 1.562305442492822882, -0.6860159872360381828, 0.3500000000000000333 ) ) ;
#4552 = CARTESIAN_POINT ( 'NONE',  ( -1.599999999999999645, 2.200000000000000178, -0.6999999999999999556 ) ) ;
#4554 = SURFACE_STYLE_USAGE ( .BOTH. , #5104 ) ;
#4555 =( LENGTH_UNIT ( ) NAMED_UNIT ( * ) SI_UNIT ( .MILLI., .METRE. ) );
#4556 =( NAMED_UNIT ( * ) PLANE_ANGLE_UNIT ( ) SI_UNIT ( $, .RADIAN. ) );
#4557 = ADVANCED_FACE ( 'NONE', ( #2488 ), #3595, .F. ) ;
#4558 = UNCERTAINTY_MEASURE_WITH_UNIT (LENGTH_MEASURE( 1.000000000000000082E-05 ), #1690, 'distance_accuracy_value', 'NONE');
#4559 = CARTESIAN_POINT ( 'NONE',  ( -1.600000000000000311, -2.199999999999999734, -0.5699999999999999512 ) ) ;
#4560 = ORIENTED_EDGE ( 'NONE', *, *, #4719, .F. ) ;
#4561 = LINE ( 'NONE', #6679, #4080 ) ;
#4562 = LINE ( 'NONE', #1895, #903 ) ;
#4563 = AXIS2_PLACEMENT_3D ( 'NONE', #5180, #1867, #4035 ) ;
#4564 =( NAMED_UNIT ( * ) PLANE_ANGLE_UNIT ( ) SI_UNIT ( $, .RADIAN. ) );
#4565 =( NAMED_UNIT ( * ) PLANE_ANGLE_UNIT ( ) SI_UNIT ( $, .RADIAN. ) );
#4566 = ORIENTED_EDGE ( 'NONE', *, *, #6672, .T. ) ;
#4567 = CARTESIAN_POINT ( 'NONE',  ( -1.700000000000000622, 2.100000000000000089, -0.7699999999999999067 ) ) ;
#4568 = EDGE_LOOP ( 'NONE', ( #5896, #46, #4919, #6578 ) ) ;
#4569 = SURFACE_SIDE_STYLE ('',( #2429 ) ) ;
#4570 = DIRECTION ( 'NONE',  ( 1.000000000000000000, 0.0000000000000000000, 0.0000000000000000000 ) ) ;
#4571 = CYLINDRICAL_SURFACE ( 'NONE', #5327, 0.3000000000000000444 ) ;
#4572 = AXIS2_PLACEMENT_3D ( 'NONE', #4740, #2137, #580 ) ;
#4573 = DIRECTION ( 'NONE',  ( -0.05226442768871396305, -0.05226442768871396305, 0.9972646886342373396 ) ) ;
#4574 = ORIENTED_EDGE ( 'NONE', *, *, #5773, .F. ) ;
#4575 = SURFACE_SIDE_STYLE ('',( #1805 ) ) ;
#4576 = UNCERTAINTY_MEASURE_WITH_UNIT (LENGTH_MEASURE( 1.000000000000000082E-05 ), #6592, 'distance_accuracy_value', 'NONE');
#4577 = ORIENTED_EDGE ( 'NONE', *, *, #2624, .F. ) ;
#4578 = SURFACE_STYLE_FILL_AREA ( #6796 ) ;
#4579 = CARTESIAN_POINT ( 'NONE',  ( -2.500000000000002220, 2.500000000000002220, 0.0000000000000000000 ) ) ;
#4580 = DIRECTION ( 'NONE',  ( 0.08682659386424762538, -0.08682659386424762538, -0.9924325091389669673 ) ) ;
#4581 = CARTESIAN_POINT ( 'NONE',  ( -2.499117102666011725, -1.199999999999999734, -0.01684668471109857651 ) ) ;
#4582 = DIRECTION ( 'NONE',  ( -0.0000000000000000000, -0.0000000000000000000, -1.000000000000000000 ) ) ;
#4583 = DIRECTION ( 'NONE',  ( 0.0000000000000000000, 0.0000000000000000000, 1.000000000000000000 ) ) ;
#4584 = EDGE_CURVE ( 'NONE', #3786, #5082, #6162, .T. ) ;
#4585 = LINE ( 'NONE', #1317, #6607 ) ;
#4586 = EDGE_CURVE ( 'NONE', #396, #3220, #2910, .T. ) ;
#4587 = CARTESIAN_POINT ( 'NONE',  ( 0.2838201673205150710, -0.2871897488101240459, 0.4500000000000000666 ) ) ;
#4588 = EDGE_LOOP ( 'NONE', ( #4957, #6603, #1925, #2839 ) ) ;
#4589 = LINE ( 'NONE', #6708, #1954 ) ;
#4590 = EDGE_CURVE ( 'NONE', #827, #731, #2001, .T. ) ;
#4591 = EDGE_CURVE ( 'NONE', #786, #4596, #2528, .T. ) ;
#4592 = FILL_AREA_STYLE ('',( #5111 ) ) ;
#4593 = CARTESIAN_POINT ( 'NONE',  ( 2.500000000000001332, 1.200000000000000400, -0.4700000000000001399 ) ) ;
#4594 = EDGE_LOOP ( 'NONE', ( #2163, #2437, #1868, #2916 ) ) ;
#4595 = CYLINDRICAL_SURFACE ( 'NONE', #5823, 0.1499999999999999667 ) ;
#4596 = VERTEX_POINT ( 'NONE', #6230 ) ;
#4597 = PRESENTATION_STYLE_ASSIGNMENT (( #911 ) ) ;
#4598 = ORIENTED_EDGE ( 'NONE', *, *, #2912, .F. ) ;
#4599 =( LENGTH_UNIT ( ) NAMED_UNIT ( * ) SI_UNIT ( .MILLI., .METRE. ) );
#4600 = EDGE_CURVE ( 'NONE', #209, #1831, #5697, .T. ) ;
#4601 = VECTOR ( 'NONE', #3650, 1000.000000000000114 ) ;
#4602 = VECTOR ( 'NONE', #2433, 1000.000000000000000 ) ;
#4603 = CARTESIAN_POINT ( 'NONE',  ( 2.471716000805965763, -1.199999999999999734, -0.5396908546970038412 ) ) ;
#4604 = DIRECTION ( 'NONE',  ( -0.0000000000000000000, -1.000000000000000000, -0.0000000000000000000 ) ) ;
#4605 = ORIENTED_EDGE ( 'NONE', *, *, #6074, .T. ) ;
#4606 = AXIS2_PLACEMENT_3D ( 'NONE', #1039, #3162, #5286 ) ;
#4607 = FACE_OUTER_BOUND ( 'NONE', #5435, .T. ) ;
#4608 = AXIS2_PLACEMENT_3D ( 'NONE', #5284, #2003, #3048 ) ;
#4609 = VERTEX_POINT ( 'NONE', #1387 ) ;
#4610 = VERTEX_POINT ( 'NONE', #3517 ) ;
#4611 = COLOUR_RGB ( '',1.000000000000000000, 1.000000000000000000, 1.000000000000000000 ) ;
#4612 = AXIS2_PLACEMENT_3D ( 'NONE', #6738, #2561, #3697 ) ;
#4613 = CARTESIAN_POINT ( 'NONE',  ( 2.499117102666011725, -1.199999999999999734, -0.01684668471109857651 ) ) ;
#4614 = VECTOR ( 'NONE', #4546, 1000.000000000000000 ) ;
#4615 =( NAMED_UNIT ( * ) PLANE_ANGLE_UNIT ( ) SI_UNIT ( $, .RADIAN. ) );
#4616 = DIRECTION ( 'NONE',  ( 0.0000000000000000000, 0.0000000000000000000, -1.000000000000000000 ) ) ;
#4618 = CARTESIAN_POINT ( 'NONE',  ( 2.470127565808668990, -2.099999999999997868, -0.5699999999999999512 ) ) ;
#4617 = PLANE ( 'NONE',  #3669 ) ;
#4619 = SURFACE_STYLE_USAGE ( .BOTH. , #1889 ) ;
#4620 = SURFACE_STYLE_USAGE ( .BOTH. , #6810 ) ;
#4621 = CARTESIAN_POINT ( 'NONE',  ( 0.0000000000000000000, 0.0000000000000000000, -0.7699999999999999067 ) ) ;
#4622 = ORIENTED_EDGE ( 'NONE', *, *, #6165, .F. ) ;
#4623 = LINE ( 'NONE', #429, #3973 ) ;
#4624 = CIRCLE ( 'NONE', #4956, 2.000000000000002220 ) ;
#4625 = FILL_AREA_STYLE_COLOUR ( '', #5420 ) ;
#4626 = EDGE_CURVE ( 'NONE', #6345, #3759, #4141, .T. ) ;
#4627 = CARTESIAN_POINT ( 'NONE',  ( 2.400000000000001243, -2.099999999999998312, -0.7699999999999999067 ) ) ;
#4628 = VECTOR ( 'NONE', #5260, 1000.000000000000000 ) ;
#4629 = VECTOR ( 'NONE', #3314, 1000.000000000000000 ) ;
#4630 = ORIENTED_EDGE ( 'NONE', *, *, #3138, .T. ) ;
#4631 = EDGE_CURVE ( 'NONE', #849, #5056, #6263, .T. ) ;
#4632 = EDGE_CURVE ( 'NONE', #1538, #6525, #2380, .T. ) ;
#4633 = LINE ( 'NONE', #1038, #5268 ) ;
#4634 = SURFACE_STYLE_USAGE ( .BOTH. , #788 ) ;
#4635 = VERTEX_POINT ( 'NONE', #6711 ) ;
#4636 =( NAMED_UNIT ( * ) SI_UNIT ( $, .STERADIAN. ) SOLID_ANGLE_UNIT ( ) );
#4637 = EDGE_LOOP ( 'NONE', ( #5666, #5343, #4130, #557 ) ) ;
#4638 = FILL_AREA_STYLE_COLOUR ( '', #4429 ) ;
#4639 = COLOUR_RGB ( '',1.000000000000000000, 1.000000000000000000, 1.000000000000000000 ) ;
#4640 = DIRECTION ( 'NONE',  ( 0.0000000000000000000, 0.0000000000000000000, 1.000000000000000000 ) ) ;
#4641 = AXIS2_PLACEMENT_3D ( 'NONE', #44, #16, #4245 ) ;
#4642 = FILL_AREA_STYLE_COLOUR ( '', #1968 ) ;
#4643 =( LENGTH_UNIT ( ) NAMED_UNIT ( * ) SI_UNIT ( .MILLI., .METRE. ) );
#4644 = ORIENTED_EDGE ( 'NONE', *, *, #4081, .T. ) ;
#4645 =( GEOMETRIC_REPRESENTATION_CONTEXT ( 3 ) GLOBAL_UNCERTAINTY_ASSIGNED_CONTEXT ( ( #2205 ) ) GLOBAL_UNIT_ASSIGNED_CONTEXT ( ( #6604, #4523, #3345 ) ) REPRESENTATION_CONTEXT ( 'NONE', 'WORKASPACE' ) );
#4646 = EDGE_CURVE ( 'NONE', #3797, #4970, #6197, .T. ) ;
#4647 =( NAMED_UNIT ( * ) PLANE_ANGLE_UNIT ( ) SI_UNIT ( $, .RADIAN. ) );
#4648 = PRESENTATION_LAYER_ASSIGNMENT (  '', '', ( #6745 ) ) ;
#4649 = VERTEX_POINT ( 'NONE', #2945 ) ;
#4650 = ORIENTED_EDGE ( 'NONE', *, *, #703, .T. ) ;
#4651 = SURFACE_STYLE_USAGE ( .BOTH. , #415 ) ;
#4652 = VECTOR ( 'NONE', #75, 1000.000000000000000 ) ;
#4653 = VECTOR ( 'NONE', #5388, 1000.000000000000000 ) ;
#4654 = SURFACE_SIDE_STYLE ('',( #2507 ) ) ;
#4655 = CARTESIAN_POINT ( 'NONE',  ( 0.3603187164337327553, 0.9751250982098667031, 0.3500000000000000333 ) ) ;
#4656 = ORIENTED_EDGE ( 'NONE', *, *, #2315, .F. ) ;
#4657 = PRESENTATION_LAYER_ASSIGNMENT (  '', '', ( #5313 ) ) ;
#4658 = PRESENTATION_LAYER_ASSIGNMENT (  '', '', ( #5531 ) ) ;
#4659 = CARTESIAN_POINT ( 'NONE',  ( -2.500000000000002220, -1.199999999999999734, 0.0000000000000000000 ) ) ;
#4660 = VECTOR ( 'NONE', #5706, 1000.000000000000000 ) ;
#4662 = FILL_AREA_STYLE_COLOUR ( '', #8 ) ;
#4661 = CARTESIAN_POINT ( 'NONE',  ( -2.500000000000002220, -1.199999999999999734, 0.0000000000000000000 ) ) ;
#4663 = VECTOR ( 'NONE', #305, 1000.000000000000000 ) ;
#4664 = VECTOR ( 'NONE', #4881, 1000.000000000000000 ) ;
#4665 = DIRECTION ( 'NONE',  ( -9.105833465946933014E-17, -1.000000000000000000, 0.0000000000000000000 ) ) ;
#4666 =( NAMED_UNIT ( * ) SI_UNIT ( $, .STERADIAN. ) SOLID_ANGLE_UNIT ( ) );
#4667 = VERTEX_POINT ( 'NONE', #880 ) ;
#4668 = VECTOR ( 'NONE', #3927, 1000.000000000000000 ) ;
#4669 = CARTESIAN_POINT ( 'NONE',  ( 0.2838201673205150710, 1.116322564166215559, 0.3500000000000000333 ) ) ;
#4670 = CARTESIAN_POINT ( 'NONE',  ( -2.400000000000002132, 1.200000000000000622, -0.2999999999999993783 ) ) ;
#4671 =( NAMED_UNIT ( * ) PLANE_ANGLE_UNIT ( ) SI_UNIT ( $, .RADIAN. ) );
#4672 = CARTESIAN_POINT ( 'NONE',  ( -2.500000000000001332, 2.100000000000000089, -0.4700000000000001399 ) ) ;
#4673 = ORIENTED_EDGE ( 'NONE', *, *, #4806, .F. ) ;
#4674 = CARTESIAN_POINT ( 'NONE',  ( 1.930905544980987321, -0.8360159872360372058, 0.3500000000000000333 ) ) ;
#4675 = DIRECTION ( 'NONE',  ( 0.0000000000000000000, -0.0000000000000000000, -1.000000000000000000 ) ) ;
#4676 = VERTEX_POINT ( 'NONE', #2985 ) ;
#4677 = CARTESIAN_POINT ( 'NONE',  ( 0.4838201673205150821, 0.4046747618464905383, 0.3500000000000000333 ) ) ;
#4678 = VERTEX_POINT ( 'NONE', #4672 ) ;
#4679 = DIRECTION ( 'NONE',  ( 1.000000000000000000, 0.0000000000000000000, -0.0000000000000000000 ) ) ;
#4680 =( LENGTH_UNIT ( ) NAMED_UNIT ( * ) SI_UNIT ( .MILLI., .METRE. ) );
#4681 =( LENGTH_UNIT ( ) NAMED_UNIT ( * ) SI_UNIT ( .MILLI., .METRE. ) );
#4682 = EDGE_CURVE ( 'NONE', #6450, #2814, #4684, .T. ) ;
#4683 = EDGE_CURVE ( 'NONE', #1383, #3855, #6681, .T. ) ;
#4684 = CIRCLE ( 'NONE', #2554, 0.3000000000000002665 ) ;
#4685 = LINE ( 'NONE', #6790, #5092 ) ;
#4686 = EDGE_LOOP ( 'NONE', ( #2072, #917, #5582, #3061 ) ) ;
#4687 = ORIENTED_EDGE ( 'NONE', *, *, #301, .F. ) ;
#4688 = VECTOR ( 'NONE', #394, 1000.000000000000114 ) ;
#4689 = ORIENTED_EDGE ( 'NONE', *, *, #6579, .T. ) ;
#4690 =( NAMED_UNIT ( * ) PLANE_ANGLE_UNIT ( ) SI_UNIT ( $, .RADIAN. ) );
#4691 = EDGE_CURVE ( 'NONE', #1872, #4433, #3451, .T. ) ;
#4692 = DIRECTION ( 'NONE',  ( 1.000000000000000000, 0.0000000000000000000, 0.0000000000000000000 ) ) ;
#4693 =( NAMED_UNIT ( * ) SI_UNIT ( $, .STERADIAN. ) SOLID_ANGLE_UNIT ( ) );
#4694 = DIRECTION ( 'NONE',  ( -0.0000000000000000000, -0.0000000000000000000, 1.000000000000000000 ) ) ;
#4696 = DIRECTION ( 'NONE',  ( -0.0000000000000000000, -0.0000000000000000000, -1.000000000000000000 ) ) ;
#4695 = LINE ( 'NONE', #4134, #2980 ) ;
#4697 = SURFACE_SIDE_STYLE ('',( #4238 ) ) ;
#4698 = SURFACE_STYLE_FILL_AREA ( #5354 ) ;
#4699 = FACE_OUTER_BOUND ( 'NONE', #2788, .T. ) ;
#4700 = CARTESIAN_POINT ( 'NONE',  ( 0.2838201673205150710, 1.116322564166215559, 0.4500000000000000666 ) ) ;
#4701 = CYLINDRICAL_SURFACE ( 'NONE', #5298, 0.1000000000000002554 ) ;
#4702 = DIRECTION ( 'NONE',  ( 1.000000000000000000, -0.0000000000000000000, -0.0000000000000000000 ) ) ;
#4703 = ORIENTED_EDGE ( 'NONE', *, *, #1108, .F. ) ;
#4704 = CARTESIAN_POINT ( 'NONE',  ( -0.03316504619021998224, -0.6832195235787661414, 0.3500000000000000333 ) ) ;
#4705 = DIRECTION ( 'NONE',  ( 0.0000000000000000000, 0.0000000000000000000, 1.000000000000000000 ) ) ;
#4706 = EDGE_LOOP ( 'NONE', ( #5194, #2907, #450, #5815 ) ) ;
#4707 = PLANE ( 'NONE',  #2621 ) ;
#4708 = VERTEX_POINT ( 'NONE', #4627 ) ;
#4709 = SURFACE_SIDE_STYLE ('',( #404 ) ) ;
#4710 = LINE ( 'NONE', #6756, #2853 ) ;
#4711 = CARTESIAN_POINT ( 'NONE',  ( -2.500000000000002220, 2.500000000000002220, 0.0000000000000000000 ) ) ;
#4712 = LINE ( 'NONE', #6312, #4209 ) ;
#4713 = ORIENTED_EDGE ( 'NONE', *, *, #4893, .F. ) ;
#4714 = EDGE_LOOP ( 'NONE', ( #4328, #4066, #4598, #1 ) ) ;
#4715 =( NAMED_UNIT ( * ) SI_UNIT ( $, .STERADIAN. ) SOLID_ANGLE_UNIT ( ) );
#4716 =( GEOMETRIC_REPRESENTATION_CONTEXT ( 3 ) GLOBAL_UNCERTAINTY_ASSIGNED_CONTEXT ( ( #2519 ) ) GLOBAL_UNIT_ASSIGNED_CONTEXT ( ( #1242, #4931, #246 ) ) REPRESENTATION_CONTEXT ( 'NONE', 'WORKASPACE' ) );
#4717 = ORIENTED_EDGE ( 'NONE', *, *, #1530, .F. ) ;
#4718 = CARTESIAN_POINT ( 'NONE',  ( 0.0000000000000000000, 0.0000000000000000000, 0.8000000000000000444 ) ) ;
#4719 = EDGE_CURVE ( 'NONE', #3919, #893, #4562, .T. ) ;
#4720 = AXIS2_PLACEMENT_3D ( 'NONE', #2424, #1929, #4074 ) ;
#4721 = ORIENTED_EDGE ( 'NONE', *, *, #58, .T. ) ;
#4722 = EDGE_CURVE ( 'NONE', #985, #4037, #434, .T. ) ;
#4723 = EDGE_CURVE ( 'NONE', #4016, #6020, #4319, .T. ) ;
#4724 =( LENGTH_UNIT ( ) NAMED_UNIT ( * ) SI_UNIT ( .MILLI., .METRE. ) );
#4725 = LINE ( 'NONE', #2555, #4601 ) ;
#4726 =( GEOMETRIC_REPRESENTATION_CONTEXT ( 3 ) GLOBAL_UNCERTAINTY_ASSIGNED_CONTEXT ( ( #805 ) ) GLOBAL_UNIT_ASSIGNED_CONTEXT ( ( #2781, #5461, #5397 ) ) REPRESENTATION_CONTEXT ( 'NONE', 'WORKASPACE' ) );
#4727 = CARTESIAN_POINT ( 'NONE',  ( 2.500000000000001776, -2.099999999999999645, -0.2999999999999997113 ) ) ;
#4728 = DIRECTION ( 'NONE',  ( -0.0000000000000000000, -0.0000000000000000000, 1.000000000000000000 ) ) ;
#4729 =( GEOMETRIC_REPRESENTATION_CONTEXT ( 3 ) GLOBAL_UNCERTAINTY_ASSIGNED_CONTEXT ( ( #5583 ) ) GLOBAL_UNIT_ASSIGNED_CONTEXT ( ( #388, #1962, #6299 ) ) REPRESENTATION_CONTEXT ( 'NONE', 'WORKASPACE' ) );
#4730 = VECTOR ( 'NONE', #5168, 1000.000000000000114 ) ;
#4731 = EDGE_CURVE ( 'NONE', #4825, #209, #6781, .T. ) ;
#4732 = FILL_AREA_STYLE ('',( #5597 ) ) ;
#4733 = CARTESIAN_POINT ( 'NONE',  ( 2.400000000000001243, -2.099999999999999645, -0.5700000000000000622 ) ) ;
#4734 = SURFACE_SIDE_STYLE ('',( #6846 ) ) ;
#4735 = LINE ( 'NONE', #4802, #6743 ) ;
#4736 = FACE_OUTER_BOUND ( 'NONE', #3247, .T. ) ;
#4737 =( LENGTH_UNIT ( ) NAMED_UNIT ( * ) SI_UNIT ( .MILLI., .METRE. ) );
#4738 = VECTOR ( 'NONE', #3338, 1000.000000000000000 ) ;
#4739 = LINE ( 'NONE', #5360, #5744 ) ;
#4740 = CARTESIAN_POINT ( 'NONE',  ( -2.400000000000001243, 2.100000000000000089, -0.4699999999999998068 ) ) ;
#4741 = ORIENTED_EDGE ( 'NONE', *, *, #2877, .F. ) ;
#4742 = MECHANICAL_DESIGN_GEOMETRIC_PRESENTATION_REPRESENTATION (  '', ( #6840 ), #3756 ) ;
#4743 = LINE ( 'NONE', #3123, #1175 ) ;
#4744 = CARTESIAN_POINT ( 'NONE',  ( -1.296028625818474778, 0.8251250982098669029, 0.3000000000000000444 ) ) ;
#4745 = ORIENTED_EDGE ( 'NONE', *, *, #6665, .F. ) ;
#4746 = DIRECTION ( 'NONE',  ( 2.409338161078899674E-16, 1.000000000000000000, -0.0000000000000000000 ) ) ;
#4747 = DIRECTION ( 'NONE',  ( 0.0000000000000000000, 0.0000000000000000000, 1.000000000000000000 ) ) ;
#4748 =( LENGTH_UNIT ( ) NAMED_UNIT ( * ) SI_UNIT ( .MILLI., .METRE. ) );
#4749 = DIRECTION ( 'NONE',  ( -3.043374519257556424E-15, 0.0000000000000000000, 1.000000000000000000 ) ) ;
#4750 = ORIENTED_EDGE ( 'NONE', *, *, #4965, .T. ) ;
#4751 = CARTESIAN_POINT ( 'NONE',  ( -1.700000000000000622, 2.100000000000000089, -0.7699999999999999067 ) ) ;
#4752 = VERTEX_POINT ( 'NONE', #1631 ) ;
#4753 =( GEOMETRIC_REPRESENTATION_CONTEXT ( 3 ) GLOBAL_UNCERTAINTY_ASSIGNED_CONTEXT ( ( #6467 ) ) GLOBAL_UNIT_ASSIGNED_CONTEXT ( ( #62, #4331, #6380 ) ) REPRESENTATION_CONTEXT ( 'NONE', 'WORKASPACE' ) );
#4754 = VECTOR ( 'NONE', #3379, 1000.000000000000000 ) ;
#4755 = ORIENTED_EDGE ( 'NONE', *, *, #4249, .T. ) ;
#4756 = FACE_OUTER_BOUND ( 'NONE', #515, .T. ) ;
#4757 = CARTESIAN_POINT ( 'NONE',  ( -0.03316504619021998224, 2.110000814877110997, 0.3000000000000000444 ) ) ;
#4758 = VERTEX_POINT ( 'NONE', #2635 ) ;
#4759 = PRESENTATION_LAYER_ASSIGNMENT (  '', '', ( #6316 ) ) ;
#4760 = LINE ( 'NONE', #2584, #5331 ) ;
#4761 = EDGE_CURVE ( 'NONE', #757, #4459, #3233, .T. ) ;
#4762 = EDGE_CURVE ( 'NONE', #4985, #1257, #3769, .T. ) ;
#4763 = DIRECTION ( 'NONE',  ( -0.0000000000000000000, -0.0000000000000000000, -1.000000000000000000 ) ) ;
#4764 = STYLED_ITEM ( 'NONE', ( #5418 ), #3917 ) ;
#4765 = CARTESIAN_POINT ( 'NONE',  ( -1.680009069179262848, 2.430009069179262848, 0.4000000000000000222 ) ) ;
#4766 = PRESENTATION_LAYER_ASSIGNMENT (  '', '', ( #5986 ) ) ;
#4767 = VECTOR ( 'NONE', #4110, 1000.000000000000000 ) ;
#4768 = FACE_OUTER_BOUND ( 'NONE', #2083, .T. ) ;
#4769 = DIRECTION ( 'NONE',  ( 1.000000000000000000, 0.0000000000000000000, -0.0000000000000000000 ) ) ;
#4770 = FACE_OUTER_BOUND ( 'NONE', #3463, .T. ) ;
#4771 = DIRECTION ( 'NONE',  ( -0.05233595624294388321, 0.0000000000000000000, 0.9986295347545739443 ) ) ;
#4772 = FACE_OUTER_BOUND ( 'NONE', #598, .T. ) ;
#4773 = PRESENTATION_LAYER_ASSIGNMENT (  '', '', ( #561 ) ) ;
#4774 = FILL_AREA_STYLE ('',( #6851 ) ) ;
#4775 = STYLED_ITEM ( 'NONE', ( #2856 ), #6552 ) ;
#4776 = EDGE_CURVE ( 'NONE', #3322, #731, #6852, .T. ) ;
#4777 = PRESENTATION_STYLE_ASSIGNMENT (( #1593 ) ) ;
#4778 = VERTEX_POINT ( 'NONE', #6364 ) ;
#4779 = AXIS2_PLACEMENT_3D ( 'NONE', #6079, #803, #4379 ) ;
#4780 = DIRECTION ( 'NONE',  ( 1.000000000000000000, -0.0000000000000000000, -0.0000000000000000000 ) ) ;
#4781 = DIRECTION ( 'NONE',  ( -4.818676322157797375E-16, 1.000000000000000000, 0.0000000000000000000 ) ) ;
#4782 = ORIENTED_EDGE ( 'NONE', *, *, #5557, .F. ) ;
#4783 = LINE ( 'NONE', #584, #3305 ) ;
#4784 = CARTESIAN_POINT ( 'NONE',  ( -2.465004534589632978, 1.680009069179262848, 0.4000000000000000222 ) ) ;
#4785 = ORIENTED_EDGE ( 'NONE', *, *, #2055, .F. ) ;
#4786 = LINE ( 'NONE', #4252, #5212 ) ;
#4787 = LINE ( 'NONE', #2183, #5069 ) ;
#4788 = FILL_AREA_STYLE_COLOUR ( '', #2983 ) ;
#4789 = EDGE_LOOP ( 'NONE', ( #2535, #555, #6818, #6779 ) ) ;
#4790 = CARTESIAN_POINT ( 'NONE',  ( 0.2838201673205150710, 1.116322564166215559, 0.4500000000000000666 ) ) ;
#4791 = ORIENTED_EDGE ( 'NONE', *, *, #1108, .T. ) ;
#4792 = ORIENTED_EDGE ( 'NONE', *, *, #579, .F. ) ;
#4793 = CIRCLE ( 'NONE', #1773, 0.1000000000000000194 ) ;
#4794 = FACE_OUTER_BOUND ( 'NONE', #5626, .T. ) ;
#4795 = LINE ( 'NONE', #2657, #1385 ) ;
#4796 = VERTEX_POINT ( 'NONE', #5219 ) ;
#4797 = VECTOR ( 'NONE', #4702, 1000.000000000000000 ) ;
#4798 = DIRECTION ( 'NONE',  ( -1.000000000000000000, 0.0000000000000000000, 0.0000000000000000000 ) ) ;
#4799 = ORIENTED_EDGE ( 'NONE', *, *, #6800, .F. ) ;
#4800 =( NAMED_UNIT ( * ) SI_UNIT ( $, .STERADIAN. ) SOLID_ANGLE_UNIT ( ) );
#4801 = ADVANCED_FACE ( 'NONE', ( #3084 ), #1568, .F. ) ;
#4802 = CARTESIAN_POINT ( 'NONE',  ( -1.600000000000000311, -2.199999999999999734, -0.5699999999999999512 ) ) ;
#4803 =( NAMED_UNIT ( * ) PLANE_ANGLE_UNIT ( ) SI_UNIT ( $, .RADIAN. ) );
#4804 = EDGE_CURVE ( 'NONE', #4076, #4758, #2102, .T. ) ;
#4805 = ORIENTED_EDGE ( 'NONE', *, *, #1987, .T. ) ;
#4806 = EDGE_CURVE ( 'NONE', #5021, #5393, #610, .T. ) ;
#4807 = DIRECTION ( 'NONE',  ( 0.0000000000000000000, 1.000000000000000000, 0.0000000000000000000 ) ) ;
#4808 = VERTEX_POINT ( 'NONE', #504 ) ;
#4809 = ADVANCED_FACE ( 'NONE', ( #2599 ), #5328, .F. ) ;
#4810 = CARTESIAN_POINT ( 'NONE',  ( -1.700000000000000400, -2.099999999999999645, -0.7699999999999999067 ) ) ;
#4811 =( LENGTH_UNIT ( ) NAMED_UNIT ( * ) SI_UNIT ( .MILLI., .METRE. ) );
#4812 = CARTESIAN_POINT ( 'NONE',  ( 1.700000000000000400, -2.099999999999999645, -0.7699999999999999067 ) ) ;
#4813 = CARTESIAN_POINT ( 'NONE',  ( -0.5500000000000000444, 1.049999999999999822, -0.6999999999999999556 ) ) ;
#4814 = ORIENTED_EDGE ( 'NONE', *, *, #1927, .T. ) ;
#4815 = LINE ( 'NONE', #2760, #1602 ) ;
#4816 = ORIENTED_EDGE ( 'NONE', *, *, #1445, .T. ) ;
#4817 = EDGE_CURVE ( 'NONE', #191, #5345, #2067, .T. ) ;
#4818 = ORIENTED_EDGE ( 'NONE', *, *, #5305, .F. ) ;
#4819 = DIRECTION ( 'NONE',  ( 0.0000000000000000000, 0.0000000000000000000, 1.000000000000000000 ) ) ;
#4820 = PLANE ( 'NONE',  #6532 ) ;
#4821 = CARTESIAN_POINT ( 'NONE',  ( 1.700000000000000622, -1.199999999999999734, -0.7699999999999999067 ) ) ;
#4822 = ORIENTED_EDGE ( 'NONE', *, *, #391, .T. ) ;
#4823 = DIRECTION ( 'NONE',  ( 0.0000000000000000000, -1.000000000000000000, 0.0000000000000000000 ) ) ;
#4824 = CARTESIAN_POINT ( 'NONE',  ( -2.700000000000003286, -3.299999999999998490, -8.306732565912526210E-15 ) ) ;
#4825 = VERTEX_POINT ( 'NONE', #3704 ) ;
#4826 = MECHANICAL_DESIGN_GEOMETRIC_PRESENTATION_REPRESENTATION (  '', ( #3934 ), #4937 ) ;
#4827 = CIRCLE ( 'NONE', #1036, 0.1499999999999999667 ) ;
#4828 = CARTESIAN_POINT ( 'NONE',  ( 0.0000000000000000000, 0.0000000000000000000, -0.5699999999999999512 ) ) ;
#4829 = AXIS2_PLACEMENT_3D ( 'NONE', #904, #837, #225 ) ;
#4830 = PLANE ( 'NONE',  #2377 ) ;
#4831 = VECTOR ( 'NONE', #5040, 1000.000000000000000 ) ;
#4832 = DIRECTION ( 'NONE',  ( -0.0000000000000000000, -0.0000000000000000000, 1.000000000000000000 ) ) ;
#4833 = DIRECTION ( 'NONE',  ( 0.0000000000000000000, 1.000000000000000000, 0.0000000000000000000 ) ) ;
#4834 = MANIFOLD_SOLID_BREP ( '???????-????????5[3]', #6150 ) ;
#4835 = EDGE_LOOP ( 'NONE', ( #6684, #5956, #3599, #1783 ) ) ;
#4836 = LINE ( 'NONE', #82, #5274 ) ;
#4837 = LINE ( 'NONE', #4323, #4945 ) ;
#4838 = ORIENTED_EDGE ( 'NONE', *, *, #3409, .T. ) ;
#4839 = LINE ( 'NONE', #4325, #2627 ) ;
#4840 = MECHANICAL_DESIGN_GEOMETRIC_PRESENTATION_REPRESENTATION (  '', ( #4173 ), #5604 ) ;
#4841 = CARTESIAN_POINT ( 'NONE',  ( 2.700000000000001954, -3.299999999999998490, -0.4700000000000007505 ) ) ;
#4842 = CARTESIAN_POINT ( 'NONE',  ( -2.463314554501873310, 2.199999999999999289, -0.6999999999999999556 ) ) ;
#4843 = EDGE_CURVE ( 'NONE', #622, #3107, #5282, .T. ) ;
#4845 = SURFACE_STYLE_FILL_AREA ( #2221 ) ;
#4844 = SURFACE_SIDE_STYLE ('',( #1082 ) ) ;
#4846 = EDGE_CURVE ( 'NONE', #6388, #5021, #190, .T. ) ;
#4847 = EDGE_CURVE ( 'NONE', #3672, #6226, #5517, .T. ) ;
#4848 = ORIENTED_EDGE ( 'NONE', *, *, #2230, .T. ) ;
#4849 = CARTESIAN_POINT ( 'NONE',  ( 2.400000000000002132, 1.200000000000000622, -0.2999999999999993783 ) ) ;
#4850 = UNCERTAINTY_MEASURE_WITH_UNIT (LENGTH_MEASURE( 1.000000000000000082E-05 ), #5473, 'distance_accuracy_value', 'NONE');
#4851 = ORIENTED_EDGE ( 'NONE', *, *, #1313, .F. ) ;
#4852 =( NAMED_UNIT ( * ) SI_UNIT ( $, .STERADIAN. ) SOLID_ANGLE_UNIT ( ) );
#4853 = EDGE_LOOP ( 'NONE', ( #1585, #2483, #6425, #4942, #5016, #2706, #3685, #5930, #3820 ) ) ;
#4854 = DIRECTION ( 'NONE',  ( 1.000000000000000000, 0.0000000000000000000, 0.0000000000000000000 ) ) ;
#4855 = COLOUR_RGB ( '',0.8980392156862745390, 0.9215686274509803377, 0.9294117647058823817 ) ;
#4856 = PRESENTATION_STYLE_ASSIGNMENT (( #1956 ) ) ;
#4857 = ADVANCED_FACE ( 'NONE', ( #5915, #1245, #4967 ), #5391, .T. ) ;
#4858 = PRESENTATION_STYLE_ASSIGNMENT (( #5932 ) ) ;
#4859 = PRESENTATION_STYLE_ASSIGNMENT (( #4470 ) ) ;
#4860 = MECHANICAL_DESIGN_GEOMETRIC_PRESENTATION_REPRESENTATION (  '', ( #2502 ), #2840 ) ;
#4861 = UNCERTAINTY_MEASURE_WITH_UNIT (LENGTH_MEASURE( 1.000000000000000082E-05 ), #4372, 'distance_accuracy_value', 'NONE');
#4862 = PRESENTATION_STYLE_ASSIGNMENT (( #2733 ) ) ;
#4863 = VERTEX_POINT ( 'NONE', #869 ) ;
#4864 = DIRECTION ( 'NONE',  ( -1.000000000000000000, -0.0000000000000000000, -0.0000000000000000000 ) ) ;
#4865 = LINE ( 'NONE', #3654, #5524 ) ;
#4866 = MANIFOLD_SOLID_BREP ( '???????-????????4[4]', #3267 ) ;
#4867 =( GEOMETRIC_REPRESENTATION_CONTEXT ( 3 ) GLOBAL_UNCERTAINTY_ASSIGNED_CONTEXT ( ( #1171 ) ) GLOBAL_UNIT_ASSIGNED_CONTEXT ( ( #3093, #2427, #6236 ) ) REPRESENTATION_CONTEXT ( 'NONE', 'WORKASPACE' ) );
#4868 = STYLED_ITEM ( 'NONE', ( #5920 ), #2765 ) ;
#4869 = LINE ( 'NONE', #118, #4509 ) ;
#4870 = AXIS2_PLACEMENT_3D ( 'NONE', #5537, #3944, #3296 ) ;
#4871 = CARTESIAN_POINT ( 'NONE',  ( 2.470127565808668990, 2.100000000000000089, -0.5699999999999999512 ) ) ;
#4872 = CARTESIAN_POINT ( 'NONE',  ( -1.700000000000000622, -1.199999999999999734, -0.5699999999999999512 ) ) ;
#4873 = CARTESIAN_POINT ( 'NONE',  ( -1.700000000000000622, -1.199999999999999734, -0.7699999999999999067 ) ) ;
#4874 = STYLED_ITEM ( 'NONE', ( #1986 ), #3995 ) ;
#4875 = STYLED_ITEM ( 'NONE', ( #490 ), #3089 ) ;
#4876 = VERTEX_POINT ( 'NONE', #4063 ) ;
#4877 = COLOUR_RGB ( '',0.8980392156862745390, 0.9215686274509803377, 0.9294117647058823817 ) ;
#4878 = DIRECTION ( 'NONE',  ( 1.000000000000000000, 2.353123974012615482E-15, 0.0000000000000000000 ) ) ;
#4879 = ORIENTED_EDGE ( 'NONE', *, *, #1800, .F. ) ;
#4880 = COLOUR_RGB ( '',1.000000000000000000, 1.000000000000000000, 1.000000000000000000 ) ;
#4881 = DIRECTION ( 'NONE',  ( 1.000000000000000000, -0.0000000000000000000, -0.0000000000000000000 ) ) ;
#4882 = PRESENTATION_LAYER_ASSIGNMENT (  '', '', ( #4775 ) ) ;
#4883 = DIRECTION ( 'NONE',  ( -0.0000000000000000000, -0.0000000000000000000, -1.000000000000000000 ) ) ;
#4884 = LINE ( 'NONE', #135, #2053 ) ;
#4885 =( NAMED_UNIT ( * ) SI_UNIT ( $, .STERADIAN. ) SOLID_ANGLE_UNIT ( ) );
#4886 = SURFACE_SIDE_STYLE ('',( #5404 ) ) ;
#4887 = PRESENTATION_LAYER_ASSIGNMENT (  '', '', ( #6331 ) ) ;
#4888 = ORIENTED_EDGE ( 'NONE', *, *, #1348, .F. ) ;
#4889 = CARTESIAN_POINT ( 'NONE',  ( 2.700000000000001510, -2.099999999999999645, -0.4700000000000008060 ) ) ;
#4890 = ORIENTED_EDGE ( 'NONE', *, *, #5088, .T. ) ;
#4891 = DIRECTION ( 'NONE',  ( -1.000000000000000000, 0.0000000000000000000, 0.0000000000000000000 ) ) ;
#4892 = ORIENTED_EDGE ( 'NONE', *, *, #196, .F. ) ;
#4893 = EDGE_CURVE ( 'NONE', #4076, #3381, #1958, .T. ) ;
#4894 = FILL_AREA_STYLE ('',( #1651 ) ) ;
#4895 = EDGE_CURVE ( 'NONE', #6601, #6268, #2979, .T. ) ;
#4896 = SURFACE_STYLE_FILL_AREA ( #6493 ) ;
#4897 = FACE_OUTER_BOUND ( 'NONE', #944, .T. ) ;
#4898 = CARTESIAN_POINT ( 'NONE',  ( 0.2838201673205150710, 1.116322564166215559, 0.3500000000000000333 ) ) ;
#4899 = ORIENTED_EDGE ( 'NONE', *, *, #438, .F. ) ;
#4900 = EDGE_CURVE ( 'NONE', #2850, #4112, #6352, .T. ) ;
#4901 = PRESENTATION_STYLE_ASSIGNMENT (( #4013 ) ) ;
#4902 = DIRECTION ( 'NONE',  ( 0.0000000000000000000, -1.000000000000000000, 0.0000000000000000000 ) ) ;
#4903 = SURFACE_STYLE_USAGE ( .BOTH. , #3399 ) ;
#4904 = PRESENTATION_LAYER_ASSIGNMENT (  '', '', ( #4008 ) ) ;
#4905 = FACE_OUTER_BOUND ( 'NONE', #1369, .T. ) ;
#4906 = CARTESIAN_POINT ( 'NONE',  ( 0.0000000000000000000, -1.199999999999999734, -0.5699999999999999512 ) ) ;
#4907 = LINE ( 'NONE', #121, #1085 ) ;
#4908 = VECTOR ( 'NONE', #6341, 1000.000000000000000 ) ;
#4910 = DIRECTION ( 'NONE',  ( 1.000000000000000000, 4.818676322157797375E-16, -3.047392128993071134E-15 ) ) ;
#4909 = LINE ( 'NONE', #2833, #5203 ) ;
#4911 = ORIENTED_EDGE ( 'NONE', *, *, #6342, .T. ) ;
#4912 = VERTEX_POINT ( 'NONE', #5661 ) ;
#4913 = DIRECTION ( 'NONE',  ( -0.0000000000000000000, -1.000000000000000000, -0.0000000000000000000 ) ) ;
#4914 = CARTESIAN_POINT ( 'NONE',  ( -0.5500000000000000444, 0.0000000000000000000, -0.6999999999999999556 ) ) ;
#4915 = ORIENTED_EDGE ( 'NONE', *, *, #4646, .F. ) ;
#4916 = CARTESIAN_POINT ( 'NONE',  ( -2.400000000000002132, -1.199999999999999734, -0.2999999999999993783 ) ) ;
#4917 = EDGE_LOOP ( 'NONE', ( #2694, #976, #3885, #2187 ) ) ;
#4918 = LINE ( 'NONE', #5535, #2506 ) ;
#4919 = ORIENTED_EDGE ( 'NONE', *, *, #3839, .F. ) ;
#4920 = DIRECTION ( 'NONE',  ( 0.0000000000000000000, -1.000000000000000000, 0.0000000000000000000 ) ) ;
#4921 = CARTESIAN_POINT ( 'NONE',  ( -2.500000000000001776, 2.100000000000000089, -0.2999999999999997113 ) ) ;
#4922 = DIRECTION ( 'NONE',  ( 0.0000000000000000000, -0.0000000000000000000, -1.000000000000000000 ) ) ;
#4923 = CARTESIAN_POINT ( 'NONE',  ( 0.5500000000000000444, -1.049999999999999822, -0.5699999999999999512 ) ) ;
#4924 = UNCERTAINTY_MEASURE_WITH_UNIT (LENGTH_MEASURE( 1.000000000000000082E-05 ), #1408, 'distance_accuracy_value', 'NONE');
#4925 = VERTEX_POINT ( 'NONE', #3587 ) ;
#4926 = PLANE ( 'NONE',  #3080 ) ;
#4927 = ADVANCED_FACE ( 'NONE', ( #2414, #4478, #6597, #5552 ), #6122, .F. ) ;
#4928 = CARTESIAN_POINT ( 'NONE',  ( -0.5500000000000001554, 2.254834989607331863, -0.5699999999999999512 ) ) ;
#4929 = EDGE_CURVE ( 'NONE', #3237, #1943, #3145, .T. ) ;
#4930 = EDGE_CURVE ( 'NONE', #5056, #6020, #3728, .T. ) ;
#4931 =( NAMED_UNIT ( * ) PLANE_ANGLE_UNIT ( ) SI_UNIT ( $, .RADIAN. ) );
#4932 = STYLED_ITEM ( 'NONE', ( #5549 ), #1013 ) ;
#4933 = MECHANICAL_DESIGN_GEOMETRIC_PRESENTATION_REPRESENTATION (  '', ( #4048 ), #1914 ) ;
#4934 = DIRECTION ( 'NONE',  ( 0.05233595624294388321, -0.0000000000000000000, -0.9986295347545739443 ) ) ;
#4935 = DIRECTION ( 'NONE',  ( 0.0000000000000000000, -0.0000000000000000000, -1.000000000000000000 ) ) ;
#4936 = ADVANCED_FACE ( 'NONE', ( #1028 ), #2093, .F. ) ;
#4937 =( GEOMETRIC_REPRESENTATION_CONTEXT ( 3 ) GLOBAL_UNCERTAINTY_ASSIGNED_CONTEXT ( ( #2449 ) ) GLOBAL_UNIT_ASSIGNED_CONTEXT ( ( #2425, #4565, #4488 ) ) REPRESENTATION_CONTEXT ( 'NONE', 'WORKASPACE' ) );
#4938 = VECTOR ( 'NONE', #6167, 1000.000000000000000 ) ;
#4939 = ORIENTED_EDGE ( 'NONE', *, *, #3266, .F. ) ;
#4940 = DIRECTION ( 'NONE',  ( -0.0000000000000000000, 1.000000000000000000, -0.0000000000000000000 ) ) ;
#4941 = CARTESIAN_POINT ( 'NONE',  ( 2.499117102666011725, -2.099999999999999645, -0.01684668471109857651 ) ) ;
#4942 = ORIENTED_EDGE ( 'NONE', *, *, #1309, .T. ) ;
#4943 = PRESENTATION_STYLE_ASSIGNMENT (( #2277 ) ) ;
#4944 = SURFACE_STYLE_FILL_AREA ( #2339 ) ;
#4945 = VECTOR ( 'NONE', #1673, 1000.000000000000000 ) ;
#4946 = CARTESIAN_POINT ( 'NONE',  ( -1.700000000000000400, 1.200000000000000622, -0.7699999999999999067 ) ) ;
#4947 = MECHANICAL_DESIGN_GEOMETRIC_PRESENTATION_REPRESENTATION (  '', ( #6506 ), #6172 ) ;
#4948 = ORIENTED_EDGE ( 'NONE', *, *, #1659, .T. ) ;
#4949 = DIRECTION ( 'NONE',  ( -1.000000000000000000, 0.0000000000000000000, 0.0000000000000000000 ) ) ;
#4950 = VERTEX_POINT ( 'NONE', #6359 ) ;
#4951 = DIRECTION ( 'NONE',  ( 0.0000000000000000000, 0.0000000000000000000, 1.000000000000000000 ) ) ;
#4952 = CIRCLE ( 'NONE', #5838, 0.1000000000000000194 ) ;
#4953 = FILL_AREA_STYLE ('',( #2822 ) ) ;
#4954 =( NAMED_UNIT ( * ) SI_UNIT ( $, .STERADIAN. ) SOLID_ANGLE_UNIT ( ) );
#4955 = MECHANICAL_DESIGN_GEOMETRIC_PRESENTATION_REPRESENTATION (  '', ( #304 ), #3515 ) ;
#4956 = AXIS2_PLACEMENT_3D ( 'NONE', #4718, #2089, #6385 ) ;
#4957 = ORIENTED_EDGE ( 'NONE', *, *, #4590, .F. ) ;
#4958 = SURFACE_STYLE_USAGE ( .BOTH. , #4404 ) ;
#4959 = STYLED_ITEM ( 'NONE', ( #5974 ), #2404 ) ;
#4960 =( NAMED_UNIT ( * ) PLANE_ANGLE_UNIT ( ) SI_UNIT ( $, .RADIAN. ) );
#4961 = AXIS2_PLACEMENT_3D ( 'NONE', #6098, #2346, #4949 ) ;
#4962 = STYLED_ITEM ( 'NONE', ( #3703 ), #5659 ) ;
#4964 = CARTESIAN_POINT ( 'NONE',  ( 0.5500000000000000444, -1.049999999999999822, -0.5699999999999999512 ) ) ;
#4963 = CARTESIAN_POINT ( 'NONE',  ( 1.700000000000000400, 1.200000000000000622, -0.5699999999999999512 ) ) ;
#4965 = EDGE_CURVE ( 'NONE', #5223, #5056, #5312, .T. ) ;
#4966 = EDGE_CURVE ( 'NONE', #5565, #2651, #6296, .T. ) ;
#4967 = FACE_BOUND ( 'NONE', #5681, .T. ) ;
#4968 = AXIS2_PLACEMENT_3D ( 'NONE', #4455, #2308, #747 ) ;
#4969 = STYLED_ITEM ( 'NONE', ( #5579 ), #5907 ) ;
#4970 = VERTEX_POINT ( 'NONE', #2515 ) ;
#4971 = UNCERTAINTY_MEASURE_WITH_UNIT (LENGTH_MEASURE( 1.000000000000000082E-05 ), #1170, 'distance_accuracy_value', 'NONE');
#4972 = CARTESIAN_POINT ( 'NONE',  ( 1.412305442492822971, -0.6860159872360371835, 0.3000000000000000444 ) ) ;
#4973 = PRESENTATION_STYLE_ASSIGNMENT (( #1892 ) ) ;
#4974 = ORIENTED_EDGE ( 'NONE', *, *, #1730, .T. ) ;
#4975 = FILL_AREA_STYLE_COLOUR ( '', #2298 ) ;
#4976 = AXIS2_PLACEMENT_3D ( 'NONE', #5618, #1457, #5103 ) ;
#4977 = VECTOR ( 'NONE', #5877, 1000.000000000000000 ) ;
#4978 = EDGE_CURVE ( 'NONE', #6869, #1932, #3764, .T. ) ;
#4979 = CARTESIAN_POINT ( 'NONE',  ( 0.3603187164337327553, 0.9751250982098667031, 0.3500000000000000333 ) ) ;
#4980 = PRESENTATION_LAYER_ASSIGNMENT (  '', '', ( #2524 ) ) ;
#4981 = AXIS2_PLACEMENT_3D ( 'NONE', #3914, #5083, #1779 ) ;
#4982 = FACE_OUTER_BOUND ( 'NONE', #6662, .T. ) ;
#4983 = VECTOR ( 'NONE', #2253, 1000.000000000000000 ) ;
#4984 = SURFACE_SIDE_STYLE ('',( #1776 ) ) ;
#4985 = VERTEX_POINT ( 'NONE', #6776 ) ;
#4986 = CYLINDRICAL_SURFACE ( 'NONE', #1837, 0.1000000000000000194 ) ;
#4987 = ORIENTED_EDGE ( 'NONE', *, *, #114, .T. ) ;
#4988 = FILL_AREA_STYLE ('',( #5471 ) ) ;
#4989 = VECTOR ( 'NONE', #1333, 1000.000000000000000 ) ;
#4990 = AXIS2_PLACEMENT_3D ( 'NONE', #5807, #3777, #1121 ) ;
#4991 =( NAMED_UNIT ( * ) SI_UNIT ( $, .STERADIAN. ) SOLID_ANGLE_UNIT ( ) );
#4992 = ORIENTED_EDGE ( 'NONE', *, *, #1702, .T. ) ;
#4993 = DIRECTION ( 'NONE',  ( 1.000000000000000000, 2.710505431213759113E-16, 0.0000000000000000000 ) ) ;
#4994 = AXIS2_PLACEMENT_3D ( 'NONE', #6328, #3692, #1620 ) ;
#4995 =( NAMED_UNIT ( * ) SI_UNIT ( $, .STERADIAN. ) SOLID_ANGLE_UNIT ( ) );
#4996 = ORIENTED_EDGE ( 'NONE', *, *, #813, .F. ) ;
#4997 = DIRECTION ( 'NONE',  ( 1.000000000000000000, 0.0000000000000000000, 0.0000000000000000000 ) ) ;
#4998 = SURFACE_STYLE_USAGE ( .BOTH. , #3925 ) ;
#4999 = FACE_OUTER_BOUND ( 'NONE', #6012, .T. ) ;
#5000 = DIRECTION ( 'NONE',  ( 1.000000000000000000, 4.818676322157797375E-16, -3.047392128993071134E-15 ) ) ;
#5001 = MECHANICAL_DESIGN_GEOMETRIC_PRESENTATION_REPRESENTATION (  '', ( #2313 ), #2994 ) ;
#5002 =( LENGTH_UNIT ( ) NAMED_UNIT ( * ) SI_UNIT ( .MILLI., .METRE. ) );
#5003 = CARTESIAN_POINT ( 'NONE',  ( 0.0000000000000000000, -2.099999999999999645, -0.5699999999999999512 ) ) ;
#5004 = VERTEX_POINT ( 'NONE', #1995 ) ;
#5005 =( GEOMETRIC_REPRESENTATION_CONTEXT ( 3 ) GLOBAL_UNCERTAINTY_ASSIGNED_CONTEXT ( ( #6843 ) ) GLOBAL_UNIT_ASSIGNED_CONTEXT ( ( #1819, #2934, #3961 ) ) REPRESENTATION_CONTEXT ( 'NONE', 'WORKASPACE' ) );
#5006 = SURFACE_SIDE_STYLE ('',( #6639 ) ) ;
#5007 = ORIENTED_EDGE ( 'NONE', *, *, #1735, .T. ) ;
#5008 = DIRECTION ( 'NONE',  ( -0.0000000000000000000, -0.0000000000000000000, -1.000000000000000000 ) ) ;
#5009 = FACE_OUTER_BOUND ( 'NONE', #4706, .T. ) ;
#5010 = ORIENTED_EDGE ( 'NONE', *, *, #2397, .F. ) ;
#5011 = ADVANCED_FACE ( 'NONE', ( #5871 ), #5764, .T. ) ;
#5012 = EDGE_CURVE ( 'NONE', #142, #893, #2559, .T. ) ;
#5013 = FILL_AREA_STYLE_COLOUR ( '', #943 ) ;
#5014 = CARTESIAN_POINT ( 'NONE',  ( -2.430009069179262848, 1.680009069179262848, 0.4000000000000000222 ) ) ;
#5015 = VERTEX_POINT ( 'NONE', #2022 ) ;
#5016 = ORIENTED_EDGE ( 'NONE', *, *, #2888, .T. ) ;
#5017 = SURFACE_STYLE_USAGE ( .BOTH. , #238 ) ;
#5018 = CARTESIAN_POINT ( 'NONE',  ( 2.470127565808668990, 1.200000000000000622, -0.5699999999999999512 ) ) ;
#5019 = SURFACE_STYLE_USAGE ( .BOTH. , #1167 ) ;
#5020 = SURFACE_SIDE_STYLE ('',( #1260 ) ) ;
#5021 = VERTEX_POINT ( 'NONE', #181 ) ;
#5022 = LINE ( 'NONE', #3573, #5705 ) ;
#5023 = ORIENTED_EDGE ( 'NONE', *, *, #2018, .T. ) ;
#5024 = VERTEX_POINT ( 'NONE', #2799 ) ;
#5025 = CARTESIAN_POINT ( 'NONE',  ( -1.700000000000000622, -1.199999999999999734, -0.5699999999999999512 ) ) ;
#5026 = CARTESIAN_POINT ( 'NONE',  ( 0.4838201673205150821, 0.2046747618464905827, 0.4500000000000000666 ) ) ;
#5027 = DIRECTION ( 'NONE',  ( -1.000000000000000000, 0.0000000000000000000, 0.0000000000000000000 ) ) ;
#5028 = CARTESIAN_POINT ( 'NONE',  ( 1.600000000000000533, 2.200000000000000178, -0.6999999999999999556 ) ) ;
#5029 = ORIENTED_EDGE ( 'NONE', *, *, #2150, .T. ) ;
#5030 = AXIS2_PLACEMENT_3D ( 'NONE', #3957, #5511, #767 ) ;
#5031 = UNCERTAINTY_MEASURE_WITH_UNIT (LENGTH_MEASURE( 1.000000000000000082E-05 ), #5109, 'distance_accuracy_value', 'NONE');
#5032 = STYLED_ITEM ( 'NONE', ( #4859 ), #120 ) ;
#5033 = ORIENTED_EDGE ( 'NONE', *, *, #258, .F. ) ;
#5034 = DIRECTION ( 'NONE',  ( 1.000000000000000000, -1.522241498270670007E-16, 0.0000000000000000000 ) ) ;
#5035 = DIRECTION ( 'NONE',  ( 0.0000000000000000000, 0.0000000000000000000, 1.000000000000000000 ) ) ;
#5036 = COLOUR_RGB ( '',0.8980392156862745390, 0.9215686274509803377, 0.9294117647058823817 ) ;
#5037 = DIRECTION ( 'NONE',  ( -1.000000000000000000, 0.0000000000000000000, 0.0000000000000000000 ) ) ;
#5038 = MECHANICAL_DESIGN_GEOMETRIC_PRESENTATION_REPRESENTATION (  '', ( #1169 ), #2147 ) ;
#5039 = VERTEX_POINT ( 'NONE', #2261 ) ;
#5040 = DIRECTION ( 'NONE',  ( 0.0000000000000000000, 0.0000000000000000000, -1.000000000000000000 ) ) ;
#5041 = FILL_AREA_STYLE ('',( #1392 ) ) ;
#5042 = VERTEX_POINT ( 'NONE', #5940 ) ;
#5043 = PLANE ( 'NONE',  #1949 ) ;
#5044 = PRESENTATION_LAYER_ASSIGNMENT (  '', '', ( #6599 ) ) ;
#5045 = ORIENTED_EDGE ( 'NONE', *, *, #2795, .F. ) ;
#5046 = PLANE ( 'NONE',  #1416 ) ;
#5047 = DIRECTION ( 'NONE',  ( 7.228014483236695175E-15, 0.0000000000000000000, 1.000000000000000000 ) ) ;
#5048 = EDGE_CURVE ( 'NONE', #4970, #2470, #6569, .T. ) ;
#5049 = EDGE_CURVE ( 'NONE', #5486, #3455, #712, .T. ) ;
#5050 = VECTOR ( 'NONE', #829, 1000.000000000000000 ) ;
#5051 = DIRECTION ( 'NONE',  ( 0.0000000000000000000, -1.000000000000000000, -0.0000000000000000000 ) ) ;
#5052 = VECTOR ( 'NONE', #1765, 1000.000000000000114 ) ;
#5053 = ORIENTED_EDGE ( 'NONE', *, *, #4370, .F. ) ;
#5054 = CARTESIAN_POINT ( 'NONE',  ( 2.500000000000002220, 2.430009069179262848, 0.8000000000000000444 ) ) ;
#5055 = UNCERTAINTY_MEASURE_WITH_UNIT (LENGTH_MEASURE( 1.000000000000000082E-05 ), #4154, 'distance_accuracy_value', 'NONE');
#5056 = VERTEX_POINT ( 'NONE', #1268 ) ;
#5057 = ORIENTED_EDGE ( 'NONE', *, *, #6153, .T. ) ;
#5058 = SURFACE_STYLE_FILL_AREA ( #1883 ) ;
#5059 = PRESENTATION_LAYER_ASSIGNMENT (  '', '', ( #5400 ) ) ;
#5060 = DIRECTION ( 'NONE',  ( -1.000000000000000000, 4.818676322157797375E-16, 0.0000000000000000000 ) ) ;
#5061 = EDGE_CURVE ( 'NONE', #1051, #985, #5454, .T. ) ;
#5062 = CARTESIAN_POINT ( 'NONE',  ( 1.930905544980987543, -2.056952929731181268, 0.3500000000000000333 ) ) ;
#5064 =( LENGTH_UNIT ( ) NAMED_UNIT ( * ) SI_UNIT ( .MILLI., .METRE. ) );
#5063 = SURFACE_STYLE_USAGE ( .BOTH. , #2932 ) ;
#5065 = VECTOR ( 'NONE', #1264, 1000.000000000000000 ) ;
#5066 = VECTOR ( 'NONE', #6802, 1000.000000000000114 ) ;
#5067 = ORIENTED_EDGE ( 'NONE', *, *, #4172, .F. ) ;
#5068 = MECHANICAL_DESIGN_GEOMETRIC_PRESENTATION_REPRESENTATION (  '', ( #6191 ), #6630 ) ;
#5069 = VECTOR ( 'NONE', #2115, 1000.000000000000000 ) ;
#5070 = FILL_AREA_STYLE_COLOUR ( '', #4276 ) ;
#5071 = ORIENTED_EDGE ( 'NONE', *, *, #1613, .F. ) ;
#5072 = DIRECTION ( 'NONE',  ( 0.0000000000000000000, 1.000000000000000000, 0.0000000000000000000 ) ) ;
#5073 = VECTOR ( 'NONE', #1004, 1000.000000000000000 ) ;
#5074 = VERTEX_POINT ( 'NONE', #1759 ) ;
#5075 = CARTESIAN_POINT ( 'NONE',  ( -0.03316504619021998224, -0.6832195235787661414, 0.3500000000000000333 ) ) ;
#5076 =( NAMED_UNIT ( * ) SI_UNIT ( $, .STERADIAN. ) SOLID_ANGLE_UNIT ( ) );
#5077 = SURFACE_STYLE_FILL_AREA ( #5041 ) ;
#5078 = ORIENTED_EDGE ( 'NONE', *, *, #2880, .F. ) ;
#5079 = MECHANICAL_DESIGN_GEOMETRIC_PRESENTATION_REPRESENTATION (  '', ( #6321 ), #2643 ) ;
#5080 = CARTESIAN_POINT ( 'NONE',  ( 0.4838201673205150821, 1.116322564166215559, 0.4500000000000000666 ) ) ;
#5081 = VECTOR ( 'NONE', #5417, 1000.000000000000000 ) ;
#5082 = VERTEX_POINT ( 'NONE', #6037 ) ;
#5083 = DIRECTION ( 'NONE',  ( -0.0000000000000000000, 0.0000000000000000000, -1.000000000000000000 ) ) ;
#5084 = CARTESIAN_POINT ( 'NONE',  ( 2.700000000000000622, -1.199999999999999734, -0.5700000000000006173 ) ) ;
#5085 = STYLED_ITEM ( 'NONE', ( #2349 ), #3232 ) ;
#5086 = COLOUR_RGB ( '',1.000000000000000000, 1.000000000000000000, 1.000000000000000000 ) ;
#5087 = ORIENTED_EDGE ( 'NONE', *, *, #5506, .T. ) ;
#5088 = EDGE_CURVE ( 'NONE', #3748, #3953, #1177, .T. ) ;
#5089 = ORIENTED_EDGE ( 'NONE', *, *, #3875, .T. ) ;
#5090 = EDGE_CURVE ( 'NONE', #4534, #4912, #6523, .T. ) ;
#5091 = ORIENTED_EDGE ( 'NONE', *, *, #3287, .T. ) ;
#5092 = VECTOR ( 'NONE', #6825, 1000.000000000000000 ) ;
#5093 = DIRECTION ( 'NONE',  ( -3.043374519257556424E-15, 0.0000000000000000000, -1.000000000000000000 ) ) ;
#5094 = AXIS2_PLACEMENT_3D ( 'NONE', #239, #5472, #727 ) ;
#5095 = EDGE_CURVE ( 'NONE', #1276, #6785, #4343, .T. ) ;
#5096 = CARTESIAN_POINT ( 'NONE',  ( -2.400000000000001243, -2.099999999999999645, -0.4699999999999998068 ) ) ;
#5097 = VECTOR ( 'NONE', #6408, 1000.000000000000000 ) ;
#5098 = AXIS2_PLACEMENT_3D ( 'NONE', #1069, #5322, #3700 ) ;
#5099 = ADVANCED_FACE ( 'NONE', ( #3863 ), #2234, .T. ) ;
#5100 = EDGE_CURVE ( 'NONE', #5263, #2814, #4445, .T. ) ;
#5101 = FACE_OUTER_BOUND ( 'NONE', #2724, .T. ) ;
#5102 = CARTESIAN_POINT ( 'NONE',  ( -1.296028625818474778, -0.8787392438591723476, 0.3500000000000000333 ) ) ;
#5103 = DIRECTION ( 'NONE',  ( 0.0000000000000000000, 0.0000000000000000000, 1.000000000000000000 ) ) ;
#5104 = SURFACE_SIDE_STYLE ('',( #3993 ) ) ;
#5105 = SURFACE_STYLE_FILL_AREA ( #3555 ) ;
#5106 = ADVANCED_FACE ( 'NONE', ( #2166 ), #4309, .F. ) ;
#5107 = UNCERTAINTY_MEASURE_WITH_UNIT (LENGTH_MEASURE( 1.000000000000000082E-05 ), #6834, 'distance_accuracy_value', 'NONE');
#5108 = SURFACE_STYLE_FILL_AREA ( #2981 ) ;
#5109 =( LENGTH_UNIT ( ) NAMED_UNIT ( * ) SI_UNIT ( .MILLI., .METRE. ) );
#5110 = ORIENTED_EDGE ( 'NONE', *, *, #4376, .F. ) ;
#5111 = FILL_AREA_STYLE_COLOUR ( '', #759 ) ;
#5112 = DIRECTION ( 'NONE',  ( -0.0000000000000000000, -1.000000000000000000, -0.0000000000000000000 ) ) ;
#5113 = VECTOR ( 'NONE', #3656, 1000.000000000000000 ) ;
#5114 = ORIENTED_EDGE ( 'NONE', *, *, #5061, .F. ) ;
#5115 = CARTESIAN_POINT ( 'NONE',  ( 0.4838201673205150821, -0.4871897488101240015, 0.3500000000000000333 ) ) ;
#5116 = CARTESIAN_POINT ( 'NONE',  ( -2.500000000000001776, 2.100000000000000089, -0.2999999999999997113 ) ) ;
#5117 = ORIENTED_EDGE ( 'NONE', *, *, #1659, .F. ) ;
#5118 = LINE ( 'NONE', #5080, #2956 ) ;
#5119 = ORIENTED_EDGE ( 'NONE', *, *, #6207, .T. ) ;
#5120 =( NAMED_UNIT ( * ) SI_UNIT ( $, .STERADIAN. ) SOLID_ANGLE_UNIT ( ) );
#5121 = PLANE ( 'NONE',  #3315 ) ;
#5122 = STYLED_ITEM ( 'NONE', ( #2745 ), #4834 ) ;
#5123 = LINE ( 'NONE', #1782, #6325 ) ;
#5124 = ORIENTED_EDGE ( 'NONE', *, *, #2110, .T. ) ;
#5125 = DIRECTION ( 'NONE',  ( 0.0000000000000000000, 0.0000000000000000000, -1.000000000000000000 ) ) ;
#5126 = UNCERTAINTY_MEASURE_WITH_UNIT (LENGTH_MEASURE( 1.000000000000000082E-05 ), #4185, 'distance_accuracy_value', 'NONE');
#5127 = ORIENTED_EDGE ( 'NONE', *, *, #5449, .F. ) ;
#5128 = ORIENTED_EDGE ( 'NONE', *, *, #4682, .T. ) ;
#5129 = CARTESIAN_POINT ( 'NONE',  ( 2.700000000000002842, -2.099999999999999645, -6.982962677686266711E-16 ) ) ;
#5130 = FILL_AREA_STYLE ('',( #5576 ) ) ;
#5131 = PRESENTATION_STYLE_ASSIGNMENT (( #5167 ) ) ;
#5132 =( NAMED_UNIT ( * ) SI_UNIT ( $, .STERADIAN. ) SOLID_ANGLE_UNIT ( ) );
#5133 = EDGE_CURVE ( 'NONE', #6343, #4421, #2900, .T. ) ;
#5135 = DIRECTION ( 'NONE',  ( -0.0000000000000000000, 0.0000000000000000000, 1.000000000000000000 ) ) ;
#5134 =( NAMED_UNIT ( * ) PLANE_ANGLE_UNIT ( ) SI_UNIT ( $, .RADIAN. ) );
#5136 = ADVANCED_FACE ( 'NONE', ( #4508 ), #3504, .T. ) ;
#5137 = EDGE_CURVE ( 'NONE', #4037, #2603, #3466, .T. ) ;
#5138 = DIRECTION ( 'NONE',  ( 0.9986295347545739443, 0.0000000000000000000, -0.05233595624294388321 ) ) ;
#5139 = CARTESIAN_POINT ( 'NONE',  ( -2.400000000000002132, -1.199999999999999734, -0.2999999999999993783 ) ) ;
#5140 = EDGE_LOOP ( 'NONE', ( #2501, #6270, #3363, #6349 ) ) ;
#5141 = CARTESIAN_POINT ( 'NONE',  ( -2.500000000000001776, -2.099999999999999645, -0.2999999999999997113 ) ) ;
#5142 = CYLINDRICAL_SURFACE ( 'NONE', #1411, 0.5500000000000000444 ) ;
#5143 = EDGE_CURVE ( 'NONE', #5004, #6571, #4624, .T. ) ;
#5144 = CARTESIAN_POINT ( 'NONE',  ( -1.700000000000000622, 2.100000000000000089, -0.5699999999999999512 ) ) ;
#5145 = VERTEX_POINT ( 'NONE', #3645 ) ;
#5146 = CARTESIAN_POINT ( 'NONE',  ( 1.930905544980987321, -0.8360159872360372058, 0.3500000000000000333 ) ) ;
#5147 = CARTESIAN_POINT ( 'NONE',  ( -2.430009069179263292, 1.680009069179261294, 0.8000000000000000444 ) ) ;
#5148 = EDGE_LOOP ( 'NONE', ( #298, #691, #3844, #6193 ) ) ;
#5149 = EDGE_LOOP ( 'NONE', ( #2905, #5529, #1829, #4385 ) ) ;
#5150 =( GEOMETRIC_REPRESENTATION_CONTEXT ( 3 ) GLOBAL_UNCERTAINTY_ASSIGNED_CONTEXT ( ( #2875 ) ) GLOBAL_UNIT_ASSIGNED_CONTEXT ( ( #5658, #1456, #5132 ) ) REPRESENTATION_CONTEXT ( 'NONE', 'WORKASPACE' ) );
#5151 = FACE_OUTER_BOUND ( 'NONE', #5408, .T. ) ;
#5152 = PRESENTATION_LAYER_ASSIGNMENT (  '', '', ( #5032 ) ) ;
#5153 = DIRECTION ( 'NONE',  ( 3.043374519257556424E-15, -0.0000000000000000000, -1.000000000000000000 ) ) ;
#5154 = PLANE ( 'NONE',  #3553 ) ;
#5155 = ORIENTED_EDGE ( 'NONE', *, *, #2447, .F. ) ;
#5156 = AXIS2_PLACEMENT_3D ( 'NONE', #1573, #2567, #4675 ) ;
#5157 = DIRECTION ( 'NONE',  ( -4.822120870246893339E-16, 1.000000000000000000, -0.0000000000000000000 ) ) ;
#5158 = CIRCLE ( 'NONE', #285, 0.3000000000000002665 ) ;
#5159 = ORIENTED_EDGE ( 'NONE', *, *, #4682, .F. ) ;
#5160 = DIRECTION ( 'NONE',  ( 0.0000000000000000000, 1.000000000000000000, 0.0000000000000000000 ) ) ;
#5161 = ORIENTED_EDGE ( 'NONE', *, *, #3994, .F. ) ;
#5162 = FILL_AREA_STYLE ('',( #6695 ) ) ;
#5163 = PRESENTATION_LAYER_ASSIGNMENT (  '', '', ( #834 ) ) ;
#5164 = VECTOR ( 'NONE', #542, 1000.000000000000000 ) ;
#5165 = DIRECTION ( 'NONE',  ( 0.0000000000000000000, -1.000000000000000000, -0.0000000000000000000 ) ) ;
#5166 = CIRCLE ( 'NONE', #3283, 0.1000000000000002554 ) ;
#5167 = SURFACE_STYLE_USAGE ( .BOTH. , #2618 ) ;
#5168 = DIRECTION ( 'NONE',  ( 0.05233595624294388321, -0.0000000000000000000, -0.9986295347545739443 ) ) ;
#5170 = CARTESIAN_POINT ( 'NONE',  ( -2.500000000000001332, 1.200000000000000400, -0.4700000000000001399 ) ) ;
#5169 =( LENGTH_UNIT ( ) NAMED_UNIT ( * ) SI_UNIT ( .MILLI., .METRE. ) );
#5171 = STYLED_ITEM ( 'NONE', ( #2987 ), #2149 ) ;
#5172 = DIRECTION ( 'NONE',  ( 1.971276677246371272E-16, 1.000000000000000000, -0.0000000000000000000 ) ) ;
#5173 = ADVANCED_FACE ( 'NONE', ( #5787 ), #991, .F. ) ;
#5174 = LINE ( 'NONE', #801, #6512 ) ;
#5175 = EDGE_LOOP ( 'NONE', ( #4480, #3824, #2489, #6726 ) ) ;
#5176 = EDGE_CURVE ( 'NONE', #838, #99, #1025, .T. ) ;
#5177 = FACE_OUTER_BOUND ( 'NONE', #5259, .T. ) ;
#5178 = CIRCLE ( 'NONE', #4180, 0.1499999999999999667 ) ;
#5179 = VECTOR ( 'NONE', #6394, 1000.000000000000000 ) ;
#5180 = CARTESIAN_POINT ( 'NONE',  ( 1.700000000000000622, 2.100000000000000089, -0.7699999999999999067 ) ) ;
#5181 = AXIS2_PLACEMENT_3D ( 'NONE', #1909, #4053, #4193 ) ;
#5182 = PRESENTATION_LAYER_ASSIGNMENT (  '', '', ( #3642 ) ) ;
#5183 = VERTEX_POINT ( 'NONE', #3722 ) ;
#5184 = LINE ( 'NONE', #1535, #1916 ) ;
#5185 = ORIENTED_EDGE ( 'NONE', *, *, #2667, .T. ) ;
#5186 = ADVANCED_FACE ( 'NONE', ( #2656 ), #4261, .T. ) ;
#5187 = CARTESIAN_POINT ( 'NONE',  ( -0.1831650461902210314, -0.5332195235787651200, 0.3000000000000000444 ) ) ;
#5188 = LINE ( 'NONE', #2496, #1855 ) ;
#5189 = VECTOR ( 'NONE', #1582, 1000.000000000000000 ) ;
#5190 = SURFACE_STYLE_USAGE ( .BOTH. , #3526 ) ;
#5191 = AXIS2_PLACEMENT_3D ( 'NONE', #6576, #1282, #785 ) ;
#5192 = PLANE ( 'NONE',  #565 ) ;
#5193 = DIRECTION ( 'NONE',  ( -0.0000000000000000000, -1.000000000000000000, -0.0000000000000000000 ) ) ;
#5194 = ORIENTED_EDGE ( 'NONE', *, *, #3895, .T. ) ;
#5195 =( GEOMETRIC_REPRESENTATION_CONTEXT ( 3 ) GLOBAL_UNCERTAINTY_ASSIGNED_CONTEXT ( ( #1493 ) ) GLOBAL_UNIT_ASSIGNED_CONTEXT ( ( #2941, #4109, #329 ) ) REPRESENTATION_CONTEXT ( 'NONE', 'WORKASPACE' ) );
#5196 =( NAMED_UNIT ( * ) PLANE_ANGLE_UNIT ( ) SI_UNIT ( $, .RADIAN. ) );
#5197 = MECHANICAL_DESIGN_GEOMETRIC_PRESENTATION_REPRESENTATION (  '', ( #3422 ), #1955 ) ;
#5198 = ORIENTED_EDGE ( 'NONE', *, *, #3266, .T. ) ;
#5199 = CARTESIAN_POINT ( 'NONE',  ( 0.2838201673205150710, -0.2871897488101240459, 0.4500000000000000666 ) ) ;
#5200 = EDGE_LOOP ( 'NONE', ( #6740, #1674, #3567, #4196, #5330, #2926, #132, #3727, #4353, #6837, #1365, #2461, #4899, #5966, #489, #2393, #2616, #3122, #5372, #337 ) ) ;
#5201 = PLANE ( 'NONE',  #3431 ) ;
#5202 = COLOUR_RGB ( '',1.000000000000000000, 1.000000000000000000, 1.000000000000000000 ) ;
#5203 = VECTOR ( 'NONE', #5456, 1000.000000000000000 ) ;
#5204 = CARTESIAN_POINT ( 'NONE',  ( 2.470127565808668990, 2.500000000000002220, -0.5699999999999999512 ) ) ;
#5205 = DIRECTION ( 'NONE',  ( -0.0000000000000000000, -1.000000000000000000, -0.0000000000000000000 ) ) ;
#5206 = EDGE_LOOP ( 'NONE', ( #6517, #754, #2661, #6177, #2899, #2177 ) ) ;
#5207 =( GEOMETRIC_REPRESENTATION_CONTEXT ( 3 ) GLOBAL_UNCERTAINTY_ASSIGNED_CONTEXT ( ( #824 ) ) GLOBAL_UNIT_ASSIGNED_CONTEXT ( ( #5939, #1695, #2865 ) ) REPRESENTATION_CONTEXT ( 'NONE', 'WORKASPACE' ) );
#5208 = MECHANICAL_DESIGN_GEOMETRIC_PRESENTATION_REPRESENTATION (  '', ( #1211 ), #6648 ) ;
#5209 = CARTESIAN_POINT ( 'NONE',  ( -2.400000000000002132, 1.200000000000000622, -0.2999999999999993783 ) ) ;
#5210 = PRESENTATION_LAYER_ASSIGNMENT (  '', '', ( #1092 ) ) ;
#5211 = FILL_AREA_STYLE ('',( #495 ) ) ;
#5212 = VECTOR ( 'NONE', #5848, 1000.000000000000000 ) ;
#5213 = FILL_AREA_STYLE_COLOUR ( '', #6286 ) ;
#5214 = FACE_OUTER_BOUND ( 'NONE', #6353, .T. ) ;
#5215 = MECHANICAL_DESIGN_GEOMETRIC_PRESENTATION_REPRESENTATION (  '', ( #1959 ), #1978 ) ;
#5216 = DIRECTION ( 'NONE',  ( -1.000000000000000000, 0.0000000000000000000, 0.0000000000000000000 ) ) ;
#5217 = DIRECTION ( 'NONE',  ( -0.0000000000000000000, -1.000000000000000000, -0.0000000000000000000 ) ) ;
#5218 = DIRECTION ( 'NONE',  ( -0.0000000000000000000, -1.000000000000000000, -0.0000000000000000000 ) ) ;
#5219 = CARTESIAN_POINT ( 'NONE',  ( 0.5500000000000000444, -1.049999999999999822, -0.6999999999999999556 ) ) ;
#5220 = EDGE_LOOP ( 'NONE', ( #1438, #3492, #4987, #2773 ) ) ;
#5221 = DIRECTION ( 'NONE',  ( 0.0000000000000000000, 0.0000000000000000000, 1.000000000000000000 ) ) ;
#5222 = FACE_OUTER_BOUND ( 'NONE', #3065, .T. ) ;
#5223 = VERTEX_POINT ( 'NONE', #6287 ) ;
#5224 = DIRECTION ( 'NONE',  ( 0.0000000000000000000, 1.000000000000000000, 0.0000000000000000000 ) ) ;
#5225 =( NAMED_UNIT ( * ) SI_UNIT ( $, .STERADIAN. ) SOLID_ANGLE_UNIT ( ) );
#5226 = ADVANCED_FACE ( 'NONE', ( #4756 ), #3105, .F. ) ;
#5227 = DIRECTION ( 'NONE',  ( -1.000000000000000000, 0.0000000000000000000, -0.0000000000000000000 ) ) ;
#5228 = EDGE_CURVE ( 'NONE', #1265, #3830, #2013, .T. ) ;
#5229 = FILL_AREA_STYLE ('',( #511 ) ) ;
#5230 = ORIENTED_EDGE ( 'NONE', *, *, #4337, .F. ) ;
#5231 = DIRECTION ( 'NONE',  ( 1.000000000000000000, 0.0000000000000000000, -0.0000000000000000000 ) ) ;
#5232 = ORIENTED_EDGE ( 'NONE', *, *, #4930, .T. ) ;
#5233 = CARTESIAN_POINT ( 'NONE',  ( -0.03316504619021998224, -0.1370056143358100720, 0.3500000000000000333 ) ) ;
#5234 = STYLED_ITEM ( 'NONE', ( #4027 ), #4857 ) ;
#5235 = ORIENTED_EDGE ( 'NONE', *, *, #1809, .F. ) ;
#5236 = EDGE_CURVE ( 'NONE', #4541, #2039, #5237, .T. ) ;
#5237 = LINE ( 'NONE', #6248, #2049 ) ;
#5238 = FILL_AREA_STYLE ('',( #1616 ) ) ;
#5239 = VERTEX_POINT ( 'NONE', #5757 ) ;
#5240 = SURFACE_STYLE_FILL_AREA ( #3691 ) ;
#5241 = DIRECTION ( 'NONE',  ( 0.0000000000000000000, 0.0000000000000000000, 1.000000000000000000 ) ) ;
#5242 = DIRECTION ( 'NONE',  ( -3.043374519257556424E-15, 0.0000000000000000000, -1.000000000000000000 ) ) ;
#5243 = DIRECTION ( 'NONE',  ( 0.0000000000000000000, 1.000000000000000000, 0.0000000000000000000 ) ) ;
#5244 = UNCERTAINTY_MEASURE_WITH_UNIT (LENGTH_MEASURE( 1.000000000000000082E-05 ), #6673, 'distance_accuracy_value', 'NONE');
#5245 = CYLINDRICAL_SURFACE ( 'NONE', #5280, 0.1499999999999999667 ) ;
#5246 = CARTESIAN_POINT ( 'NONE',  ( 0.2838201673205150710, 1.116322564166215559, 0.4500000000000000666 ) ) ;
#5247 =( NAMED_UNIT ( * ) PLANE_ANGLE_UNIT ( ) SI_UNIT ( $, .RADIAN. ) );
#5248 = DIRECTION ( 'NONE',  ( 0.0000000000000000000, 1.000000000000000000, 0.0000000000000000000 ) ) ;
#5249 = PLANE ( 'NONE',  #6536 ) ;
#5250 =( NAMED_UNIT ( * ) SI_UNIT ( $, .STERADIAN. ) SOLID_ANGLE_UNIT ( ) );
#5251 = VERTEX_POINT ( 'NONE', #6771 ) ;
#5252 = CARTESIAN_POINT ( 'NONE',  ( 2.700000000000001954, 1.301042606982606110E-15, -0.4700000000000007505 ) ) ;
#5253 = FILL_AREA_STYLE ('',( #3124 ) ) ;
#5254 =( LENGTH_UNIT ( ) NAMED_UNIT ( * ) SI_UNIT ( .MILLI., .METRE. ) );
#5255 = CARTESIAN_POINT ( 'NONE',  ( 0.5500000000000000444, -1.049999999999999822, -0.5699999999999999512 ) ) ;
#5256 = CARTESIAN_POINT ( 'NONE',  ( -2.500000000000001776, -2.099999999999999645, -0.2999999999999997113 ) ) ;
#5257 = ORIENTED_EDGE ( 'NONE', *, *, #670, .T. ) ;
#5258 =( LENGTH_UNIT ( ) NAMED_UNIT ( * ) SI_UNIT ( .MILLI., .METRE. ) );
#5259 = EDGE_LOOP ( 'NONE', ( #702, #6092, #1755, #413 ) ) ;
#5260 = DIRECTION ( 'NONE',  ( -1.000000000000000000, -0.0000000000000000000, -0.0000000000000000000 ) ) ;
#5261 = AXIS2_PLACEMENT_3D ( 'NONE', #926, #6254, #6806 ) ;
#5262 = COLOUR_RGB ( '',0.1019607843137254888, 0.1019607843137254888, 0.1019607843137254888 ) ;
#5263 = VERTEX_POINT ( 'NONE', #5302 ) ;
#5264 = ADVANCED_FACE ( 'NONE', ( #4794 ), #559, .F. ) ;
#5265 = EDGE_CURVE ( 'NONE', #6265, #5039, #2201, .T. ) ;
#5266 =( GEOMETRIC_REPRESENTATION_CONTEXT ( 3 ) GLOBAL_UNCERTAINTY_ASSIGNED_CONTEXT ( ( #1704 ) ) GLOBAL_UNIT_ASSIGNED_CONTEXT ( ( #6022, #4, #5790 ) ) REPRESENTATION_CONTEXT ( 'NONE', 'WORKASPACE' ) );
#5267 =( NAMED_UNIT ( * ) SI_UNIT ( $, .STERADIAN. ) SOLID_ANGLE_UNIT ( ) );
#5268 = VECTOR ( 'NONE', #5774, 1000.000000000000000 ) ;
#5269 = SURFACE_STYLE_FILL_AREA ( #5130 ) ;
#5270 = VERTEX_POINT ( 'NONE', #4439 ) ;
#5271 = CARTESIAN_POINT ( 'NONE',  ( 0.0000000000000000000, -1.199999999999999734, -0.5699999999999999512 ) ) ;
#5272 = EDGE_CURVE ( 'NONE', #1718, #6468, #1131, .T. ) ;
#5273 = VECTOR ( 'NONE', #4386, 1000.000000000000000 ) ;
#5274 = VECTOR ( 'NONE', #253, 1000.000000000000000 ) ;
#5275 = PLANE ( 'NONE',  #773 ) ;
#5276 = LINE ( 'NONE', #4765, #4119 ) ;
#5277 = SURFACE_SIDE_STYLE ('',( #3151 ) ) ;
#5278 = FILL_AREA_STYLE_COLOUR ( '', #3652 ) ;
#5279 = LINE ( 'NONE', #4139, #2636 ) ;
#5280 = AXIS2_PLACEMENT_3D ( 'NONE', #604, #2801, #6396 ) ;
#5281 = SURFACE_STYLE_USAGE ( .BOTH. , #3156 ) ;
#5282 = LINE ( 'NONE', #160, #1341 ) ;
#5283 = ORIENTED_EDGE ( 'NONE', *, *, #2150, .F. ) ;
#5284 = CARTESIAN_POINT ( 'NONE',  ( 0.4838201673205150821, 1.116322564166215559, 0.4500000000000000666 ) ) ;
#5285 = AXIS2_PLACEMENT_3D ( 'NONE', #1209, #2737, #2829 ) ;
#5286 = DIRECTION ( 'NONE',  ( 0.0000000000000000000, 0.0000000000000000000, -1.000000000000000000 ) ) ;
#5287 = EDGE_LOOP ( 'NONE', ( #3324, #891, #4454, #5487 ) ) ;
#5288 = DIRECTION ( 'NONE',  ( -1.000000000000000000, 4.818676322157797375E-16, -3.047392128993071134E-15 ) ) ;
#5289 = ORIENTED_EDGE ( 'NONE', *, *, #4590, .T. ) ;
#5290 = LINE ( 'NONE', #546, #3782 ) ;
#5291 = DIRECTION ( 'NONE',  ( -7.228014483236695175E-15, 0.0000000000000000000, 1.000000000000000000 ) ) ;
#5292 = DIRECTION ( 'NONE',  ( -0.0000000000000000000, -0.0000000000000000000, -1.000000000000000000 ) ) ;
#5293 = STYLED_ITEM ( 'NONE', ( #36 ), #2400 ) ;
#5294 = ORIENTED_EDGE ( 'NONE', *, *, #4846, .F. ) ;
#5295 = EDGE_LOOP ( 'NONE', ( #6687, #3352, #6728, #4340 ) ) ;
#5296 = MECHANICAL_DESIGN_GEOMETRIC_PRESENTATION_REPRESENTATION (  '', ( #425 ), #4753 ) ;
#5297 = PRESENTATION_STYLE_ASSIGNMENT (( #96 ) ) ;
#5298 = AXIS2_PLACEMENT_3D ( 'NONE', #4034, #3627, #6303 ) ;
#5299 = ORIENTED_EDGE ( 'NONE', *, *, #6375, .T. ) ;
#5300 = LINE ( 'NONE', #5820, #1539 ) ;
#5301 = STYLED_ITEM ( 'NONE', ( #3514 ), #2838 ) ;
#5302 = CARTESIAN_POINT ( 'NONE',  ( 1.700000000000000622, 2.100000000000000089, -0.7699999999999999067 ) ) ;
#5303 = VECTOR ( 'NONE', #1344, 1000.000000000000000 ) ;
#5304 = CARTESIAN_POINT ( 'NONE',  ( 2.400000000000001243, -2.099999999999999645, -0.4699999999999998068 ) ) ;
#5305 = EDGE_CURVE ( 'NONE', #5263, #5021, #2289, .T. ) ;
#5306 = LINE ( 'NONE', #1135, #830 ) ;
#5307 = EDGE_LOOP ( 'NONE', ( #1449, #366, #760, #1468 ) ) ;
#5308 =( GEOMETRIC_REPRESENTATION_CONTEXT ( 3 ) GLOBAL_UNCERTAINTY_ASSIGNED_CONTEXT ( ( #4924 ) ) GLOBAL_UNIT_ASSIGNED_CONTEXT ( ( #1408, #4022, #5546 ) ) REPRESENTATION_CONTEXT ( 'NONE', 'WORKASPACE' ) );
#5309 = MECHANICAL_DESIGN_GEOMETRIC_PRESENTATION_REPRESENTATION (  '', ( #4431 ), #6755 ) ;
#5310 = LINE ( 'NONE', #5791, #5885 ) ;
#5311 = EDGE_CURVE ( 'NONE', #3125, #2862, #1093, .T. ) ;
#5312 = LINE ( 'NONE', #4199, #1734 ) ;
#5313 = STYLED_ITEM ( 'NONE', ( #5505 ), #3912 ) ;
#5314 = ADVANCED_FACE ( 'NONE', ( #3857 ), #5970, .F. ) ;
#5315 = CARTESIAN_POINT ( 'NONE',  ( -2.400000000000001243, -1.199999999999999734, -0.5699999999999999512 ) ) ;
#5316 = STYLED_ITEM ( 'NONE', ( #1011 ), #3318 ) ;
#5317 = ADVANCED_FACE ( 'NONE', ( #2728 ), #4820, .T. ) ;
#5318 = PRESENTATION_LAYER_ASSIGNMENT (  '', '', ( #1086 ) ) ;
#5319 = CARTESIAN_POINT ( 'NONE',  ( 2.700000000000002842, -2.099999999999999645, -6.982962677686266711E-16 ) ) ;
#5320 = DIRECTION ( 'NONE',  ( -0.0000000000000000000, -0.0000000000000000000, -1.000000000000000000 ) ) ;
#5321 = LINE ( 'NONE', #78, #1421 ) ;
#5322 = DIRECTION ( 'NONE',  ( 0.0000000000000000000, 1.000000000000000000, 0.0000000000000000000 ) ) ;
#5324 = CARTESIAN_POINT ( 'NONE',  ( 0.5500000000000000444, -2.240667692902679420, -0.6999999999999999556 ) ) ;
#5323 = DIRECTION ( 'NONE',  ( 0.0000000000000000000, 1.000000000000000000, 0.0000000000000000000 ) ) ;
#5325 = AXIS2_PLACEMENT_3D ( 'NONE', #6138, #2894, #2323 ) ;
#5326 = CARTESIAN_POINT ( 'NONE',  ( -1.971607025033961236, 2.110000814877110997, 0.3500000000000000333 ) ) ;
#5327 = AXIS2_PLACEMENT_3D ( 'NONE', #3490, #6689, #5047 ) ;
#5328 = CYLINDRICAL_SURFACE ( 'NONE', #4572, 0.1000000000000002554 ) ;
#5329 = ADVANCED_FACE ( 'NONE', ( #6006 ), #5849, .T. ) ;
#5330 = ORIENTED_EDGE ( 'NONE', *, *, #5950, .F. ) ;
#5331 = VECTOR ( 'NONE', #5870, 1000.000000000000000 ) ;
#5332 =( NAMED_UNIT ( * ) PLANE_ANGLE_UNIT ( ) SI_UNIT ( $, .RADIAN. ) );
#5333 = ORIENTED_EDGE ( 'NONE', *, *, #3130, .F. ) ;
#5334 = DIRECTION ( 'NONE',  ( 1.000000000000000000, 0.0000000000000000000, -3.252606517456519613E-15 ) ) ;
#5335 = LINE ( 'NONE', #87, #5639 ) ;
#5336 = ORIENTED_EDGE ( 'NONE', *, *, #2767, .T. ) ;
#5337 = SURFACE_SIDE_STYLE ('',( #6452 ) ) ;
#5338 = CARTESIAN_POINT ( 'NONE',  ( 2.400000000000001243, 2.100000000000000089, -0.5699999999999999512 ) ) ;
#5339 = SURFACE_STYLE_FILL_AREA ( #1679 ) ;
#5340 = DIRECTION ( 'NONE',  ( 2.710505431213759113E-16, 1.000000000000000000, 0.0000000000000000000 ) ) ;
#5341 = SURFACE_STYLE_FILL_AREA ( #29 ) ;
#5342 = UNCERTAINTY_MEASURE_WITH_UNIT (LENGTH_MEASURE( 1.000000000000000082E-05 ), #2322, 'distance_accuracy_value', 'NONE');
#5343 = ORIENTED_EDGE ( 'NONE', *, *, #2107, .F. ) ;
#5344 = DIRECTION ( 'NONE',  ( 0.0000000000000000000, -1.000000000000000000, -0.0000000000000000000 ) ) ;
#5345 = VERTEX_POINT ( 'NONE', #3779 ) ;
#5346 = CARTESIAN_POINT ( 'NONE',  ( -1.599999999999999645, 2.200000000000000178, -0.5699999999999999512 ) ) ;
#5347 = AXIS2_PLACEMENT_3D ( 'NONE', #870, #2517, #4665 ) ;
#5348 = ORIENTED_EDGE ( 'NONE', *, *, #5914, .T. ) ;
#5349 = PRESENTATION_LAYER_ASSIGNMENT (  '', '', ( #2558 ) ) ;
#5350 =( LENGTH_UNIT ( ) NAMED_UNIT ( * ) SI_UNIT ( .MILLI., .METRE. ) );
#5351 = ORIENTED_EDGE ( 'NONE', *, *, #1977, .T. ) ;
#5352 = FILL_AREA_STYLE ('',( #6358 ) ) ;
#5353 =( NAMED_UNIT ( * ) SI_UNIT ( $, .STERADIAN. ) SOLID_ANGLE_UNIT ( ) );
#5354 = FILL_AREA_STYLE ('',( #3226 ) ) ;
#5355 = CARTESIAN_POINT ( 'NONE',  ( 0.3603187164337327553, 0.9751250982098667031, 0.3000000000000000444 ) ) ;
#5356 = PLANE ( 'NONE',  #1305 ) ;
#5357 = FACE_OUTER_BOUND ( 'NONE', #4502, .T. ) ;
#5358 = ADVANCED_FACE ( 'NONE', ( #1043 ), #4253, .T. ) ;
#5359 = EDGE_CURVE ( 'NONE', #5573, #4808, #6862, .T. ) ;
#5360 = CARTESIAN_POINT ( 'NONE',  ( -0.1831650461902210314, -0.2870056143358111211, 0.3000000000000000444 ) ) ;
#5361 = CARTESIAN_POINT ( 'NONE',  ( 1.599999999999999867, -2.200000000000000178, -0.6999999999999999556 ) ) ;
#5362 = ORIENTED_EDGE ( 'NONE', *, *, #5367, .T. ) ;
#5363 = DIRECTION ( 'NONE',  ( -1.000000000000000000, 0.0000000000000000000, 0.0000000000000000000 ) ) ;
#5364 = SURFACE_STYLE_USAGE ( .BOTH. , #4280 ) ;
#5365 = EDGE_LOOP ( 'NONE', ( #200, #1764, #2402, #5651 ) ) ;
#5366 = DIRECTION ( 'NONE',  ( 1.000000000000000000, 0.0000000000000000000, 0.0000000000000000000 ) ) ;
#5367 = EDGE_CURVE ( 'NONE', #1407, #4667, #2391, .T. ) ;
#5368 = DIRECTION ( 'NONE',  ( 0.0000000000000000000, -1.000000000000000000, 0.0000000000000000000 ) ) ;
#5369 =( NAMED_UNIT ( * ) PLANE_ANGLE_UNIT ( ) SI_UNIT ( $, .RADIAN. ) );
#5370 = DIRECTION ( 'NONE',  ( 0.0000000000000000000, -1.000000000000000000, 0.0000000000000000000 ) ) ;
#5371 = DIRECTION ( 'NONE',  ( 0.0000000000000000000, 1.000000000000000000, 0.0000000000000000000 ) ) ;
#5372 = ORIENTED_EDGE ( 'NONE', *, *, #4691, .F. ) ;
#5373 = ORIENTED_EDGE ( 'NONE', *, *, #1977, .F. ) ;
#5374 = FILL_AREA_STYLE_COLOUR ( '', #2408 ) ;
#5375 = DIRECTION ( 'NONE',  ( -1.000000000000000000, 1.971276677246371272E-16, 0.0000000000000000000 ) ) ;
#5376 = DIRECTION ( 'NONE',  ( 0.0000000000000000000, -1.000000000000000000, 0.0000000000000000000 ) ) ;
#5377 = PRESENTATION_LAYER_ASSIGNMENT (  '', '', ( #4932 ) ) ;
#5378 = LINE ( 'NONE', #705, #6274 ) ;
#5379 =( NAMED_UNIT ( * ) SI_UNIT ( $, .STERADIAN. ) SOLID_ANGLE_UNIT ( ) );
#5380 = VERTEX_POINT ( 'NONE', #26 ) ;
#5381 = CARTESIAN_POINT ( 'NONE',  ( 1.930905544980987321, -0.8360159872360372058, 0.3000000000000000444 ) ) ;
#5382 = FILL_AREA_STYLE_COLOUR ( '', #6871 ) ;
#5383 = MECHANICAL_DESIGN_GEOMETRIC_PRESENTATION_REPRESENTATION (  '', ( #1377 ), #179 ) ;
#5384 =( GEOMETRIC_REPRESENTATION_CONTEXT ( 3 ) GLOBAL_UNCERTAINTY_ASSIGNED_CONTEXT ( ( #2749 ) ) GLOBAL_UNIT_ASSIGNED_CONTEXT ( ( #795, #5572, #452 ) ) REPRESENTATION_CONTEXT ( 'NONE', 'WORKASPACE' ) );
#5385 = CARTESIAN_POINT ( 'NONE',  ( -2.500000000000002220, -1.099999999999999423, 0.0000000000000000000 ) ) ;
#5386 = CARTESIAN_POINT ( 'NONE',  ( 1.412305442492822749, 0.4570589046025523849, 0.3000000000000000444 ) ) ;
#5387 = DIRECTION ( 'NONE',  ( -0.0000000000000000000, -0.0000000000000000000, -1.000000000000000000 ) ) ;
#5388 = DIRECTION ( 'NONE',  ( -0.05226442768871396305, 0.05226442768871396305, 0.9972646886342373396 ) ) ;
#5389 = CARTESIAN_POINT ( 'NONE',  ( 0.0000000000000000000, 0.0000000000000000000, -0.5699999999999999512 ) ) ;
#5390 = MECHANICAL_DESIGN_GEOMETRIC_PRESENTATION_REPRESENTATION (  '', ( #2604 ), #518 ) ;
#5391 = PLANE ( 'NONE',  #6675 ) ;
#5392 = VECTOR ( 'NONE', #934, 1000.000000000000000 ) ;
#5393 = VERTEX_POINT ( 'NONE', #5338 ) ;
#5394 = EDGE_CURVE ( 'NONE', #5888, #5082, #619, .T. ) ;
#5395 = ADVANCED_FACE ( 'NONE', ( #4223 ), #1601, .T. ) ;
#5396 =( LENGTH_UNIT ( ) NAMED_UNIT ( * ) SI_UNIT ( .MILLI., .METRE. ) );
#5397 =( NAMED_UNIT ( * ) SI_UNIT ( $, .STERADIAN. ) SOLID_ANGLE_UNIT ( ) );
#5398 = ORIENTED_EDGE ( 'NONE', *, *, #4632, .F. ) ;
#5399 = SURFACE_SIDE_STYLE ('',( #3274 ) ) ;
#5400 = STYLED_ITEM ( 'NONE', ( #3731 ), #2195 ) ;
#5401 = CARTESIAN_POINT ( 'NONE',  ( -2.700000000000001954, 2.100000000000000089, -0.3000000000000003220 ) ) ;
#5402 = DIRECTION ( 'NONE',  ( 1.000000000000000000, 0.0000000000000000000, 0.0000000000000000000 ) ) ;
#5403 = AXIS2_PLACEMENT_3D ( 'NONE', #3, #6356, #899 ) ;
#5404 = SURFACE_STYLE_FILL_AREA ( #3408 ) ;
#5405 = ORIENTED_EDGE ( 'NONE', *, *, #3664, .T. ) ;
#5406 = EDGE_CURVE ( 'NONE', #5478, #2818, #4194, .T. ) ;
#5407 = CARTESIAN_POINT ( 'NONE',  ( 2.400000000000002132, -2.099999999999999645, -0.2999999999999993783 ) ) ;
#5408 = EDGE_LOOP ( 'NONE', ( #2688, #3513, #4142, #312 ) ) ;
#5409 = ORIENTED_EDGE ( 'NONE', *, *, #2837, .F. ) ;
#5410 = CARTESIAN_POINT ( 'NONE',  ( -2.486873320506370000, -1.199999999999999734, -0.2504719656739949341 ) ) ;
#5411 = STYLED_ITEM ( 'NONE', ( #6144 ), #5106 ) ;
#5412 =( NAMED_UNIT ( * ) SI_UNIT ( $, .STERADIAN. ) SOLID_ANGLE_UNIT ( ) );
#5413 = STYLED_ITEM ( 'NONE', ( #725 ), #2637 ) ;
#5414 = VECTOR ( 'NONE', #2683, 1000.000000000000114 ) ;
#5415 = UNCERTAINTY_MEASURE_WITH_UNIT (LENGTH_MEASURE( 1.000000000000000082E-05 ), #6605, 'distance_accuracy_value', 'NONE');
#5416 = ORIENTED_EDGE ( 'NONE', *, *, #2103, .F. ) ;
#5417 = DIRECTION ( 'NONE',  ( 0.0000000000000000000, 1.000000000000000000, 0.0000000000000000000 ) ) ;
#5418 = PRESENTATION_STYLE_ASSIGNMENT (( #6036 ) ) ;
#5419 = COLOUR_RGB ( '',0.8313725490196077761, 0.8392156862745098200, 0.8313725490196077761 ) ;
#5420 = COLOUR_RGB ( '',1.000000000000000000, 1.000000000000000000, 1.000000000000000000 ) ;
#5421 = DIRECTION ( 'NONE',  ( 1.000000000000000000, 0.0000000000000000000, 0.0000000000000000000 ) ) ;
#5422 = CARTESIAN_POINT ( 'NONE',  ( 1.562305442492822882, -0.6860159872360381828, 0.3500000000000000333 ) ) ;
#5423 = SURFACE_SIDE_STYLE ('',( #2360 ) ) ;
#5424 = LINE ( 'NONE', #1852, #2212 ) ;
#5425 =( NAMED_UNIT ( * ) PLANE_ANGLE_UNIT ( ) SI_UNIT ( $, .RADIAN. ) );
#5426 =( GEOMETRIC_REPRESENTATION_CONTEXT ( 3 ) GLOBAL_UNCERTAINTY_ASSIGNED_CONTEXT ( ( #1297 ) ) GLOBAL_UNIT_ASSIGNED_CONTEXT ( ( #5713, #4507, #2471 ) ) REPRESENTATION_CONTEXT ( 'NONE', 'WORKASPACE' ) );
#5427 = VECTOR ( 'NONE', #1166, 1000.000000000000000 ) ;
#5428 = SURFACE_STYLE_FILL_AREA ( #3304 ) ;
#5429 = CIRCLE ( 'NONE', #3979, 0.1000000000000000194 ) ;
#5430 = ORIENTED_EDGE ( 'NONE', *, *, #220, .T. ) ;
#5431 = CARTESIAN_POINT ( 'NONE',  ( 2.400000000000001243, 1.200000000000000622, -0.5700000000000000622 ) ) ;
#5432 = APPLICATION_CONTEXT ( 'automotive_design' ) ;
#5433 = VECTOR ( 'NONE', #5172, 1000.000000000000000 ) ;
#5434 = PLANE ( 'NONE',  #2713 ) ;
#5435 = EDGE_LOOP ( 'NONE', ( #3341, #2217, #6795, #5632, #3788, #1703, #2761, #1206, #2500, #6693 ) ) ;
#5436 =( GEOMETRIC_REPRESENTATION_CONTEXT ( 3 ) GLOBAL_UNCERTAINTY_ASSIGNED_CONTEXT ( ( #3331 ) ) GLOBAL_UNIT_ASSIGNED_CONTEXT ( ( #755, #2321, #2819 ) ) REPRESENTATION_CONTEXT ( 'NONE', 'WORKASPACE' ) );
#5437 = DIRECTION ( 'NONE',  ( 8.673617379884033894E-15, 0.0000000000000000000, 1.000000000000000000 ) ) ;
#5438 = CARTESIAN_POINT ( 'NONE',  ( -0.03316504619021998224, -2.056952929731181712, 0.3000000000000000444 ) ) ;
#5439 = STYLED_ITEM ( 'NONE', ( #465 ), #6464 ) ;
#5440 = CARTESIAN_POINT ( 'NONE',  ( 0.5500000000000000444, -1.049999999999999822, -0.5699999999999999512 ) ) ;
#5441 = SURFACE_STYLE_FILL_AREA ( #1353 ) ;
#5442 = DIRECTION ( 'NONE',  ( -0.0000000000000000000, -1.000000000000000000, -0.0000000000000000000 ) ) ;
#5443 = PRESENTATION_LAYER_ASSIGNMENT (  '', '', ( #6105 ) ) ;
#5444 = ORIENTED_EDGE ( 'NONE', *, *, #4966, .T. ) ;
#5445 = ORIENTED_EDGE ( 'NONE', *, *, #4626, .F. ) ;
#5446 = ORIENTED_EDGE ( 'NONE', *, *, #3762, .F. ) ;
#5447 = CARTESIAN_POINT ( 'NONE',  ( -1.919276727925023351, -2.056952929731181712, 0.3500000000000000333 ) ) ;
#5448 = CARTESIAN_POINT ( 'NONE',  ( 0.0000000000000000000, -3.299999999999999822, -0.7699999999999999067 ) ) ;
#5449 = EDGE_CURVE ( 'NONE', #786, #6388, #2145, .T. ) ;
#5450 = EDGE_CURVE ( 'NONE', #3639, #4459, #4884, .T. ) ;
#5451 = CARTESIAN_POINT ( 'NONE',  ( 1.262305442492822838, 0.4570589046025533841, 0.3500000000000000333 ) ) ;
#5452 = ORIENTED_EDGE ( 'NONE', *, *, #1262, .F. ) ;
#5453 = EDGE_CURVE ( 'NONE', #2544, #2991, #317, .T. ) ;
#5454 = LINE ( 'NONE', #4928, #3055 ) ;
#5455 = STYLED_ITEM ( 'NONE', ( #5833 ), #4506 ) ;
#5457 = DIRECTION ( 'NONE',  ( -0.0000000000000000000, 0.0000000000000000000, -1.000000000000000000 ) ) ;
#5456 = DIRECTION ( 'NONE',  ( -0.0000000000000000000, -1.000000000000000000, -0.0000000000000000000 ) ) ;
#5458 = CARTESIAN_POINT ( 'NONE',  ( 2.500000000000002220, 2.500000000000002220, 0.0000000000000000000 ) ) ;
#5459 = ORIENTED_EDGE ( 'NONE', *, *, #7, .F. ) ;
#5460 = PLANE ( 'NONE',  #2600 ) ;
#5461 =( NAMED_UNIT ( * ) PLANE_ANGLE_UNIT ( ) SI_UNIT ( $, .RADIAN. ) );
#5462 = ORIENTED_EDGE ( 'NONE', *, *, #3130, .T. ) ;
#5463 = CARTESIAN_POINT ( 'NONE',  ( 1.262305442492821728, 0.6070589046025534063, 0.3500000000000000333 ) ) ;
#5464 = DIRECTION ( 'NONE',  ( -1.971276677246371519E-16, -1.000000000000000000, -0.0000000000000000000 ) ) ;
#5465 = FACE_OUTER_BOUND ( 'NONE', #1908, .T. ) ;
#5466 = ORIENTED_EDGE ( 'NONE', *, *, #4095, .F. ) ;
#5467 = LINE ( 'NONE', #2248, #6163 ) ;
#5468 = VERTEX_POINT ( 'NONE', #4842 ) ;
#5469 = CARTESIAN_POINT ( 'NONE',  ( 2.400000000000002132, 2.100000000000000089, -0.2999999999999993783 ) ) ;
#5470 = EDGE_LOOP ( 'NONE', ( #6317, #4939, #3024, #4890 ) ) ;
#5471 = FILL_AREA_STYLE_COLOUR ( '', #4098 ) ;
#5472 = DIRECTION ( 'NONE',  ( 0.0000000000000000000, 0.0000000000000000000, 1.000000000000000000 ) ) ;
#5473 =( LENGTH_UNIT ( ) NAMED_UNIT ( * ) SI_UNIT ( .MILLI., .METRE. ) );
#5474 = CYLINDRICAL_SURFACE ( 'NONE', #276, 0.1499999999999999667 ) ;
#5475 = EDGE_CURVE ( 'NONE', #5747, #6869, #4787, .T. ) ;
#5476 = UNCERTAINTY_MEASURE_WITH_UNIT (LENGTH_MEASURE( 1.000000000000000082E-05 ), #508, 'distance_accuracy_value', 'NONE');
#5477 = EDGE_CURVE ( 'NONE', #4596, #3759, #5972, .T. ) ;
#5478 = VERTEX_POINT ( 'NONE', #3848 ) ;
#5479 = SURFACE_STYLE_FILL_AREA ( #2330 ) ;
#5480 = LINE ( 'NONE', #5271, #1283 ) ;
#5481 = DIRECTION ( 'NONE',  ( -2.710505431213761578E-16, 1.000000000000000000, 0.0000000000000000000 ) ) ;
#5482 = PRESENTATION_LAYER_ASSIGNMENT (  '', '', ( #1594 ) ) ;
#5483 = PRESENTATION_LAYER_ASSIGNMENT (  '', '', ( #4048 ) ) ;
#5485 = FACE_OUTER_BOUND ( 'NONE', #3268, .T. ) ;
#5484 = DIRECTION ( 'NONE',  ( -0.0000000000000000000, -1.000000000000000000, -0.0000000000000000000 ) ) ;
#5486 = VERTEX_POINT ( 'NONE', #1640 ) ;
#5487 = ORIENTED_EDGE ( 'NONE', *, *, #4847, .T. ) ;
#5488 = PLANE ( 'NONE',  #6861 ) ;
#5489 =( LENGTH_UNIT ( ) NAMED_UNIT ( * ) SI_UNIT ( .MILLI., .METRE. ) );
#5490 = CARTESIAN_POINT ( 'NONE',  ( -1.600000000000000311, -2.199999999999999734, -0.6999999999999999556 ) ) ;
#5491 = STYLED_ITEM ( 'NONE', ( #3591 ), #1749 ) ;
#5492 = CYLINDRICAL_SURFACE ( 'NONE', #864, 0.3000000000000000444 ) ;
#5493 = MECHANICAL_DESIGN_GEOMETRIC_PRESENTATION_REPRESENTATION (  '', ( #6285 ), #1273 ) ;
#5494 = DIRECTION ( 'NONE',  ( -1.445602896647339114E-15, 0.0000000000000000000, 1.000000000000000000 ) ) ;
#5495 = LINE ( 'NONE', #6390, #6821 ) ;
#5496 = ORIENTED_EDGE ( 'NONE', *, *, #3753, .F. ) ;
#5497 = ORIENTED_EDGE ( 'NONE', *, *, #5864, .T. ) ;
#5498 = DIRECTION ( 'NONE',  ( -0.0000000000000000000, -0.0000000000000000000, -1.000000000000000000 ) ) ;
#5499 =( LENGTH_UNIT ( ) NAMED_UNIT ( * ) SI_UNIT ( .MILLI., .METRE. ) );
#5500 = ORIENTED_EDGE ( 'NONE', *, *, #771, .T. ) ;
#5501 = DIRECTION ( 'NONE',  ( -1.000000000000000000, 0.0000000000000000000, 0.0000000000000000000 ) ) ;
#5502 = ORIENTED_EDGE ( 'NONE', *, *, #3045, .F. ) ;
#5503 =( LENGTH_UNIT ( ) NAMED_UNIT ( * ) SI_UNIT ( .MILLI., .METRE. ) );
#5504 = ORIENTED_EDGE ( 'NONE', *, *, #5997, .T. ) ;
#5505 = PRESENTATION_STYLE_ASSIGNMENT (( #4958 ) ) ;
#5506 = EDGE_CURVE ( 'NONE', #3234, #3059, #3207, .T. ) ;
#5507 = EDGE_CURVE ( 'NONE', #2086, #1150, #1155, .T. ) ;
#5508 = AXIS2_PLACEMENT_3D ( 'NONE', #2162, #4823, #2732 ) ;
#5509 = VECTOR ( 'NONE', #6019, 1000.000000000000000 ) ;
#5510 =( LENGTH_UNIT ( ) NAMED_UNIT ( * ) SI_UNIT ( .MILLI., .METRE. ) );
#5511 = DIRECTION ( 'NONE',  ( 0.0000000000000000000, -1.000000000000000000, -0.0000000000000000000 ) ) ;
#5512 =( GEOMETRIC_REPRESENTATION_CONTEXT ( 3 ) GLOBAL_UNCERTAINTY_ASSIGNED_CONTEXT ( ( #1236 ) ) GLOBAL_UNIT_ASSIGNED_CONTEXT ( ( #3353, #2319, #2815 ) ) REPRESENTATION_CONTEXT ( 'NONE', 'WORKASPACE' ) );
#5513 = VECTOR ( 'NONE', #2136, 1000.000000000000000 ) ;
#5514 = LINE ( 'NONE', #3869, #1763 ) ;
#5515 = ADVANCED_FACE ( 'NONE', ( #5465 ), #3450, .F. ) ;
#5516 = ADVANCED_FACE ( 'NONE', ( #3968 ), #5492, .T. ) ;
#5517 = LINE ( 'NONE', #6445, #6231 ) ;
#5518 = AXIS2_PLACEMENT_3D ( 'NONE', #2180, #6482, #6406 ) ;
#5519 = MECHANICAL_DESIGN_GEOMETRIC_PRESENTATION_REPRESENTATION (  '', ( #6745 ), #2755 ) ;
#5520 = ORIENTED_EDGE ( 'NONE', *, *, #898, .F. ) ;
#5521 = UNCERTAINTY_MEASURE_WITH_UNIT (LENGTH_MEASURE( 1.000000000000000082E-05 ), #1997, 'distance_accuracy_value', 'NONE');
#5522 = PLANE ( 'NONE',  #3157 ) ;
#5523 = ORIENTED_EDGE ( 'NONE', *, *, #4042, .F. ) ;
#5524 = VECTOR ( 'NONE', #2092, 1000.000000000000000 ) ;
#5525 = VECTOR ( 'NONE', #4260, 1000.000000000000000 ) ;
#5526 = DIRECTION ( 'NONE',  ( -7.228014483236695175E-15, 0.0000000000000000000, 1.000000000000000000 ) ) ;
#5527 = VECTOR ( 'NONE', #3079, 1000.000000000000000 ) ;
#5528 = EDGE_CURVE ( 'NONE', #4758, #6547, #165, .T. ) ;
#5529 = ORIENTED_EDGE ( 'NONE', *, *, #6590, .F. ) ;
#5530 = AXIS2_PLACEMENT_3D ( 'NONE', #2966, #1409, #2438 ) ;
#5531 = STYLED_ITEM ( 'NONE', ( #2006 ), #3270 ) ;
#5532 = AXIS2_PLACEMENT_3D ( 'NONE', #5448, #4951, #1801 ) ;
#5533 = LINE ( 'NONE', #4530, #5703 ) ;
#5534 = ORIENTED_EDGE ( 'NONE', *, *, #4504, .T. ) ;
#5535 = CARTESIAN_POINT ( 'NONE',  ( 1.930905544980987321, -0.8360159872360372058, 0.3500000000000000333 ) ) ;
#5536 = EDGE_LOOP ( 'NONE', ( #6513, #2157, #973, #624 ) ) ;
#5537 = CARTESIAN_POINT ( 'NONE',  ( -1.599999999999999867, 1.100000000000000089, -0.5699999999999999512 ) ) ;
#5538 = MECHANICAL_DESIGN_GEOMETRIC_PRESENTATION_REPRESENTATION (  '', ( #6766 ), #2 ) ;
#5539 = VECTOR ( 'NONE', #2712, 1000.000000000000000 ) ;
#5540 = COLOUR_RGB ( '',1.000000000000000000, 1.000000000000000000, 1.000000000000000000 ) ;
#5541 = PLANE ( 'NONE',  #5325 ) ;
#5542 = ORIENTED_EDGE ( 'NONE', *, *, #5594, .T. ) ;
#5543 = DIRECTION ( 'NONE',  ( 0.0000000000000000000, -1.000000000000000000, 0.0000000000000000000 ) ) ;
#5544 = ORIENTED_EDGE ( 'NONE', *, *, #4211, .F. ) ;
#5545 = VERTEX_POINT ( 'NONE', #1745 ) ;
#5546 =( NAMED_UNIT ( * ) SI_UNIT ( $, .STERADIAN. ) SOLID_ANGLE_UNIT ( ) );
#5547 = DIRECTION ( 'NONE',  ( -0.0000000000000000000, -0.0000000000000000000, -1.000000000000000000 ) ) ;
#5548 = DIRECTION ( 'NONE',  ( 0.0000000000000000000, -1.000000000000000000, 0.0000000000000000000 ) ) ;
#5549 = PRESENTATION_STYLE_ASSIGNMENT (( #5578 ) ) ;
#5550 = DIRECTION ( 'NONE',  ( -1.000000000000000000, 1.971276677246371272E-16, 0.0000000000000000000 ) ) ;
#5551 = MECHANICAL_DESIGN_GEOMETRIC_PRESENTATION_REPRESENTATION (  '', ( #4008 ), #1338 ) ;
#5552 = FACE_OUTER_BOUND ( 'NONE', #1795, .T. ) ;
#5553 = FILL_AREA_STYLE_COLOUR ( '', #2866 ) ;
#5554 = EDGE_CURVE ( 'NONE', #980, #3936, #1746, .T. ) ;
#5555 = VERTEX_POINT ( 'NONE', #2882 ) ;
#5556 = VECTOR ( 'NONE', #1005, 1000.000000000000000 ) ;
#5557 = EDGE_CURVE ( 'NONE', #731, #3913, #1406, .T. ) ;
#5558 = CARTESIAN_POINT ( 'NONE',  ( -0.1831650461902200044, -0.6832195235787650311, 0.3500000000000000333 ) ) ;
#5559 = ORIENTED_EDGE ( 'NONE', *, *, #735, .T. ) ;
#5560 = ADVANCED_FACE ( 'NONE', ( #2786 ), #2810, .F. ) ;
#5561 = PLANE ( 'NONE',  #2771 ) ;
#5562 = DIRECTION ( 'NONE',  ( -0.0000000000000000000, 0.0000000000000000000, 1.000000000000000000 ) ) ;
#5563 = CARTESIAN_POINT ( 'NONE',  ( -0.03316504619021998224, -2.056952929731181712, 0.3000000000000000444 ) ) ;
#5564 = DIRECTION ( 'NONE',  ( -0.05233595624294388321, 0.0000000000000000000, -0.9986295347545739443 ) ) ;
#5565 = VERTEX_POINT ( 'NONE', #6129 ) ;
#5566 = EDGE_CURVE ( 'NONE', #5571, #1238, #3646, .T. ) ;
#5567 = DIRECTION ( 'NONE',  ( -1.000000000000000000, 0.0000000000000000000, 0.0000000000000000000 ) ) ;
#5568 = ORIENTED_EDGE ( 'NONE', *, *, #6074, .F. ) ;
#5569 = CARTESIAN_POINT ( 'NONE',  ( 0.0000000000000000000, 0.0000000000000000000, 0.4500000000000000666 ) ) ;
#5570 = CARTESIAN_POINT ( 'NONE',  ( -2.400000000000001243, 1.200000000000000622, -0.5699999999999999512 ) ) ;
#5571 = VERTEX_POINT ( 'NONE', #293 ) ;
#5572 =( NAMED_UNIT ( * ) PLANE_ANGLE_UNIT ( ) SI_UNIT ( $, .RADIAN. ) );
#5573 = VERTEX_POINT ( 'NONE', #1770 ) ;
#5574 = ORIENTED_EDGE ( 'NONE', *, *, #742, .T. ) ;
#5575 = FACE_OUTER_BOUND ( 'NONE', #6717, .T. ) ;
#5576 = FILL_AREA_STYLE_COLOUR ( '', #5948 ) ;
#5577 =( NAMED_UNIT ( * ) SI_UNIT ( $, .STERADIAN. ) SOLID_ANGLE_UNIT ( ) );
#5578 = SURFACE_STYLE_USAGE ( .BOTH. , #3404 ) ;
#5579 = PRESENTATION_STYLE_ASSIGNMENT (( #4554 ) ) ;
#5580 = SURFACE_STYLE_FILL_AREA ( #2371 ) ;
#5581 = SURFACE_SIDE_STYLE ('',( #5662 ) ) ;
#5582 = ORIENTED_EDGE ( 'NONE', *, *, #3439, .F. ) ;
#5583 = UNCERTAINTY_MEASURE_WITH_UNIT (LENGTH_MEASURE( 1.000000000000000082E-05 ), #388, 'distance_accuracy_value', 'NONE');
#5584 = FILL_AREA_STYLE_COLOUR ( '', #3391 ) ;
#5585 = VECTOR ( 'NONE', #3058, 1000.000000000000000 ) ;
#5586 = CARTESIAN_POINT ( 'NONE',  ( 1.930905544980987543, -2.056952929731181268, 0.3500000000000000333 ) ) ;
#5587 = ORIENTED_EDGE ( 'NONE', *, *, #5686, .T. ) ;
#5588 = CARTESIAN_POINT ( 'NONE',  ( 2.400000000000001243, -2.099999999999999645, -0.4699999999999998068 ) ) ;
#5589 = PLANE ( 'NONE',  #1296 ) ;
#5590 = PRESENTATION_LAYER_ASSIGNMENT (  '', '', ( #1377 ) ) ;
#5591 = DIRECTION ( 'NONE',  ( -1.000000000000000000, 2.710505431213759113E-16, -0.0000000000000000000 ) ) ;
#5592 = VECTOR ( 'NONE', #1775, 1000.000000000000000 ) ;
#5593 = EDGE_CURVE ( 'NONE', #4076, #3568, #4484, .T. ) ;
#5594 = EDGE_CURVE ( 'NONE', #4758, #6785, #2176, .T. ) ;
#5595 = VERTEX_POINT ( 'NONE', #4914 ) ;
#5596 = LINE ( 'NONE', #3565, #4938 ) ;
#5597 = FILL_AREA_STYLE_COLOUR ( '', #1280 ) ;
#5598 = ORIENTED_EDGE ( 'NONE', *, *, #6618, .F. ) ;
#5599 = VECTOR ( 'NONE', #1349, 1000.000000000000000 ) ;
#5600 = ORIENTED_EDGE ( 'NONE', *, *, #5593, .T. ) ;
#5601 = DIRECTION ( 'NONE',  ( -1.896992367213331451E-16, 1.000000000000000000, 0.0000000000000000000 ) ) ;
#5602 = ADVANCED_FACE ( 'NONE', ( #5009 ), #2379, .F. ) ;
#5603 = EDGE_CURVE ( 'NONE', #1320, #3639, #3594, .T. ) ;
#5604 =( GEOMETRIC_REPRESENTATION_CONTEXT ( 3 ) GLOBAL_UNCERTAINTY_ASSIGNED_CONTEXT ( ( #2937 ) ) GLOBAL_UNIT_ASSIGNED_CONTEXT ( ( #3002, #3955, #865 ) ) REPRESENTATION_CONTEXT ( 'NONE', 'WORKASPACE' ) );
#5605 = VECTOR ( 'NONE', #4582, 1000.000000000000000 ) ;
#5606 = ORIENTED_EDGE ( 'NONE', *, *, #6030, .T. ) ;
#5607 =( NAMED_UNIT ( * ) SI_UNIT ( $, .STERADIAN. ) SOLID_ANGLE_UNIT ( ) );
#5608 = UNCERTAINTY_MEASURE_WITH_UNIT (LENGTH_MEASURE( 1.000000000000000082E-05 ), #4643, 'distance_accuracy_value', 'NONE');
#5609 = ORIENTED_EDGE ( 'NONE', *, *, #4126, .T. ) ;
#5610 = SURFACE_SIDE_STYLE ('',( #3498 ) ) ;
#5611 = VERTEX_POINT ( 'NONE', #5696 ) ;
#5612 = PRESENTATION_LAYER_ASSIGNMENT (  '', '', ( #3622 ) ) ;
#5613 = CARTESIAN_POINT ( 'NONE',  ( 0.0000000000000000000, 0.0000000000000000000, -0.6999999999999999556 ) ) ;
#5614 =( NAMED_UNIT ( * ) PLANE_ANGLE_UNIT ( ) SI_UNIT ( $, .RADIAN. ) );
#5615 = LINE ( 'NONE', #2406, #189 ) ;
#5616 = COLOUR_RGB ( '',0.8980392156862745390, 0.9215686274509803377, 0.9294117647058823817 ) ;
#5618 = CARTESIAN_POINT ( 'NONE',  ( 0.5500000000000001554, 2.254834989607331863, -0.5699999999999999512 ) ) ;
#5617 = LINE ( 'NONE', #4552, #3321 ) ;
#5619 = VECTOR ( 'NONE', #6181, 1000.000000000000000 ) ;
#5620 = COLOUR_RGB ( '',0.8313725490196077761, 0.8392156862745098200, 0.8313725490196077761 ) ;
#5621 =( NAMED_UNIT ( * ) PLANE_ANGLE_UNIT ( ) SI_UNIT ( $, .RADIAN. ) );
#5622 = FILL_AREA_STYLE_COLOUR ( '', #4344 ) ;
#5623 = AXIS2_PLACEMENT_3D ( 'NONE', #2852, #262, #5567 ) ;
#5624 = LINE ( 'NONE', #6674, #5052 ) ;
#5625 =( NAMED_UNIT ( * ) SI_UNIT ( $, .STERADIAN. ) SOLID_ANGLE_UNIT ( ) );
#5626 = EDGE_LOOP ( 'NONE', ( #3102, #244, #1220, #5497 ) ) ;
#5627 = CARTESIAN_POINT ( 'NONE',  ( 2.700000000000003286, -3.299999999999998490, -8.306732565912526210E-15 ) ) ;
#5628 = PRESENTATION_STYLE_ASSIGNMENT (( #6159 ) ) ;
#5629 = FACE_OUTER_BOUND ( 'NONE', #3160, .T. ) ;
#5630 = VECTOR ( 'NONE', #4746, 1000.000000000000000 ) ;
#5631 = DIRECTION ( 'NONE',  ( 1.000000000000000000, 0.0000000000000000000, 0.0000000000000000000 ) ) ;
#5632 = ORIENTED_EDGE ( 'NONE', *, *, #3099, .T. ) ;
#5633 = DIRECTION ( 'NONE',  ( -0.0000000000000000000, -0.0000000000000000000, -1.000000000000000000 ) ) ;
#5634 = DIRECTION ( 'NONE',  ( -0.0000000000000000000, -1.000000000000000000, -0.0000000000000000000 ) ) ;
#5635 = DIRECTION ( 'NONE',  ( 1.000000000000000000, 2.000708728360073455E-16, -0.0000000000000000000 ) ) ;
#5636 = ORIENTED_EDGE ( 'NONE', *, *, #892, .T. ) ;
#5637 =( GEOMETRIC_REPRESENTATION_CONTEXT ( 3 ) GLOBAL_UNCERTAINTY_ASSIGNED_CONTEXT ( ( #3462 ) ) GLOBAL_UNIT_ASSIGNED_CONTEXT ( ( #2213, #1179, #6624 ) ) REPRESENTATION_CONTEXT ( 'NONE', 'WORKASPACE' ) );
#5638 = FACE_OUTER_BOUND ( 'NONE', #3499, .T. ) ;
#5639 = VECTOR ( 'NONE', #3275, 1000.000000000000000 ) ;
#5640 = AXIS2_PLACEMENT_3D ( 'NONE', #6723, #4079, #6205 ) ;
#5641 = ORIENTED_EDGE ( 'NONE', *, *, #4133, .F. ) ;
#5642 = ADVANCED_FACE ( 'NONE', ( #939 ), #5142, .F. ) ;
#5643 =( NAMED_UNIT ( * ) SI_UNIT ( $, .STERADIAN. ) SOLID_ANGLE_UNIT ( ) );
#5644 = DIRECTION ( 'NONE',  ( 0.0000000000000000000, 1.000000000000000000, 0.0000000000000000000 ) ) ;
#5645 = VECTOR ( 'NONE', #4997, 1000.000000000000000 ) ;
#5646 = CIRCLE ( 'NONE', #2766, 1.699999999999999956 ) ;
#5647 = DIRECTION ( 'NONE',  ( 1.000000000000000000, 2.710505431213759113E-16, 0.0000000000000000000 ) ) ;
#5648 = AXIS2_PLACEMENT_3D ( 'NONE', #6538, #3902, #4314 ) ;
#5649 = ORIENTED_EDGE ( 'NONE', *, *, #257, .F. ) ;
#5650 = ADVANCED_FACE ( 'NONE', ( #4140 ), #4701, .F. ) ;
#5651 = ORIENTED_EDGE ( 'NONE', *, *, #1859, .T. ) ;
#5652 = SURFACE_STYLE_FILL_AREA ( #1022 ) ;
#5653 = ORIENTED_EDGE ( 'NONE', *, *, #4731, .T. ) ;
#5654 = ADVANCED_FACE ( 'NONE', ( #3477 ), #5589, .F. ) ;
#5655 = EDGE_CURVE ( 'NONE', #1872, #1718, #4561, .T. ) ;
#5656 = LINE ( 'NONE', #277, #4495 ) ;
#5657 = VECTOR ( 'NONE', #38, 1000.000000000000000 ) ;
#5658 =( LENGTH_UNIT ( ) NAMED_UNIT ( * ) SI_UNIT ( .MILLI., .METRE. ) );
#5659 = ADVANCED_FACE ( 'NONE', ( #5629 ), #878, .F. ) ;
#5660 = LINE ( 'NONE', #1853, #4417 ) ;
#5661 = CARTESIAN_POINT ( 'NONE',  ( 1.262305442492821728, 0.6070589046025534063, 0.3000000000000000444 ) ) ;
#5662 = SURFACE_STYLE_FILL_AREA ( #3471 ) ;
#5663 = UNCERTAINTY_MEASURE_WITH_UNIT (LENGTH_MEASURE( 1.000000000000000082E-05 ), #5510, 'distance_accuracy_value', 'NONE');
#5664 = DIRECTION ( 'NONE',  ( -1.185975313885231567E-16, 1.000000000000000000, 0.0000000000000000000 ) ) ;
#5665 = DIRECTION ( 'NONE',  ( 0.0000000000000000000, -0.0000000000000000000, -1.000000000000000000 ) ) ;
#5666 = ORIENTED_EDGE ( 'NONE', *, *, #6208, .F. ) ;
#5667 = PRESENTATION_STYLE_ASSIGNMENT (( #6194 ) ) ;
#5668 = DIRECTION ( 'NONE',  ( -3.043374519257556424E-15, -0.0000000000000000000, -1.000000000000000000 ) ) ;
#5669 = COLOUR_RGB ( '',0.0000000000000000000, 0.0000000000000000000, 1.000000000000000000 ) ;
#5670 = ORIENTED_EDGE ( 'NONE', *, *, #4172, .T. ) ;
#5671 = LINE ( 'NONE', #475, #3285 ) ;
#5672 = CARTESIAN_POINT ( 'NONE',  ( -1.599999999999999645, 2.200000000000000178, -0.5699999999999999512 ) ) ;
#5673 = ORIENTED_EDGE ( 'NONE', *, *, #823, .F. ) ;
#5674 = PLANE ( 'NONE',  #5518 ) ;
#5675 = ORIENTED_EDGE ( 'NONE', *, *, #613, .F. ) ;
#5676 = SURFACE_STYLE_USAGE ( .BOTH. , #2035 ) ;
#5677 = DIRECTION ( 'NONE',  ( 2.409338161078899674E-16, 1.000000000000000000, -0.0000000000000000000 ) ) ;
#5678 = CARTESIAN_POINT ( 'NONE',  ( -2.000000000000002220, 2.449293598294709373E-16, 0.8000000000000000444 ) ) ;
#5679 = ORIENTED_EDGE ( 'NONE', *, *, #4817, .F. ) ;
#5680 = UNCERTAINTY_MEASURE_WITH_UNIT (LENGTH_MEASURE( 1.000000000000000082E-05 ), #6540, 'distance_accuracy_value', 'NONE');
#5681 = EDGE_LOOP ( 'NONE', ( #1023, #4741, #3921, #5857 ) ) ;
#5682 = ORIENTED_EDGE ( 'NONE', *, *, #5731, .T. ) ;
#5683 = LINE ( 'NONE', #2361, #1652 ) ;
#5684 = CARTESIAN_POINT ( 'NONE',  ( -2.700000000000001954, -3.299999999999998490, -0.4700000000000007505 ) ) ;
#5685 = EDGE_CURVE ( 'NONE', #261, #2423, #6340, .T. ) ;
#5686 = EDGE_CURVE ( 'NONE', #2423, #4256, #503, .T. ) ;
#5687 = LINE ( 'NONE', #1486, #5605 ) ;
#5689 = FILL_AREA_STYLE_COLOUR ( '', #2871 ) ;
#5688 = CARTESIAN_POINT ( 'NONE',  ( -0.9960286258184727348, -0.5332195235787651200, 0.3000000000000000444 ) ) ;
#5690 = DIRECTION ( 'NONE',  ( 0.0000000000000000000, 0.0000000000000000000, 1.000000000000000000 ) ) ;
#5691 =( LENGTH_UNIT ( ) NAMED_UNIT ( * ) SI_UNIT ( .MILLI., .METRE. ) );
#5692 = EDGE_CURVE ( 'NONE', #5478, #4534, #6363, .T. ) ;
#5693 = CARTESIAN_POINT ( 'NONE',  ( -2.471716000805965763, -1.199999999999999734, -0.5396908546970039522 ) ) ;
#5694 = ORIENTED_EDGE ( 'NONE', *, *, #1657, .F. ) ;
#5695 = PLANE ( 'NONE',  #104 ) ;
#5696 = CARTESIAN_POINT ( 'NONE',  ( -1.600000000000000089, -1.099999999999999645, -0.5699999999999999512 ) ) ;
#5697 = LINE ( 'NONE', #333, #1001 ) ;
#5698 = ORIENTED_EDGE ( 'NONE', *, *, #1979, .F. ) ;
#5699 = LINE ( 'NONE', #1738, #4497 ) ;
#5700 = DIRECTION ( 'NONE',  ( 0.0000000000000000000, 0.0000000000000000000, -1.000000000000000000 ) ) ;
#5701 = ORIENTED_EDGE ( 'NONE', *, *, #4081, .F. ) ;
#5702 = CARTESIAN_POINT ( 'NONE',  ( -1.599999999999999645, 2.200000000000000178, -0.5699999999999999512 ) ) ;
#5703 = VECTOR ( 'NONE', #4075, 1000.000000000000114 ) ;
#5704 = DIRECTION ( 'NONE',  ( 4.818676322157797375E-16, 1.000000000000000000, 0.0000000000000000000 ) ) ;
#5705 = VECTOR ( 'NONE', #5157, 1000.000000000000000 ) ;
#5706 = DIRECTION ( 'NONE',  ( -0.0000000000000000000, -0.0000000000000000000, -1.000000000000000000 ) ) ;
#5707 = DIRECTION ( 'NONE',  ( -0.0000000000000000000, -0.0000000000000000000, -1.000000000000000000 ) ) ;
#5708 = ORIENTED_EDGE ( 'NONE', *, *, #2832, .T. ) ;
#5709 = EDGE_LOOP ( 'NONE', ( #3643, #2580, #1183, #4519 ) ) ;
#5710 = CARTESIAN_POINT ( 'NONE',  ( 2.471716000805965763, 2.100000000000000089, -0.5396908546970039522 ) ) ;
#5711 = VERTEX_POINT ( 'NONE', #4212 ) ;
#5712 = DIRECTION ( 'NONE',  ( 1.000000000000000000, 0.0000000000000000000, -0.0000000000000000000 ) ) ;
#5713 =( LENGTH_UNIT ( ) NAMED_UNIT ( * ) SI_UNIT ( .MILLI., .METRE. ) );
#5714 = COLOUR_RGB ( '',0.8313725490196077761, 0.8392156862745098200, 0.8313725490196077761 ) ;
#5715 = VECTOR ( 'NONE', #1007, 1000.000000000000000 ) ;
#5716 = DIRECTION ( 'NONE',  ( 1.000000000000000000, 0.0000000000000000000, 0.0000000000000000000 ) ) ;
#5717 = LINE ( 'NONE', #521, #6395 ) ;
#5718 = EDGE_LOOP ( 'NONE', ( #5416, #3709, #2608, #753 ) ) ;
#5719 = VECTOR ( 'NONE', #1059, 1000.000000000000114 ) ;
#5720 = DIRECTION ( 'NONE',  ( -0.0000000000000000000, -0.0000000000000000000, 1.000000000000000000 ) ) ;
#5721 = PLANE ( 'NONE',  #2699 ) ;
#5722 = SURFACE_STYLE_FILL_AREA ( #6735 ) ;
#5723 = AXIS2_PLACEMENT_3D ( 'NONE', #5319, #365, #4240 ) ;
#5724 = CARTESIAN_POINT ( 'NONE',  ( -1.043697599916538765, 0.4413501301401799304, 0.3500000000000000333 ) ) ;
#5725 = DIRECTION ( 'NONE',  ( -0.0000000000000000000, -1.000000000000000000, -0.0000000000000000000 ) ) ;
#5726 = UNCERTAINTY_MEASURE_WITH_UNIT (LENGTH_MEASURE( 1.000000000000000082E-05 ), #5064, 'distance_accuracy_value', 'NONE');
#5727 = FACE_OUTER_BOUND ( 'NONE', #3464, .T. ) ;
#5728 = EDGE_CURVE ( 'NONE', #6826, #1538, #2214, .T. ) ;
#5729 = PRESENTATION_LAYER_ASSIGNMENT (  '', '', ( #6522 ) ) ;
#5730 = SURFACE_SIDE_STYLE ('',( #2100 ) ) ;
#5731 = EDGE_CURVE ( 'NONE', #1021, #3891, #4739, .T. ) ;
#5732 = EDGE_CURVE ( 'NONE', #1671, #3420, #5882, .T. ) ;
#5733 = CARTESIAN_POINT ( 'NONE',  ( 0.5500000000000001554, 2.254834989607331863, -0.6999999999999999556 ) ) ;
#5734 =( GEOMETRIC_REPRESENTATION_CONTEXT ( 3 ) GLOBAL_UNCERTAINTY_ASSIGNED_CONTEXT ( ( #692 ) ) GLOBAL_UNIT_ASSIGNED_CONTEXT ( ( #4368, #3184, #5936 ) ) REPRESENTATION_CONTEXT ( 'NONE', 'WORKASPACE' ) );
#5735 = AXIS2_PLACEMENT_3D ( 'NONE', #1721, #2229, #6463 ) ;
#5736 = ORIENTED_EDGE ( 'NONE', *, *, #148, .T. ) ;
#5737 = CARTESIAN_POINT ( 'NONE',  ( -2.430009069179262848, 1.680009069179262848, 0.4000000000000000222 ) ) ;
#5738 = PLANE ( 'NONE',  #5156 ) ;
#5739 = ORIENTED_EDGE ( 'NONE', *, *, #5088, .F. ) ;
#5740 = DIRECTION ( 'NONE',  ( -2.409338161078899674E-16, 1.000000000000000000, 0.0000000000000000000 ) ) ;
#5741 = DIRECTION ( 'NONE',  ( -0.0000000000000000000, 1.000000000000000000, -0.0000000000000000000 ) ) ;
#5742 = EDGE_CURVE ( 'NONE', #3163, #858, #1146, .T. ) ;
#5743 = CARTESIAN_POINT ( 'NONE',  ( -2.400000000000002132, 1.200000000000000622, -0.2999999999999993783 ) ) ;
#5744 = VECTOR ( 'NONE', #3196, 1000.000000000000000 ) ;
#5745 = SURFACE_STYLE_USAGE ( .BOTH. , #4844 ) ;
#5746 = DIRECTION ( 'NONE',  ( -1.000000000000000000, 0.0000000000000000000, -3.252606517456519613E-15 ) ) ;
#5747 = VERTEX_POINT ( 'NONE', #1567 ) ;
#5748 = PRESENTATION_LAYER_ASSIGNMENT (  '', '', ( #3436 ) ) ;
#5749 = VECTOR ( 'NONE', #2007, 1000.000000000000000 ) ;
#5750 = UNCERTAINTY_MEASURE_WITH_UNIT (LENGTH_MEASURE( 1.000000000000000082E-05 ), #4748, 'distance_accuracy_value', 'NONE');
#5751 = ORIENTED_EDGE ( 'NONE', *, *, #491, .T. ) ;
#5752 = VERTEX_POINT ( 'NONE', #3808 ) ;
#5753 = SURFACE_STYLE_FILL_AREA ( #6283 ) ;
#5754 = VECTOR ( 'NONE', #1371, 1000.000000000000000 ) ;
#5755 = VECTOR ( 'NONE', #2125, 1000.000000000000000 ) ;
#5756 = COLOUR_RGB ( '',1.000000000000000000, 1.000000000000000000, 1.000000000000000000 ) ;
#5757 = CARTESIAN_POINT ( 'NONE',  ( -0.9960286258184727348, -0.5332195235787651200, 0.3000000000000000444 ) ) ;
#5758 = ORIENTED_EDGE ( 'NONE', *, *, #3715, .F. ) ;
#5759 = PRESENTATION_LAYER_ASSIGNMENT (  '', '', ( #6766 ) ) ;
#5760 = CARTESIAN_POINT ( 'NONE',  ( -2.400000000000001243, 2.100000000000000089, -0.4699999999999998068 ) ) ;
#5762 = SURFACE_STYLE_FILL_AREA ( #5352 ) ;
#5761 =( NAMED_UNIT ( * ) SI_UNIT ( $, .STERADIAN. ) SOLID_ANGLE_UNIT ( ) );
#5763 = AXIS2_PLACEMENT_3D ( 'NONE', #1191, #2785, #3448 ) ;
#5764 = PLANE ( 'NONE',  #1398 ) ;
#5765 = DIRECTION ( 'NONE',  ( 0.0000000000000000000, 0.0000000000000000000, 1.000000000000000000 ) ) ;
#5766 = FILL_AREA_STYLE_COLOUR ( '', #4375 ) ;
#5767 = DIRECTION ( 'NONE',  ( -1.971276677246371519E-16, -1.000000000000000000, -0.0000000000000000000 ) ) ;
#5768 = LINE ( 'NONE', #3043, #1429 ) ;
#5769 = DIRECTION ( 'NONE',  ( -0.0000000000000000000, -0.0000000000000000000, -1.000000000000000000 ) ) ;
#5770 = CARTESIAN_POINT ( 'NONE',  ( 1.700000000000000622, 2.100000000000000089, -0.5699999999999999512 ) ) ;
#5771 = ORIENTED_EDGE ( 'NONE', *, *, #6026, .F. ) ;
#5772 = ADVANCED_FACE ( 'NONE', ( #3120 ), #1630, .F. ) ;
#5773 = EDGE_CURVE ( 'NONE', #4912, #6226, #1114, .T. ) ;
#5774 = DIRECTION ( 'NONE',  ( -0.0000000000000000000, -0.0000000000000000000, -1.000000000000000000 ) ) ;
#5775 = PLANE ( 'NONE',  #732 ) ;
#5776 = ORIENTED_EDGE ( 'NONE', *, *, #520, .T. ) ;
#5777 = SURFACE_STYLE_USAGE ( .BOTH. , #4709 ) ;
#5778 = DIRECTION ( 'NONE',  ( 0.0000000000000000000, 0.0000000000000000000, 1.000000000000000000 ) ) ;
#5779 = DIRECTION ( 'NONE',  ( 7.228014483236695175E-15, 0.0000000000000000000, 1.000000000000000000 ) ) ;
#5780 = AXIS2_PLACEMENT_3D ( 'NONE', #5139, #1460, #383 ) ;
#5781 = ORIENTED_EDGE ( 'NONE', *, *, #2837, .T. ) ;
#5782 = EDGE_CURVE ( 'NONE', #798, #4151, #2058, .T. ) ;
#5783 = SURFACE_SIDE_STYLE ('',( #6827 ) ) ;
#5784 = VERTEX_POINT ( 'NONE', #609 ) ;
#5785 = FILL_AREA_STYLE_COLOUR ( '', #3963 ) ;
#5786 = ORIENTED_EDGE ( 'NONE', *, *, #3874, .F. ) ;
#5787 = FACE_OUTER_BOUND ( 'NONE', #1339, .T. ) ;
#5788 = ORIENTED_EDGE ( 'NONE', *, *, #3846, .F. ) ;
#5789 = PLANE ( 'NONE',  #5403 ) ;
#5790 =( NAMED_UNIT ( * ) SI_UNIT ( $, .STERADIAN. ) SOLID_ANGLE_UNIT ( ) );
#5791 = CARTESIAN_POINT ( 'NONE',  ( 1.930905544980987543, -2.056952929731181268, 0.3000000000000000444 ) ) ;
#5792 = FILL_AREA_STYLE_COLOUR ( '', #1672 ) ;
#5793 = UNCERTAINTY_MEASURE_WITH_UNIT (LENGTH_MEASURE( 1.000000000000000082E-05 ), #2587, 'distance_accuracy_value', 'NONE');
#5794 = SURFACE_STYLE_USAGE ( .BOTH. , #2628 ) ;
#5795 = DIRECTION ( 'NONE',  ( 0.0000000000000000000, 0.0000000000000000000, -1.000000000000000000 ) ) ;
#5796 = FILL_AREA_STYLE ('',( #3698 ) ) ;
#5797 = FACE_OUTER_BOUND ( 'NONE', #3254, .T. ) ;
#5798 = PLANE ( 'NONE',  #2088 ) ;
#5799 = CARTESIAN_POINT ( 'NONE',  ( 0.2103187164337326220, 2.110000814877110997, 0.3500000000000000333 ) ) ;
#5800 = DIRECTION ( 'NONE',  ( -0.0000000000000000000, -0.0000000000000000000, -1.000000000000000000 ) ) ;
#5801 = DIRECTION ( 'NONE',  ( 1.445602896647339114E-15, 0.0000000000000000000, 1.000000000000000000 ) ) ;
#5802 = ORIENTED_EDGE ( 'NONE', *, *, #4307, .T. ) ;
#5803 = DIRECTION ( 'NONE',  ( 0.0000000000000000000, -1.000000000000000000, 0.0000000000000000000 ) ) ;
#5804 = LINE ( 'NONE', #20, #1267 ) ;
#5805 = ORIENTED_EDGE ( 'NONE', *, *, #4381, .F. ) ;
#5806 = PLANE ( 'NONE',  #6636 ) ;
#5807 = CARTESIAN_POINT ( 'NONE',  ( 0.0000000000000000000, 0.0000000000000000000, 0.3007161552948416916 ) ) ;
#5808 = CARTESIAN_POINT ( 'NONE',  ( 0.2103187164337326220, 2.110000814877110997, 0.3500000000000000333 ) ) ;
#5809 = CARTESIAN_POINT ( 'NONE',  ( 1.700000000000000400, 1.200000000000000622, -0.5699999999999999512 ) ) ;
#5810 = LINE ( 'NONE', #550, #1662 ) ;
#5811 = EDGE_CURVE ( 'NONE', #1879, #5486, #6863, .T. ) ;
#5812 = DIRECTION ( 'NONE',  ( 0.9961946980917455452, 0.0000000000000000000, 0.08715574274765820750 ) ) ;
#5813 = EDGE_LOOP ( 'NONE', ( #286, #5523, #1047, #611 ) ) ;
#5814 = UNCERTAINTY_MEASURE_WITH_UNIT (LENGTH_MEASURE( 1.000000000000000082E-05 ), #4680, 'distance_accuracy_value', 'NONE');
#5815 = ORIENTED_EDGE ( 'NONE', *, *, #6565, .T. ) ;
#5816 = CIRCLE ( 'NONE', #1372, 0.3000000000000000444 ) ;
#5817 = ADVANCED_FACE ( 'NONE', ( #2744 ), #5249, .F. ) ;
#5818 = COLOUR_RGB ( '',1.000000000000000000, 0.0000000000000000000, 0.0000000000000000000 ) ;
#5819 = ORIENTED_EDGE ( 'NONE', *, *, #3803, .T. ) ;
#5820 = CARTESIAN_POINT ( 'NONE',  ( -2.463314554501873310, 0.0000000000000000000, -0.6999999999999999556 ) ) ;
#5821 = EDGE_CURVE ( 'NONE', #3322, #389, #2872, .T. ) ;
#5822 = EDGE_CURVE ( 'NONE', #2734, #1256, #689, .T. ) ;
#5823 = AXIS2_PLACEMENT_3D ( 'NONE', #1871, #6716, #2886 ) ;
#5824 = CIRCLE ( 'NONE', #2252, 0.3000000000000000444 ) ;
#5825 = CARTESIAN_POINT ( 'NONE',  ( -1.699999999999999956, 2.081899558550500280E-16, 0.3007161552948416916 ) ) ;
#5826 = ORIENTED_EDGE ( 'NONE', *, *, #5997, .F. ) ;
#5827 = LINE ( 'NONE', #4264, #6272 ) ;
#5828 = ORIENTED_EDGE ( 'NONE', *, *, #4370, .T. ) ;
#5829 =( GEOMETRIC_REPRESENTATION_CONTEXT ( 3 ) GLOBAL_UNCERTAINTY_ASSIGNED_CONTEXT ( ( #252 ) ) GLOBAL_UNIT_ASSIGNED_CONTEXT ( ( #5844, #5332, #3091 ) ) REPRESENTATION_CONTEXT ( 'NONE', 'WORKASPACE' ) );
#5830 = STYLED_ITEM ( 'NONE', ( #1277 ), #862 ) ;
#5831 = ADVANCED_FACE ( 'NONE', ( #4477 ), #2370, .T. ) ;
#5832 =( LENGTH_UNIT ( ) NAMED_UNIT ( * ) SI_UNIT ( .MILLI., .METRE. ) );
#5833 = PRESENTATION_STYLE_ASSIGNMENT (( #6434 ) ) ;
#5834 = CIRCLE ( 'NONE', #1814, 0.3000000000000002665 ) ;
#5835 = FACE_OUTER_BOUND ( 'NONE', #4359, .T. ) ;
#5837 =( NAMED_UNIT ( * ) SI_UNIT ( $, .STERADIAN. ) SOLID_ANGLE_UNIT ( ) );
#5836 =( NAMED_UNIT ( * ) PLANE_ANGLE_UNIT ( ) SI_UNIT ( $, .RADIAN. ) );
#5838 = AXIS2_PLACEMENT_3D ( 'NONE', #182, #3227, #1139 ) ;
#5839 = DIRECTION ( 'NONE',  ( 0.0000000000000000000, 1.000000000000000000, 0.0000000000000000000 ) ) ;
#5840 = ORIENTED_EDGE ( 'NONE', *, *, #657, .T. ) ;
#5841 = AXIS2_PLACEMENT_3D ( 'NONE', #2971, #5548, #802 ) ;
#5842 = DIRECTION ( 'NONE',  ( -0.0000000000000000000, 1.000000000000000000, -0.0000000000000000000 ) ) ;
#5843 = AXIS2_PLACEMENT_3D ( 'NONE', #1587, #4170, #9 ) ;
#5844 =( LENGTH_UNIT ( ) NAMED_UNIT ( * ) SI_UNIT ( .MILLI., .METRE. ) );
#5845 = VERTEX_POINT ( 'NONE', #3340 ) ;
#5846 = FACE_OUTER_BOUND ( 'NONE', #921, .T. ) ;
#5847 =( NAMED_UNIT ( * ) SI_UNIT ( $, .STERADIAN. ) SOLID_ANGLE_UNIT ( ) );
#5848 = DIRECTION ( 'NONE',  ( 0.0000000000000000000, -1.000000000000000000, 0.0000000000000000000 ) ) ;
#5849 = PLANE ( 'NONE',  #3964 ) ;
#5850 =( NAMED_UNIT ( * ) SI_UNIT ( $, .STERADIAN. ) SOLID_ANGLE_UNIT ( ) );
#5851 = COLOUR_RGB ( '',0.1019607843137254888, 0.1019607843137254888, 0.1019607843137254888 ) ;
#5852 = SURFACE_STYLE_FILL_AREA ( #3281 ) ;
#5853 = VERTEX_POINT ( 'NONE', #5458 ) ;
#5854 = COLOUR_RGB ( '',1.000000000000000000, 1.000000000000000000, 1.000000000000000000 ) ;
#5855 = LINE ( 'NONE', #1717, #1632 ) ;
#5856 = MECHANICAL_DESIGN_GEOMETRIC_PRESENTATION_REPRESENTATION (  '', ( #4962 ), #6311 ) ;
#5857 = ORIENTED_EDGE ( 'NONE', *, *, #220, .F. ) ;
#5858 = DIRECTION ( 'NONE',  ( -0.0000000000000000000, -0.0000000000000000000, -1.000000000000000000 ) ) ;
#5859 = VECTOR ( 'NONE', #3011, 1000.000000000000000 ) ;
#5860 = EDGE_CURVE ( 'NONE', #4596, #35, #716, .T. ) ;
#5861 = VECTOR ( 'NONE', #4864, 1000.000000000000000 ) ;
#5862 = LINE ( 'NONE', #4129, #2719 ) ;
#5863 = EDGE_LOOP ( 'NONE', ( #4745, #3057, #2418, #2854 ) ) ;
#5864 = EDGE_CURVE ( 'NONE', #2818, #4912, #5660, .T. ) ;
#5865 = EDGE_CURVE ( 'NONE', #1256, #5039, #6699, .T. ) ;
#5866 = DIRECTION ( 'NONE',  ( 0.0000000000000000000, 1.000000000000000000, 0.0000000000000000000 ) ) ;
#5867 = FILL_AREA_STYLE_COLOUR ( '', #4383 ) ;
#5868 = VERTEX_POINT ( 'NONE', #2446 ) ;
#5869 = STYLED_ITEM ( 'NONE', ( #1670 ), #3575 ) ;
#5870 = DIRECTION ( 'NONE',  ( -1.000000000000000000, 0.0000000000000000000, 0.0000000000000000000 ) ) ;
#5871 = FACE_OUTER_BOUND ( 'NONE', #3975, .T. ) ;
#5872 = PLANE ( 'NONE',  #3689 ) ;
#5873 = COLOUR_RGB ( '',0.8980392156862745390, 0.9215686274509803377, 0.9294117647058823817 ) ;
#5874 = STYLED_ITEM ( 'NONE', ( #1441 ), #6585 ) ;
#5875 = ADVANCED_FACE ( 'NONE', ( #868 ), #1419, .F. ) ;
#5876 = DIRECTION ( 'NONE',  ( -0.0000000000000000000, -0.0000000000000000000, -1.000000000000000000 ) ) ;
#5877 = DIRECTION ( 'NONE',  ( -0.0000000000000000000, -0.0000000000000000000, -1.000000000000000000 ) ) ;
#5879 = SURFACE_STYLE_USAGE ( .BOTH. , #3119 ) ;
#5878 = DIRECTION ( 'NONE',  ( 0.0000000000000000000, 0.0000000000000000000, 1.000000000000000000 ) ) ;
#5880 = VECTOR ( 'NONE', #5193, 1000.000000000000000 ) ;
#5881 =( GEOMETRIC_REPRESENTATION_CONTEXT ( 3 ) GLOBAL_UNCERTAINTY_ASSIGNED_CONTEXT ( ( #6587 ) ) GLOBAL_UNIT_ASSIGNED_CONTEXT ( ( #3845, #88, #2182 ) ) REPRESENTATION_CONTEXT ( 'NONE', 'WORKASPACE' ) );
#5882 = LINE ( 'NONE', #5326, #5513 ) ;
#5883 = DIRECTION ( 'NONE',  ( 1.971276677246371272E-16, 1.000000000000000000, 0.0000000000000000000 ) ) ;
#5884 = EDGE_LOOP ( 'NONE', ( #3429, #2241, #4750, #5232, #2179, #1842 ) ) ;
#5885 = VECTOR ( 'NONE', #3142, 1000.000000000000000 ) ;
#5886 = PLANE ( 'NONE',  #6828 ) ;
#5887 = DIRECTION ( 'NONE',  ( 0.7071067811865474617, 0.7071067811865474617, 0.0000000000000000000 ) ) ;
#5888 = VERTEX_POINT ( 'NONE', #1919 ) ;
#5889 = SURFACE_STYLE_USAGE ( .BOTH. , #3710 ) ;
#5890 = DIRECTION ( 'NONE',  ( 1.000000000000000000, 0.0000000000000000000, 0.0000000000000000000 ) ) ;
#5891 = DIRECTION ( 'NONE',  ( 0.7071067811865474617, 0.7071067811865474617, -0.0000000000000000000 ) ) ;
#5892 = VERTEX_POINT ( 'NONE', #6149 ) ;
#5893 = CARTESIAN_POINT ( 'NONE',  ( -1.700000000000000400, -2.099999999999999645, -0.7699999999999999067 ) ) ;
#5894 = UNCERTAINTY_MEASURE_WITH_UNIT (LENGTH_MEASURE( 1.000000000000000082E-05 ), #1252, 'distance_accuracy_value', 'NONE');
#5895 = EDGE_LOOP ( 'NONE', ( #2574, #2005, #5559, #861 ) ) ;
#5896 = ORIENTED_EDGE ( 'NONE', *, *, #4133, .T. ) ;
#5897 = CARTESIAN_POINT ( 'NONE',  ( 0.4838201673205150821, -0.2871897488101240459, 0.3500000000000000333 ) ) ;
#5898 = FILL_AREA_STYLE ('',( #3585 ) ) ;
#5899 = AXIS2_PLACEMENT_3D ( 'NONE', #362, #5562, #5631 ) ;
#5900 = SURFACE_SIDE_STYLE ('',( #3792 ) ) ;
#5901 = SURFACE_STYLE_USAGE ( .BOTH. , #5933 ) ;
#5902 = CARTESIAN_POINT ( 'NONE',  ( 0.4838201673205150821, -0.2871897488101240459, 0.3500000000000000333 ) ) ;
#5903 = DIRECTION ( 'NONE',  ( 3.043374519257556424E-15, 0.0000000000000000000, -1.000000000000000000 ) ) ;
#5904 = EDGE_LOOP ( 'NONE', ( #4721, #6280, #541, #3972 ) ) ;
#5905 = DIRECTION ( 'NONE',  ( 0.0000000000000000000, 1.000000000000000000, 0.0000000000000000000 ) ) ;
#5906 =( GEOMETRIC_REPRESENTATION_CONTEXT ( 3 ) GLOBAL_UNCERTAINTY_ASSIGNED_CONTEXT ( ( #5793 ) ) GLOBAL_UNIT_ASSIGNED_CONTEXT ( ( #2587, #2663, #1558 ) ) REPRESENTATION_CONTEXT ( 'NONE', 'WORKASPACE' ) );
#5907 = ADVANCED_FACE ( 'NONE', ( #3470 ), #6188, .F. ) ;
#5908 = ADVANCED_FACE ( 'NONE', ( #1875 ), #5046, .F. ) ;
#5909 = CARTESIAN_POINT ( 'NONE',  ( -1.296028625818473667, -0.7287392438591724364, 0.3500000000000000333 ) ) ;
#5910 =( NAMED_UNIT ( * ) PLANE_ANGLE_UNIT ( ) SI_UNIT ( $, .RADIAN. ) );
#5911 = CARTESIAN_POINT ( 'NONE',  ( -2.486873320506370000, 1.200000000000000622, -0.2504719656739949341 ) ) ;
#5913 =( NAMED_UNIT ( * ) SI_UNIT ( $, .STERADIAN. ) SOLID_ANGLE_UNIT ( ) );
#5912 = DIRECTION ( 'NONE',  ( -3.043374519257556424E-15, 0.0000000000000000000, 1.000000000000000000 ) ) ;
#5914 = EDGE_CURVE ( 'NONE', #6691, #5478, #153, .T. ) ;
#5915 = FACE_OUTER_BOUND ( 'NONE', #5200, .T. ) ;
#5916 = ORIENTED_EDGE ( 'NONE', *, *, #2922, .F. ) ;
#5917 = SURFACE_STYLE_USAGE ( .BOTH. , #130 ) ;
#5918 = DIRECTION ( 'NONE',  ( -0.0000000000000000000, -1.000000000000000000, -0.0000000000000000000 ) ) ;
#5919 = VERTEX_POINT ( 'NONE', #5018 ) ;
#5920 = PRESENTATION_STYLE_ASSIGNMENT (( #5889 ) ) ;
#5921 = DIRECTION ( 'NONE',  ( -4.818676322157797375E-16, 1.000000000000000000, 1.751623080406021339E-46 ) ) ;
#5922 = DIRECTION ( 'NONE',  ( -1.000000000000000000, 0.0000000000000000000, 0.0000000000000000000 ) ) ;
#5924 = CARTESIAN_POINT ( 'NONE',  ( 0.5500000000000001554, 2.254834989607331863, -0.6999999999999999556 ) ) ;
#5923 = SURFACE_STYLE_FILL_AREA ( #1678 ) ;
#5925 = CARTESIAN_POINT ( 'NONE',  ( -0.9960286258184738450, -0.1370056143358112655, 0.3500000000000000333 ) ) ;
#5926 = EDGE_LOOP ( 'NONE', ( #1394, #4560, #789, #6046 ) ) ;
#5927 = DIRECTION ( 'NONE',  ( 1.000000000000000000, 1.604850264224746292E-16, 0.0000000000000000000 ) ) ;
#5928 = ORIENTED_EDGE ( 'NONE', *, *, #5048, .F. ) ;
#5929 = FILL_AREA_STYLE_COLOUR ( '', #5419 ) ;
#5930 = ORIENTED_EDGE ( 'NONE', *, *, #2912, .T. ) ;
#5931 = SURFACE_STYLE_USAGE ( .BOTH. , #6421 ) ;
#5932 = SURFACE_STYLE_USAGE ( .BOTH. , #1233 ) ;
#5933 = SURFACE_SIDE_STYLE ('',( #2579 ) ) ;
#5934 = AXIS2_PLACEMENT_3D ( 'NONE', #2132, #4769, #641 ) ;
#5935 = CARTESIAN_POINT ( 'NONE',  ( 1.600000000000000089, -1.099999999999999867, -0.5699999999999999512 ) ) ;
#5936 =( NAMED_UNIT ( * ) SI_UNIT ( $, .STERADIAN. ) SOLID_ANGLE_UNIT ( ) );
#5937 = ORIENTED_EDGE ( 'NONE', *, *, #5265, .F. ) ;
#5938 = CARTESIAN_POINT ( 'NONE',  ( 2.400000000000001243, 1.200000000000000622, -0.4699999999999998068 ) ) ;
#5939 =( LENGTH_UNIT ( ) NAMED_UNIT ( * ) SI_UNIT ( .MILLI., .METRE. ) );
#5940 = CARTESIAN_POINT ( 'NONE',  ( 0.2838201673205150710, 0.2046747618464905827, 0.4500000000000000666 ) ) ;
#5941 = LINE ( 'NONE', #156, #2612 ) ;
#5942 = LINE ( 'NONE', #685, #1913 ) ;
#5943 = VECTOR ( 'NONE', #1469, 1000.000000000000000 ) ;
#5944 = EDGE_CURVE ( 'NONE', #5486, #2399, #2390, .T. ) ;
#5945 = FACE_BOUND ( 'NONE', #4637, .T. ) ;
#5947 = LINE ( 'NONE', #3405, #1084 ) ;
#5946 = CARTESIAN_POINT ( 'NONE',  ( -1.146028625818473756, -0.6832195235787661414, 0.3000000000000000444 ) ) ;
#5948 = COLOUR_RGB ( '',0.8980392156862745390, 0.9215686274509803377, 0.9294117647058823817 ) ;
#5949 = AXIS2_PLACEMENT_3D ( 'NONE', #278, #2367, #1849 ) ;
#5950 = EDGE_CURVE ( 'NONE', #4863, #99, #2351, .T. ) ;
#5951 = EDGE_LOOP ( 'NONE', ( #6379, #6580, #3497, #346 ) ) ;
#5952 = UNCERTAINTY_MEASURE_WITH_UNIT (LENGTH_MEASURE( 1.000000000000000082E-05 ), #3109, 'distance_accuracy_value', 'NONE');
#5953 = CARTESIAN_POINT ( 'NONE',  ( -2.500000000000002220, 2.500000000000002220, 0.0000000000000000000 ) ) ;
#5954 = EDGE_CURVE ( 'NONE', #1872, #3830, #1290, .T. ) ;
#5955 = DIRECTION ( 'NONE',  ( 0.0000000000000000000, 0.0000000000000000000, 1.000000000000000000 ) ) ;
#5956 = ORIENTED_EDGE ( 'NONE', *, *, #1614, .F. ) ;
#5957 = FILL_AREA_STYLE ('',( #3377 ) ) ;
#5958 = FILL_AREA_STYLE_COLOUR ( '', #5540 ) ;
#5959 = DIRECTION ( 'NONE',  ( -1.000000000000000000, 0.0000000000000000000, 0.0000000000000000000 ) ) ;
#5960 = FACE_OUTER_BOUND ( 'NONE', #6559, .T. ) ;
#5961 = VECTOR ( 'NONE', #5387, 1000.000000000000000 ) ;
#5962 = LINE ( 'NONE', #139, #6712 ) ;
#5963 = ORIENTED_EDGE ( 'NONE', *, *, #1105, .F. ) ;
#5964 = ADVANCED_FACE ( 'NONE', ( #2211 ), #3458, .T. ) ;
#5965 = FACE_OUTER_BOUND ( 'NONE', #2791, .T. ) ;
#5966 = ORIENTED_EDGE ( 'NONE', *, *, #4458, .T. ) ;
#5967 =( LENGTH_UNIT ( ) NAMED_UNIT ( * ) SI_UNIT ( .MILLI., .METRE. ) );
#5968 =( GEOMETRIC_REPRESENTATION_CONTEXT ( 3 ) GLOBAL_UNCERTAINTY_ASSIGNED_CONTEXT ( ( #4861 ) ) GLOBAL_UNIT_ASSIGNED_CONTEXT ( ( #4372, #154, #602 ) ) REPRESENTATION_CONTEXT ( 'NONE', 'WORKASPACE' ) );
#5969 = FILL_AREA_STYLE_COLOUR ( '', #1435 ) ;
#5970 = PLANE ( 'NONE',  #92 ) ;
#5971 = DIRECTION ( 'NONE',  ( 3.043374519257556424E-15, -0.0000000000000000000, -1.000000000000000000 ) ) ;
#5972 = CIRCLE ( 'NONE', #2957, 0.3000000000000002665 ) ;
#5973 = UNCERTAINTY_MEASURE_WITH_UNIT (LENGTH_MEASURE( 1.000000000000000082E-05 ), #1292, 'distance_accuracy_value', 'NONE');
#5974 = PRESENTATION_STYLE_ASSIGNMENT (( #3795 ) ) ;
#5975 = ORIENTED_EDGE ( 'NONE', *, *, #3874, .T. ) ;
#5976 = SURFACE_STYLE_FILL_AREA ( #6500 ) ;
#5977 = COLOUR_RGB ( '',0.8980392156862745390, 0.9215686274509803377, 0.9294117647058823817 ) ;
#5978 = VECTOR ( 'NONE', #232, 1000.000000000000000 ) ;
#5979 = DIRECTION ( 'NONE',  ( -0.0000000000000000000, -1.000000000000000000, -0.0000000000000000000 ) ) ;
#5980 = STYLED_ITEM ( 'NONE', ( #2741 ), #3087 ) ;
#5981 = CARTESIAN_POINT ( 'NONE',  ( -1.296028625818474778, 0.8251250982098669029, 0.3500000000000000333 ) ) ;
#5982 =( GEOMETRIC_REPRESENTATION_CONTEXT ( 3 ) GLOBAL_UNCERTAINTY_ASSIGNED_CONTEXT ( ( #2467 ) ) GLOBAL_UNIT_ASSIGNED_CONTEXT ( ( #2413, #3509, #1380 ) ) REPRESENTATION_CONTEXT ( 'NONE', 'WORKASPACE' ) );
#5984 = PLANE ( 'NONE',  #3790 ) ;
#5983 = DIRECTION ( 'NONE',  ( 0.0000000000000000000, -0.0000000000000000000, -1.000000000000000000 ) ) ;
#5985 = CARTESIAN_POINT ( 'NONE',  ( 2.500000000000001332, -2.099999999999999645, -0.4700000000000001399 ) ) ;
#5986 = STYLED_ITEM ( 'NONE', ( #6688 ), #3224 ) ;
#5987 = FILL_AREA_STYLE_COLOUR ( '', #5669 ) ;
#5988 = ORIENTED_EDGE ( 'NONE', *, *, #6161, .F. ) ;
#5989 = LINE ( 'NONE', #1218, #514 ) ;
#5990 = LINE ( 'NONE', #1219, #6171 ) ;
#5991 = ORIENTED_EDGE ( 'NONE', *, *, #4376, .T. ) ;
#5992 = COLOUR_RGB ( '',0.8313725490196077761, 0.8392156862745098200, 0.8313725490196077761 ) ;
#5993 = LINE ( 'NONE', #1221, #4532 ) ;
#5994 =( NAMED_UNIT ( * ) SI_UNIT ( $, .STERADIAN. ) SOLID_ANGLE_UNIT ( ) );
#5995 =( GEOMETRIC_REPRESENTATION_CONTEXT ( 3 ) GLOBAL_UNCERTAINTY_ASSIGNED_CONTEXT ( ( #1446 ) ) GLOBAL_UNIT_ASSIGNED_CONTEXT ( ( #5499, #2287, #6027 ) ) REPRESENTATION_CONTEXT ( 'NONE', 'WORKASPACE' ) );
#5996 = CARTESIAN_POINT ( 'NONE',  ( -1.146028625818473756, -0.1370056143358112655, 0.3000000000000000444 ) ) ;
#5997 = EDGE_CURVE ( 'NONE', #2569, #586, #1363, .T. ) ;
#5998 = PRESENTATION_LAYER_ASSIGNMENT (  '', '', ( #4216 ) ) ;
#5999 = EDGE_CURVE ( 'NONE', #4708, #5888, #1663, .T. ) ;
#6000 = DIRECTION ( 'NONE',  ( 0.0000000000000000000, -1.000000000000000000, -0.0000000000000000000 ) ) ;
#6001 = VERTEX_POINT ( 'NONE', #3255 ) ;
#6002 = CYLINDRICAL_SURFACE ( 'NONE', #5623, 0.1499999999999999667 ) ;
#6003 = ORIENTED_EDGE ( 'NONE', *, *, #5265, .T. ) ;
#6004 = SURFACE_STYLE_FILL_AREA ( #2228 ) ;
#6005 = EDGE_CURVE ( 'NONE', #4190, #6345, #4427, .T. ) ;
#6006 = FACE_OUTER_BOUND ( 'NONE', #4050, .T. ) ;
#6007 = ORIENTED_EDGE ( 'NONE', *, *, #4248, .T. ) ;
#6008 =( GEOMETRIC_REPRESENTATION_CONTEXT ( 3 ) GLOBAL_UNCERTAINTY_ASSIGNED_CONTEXT ( ( #149 ) ) GLOBAL_UNIT_ASSIGNED_CONTEXT ( ( #5691, #2416, #3997 ) ) REPRESENTATION_CONTEXT ( 'NONE', 'WORKASPACE' ) );
#6009 = MECHANICAL_DESIGN_GEOMETRIC_PRESENTATION_REPRESENTATION (  '', ( #800 ), #5906 ) ;
#6010 = DIRECTION ( 'NONE',  ( 0.05233595624294388321, -0.0000000000000000000, 0.9986295347545739443 ) ) ;
#6011 =( NAMED_UNIT ( * ) PLANE_ANGLE_UNIT ( ) SI_UNIT ( $, .RADIAN. ) );
#6012 = EDGE_LOOP ( 'NONE', ( #5091, #5045, #1087, #1103 ) ) ;
#6013 = UNCERTAINTY_MEASURE_WITH_UNIT (LENGTH_MEASURE( 1.000000000000000082E-05 ), #1424, 'distance_accuracy_value', 'NONE');
#6014 = FACE_OUTER_BOUND ( 'NONE', #2803, .T. ) ;
#6015 = SURFACE_STYLE_FILL_AREA ( #3343 ) ;
#6016 = VERTEX_POINT ( 'NONE', #5381 ) ;
#6017 = DIRECTION ( 'NONE',  ( 0.0000000000000000000, 0.0000000000000000000, 1.000000000000000000 ) ) ;
#6018 = CARTESIAN_POINT ( 'NONE',  ( 0.0000000000000000000, 0.0000000000000000000, 0.0000000000000000000 ) ) ;
#6019 = DIRECTION ( 'NONE',  ( -0.0000000000000000000, -0.0000000000000000000, -1.000000000000000000 ) ) ;
#6020 = VERTEX_POINT ( 'NONE', #2735 ) ;
#6021 = DIRECTION ( 'NONE',  ( 0.0000000000000000000, 0.0000000000000000000, -1.000000000000000000 ) ) ;
#6022 =( LENGTH_UNIT ( ) NAMED_UNIT ( * ) SI_UNIT ( .MILLI., .METRE. ) );
#6023 = ORIENTED_EDGE ( 'NONE', *, *, #710, .F. ) ;
#6024 = ORIENTED_EDGE ( 'NONE', *, *, #5865, .T. ) ;
#6025 = DIRECTION ( 'NONE',  ( 1.000000000000000000, 0.0000000000000000000, -0.0000000000000000000 ) ) ;
#6026 = EDGE_CURVE ( 'NONE', #3059, #5393, #6101, .T. ) ;
#6027 =( NAMED_UNIT ( * ) SI_UNIT ( $, .STERADIAN. ) SOLID_ANGLE_UNIT ( ) );
#6028 = LINE ( 'NONE', #3531, #4663 ) ;
#6029 =( NAMED_UNIT ( * ) SI_UNIT ( $, .STERADIAN. ) SOLID_ANGLE_UNIT ( ) );
#6030 = EDGE_CURVE ( 'NONE', #4678, #4610, #6582, .T. ) ;
#6031 = UNCERTAINTY_MEASURE_WITH_UNIT (LENGTH_MEASURE( 1.000000000000000082E-05 ), #6870, 'distance_accuracy_value', 'NONE');
#6032 = ORIENTED_EDGE ( 'NONE', *, *, #771, .F. ) ;
#6033 = ORIENTED_EDGE ( 'NONE', *, *, #3083, .F. ) ;
#6034 = EDGE_CURVE ( 'NONE', #4215, #3018, #105, .T. ) ;
#6035 = ADVANCED_FACE ( 'NONE', ( #4047 ), #5121, .F. ) ;
#6036 = SURFACE_STYLE_USAGE ( .BOTH. , #3832 ) ;
#6037 = CARTESIAN_POINT ( 'NONE',  ( 1.700000000000000400, -2.099999999999999645, -0.5699999999999999512 ) ) ;
#6038 = CARTESIAN_POINT ( 'NONE',  ( 1.562305442492824215, -0.8360159872360380939, 0.3500000000000000333 ) ) ;
#6039 = EDGE_CURVE ( 'NONE', #3891, #345, #1533, .T. ) ;
#6040 =( GEOMETRIC_REPRESENTATION_CONTEXT ( 3 ) GLOBAL_UNCERTAINTY_ASSIGNED_CONTEXT ( ( #6572 ) ) GLOBAL_UNIT_ASSIGNED_CONTEXT ( ( #2960, #1444, #6179 ) ) REPRESENTATION_CONTEXT ( 'NONE', 'WORKASPACE' ) );
#6042 = DIRECTION ( 'NONE',  ( -1.000000000000000000, -0.0000000000000000000, -0.0000000000000000000 ) ) ;
#6041 = FILL_AREA_STYLE_COLOUR ( '', #2290 ) ;
#6043 = SURFACE_STYLE_FILL_AREA ( #4382 ) ;
#6044 = VECTOR ( 'NONE', #6058, 1000.000000000000114 ) ;
#6045 = AXIS2_PLACEMENT_3D ( 'NONE', #2914, #3483, #4038 ) ;
#6046 = ORIENTED_EDGE ( 'NONE', *, *, #2795, .T. ) ;
#6047 = FACE_OUTER_BOUND ( 'NONE', #4009, .T. ) ;
#6048 = ORIENTED_EDGE ( 'NONE', *, *, #7, .T. ) ;
#6049 = DIRECTION ( 'NONE',  ( -1.000000000000000000, 0.0000000000000000000, 0.0000000000000000000 ) ) ;
#6050 =( NAMED_UNIT ( * ) PLANE_ANGLE_UNIT ( ) SI_UNIT ( $, .RADIAN. ) );
#6051 = FILL_AREA_STYLE ('',( #1793 ) ) ;
#6052 = PRESENTATION_LAYER_ASSIGNMENT (  '', '', ( #5491 ) ) ;
#6053 = SURFACE_STYLE_FILL_AREA ( #6090 ) ;
#6054 = STYLED_ITEM ( 'NONE', ( #2242 ), #784 ) ;
#6055 = ORIENTED_EDGE ( 'NONE', *, *, #5133, .F. ) ;
#6056 = VECTOR ( 'NONE', #1412, 1000.000000000000000 ) ;
#6057 = CARTESIAN_POINT ( 'NONE',  ( -2.400000000000002132, 2.100000000000000089, -0.2999999999999993783 ) ) ;
#6058 = DIRECTION ( 'NONE',  ( -0.08682659386424762538, 0.08682659386424762538, -0.9924325091389669673 ) ) ;
#6059 = ORIENTED_EDGE ( 'NONE', *, *, #1621, .T. ) ;
#6060 = SURFACE_SIDE_STYLE ('',( #1750 ) ) ;
#6061 = EDGE_LOOP ( 'NONE', ( #177, #4021, #4228, #1742 ) ) ;
#6062 = FILL_AREA_STYLE ('',( #6137 ) ) ;
#6063 = LINE ( 'NONE', #267, #4989 ) ;
#6064 = ORIENTED_EDGE ( 'NONE', *, *, #148, .F. ) ;
#6065 = ORIENTED_EDGE ( 'NONE', *, *, #1323, .F. ) ;
#6066 = VECTOR ( 'NONE', #1138, 1000.000000000000114 ) ;
#6067 = EDGE_LOOP ( 'NONE', ( #289, #3295, #417, #6608 ) ) ;
#6068 = FACE_BOUND ( 'NONE', #152, .T. ) ;
#6069 = CARTESIAN_POINT ( 'NONE',  ( 2.471716000805965763, -1.199999999999999734, -0.5396908546970038412 ) ) ;
#6070 = EDGE_CURVE ( 'NONE', #5845, #396, #2992, .T. ) ;
#6071 = MECHANICAL_DESIGN_GEOMETRIC_PRESENTATION_REPRESENTATION (  '', ( #4959 ), #6412 ) ;
#6072 = MECHANICAL_DESIGN_GEOMETRIC_PRESENTATION_REPRESENTATION (  '', ( #6850 ), #1628 ) ;
#6073 = EDGE_CURVE ( 'NONE', #2086, #566, #4710, .T. ) ;
#6074 = EDGE_CURVE ( 'NONE', #2734, #6265, #1903, .T. ) ;
#6075 = PRESENTATION_STYLE_ASSIGNMENT (( #4998 ) ) ;
#6076 = STYLED_ITEM ( 'NONE', ( #4597 ), #2672 ) ;
#6077 = AXIS2_PLACEMENT_3D ( 'NONE', #2702, #4833, #645 ) ;
#6079 = CARTESIAN_POINT ( 'NONE',  ( -0.1415856775653445976, 0.4413501301401799304, 0.4500000000000000666 ) ) ;
#6078 = CARTESIAN_POINT ( 'NONE',  ( -0.03316504619021998224, -2.056952929731181712, 0.3500000000000000333 ) ) ;
#6080 = DIRECTION ( 'NONE',  ( 0.0000000000000000000, 1.000000000000000000, 0.0000000000000000000 ) ) ;
#6081 = STYLED_ITEM ( 'NONE', ( #5667 ), #2847 ) ;
#6082 = ADVANCED_FACE ( 'NONE', ( #5151 ), #6174, .F. ) ;
#6083 = AXIS2_PLACEMENT_3D ( 'NONE', #5569, #4536, #1694 ) ;
#6084 = EDGE_LOOP ( 'NONE', ( #2964, #2842, #825, #4443 ) ) ;
#6085 = UNCERTAINTY_MEASURE_WITH_UNIT (LENGTH_MEASURE( 1.000000000000000082E-05 ), #1476, 'distance_accuracy_value', 'NONE');
#6086 = SURFACE_SIDE_STYLE ('',( #2373 ) ) ;
#6087 = EDGE_LOOP ( 'NONE', ( #5351, #2029, #5574, #1569 ) ) ;
#6088 = AXIS2_PLACEMENT_3D ( 'NONE', #1370, #1699, #5712 ) ;
#6089 =( GEOMETRIC_REPRESENTATION_CONTEXT ( 3 ) GLOBAL_UNCERTAINTY_ASSIGNED_CONTEXT ( ( #3101 ) ) GLOBAL_UNIT_ASSIGNED_CONTEXT ( ( #4423, #6050, #3907 ) ) REPRESENTATION_CONTEXT ( 'NONE', 'WORKASPACE' ) );
#6090 = FILL_AREA_STYLE ('',( #1824 ) ) ;
#6091 = PRESENTATION_LAYER_ASSIGNMENT (  '', '', ( #678 ) ) ;
#6092 = ORIENTED_EDGE ( 'NONE', *, *, #5049, .T. ) ;
#6093 = MECHANICAL_DESIGN_GEOMETRIC_PRESENTATION_REPRESENTATION (  '', ( #6435 ), #982 ) ;
#6094 = PLANE ( 'NONE',  #6045 ) ;
#6095 = MECHANICAL_DESIGN_GEOMETRIC_PRESENTATION_REPRESENTATION (  '', ( #5439 ), #3327 ) ;
#6096 = PRESENTATION_STYLE_ASSIGNMENT (( #4634 ) ) ;
#6097 = ORIENTED_EDGE ( 'NONE', *, *, #4719, .T. ) ;
#6098 = CARTESIAN_POINT ( 'NONE',  ( -0.1831650461902200044, -0.6832195235787650311, 0.3000000000000000444 ) ) ;
#6099 = ORIENTED_EDGE ( 'NONE', *, *, #1445, .F. ) ;
#6100 = CARTESIAN_POINT ( 'NONE',  ( 2.470127565808668990, 1.099999999999999645, -0.5699999999999999512 ) ) ;
#6101 = LINE ( 'NONE', #1176, #5861 ) ;
#6102 = SURFACE_STYLE_FILL_AREA ( #1332 ) ;
#6103 = AXIS2_PLACEMENT_3D ( 'NONE', #2335, #5370, #4288 ) ;
#6104 = VECTOR ( 'NONE', #5464, 1000.000000000000000 ) ;
#6105 = STYLED_ITEM ( 'NONE', ( #6454 ), #6718 ) ;
#6106 = DIRECTION ( 'NONE',  ( 4.818676322157797375E-16, 1.000000000000000000, 1.751623080406021339E-46 ) ) ;
#6107 = ORIENTED_EDGE ( 'NONE', *, *, #5655, .F. ) ;
#6108 = CARTESIAN_POINT ( 'NONE',  ( -0.1415856775653445976, 0.4413501301401799304, 0.3500000000000000333 ) ) ;
#6109 = ORIENTED_EDGE ( 'NONE', *, *, #1116, .F. ) ;
#6110 = AXIS2_PLACEMENT_3D ( 'NONE', #3469, #5135, #380 ) ;
#6111 = FILL_AREA_STYLE ('',( #6622 ) ) ;
#6112 = ORIENTED_EDGE ( 'NONE', *, *, #4600, .T. ) ;
#6113 = DIRECTION ( 'NONE',  ( -0.0000000000000000000, 1.000000000000000000, -0.0000000000000000000 ) ) ;
#6114 = DIRECTION ( 'NONE',  ( -0.0000000000000000000, 0.0000000000000000000, 1.000000000000000000 ) ) ;
#6115 = CARTESIAN_POINT ( 'NONE',  ( 0.2103187164337324833, 0.4570589046025521629, 0.3500000000000000333 ) ) ;
#6116 = CARTESIAN_POINT ( 'NONE',  ( -0.5500000000000001554, 2.254834989607331863, -0.5699999999999999512 ) ) ;
#6118 =( NAMED_UNIT ( * ) SI_UNIT ( $, .STERADIAN. ) SOLID_ANGLE_UNIT ( ) );
#6117 = DIRECTION ( 'NONE',  ( -1.000000000000000000, 1.522241498270670007E-16, -0.0000000000000000000 ) ) ;
#6119 = EDGE_CURVE ( 'NONE', #5888, #334, #1440, .T. ) ;
#6120 = EDGE_CURVE ( 'NONE', #1479, #4609, #5279, .T. ) ;
#6121 = DIRECTION ( 'NONE',  ( 1.000000000000000000, 0.0000000000000000000, -0.0000000000000000000 ) ) ;
#6122 = PLANE ( 'NONE',  #3580 ) ;
#6123 = EDGE_LOOP ( 'NONE', ( #1686, #6023, #6829, #591 ) ) ;
#6124 = MECHANICAL_DESIGN_GEOMETRIC_PRESENTATION_REPRESENTATION (  '', ( #473 ), #2787 ) ;
#6125 = CARTESIAN_POINT ( 'NONE',  ( 0.2838201673205150710, 1.116322564166215559, 0.4500000000000000666 ) ) ;
#6126 = ORIENTED_EDGE ( 'NONE', *, *, #5367, .F. ) ;
#6127 =( NAMED_UNIT ( * ) SI_UNIT ( $, .STERADIAN. ) SOLID_ANGLE_UNIT ( ) );
#6128 = EDGE_CURVE ( 'NONE', #4678, #4153, #6537, .T. ) ;
#6129 = CARTESIAN_POINT ( 'NONE',  ( -1.599999999999999867, 1.100000000000000089, -0.5699999999999999512 ) ) ;
#6130 = FACE_OUTER_BOUND ( 'NONE', #6640, .T. ) ;
#6131 = ORIENTED_EDGE ( 'NONE', *, *, #5406, .F. ) ;
#6132 = CARTESIAN_POINT ( 'NONE',  ( 1.600000000000000311, 1.099999999999999867, -0.5699999999999999512 ) ) ;
#6133 = CARTESIAN_POINT ( 'NONE',  ( 2.471716000805965763, -2.099999999999999645, -0.5396908546970038412 ) ) ;
#6134 = ORIENTED_EDGE ( 'NONE', *, *, #6565, .F. ) ;
#6135 = FACE_OUTER_BOUND ( 'NONE', #4686, .T. ) ;
#6136 = ORIENTED_EDGE ( 'NONE', *, *, #3583, .T. ) ;
#6137 = FILL_AREA_STYLE_COLOUR ( '', #3193 ) ;
#6138 = CARTESIAN_POINT ( 'NONE',  ( -2.400000000000001243, -2.099999999999999645, -0.4699999999999998068 ) ) ;
#6139 = VERTEX_POINT ( 'NONE', #4243 ) ;
#6140 = CARTESIAN_POINT ( 'NONE',  ( -0.9960286258184727348, -0.5332195235787651200, 0.3500000000000000333 ) ) ;
#6141 = ORIENTED_EDGE ( 'NONE', *, *, #3916, .T. ) ;
#6142 = FILL_AREA_STYLE ('',( #4020 ) ) ;
#6143 = ORIENTED_EDGE ( 'NONE', *, *, #1095, .F. ) ;
#6144 = PRESENTATION_STYLE_ASSIGNMENT (( #4545 ) ) ;
#6145 = DIRECTION ( 'NONE',  ( -1.776016655323403858E-16, 1.000000000000000000, 0.0000000000000000000 ) ) ;
#6146 = PLANE ( 'NONE',  #6701 ) ;
#6148 = FILL_AREA_STYLE ('',( #5689 ) ) ;
#6147 =( NAMED_UNIT ( * ) PLANE_ANGLE_UNIT ( ) SI_UNIT ( $, .RADIAN. ) );
#6149 = CARTESIAN_POINT ( 'NONE',  ( 0.4838201673205150821, 0.2046747618464905827, 0.4500000000000000666 ) ) ;
#6150 = CLOSED_SHELL ( 'NONE', ( #570, #1666, #4297, #930, #4547, #5226 ) ) ;
#6151 = PRESENTATION_STYLE_ASSIGNMENT (( #4619 ) ) ;
#6152 = PRESENTATION_STYLE_ASSIGNMENT (( #4137 ) ) ;
#6153 = EDGE_CURVE ( 'NONE', #4091, #191, #1496, .T. ) ;
#6154 = VECTOR ( 'NONE', #6775, 1000.000000000000000 ) ;
#6155 = STYLED_ITEM ( 'NONE', ( #955 ), #235 ) ;
#6156 = DIRECTION ( 'NONE',  ( 0.0000000000000000000, 0.0000000000000000000, 1.000000000000000000 ) ) ;
#6157 = ORIENTED_EDGE ( 'NONE', *, *, #2911, .F. ) ;
#6158 = CARTESIAN_POINT ( 'NONE',  ( 1.930905544980987543, 2.110000814877110997, 0.3500000000000000333 ) ) ;
#6159 = SURFACE_STYLE_USAGE ( .BOTH. , #3666 ) ;
#6160 = VECTOR ( 'NONE', #5635, 1000.000000000000000 ) ;
#6161 = EDGE_CURVE ( 'NONE', #4151, #3948, #1529, .T. ) ;
#6162 = LINE ( 'NONE', #4111, #1881 ) ;
#6163 = VECTOR ( 'NONE', #1715, 1000.000000000000000 ) ;
#6164 = ORIENTED_EDGE ( 'NONE', *, *, #5475, .T. ) ;
#6165 = EDGE_CURVE ( 'NONE', #1257, #4863, #6362, .T. ) ;
#6166 = EDGE_CURVE ( 'NONE', #5784, #3486, #1033, .T. ) ;
#6167 = DIRECTION ( 'NONE',  ( -0.0000000000000000000, -1.000000000000000000, -0.0000000000000000000 ) ) ;
#6168 = LINE ( 'NONE', #2491, #4157 ) ;
#6169 = EDGE_LOOP ( 'NONE', ( #1327, #988, #2293, #777 ) ) ;
#6170 = CARTESIAN_POINT ( 'NONE',  ( 0.0000000000000000000, 1.200000000000000622, -0.5699999999999999512 ) ) ;
#6171 = VECTOR ( 'NONE', #49, 1000.000000000000000 ) ;
#6172 =( GEOMETRIC_REPRESENTATION_CONTEXT ( 3 ) GLOBAL_UNCERTAINTY_ASSIGNED_CONTEXT ( ( #3444 ) ) GLOBAL_UNIT_ASSIGNED_CONTEXT ( ( #5396, #1705, #6448 ) ) REPRESENTATION_CONTEXT ( 'NONE', 'WORKASPACE' ) );
#6173 = ORIENTED_EDGE ( 'NONE', *, *, #5728, .F. ) ;
#6174 = PLANE ( 'NONE',  #5640 ) ;
#6175 = DIRECTION ( 'NONE',  ( -2.409338161078899674E-16, 1.000000000000000000, 0.0000000000000000000 ) ) ;
#6176 = AXIS2_PLACEMENT_3D ( 'NONE', #1303, #4023, #6183 ) ;
#6177 = ORIENTED_EDGE ( 'NONE', *, *, #1323, .T. ) ;
#6178 = EDGE_CURVE ( 'NONE', #6561, #5251, #470, .T. ) ;
#6179 =( NAMED_UNIT ( * ) SI_UNIT ( $, .STERADIAN. ) SOLID_ANGLE_UNIT ( ) );
#6180 = ORIENTED_EDGE ( 'NONE', *, *, #6026, .T. ) ;
#6181 = DIRECTION ( 'NONE',  ( 2.409338161078899674E-16, 1.000000000000000000, -0.0000000000000000000 ) ) ;
#6182 = EDGE_LOOP ( 'NONE', ( #2951, #3942, #1893, #6032 ) ) ;
#6183 = DIRECTION ( 'NONE',  ( -1.000000000000000000, 0.0000000000000000000, 0.0000000000000000000 ) ) ;
#6184 = PRESENTATION_LAYER_ASSIGNMENT (  '', '', ( #1510 ) ) ;
#6185 = MECHANICAL_DESIGN_GEOMETRIC_PRESENTATION_REPRESENTATION (  '', ( #2382 ), #5968 ) ;
#6186 = PLANE ( 'NONE',  #4046 ) ;
#6187 = DIRECTION ( 'NONE',  ( -0.0000000000000000000, -0.0000000000000000000, 1.000000000000000000 ) ) ;
#6188 = PLANE ( 'NONE',  #4870 ) ;
#6189 = COLOUR_RGB ( '',0.8980392156862745390, 0.9215686274509803377, 0.9294117647058823817 ) ;
#6190 = LINE ( 'NONE', #5028, #5433 ) ;
#6191 = STYLED_ITEM ( 'NONE', ( #1052 ), #2549 ) ;
#6192 = VECTOR ( 'NONE', #5218, 1000.000000000000000 ) ;
#6193 = ORIENTED_EDGE ( 'NONE', *, *, #1269, .T. ) ;
#6194 = SURFACE_STYLE_USAGE ( .BOTH. , #2563 ) ;
#6195 = FILL_AREA_STYLE ('',( #4625 ) ) ;
#6196 = STYLED_ITEM ( 'NONE', ( #4943 ), #2827 ) ;
#6197 = LINE ( 'NONE', #6646, #2664 ) ;
#6198 = AXIS2_PLACEMENT_3D ( 'NONE', #5938, #4465, #851 ) ;
#6199 = EDGE_LOOP ( 'NONE', ( #6126, #1581, #3015, #2282, #886, #6751, #6864, #5117, #1136 ) ) ;
#6200 = LINE ( 'NONE', #4529, #4272 ) ;
#6201 = ORIENTED_EDGE ( 'NONE', *, *, #2542, .F. ) ;
#6202 = AXIS2_PLACEMENT_3D ( 'NONE', #1024, #3686, #3578 ) ;
#6203 = ORIENTED_EDGE ( 'NONE', *, *, #3449, .F. ) ;
#6204 = DIRECTION ( 'NONE',  ( 0.0000000000000000000, 1.000000000000000000, 0.0000000000000000000 ) ) ;
#6205 = DIRECTION ( 'NONE',  ( 1.000000000000000000, 2.710505431213759113E-16, 0.0000000000000000000 ) ) ;
#6206 = CARTESIAN_POINT ( 'NONE',  ( 0.2103187164337324833, 0.4570589046025521629, 0.3000000000000000444 ) ) ;
#6207 = EDGE_CURVE ( 'NONE', #4667, #3486, #3118, .T. ) ;
#6208 = EDGE_CURVE ( 'NONE', #761, #5573, #536, .T. ) ;
#6209 = LINE ( 'NONE', #2543, #6647 ) ;
#6210 = ORIENTED_EDGE ( 'NONE', *, *, #1810, .T. ) ;
#6211 = DIRECTION ( 'NONE',  ( 1.194186020286707760E-16, -1.000000000000000000, 0.0000000000000000000 ) ) ;
#6212 = ORIENTED_EDGE ( 'NONE', *, *, #2447, .T. ) ;
#6213 = SURFACE_STYLE_USAGE ( .BOTH. , #6281 ) ;
#6214 = ORIENTED_EDGE ( 'NONE', *, *, #5566, .T. ) ;
#6215 = VECTOR ( 'NONE', #793, 1000.000000000000000 ) ;
#6216 = VECTOR ( 'NONE', #1993, 1000.000000000000114 ) ;
#6217 = EDGE_CURVE ( 'NONE', #5270, #4433, #5768, .T. ) ;
#6218 = DIRECTION ( 'NONE',  ( 0.0000000000000000000, 1.000000000000000000, 0.0000000000000000000 ) ) ;
#6219 = PRESENTATION_LAYER_ASSIGNMENT (  '', '', ( #2302 ) ) ;
#6220 = FACE_OUTER_BOUND ( 'NONE', #3362, .T. ) ;
#6221 = CARTESIAN_POINT ( 'NONE',  ( -2.470127565808668990, 2.500000000000002220, -0.5699999999999999512 ) ) ;
#6222 = LINE ( 'NONE', #4661, #6216 ) ;
#6223 = CARTESIAN_POINT ( 'NONE',  ( 0.2103187164337327886, -2.056952929731181712, 0.3000000000000000444 ) ) ;
#6224 = FILL_AREA_STYLE ('',( #1858 ) ) ;
#6225 =( LENGTH_UNIT ( ) NAMED_UNIT ( * ) SI_UNIT ( .MILLI., .METRE. ) );
#6226 = VERTEX_POINT ( 'NONE', #3665 ) ;
#6227 = AXIS2_PLACEMENT_3D ( 'NONE', #2625, #6332, #6841 ) ;
#6228 = DIRECTION ( 'NONE',  ( -0.0000000000000000000, -0.0000000000000000000, -1.000000000000000000 ) ) ;
#6229 =( NAMED_UNIT ( * ) SI_UNIT ( $, .STERADIAN. ) SOLID_ANGLE_UNIT ( ) );
#6230 = CARTESIAN_POINT ( 'NONE',  ( 2.400000000000001243, 1.200000000000001954, -0.7699999999999999067 ) ) ;
#6231 = VECTOR ( 'NONE', #4414, 1000.000000000000000 ) ;
#6232 = ORIENTED_EDGE ( 'NONE', *, *, #3589, .F. ) ;
#6233 = LINE ( 'NONE', #2602, #4390 ) ;
#6234 = CARTESIAN_POINT ( 'NONE',  ( -0.9960286258184727348, -0.2870056143358112877, 0.3500000000000000333 ) ) ;
#6235 = ORIENTED_EDGE ( 'NONE', *, *, #532, .T. ) ;
#6236 =( NAMED_UNIT ( * ) SI_UNIT ( $, .STERADIAN. ) SOLID_ANGLE_UNIT ( ) );
#6237 =( NAMED_UNIT ( * ) PLANE_ANGLE_UNIT ( ) SI_UNIT ( $, .RADIAN. ) );
#6238 = SURFACE_STYLE_FILL_AREA ( #1012 ) ;
#6239 = DIRECTION ( 'NONE',  ( 0.05226442768871396305, -0.05226442768871396305, 0.9972646886342373396 ) ) ;
#6240 = DIRECTION ( 'NONE',  ( -0.0000000000000000000, 0.0000000000000000000, -1.000000000000000000 ) ) ;
#6241 = ORIENTED_EDGE ( 'NONE', *, *, #2055, .T. ) ;
#6242 = CARTESIAN_POINT ( 'NONE',  ( 2.500000000000002220, 1.200000000000000622, 0.0000000000000000000 ) ) ;
#6243 = ORIENTED_EDGE ( 'NONE', *, *, #481, .T. ) ;
#6244 = EDGE_CURVE ( 'NONE', #373, #836, #215, .T. ) ;
#6245 = FACE_OUTER_BOUND ( 'NONE', #4853, .T. ) ;
#6246 = EDGE_LOOP ( 'NONE', ( #1840, #3461, #3310, #2884 ) ) ;
#6247 = DIRECTION ( 'NONE',  ( 1.000000000000000000, -0.0000000000000000000, -0.0000000000000000000 ) ) ;
#6248 = CARTESIAN_POINT ( 'NONE',  ( -2.400000000000001243, -2.099999999999999645, -0.5700000000000000622 ) ) ;
#6249 = EDGE_CURVE ( 'NONE', #5868, #2121, #1964, .T. ) ;
#6250 = ORIENTED_EDGE ( 'NONE', *, *, #4222, .F. ) ;
#6251 = EDGE_CURVE ( 'NONE', #4435, #761, #768, .T. ) ;
#6252 = ADVANCED_FACE ( 'NONE', ( #4772 ), #3625, .T. ) ;
#6253 =( NAMED_UNIT ( * ) PLANE_ANGLE_UNIT ( ) SI_UNIT ( $, .RADIAN. ) );
#6254 = DIRECTION ( 'NONE',  ( 0.0000000000000000000, 0.0000000000000000000, 1.000000000000000000 ) ) ;
#6255 = LINE ( 'NONE', #5170, #3898 ) ;
#6256 =( NAMED_UNIT ( * ) PLANE_ANGLE_UNIT ( ) SI_UNIT ( $, .RADIAN. ) );
#6257 = CARTESIAN_POINT ( 'NONE',  ( -2.500000000000002220, -2.500000000000002220, 0.0000000000000000000 ) ) ;
#6258 = EDGE_CURVE ( 'NONE', #6289, #1932, #4909, .T. ) ;
#6259 = LINE ( 'NONE', #4733, #1727 ) ;
#6260 = CARTESIAN_POINT ( 'NONE',  ( 0.2838201673205150710, 0.9163225641662154919, 0.3500000000000000333 ) ) ;
#6261 = CARTESIAN_POINT ( 'NONE',  ( -0.1831650461902200044, -0.1370056143358111267, 0.3500000000000000333 ) ) ;
#6262 = DIRECTION ( 'NONE',  ( 0.0000000000000000000, 0.0000000000000000000, 1.000000000000000000 ) ) ;
#6263 = LINE ( 'NONE', #5144, #2883 ) ;
#6264 = AXIS2_PLACEMENT_3D ( 'NONE', #353, #4060, #1518 ) ;
#6265 = VERTEX_POINT ( 'NONE', #4350 ) ;
#6266 = PLANE ( 'NONE',  #2591 ) ;
#6267 = SURFACE_STYLE_USAGE ( .BOTH. , #1076 ) ;
#6268 = VERTEX_POINT ( 'NONE', #4274 ) ;
#6269 = CARTESIAN_POINT ( 'NONE',  ( -1.599999999999999867, 1.100000000000000089, -0.6999999999999999556 ) ) ;
#6270 = ORIENTED_EDGE ( 'NONE', *, *, #1847, .F. ) ;
#6271 = SURFACE_STYLE_FILL_AREA ( #1395 ) ;
#6272 = VECTOR ( 'NONE', #526, 1000.000000000000000 ) ;
#6273 = SURFACE_SIDE_STYLE ('',( #1396 ) ) ;
#6274 = VECTOR ( 'NONE', #2730, 1000.000000000000000 ) ;
#6275 = PRESENTATION_STYLE_ASSIGNMENT (( #55 ) ) ;
#6276 = ORIENTED_EDGE ( 'NONE', *, *, #2708, .T. ) ;
#6277 = COLOUR_RGB ( '',1.000000000000000000, 1.000000000000000000, 1.000000000000000000 ) ;
#6278 = DIRECTION ( 'NONE',  ( -0.05233595624294388321, 0.0000000000000000000, 0.9986295347545739443 ) ) ;
#6279 = VECTOR ( 'NONE', #6524, 1000.000000000000000 ) ;
#6280 = ORIENTED_EDGE ( 'NONE', *, *, #1894, .F. ) ;
#6281 = SURFACE_SIDE_STYLE ('',( #4578 ) ) ;
#6282 = ORIENTED_EDGE ( 'NONE', *, *, #4371, .F. ) ;
#6283 = FILL_AREA_STYLE ('',( #6767 ) ) ;
#6284 = CARTESIAN_POINT ( 'NONE',  ( -2.400000000000001243, 2.100000000000000089, -0.4699999999999998068 ) ) ;
#6285 = STYLED_ITEM ( 'NONE', ( #3330 ), #2096 ) ;
#6286 = COLOUR_RGB ( '',0.8313725490196077761, 0.8392156862745098200, 0.8313725490196077761 ) ;
#6287 = CARTESIAN_POINT ( 'NONE',  ( -2.470127565808668990, 2.100000000000000089, -0.5699999999999999512 ) ) ;
#6288 = DIRECTION ( 'NONE',  ( -0.0000000000000000000, -0.0000000000000000000, -1.000000000000000000 ) ) ;
#6289 = VERTEX_POINT ( 'NONE', #5946 ) ;
#6290 = DIRECTION ( 'NONE',  ( 1.000000000000000000, -1.400746772075018613E-16, 0.0000000000000000000 ) ) ;
#6291 = FACE_OUTER_BOUND ( 'NONE', #6084, .T. ) ;
#6292 =( LENGTH_UNIT ( ) NAMED_UNIT ( * ) SI_UNIT ( .MILLI., .METRE. ) );
#6293 = ADVANCED_FACE ( 'NONE', ( #1180 ), #1669, .F. ) ;
#6294 = EDGE_CURVE ( 'NONE', #3059, #2459, #2264, .T. ) ;
#6295 = MECHANICAL_DESIGN_GEOMETRIC_PRESENTATION_REPRESENTATION (  '', ( #958 ), #4293 ) ;
#6296 = LINE ( 'NONE', #1522, #5179 ) ;
#6297 = CARTESIAN_POINT ( 'NONE',  ( 2.463314554501873754, -2.200000000000000178, -0.6999999999999999556 ) ) ;
#6298 = UNCERTAINTY_MEASURE_WITH_UNIT (LENGTH_MEASURE( 1.000000000000000082E-05 ), #6360, 'distance_accuracy_value', 'NONE');
#6299 =( NAMED_UNIT ( * ) SI_UNIT ( $, .STERADIAN. ) SOLID_ANGLE_UNIT ( ) );
#6300 = STYLED_ITEM ( 'NONE', ( #3576 ), #2529 ) ;
#6301 = MECHANICAL_DESIGN_GEOMETRIC_PRESENTATION_REPRESENTATION (  '', ( #648 ), #418 ) ;
#6302 = CARTESIAN_POINT ( 'NONE',  ( 1.674465648097737279E-16, 1.100000000000000089, -0.6999999999999999556 ) ) ;
#6303 = DIRECTION ( 'NONE',  ( 1.000000000000000000, 0.0000000000000000000, -3.252606517456505019E-15 ) ) ;
#6304 = EDGE_CURVE ( 'NONE', #5845, #2850, #3302, .T. ) ;
#6305 =( NAMED_UNIT ( * ) PLANE_ANGLE_UNIT ( ) SI_UNIT ( $, .RADIAN. ) );
#6306 = EDGE_LOOP ( 'NONE', ( #6747, #817, #6623, #812, #2826, #1508 ) ) ;
#6307 = DIRECTION ( 'NONE',  ( -0.0000000000000000000, -0.0000000000000000000, -1.000000000000000000 ) ) ;
#6308 = CARTESIAN_POINT ( 'NONE',  ( -0.03316504619021998224, 2.110000814877110997, 0.3500000000000000333 ) ) ;
#6309 = ORIENTED_EDGE ( 'NONE', *, *, #1400, .F. ) ;
#6310 = AXIS2_PLACEMENT_3D ( 'NONE', #290, #6049, #6017 ) ;
#6311 =( GEOMETRIC_REPRESENTATION_CONTEXT ( 3 ) GLOBAL_UNCERTAINTY_ASSIGNED_CONTEXT ( ( #1649 ) ) GLOBAL_UNIT_ASSIGNED_CONTEXT ( ( #578, #1072, #2063 ) ) REPRESENTATION_CONTEXT ( 'NONE', 'WORKASPACE' ) );
#6312 = CARTESIAN_POINT ( 'NONE',  ( -1.043697599916538765, -0.1584055984559433750, 0.4500000000000000666 ) ) ;
#6313 = VERTEX_POINT ( 'NONE', #1761 ) ;
#6314 = STYLED_ITEM ( 'NONE', ( #651 ), #2800 ) ;
#6315 = CONICAL_SURFACE ( 'NONE', #4990, 1.699999999999999956, 0.5410520681182429126 ) ;
#6316 = STYLED_ITEM ( 'NONE', ( #3127 ), #6035 ) ;
#6317 = ORIENTED_EDGE ( 'NONE', *, *, #1580, .T. ) ;
#6318 = LINE ( 'NONE', #920, #5619 ) ;
#6319 = ORIENTED_EDGE ( 'NONE', *, *, #6510, .F. ) ;
#6320 = VECTOR ( 'NONE', #2148, 1000.000000000000000 ) ;
#6321 = STYLED_ITEM ( 'NONE', ( #2655 ), #3183 ) ;
#6322 = VECTOR ( 'NONE', #6117, 1000.000000000000000 ) ;
#6323 = DIRECTION ( 'NONE',  ( 0.0000000000000000000, 0.0000000000000000000, -1.000000000000000000 ) ) ;
#6324 = ORIENTED_EDGE ( 'NONE', *, *, #3007, .T. ) ;
#6325 = VECTOR ( 'NONE', #4573, 1000.000000000000000 ) ;
#6326 = SURFACE_SIDE_STYLE ('',( #5240 ) ) ;
#6327 = VECTOR ( 'NONE', #2463, 1000.000000000000000 ) ;
#6328 = CARTESIAN_POINT ( 'NONE',  ( -1.600000000000000311, -2.199999999999999734, -0.5699999999999999512 ) ) ;
#6329 = VECTOR ( 'NONE', #2340, 1000.000000000000000 ) ;
#6330 = DIRECTION ( 'NONE',  ( 1.000000000000000000, -0.0000000000000000000, -0.0000000000000000000 ) ) ;
#6331 = STYLED_ITEM ( 'NONE', ( #3680 ), #6668 ) ;
#6332 = DIRECTION ( 'NONE',  ( 0.0000000000000000000, 1.000000000000000000, 0.0000000000000000000 ) ) ;
#6333 = SURFACE_STYLE_FILL_AREA ( #3696 ) ;
#6334 = CARTESIAN_POINT ( 'NONE',  ( -1.043697599916538765, -0.1584055984559433750, 0.4500000000000000666 ) ) ;
#6335 = ADVANCED_FACE ( 'NONE', ( #2173 ), #4411, .T. ) ;
#6336 = ADVANCED_FACE ( 'NONE', ( #5357 ), #6399, .T. ) ;
#6337 = LINE ( 'NONE', #1563, #6657 ) ;
#6339 = SURFACE_STYLE_USAGE ( .BOTH. , #79 ) ;
#6338 = DIRECTION ( 'NONE',  ( -0.0000000000000000000, -0.0000000000000000000, -1.000000000000000000 ) ) ;
#6340 = LINE ( 'NONE', #4873, #321 ) ;
#6341 = DIRECTION ( 'NONE',  ( 0.0000000000000000000, -1.000000000000000000, 0.0000000000000000000 ) ) ;
#6342 = EDGE_CURVE ( 'NONE', #474, #3443, #5429, .T. ) ;
#6343 = VERTEX_POINT ( 'NONE', #4872 ) ;
#6344 = LINE ( 'NONE', #5146, #5715 ) ;
#6345 = VERTEX_POINT ( 'NONE', #1243 ) ;
#6346 = ADVANCED_FACE ( 'NONE', ( #3370 ), #3263, .F. ) ;
#6347 = SURFACE_STYLE_USAGE ( .BOTH. , #2074 ) ;
#6348 = DIRECTION ( 'NONE',  ( -0.0000000000000000000, -0.0000000000000000000, -1.000000000000000000 ) ) ;
#6349 = ORIENTED_EDGE ( 'NONE', *, *, #3662, .T. ) ;
#6350 = DIRECTION ( 'NONE',  ( 0.0000000000000000000, -1.000000000000000000, -0.0000000000000000000 ) ) ;
#6351 = ORIENTED_EDGE ( 'NONE', *, *, #532, .F. ) ;
#6352 = CIRCLE ( 'NONE', #4237, 0.1000000000000000194 ) ;
#6353 = EDGE_LOOP ( 'NONE', ( #3171, #5828, #6064, #2160, #1018, #6065 ) ) ;
#6354 = SURFACE_STYLE_FILL_AREA ( #6833 ) ;
#6355 = EDGE_LOOP ( 'NONE', ( #1984, #408, #4974, #1367 ) ) ;
#6356 = DIRECTION ( 'NONE',  ( 1.000000000000000000, 0.0000000000000000000, 0.0000000000000000000 ) ) ;
#6357 = EDGE_LOOP ( 'NONE', ( #4673, #5294, #5127, #6276, #4041, #5299, #1791, #6324, #5087, #6180 ) ) ;
#6358 = FILL_AREA_STYLE_COLOUR ( '', #2188 ) ;
#6359 = CARTESIAN_POINT ( 'NONE',  ( -2.700000000000001954, -1.199999999999999734, -0.3000000000000003220 ) ) ;
#6360 =( LENGTH_UNIT ( ) NAMED_UNIT ( * ) SI_UNIT ( .MILLI., .METRE. ) );
#6361 = CARTESIAN_POINT ( 'NONE',  ( 2.500000000000003109, 1.204669080539450774E-15, -7.608436298143901117E-15 ) ) ;
#6362 = LINE ( 'NONE', #13, #4767 ) ;
#6363 = LINE ( 'NONE', #3736, #1200 ) ;
#6364 = CARTESIAN_POINT ( 'NONE',  ( -0.5500000000000001554, -1.049999999999999822, -0.6999999999999999556 ) ) ;
#6365 = ORIENTED_EDGE ( 'NONE', *, *, #6005, .T. ) ;
#6366 = DIRECTION ( 'NONE',  ( -0.0000000000000000000, -0.0000000000000000000, -1.000000000000000000 ) ) ;
#6367 = CARTESIAN_POINT ( 'NONE',  ( 2.400000000000001243, -1.199999999999999734, -0.4699999999999998068 ) ) ;
#6368 = ORIENTED_EDGE ( 'NONE', *, *, #4457, .T. ) ;
#6369 = CARTESIAN_POINT ( 'NONE',  ( 2.486873320506370000, 2.100000000000000089, -0.2504719656739949341 ) ) ;
#6370 = DIRECTION ( 'NONE',  ( 1.000000000000000000, 0.0000000000000000000, 0.0000000000000000000 ) ) ;
#6371 = ORIENTED_EDGE ( 'NONE', *, *, #6842, .F. ) ;
#6372 = CARTESIAN_POINT ( 'NONE',  ( 0.2838201673205150710, 0.2046747618464905827, 0.4500000000000000666 ) ) ;
#6373 = DIRECTION ( 'NONE',  ( 0.0000000000000000000, 0.0000000000000000000, 1.000000000000000000 ) ) ;
#6374 = ADVANCED_FACE ( 'NONE', ( #2903 ), #281, .F. ) ;
#6375 = EDGE_CURVE ( 'NONE', #3243, #5545, #354, .T. ) ;
#6376 = EDGE_CURVE ( 'NONE', #4925, #2651, #5617, .T. ) ;
#6377 = LINE ( 'NONE', #6242, #3489 ) ;
#6378 = UNCERTAINTY_MEASURE_WITH_UNIT (LENGTH_MEASURE( 1.000000000000000082E-05 ), #2551, 'distance_accuracy_value', 'NONE');
#6379 = ORIENTED_EDGE ( 'NONE', *, *, #4722, .T. ) ;
#6380 =( NAMED_UNIT ( * ) SI_UNIT ( $, .STERADIAN. ) SOLID_ANGLE_UNIT ( ) );
#6381 = VECTOR ( 'NONE', #1754, 1000.000000000000000 ) ;
#6382 = VERTEX_POINT ( 'NONE', #4061 ) ;
#6383 = LINE ( 'NONE', #5346, #5427 ) ;
#6384 = EDGE_CURVE ( 'NONE', #4002, #5853, #2369, .T. ) ;
#6385 = DIRECTION ( 'NONE',  ( 1.000000000000000000, 0.0000000000000000000, 0.0000000000000000000 ) ) ;
#6386 = STYLED_ITEM ( 'NONE', ( #3750 ), #256 ) ;
#6387 = PLANE ( 'NONE',  #77 ) ;
#6388 = VERTEX_POINT ( 'NONE', #4963 ) ;
#6389 = CARTESIAN_POINT ( 'NONE',  ( -2.470127565808668990, -2.099999999999999645, -0.5699999999999999512 ) ) ;
#6390 = CARTESIAN_POINT ( 'NONE',  ( -2.700000000000002842, 1.200000000000000400, -6.982962677686266711E-16 ) ) ;
#6391 = EDGE_LOOP ( 'NONE', ( #2226, #5708, #4324, #3094 ) ) ;
#6392 = MECHANICAL_DESIGN_GEOMETRIC_PRESENTATION_REPRESENTATION (  '', ( #5491 ), #4166 ) ;
#6393 =( GEOMETRIC_REPRESENTATION_CONTEXT ( 3 ) GLOBAL_UNCERTAINTY_ASSIGNED_CONTEXT ( ( #933 ) ) GLOBAL_UNIT_ASSIGNED_CONTEXT ( ( #693, #1118, #6515 ) ) REPRESENTATION_CONTEXT ( 'NONE', 'WORKASPACE' ) );
#6394 = DIRECTION ( 'NONE',  ( -0.0000000000000000000, -0.0000000000000000000, -1.000000000000000000 ) ) ;
#6395 = VECTOR ( 'NONE', #2614, 1000.000000000000000 ) ;
#6396 = DIRECTION ( 'NONE',  ( -1.000000000000000000, 0.0000000000000000000, 0.0000000000000000000 ) ) ;
#6397 = SURFACE_STYLE_USAGE ( .BOTH. , #6473 ) ;
#6398 = LINE ( 'NONE', #1562, #4317 ) ;
#6400 = PLANE ( 'NONE',  #2540 ) ;
#6399 = PLANE ( 'NONE',  #2191 ) ;
#6401 = CARTESIAN_POINT ( 'NONE',  ( -1.919276727925023351, -2.056952929731181712, 0.3500000000000000333 ) ) ;
#6402 = EDGE_LOOP ( 'NONE', ( #3603, #819, #2860, #5802 ) ) ;
#6403 = CARTESIAN_POINT ( 'NONE',  ( -2.499117102666011725, 1.200000000000000622, -0.01684668471109857651 ) ) ;
#6404 =( GEOMETRIC_REPRESENTATION_CONTEXT ( 3 ) GLOBAL_UNCERTAINTY_ASSIGNED_CONTEXT ( ( #4576 ) ) GLOBAL_UNIT_ASSIGNED_CONTEXT ( ( #6592, #5614, #1812 ) ) REPRESENTATION_CONTEXT ( 'NONE', 'WORKASPACE' ) );
#6405 = ORIENTED_EDGE ( 'NONE', *, *, #2577, .F. ) ;
#6406 = DIRECTION ( 'NONE',  ( -0.0000000000000000000, 0.0000000000000000000, -1.000000000000000000 ) ) ;
#6407 = PRESENTATION_STYLE_ASSIGNMENT (( #6347 ) ) ;
#6408 = DIRECTION ( 'NONE',  ( -0.0000000000000000000, 1.000000000000000000, 0.0000000000000000000 ) ) ;
#6409 =( NAMED_UNIT ( * ) PLANE_ANGLE_UNIT ( ) SI_UNIT ( $, .RADIAN. ) );
#6411 = CARTESIAN_POINT ( 'NONE',  ( 2.463314554501873754, 2.463314554501873754, -0.6999999999999999556 ) ) ;
#6410 =( NAMED_UNIT ( * ) PLANE_ANGLE_UNIT ( ) SI_UNIT ( $, .RADIAN. ) );
#6412 =( GEOMETRIC_REPRESENTATION_CONTEXT ( 3 ) GLOBAL_UNCERTAINTY_ASSIGNED_CONTEXT ( ( #6514 ) ) GLOBAL_UNIT_ASSIGNED_CONTEXT ( ( #1205, #1337, #4995 ) ) REPRESENTATION_CONTEXT ( 'NONE', 'WORKASPACE' ) );
#6413 = CARTESIAN_POINT ( 'NONE',  ( -0.03316504619021998224, -0.1370056143358100720, 0.3500000000000000333 ) ) ;
#6414 = LINE ( 'NONE', #2813, #2925 ) ;
#6415 = ORIENTED_EDGE ( 'NONE', *, *, #5477, .T. ) ;
#6416 = PRESENTATION_LAYER_ASSIGNMENT (  '', '', ( #3064 ) ) ;
#6417 = ORIENTED_EDGE ( 'NONE', *, *, #1848, .T. ) ;
#6418 = EDGE_CURVE ( 'NONE', #5239, #6289, #6542, .T. ) ;
#6419 = PLANE ( 'NONE',  #3776 ) ;
#6420 = EDGE_CURVE ( 'NONE', #6547, #4016, #2444, .T. ) ;
#6421 = SURFACE_SIDE_STYLE ('',( #3069 ) ) ;
#6422 = MECHANICAL_DESIGN_GEOMETRIC_PRESENTATION_REPRESENTATION (  '', ( #4868 ), #2959 ) ;
#6423 =( NAMED_UNIT ( * ) PLANE_ANGLE_UNIT ( ) SI_UNIT ( $, .RADIAN. ) );
#6424 = CARTESIAN_POINT ( 'NONE',  ( 1.700000000000000622, -1.199999999999999734, -0.5699999999999999512 ) ) ;
#6425 = ORIENTED_EDGE ( 'NONE', *, *, #4371, .T. ) ;
#6426 = SURFACE_STYLE_FILL_AREA ( #2207 ) ;
#6427 = VERTEX_POINT ( 'NONE', #1786 ) ;
#6428 = VECTOR ( 'NONE', #4266, 1000.000000000000000 ) ;
#6429 = VECTOR ( 'NONE', #4832, 1000.000000000000000 ) ;
#6430 = ADVANCED_FACE ( 'NONE', ( #3926 ), #3958, .F. ) ;
#6431 = VECTOR ( 'NONE', #6010, 1000.000000000000114 ) ;
#6432 = DIRECTION ( 'NONE',  ( -1.000000000000000000, 1.400746772075018613E-16, 0.0000000000000000000 ) ) ;
#6433 = FILL_AREA_STYLE_COLOUR ( '', #1624 ) ;
#6434 = SURFACE_STYLE_USAGE ( .BOTH. , #3729 ) ;
#6435 = STYLED_ITEM ( 'NONE', ( #913 ), #3273 ) ;
#6436 = COLOUR_RGB ( '',1.000000000000000000, 1.000000000000000000, 1.000000000000000000 ) ;
#6437 = FILL_AREA_STYLE_COLOUR ( '', #197 ) ;
#6438 =( LENGTH_UNIT ( ) NAMED_UNIT ( * ) SI_UNIT ( .MILLI., .METRE. ) );
#6439 = CARTESIAN_POINT ( 'NONE',  ( 1.600000000000000533, 2.200000000000000178, -0.5699999999999999512 ) ) ;
#6440 = CARTESIAN_POINT ( 'NONE',  ( 0.0000000000000000000, -2.099999999999999645, -0.5699999999999999512 ) ) ;
#6441 = AXIS2_PLACEMENT_3D ( 'NONE', #3427, #5051, #4049 ) ;
#6442 = VECTOR ( 'NONE', #5366, 1000.000000000000000 ) ;
#6443 = CARTESIAN_POINT ( 'NONE',  ( -1.700000000000000622, -1.199999999999999734, -0.7699999999999999067 ) ) ;
#6444 = STYLED_ITEM ( 'NONE', ( #1190 ), #6793 ) ;
#6445 = CARTESIAN_POINT ( 'NONE',  ( 0.3603187164337335324, 0.6070589046025531843, 0.3500000000000000333 ) ) ;
#6446 = ORIENTED_EDGE ( 'NONE', *, *, #4978, .F. ) ;
#6447 = MECHANICAL_DESIGN_GEOMETRIC_PRESENTATION_REPRESENTATION (  '', ( #5869 ), #3072 ) ;
#6448 =( NAMED_UNIT ( * ) SI_UNIT ( $, .STERADIAN. ) SOLID_ANGLE_UNIT ( ) );
#6449 = PRESENTATION_STYLE_ASSIGNMENT (( #5364 ) ) ;
#6450 = VERTEX_POINT ( 'NONE', #4168 ) ;
#6451 = FILL_AREA_STYLE ('',( #4282 ) ) ;
#6452 = SURFACE_STYLE_FILL_AREA ( #618 ) ;
#6453 = DIRECTION ( 'NONE',  ( 1.000000000000000000, -4.818676322157797375E-16, 0.0000000000000000000 ) ) ;
#6455 = SURFACE_STYLE_USAGE ( .BOTH. , #1156 ) ;
#6454 = PRESENTATION_STYLE_ASSIGNMENT (( #2185 ) ) ;
#6456 = ORIENTED_EDGE ( 'NONE', *, *, #6770, .F. ) ;
#6457 = LINE ( 'NONE', #3852, #1044 ) ;
#6458 = ORIENTED_EDGE ( 'NONE', *, *, #1056, .F. ) ;
#6459 = PLANE ( 'NONE',  #1524 ) ;
#6460 = ORIENTED_EDGE ( 'NONE', *, *, #1530, .T. ) ;
#6461 = CARTESIAN_POINT ( 'NONE',  ( 2.500000000000002220, -2.500000000000002220, 0.0000000000000000000 ) ) ;
#6462 = PRESENTATION_LAYER_ASSIGNMENT (  '', '', ( #2313 ) ) ;
#6463 = DIRECTION ( 'NONE',  ( 1.000000000000000000, 2.404031325876694646E-16, 0.0000000000000000000 ) ) ;
#6464 = ADVANCED_FACE ( 'NONE', ( #4295 ), #3791, .F. ) ;
#6465 = CARTESIAN_POINT ( 'NONE',  ( 0.3603187164337338100, 0.8251250982098667919, 0.3500000000000000333 ) ) ;
#6466 = MECHANICAL_DESIGN_GEOMETRIC_PRESENTATION_REPRESENTATION (  '', ( #5122 ), #2104 ) ;
#6467 = UNCERTAINTY_MEASURE_WITH_UNIT (LENGTH_MEASURE( 1.000000000000000082E-05 ), #62, 'distance_accuracy_value', 'NONE');
#6468 = VERTEX_POINT ( 'NONE', #3035 ) ;
#6469 = ADVANCED_FACE ( 'NONE', ( #2198 ), #4617, .T. ) ;
#6470 = EDGE_CURVE ( 'NONE', #4489, #856, #3826, .T. ) ;
#6471 =( NAMED_UNIT ( * ) PLANE_ANGLE_UNIT ( ) SI_UNIT ( $, .RADIAN. ) );
#6472 = EDGE_CURVE ( 'NONE', #2647, #5239, #4101, .T. ) ;
#6473 = SURFACE_SIDE_STYLE ('',( #2740 ) ) ;
#6474 = FACE_OUTER_BOUND ( 'NONE', #3174, .T. ) ;
#6475 = CARTESIAN_POINT ( 'NONE',  ( 2.500000000000002220, 2.100000000000000089, 0.0000000000000000000 ) ) ;
#6476 =( NAMED_UNIT ( * ) SI_UNIT ( $, .STERADIAN. ) SOLID_ANGLE_UNIT ( ) );
#6477 = EDGE_CURVE ( 'NONE', #1831, #3202, #6222, .T. ) ;
#6478 = ORIENTED_EDGE ( 'NONE', *, *, #3136, .T. ) ;
#6479 = CARTESIAN_POINT ( 'NONE',  ( -0.5500000000000000444, 0.0000000000000000000, -0.5699999999999999512 ) ) ;
#6480 = LINE ( 'NONE', #3309, #1168 ) ;
#6481 = ORIENTED_EDGE ( 'NONE', *, *, #3328, .T. ) ;
#6482 = DIRECTION ( 'NONE',  ( 1.000000000000000000, 0.0000000000000000000, -0.0000000000000000000 ) ) ;
#6483 = FILL_AREA_STYLE ('',( #5958 ) ) ;
#6484 = DIRECTION ( 'NONE',  ( -0.0000000000000000000, -0.0000000000000000000, 1.000000000000000000 ) ) ;
#6485 = DIRECTION ( 'NONE',  ( -1.000000000000000000, 2.710505431213759113E-16, -0.0000000000000000000 ) ) ;
#6486 = CARTESIAN_POINT ( 'NONE',  ( -1.700000000000000622, 2.100000000000000089, -0.7699999999999999067 ) ) ;
#6487 = SURFACE_SIDE_STYLE ('',( #5852 ) ) ;
#6488 = EDGE_LOOP ( 'NONE', ( #3282, #3596, #4120, #2434 ) ) ;
#6489 = DIRECTION ( 'NONE',  ( -0.0000000000000000000, -0.0000000000000000000, -1.000000000000000000 ) ) ;
#6490 = ORIENTED_EDGE ( 'NONE', *, *, #1491, .F. ) ;
#6491 = ORIENTED_EDGE ( 'NONE', *, *, #5692, .F. ) ;
#6492 = SURFACE_STYLE_USAGE ( .BOTH. , #4364 ) ;
#6493 = FILL_AREA_STYLE ('',( #5969 ) ) ;
#6494 = DIRECTION ( 'NONE',  ( -0.05233595624294388321, 0.0000000000000000000, 0.9986295347545739443 ) ) ;
#6495 = VECTOR ( 'NONE', #5320, 1000.000000000000000 ) ;
#6496 = FILL_AREA_STYLE ('',( #4366 ) ) ;
#6497 = COLOUR_RGB ( '',0.8313725490196077761, 0.8392156862745098200, 0.8313725490196077761 ) ;
#6498 = SURFACE_STYLE_USAGE ( .BOTH. , #419 ) ;
#6499 = ORIENTED_EDGE ( 'NONE', *, *, #224, .T. ) ;
#6500 = FILL_AREA_STYLE ('',( #762 ) ) ;
#6501 = VECTOR ( 'NONE', #6307, 1000.000000000000000 ) ;
#6502 = FILL_AREA_STYLE ('',( #6433 ) ) ;
#6503 = VECTOR ( 'NONE', #3512, 1000.000000000000000 ) ;
#6504 = CARTESIAN_POINT ( 'NONE',  ( 0.2103187164337327886, -2.056952929731181712, 0.3500000000000000333 ) ) ;
#6505 = PLANE ( 'NONE',  #6832 ) ;
#6506 = STYLED_ITEM ( 'NONE', ( #2805 ), #770 ) ;
#6507 = SURFACE_SIDE_STYLE ('',( #5058 ) ) ;
#6509 = LINE ( 'NONE', #2779, #3197 ) ;
#6508 = DIRECTION ( 'NONE',  ( 0.0000000000000000000, 0.0000000000000000000, -1.000000000000000000 ) ) ;
#6510 = EDGE_CURVE ( 'NONE', #1940, #2249, #4695, .T. ) ;
#6511 = ADVANCED_FACE ( 'NONE', ( #962 ), #3915, .F. ) ;
#6512 = VECTOR ( 'NONE', #2930, 1000.000000000000000 ) ;
#6513 = ORIENTED_EDGE ( 'NONE', *, *, #3721, .F. ) ;
#6514 = UNCERTAINTY_MEASURE_WITH_UNIT (LENGTH_MEASURE( 1.000000000000000082E-05 ), #1205, 'distance_accuracy_value', 'NONE');
#6515 =( NAMED_UNIT ( * ) SI_UNIT ( $, .STERADIAN. ) SOLID_ANGLE_UNIT ( ) );
#6516 = LINE ( 'NONE', #1741, #4388 ) ;
#6517 = ORIENTED_EDGE ( 'NONE', *, *, #5603, .F. ) ;
#6518 =( NAMED_UNIT ( * ) PLANE_ANGLE_UNIT ( ) SI_UNIT ( $, .RADIAN. ) );
#6519 = DIRECTION ( 'NONE',  ( 0.0000000000000000000, -1.000000000000000000, -0.0000000000000000000 ) ) ;
#6520 = ADVANCED_FACE ( 'NONE', ( #704 ), #2864, .F. ) ;
#6521 = DIRECTION ( 'NONE',  ( 0.0000000000000000000, -0.0000000000000000000, -1.000000000000000000 ) ) ;
#6522 = STYLED_ITEM ( 'NONE', ( #5131 ), #2353 ) ;
#6523 = CIRCLE ( 'NONE', #5285, 0.1499999999999999667 ) ;
#6524 = DIRECTION ( 'NONE',  ( -1.776016655323403858E-16, 1.000000000000000000, 0.0000000000000000000 ) ) ;
#6525 = VERTEX_POINT ( 'NONE', #2820 ) ;
#6526 = FILL_AREA_STYLE_COLOUR ( '', #5854 ) ;
#6527 = VERTEX_POINT ( 'NONE', #4436 ) ;
#6528 = SURFACE_SIDE_STYLE ('',( #4896 ) ) ;
#6529 = DIRECTION ( 'NONE',  ( -0.0000000000000000000, -0.0000000000000000000, -1.000000000000000000 ) ) ;
#6530 = SURFACE_STYLE_USAGE ( .BOTH. , #2729 ) ;
#6531 = STYLED_ITEM ( 'NONE', ( #818 ), #2576 ) ;
#6532 = AXIS2_PLACEMENT_3D ( 'NONE', #4396, #1202, #3894 ) ;
#6533 = UNCERTAINTY_MEASURE_WITH_UNIT (LENGTH_MEASURE( 1.000000000000000082E-05 ), #90, 'distance_accuracy_value', 'NONE');
#6534 = PRESENTATION_STYLE_ASSIGNMENT (( #826 ) ) ;
#6535 = EDGE_LOOP ( 'NONE', ( #4992, #2848, #2638, #2863, #5348, #2572, #1053, #6478, #161 ) ) ;
#6536 = AXIS2_PLACEMENT_3D ( 'NONE', #3928, #3407, #4935 ) ;
#6537 = CIRCLE ( 'NONE', #3543, 0.1000000000000002554 ) ;
#6539 = FACE_OUTER_BOUND ( 'NONE', #3475, .T. ) ;
#6538 = CARTESIAN_POINT ( 'NONE',  ( -2.400000000000001243, 1.200000000000000622, -0.4699999999999998068 ) ) ;
#6540 =( LENGTH_UNIT ( ) NAMED_UNIT ( * ) SI_UNIT ( .MILLI., .METRE. ) );
#6541 = CIRCLE ( 'NONE', #5530, 2.000000000000002220 ) ;
#6542 = CIRCLE ( 'NONE', #4203, 0.1499999999999999667 ) ;
#6543 = ORIENTED_EDGE ( 'NONE', *, *, #3721, .T. ) ;
#6544 = EDGE_CURVE ( 'NONE', #2603, #4044, #6562, .T. ) ;
#6545 = COLOUR_RGB ( '',1.000000000000000000, 1.000000000000000000, 1.000000000000000000 ) ;
#6546 = DIRECTION ( 'NONE',  ( -0.0000000000000000000, -1.000000000000000000, -0.0000000000000000000 ) ) ;
#6547 = VERTEX_POINT ( 'NONE', #144 ) ;
#6548 =( GEOMETRIC_REPRESENTATION_CONTEXT ( 3 ) GLOBAL_UNCERTAINTY_ASSIGNED_CONTEXT ( ( #6777 ) ) GLOBAL_UNIT_ASSIGNED_CONTEXT ( ( #4244, #2701, #5837 ) ) REPRESENTATION_CONTEXT ( 'NONE', 'WORKASPACE' ) );
#6549 =( NAMED_UNIT ( * ) PLANE_ANGLE_UNIT ( ) SI_UNIT ( $, .RADIAN. ) );
#6550 = LINE ( 'NONE', #5490, #6104 ) ;
#6551 = DIRECTION ( 'NONE',  ( 1.000000000000000000, 0.0000000000000000000, 0.0000000000000000000 ) ) ;
#6552 = ADVANCED_FACE ( 'NONE', ( #2892 ), #4466, .F. ) ;
#6553 = AXIS2_PLACEMENT_3D ( 'NONE', #4236, #5905, #1104 ) ;
#6554 = ORIENTED_EDGE ( 'NONE', *, *, #6555, .T. ) ;
#6555 = EDGE_CURVE ( 'NONE', #646, #6858, #1719, .T. ) ;
#6556 = EDGE_CURVE ( 'NONE', #5892, #271, #1780, .T. ) ;
#6557 = CARTESIAN_POINT ( 'NONE',  ( 0.2103187164337326220, 2.110000814877110997, 0.3500000000000000333 ) ) ;
#6558 = FILL_AREA_STYLE_COLOUR ( '', #3385 ) ;
#6559 = EDGE_LOOP ( 'NONE', ( #6490, #6055, #3718, #5587 ) ) ;
#6560 =( LENGTH_UNIT ( ) NAMED_UNIT ( * ) SI_UNIT ( .MILLI., .METRE. ) );
#6561 = VERTEX_POINT ( 'NONE', #3945 ) ;
#6562 = LINE ( 'NONE', #668, #984 ) ;
#6563 = LINE ( 'NONE', #1401, #3781 ) ;
#6564 = FILL_AREA_STYLE ('',( #3251 ) ) ;
#6565 = EDGE_CURVE ( 'NONE', #2249, #6268, #2352, .T. ) ;
#6566 = LINE ( 'NONE', #1723, #3262 ) ;
#6567 = VECTOR ( 'NONE', #571, 1000.000000000000000 ) ;
#6568 = EDGE_LOOP ( 'NONE', ( #5988, #2510, #2318, #4838 ) ) ;
#6569 = LINE ( 'NONE', #5385, #6066 ) ;
#6570 = CARTESIAN_POINT ( 'NONE',  ( 0.4838201673205150821, -0.2871897488101240459, 0.4500000000000000666 ) ) ;
#6571 = VERTEX_POINT ( 'NONE', #5678 ) ;
#6572 = UNCERTAINTY_MEASURE_WITH_UNIT (LENGTH_MEASURE( 1.000000000000000082E-05 ), #2960, 'distance_accuracy_value', 'NONE');
#6573 = CARTESIAN_POINT ( 'NONE',  ( 0.4838201673205150821, 0.2046747618464905827, 0.3500000000000000333 ) ) ;
#6574 = ORIENTED_EDGE ( 'NONE', *, *, #2054, .T. ) ;
#6575 = PLANE ( 'NONE',  #1862 ) ;
#6576 = CARTESIAN_POINT ( 'NONE',  ( -2.400000000000001243, 1.200000000000000622, -0.4699999999999998068 ) ) ;
#6577 = ORIENTED_EDGE ( 'NONE', *, *, #1613, .T. ) ;
#6578 = ORIENTED_EDGE ( 'NONE', *, *, #6178, .T. ) ;
#6579 = EDGE_CURVE ( 'NONE', #4256, #2039, #2993, .T. ) ;
#6580 = ORIENTED_EDGE ( 'NONE', *, *, #266, .F. ) ;
#6581 = CARTESIAN_POINT ( 'NONE',  ( 0.3603187164337327553, 0.9751250982098667031, 0.3500000000000000333 ) ) ;
#6582 = LINE ( 'NONE', #679, #1844 ) ;
#6583 = DIRECTION ( 'NONE',  ( 0.0000000000000000000, -1.000000000000000000, 0.0000000000000000000 ) ) ;
#6584 = ADVANCED_FACE ( 'NONE', ( #6724 ), #4571, .T. ) ;
#6585 = ADVANCED_FACE ( 'NONE', ( #406 ), #5192, .F. ) ;
#6586 = EDGE_LOOP ( 'NONE', ( #1173, #791, #5459, #3376 ) ) ;
#6587 = UNCERTAINTY_MEASURE_WITH_UNIT (LENGTH_MEASURE( 1.000000000000000082E-05 ), #3845, 'distance_accuracy_value', 'NONE');
#6588 = ORIENTED_EDGE ( 'NONE', *, *, #6249, .T. ) ;
#6589 = ORIENTED_EDGE ( 'NONE', *, *, #5236, .T. ) ;
#6590 = EDGE_CURVE ( 'NONE', #5747, #6289, #370, .T. ) ;
#6591 = VECTOR ( 'NONE', #379, 1000.000000000000000 ) ;
#6592 =( LENGTH_UNIT ( ) NAMED_UNIT ( * ) SI_UNIT ( .MILLI., .METRE. ) );
#6593 = LINE ( 'NONE', #2901, #1726 ) ;
#6594 = VECTOR ( 'NONE', #3971, 1000.000000000000000 ) ;
#6595 = MECHANICAL_DESIGN_GEOMETRIC_PRESENTATION_REPRESENTATION (  '', ( #2705 ), #6040 ) ;
#6596 = DIRECTION ( 'NONE',  ( -0.0000000000000000000, -0.0000000000000000000, 1.000000000000000000 ) ) ;
#6597 = FACE_BOUND ( 'NONE', #3026, .T. ) ;
#6598 = CARTESIAN_POINT ( 'NONE',  ( -1.699999999999999956, 2.081899558550500280E-16, 0.3000000000000000444 ) ) ;
#6599 = STYLED_ITEM ( 'NONE', ( #4973 ), #1740 ) ;
#6600 = VECTOR ( 'NONE', #1254, 1000.000000000000000 ) ;
#6601 = VERTEX_POINT ( 'NONE', #6206 ) ;
#6602 = DIRECTION ( 'NONE',  ( 0.0000000000000000000, -0.0000000000000000000, -1.000000000000000000 ) ) ;
#6603 = ORIENTED_EDGE ( 'NONE', *, *, #823, .T. ) ;
#6604 =( LENGTH_UNIT ( ) NAMED_UNIT ( * ) SI_UNIT ( .MILLI., .METRE. ) );
#6605 =( LENGTH_UNIT ( ) NAMED_UNIT ( * ) SI_UNIT ( .MILLI., .METRE. ) );
#6606 = VECTOR ( 'NONE', #6288, 1000.000000000000000 ) ;
#6607 = VECTOR ( 'NONE', #4520, 1000.000000000000000 ) ;
#6608 = ORIENTED_EDGE ( 'NONE', *, *, #967, .T. ) ;
#6609 = AXIS2_PLACEMENT_3D ( 'NONE', #4039, #2057, #1391 ) ;
#6610 = DIRECTION ( 'NONE',  ( -0.0000000000000000000, -0.0000000000000000000, -1.000000000000000000 ) ) ;
#6611 = EDGE_LOOP ( 'NONE', ( #1298, #3905, #2605, #21 ) ) ;
#6612 = FACE_OUTER_BOUND ( 'NONE', #5295, .T. ) ;
#6613 = EDGE_LOOP ( 'NONE', ( #3929, #4263, #1896, #5502, #2348 ) ) ;
#6614 = DIRECTION ( 'NONE',  ( 0.0000000000000000000, 0.0000000000000000000, 1.000000000000000000 ) ) ;
#6615 = CARTESIAN_POINT ( 'NONE',  ( -2.463314554501873310, 0.0000000000000000000, -0.6999999999999999556 ) ) ;
#6616 = EDGE_LOOP ( 'NONE', ( #1860, #4892, #746, #5029 ) ) ;
#6617 = PRESENTATION_STYLE_ASSIGNMENT (( #918 ) ) ;
#6618 = EDGE_CURVE ( 'NONE', #1265, #3913, #3528, .T. ) ;
#6619 = ORIENTED_EDGE ( 'NONE', *, *, #1262, .T. ) ;
#6620 = EDGE_CURVE ( 'NONE', #646, #4678, #887, .T. ) ;
#6621 = VECTOR ( 'NONE', #4373, 1000.000000000000114 ) ;
#6622 = FILL_AREA_STYLE_COLOUR ( '', #1514 ) ;
#6623 = ORIENTED_EDGE ( 'NONE', *, *, #4337, .T. ) ;
#6624 =( NAMED_UNIT ( * ) SI_UNIT ( $, .STERADIAN. ) SOLID_ANGLE_UNIT ( ) );
#6625 = SURFACE_STYLE_FILL_AREA ( #5162 ) ;
#6626 = MECHANICAL_DESIGN_GEOMETRIC_PRESENTATION_REPRESENTATION (  '', ( #6300 ), #1520 ) ;
#6627 = DIRECTION ( 'NONE',  ( 3.043374519257556424E-15, -0.0000000000000000000, -1.000000000000000000 ) ) ;
#6628 = EDGE_CURVE ( 'NONE', #5270, #5024, #2539, .T. ) ;
#6629 = CARTESIAN_POINT ( 'NONE',  ( -1.600000000000000089, -1.099999999999999645, -0.6999999999999999556 ) ) ;
#6630 =( GEOMETRIC_REPRESENTATION_CONTEXT ( 3 ) GLOBAL_UNCERTAINTY_ASSIGNED_CONTEXT ( ( #4501 ) ) GLOBAL_UNIT_ASSIGNED_CONTEXT ( ( #664, #556, #2762 ) ) REPRESENTATION_CONTEXT ( 'NONE', 'WORKASPACE' ) );
#6631 = AXIS2_PLACEMENT_3D ( 'NONE', #4426, #748, #1322 ) ;
#6633 = DIRECTION ( 'NONE',  ( -1.000000000000000000, 0.0000000000000000000, 0.0000000000000000000 ) ) ;
#6632 = FILL_AREA_STYLE ('',( #6041 ) ) ;
#6634 = FILL_AREA_STYLE ('',( #4516 ) ) ;
#6635 = SURFACE_SIDE_STYLE ('',( #5428 ) ) ;
#6636 = AXIS2_PLACEMENT_3D ( 'NONE', #4810, #3204, #4220 ) ;
#6637 = VECTOR ( 'NONE', #5677, 1000.000000000000000 ) ;
#6638 = ORIENTED_EDGE ( 'NONE', *, *, #1302, .F. ) ;
#6639 = SURFACE_STYLE_FILL_AREA ( #2939 ) ;
#6640 = EDGE_LOOP ( 'NONE', ( #666, #5057, #2962, #6652 ) ) ;
#6641 = CARTESIAN_POINT ( 'NONE',  ( -1.971607025033961236, 2.110000814877110997, 0.3000000000000000444 ) ) ;
#6642 = AXIS2_PLACEMENT_3D ( 'NONE', #1948, #4092, #2186 ) ;
#6643 = COLOUR_RGB ( '',0.1019607843137254888, 0.1019607843137254888, 0.1019607843137254888 ) ;
#6644 = PRODUCT_DEFINITION_FORMATION_WITH_SPECIFIED_SOURCE ( 'ANY', '', #1126, .NOT_KNOWN. ) ;
#6645 = FILL_AREA_STYLE_COLOUR ( '', #665 ) ;
#6646 = CARTESIAN_POINT ( 'NONE',  ( -2.470127565808668990, 2.500000000000002220, -0.5699999999999999512 ) ) ;
#6647 = VECTOR ( 'NONE', #4749, 1000.000000000000000 ) ;
#6648 =( GEOMETRIC_REPRESENTATION_CONTEXT ( 3 ) GLOBAL_UNCERTAINTY_ASSIGNED_CONTEXT ( ( #4204 ) ) GLOBAL_UNIT_ASSIGNED_CONTEXT ( ( #5967, #2792, #4464 ) ) REPRESENTATION_CONTEXT ( 'NONE', 'WORKASPACE' ) );
#6649 = LINE ( 'NONE', #6132, #3034 ) ;
#6650 = PRESENTATION_LAYER_ASSIGNMENT (  '', '', ( #2299 ) ) ;
#6651 = CARTESIAN_POINT ( 'NONE',  ( -0.1831650461902210314, -0.2870056143358111211, 0.3500000000000000333 ) ) ;
#6652 = ORIENTED_EDGE ( 'NONE', *, *, #2405, .T. ) ;
#6653 = VERTEX_POINT ( 'NONE', #6789 ) ;
#6654 = PLANE ( 'NONE',  #682 ) ;
#6655 = DIRECTION ( 'NONE',  ( 0.0000000000000000000, -1.000000000000000000, 0.0000000000000000000 ) ) ;
#6656 =( NAMED_UNIT ( * ) PLANE_ANGLE_UNIT ( ) SI_UNIT ( $, .RADIAN. ) );
#6657 = VECTOR ( 'NONE', #4771, 1000.000000000000114 ) ;
#6658 = PLANE ( 'NONE',  #6441 ) ;
#6659 = ORIENTED_EDGE ( 'NONE', *, *, #3875, .F. ) ;
#6660 =( NAMED_UNIT ( * ) PLANE_ANGLE_UNIT ( ) SI_UNIT ( $, .RADIAN. ) );
#6661 = UNCERTAINTY_MEASURE_WITH_UNIT (LENGTH_MEASURE( 1.000000000000000082E-05 ), #3818, 'distance_accuracy_value', 'NONE');
#6662 = EDGE_LOOP ( 'NONE', ( #18, #4052, #3761, #4356 ) ) ;
#6663 = ORIENTED_EDGE ( 'NONE', *, *, #6258, .T. ) ;
#6664 = SURFACE_STYLE_USAGE ( .BOTH. , #5423 ) ;
#6665 = EDGE_CURVE ( 'NONE', #4151, #798, #449, .T. ) ;
#6666 = PRESENTATION_STYLE_ASSIGNMENT (( #4475 ) ) ;
#6667 = FILL_AREA_STYLE_COLOUR ( '', #3406 ) ;
#6668 = ADVANCED_FACE ( 'NONE', ( #1506 ), #3169, .T. ) ;
#6670 = PRESENTATION_STYLE_ASSIGNMENT (( #6698 ) ) ;
#6669 = CARTESIAN_POINT ( 'NONE',  ( 2.500000000000002220, 2.500000000000002220, 0.0000000000000000000 ) ) ;
#6671 = CIRCLE ( 'NONE', #6227, 0.1000000000000002554 ) ;
#6672 = EDGE_CURVE ( 'NONE', #980, #1407, #2650, .T. ) ;
#6673 =( LENGTH_UNIT ( ) NAMED_UNIT ( * ) SI_UNIT ( .MILLI., .METRE. ) );
#6674 = CARTESIAN_POINT ( 'NONE',  ( -1.680009069179262848, 2.430009069179262848, 0.4000000000000000222 ) ) ;
#6675 = AXIS2_PLACEMENT_3D ( 'NONE', #6700, #5138, #1920 ) ;
#6676 = DIRECTION ( 'NONE',  ( -0.0000000000000000000, -0.0000000000000000000, -1.000000000000000000 ) ) ;
#6677 = ORIENTED_EDGE ( 'NONE', *, *, #4162, .T. ) ;
#6678 = CARTESIAN_POINT ( 'NONE',  ( -2.470127565808668990, 1.100000000000000089, -0.5699999999999999512 ) ) ;
#6679 = CARTESIAN_POINT ( 'NONE',  ( 1.599999999999999867, -2.200000000000000178, -0.5699999999999999512 ) ) ;
#6680 = ADVANCED_FACE ( 'NONE', ( #4224 ), #2571, .T. ) ;
#6681 = LINE ( 'NONE', #1430, #2669 ) ;
#6682 = ORIENTED_EDGE ( 'NONE', *, *, #3400, .F. ) ;
#6683 = CARTESIAN_POINT ( 'NONE',  ( 1.930905544980987543, 0.8251250982098667919, 0.3000000000000000444 ) ) ;
#6684 = ORIENTED_EDGE ( 'NONE', *, *, #1263, .T. ) ;
#6685 = DIRECTION ( 'NONE',  ( 1.000000000000000000, 0.0000000000000000000, -3.071906155375592215E-15 ) ) ;
#6686 = VECTOR ( 'NONE', #497, 1000.000000000000000 ) ;
#6687 = ORIENTED_EDGE ( 'NONE', *, *, #4900, .T. ) ;
#6688 = PRESENTATION_STYLE_ASSIGNMENT (( #1228 ) ) ;
#6689 = DIRECTION ( 'NONE',  ( 0.0000000000000000000, 1.000000000000000000, 0.0000000000000000000 ) ) ;
#6690 = LINE ( 'NONE', #2923, #3326 ) ;
#6691 = VERTEX_POINT ( 'NONE', #3780 ) ;
#6692 = PRESENTATION_STYLE_ASSIGNMENT (( #409 ) ) ;
#6693 = ORIENTED_EDGE ( 'NONE', *, *, #901, .T. ) ;
#6694 = ORIENTED_EDGE ( 'NONE', *, *, #155, .F. ) ;
#6695 = FILL_AREA_STYLE_COLOUR ( '', #2199 ) ;
#6696 = LINE ( 'NONE', #5062, #3851 ) ;
#6697 = FACE_OUTER_BOUND ( 'NONE', #5884, .T. ) ;
#6698 = SURFACE_STYLE_USAGE ( .BOTH. , #1957 ) ;
#6699 = LINE ( 'NONE', #355, #5303 ) ;
#6700 = CARTESIAN_POINT ( 'NONE',  ( 2.500000000000002220, 2.500000000000002220, 0.0000000000000000000 ) ) ;
#6701 = AXIS2_PLACEMENT_3D ( 'NONE', #3368, #1376, #5481 ) ;
#6702 = SURFACE_SIDE_STYLE ('',( #3623 ) ) ;
#6703 = VECTOR ( 'NONE', #4121, 1000.000000000000000 ) ;
#6704 = EDGE_CURVE ( 'NONE', #3878, #6313, #5810, .T. ) ;
#6705 = DIRECTION ( 'NONE',  ( -8.998760675425412313E-17, 1.000000000000000000, -0.0000000000000000000 ) ) ;
#6706 = ORIENTED_EDGE ( 'NONE', *, *, #3400, .T. ) ;
#6707 = ADVANCED_FACE ( 'NONE', ( #3240 ), #1543, .T. ) ;
#6708 = CARTESIAN_POINT ( 'NONE',  ( 2.500000000000002220, 2.100000000000000089, 0.0000000000000000000 ) ) ;
#6709 =( LENGTH_UNIT ( ) NAMED_UNIT ( * ) SI_UNIT ( .MILLI., .METRE. ) );
#6710 = SURFACE_STYLE_USAGE ( .BOTH. , #2453 ) ;
#6711 = CARTESIAN_POINT ( 'NONE',  ( -2.470127565808668990, -2.199999999999999734, -0.5699999999999999512 ) ) ;
#6712 = VECTOR ( 'NONE', #6489, 1000.000000000000000 ) ;
#6713 = ORIENTED_EDGE ( 'NONE', *, *, #3004, .F. ) ;
#6714 = LINE ( 'NONE', #5075, #831 ) ;
#6715 = SURFACE_STYLE_USAGE ( .BOTH. , #2458 ) ;
#6716 = DIRECTION ( 'NONE',  ( -0.0000000000000000000, -0.0000000000000000000, -1.000000000000000000 ) ) ;
#6717 = EDGE_LOOP ( 'NONE', ( #2388, #1147, #234, #5504, #2128, #4290, #4279, #4630, #1515, #2194, #6638, #5670, #1947, #1684, #3532, #6235, #5928, #4915, #3000, #4814 ) ) ;
#6718 = ADVANCED_FACE ( 'NONE', ( #1014 ), #42, .F. ) ;
#6719 = SURFACE_STYLE_FILL_AREA ( #2460 ) ;
#6720 =( GEOMETRIC_REPRESENTATION_CONTEXT ( 3 ) GLOBAL_UNCERTAINTY_ASSIGNED_CONTEXT ( ( #5031 ) ) GLOBAL_UNIT_ASSIGNED_CONTEXT ( ( #5109, #327, #5625 ) ) REPRESENTATION_CONTEXT ( 'NONE', 'WORKASPACE' ) );
#6721 =( GEOMETRIC_REPRESENTATION_CONTEXT ( 3 ) GLOBAL_UNCERTAINTY_ASSIGNED_CONTEXT ( ( #2305 ) ) GLOBAL_UNIT_ASSIGNED_CONTEXT ( ( #4000, #2450, #1789 ) ) REPRESENTATION_CONTEXT ( 'NONE', 'WORKASPACE' ) );
#6722 = ORIENTED_EDGE ( 'NONE', *, *, #4457, .F. ) ;
#6723 = CARTESIAN_POINT ( 'NONE',  ( -1.700000000000000400, 1.200000000000000622, -0.7699999999999999067 ) ) ;
#6724 = FACE_OUTER_BOUND ( 'NONE', #6391, .T. ) ;
#6725 = FACE_OUTER_BOUND ( 'NONE', #4835, .T. ) ;
#6726 = ORIENTED_EDGE ( 'NONE', *, *, #1696, .F. ) ;
#6727 = UNCERTAINTY_MEASURE_WITH_UNIT (LENGTH_MEASURE( 1.000000000000000082E-05 ), #4681, 'distance_accuracy_value', 'NONE');
#6728 = ORIENTED_EDGE ( 'NONE', *, *, #4731, .F. ) ;
#6729 = DIRECTION ( 'NONE',  ( 0.0000000000000000000, 1.000000000000000000, 0.0000000000000000000 ) ) ;
#6730 = ORIENTED_EDGE ( 'NONE', *, *, #3409, .F. ) ;
#6731 = SURFACE_STYLE_FILL_AREA ( #2474 ) ;
#6732 = AXIS2_PLACEMENT_3D ( 'NONE', #376, #799, #1373 ) ;
#6733 = FILL_AREA_STYLE_COLOUR ( '', #4400 ) ;
#6735 = FILL_AREA_STYLE ('',( #4662 ) ) ;
#6734 = DIRECTION ( 'NONE',  ( 1.000000000000000000, 0.0000000000000000000, 0.0000000000000000000 ) ) ;
#6736 =( NAMED_UNIT ( * ) SI_UNIT ( $, .STERADIAN. ) SOLID_ANGLE_UNIT ( ) );
#6737 =( GEOMETRIC_REPRESENTATION_CONTEXT ( 3 ) GLOBAL_UNCERTAINTY_ASSIGNED_CONTEXT ( ( #2025 ) ) GLOBAL_UNIT_ASSIGNED_CONTEXT ( ( #6560, #4146, #4636 ) ) REPRESENTATION_CONTEXT ( 'NONE', 'WORKASPACE' ) );
#6738 = CARTESIAN_POINT ( 'NONE',  ( -2.500000000000003109, 1.204669080539450774E-15, -7.608436298143901117E-15 ) ) ;
#6739 =( NAMED_UNIT ( * ) PLANE_ANGLE_UNIT ( ) SI_UNIT ( $, .RADIAN. ) );
#6740 = ORIENTED_EDGE ( 'NONE', *, *, #5228, .F. ) ;
#6741 = SURFACE_SIDE_STYLE ('',( #468 ) ) ;
#6742 = SURFACE_STYLE_FILL_AREA ( #6195 ) ;
#6743 = VECTOR ( 'NONE', #5767, 1000.000000000000000 ) ;
#6744 = DIRECTION ( 'NONE',  ( -0.0000000000000000000, -0.0000000000000000000, -1.000000000000000000 ) ) ;
#6745 = STYLED_ITEM ( 'NONE', ( #2036 ), #6082 ) ;
#6746 = EDGE_CURVE ( 'NONE', #2569, #4635, #6337, .T. ) ;
#6747 = ORIENTED_EDGE ( 'NONE', *, *, #1571, .F. ) ;
#6748 = CARTESIAN_POINT ( 'NONE',  ( -2.463314554501873754, -2.463314554501873754, -0.6999999999999999556 ) ) ;
#6749 = STYLED_ITEM ( 'NONE', ( #2479 ), #3810 ) ;
#6750 = LINE ( 'NONE', #3938, #6044 ) ;
#6751 = ORIENTED_EDGE ( 'NONE', *, *, #6039, .F. ) ;
#6752 = VECTOR ( 'NONE', #6113, 1000.000000000000000 ) ;
#6753 = FILL_AREA_STYLE ('',( #2494 ) ) ;
#6754 = PRESENTATION_LAYER_ASSIGNMENT (  '', '', ( #1306 ) ) ;
#6755 =( GEOMETRIC_REPRESENTATION_CONTEXT ( 3 ) GLOBAL_UNCERTAINTY_ASSIGNED_CONTEXT ( ( #1907 ) ) GLOBAL_UNIT_ASSIGNED_CONTEXT ( ( #1343, #2975, #2333 ) ) REPRESENTATION_CONTEXT ( 'NONE', 'WORKASPACE' ) );
#6756 = CARTESIAN_POINT ( 'NONE',  ( -0.03316504619021998224, -2.056952929731181712, 0.3500000000000000333 ) ) ;
#6757 = EDGE_CURVE ( 'NONE', #827, #474, #575, .T. ) ;
#6758 = EDGE_CURVE ( 'NONE', #4031, #512, #2133, .T. ) ;
#6759 = AXIS2_PLACEMENT_3D ( 'NONE', #1362, #792, #2955 ) ;
#6760 = EDGE_CURVE ( 'NONE', #5919, #3243, #2098, .T. ) ;
#6761 = CARTESIAN_POINT ( 'NONE',  ( -2.471716000805965763, 2.100000000000000089, -0.5396908546970038412 ) ) ;
#6762 =( GEOMETRIC_REPRESENTATION_CONTEXT ( 3 ) GLOBAL_UNCERTAINTY_ASSIGNED_CONTEXT ( ( #1020 ) ) GLOBAL_UNIT_ASSIGNED_CONTEXT ( ( #101, #3111, #421 ) ) REPRESENTATION_CONTEXT ( 'NONE', 'WORKASPACE' ) );
#6763 = ORIENTED_EDGE ( 'NONE', *, *, #3361, .F. ) ;
#6764 = EDGE_LOOP ( 'NONE', ( #2359, #4717, #2383, #3900 ) ) ;
#6765 = ORIENTED_EDGE ( 'NONE', *, *, #1580, .F. ) ;
#6766 = STYLED_ITEM ( 'NONE', ( #1125 ), #4338 ) ;
#6767 = FILL_AREA_STYLE_COLOUR ( '', #977 ) ;
#6768 = VECTOR ( 'NONE', #5921, 1000.000000000000000 ) ;
#6769 = CARTESIAN_POINT ( 'NONE',  ( -1.146028625818473756, 0.6751250982098658815, 0.3500000000000000333 ) ) ;
#6770 = EDGE_CURVE ( 'NONE', #2039, #6001, #2420, .T. ) ;
#6771 = CARTESIAN_POINT ( 'NONE',  ( -0.5500000000000002665, -2.240667692902679420, -0.6999999999999999556 ) ) ;
#6772 = SURFACE_SIDE_STYLE ('',( #5269 ) ) ;
#6773 = COLOUR_RGB ( '',1.000000000000000000, 1.000000000000000000, 1.000000000000000000 ) ;
#6774 = PLANE ( 'NONE',  #528 ) ;
#6775 = DIRECTION ( 'NONE',  ( 0.0000000000000000000, -1.000000000000000000, 0.0000000000000000000 ) ) ;
#6776 = CARTESIAN_POINT ( 'NONE',  ( 1.599999999999999867, -2.200000000000000178, -0.6999999999999999556 ) ) ;
#6777 = UNCERTAINTY_MEASURE_WITH_UNIT (LENGTH_MEASURE( 1.000000000000000082E-05 ), #4244, 'distance_accuracy_value', 'NONE');
#6778 = DIRECTION ( 'NONE',  ( -2.409338161078899674E-16, 1.000000000000000000, 0.0000000000000000000 ) ) ;
#6779 = ORIENTED_EDGE ( 'NONE', *, *, #3037, .T. ) ;
#6780 =( NAMED_UNIT ( * ) PLANE_ANGLE_UNIT ( ) SI_UNIT ( $, .RADIAN. ) );
#6781 = CIRCLE ( 'NONE', #1458, 0.3000000000000000444 ) ;
#6782 = EDGE_LOOP ( 'NONE', ( #583, #6365, #947, #2575 ) ) ;
#6783 = LINE ( 'NONE', #2566, #3150 ) ;
#6784 = SURFACE_STYLE_FILL_AREA ( #5253 ) ;
#6785 = VERTEX_POINT ( 'NONE', #4273 ) ;
#6786 = DIRECTION ( 'NONE',  ( -1.000000000000000000, -2.409338161078899674E-16, 0.0000000000000000000 ) ) ;
#6787 = FILL_AREA_STYLE_COLOUR ( '', #5873 ) ;
#6788 = DIRECTION ( 'NONE',  ( 0.0000000000000000000, 1.000000000000000000, 0.0000000000000000000 ) ) ;
#6789 = CARTESIAN_POINT ( 'NONE',  ( -0.1415856775653445976, -0.1584055984559433750, 0.4500000000000000666 ) ) ;
#6790 = CARTESIAN_POINT ( 'NONE',  ( 0.4838201673205150821, 0.9163225641662154919, 0.4500000000000000666 ) ) ;
#6791 = ORIENTED_EDGE ( 'NONE', *, *, #1800, .T. ) ;
#6792 = LINE ( 'NONE', #6557, #6600 ) ;
#6793 = ADVANCED_FACE ( 'NONE', ( #4736 ), #5798, .F. ) ;
#6794 = UNCERTAINTY_MEASURE_WITH_UNIT (LENGTH_MEASURE( 1.000000000000000082E-05 ), #2752, 'distance_accuracy_value', 'NONE');
#6795 = ORIENTED_EDGE ( 'NONE', *, *, #4646, .T. ) ;
#6796 = FILL_AREA_STYLE ('',( #516 ) ) ;
#6797 = ORIENTED_EDGE ( 'NONE', *, *, #6620, .F. ) ;
#6798 = ADVANCED_FACE ( 'NONE', ( #3238 ), #6315, .F. ) ;
#6799 = FACE_OUTER_BOUND ( 'NONE', #6568, .T. ) ;
#6800 = EDGE_CURVE ( 'NONE', #5845, #6001, #3166, .T. ) ;
#6801 = CARTESIAN_POINT ( 'NONE',  ( 0.2838201673205150710, -0.4871897488101240015, 0.3500000000000000333 ) ) ;
#6802 = DIRECTION ( 'NONE',  ( -0.05233595624294388321, 0.0000000000000000000, -0.9986295347545739443 ) ) ;
#6803 = DIRECTION ( 'NONE',  ( 3.043374519257556424E-15, -0.0000000000000000000, 1.000000000000000000 ) ) ;
#6804 = ORIENTED_EDGE ( 'NONE', *, *, #25, .F. ) ;
#6805 = FILL_AREA_STYLE ('',( #2581 ) ) ;
#6806 = DIRECTION ( 'NONE',  ( 1.000000000000000000, 0.0000000000000000000, 0.0000000000000000000 ) ) ;
#6807 = EDGE_CURVE ( 'NONE', #1150, #5145, #3312, .T. ) ;
#6808 = SURFACE_STYLE_USAGE ( .BOTH. , #4697 ) ;
#6809 = PRESENTATION_STYLE_ASSIGNMENT (( #2168 ) ) ;
#6810 = SURFACE_SIDE_STYLE ('',( #385 ) ) ;
#6811 = DIRECTION ( 'NONE',  ( 0.0000000000000000000, 0.0000000000000000000, 1.000000000000000000 ) ) ;
#6812 = DIRECTION ( 'NONE',  ( -0.0000000000000000000, -1.000000000000000000, -0.0000000000000000000 ) ) ;
#6813 = PRESENTATION_STYLE_ASSIGNMENT (( #1386 ) ) ;
#6814 = VECTOR ( 'NONE', #6778, 1000.000000000000000 ) ;
#6815 = EDGE_LOOP ( 'NONE', ( #5751, #4522, #3344, #6791 ) ) ;
#6816 = CARTESIAN_POINT ( 'NONE',  ( 1.600000000000000533, 2.200000000000000178, -0.5699999999999999512 ) ) ;
#6817 = CARTESIAN_POINT ( 'NONE',  ( 2.500000000000002220, -1.199999999999999734, 0.0000000000000000000 ) ) ;
#6818 = ORIENTED_EDGE ( 'NONE', *, *, #2197, .T. ) ;
#6819 = DIRECTION ( 'NONE',  ( -0.0000000000000000000, -0.0000000000000000000, -1.000000000000000000 ) ) ;
#6820 = CARTESIAN_POINT ( 'NONE',  ( -2.400000000000001243, -1.199999999999999734, -0.4699999999999998068 ) ) ;
#6821 = VECTOR ( 'NONE', #1062, 1000.000000000000000 ) ;
#6822 = FILL_AREA_STYLE_COLOUR ( '', #672 ) ;
#6823 = VECTOR ( 'NONE', #2283, 1000.000000000000000 ) ;
#6824 = FILL_AREA_STYLE ('',( #1577 ) ) ;
#6825 = DIRECTION ( 'NONE',  ( -0.0000000000000000000, -0.0000000000000000000, -1.000000000000000000 ) ) ;
#6826 = VERTEX_POINT ( 'NONE', #4784 ) ;
#6827 = SURFACE_STYLE_FILL_AREA ( #1019 ) ;
#6828 = AXIS2_PLACEMENT_3D ( 'NONE', #3740, #4354, #1075 ) ;
#6829 = ORIENTED_EDGE ( 'NONE', *, *, #2316, .F. ) ;
#6830 =( NAMED_UNIT ( * ) SI_UNIT ( $, .STERADIAN. ) SOLID_ANGLE_UNIT ( ) );
#6831 = VERTEX_POINT ( 'NONE', #617 ) ;
#6832 = AXIS2_PLACEMENT_3D ( 'NONE', #3192, #605, #119 ) ;
#6833 = FILL_AREA_STYLE ('',( #4230 ) ) ;
#6834 =( LENGTH_UNIT ( ) NAMED_UNIT ( * ) SI_UNIT ( .MILLI., .METRE. ) );
#6835 = EDGE_CURVE ( 'NONE', #389, #2399, #2711, .T. ) ;
#6836 = EDGE_CURVE ( 'NONE', #5711, #4369, #3784, .T. ) ;
#6837 = ORIENTED_EDGE ( 'NONE', *, *, #616, .T. ) ;
#6838 = DIRECTION ( 'NONE',  ( 0.0000000000000000000, 0.0000000000000000000, 1.000000000000000000 ) ) ;
#6839 = EDGE_CURVE ( 'NONE', #3163, #2086, #1078, .T. ) ;
#6840 = STYLED_ITEM ( 'NONE', ( #463 ), #2347 ) ;
#6841 = DIRECTION ( 'NONE',  ( 0.0000000000000000000, 0.0000000000000000000, 1.000000000000000000 ) ) ;
#6842 = EDGE_CURVE ( 'NONE', #2887, #5015, #5335, .T. ) ;
#6843 = UNCERTAINTY_MEASURE_WITH_UNIT (LENGTH_MEASURE( 1.000000000000000082E-05 ), #1819, 'distance_accuracy_value', 'NONE');
#6844 = FILL_AREA_STYLE_COLOUR ( '', #2727 ) ;
#6845 =( NAMED_UNIT ( * ) PLANE_ANGLE_UNIT ( ) SI_UNIT ( $, .RADIAN. ) );
#6846 = SURFACE_STYLE_FILL_AREA ( #2059 ) ;
#6847 = DIRECTION ( 'NONE',  ( -1.000000000000000000, 0.0000000000000000000, -0.0000000000000000000 ) ) ;
#6848 = COLOUR_RGB ( '',0.8980392156862745390, 0.9215686274509803377, 0.9294117647058823817 ) ;
#6849 = CARTESIAN_POINT ( 'NONE',  ( -1.599999999999999645, 2.200000000000000178, -0.5699999999999999512 ) ) ;
#6850 = STYLED_ITEM ( 'NONE', ( #1480 ), #5264 ) ;
#6851 = FILL_AREA_STYLE_COLOUR ( '', #2508 ) ;
#6852 = LINE ( 'NONE', #971, #3112 ) ;
#6853 = AXIS2_PLACEMENT_3D ( 'NONE', #2536, #338, #1472 ) ;
#6854 = AXIS2_PLACEMENT_3D ( 'NONE', #4389, #4005, #6521 ) ;
#6855 = EDGE_LOOP ( 'NONE', ( #912, #1877, #2565, #3423, #6415, #5445 ) ) ;
#6856 = DIRECTION ( 'NONE',  ( 1.000000000000000000, 0.0000000000000000000, 0.0000000000000000000 ) ) ;
#6857 = DIRECTION ( 'NONE',  ( 0.05233595624294388321, -0.0000000000000000000, 0.9986295347545739443 ) ) ;
#6858 = VERTEX_POINT ( 'NONE', #5401 ) ;
#6859 = FILL_AREA_STYLE_COLOUR ( '', #319 ) ;
#6860 = ORIENTED_EDGE ( 'NONE', *, *, #6665, .T. ) ;
#6861 = AXIS2_PLACEMENT_3D ( 'NONE', #6158, #5216, #1922 ) ;
#6862 = LINE ( 'NONE', #2220, #5414 ) ;
#6863 = CIRCLE ( 'NONE', #6077, 0.3000000000000000444 ) ;
#6864 = ORIENTED_EDGE ( 'NONE', *, *, #5731, .F. ) ;
#6865 = MECHANICAL_DESIGN_GEOMETRIC_PRESENTATION_REPRESENTATION (  '', ( #4875 ), #677 ) ;
#6866 = CARTESIAN_POINT ( 'NONE',  ( -1.700000000000000400, 1.200000000000000622, -0.7699999999999999067 ) ) ;
#6867 = VECTOR ( 'NONE', #2933, 1000.000000000000000 ) ;
#6868 = EDGE_LOOP ( 'NONE', ( #1788, #2940, #3387, #6007 ) ) ;
#6869 = VERTEX_POINT ( 'NONE', #652 ) ;
#6870 =( LENGTH_UNIT ( ) NAMED_UNIT ( * ) SI_UNIT ( .MILLI., .METRE. ) );
#6871 = COLOUR_RGB ( '',0.8980392156862745390, 0.9215686274509803377, 0.9294117647058823817 ) ;
#6872 = AXIS2_PLACEMENT_3D ( 'NONE', #1751, #5858, #1089 ) ;
#6873 = VECTOR ( 'NONE', #430, 1000.000000000000000 ) ;
#6874 = DIRECTION ( 'NONE',  ( -0.0000000000000000000, 0.0000000000000000000, 1.000000000000000000 ) ) ;
ENDSEC;
END-ISO-10303-21;
