ISO-10303-21;
HEADER;
FILE_DESCRIPTION (( 'STEP AP214' ),
    '1' );
FILE_NAME ('User Library-LED_0603_Y.STEP',
    '2022-10-14T07:43:20',
    ( '' ),
    ( '' ),
    'SwSTEP 2.0',
    'SolidWorks 2022',
    '' );
FILE_SCHEMA (( 'AUTOMOTIVE_DESIGN' ));
ENDSEC;

DATA;
#1 = CARTESIAN_POINT ( 'NONE',  ( 0.4999999999999987232, 0.3499999999999993117, 0.2499999999999997780 ) ) ;
#2 = SURFACE_STYLE_FILL_AREA ( #1619 ) ;
#3 = ADVANCED_FACE ( 'NONE', ( #1858 ), #782, .T. ) ;
#4 = EDGE_CURVE ( 'NONE', #893, #1944, #1321, .T. ) ;
#5 = EDGE_CURVE ( 'NONE', #2163, #305, #973, .T. ) ;
#6 = ORIENTED_EDGE ( 'NONE', *, *, #35, .F. ) ;
#7 = FILL_AREA_STYLE ('',( #1875 ) ) ;
#8 = FILL_AREA_STYLE_COLOUR ( '', #1268 ) ;
#9 = CARTESIAN_POINT ( 'NONE',  ( -0.4516409507770000054, -0.3016409507769999832, 0.6000000000000000888 ) ) ;
#10 = AXIS2_PLACEMENT_3D ( 'NONE', #1584, #477, #686 ) ;
#11 = CARTESIAN_POINT ( 'NONE',  ( -0.2000000000000000111, -0.1000000000000000056, 1.224646799146999976E-17 ) ) ;
#12 = MECHANICAL_DESIGN_GEOMETRIC_PRESENTATION_REPRESENTATION (  '', ( #149 ), #959 ) ;
#13 = CARTESIAN_POINT ( 'NONE',  ( 0.5000000000000000000, 0.3499999999999999778, 0.2000000000000000111 ) ) ;
#14 = UNCERTAINTY_MEASURE_WITH_UNIT (LENGTH_MEASURE( 1.000000000000000082E-05 ), #543, 'distance_accuracy_value', 'NONE');
#15 = ORIENTED_EDGE ( 'NONE', *, *, #2208, .T. ) ;
#16 = ORIENTED_EDGE ( 'NONE', *, *, #2316, .T. ) ;
#17 =( NAMED_UNIT ( * ) PLANE_ANGLE_UNIT ( ) SI_UNIT ( $, .RADIAN. ) );
#18 = SURFACE_STYLE_USAGE ( .BOTH. , #1282 ) ;
#19 = AXIS2_PLACEMENT_3D ( 'NONE', #1497, #92, #813 ) ;
#20 = AXIS2_PLACEMENT_3D ( 'NONE', #809, #1876, #2065 ) ;
#21 = UNCERTAINTY_MEASURE_WITH_UNIT (LENGTH_MEASURE( 1.000000000000000082E-05 ), #2223, 'distance_accuracy_value', 'NONE');
#22 = ORIENTED_EDGE ( 'NONE', *, *, #871, .T. ) ;
#23 = DIRECTION ( 'NONE',  ( -1.000000000000000000, -0.0000000000000000000, 0.0000000000000000000 ) ) ;
#24 = STYLED_ITEM ( 'NONE', ( #1314 ), #635 ) ;
#25 = MECHANICAL_DESIGN_GEOMETRIC_PRESENTATION_REPRESENTATION (  '', ( #1915 ), #628 ) ;
#26 = DIRECTION ( 'NONE',  ( -0.0000000000000000000, 1.224646799146999945E-16, 1.000000000000000000 ) ) ;
#27 =( BOUNDED_CURVE ( )  B_SPLINE_CURVE ( 3, ( #320, #709, #2178, #687 ),
 .UNSPECIFIED., .F., .F. ) 
 B_SPLINE_CURVE_WITH_KNOTS ( ( 4, 4 ),
 ( 4.712388980384689674, 6.197680013498873208 ),
 .UNSPECIFIED. ) 
 CURVE ( )  GEOMETRIC_REPRESENTATION_ITEM ( )  RATIONAL_B_SPLINE_CURVE ( ( 1.000000000000000000, 0.8244547578640665231, 0.8244547578640665231, 1.000000000000000000 ) ) 
 REPRESENTATION_ITEM ( '' )  );
#28 = FILL_AREA_STYLE_COLOUR ( '', #1887 ) ;
#29 = EDGE_CURVE ( 'NONE', #1787, #675, #1687, .T. ) ;
#30 = FILL_AREA_STYLE ('',( #1679 ) ) ;
#31 = ADVANCED_BREP_SHAPE_REPRESENTATION ( '', ( #2132, #372 ), #289 ) ;
#32 =( NAMED_UNIT ( * ) SI_UNIT ( $, .STERADIAN. ) SOLID_ANGLE_UNIT ( ) );
#33 = CARTESIAN_POINT ( 'NONE',  ( -0.8000000000000000444, -0.2000000000000000389, 0.0000000000000000000 ) ) ;
#34 = STYLED_ITEM ( 'NONE', ( #83 ), #2330 ) ;
#35 = EDGE_CURVE ( 'NONE', #1637, #97, #520, .T. ) ;
#36 = ORIENTED_EDGE ( 'NONE', *, *, #392, .F. ) ;
#37 = MECHANICAL_DESIGN_GEOMETRIC_PRESENTATION_REPRESENTATION (  '', ( #2319 ), #576 ) ;
#38 = SURFACE_SIDE_STYLE ('',( #214 ) ) ;
#39 = LINE ( 'NONE', #630, #845 ) ;
#40 = VECTOR ( 'NONE', #557, 1000.000000000000000 ) ;
#41 = FILL_AREA_STYLE_COLOUR ( '', #937 ) ;
#42 = FILL_AREA_STYLE_COLOUR ( '', #769 ) ;
#43 =( GEOMETRIC_REPRESENTATION_CONTEXT ( 3 ) GLOBAL_UNCERTAINTY_ASSIGNED_CONTEXT ( ( #1500 ) ) GLOBAL_UNIT_ASSIGNED_CONTEXT ( ( #88, #1357, #1168 ) ) REPRESENTATION_CONTEXT ( 'NONE', 'WORKASPACE' ) );
#44 = STYLED_ITEM ( 'NONE', ( #1476 ), #1429 ) ;
#45 = CIRCLE ( 'NONE', #1985, 0.1999999999999999833 ) ;
#46 = SURFACE_STYLE_USAGE ( .BOTH. , #38 ) ;
#47 = LINE ( 'NONE', #2240, #940 ) ;
#48 = LINE ( 'NONE', #2216, #688 ) ;
#49 = DIRECTION ( 'NONE',  ( -1.000000000000000000, -0.0000000000000000000, -0.0000000000000000000 ) ) ;
#50 = FACE_OUTER_BOUND ( 'NONE', #1812, .T. ) ;
#51 = SURFACE_SIDE_STYLE ('',( #2034 ) ) ;
#52 = CARTESIAN_POINT ( 'NONE',  ( -0.4699999999999999734, 0.3016409507769999832, 0.6000000000000000888 ) ) ;
#53 = SURFACE_STYLE_USAGE ( .BOTH. , #2232 ) ;
#54 = FACE_OUTER_BOUND ( 'NONE', #1524, .T. ) ;
#55 = UNCERTAINTY_MEASURE_WITH_UNIT (LENGTH_MEASURE( 1.000000000000000082E-05 ), #1261, 'distance_accuracy_value', 'NONE');
#56 =( NAMED_UNIT ( * ) PLANE_ANGLE_UNIT ( ) SI_UNIT ( $, .RADIAN. ) );
#57 = FACE_OUTER_BOUND ( 'NONE', #1335, .T. ) ;
#58 = DIRECTION ( 'NONE',  ( -0.0000000000000000000, -0.0000000000000000000, -1.000000000000000000 ) ) ;
#59 = EDGE_CURVE ( 'NONE', #522, #442, #692, .T. ) ;
#60 = CARTESIAN_POINT ( 'NONE',  ( -0.7399999999999999911, -0.2999999999999999889, 0.1799999999999999933 ) ) ;
#61 = PRODUCT_RELATED_PRODUCT_CATEGORY ( 'part', '', ( #449 ) ) ;
#62 = LINE ( 'NONE', #671, #349 ) ;
#63 = MECHANICAL_DESIGN_GEOMETRIC_PRESENTATION_REPRESENTATION (  '', ( #1925 ), #2275 ) ;
#64 =( NAMED_UNIT ( * ) SI_UNIT ( $, .STERADIAN. ) SOLID_ANGLE_UNIT ( ) );
#65 = EDGE_CURVE ( 'NONE', #304, #1396, #335, .T. ) ;
#66 = CARTESIAN_POINT ( 'NONE',  ( 0.8000000000000000444, 0.4000000000000000222, 0.0000000000000000000 ) ) ;
#67 = FACE_OUTER_BOUND ( 'NONE', #877, .T. ) ;
#68 = VECTOR ( 'NONE', #2251, 1000.000000000000000 ) ;
#69 = CARTESIAN_POINT ( 'NONE',  ( 0.4516409507770000054, 0.3200000000000000067, 0.6000000000000000888 ) ) ;
#70 = VECTOR ( 'NONE', #285, 1000.000000000000114 ) ;
#71 = CARTESIAN_POINT ( 'NONE',  ( -0.6999999999999999556, -0.2999999999999999889, 0.1799999999999999933 ) ) ;
#72 = AXIS2_PLACEMENT_3D ( 'NONE', #1864, #2217, #1680 ) ;
#73 = DIRECTION ( 'NONE',  ( 1.000000000000000000, 0.0000000000000000000, 0.0000000000000000000 ) ) ;
#74 = CARTESIAN_POINT ( 'NONE',  ( 0.2000000000000000111, -0.4000000000000000222, 4.898587196586999654E-17 ) ) ;
#75 = EDGE_LOOP ( 'NONE', ( #2028, #806, #498, #1710 ) ) ;
#76 = PRESENTATION_STYLE_ASSIGNMENT (( #1842 ) ) ;
#77 = DIRECTION ( 'NONE',  ( 1.000000000000000000, 0.0000000000000000000, 0.0000000000000000000 ) ) ;
#78 =( GEOMETRIC_REPRESENTATION_CONTEXT ( 3 ) GLOBAL_UNCERTAINTY_ASSIGNED_CONTEXT ( ( #244 ) ) GLOBAL_UNIT_ASSIGNED_CONTEXT ( ( #224, #1496, #1878 ) ) REPRESENTATION_CONTEXT ( 'NONE', 'WORKASPACE' ) );
#79 = AXIS2_PLACEMENT_3D ( 'NONE', #1718, #1895, #1368 ) ;
#80 = COLOUR_RGB ( '',0.9960784313725490335, 0.9960784313725490335, 0.0000000000000000000 ) ;
#81 = COLOUR_RGB ( '',0.7803921568627451011, 0.5686274509803921351, 0.1137254901960784298 ) ;
#82 = SURFACE_SIDE_STYLE ('',( #994 ) ) ;
#83 = PRESENTATION_STYLE_ASSIGNMENT (( #1513 ) ) ;
#84 = VECTOR ( 'NONE', #464, 1000.000000000000000 ) ;
#85 = ORIENTED_EDGE ( 'NONE', *, *, #1899, .T. ) ;
#86 = VERTEX_POINT ( 'NONE', #325 ) ;
#87 = DIRECTION ( 'NONE',  ( 0.0000000000000000000, -1.000000000000000000, -0.0000000000000000000 ) ) ;
#88 =( LENGTH_UNIT ( ) NAMED_UNIT ( * ) SI_UNIT ( .MILLI., .METRE. ) );
#89 = DIRECTION ( 'NONE',  ( 0.0000000000000000000, 1.000000000000000000, -0.0000000000000000000 ) ) ;
#90 = EDGE_CURVE ( 'NONE', #695, #827, #1962, .T. ) ;
#91 = SURFACE_STYLE_USAGE ( .BOTH. , #141 ) ;
#92 = DIRECTION ( 'NONE',  ( 0.0000000000000000000, 0.0000000000000000000, 1.000000000000000000 ) ) ;
#93 = CARTESIAN_POINT ( 'NONE',  ( -0.4715678837578453075, 0.3215678837576905758, 0.5817080228269734254 ) ) ;
#94 = CARTESIAN_POINT ( 'NONE',  ( -0.8000000000000000444, 0.4000000000000000222, 0.0000000000000000000 ) ) ;
#95 = SURFACE_SIDE_STYLE ('',( #1719 ) ) ;
#96 = PRODUCT ( 'Pocket002', 'Pocket002', '', ( #1551 ) ) ;
#97 = VERTEX_POINT ( 'NONE', #1741 ) ;
#98 = VERTEX_POINT ( 'NONE', #116 ) ;
#99 = CARTESIAN_POINT ( 'NONE',  ( -0.6600000000000000311, -0.2999999999999999889, 0.1799999999999999933 ) ) ;
#100 = MECHANICAL_DESIGN_GEOMETRIC_PRESENTATION_REPRESENTATION (  '', ( #826 ), #490 ) ;
#101 =( GEOMETRIC_REPRESENTATION_CONTEXT ( 3 ) GLOBAL_UNCERTAINTY_ASSIGNED_CONTEXT ( ( #1284 ) ) GLOBAL_UNIT_ASSIGNED_CONTEXT ( ( #1159, #1918, #2245 ) ) REPRESENTATION_CONTEXT ( 'NONE', 'WORKASPACE' ) );
#102 = SURFACE_SIDE_STYLE ('',( #480 ) ) ;
#103 = VECTOR ( 'NONE', #454, 1000.000000000000000 ) ;
#104 = DIRECTION ( 'NONE',  ( 0.0000000000000000000, 0.0000000000000000000, -1.000000000000000000 ) ) ;
#105 = CARTESIAN_POINT ( 'NONE',  ( -0.8000000000000000444, 0.4000000000000000222, 0.0000000000000000000 ) ) ;
#106 = ORIENTED_EDGE ( 'NONE', *, *, #59, .F. ) ;
#107 = SURFACE_STYLE_FILL_AREA ( #2069 ) ;
#108 = CARTESIAN_POINT ( 'NONE',  ( 0.2000000000000000111, 0.4000000000000000222, 0.002000000000000000042 ) ) ;
#109 = ORIENTED_EDGE ( 'NONE', *, *, #694, .T. ) ;
#110 = FILL_AREA_STYLE_COLOUR ( '', #194 ) ;
#111 = LINE ( 'NONE', #471, #1254 ) ;
#112 = DIRECTION ( 'NONE',  ( -0.0000000000000000000, -0.0000000000000000000, -1.000000000000000000 ) ) ;
#113 = DIRECTION ( 'NONE',  ( -0.0000000000000000000, -0.0000000000000000000, -1.000000000000000000 ) ) ;
#114 = FACE_OUTER_BOUND ( 'NONE', #2265, .T. ) ;
#115 = PRESENTATION_STYLE_ASSIGNMENT (( #1739 ) ) ;
#116 = CARTESIAN_POINT ( 'NONE',  ( -0.8000000000000000444, 0.4000000000000000222, 0.2000000000000000111 ) ) ;
#117 = STYLED_ITEM ( 'NONE', ( #1870 ), #746 ) ;
#118 = VERTEX_POINT ( 'NONE', #143 ) ;
#119 = FILL_AREA_STYLE_COLOUR ( '', #460 ) ;
#120 = ORIENTED_EDGE ( 'NONE', *, *, #2284, .T. ) ;
#121 = ORIENTED_EDGE ( 'NONE', *, *, #1963, .F. ) ;
#122 = SURFACE_STYLE_FILL_AREA ( #2286 ) ;
#123 = EDGE_CURVE ( 'NONE', #1946, #187, #875, .T. ) ;
#124 = DIRECTION ( 'NONE',  ( -0.0000000000000000000, -0.0000000000000000000, -1.000000000000000000 ) ) ;
#125 = SURFACE_STYLE_FILL_AREA ( #672 ) ;
#126 = SHAPE_DEFINITION_REPRESENTATION ( #266, #1609 ) ;
#127 = LINE ( 'NONE', #1380, #770 ) ;
#128 = EDGE_LOOP ( 'NONE', ( #121, #1979, #706, #858 ) ) ;
#129 = EDGE_CURVE ( 'NONE', #2187, #646, #1076, .T. ) ;
#130 =( NAMED_UNIT ( * ) PLANE_ANGLE_UNIT ( ) SI_UNIT ( $, .RADIAN. ) );
#131 = ORIENTED_EDGE ( 'NONE', *, *, #737, .T. ) ;
#132 = SURFACE_STYLE_USAGE ( .BOTH. , #1760 ) ;
#133 = EDGE_CURVE ( 'NONE', #1439, #1385, #1636, .T. ) ;
#134 = ADVANCED_FACE ( 'NONE', ( #660 ), #1543, .F. ) ;
#135 =( GEOMETRIC_REPRESENTATION_CONTEXT ( 3 ) GLOBAL_UNCERTAINTY_ASSIGNED_CONTEXT ( ( #2339 ) ) GLOBAL_UNIT_ASSIGNED_CONTEXT ( ( #2207, #721, #1486 ) ) REPRESENTATION_CONTEXT ( 'NONE', 'WORKASPACE' ) );
#136 = VECTOR ( 'NONE', #670, 1000.000000000000000 ) ;
#137 = PLANE ( 'NONE',  #412 ) ;
#138 =( LENGTH_UNIT ( ) NAMED_UNIT ( * ) SI_UNIT ( .MILLI., .METRE. ) );
#139 = COLOUR_RGB ( '',0.7803921568627451011, 0.5686274509803921351, 0.1137254901960784298 ) ;
#140 =( GEOMETRIC_REPRESENTATION_CONTEXT ( 3 ) GLOBAL_UNCERTAINTY_ASSIGNED_CONTEXT ( ( #1983 ) ) GLOBAL_UNIT_ASSIGNED_CONTEXT ( ( #528, #912, #1083 ) ) REPRESENTATION_CONTEXT ( 'NONE', 'WORKASPACE' ) );
#141 = SURFACE_SIDE_STYLE ('',( #125 ) ) ;
#142 = DIRECTION ( 'NONE',  ( 1.000000000000000000, 0.0000000000000000000, 0.0000000000000000000 ) ) ;
#143 = CARTESIAN_POINT ( 'NONE',  ( 0.0000000000000000000, -0.4000000000000000222, 0.002000000000000000042 ) ) ;
#144 = SURFACE_STYLE_USAGE ( .BOTH. , #1210 ) ;
#145 = ORIENTED_EDGE ( 'NONE', *, *, #2066, .F. ) ;
#146 = ORIENTED_EDGE ( 'NONE', *, *, #2329, .T. ) ;
#147 =( NAMED_UNIT ( * ) PLANE_ANGLE_UNIT ( ) SI_UNIT ( $, .RADIAN. ) );
#148 = SURFACE_STYLE_USAGE ( .BOTH. , #1418 ) ;
#149 = STYLED_ITEM ( 'NONE', ( #1531 ), #989 ) ;
#150 = FILL_AREA_STYLE_COLOUR ( '', #1861 ) ;
#151 =( NAMED_UNIT ( * ) PLANE_ANGLE_UNIT ( ) SI_UNIT ( $, .RADIAN. ) );
#152 = APPLICATION_PROTOCOL_DEFINITION ( 'draft international standard', 'automotive_design', 1998, #230 ) ;
#153 = DIRECTION ( 'NONE',  ( 0.0000000000000000000, 0.0000000000000000000, 1.000000000000000000 ) ) ;
#154 = CARTESIAN_POINT ( 'NONE',  ( -0.8000000000000000444, 0.2000000000000000389, 0.2000000000000000111 ) ) ;
#155 = CARTESIAN_POINT ( 'NONE',  ( -0.8000000000000000444, 0.4000000000000000222, 0.0000000000000000000 ) ) ;
#156 = DIRECTION ( 'NONE',  ( 1.000000000000000000, 0.0000000000000000000, 0.0000000000000000000 ) ) ;
#157 = MECHANICAL_DESIGN_GEOMETRIC_PRESENTATION_REPRESENTATION (  '', ( #1273 ), #2140 ) ;
#158 = ORIENTED_EDGE ( 'NONE', *, *, #234, .T. ) ;
#159 = PRODUCT_DEFINITION_FORMATION_WITH_SPECIFIED_SOURCE ( 'ANY', '', #2092, .NOT_KNOWN. ) ;
#160 = EDGE_LOOP ( 'NONE', ( #264, #2062, #2176, #475 ) ) ;
#161 = FACE_OUTER_BOUND ( 'NONE', #128, .T. ) ;
#162 = FACE_OUTER_BOUND ( 'NONE', #1742, .T. ) ;
#163 = UNCERTAINTY_MEASURE_WITH_UNIT (LENGTH_MEASURE( 1.000000000000000082E-05 ), #1936, 'distance_accuracy_value', 'NONE');
#164 = AXIS2_PLACEMENT_3D ( 'NONE', #873, #1953, #1576 ) ;
#165 = FACE_OUTER_BOUND ( 'NONE', #2175, .T. ) ;
#166 = DIRECTION ( 'NONE',  ( 0.0000000000000000000, 0.0000000000000000000, 1.000000000000000000 ) ) ;
#167 = CARTESIAN_POINT ( 'NONE',  ( -1.734723475977000073E-18, 0.1000000000000000056, -1.224646799146999976E-17 ) ) ;
#168 = DIRECTION ( 'NONE',  ( 1.000000000000000000, 0.0000000000000000000, 0.0000000000000000000 ) ) ;
#169 = EDGE_CURVE ( 'NONE', #1546, #381, #127, .T. ) ;
#170 = EDGE_CURVE ( 'NONE', #816, #695, #704, .T. ) ;
#171 = DIRECTION ( 'NONE',  ( 0.0000000000000000000, 0.0000000000000000000, -1.000000000000000000 ) ) ;
#172 =( LENGTH_UNIT ( ) NAMED_UNIT ( * ) SI_UNIT ( .MILLI., .METRE. ) );
#173 = ORIENTED_EDGE ( 'NONE', *, *, #700, .F. ) ;
#174 = ORIENTED_EDGE ( 'NONE', *, *, #600, .F. ) ;
#175 = CARTESIAN_POINT ( 'NONE',  ( -0.4000000000000000222, 0.4000000000000000222, 0.0000000000000000000 ) ) ;
#176 =( NAMED_UNIT ( * ) PLANE_ANGLE_UNIT ( ) SI_UNIT ( $, .RADIAN. ) );
#177 = PRODUCT_DEFINITION_CONTEXT ( 'detailed design', #1388, 'design' ) ;
#178 = UNCERTAINTY_MEASURE_WITH_UNIT (LENGTH_MEASURE( 1.000000000000000082E-05 ), #1525, 'distance_accuracy_value', 'NONE');
#179 = UNCERTAINTY_MEASURE_WITH_UNIT (LENGTH_MEASURE( 1.000000000000000082E-05 ), #1426, 'distance_accuracy_value', 'NONE');
#180 = ORIENTED_EDGE ( 'NONE', *, *, #1474, .T. ) ;
#181 = CARTESIAN_POINT ( 'NONE',  ( -0.6600000000000000311, -0.2999999999999999889, 0.2000000000000000111 ) ) ;
#182 = MECHANICAL_DESIGN_GEOMETRIC_PRESENTATION_REPRESENTATION (  '', ( #1211 ), #1505 ) ;
#183 = AXIS2_PLACEMENT_3D ( 'NONE', #1949, #1967, #368 ) ;
#184 = SURFACE_STYLE_USAGE ( .BOTH. , #1642 ) ;
#185 = ORIENTED_EDGE ( 'NONE', *, *, #341, .T. ) ;
#186 = COLOUR_RGB ( '',0.0000000000000000000, 0.6666666666666666297, 0.0000000000000000000 ) ;
#187 = VERTEX_POINT ( 'NONE', #154 ) ;
#188 = LINE ( 'NONE', #175, #223 ) ;
#189 =( LENGTH_UNIT ( ) NAMED_UNIT ( * ) SI_UNIT ( .MILLI., .METRE. ) );
#190 = VECTOR ( 'NONE', #2357, 1000.000000000000000 ) ;
#191 = ORIENTED_EDGE ( 'NONE', *, *, #1711, .F. ) ;
#192 = FACE_OUTER_BOUND ( 'NONE', #1250, .T. ) ;
#193 = DIRECTION ( 'NONE',  ( -0.0000000000000000000, -0.0000000000000000000, -1.000000000000000000 ) ) ;
#194 = COLOUR_RGB ( '',0.9960784313725490335, 0.9960784313725490335, 0.0000000000000000000 ) ;
#195 = AXIS2_PLACEMENT_3D ( 'NONE', #1762, #166, #1998 ) ;
#196 = DIRECTION ( 'NONE',  ( 0.0000000000000000000, -1.000000000000000000, -0.0000000000000000000 ) ) ;
#197 = UNCERTAINTY_MEASURE_WITH_UNIT (LENGTH_MEASURE( 1.000000000000000082E-05 ), #2167, 'distance_accuracy_value', 'NONE');
#198 = VERTEX_POINT ( 'NONE', #1262 ) ;
#199 =( GEOMETRIC_REPRESENTATION_CONTEXT ( 3 ) GLOBAL_UNCERTAINTY_ASSIGNED_CONTEXT ( ( #539 ) ) GLOBAL_UNIT_ASSIGNED_CONTEXT ( ( #601, #584, #387 ) ) REPRESENTATION_CONTEXT ( 'NONE', 'WORKASPACE' ) );
#200 =( NAMED_UNIT ( * ) SI_UNIT ( $, .STERADIAN. ) SOLID_ANGLE_UNIT ( ) );
#201 = CIRCLE ( 'NONE', #1372, 0.03999999999999999389 ) ;
#202 = EDGE_CURVE ( 'NONE', #1094, #592, #1104, .T. ) ;
#203 = PRESENTATION_STYLE_ASSIGNMENT (( #385 ) ) ;
#204 = LINE ( 'NONE', #1838, #269 ) ;
#205 = DIRECTION ( 'NONE',  ( 0.0000000000000000000, 0.0000000000000000000, 1.000000000000000000 ) ) ;
#206 = DIRECTION ( 'NONE',  ( 1.000000000000000000, 0.0000000000000000000, 0.0000000000000000000 ) ) ;
#207 =( NAMED_UNIT ( * ) SI_UNIT ( $, .STERADIAN. ) SOLID_ANGLE_UNIT ( ) );
#208 = EDGE_CURVE ( 'NONE', #675, #1353, #1806, .T. ) ;
#209 = CARTESIAN_POINT ( 'NONE',  ( -0.6999999999999999556, -0.2999999999999999889, 0.2000000000000000111 ) ) ;
#210 = PRODUCT_RELATED_PRODUCT_CATEGORY ( 'part', '', ( #96 ) ) ;
#211 = CARTESIAN_POINT ( 'NONE',  ( -0.5000000000000000000, 0.3499999999999999778, 0.2000000000000000111 ) ) ;
#212 = ORIENTED_EDGE ( 'NONE', *, *, #629, .F. ) ;
#213 = EDGE_CURVE ( 'NONE', #187, #1396, #45, .T. ) ;
#214 = SURFACE_STYLE_FILL_AREA ( #783 ) ;
#215 = PRESENTATION_LAYER_ASSIGNMENT (  '', '', ( #1295 ) ) ;
#216 = APPLICATION_CONTEXT ( 'automotive_design' ) ;
#217 = VECTOR ( 'NONE', #669, 1000.000000000000000 ) ;
#218 = ORIENTED_EDGE ( 'NONE', *, *, #843, .T. ) ;
#219 = DIRECTION ( 'NONE',  ( 1.000000000000000000, 0.0000000000000000000, 0.0000000000000000000 ) ) ;
#220 = CARTESIAN_POINT ( 'NONE',  ( 0.2000000000000000111, -0.4000000000000000222, 4.898587196589000156E-17 ) ) ;
#221 = ADVANCED_BREP_SHAPE_REPRESENTATION ( '', ( #624, #372 ), #135 ) ;
#222 = CARTESIAN_POINT ( 'NONE',  ( 0.4000000000000000222, 0.4000000000000000222, 0.0000000000000000000 ) ) ;
#223 = VECTOR ( 'NONE', #1443, 1000.000000000000000 ) ;
#224 =( LENGTH_UNIT ( ) NAMED_UNIT ( * ) SI_UNIT ( .MILLI., .METRE. ) );
#225 = DIRECTION ( 'NONE',  ( 1.000000000000000000, 0.0000000000000000000, 0.0000000000000000000 ) ) ;
#226 = VECTOR ( 'NONE', #2032, 1000.000000000000000 ) ;
#227 = FILL_AREA_STYLE ('',( #309 ) ) ;
#228 = DIRECTION ( 'NONE',  ( 0.0000000000000000000, -0.0000000000000000000, -1.000000000000000000 ) ) ;
#229 = PRODUCT_DEFINITION_SHAPE ( 'NONE', 'NONE',  #2366 ) ;
#230 = APPLICATION_CONTEXT ( 'automotive_design' ) ;
#231 = CARTESIAN_POINT ( 'NONE',  ( 0.4706339073361386904, -0.3206339073361386127, 0.5926044144130637736 ) ) ;
#232 =( NAMED_UNIT ( * ) SI_UNIT ( $, .STERADIAN. ) SOLID_ANGLE_UNIT ( ) );
#233 = FILL_AREA_STYLE ('',( #119 ) ) ;
#234 = EDGE_CURVE ( 'NONE', #938, #1637, #1473, .T. ) ;
#235 =( NAMED_UNIT ( * ) SI_UNIT ( $, .STERADIAN. ) SOLID_ANGLE_UNIT ( ) );
#236 = CARTESIAN_POINT ( 'NONE',  ( 0.0000000000000000000, -0.4000000000000000222, 4.898587196589000156E-17 ) ) ;
#237 = FACE_OUTER_BOUND ( 'NONE', #1037, .T. ) ;
#238 = SURFACE_SIDE_STYLE ('',( #2080 ) ) ;
#239 = STYLED_ITEM ( 'NONE', ( #2150 ), #1132 ) ;
#240 = SURFACE_SIDE_STYLE ('',( #410 ) ) ;
#241 = SHAPE_DEFINITION_REPRESENTATION ( #1480, #491 ) ;
#242 = ADVANCED_FACE ( 'NONE', ( #573 ), #749, .F. ) ;
#243 =( NAMED_UNIT ( * ) SI_UNIT ( $, .STERADIAN. ) SOLID_ANGLE_UNIT ( ) );
#244 = UNCERTAINTY_MEASURE_WITH_UNIT (LENGTH_MEASURE( 1.000000000000000082E-05 ), #224, 'distance_accuracy_value', 'NONE');
#245 = DIRECTION ( 'NONE',  ( 0.0000000000000000000, -0.0000000000000000000, 1.000000000000000000 ) ) ;
#246 = CARTESIAN_POINT ( 'NONE',  ( -0.8000000000000000444, 0.4000000000000000222, 0.2000000000000000111 ) ) ;
#247 = DIRECTION ( 'NONE',  ( -1.000000000000000000, 0.0000000000000000000, 0.0000000000000000000 ) ) ;
#248 = PLANE ( 'NONE',  #2252 ) ;
#249 = SURFACE_SIDE_STYLE ('',( #1683 ) ) ;
#250 = COLOUR_RGB ( '',0.7921568627450980005, 0.8196078431372548767, 0.9333333333333333481 ) ;
#251 = CYLINDRICAL_SURFACE ( 'NONE', #1508, 0.02000000000000005246 ) ;
#252 = COLOUR_RGB ( '',0.9960784313725490335, 0.9960784313725490335, 0.0000000000000000000 ) ;
#253 = LINE ( 'NONE', #1012, #70 ) ;
#254 = ORIENTED_EDGE ( 'NONE', *, *, #1892, .T. ) ;
#255 = ORIENTED_EDGE ( 'NONE', *, *, #1361, .T. ) ;
#256 = MECHANICAL_DESIGN_GEOMETRIC_PRESENTATION_REPRESENTATION (  '', ( #1727 ), #1929 ) ;
#257 = DIRECTION ( 'NONE',  ( 1.000000000000000000, 0.0000000000000000000, 0.0000000000000000000 ) ) ;
#258 = VECTOR ( 'NONE', #979, 1000.000000000000000 ) ;
#259 = DIRECTION ( 'NONE',  ( 0.0000000000000000000, -0.0000000000000000000, 1.000000000000000000 ) ) ;
#260 = VECTOR ( 'NONE', #1275, 1000.000000000000000 ) ;
#261 = FILL_AREA_STYLE_COLOUR ( '', #2136 ) ;
#262 = DIRECTION ( 'NONE',  ( 0.0000000000000000000, 0.0000000000000000000, 1.000000000000000000 ) ) ;
#263 = ORIENTED_EDGE ( 'NONE', *, *, #1671, .T. ) ;
#264 = ORIENTED_EDGE ( 'NONE', *, *, #65, .F. ) ;
#265 = CARTESIAN_POINT ( 'NONE',  ( -0.5000000000000000000, -0.3499999999999999778, 0.2000000000000000111 ) ) ;
#266 = PRODUCT_DEFINITION_SHAPE ( 'NONE', 'NONE',  #1894 ) ;
#267 = ADVANCED_FACE ( 'NONE', ( #374 ), #754, .T. ) ;
#268 = SURFACE_SIDE_STYLE ('',( #1904 ) ) ;
#269 = VECTOR ( 'NONE', #969, 1000.000000000000000 ) ;
#270 = VECTOR ( 'NONE', #798, 1000.000000000000000 ) ;
#271 = AXIS2_PLACEMENT_3D ( 'NONE', #2226, #597, #1131 ) ;
#272 = CARTESIAN_POINT ( 'NONE',  ( 0.2000000000000000111, -0.4000000000000000222, -4.898587196589000156E-17 ) ) ;
#273 = DIRECTION ( 'NONE',  ( 0.0000000000000000000, 0.0000000000000000000, 1.000000000000000000 ) ) ;
#274 = EDGE_CURVE ( 'NONE', #442, #1729, #775, .T. ) ;
#275 = VECTOR ( 'NONE', #196, 1000.000000000000000 ) ;
#276 = VERTEX_POINT ( 'NONE', #1315 ) ;
#277 = ORIENTED_EDGE ( 'NONE', *, *, #2327, .F. ) ;
#278 = CARTESIAN_POINT ( 'NONE',  ( 0.4000000000000000222, 0.4000000000000000222, 0.0000000000000000000 ) ) ;
#279 = DIRECTION ( 'NONE',  ( 0.0000000000000000000, 0.0000000000000000000, -1.000000000000000000 ) ) ;
#280 = DIRECTION ( 'NONE',  ( 0.0000000000000000000, -1.000000000000000000, 1.224646799146999945E-16 ) ) ;
#281 = DIRECTION ( 'NONE',  ( 1.000000000000000000, 0.0000000000000000000, 0.0000000000000000000 ) ) ;
#282 = SHAPE_DEFINITION_REPRESENTATION ( #801, #2009 ) ;
#283 =( NAMED_UNIT ( * ) PLANE_ANGLE_UNIT ( ) SI_UNIT ( $, .RADIAN. ) );
#284 = SURFACE_STYLE_USAGE ( .BOTH. , #1730 ) ;
#285 = DIRECTION ( 'NONE',  ( 0.08509140416868289647, -0.08509140416959970477, 0.9927330486455296921 ) ) ;
#286 = PRODUCT_DEFINITION_SHAPE ( 'NONE', 'NONE',  #2365 ) ;
#287 = PLANE ( 'NONE',  #869 ) ;
#288 = ORIENTED_EDGE ( 'NONE', *, *, #129, .T. ) ;
#289 =( GEOMETRIC_REPRESENTATION_CONTEXT ( 3 ) GLOBAL_UNCERTAINTY_ASSIGNED_CONTEXT ( ( #1776 ) ) GLOBAL_UNIT_ASSIGNED_CONTEXT ( ( #172, #560, #2015 ) ) REPRESENTATION_CONTEXT ( 'NONE', 'WORKASPACE' ) );
#290 = EDGE_LOOP ( 'NONE', ( #1747, #722, #1565, #1820 ) ) ;
#291 =( LENGTH_UNIT ( ) NAMED_UNIT ( * ) SI_UNIT ( .MILLI., .METRE. ) );
#292 = LINE ( 'NONE', #69, #1467 ) ;
#293 = VECTOR ( 'NONE', #23, 1000.000000000000000 ) ;
#294 = COLOUR_RGB ( '',0.7803921568627451011, 0.5686274509803921351, 0.1137254901960784298 ) ;
#295 = VECTOR ( 'NONE', #2027, 1000.000000000000000 ) ;
#296 = PRESENTATION_STYLE_ASSIGNMENT (( #1365 ) ) ;
#297 = DIRECTION ( 'NONE',  ( 1.000000000000000000, 0.0000000000000000000, 0.0000000000000000000 ) ) ;
#298 = SURFACE_STYLE_FILL_AREA ( #1930 ) ;
#299 = DIRECTION ( 'NONE',  ( 0.0000000000000000000, 0.0000000000000000000, 1.000000000000000000 ) ) ;
#300 = ORIENTED_EDGE ( 'NONE', *, *, #2066, .T. ) ;
#301 = SURFACE_STYLE_FILL_AREA ( #1208 ) ;
#302 =( LENGTH_UNIT ( ) NAMED_UNIT ( * ) SI_UNIT ( .MILLI., .METRE. ) );
#303 = SURFACE_STYLE_FILL_AREA ( #354 ) ;
#304 = VERTEX_POINT ( 'NONE', #426 ) ;
#305 = VERTEX_POINT ( 'NONE', #1135 ) ;
#306 = VECTOR ( 'NONE', #890, 1000.000000000000000 ) ;
#307 = ADVANCED_FACE ( 'NONE', ( #237 ), #1154, .F. ) ;
#308 =( NAMED_UNIT ( * ) SI_UNIT ( $, .STERADIAN. ) SOLID_ANGLE_UNIT ( ) );
#309 = FILL_AREA_STYLE_COLOUR ( '', #81 ) ;
#310 = CONTEXT_DEPENDENT_SHAPE_REPRESENTATION ( #546, #286 ) ;
#311 = CARTESIAN_POINT ( 'NONE',  ( 0.5000000000000000000, -0.3499999999999999778, 0.2000000000000000111 ) ) ;
#312 = MECHANICAL_DESIGN_GEOMETRIC_PRESENTATION_REPRESENTATION (  '', ( #1836 ), #1128 ) ;
#313 = VERTEX_POINT ( 'NONE', #950 ) ;
#314 = EDGE_CURVE ( 'NONE', #1014, #1590, #408, .T. ) ;
#315 = SURFACE_STYLE_FILL_AREA ( #2153 ) ;
#316 = EDGE_CURVE ( 'NONE', #893, #1251, #1656, .T. ) ;
#317 = ORIENTED_EDGE ( 'NONE', *, *, #170, .T. ) ;
#318 = ORIENTED_EDGE ( 'NONE', *, *, #641, .F. ) ;
#319 = FILL_AREA_STYLE ('',( #2314 ) ) ;
#320 = CARTESIAN_POINT ( 'NONE',  ( -0.4516409507770000054, -0.3016409507769999832, 0.6000000000000000888 ) ) ;
#321 =( GEOMETRIC_REPRESENTATION_CONTEXT ( 3 ) GLOBAL_UNCERTAINTY_ASSIGNED_CONTEXT ( ( #1883 ) ) GLOBAL_UNIT_ASSIGNED_CONTEXT ( ( #2332, #2279, #1942 ) ) REPRESENTATION_CONTEXT ( 'NONE', 'WORKASPACE' ) );
#322 =( NAMED_UNIT ( * ) PLANE_ANGLE_UNIT ( ) SI_UNIT ( $, .RADIAN. ) );
#323 = CYLINDRICAL_SURFACE ( 'NONE', #195, 0.1999999999999999833 ) ;
#324 = FACE_OUTER_BOUND ( 'NONE', #160, .T. ) ;
#325 = CARTESIAN_POINT ( 'NONE',  ( -1.156482317317999984E-18, 0.4000000000000000222, 0.002000000000000000042 ) ) ;
#326 = EDGE_LOOP ( 'NONE', ( #2085, #263, #1207, #696 ) ) ;
#327 = ORIENTED_EDGE ( 'NONE', *, *, #386, .F. ) ;
#328 = SURFACE_SIDE_STYLE ('',( #2315 ) ) ;
#329 = UNCERTAINTY_MEASURE_WITH_UNIT (LENGTH_MEASURE( 1.000000000000000082E-05 ), #1395, 'distance_accuracy_value', 'NONE');
#330 =( GEOMETRIC_REPRESENTATION_CONTEXT ( 3 ) GLOBAL_UNCERTAINTY_ASSIGNED_CONTEXT ( ( #329 ) ) GLOBAL_UNIT_ASSIGNED_CONTEXT ( ( #1395, #1054, #664 ) ) REPRESENTATION_CONTEXT ( 'NONE', 'WORKASPACE' ) );
#331 = PRESENTATION_LAYER_ASSIGNMENT (  '', '', ( #1888 ) ) ;
#332 = CARTESIAN_POINT ( 'NONE',  ( 0.4715678837578454741, 0.3215678837576906868, 0.5817080228269734254 ) ) ;
#333 = LINE ( 'NONE', #1972, #40 ) ;
#334 =( NAMED_UNIT ( * ) SI_UNIT ( $, .STERADIAN. ) SOLID_ANGLE_UNIT ( ) );
#335 = LINE ( 'NONE', #1932, #965 ) ;
#336 = MECHANICAL_DESIGN_GEOMETRIC_PRESENTATION_REPRESENTATION (  '', ( #34 ), #952 ) ;
#337 = ORIENTED_EDGE ( 'NONE', *, *, #1648, .F. ) ;
#338 = ORIENTED_EDGE ( 'NONE', *, *, #2246, .T. ) ;
#339 = AXIS2_PLACEMENT_3D ( 'NONE', #1592, #1571, #1948 ) ;
#340 = EDGE_CURVE ( 'NONE', #98, #1590, #1825, .T. ) ;
#341 = EDGE_CURVE ( 'NONE', #512, #371, #2013, .T. ) ;
#342 = STYLED_ITEM ( 'NONE', ( #1074 ), #842 ) ;
#343 = PLANE ( 'NONE',  #1026 ) ;
#344 = CARTESIAN_POINT ( 'NONE',  ( -0.4000000000000000222, 0.4000000000000000222, 0.2000000000000000111 ) ) ;
#345 = DIRECTION ( 'NONE',  ( 1.000000000000000000, 0.0000000000000000000, 0.0000000000000000000 ) ) ;
#346 =( NAMED_UNIT ( * ) SI_UNIT ( $, .STERADIAN. ) SOLID_ANGLE_UNIT ( ) );
#347 = STYLED_ITEM ( 'NONE', ( #589 ), #2186 ) ;
#348 = FILL_AREA_STYLE ('',( #1106 ) ) ;
#349 = VECTOR ( 'NONE', #2224, 1000.000000000000000 ) ;
#350 = STYLED_ITEM ( 'NONE', ( #2273 ), #1466 ) ;
#351 = ORIENTED_EDGE ( 'NONE', *, *, #1062, .F. ) ;
#352 = VERTEX_POINT ( 'NONE', #1627 ) ;
#353 = VECTOR ( 'NONE', #433, 1000.000000000000000 ) ;
#354 = FILL_AREA_STYLE ('',( #1444 ) ) ;
#355 =( REPRESENTATION_RELATIONSHIP ('NONE','NONE', #491, #559 ) REPRESENTATION_RELATIONSHIP_WITH_TRANSFORMATION ( #1366 )SHAPE_REPRESENTATION_RELATIONSHIP( ) );
#356 = VERTEX_POINT ( 'NONE', #181 ) ;
#357 = CARTESIAN_POINT ( 'NONE',  ( -0.8000000000000000444, 0.0000000000000000000, 0.2000000000000000111 ) ) ;
#358 = DIRECTION ( 'NONE',  ( 0.0000000000000000000, -0.0000000000000000000, -1.000000000000000000 ) ) ;
#359 = CARTESIAN_POINT ( 'NONE',  ( 0.2000000000000000111, -0.09999999999999999167, 1.224646799145999725E-17 ) ) ;
#360 = SURFACE_STYLE_FILL_AREA ( #943 ) ;
#361 = AXIS2_PLACEMENT_3D ( 'NONE', #1121, #397, #1504 ) ;
#362 = CARTESIAN_POINT ( 'NONE',  ( 0.4715678837576906535, 0.3499999999999999778, 0.5817080228269734254 ) ) ;
#363 =( NAMED_UNIT ( * ) SI_UNIT ( $, .STERADIAN. ) SOLID_ANGLE_UNIT ( ) );
#364 = UNCERTAINTY_MEASURE_WITH_UNIT (LENGTH_MEASURE( 1.000000000000000082E-05 ), #830, 'distance_accuracy_value', 'NONE');
#365 = EDGE_LOOP ( 'NONE', ( #401, #1771, #1409, #1417 ) ) ;
#366 = ORIENTED_EDGE ( 'NONE', *, *, #2355, .T. ) ;
#367 = SURFACE_SIDE_STYLE ('',( #1992 ) ) ;
#368 = DIRECTION ( 'NONE',  ( 1.000000000000000000, 0.0000000000000000000, 0.0000000000000000000 ) ) ;
#369 = UNCERTAINTY_MEASURE_WITH_UNIT (LENGTH_MEASURE( 1.000000000000000082E-05 ), #905, 'distance_accuracy_value', 'NONE');
#370 = UNCERTAINTY_MEASURE_WITH_UNIT (LENGTH_MEASURE( 1.000000000000000082E-05 ), #1352, 'distance_accuracy_value', 'NONE');
#371 = VERTEX_POINT ( 'NONE', #1424 ) ;
#372 = AXIS2_PLACEMENT_3D ( 'NONE', #841, #1228, #156 ) ;
#373 = DIRECTION ( 'NONE',  ( -0.0000000000000000000, -0.0000000000000000000, -1.000000000000000000 ) ) ;
#374 = FACE_OUTER_BOUND ( 'NONE', #1317, .T. ) ;
#375 = VECTOR ( 'NONE', #1183, 1000.000000000000000 ) ;
#376 = PRESENTATION_LAYER_ASSIGNMENT (  '', '', ( #2319 ) ) ;
#377 = AXIS2_PLACEMENT_3D ( 'NONE', #1512, #2059, #1199 ) ;
#378 = SURFACE_STYLE_FILL_AREA ( #2001 ) ;
#379 = SURFACE_STYLE_USAGE ( .BOTH. , #750 ) ;
#380 = EDGE_CURVE ( 'NONE', #198, #512, #933, .T. ) ;
#381 = VERTEX_POINT ( 'NONE', #9 ) ;
#382 = FILL_AREA_STYLE ('',( #1632 ) ) ;
#383 = AXIS2_PLACEMENT_3D ( 'NONE', #1061, #193, #142 ) ;
#384 = ORIENTED_EDGE ( 'NONE', *, *, #1828, .T. ) ;
#385 = SURFACE_STYLE_USAGE ( .BOTH. , #2011 ) ;
#386 = EDGE_CURVE ( 'NONE', #381, #1385, #1961, .T. ) ;
#387 =( NAMED_UNIT ( * ) SI_UNIT ( $, .STERADIAN. ) SOLID_ANGLE_UNIT ( ) );
#388 = FILL_AREA_STYLE_COLOUR ( '', #252 ) ;
#389 = EDGE_CURVE ( 'NONE', #304, #2165, #1115, .T. ) ;
#390 =( GEOMETRIC_REPRESENTATION_CONTEXT ( 3 ) GLOBAL_UNCERTAINTY_ASSIGNED_CONTEXT ( ( #1432 ) ) GLOBAL_UNIT_ASSIGNED_CONTEXT ( ( #545, #1153, #942 ) ) REPRESENTATION_CONTEXT ( 'NONE', 'WORKASPACE' ) );
#391 = CARTESIAN_POINT ( 'NONE',  ( 0.4999999999999992784, -0.3499999999999985900, 0.2499999999999997780 ) ) ;
#392 = EDGE_CURVE ( 'NONE', #1014, #1712, #2190, .T. ) ;
#393 =( GEOMETRIC_REPRESENTATION_CONTEXT ( 3 ) GLOBAL_UNCERTAINTY_ASSIGNED_CONTEXT ( ( #1984 ) ) GLOBAL_UNIT_ASSIGNED_CONTEXT ( ( #2209, #757, #953 ) ) REPRESENTATION_CONTEXT ( 'NONE', 'WORKASPACE' ) );
#394 = COLOUR_RGB ( '',0.7803921568627451011, 0.5686274509803921351, 0.1137254901960784298 ) ;
#395 = STYLED_ITEM ( 'NONE', ( #1488 ), #766 ) ;
#396 =( NAMED_UNIT ( * ) SI_UNIT ( $, .STERADIAN. ) SOLID_ANGLE_UNIT ( ) );
#397 = DIRECTION ( 'NONE',  ( 0.0000000000000000000, -1.000000000000000000, 0.0000000000000000000 ) ) ;
#398 = DIRECTION ( 'NONE',  ( 0.0000000000000000000, -1.224646799146999945E-16, -1.000000000000000000 ) ) ;
#399 =( NAMED_UNIT ( * ) SI_UNIT ( $, .STERADIAN. ) SOLID_ANGLE_UNIT ( ) );
#400 = SHAPE_REPRESENTATION ( 'Pad004', ( #372 ), #1324 ) ;
#401 = ORIENTED_EDGE ( 'NONE', *, *, #170, .F. ) ;
#402 = FACE_OUTER_BOUND ( 'NONE', #707, .T. ) ;
#403 = DIRECTION ( 'NONE',  ( 0.0000000000000000000, -1.000000000000000000, 0.0000000000000000000 ) ) ;
#404 = SURFACE_SIDE_STYLE ('',( #1363 ) ) ;
#405 = SURFACE_STYLE_USAGE ( .BOTH. , #956 ) ;
#406 = DIRECTION ( 'NONE',  ( 0.0000000000000000000, -1.000000000000000000, -0.0000000000000000000 ) ) ;
#407 = LINE ( 'NONE', #236, #1914 ) ;
#408 = LINE ( 'NONE', #1143, #1184 ) ;
#409 = CARTESIAN_POINT ( 'NONE',  ( 0.8000000000000000444, 0.4000000000000000222, 0.2000000000000000111 ) ) ;
#410 = SURFACE_STYLE_FILL_AREA ( #1179 ) ;
#411 = AXIS2_PLACEMENT_3D ( 'NONE', #1309, #534, #1976 ) ;
#412 = AXIS2_PLACEMENT_3D ( 'NONE', #1688, #1503, #1997 ) ;
#413 = STYLED_ITEM ( 'NONE', ( #1016 ), #2029 ) ;
#414 = SURFACE_STYLE_USAGE ( .BOTH. , #51 ) ;
#415 = STYLED_ITEM ( 'NONE', ( #484 ), #1635 ) ;
#416 = DIRECTION ( 'NONE',  ( 0.0000000000000000000, 0.0000000000000000000, 1.000000000000000000 ) ) ;
#417 = SURFACE_STYLE_FILL_AREA ( #382 ) ;
#418 = AXIS2_PLACEMENT_3D ( 'NONE', #2282, #1919, #1369 ) ;
#419 = PRODUCT_RELATED_PRODUCT_CATEGORY ( 'part', '', ( #998 ) ) ;
#420 = ORIENTED_EDGE ( 'NONE', *, *, #1166, .F. ) ;
#421 = LINE ( 'NONE', #1110, #645 ) ;
#422 = SURFACE_STYLE_FILL_AREA ( #233 ) ;
#423 =( NAMED_UNIT ( * ) SI_UNIT ( $, .STERADIAN. ) SOLID_ANGLE_UNIT ( ) );
#424 = EDGE_CURVE ( 'NONE', #2191, #592, #920, .T. ) ;
#425 = ADVANCED_FACE ( 'NONE', ( #1436 ), #1613, .T. ) ;
#426 = CARTESIAN_POINT ( 'NONE',  ( -0.6000000000000000888, 0.0000000000000000000, 0.0000000000000000000 ) ) ;
#427 = CARTESIAN_POINT ( 'NONE',  ( -0.4000000000000000222, 0.4000000000000000222, 0.2000000000000000111 ) ) ;
#428 = DIRECTION ( 'NONE',  ( 0.0000000000000000000, 0.0000000000000000000, -1.000000000000000000 ) ) ;
#429 =( NAMED_UNIT ( * ) PLANE_ANGLE_UNIT ( ) SI_UNIT ( $, .RADIAN. ) );
#430 = STYLED_ITEM ( 'NONE', ( #1752 ), #881 ) ;
#431 = PLANE ( 'NONE',  #2053 ) ;
#432 = LINE ( 'NONE', #1523, #1032 ) ;
#433 = DIRECTION ( 'NONE',  ( 0.0000000000000000000, -0.0000000000000000000, -1.000000000000000000 ) ) ;
#434 = LINE ( 'NONE', #791, #1750 ) ;
#435 = CYLINDRICAL_SURFACE ( 'NONE', #455, 0.02000000000000005246 ) ;
#436 = MECHANICAL_DESIGN_GEOMETRIC_PRESENTATION_REPRESENTATION (  '', ( #511 ), #43 ) ;
#437 = DIRECTION ( 'NONE',  ( 0.0000000000000000000, -1.000000000000000000, -0.0000000000000000000 ) ) ;
#438 =( NAMED_UNIT ( * ) SI_UNIT ( $, .STERADIAN. ) SOLID_ANGLE_UNIT ( ) );
#439 = VECTOR ( 'NONE', #2121, 1000.000000000000000 ) ;
#440 = FACE_OUTER_BOUND ( 'NONE', #682, .T. ) ;
#441 = DIRECTION ( 'NONE',  ( 0.0000000000000000000, 0.0000000000000000000, 1.000000000000000000 ) ) ;
#442 = VERTEX_POINT ( 'NONE', #1805 ) ;
#443 = UNCERTAINTY_MEASURE_WITH_UNIT (LENGTH_MEASURE( 1.000000000000000082E-05 ), #968, 'distance_accuracy_value', 'NONE');
#444 = ORIENTED_EDGE ( 'NONE', *, *, #565, .T. ) ;
#445 = LINE ( 'NONE', #1539, #649 ) ;
#446 = DIRECTION ( 'NONE',  ( -1.000000000000000000, -0.0000000000000000000, -0.0000000000000000000 ) ) ;
#447 = FILL_AREA_STYLE ('',( #1889 ) ) ;
#448 = DIRECTION ( 'NONE',  ( 0.0000000000000000000, 1.000000000000000000, -0.0000000000000000000 ) ) ;
#449 = PRODUCT ( 'Fillet', 'Fillet', '', ( #1954 ) ) ;
#450 = SURFACE_STYLE_USAGE ( .BOTH. , #240 ) ;
#451 =( NAMED_UNIT ( * ) PLANE_ANGLE_UNIT ( ) SI_UNIT ( $, .RADIAN. ) );
#452 = PLANE ( 'NONE',  #79 ) ;
#453 = VECTOR ( 'NONE', #1437, 1000.000000000000000 ) ;
#454 = DIRECTION ( 'NONE',  ( 0.0000000000000000000, -1.000000000000000000, 1.224646799146999945E-16 ) ) ;
#455 = AXIS2_PLACEMENT_3D ( 'NONE', #1044, #257, #279 ) ;
#456 = ADVANCED_FACE ( 'NONE', ( #888 ), #1601, .T. ) ;
#457 = ORIENTED_EDGE ( 'NONE', *, *, #316, .T. ) ;
#458 = CARTESIAN_POINT ( 'NONE',  ( 0.4000000000000000222, 0.4000000000000000222, 0.2000000000000000111 ) ) ;
#459 = VECTOR ( 'NONE', #2267, 1000.000000000000000 ) ;
#460 = COLOUR_RGB ( '',0.8000000000000000444, 0.8000000000000000444, 0.8000000000000000444 ) ;
#461 = DIRECTION ( 'NONE',  ( 0.0000000000000000000, -1.000000000000000000, 1.224646799146999945E-16 ) ) ;
#462 = EDGE_CURVE ( 'NONE', #371, #2191, #1506, .T. ) ;
#463 = FILL_AREA_STYLE ('',( #2278 ) ) ;
#464 = DIRECTION ( 'NONE',  ( 0.0000000000000000000, -0.0000000000000000000, -1.000000000000000000 ) ) ;
#465 = AXIS2_PLACEMENT_3D ( 'NONE', #209, #708, #1428 ) ;
#466 = CARTESIAN_POINT ( 'NONE',  ( -0.8000000000000000444, 0.4000000000000000222, 0.0000000000000000000 ) ) ;
#467 =( LENGTH_UNIT ( ) NAMED_UNIT ( * ) SI_UNIT ( .MILLI., .METRE. ) );
#468 = ORIENTED_EDGE ( 'NONE', *, *, #1963, .T. ) ;
#469 = ORIENTED_EDGE ( 'NONE', *, *, #1459, .F. ) ;
#470 = CYLINDRICAL_SURFACE ( 'NONE', #1903, 0.02000000000000005246 ) ;
#471 = CARTESIAN_POINT ( 'NONE',  ( 0.2000000000000000111, -0.4000000000000000222, 0.002000000000000000042 ) ) ;
#472 = MECHANICAL_DESIGN_GEOMETRIC_PRESENTATION_REPRESENTATION (  '', ( #1412 ), #1125 ) ;
#473 = CARTESIAN_POINT ( 'NONE',  ( -0.4000000000000000222, -0.4000000000000000222, 0.0000000000000000000 ) ) ;
#474 = PRODUCT_CONTEXT ( 'NONE', #2359, 'mechanical' ) ;
#475 = ORIENTED_EDGE ( 'NONE', *, *, #213, .T. ) ;
#476 = ORIENTED_EDGE ( 'NONE', *, *, #978, .T. ) ;
#477 = DIRECTION ( 'NONE',  ( -1.000000000000000000, 0.0000000000000000000, 0.0000000000000000000 ) ) ;
#478 = LINE ( 'NONE', #1204, #459 ) ;
#479 = COLOUR_RGB ( '',0.0000000000000000000, 0.6666666666666666297, 0.0000000000000000000 ) ;
#480 = SURFACE_STYLE_FILL_AREA ( #655 ) ;
#481 = DIRECTION ( 'NONE',  ( 1.000000000000000000, 0.0000000000000000000, 0.0000000000000000000 ) ) ;
#482 = FILL_AREA_STYLE_COLOUR ( '', #745 ) ;
#483 = ORIENTED_EDGE ( 'NONE', *, *, #1850, .F. ) ;
#484 = PRESENTATION_STYLE_ASSIGNMENT (( #1935 ) ) ;
#485 = DIRECTION ( 'NONE',  ( 1.000000000000000000, 0.0000000000000000000, 0.0000000000000000000 ) ) ;
#486 = ORIENTED_EDGE ( 'NONE', *, *, #1303, .F. ) ;
#487 = ORIENTED_EDGE ( 'NONE', *, *, #1922, .F. ) ;
#488 = EDGE_CURVE ( 'NONE', #118, #931, #407, .T. ) ;
#489 = COLOUR_RGB ( '',0.0000000000000000000, 0.6666666666666666297, 0.0000000000000000000 ) ;
#490 =( GEOMETRIC_REPRESENTATION_CONTEXT ( 3 ) GLOBAL_UNCERTAINTY_ASSIGNED_CONTEXT ( ( #1302 ) ) GLOBAL_UNIT_ASSIGNED_CONTEXT ( ( #743, #1674, #1305 ) ) REPRESENTATION_CONTEXT ( 'NONE', 'WORKASPACE' ) );
#491 = SHAPE_REPRESENTATION ( 'User Library-LED_0603_Y', ( #2255, #625, #1520, #1375, #1746, #19 ), #1667 ) ;
#492 = EDGE_CURVE ( 'NONE', #2100, #522, #48, .T. ) ;
#493 = EDGE_CURVE ( 'NONE', #2128, #442, #204, .T. ) ;
#494 = DIRECTION ( 'NONE',  ( 1.000000000000000000, 0.0000000000000000000, -0.0000000000000000000 ) ) ;
#495 =( NAMED_UNIT ( * ) SI_UNIT ( $, .STERADIAN. ) SOLID_ANGLE_UNIT ( ) );
#496 = SURFACE_STYLE_USAGE ( .BOTH. , #1222 ) ;
#497 = DIRECTION ( 'NONE',  ( 0.0000000000000000000, 0.0000000000000000000, -1.000000000000000000 ) ) ;
#498 = ORIENTED_EDGE ( 'NONE', *, *, #1922, .T. ) ;
#499 = VECTOR ( 'NONE', #1448, 1000.000000000000000 ) ;
#500 = EDGE_LOOP ( 'NONE', ( #2249, #1056, #351, #1553 ) ) ;
#501 = ORIENTED_EDGE ( 'NONE', *, *, #1059, .T. ) ;
#502 = SURFACE_SIDE_STYLE ('',( #2 ) ) ;
#503 =( GEOMETRIC_REPRESENTATION_CONTEXT ( 3 ) GLOBAL_UNCERTAINTY_ASSIGNED_CONTEXT ( ( #179 ) ) GLOBAL_UNIT_ASSIGNED_CONTEXT ( ( #1426, #1462, #1300 ) ) REPRESENTATION_CONTEXT ( 'NONE', 'WORKASPACE' ) );
#504 = AXIS2_PLACEMENT_3D ( 'NONE', #2041, #2205, #595 ) ;
#505 = LINE ( 'NONE', #1019, #2276 ) ;
#506 = FILL_AREA_STYLE ('',( #150 ) ) ;
#507 =( NAMED_UNIT ( * ) SI_UNIT ( $, .STERADIAN. ) SOLID_ANGLE_UNIT ( ) );
#508 = PRODUCT_DEFINITION_FORMATION_WITH_SPECIFIED_SOURCE ( 'ANY', '', #96, .NOT_KNOWN. ) ;
#509 = CARTESIAN_POINT ( 'NONE',  ( 0.8000000000000000444, 0.4000000000000000222, 0.2000000000000000111 ) ) ;
#510 = MECHANICAL_DESIGN_GEOMETRIC_PRESENTATION_REPRESENTATION (  '', ( #1521 ), #1162 ) ;
#511 = STYLED_ITEM ( 'NONE', ( #1006 ), #668 ) ;
#512 = VERTEX_POINT ( 'NONE', #784 ) ;
#513 = ORIENTED_EDGE ( 'NONE', *, *, #1361, .F. ) ;
#514 = ORIENTED_EDGE ( 'NONE', *, *, #1494, .F. ) ;
#515 = SURFACE_STYLE_USAGE ( .BOTH. , #502 ) ;
#516 = SURFACE_STYLE_FILL_AREA ( #1419 ) ;
#517 = PRESENTATION_LAYER_ASSIGNMENT (  '', '', ( #2025 ) ) ;
#518 = CARTESIAN_POINT ( 'NONE',  ( 0.4000000000000000222, 0.4000000000000000222, 0.2000000000000000111 ) ) ;
#519 =( LENGTH_UNIT ( ) NAMED_UNIT ( * ) SI_UNIT ( .MILLI., .METRE. ) );
#520 = LINE ( 'NONE', #509, #1233 ) ;
#521 =( NAMED_UNIT ( * ) PLANE_ANGLE_UNIT ( ) SI_UNIT ( $, .RADIAN. ) );
#522 = VERTEX_POINT ( 'NONE', #1852 ) ;
#523 = EDGE_LOOP ( 'NONE', ( #946, #2348, #22, #2324 ) ) ;
#524 = PLANE ( 'NONE',  #551 ) ;
#525 = PRESENTATION_STYLE_ASSIGNMENT (( #1231 ) ) ;
#526 = PRESENTATION_STYLE_ASSIGNMENT (( #18 ) ) ;
#527 = ADVANCED_FACE ( 'NONE', ( #1472 ), #760, .T. ) ;
#528 =( LENGTH_UNIT ( ) NAMED_UNIT ( * ) SI_UNIT ( .MILLI., .METRE. ) );
#529 = UNCERTAINTY_MEASURE_WITH_UNIT (LENGTH_MEASURE( 1.000000000000000082E-05 ), #605, 'distance_accuracy_value', 'NONE');
#530 = AXIS2_PLACEMENT_3D ( 'NONE', #1220, #113, #2341 ) ;
#531 = DIRECTION ( 'NONE',  ( 1.000000000000000000, 0.0000000000000000000, -0.0000000000000000000 ) ) ;
#532 = LINE ( 'NONE', #359, #2221 ) ;
#533 = SURFACE_STYLE_USAGE ( .BOTH. , #717 ) ;
#534 = DIRECTION ( 'NONE',  ( 0.0000000000000000000, -1.000000000000000000, 0.0000000000000000000 ) ) ;
#535 = SURFACE_STYLE_FILL_AREA ( #1438 ) ;
#536 = ORIENTED_EDGE ( 'NONE', *, *, #1062, .T. ) ;
#537 = CARTESIAN_POINT ( 'NONE',  ( -0.2000000000000000111, -0.09999999999999999167, 1.224646799145999725E-17 ) ) ;
#538 = PRODUCT_DEFINITION_CONTEXT ( 'detailed design', #216, 'design' ) ;
#539 = UNCERTAINTY_MEASURE_WITH_UNIT (LENGTH_MEASURE( 1.000000000000000082E-05 ), #601, 'distance_accuracy_value', 'NONE');
#540 = COLOUR_RGB ( '',0.7803921568627451011, 0.5686274509803921351, 0.1137254901960784298 ) ;
#541 = UNCERTAINTY_MEASURE_WITH_UNIT (LENGTH_MEASURE( 1.000000000000000082E-05 ), #519, 'distance_accuracy_value', 'NONE');
#542 = PRESENTATION_LAYER_ASSIGNMENT (  '', '', ( #2288 ) ) ;
#543 =( LENGTH_UNIT ( ) NAMED_UNIT ( * ) SI_UNIT ( .MILLI., .METRE. ) );
#544 = LINE ( 'NONE', #918, #731 ) ;
#545 =( LENGTH_UNIT ( ) NAMED_UNIT ( * ) SI_UNIT ( .MILLI., .METRE. ) );
#546 =( REPRESENTATION_RELATIONSHIP ('NONE','NONE', #491, #400 ) REPRESENTATION_RELATIONSHIP_WITH_TRANSFORMATION ( #673 )SHAPE_REPRESENTATION_RELATIONSHIP( ) );
#547 = PRODUCT_DEFINITION_FORMATION_WITH_SPECIFIED_SOURCE ( 'ANY', '', #998, .NOT_KNOWN. ) ;
#548 = SURFACE_SIDE_STYLE ('',( #535 ) ) ;
#549 =( LENGTH_UNIT ( ) NAMED_UNIT ( * ) SI_UNIT ( .MILLI., .METRE. ) );
#550 = AXIS2_PLACEMENT_3D ( 'NONE', #1147, #416, #1928 ) ;
#551 = AXIS2_PLACEMENT_3D ( 'NONE', #1788, #1266, #1617 ) ;
#552 = VERTEX_POINT ( 'NONE', #2030 ) ;
#553 = CLOSED_SHELL ( 'NONE', ( #307, #1644, #989, #1136, #2068, #456 ) ) ;
#554 = SURFACE_STYLE_USAGE ( .BOTH. , #579 ) ;
#555 =( GEOMETRIC_REPRESENTATION_CONTEXT ( 3 ) GLOBAL_UNCERTAINTY_ASSIGNED_CONTEXT ( ( #988 ) ) GLOBAL_UNIT_ASSIGNED_CONTEXT ( ( #651, #1763, #507 ) ) REPRESENTATION_CONTEXT ( 'NONE', 'WORKASPACE' ) );
#556 = ORIENTED_EDGE ( 'NONE', *, *, #1071, .T. ) ;
#557 = DIRECTION ( 'NONE',  ( 4.323630019078185612E-19, 1.000000000000000000, -3.705968587780558768E-20 ) ) ;
#558 = CARTESIAN_POINT ( 'NONE',  ( -0.2000000000000000111, 0.4000000000000000222, -4.898587196589000156E-17 ) ) ;
#559 = SHAPE_REPRESENTATION ( 'Pocket002', ( #418 ), #1694 ) ;
#560 =( NAMED_UNIT ( * ) PLANE_ANGLE_UNIT ( ) SI_UNIT ( $, .RADIAN. ) );
#561 = UNCERTAINTY_MEASURE_WITH_UNIT (LENGTH_MEASURE( 1.000000000000000082E-05 ), #1751, 'distance_accuracy_value', 'NONE');
#562 = ORIENTED_EDGE ( 'NONE', *, *, #492, .F. ) ;
#563 = FACE_OUTER_BOUND ( 'NONE', #802, .T. ) ;
#564 = CARTESIAN_POINT ( 'NONE',  ( -0.6999999999999999556, -0.2999999999999999889, 0.2000000000000000111 ) ) ;
#565 = EDGE_CURVE ( 'NONE', #1251, #1242, #1800, .T. ) ;
#566 = ORIENTED_EDGE ( 'NONE', *, *, #2000, .F. ) ;
#567 = STYLED_ITEM ( 'NONE', ( #961 ), #221 ) ;
#568 = PLANE ( 'NONE',  #1982 ) ;
#569 =( GEOMETRIC_REPRESENTATION_CONTEXT ( 3 ) GLOBAL_UNCERTAINTY_ASSIGNED_CONTEXT ( ( #1792 ) ) GLOBAL_UNIT_ASSIGNED_CONTEXT ( ( #1826, #1425, #1090 ) ) REPRESENTATION_CONTEXT ( 'NONE', 'WORKASPACE' ) );
#570 = EDGE_CURVE ( 'NONE', #1416, #1148, #929, .T. ) ;
#571 =( GEOMETRIC_REPRESENTATION_CONTEXT ( 3 ) GLOBAL_UNCERTAINTY_ASSIGNED_CONTEXT ( ( #14 ) ) GLOBAL_UNIT_ASSIGNED_CONTEXT ( ( #543, #1101, #232 ) ) REPRESENTATION_CONTEXT ( 'NONE', 'WORKASPACE' ) );
#572 =( NAMED_UNIT ( * ) PLANE_ANGLE_UNIT ( ) SI_UNIT ( $, .RADIAN. ) );
#573 = FACE_OUTER_BOUND ( 'NONE', #1843, .T. ) ;
#574 = ADVANCED_FACE ( 'NONE', ( #1775 ), #1958, .F. ) ;
#575 = PRESENTATION_LAYER_ASSIGNMENT (  '', '', ( #413 ) ) ;
#576 =( GEOMETRIC_REPRESENTATION_CONTEXT ( 3 ) GLOBAL_UNCERTAINTY_ASSIGNED_CONTEXT ( ( #727 ) ) GLOBAL_UNIT_ASSIGNED_CONTEXT ( ( #1568, #676, #2099 ) ) REPRESENTATION_CONTEXT ( 'NONE', 'WORKASPACE' ) );
#577 = VECTOR ( 'NONE', #776, 1000.000000000000000 ) ;
#578 = ORIENTED_EDGE ( 'NONE', *, *, #1881, .F. ) ;
#579 = SURFACE_SIDE_STYLE ('',( #1304 ) ) ;
#580 = ORIENTED_EDGE ( 'NONE', *, *, #1743, .T. ) ;
#581 = PRESENTATION_LAYER_ASSIGNMENT (  '', '', ( #1301 ) ) ;
#582 = MANIFOLD_SOLID_BREP ( 'Imported1', #1869 ) ;
#583 = COLOUR_RGB ( '',0.9960784313725490335, 0.9960784313725490335, 0.0000000000000000000 ) ;
#584 =( NAMED_UNIT ( * ) PLANE_ANGLE_UNIT ( ) SI_UNIT ( $, .RADIAN. ) );
#585 = SURFACE_STYLE_USAGE ( .BOTH. , #2197 ) ;
#586 = CARTESIAN_POINT ( 'NONE',  ( -5.782411586589999921E-19, 0.4000000000000000222, -4.898587196588999540E-17 ) ) ;
#587 =( NAMED_UNIT ( * ) PLANE_ANGLE_UNIT ( ) SI_UNIT ( $, .RADIAN. ) );
#588 = SURFACE_STYLE_USAGE ( .BOTH. , #367 ) ;
#589 = PRESENTATION_STYLE_ASSIGNMENT (( #53 ) ) ;
#590 =( GEOMETRIC_REPRESENTATION_CONTEXT ( 3 ) GLOBAL_UNCERTAINTY_ASSIGNED_CONTEXT ( ( #729 ) ) GLOBAL_UNIT_ASSIGNED_CONTEXT ( ( #1003, #1322, #1885 ) ) REPRESENTATION_CONTEXT ( 'NONE', 'WORKASPACE' ) );
#591 = CLOSED_SHELL ( 'NONE', ( #1735, #3, #1132, #267, #1270, #1604, #1530, #1333, #668, #1926, #1018, #1241, #1635, #1833 ) ) ;
#592 = VERTEX_POINT ( 'NONE', #537 ) ;
#593 =( NAMED_UNIT ( * ) SI_UNIT ( $, .STERADIAN. ) SOLID_ANGLE_UNIT ( ) );
#594 = MECHANICAL_DESIGN_GEOMETRIC_PRESENTATION_REPRESENTATION (  '', ( #898 ), #1527 ) ;
#595 = DIRECTION ( 'NONE',  ( 0.0000000000000000000, 0.0000000000000000000, -1.000000000000000000 ) ) ;
#596 = ADVANCED_FACE ( 'NONE', ( #162 ), #287, .T. ) ;
#597 = DIRECTION ( 'NONE',  ( -0.0000000000000000000, 1.000000000000000000, 0.0000000000000000000 ) ) ;
#598 = SURFACE_STYLE_USAGE ( .BOTH. , #404 ) ;
#599 = PRESENTATION_STYLE_ASSIGNMENT (( #715 ) ) ;
#600 = EDGE_CURVE ( 'NONE', #305, #1416, #844, .T. ) ;
#601 =( LENGTH_UNIT ( ) NAMED_UNIT ( * ) SI_UNIT ( .MILLI., .METRE. ) );
#602 =( NAMED_UNIT ( * ) PLANE_ANGLE_UNIT ( ) SI_UNIT ( $, .RADIAN. ) );
#603 = MECHANICAL_DESIGN_GEOMETRIC_PRESENTATION_REPRESENTATION (  '', ( #1393 ), #1809 ) ;
#604 =( NAMED_UNIT ( * ) PLANE_ANGLE_UNIT ( ) SI_UNIT ( $, .RADIAN. ) );
#605 =( LENGTH_UNIT ( ) NAMED_UNIT ( * ) SI_UNIT ( .MILLI., .METRE. ) );
#606 = APPLICATION_CONTEXT ( 'automotive_design' ) ;
#607 = COLOUR_RGB ( '',0.9960784313725490335, 0.9960784313725490335, 0.0000000000000000000 ) ;
#608 = STYLED_ITEM ( 'NONE', ( #525 ), #2139 ) ;
#609 = PRESENTATION_LAYER_ASSIGNMENT (  '', '', ( #1144 ) ) ;
#610 = CARTESIAN_POINT ( 'NONE',  ( 0.2000000000000000111, 0.4000000000000000222, 0.002000000000000000042 ) ) ;
#611 = COLOUR_RGB ( '',0.7921568627450980005, 0.8196078431372548767, 0.9333333333333333481 ) ;
#612 = UNCERTAINTY_MEASURE_WITH_UNIT (LENGTH_MEASURE( 1.000000000000000082E-05 ), #2058, 'distance_accuracy_value', 'NONE');
#613 = CARTESIAN_POINT ( 'NONE',  ( -0.4715678837578453075, 0.3215678837576905758, 0.5817080228269734254 ) ) ;
#614 = FILL_AREA_STYLE_COLOUR ( '', #786 ) ;
#615 = LINE ( 'NONE', #773, #736 ) ;
#616 = DIRECTION ( 'NONE',  ( -0.0000000000000000000, -0.0000000000000000000, 1.000000000000000000 ) ) ;
#617 = CARTESIAN_POINT ( 'NONE',  ( 0.8000000000000000444, 0.4000000000000000222, 0.0000000000000000000 ) ) ;
#618 = CARTESIAN_POINT ( 'NONE',  ( 0.0000000000000000000, 0.0000000000000000000, 0.0000000000000000000 ) ) ;
#619 = VECTOR ( 'NONE', #1988, 1000.000000000000000 ) ;
#620 = ORIENTED_EDGE ( 'NONE', *, *, #1850, .T. ) ;
#621 = ORIENTED_EDGE ( 'NONE', *, *, #570, .F. ) ;
#622 = LINE ( 'NONE', #2050, #1909 ) ;
#623 = FILL_AREA_STYLE_COLOUR ( '', #2037 ) ;
#624 = MANIFOLD_SOLID_BREP ( 'Imported1', #553 ) ;
#625 = AXIS2_PLACEMENT_3D ( 'NONE', #1717, #273, #225 ) ;
#626 =( GEOMETRIC_REPRESENTATION_CONTEXT ( 3 ) GLOBAL_UNCERTAINTY_ASSIGNED_CONTEXT ( ( #2183 ) ) GLOBAL_UNIT_ASSIGNED_CONTEXT ( ( #1847, #2213, #235 ) ) REPRESENTATION_CONTEXT ( 'NONE', 'WORKASPACE' ) );
#627 = CARTESIAN_POINT ( 'NONE',  ( 0.2000000000000000111, 0.4000000000000000222, -4.898587196589000156E-17 ) ) ;
#628 =( GEOMETRIC_REPRESENTATION_CONTEXT ( 3 ) GLOBAL_UNCERTAINTY_ASSIGNED_CONTEXT ( ( #1433 ) ) GLOBAL_UNIT_ASSIGNED_CONTEXT ( ( #1277, #1835, #1126 ) ) REPRESENTATION_CONTEXT ( 'NONE', 'WORKASPACE' ) );
#629 = EDGE_CURVE ( 'NONE', #97, #2212, #47, .T. ) ;
#630 = CARTESIAN_POINT ( 'NONE',  ( -0.4000000000000000222, 0.4000000000000000222, 0.2000000000000000111 ) ) ;
#631 = DIRECTION ( 'NONE',  ( 0.0000000000000000000, 1.000000000000000000, -0.0000000000000000000 ) ) ;
#632 = ORIENTED_EDGE ( 'NONE', *, *, #1777, .F. ) ;
#633 = EDGE_LOOP ( 'NONE', ( #2155, #2337, #1028, #846 ) ) ;
#634 = DIRECTION ( 'NONE',  ( 0.0000000000000000000, 0.0000000000000000000, 1.000000000000000000 ) ) ;
#635 = ADVANCED_FACE ( 'NONE', ( #977 ), #1837, .T. ) ;
#636 = CARTESIAN_POINT ( 'NONE',  ( 0.8000000000000000444, -0.2000000000000000389, 0.0000000000000000000 ) ) ;
#637 = ADVANCED_FACE ( 'NONE', ( #1152 ), #1139, .T. ) ;
#638 = FILL_AREA_STYLE ('',( #1529 ) ) ;
#639 =( LENGTH_UNIT ( ) NAMED_UNIT ( * ) SI_UNIT ( .MILLI., .METRE. ) );
#640 = APPLICATION_PROTOCOL_DEFINITION ( 'draft international standard', 'automotive_design', 1998, #1334 ) ;
#641 = EDGE_CURVE ( 'NONE', #86, #512, #615, .T. ) ;
#642 = CARTESIAN_POINT ( 'NONE',  ( 0.0000000000000000000, -0.1000000000000000056, 1.224646799146999976E-17 ) ) ;
#643 = MECHANICAL_DESIGN_GEOMETRIC_PRESENTATION_REPRESENTATION (  '', ( #1325 ), #876 ) ;
#644 = DIRECTION ( 'NONE',  ( 0.0000000000000000000, 0.0000000000000000000, 1.000000000000000000 ) ) ;
#645 = VECTOR ( 'NONE', #1804, 1000.000000000000000 ) ;
#646 = VERTEX_POINT ( 'NONE', #1339 ) ;
#647 = AXIS2_PLACEMENT_3D ( 'NONE', #1245, #1549, #494 ) ;
#648 = SURFACE_SIDE_STYLE ('',( #2304 ) ) ;
#649 = VECTOR ( 'NONE', #89, 1000.000000000000000 ) ;
#650 = PLANE ( 'NONE',  #986 ) ;
#651 =( LENGTH_UNIT ( ) NAMED_UNIT ( * ) SI_UNIT ( .MILLI., .METRE. ) );
#652 = FILL_AREA_STYLE ('',( #997 ) ) ;
#653 = EDGE_LOOP ( 'NONE', ( #1803, #578, #317, #1081 ) ) ;
#654 = VERTEX_POINT ( 'NONE', #1822 ) ;
#655 = FILL_AREA_STYLE ('',( #2289 ) ) ;
#656 = OPEN_SHELL ( 'NONE', ( #746, #842, #2330, #1429, #2147, #242, #1022, #1897, #134, #1466, #2139 ) ) ;
#657 = FILL_AREA_STYLE_COLOUR ( '', #2236 ) ;
#658 = LINE ( 'NONE', #1738, #2295 ) ;
#659 = FACE_OUTER_BOUND ( 'NONE', #2127, .T. ) ;
#660 = FACE_OUTER_BOUND ( 'NONE', #290, .T. ) ;
#661 = ORIENTED_EDGE ( 'NONE', *, *, #1071, .F. ) ;
#662 = ADVANCED_FACE ( 'NONE', ( #192 ), #568, .F. ) ;
#663 = CARTESIAN_POINT ( 'NONE',  ( 0.4516409507770000054, -0.3016409507769999832, 0.6000000000000000888 ) ) ;
#664 =( NAMED_UNIT ( * ) SI_UNIT ( $, .STERADIAN. ) SOLID_ANGLE_UNIT ( ) );
#665 = ORIENTED_EDGE ( 'NONE', *, *, #1459, .T. ) ;
#666 = ORIENTED_EDGE ( 'NONE', *, *, #629, .T. ) ;
#667 = DIRECTION ( 'NONE',  ( -0.0000000000000000000, 0.0000000000000000000, -1.000000000000000000 ) ) ;
#668 = ADVANCED_FACE ( 'NONE', ( #976 ), #992, .T. ) ;
#669 = DIRECTION ( 'NONE',  ( -1.000000000000000000, -0.0000000000000000000, 0.0000000000000000000 ) ) ;
#670 = DIRECTION ( 'NONE',  ( 1.000000000000000000, 0.0000000000000000000, -0.0000000000000000000 ) ) ;
#671 = CARTESIAN_POINT ( 'NONE',  ( 0.2000000000000000111, 0.4000000000000000222, -4.898587196589000156E-17 ) ) ;
#672 = FILL_AREA_STYLE ('',( #2108 ) ) ;
#673 = ITEM_DEFINED_TRANSFORMATION ( 'NONE', 'NONE', #1520,  #372 ) ;
#674 = SURFACE_SIDE_STYLE ('',( #854 ) ) ;
#675 = VERTEX_POINT ( 'NONE', #636 ) ;
#676 =( NAMED_UNIT ( * ) PLANE_ANGLE_UNIT ( ) SI_UNIT ( $, .RADIAN. ) );
#677 = EDGE_LOOP ( 'NONE', ( #1055, #255, #1570, #1213 ) ) ;
#678 = PRESENTATION_LAYER_ASSIGNMENT (  '', '', ( #1325 ) ) ;
#679 = PRESENTATION_LAYER_ASSIGNMENT (  '', '', ( #831 ) ) ;
#680 = DIRECTION ( 'NONE',  ( 1.000000000000000000, 0.0000000000000000000, -0.0000000000000000000 ) ) ;
#681 = PRESENTATION_STYLE_ASSIGNMENT (( #91 ) ) ;
#682 = EDGE_LOOP ( 'NONE', ( #2072, #2138, #1938, #1797 ) ) ;
#683 = STYLED_ITEM ( 'NONE', ( #2151 ), #425 ) ;
#684 = EDGE_LOOP ( 'NONE', ( #1117, #109, #665, #1347 ) ) ;
#685 = EDGE_LOOP ( 'NONE', ( #1616, #1606, #1990, #1174 ) ) ;
#686 = DIRECTION ( 'NONE',  ( 0.0000000000000000000, 0.0000000000000000000, 1.000000000000000000 ) ) ;
#687 = CARTESIAN_POINT ( 'NONE',  ( -0.4715678837578454741, -0.3215678837576906868, 0.5817080228269734254 ) ) ;
#688 = VECTOR ( 'NONE', #949, 1000.000000000000000 ) ;
#689 = PRESENTATION_STYLE_ASSIGNMENT (( #1047 ) ) ;
#690 = APPLICATION_PROTOCOL_DEFINITION ( 'draft international standard', 'automotive_design', 1998, #724 ) ;
#691 = CARTESIAN_POINT ( 'NONE',  ( 0.4000000000000000222, -0.4000000000000000222, 0.2000000000000000111 ) ) ;
#692 = LINE ( 'NONE', #1564, #807 ) ;
#693 = MECHANICAL_DESIGN_GEOMETRIC_PRESENTATION_REPRESENTATION (  '', ( #1707 ), #1005 ) ;
#694 = EDGE_CURVE ( 'NONE', #1732, #2010, #201, .T. ) ;
#695 = VERTEX_POINT ( 'NONE', #2253 ) ;
#696 = ORIENTED_EDGE ( 'NONE', *, *, #2327, .T. ) ;
#697 = PLANE ( 'NONE',  #713 ) ;
#698 = FILL_AREA_STYLE_COLOUR ( '', #2204 ) ;
#699 = VECTOR ( 'NONE', #1092, 1000.000000000000000 ) ;
#700 = EDGE_CURVE ( 'NONE', #1384, #552, #62, .T. ) ;
#701 = CARTESIAN_POINT ( 'NONE',  ( -0.4000000000000000222, 0.4000000000000000222, 0.0000000000000000000 ) ) ;
#702 = FILL_AREA_STYLE ('',( #8 ) ) ;
#703 = FILL_AREA_STYLE ('',( #2345 ) ) ;
#704 = LINE ( 'NONE', #1614, #2098 ) ;
#705 = SURFACE_SIDE_STYLE ('',( #315 ) ) ;
#706 = ORIENTED_EDGE ( 'NONE', *, *, #1059, .F. ) ;
#707 = EDGE_LOOP ( 'NONE', ( #420, #879, #36, #859 ) ) ;
#708 = DIRECTION ( 'NONE',  ( -0.0000000000000000000, -0.0000000000000000000, -1.000000000000000000 ) ) ;
#709 = CARTESIAN_POINT ( 'NONE',  ( -0.4625772966728456947, -0.3125772966728457836, 0.5999999999999999778 ) ) ;
#710 = DIRECTION ( 'NONE',  ( -0.0000000000000000000, -0.0000000000000000000, -1.000000000000000000 ) ) ;
#711 = UNCERTAINTY_MEASURE_WITH_UNIT (LENGTH_MEASURE( 1.000000000000000082E-05 ), #549, 'distance_accuracy_value', 'NONE');
#712 = STYLED_ITEM ( 'NONE', ( #889 ), #267 ) ;
#713 = AXIS2_PLACEMENT_3D ( 'NONE', #1253, #1993, #1980 ) ;
#714 = STYLED_ITEM ( 'NONE', ( #1518 ), #1644 ) ;
#715 = SURFACE_STYLE_USAGE ( .BOTH. , #732 ) ;
#716 = SURFACE_SIDE_STYLE ('',( #1103 ) ) ;
#717 = SURFACE_SIDE_STYLE ('',( #2159 ) ) ;
#718 = DIRECTION ( 'NONE',  ( -1.000000000000000000, 0.0000000000000000000, 0.0000000000000000000 ) ) ;
#719 = AXIS2_PLACEMENT_3D ( 'NONE', #1456, #2193, #2017 ) ;
#720 = FILL_AREA_STYLE_COLOUR ( '', #2247 ) ;
#721 =( NAMED_UNIT ( * ) PLANE_ANGLE_UNIT ( ) SI_UNIT ( $, .RADIAN. ) );
#722 = ORIENTED_EDGE ( 'NONE', *, *, #1474, .F. ) ;
#723 = ORIENTED_EDGE ( 'NONE', *, *, #274, .F. ) ;
#724 = APPLICATION_CONTEXT ( 'automotive_design' ) ;
#725 =( NAMED_UNIT ( * ) PLANE_ANGLE_UNIT ( ) SI_UNIT ( $, .RADIAN. ) );
#726 = PRODUCT_DEFINITION_CONTEXT ( 'detailed design', #2263, 'design' ) ;
#727 = UNCERTAINTY_MEASURE_WITH_UNIT (LENGTH_MEASURE( 1.000000000000000082E-05 ), #1568, 'distance_accuracy_value', 'NONE');
#728 = PRESENTATION_LAYER_ASSIGNMENT (  '', '', ( #1338 ) ) ;
#729 = UNCERTAINTY_MEASURE_WITH_UNIT (LENGTH_MEASURE( 1.000000000000000082E-05 ), #1003, 'distance_accuracy_value', 'NONE');
#730 = ORIENTED_EDGE ( 'NONE', *, *, #314, .T. ) ;
#731 = VECTOR ( 'NONE', #358, 1000.000000000000000 ) ;
#732 = SURFACE_SIDE_STYLE ('',( #902 ) ) ;
#733 = SURFACE_STYLE_FILL_AREA ( #506 ) ;
#734 = CARTESIAN_POINT ( 'NONE',  ( 0.8000000000000000444, 0.4000000000000000222, 0.0000000000000000000 ) ) ;
#735 = LINE ( 'NONE', #1827, #1714 ) ;
#736 = VECTOR ( 'NONE', #406, 1000.000000000000000 ) ;
#737 = EDGE_CURVE ( 'NONE', #1385, #2313, #1673, .T. ) ;
#738 = COLOUR_RGB ( '',0.7803921568627451011, 0.5686274509803921351, 0.1137254901960784298 ) ;
#739 = EDGE_LOOP ( 'NONE', ( #1631, #740, #1912, #2301 ) ) ;
#740 = ORIENTED_EDGE ( 'NONE', *, *, #341, .F. ) ;
#741 = FILL_AREA_STYLE ('',( #2177 ) ) ;
#742 = PRODUCT_DEFINITION ( 'UNKNOWN', '', #1484, #177 ) ;
#743 =( LENGTH_UNIT ( ) NAMED_UNIT ( * ) SI_UNIT ( .MILLI., .METRE. ) );
#744 = EDGE_CURVE ( 'NONE', #1384, #1138, #1158, .T. ) ;
#745 = COLOUR_RGB ( '',0.7803921568627451011, 0.5686274509803921351, 0.1137254901960784298 ) ;
#746 = ADVANCED_FACE ( 'NONE', ( #1344 ), #1563, .T. ) ;
#747 = ORIENTED_EDGE ( 'NONE', *, *, #1709, .F. ) ;
#748 = FILL_AREA_STYLE ('',( #1639 ) ) ;
#749 = PLANE ( 'NONE',  #823 ) ;
#750 = SURFACE_SIDE_STYLE ('',( #2173 ) ) ;
#751 = UNCERTAINTY_MEASURE_WITH_UNIT (LENGTH_MEASURE( 1.000000000000000082E-05 ), #2054, 'distance_accuracy_value', 'NONE');
#752 = MECHANICAL_DESIGN_GEOMETRIC_PRESENTATION_REPRESENTATION (  '', ( #1295 ), #1579 ) ;
#753 = MECHANICAL_DESIGN_GEOMETRIC_PRESENTATION_REPRESENTATION (  '', ( #1725 ), #571 ) ;
#754 = PLANE ( 'NONE',  #411 ) ;
#755 = STYLED_ITEM ( 'NONE', ( #1058 ), #2132 ) ;
#756 = CARTESIAN_POINT ( 'NONE',  ( -0.4000000000000000222, -0.4000000000000000222, 0.2000000000000000111 ) ) ;
#757 =( NAMED_UNIT ( * ) PLANE_ANGLE_UNIT ( ) SI_UNIT ( $, .RADIAN. ) );
#758 = EDGE_LOOP ( 'NONE', ( #1030, #2063, #1697, #1381, #1578, #1265, #1911, #1065 ) ) ;
#759 = PRESENTATION_LAYER_ASSIGNMENT (  '', '', ( #878 ) ) ;
#760 = PLANE ( 'NONE',  #504 ) ;
#761 = SURFACE_STYLE_FILL_AREA ( #1493 ) ;
#762 = VECTOR ( 'NONE', #883, 1000.000000000000000 ) ;
#763 = PRODUCT_DEFINITION_SHAPE ( 'NONE', 'NONE',  #1063 ) ;
#764 = CARTESIAN_POINT ( 'NONE',  ( 0.2000000000000000111, 0.4000000000000000222, -4.898587196589000156E-17 ) ) ;
#765 = EDGE_CURVE ( 'NONE', #654, #893, #1498, .T. ) ;
#766 = ADVANCED_FACE ( 'NONE', ( #114 ), #1173, .F. ) ;
#767 = SURFACE_STYLE_FILL_AREA ( #1331 ) ;
#768 = AXIS2_PLACEMENT_3D ( 'NONE', #1020, #1726, #297 ) ;
#769 = COLOUR_RGB ( '',0.9960784313725490335, 0.9960784313725490335, 0.0000000000000000000 ) ;
#770 = VECTOR ( 'NONE', #1640, 1000.000000000000000 ) ;
#771 = FILL_AREA_STYLE ('',( #42 ) ) ;
#772 = DIRECTION ( 'NONE',  ( -0.0000000000000000000, -0.0000000000000000000, -1.000000000000000000 ) ) ;
#773 = CARTESIAN_POINT ( 'NONE',  ( -1.734723475977000073E-18, 0.4000000000000000222, 0.002000000000000000042 ) ) ;
#774 = SURFACE_SIDE_STYLE ('',( #2022 ) ) ;
#775 = LINE ( 'NONE', #222, #2360 ) ;
#776 = DIRECTION ( 'NONE',  ( 0.0000000000000000000, -1.000000000000000000, -0.0000000000000000000 ) ) ;
#777 = CARTESIAN_POINT ( 'NONE',  ( 0.5000000000000000000, -0.3499999999999999778, 0.2500000000000000000 ) ) ;
#778 = DIRECTION ( 'NONE',  ( 1.000000000000000000, 0.0000000000000000000, 0.0000000000000000000 ) ) ;
#779 = PRESENTATION_STYLE_ASSIGNMENT (( #588 ) ) ;
#780 =( NAMED_UNIT ( * ) PLANE_ANGLE_UNIT ( ) SI_UNIT ( $, .RADIAN. ) );
#781 = LINE ( 'NONE', #211, #295 ) ;
#782 = PLANE ( 'NONE',  #271 ) ;
#783 = FILL_AREA_STYLE ('',( #1862 ) ) ;
#784 = CARTESIAN_POINT ( 'NONE',  ( -1.734723475977000073E-18, 0.09999999999999999167, 0.002000000000000000042 ) ) ;
#785 = PLANE ( 'NONE',  #647 ) ;
#786 = COLOUR_RGB ( '',0.7803921568627451011, 0.5686274509803921351, 0.1137254901960784298 ) ;
#787 = SURFACE_SIDE_STYLE ('',( #1025 ) ) ;
#788 = LINE ( 'NONE', #74, #1511 ) ;
#789 = ORIENTED_EDGE ( 'NONE', *, *, #2104, .T. ) ;
#790 = UNCERTAINTY_MEASURE_WITH_UNIT (LENGTH_MEASURE( 1.000000000000000082E-05 ), #1470, 'distance_accuracy_value', 'NONE');
#791 = CARTESIAN_POINT ( 'NONE',  ( -0.6600000000000000311, -0.2999999999999999889, 0.2000000000000000111 ) ) ;
#792 = CARTESIAN_POINT ( 'NONE',  ( -0.8000000000000000444, 0.2000000000000000111, 0.0000000000000000000 ) ) ;
#793 = EDGE_CURVE ( 'NONE', #1946, #304, #1790, .T. ) ;
#794 = DIRECTION ( 'NONE',  ( 1.000000000000000000, 0.0000000000000000000, 0.0000000000000000000 ) ) ;
#795 = DIRECTION ( 'NONE',  ( 0.0000000000000000000, 1.000000000000000000, 0.0000000000000000000 ) ) ;
#796 =( NAMED_UNIT ( * ) PLANE_ANGLE_UNIT ( ) SI_UNIT ( $, .RADIAN. ) );
#797 = DIRECTION ( 'NONE',  ( 0.0000000000000000000, 0.0000000000000000000, 1.000000000000000000 ) ) ;
#798 = DIRECTION ( 'NONE',  ( 0.0000000000000000000, -1.000000000000000000, -0.0000000000000000000 ) ) ;
#799 = DIRECTION ( 'NONE',  ( 1.000000000000000000, 0.0000000000000000000, -0.0000000000000000000 ) ) ;
#800 = EDGE_CURVE ( 'NONE', #2212, #938, #658, .T. ) ;
#801 = PRODUCT_DEFINITION_SHAPE ( 'NONE', 'NONE',  #742 ) ;
#802 = EDGE_LOOP ( 'NONE', ( #1100, #1370, #2018, #1182 ) ) ;
#803 = MECHANICAL_DESIGN_GEOMETRIC_PRESENTATION_REPRESENTATION (  '', ( #892 ), #199 ) ;
#804 = FACE_BOUND ( 'NONE', #1066, .T. ) ;
#805 = PRESENTATION_LAYER_ASSIGNMENT (  '', '', ( #1412 ) ) ;
#806 = ORIENTED_EDGE ( 'NONE', *, *, #65, .T. ) ;
#807 = VECTOR ( 'NONE', #1414, 1000.000000000000000 ) ;
#808 = EDGE_CURVE ( 'NONE', #522, #2154, #1435, .T. ) ;
#809 = CARTESIAN_POINT ( 'NONE',  ( -0.4849999999999999867, -0.3499999999999999778, 0.4249999999999999889 ) ) ;
#810 = EDGE_CURVE ( 'NONE', #276, #2264, #544, .T. ) ;
#811 = FACE_OUTER_BOUND ( 'NONE', #1191, .T. ) ;
#812 =( GEOMETRIC_REPRESENTATION_CONTEXT ( 3 ) GLOBAL_UNCERTAINTY_ASSIGNED_CONTEXT ( ( #541 ) ) GLOBAL_UNIT_ASSIGNED_CONTEXT ( ( #519, #151, #334 ) ) REPRESENTATION_CONTEXT ( 'NONE', 'WORKASPACE' ) );
#813 = DIRECTION ( 'NONE',  ( 1.000000000000000000, 0.0000000000000000000, 0.0000000000000000000 ) ) ;
#814 = FACE_OUTER_BOUND ( 'NONE', #1457, .T. ) ;
#815 = FILL_AREA_STYLE_COLOUR ( '', #611 ) ;
#816 = VERTEX_POINT ( 'NONE', #2189 ) ;
#817 = ORIENTED_EDGE ( 'NONE', *, *, #1777, .T. ) ;
#818 = CARTESIAN_POINT ( 'NONE',  ( 0.4625772966728456947, -0.3125772966728457836, 0.6000000000000000888 ) ) ;
#819 = CARTESIAN_POINT ( 'NONE',  ( 0.4000000000000000222, -0.4000000000000000222, 0.0000000000000000000 ) ) ;
#820 = CARTESIAN_POINT ( 'NONE',  ( -0.2000000000000000111, -0.1000000000000000056, 0.002000000000000000042 ) ) ;
#821 = CARTESIAN_POINT ( 'NONE',  ( -0.4625772966728458058, 0.3125772966728458391, 0.6000000000000000888 ) ) ;
#822 = FILL_AREA_STYLE_COLOUR ( '', #1818 ) ;
#823 = AXIS2_PLACEMENT_3D ( 'NONE', #2358, #718, #1288 ) ;
#824 =( NAMED_UNIT ( * ) SI_UNIT ( $, .STERADIAN. ) SOLID_ANGLE_UNIT ( ) );
#825 = AXIS2_PLACEMENT_3D ( 'NONE', #1737, #124, #481 ) ;
#826 = STYLED_ITEM ( 'NONE', ( #1108 ), #2147 ) ;
#827 = VERTEX_POINT ( 'NONE', #1575 ) ;
#828 = ORIENTED_EDGE ( 'NONE', *, *, #1401, .F. ) ;
#829 = PLANE ( 'NONE',  #10 ) ;
#830 =( LENGTH_UNIT ( ) NAMED_UNIT ( * ) SI_UNIT ( .MILLI., .METRE. ) );
#831 = STYLED_ITEM ( 'NONE', ( #2105 ), #2215 ) ;
#832 = LINE ( 'NONE', #850, #217 ) ;
#833 = PRODUCT_DEFINITION ( 'UNKNOWN', '', #2019, #538 ) ;
#834 = CARTESIAN_POINT ( 'NONE',  ( -0.5000000000000000000, 0.3499999999999999778, 0.5999999999999999778 ) ) ;
#835 = CARTESIAN_POINT ( 'NONE',  ( -0.8000000000000000444, -0.4000000000000000222, 0.2000000000000000111 ) ) ;
#836 = APPLICATION_PROTOCOL_DEFINITION ( 'draft international standard', 'automotive_design', 1998, #999 ) ;
#837 = DIRECTION ( 'NONE',  ( -0.0000000000000000000, 1.000000000000000000, 0.0000000000000000000 ) ) ;
#838 = ORIENTED_EDGE ( 'NONE', *, *, #810, .T. ) ;
#839 = STYLED_ITEM ( 'NONE', ( #896 ), #1403 ) ;
#840 = DIRECTION ( 'NONE',  ( 0.0000000000000000000, -1.000000000000000000, 1.224646799146999945E-16 ) ) ;
#841 = CARTESIAN_POINT ( 'NONE',  ( 0.0000000000000000000, 0.0000000000000000000, 0.0000000000000000000 ) ) ;
#842 = ADVANCED_FACE ( 'NONE', ( #1102 ), #323, .T. ) ;
#843 = EDGE_CURVE ( 'NONE', #1439, #1830, #2342, .T. ) ;
#844 = LINE ( 'NONE', #2300, #1690 ) ;
#845 = VECTOR ( 'NONE', #1351, 1000.000000000000000 ) ;
#846 = ORIENTED_EDGE ( 'NONE', *, *, #208, .T. ) ;
#847 = ORIENTED_EDGE ( 'NONE', *, *, #2064, .F. ) ;
#848 = FILL_AREA_STYLE ('',( #623 ) ) ;
#849 = COLOUR_RGB ( '',0.0000000000000000000, 0.6666666666666666297, 0.0000000000000000000 ) ;
#850 = CARTESIAN_POINT ( 'NONE',  ( 0.2000000000000000111, 0.09999999999999999167, -1.224646799148000227E-17 ) ) ;
#851 = COLOUR_RGB ( '',0.9960784313725490335, 0.9960784313725490335, 0.0000000000000000000 ) ;
#852 = PRESENTATION_LAYER_ASSIGNMENT (  '', '', ( #1521 ) ) ;
#853 = DIRECTION ( 'NONE',  ( 0.0000000000000000000, 0.0000000000000000000, 1.000000000000000000 ) ) ;
#854 = SURFACE_STYLE_FILL_AREA ( #2280 ) ;
#855 = ORIENTED_EDGE ( 'NONE', *, *, #2174, .T. ) ;
#856 = COLOUR_RGB ( '',0.8000000000000000444, 0.8000000000000000444, 0.8000000000000000444 ) ;
#857 =( LENGTH_UNIT ( ) NAMED_UNIT ( * ) SI_UNIT ( .MILLI., .METRE. ) );
#858 = ORIENTED_EDGE ( 'NONE', *, *, #1573, .T. ) ;
#859 = ORIENTED_EDGE ( 'NONE', *, *, #2329, .F. ) ;
#860 = PLANE ( 'NONE',  #339 ) ;
#861 = FILL_AREA_STYLE_COLOUR ( '', #868 ) ;
#862 = ITEM_DEFINED_TRANSFORMATION ( 'NONE', 'NONE', #1746,  #372 ) ;
#863 = SURFACE_STYLE_USAGE ( .BOTH. , #674 ) ;
#864 = ORIENTED_EDGE ( 'NONE', *, *, #793, .T. ) ;
#865 =( NAMED_UNIT ( * ) SI_UNIT ( $, .STERADIAN. ) SOLID_ANGLE_UNIT ( ) );
#866 = ORIENTED_EDGE ( 'NONE', *, *, #1959, .F. ) ;
#867 = PRESENTATION_LAYER_ASSIGNMENT (  '', '', ( #567 ) ) ;
#868 = COLOUR_RGB ( '',0.7803921568627451011, 0.5686274509803921351, 0.1137254901960784298 ) ;
#869 = AXIS2_PLACEMENT_3D ( 'NONE', #108, #1027, #1744 ) ;
#870 = VECTOR ( 'NONE', #631, 1000.000000000000000 ) ;
#871 = EDGE_CURVE ( 'NONE', #695, #1439, #333, .T. ) ;
#872 = FILL_AREA_STYLE_COLOUR ( '', #489 ) ;
#873 = CARTESIAN_POINT ( 'NONE',  ( -0.8000000000000000444, 0.0000000000000000000, 0.2000000000000000111 ) ) ;
#874 = DIRECTION ( 'NONE',  ( 0.0000000000000000000, -1.000000000000000000, 1.224646799146999945E-16 ) ) ;
#875 = LINE ( 'NONE', #1249, #1127 ) ;
#876 =( GEOMETRIC_REPRESENTATION_CONTEXT ( 3 ) GLOBAL_UNCERTAINTY_ASSIGNED_CONTEXT ( ( #901 ) ) GLOBAL_UNIT_ASSIGNED_CONTEXT ( ( #1663, #602, #2042 ) ) REPRESENTATION_CONTEXT ( 'NONE', 'WORKASPACE' ) );
#877 = EDGE_LOOP ( 'NONE', ( #580, #1965, #487, #1407, #556, #180, #2142 ) ) ;
#878 = STYLED_ITEM ( 'NONE', ( #2016 ), #1333 ) ;
#879 = ORIENTED_EDGE ( 'NONE', *, *, #1701, .F. ) ;
#880 = FACE_OUTER_BOUND ( 'NONE', #1371, .T. ) ;
#881 = ADVANCED_FACE ( 'NONE', ( #1779 ), #1048, .T. ) ;
#882 = FILL_AREA_STYLE_COLOUR ( '', #1890 ) ;
#883 = DIRECTION ( 'NONE',  ( -0.0000000000000000000, 0.0000000000000000000, -1.000000000000000000 ) ) ;
#884 = UNCERTAINTY_MEASURE_WITH_UNIT (LENGTH_MEASURE( 1.000000000000000082E-05 ), #1290, 'distance_accuracy_value', 'NONE');
#885 = DIRECTION ( 'NONE',  ( -1.000000000000000000, -0.0000000000000000000, -0.0000000000000000000 ) ) ;
#886 = SURFACE_SIDE_STYLE ('',( #733 ) ) ;
#887 = PRESENTATION_LAYER_ASSIGNMENT (  '', '', ( #44 ) ) ;
#888 = FACE_OUTER_BOUND ( 'NONE', #1202, .T. ) ;
#889 = PRESENTATION_STYLE_ASSIGNMENT (( #1276 ) ) ;
#890 = DIRECTION ( 'NONE',  ( 1.000000000000000000, 0.0000000000000000000, -0.0000000000000000000 ) ) ;
#891 = PRESENTATION_STYLE_ASSIGNMENT (( #2162 ) ) ;
#892 = STYLED_ITEM ( 'NONE', ( #1655 ), #527 ) ;
#893 = VERTEX_POINT ( 'NONE', #1260 ) ;
#894 = VERTEX_POINT ( 'NONE', #344 ) ;
#895 = APPLICATION_CONTEXT ( 'automotive_design' ) ;
#896 = PRESENTATION_STYLE_ASSIGNMENT (( #1650 ) ) ;
#897 = CARTESIAN_POINT ( 'NONE',  ( 0.5000000000000000000, 0.3499999999999999778, 0.2000000000000000111 ) ) ;
#898 = STYLED_ITEM ( 'NONE', ( #115 ), #1097 ) ;
#899 = FILL_AREA_STYLE_COLOUR ( '', #1469 ) ;
#900 = PRODUCT_DEFINITION_CONTEXT ( 'detailed design', #1664, 'design' ) ;
#901 = UNCERTAINTY_MEASURE_WITH_UNIT (LENGTH_MEASURE( 1.000000000000000082E-05 ), #1663, 'distance_accuracy_value', 'NONE');
#902 = SURFACE_STYLE_FILL_AREA ( #2188 ) ;
#903 =( NAMED_UNIT ( * ) SI_UNIT ( $, .STERADIAN. ) SOLID_ANGLE_UNIT ( ) );
#904 = SURFACE_STYLE_FILL_AREA ( #748 ) ;
#905 =( LENGTH_UNIT ( ) NAMED_UNIT ( * ) SI_UNIT ( .MILLI., .METRE. ) );
#906 = LINE ( 'NONE', #1649, #306 ) ;
#907 = ORIENTED_EDGE ( 'NONE', *, *, #133, .T. ) ;
#908 = ORIENTED_EDGE ( 'NONE', *, *, #1271, .T. ) ;
#909 = CARTESIAN_POINT ( 'NONE',  ( 0.4715678837580004612, 0.3215678837576906868, 0.5817080228269734254 ) ) ;
#910 = CARTESIAN_POINT ( 'NONE',  ( 0.4000000000000000222, 0.4000000000000000222, 0.2000000000000000111 ) ) ;
#911 = CARTESIAN_POINT ( 'NONE',  ( 0.4000000000000000222, 0.4000000000000000222, 0.0000000000000000000 ) ) ;
#912 =( NAMED_UNIT ( * ) PLANE_ANGLE_UNIT ( ) SI_UNIT ( $, .RADIAN. ) );
#913 =( GEOMETRIC_REPRESENTATION_CONTEXT ( 3 ) GLOBAL_UNCERTAINTY_ASSIGNED_CONTEXT ( ( #711 ) ) GLOBAL_UNIT_ASSIGNED_CONTEXT ( ( #549, #587, #363 ) ) REPRESENTATION_CONTEXT ( 'NONE', 'WORKASPACE' ) );
#914 = PRESENTATION_LAYER_ASSIGNMENT (  '', '', ( #1211 ) ) ;
#915 = ORIENTED_EDGE ( 'NONE', *, *, #488, .T. ) ;
#916 =( GEOMETRIC_REPRESENTATION_CONTEXT ( 3 ) GLOBAL_UNCERTAINTY_ASSIGNED_CONTEXT ( ( #924 ) ) GLOBAL_UNIT_ASSIGNED_CONTEXT ( ( #2268, #604, #1877 ) ) REPRESENTATION_CONTEXT ( 'NONE', 'WORKASPACE' ) );
#917 =( NAMED_UNIT ( * ) SI_UNIT ( $, .STERADIAN. ) SOLID_ANGLE_UNIT ( ) );
#918 = CARTESIAN_POINT ( 'NONE',  ( -0.8000000000000000444, -0.4000000000000000222, 0.0000000000000000000 ) ) ;
#919 = EDGE_CURVE ( 'NONE', #1353, #654, #1088, .T. ) ;
#920 = LINE ( 'NONE', #558, #1402 ) ;
#921 = PRESENTATION_LAYER_ASSIGNMENT (  '', '', ( #1934 ) ) ;
#922 = LINE ( 'NONE', #1796, #2340 ) ;
#923 = PRESENTATION_STYLE_ASSIGNMENT (( #184 ) ) ;
#924 = UNCERTAINTY_MEASURE_WITH_UNIT (LENGTH_MEASURE( 1.000000000000000082E-05 ), #2268, 'distance_accuracy_value', 'NONE');
#925 = ORIENTED_EDGE ( 'NONE', *, *, #1899, .F. ) ;
#926 = EDGE_LOOP ( 'NONE', ( #444, #908, #1966, #457 ) ) ;
#927 =( LENGTH_UNIT ( ) NAMED_UNIT ( * ) SI_UNIT ( .MILLI., .METRE. ) );
#928 = EDGE_CURVE ( 'NONE', #1094, #371, #1704, .T. ) ;
#929 = LINE ( 'NONE', #897, #762 ) ;
#930 = UNCERTAINTY_MEASURE_WITH_UNIT (LENGTH_MEASURE( 1.000000000000000082E-05 ), #927, 'distance_accuracy_value', 'NONE');
#931 = VERTEX_POINT ( 'NONE', #1657 ) ;
#932 = FILL_AREA_STYLE_COLOUR ( '', #849 ) ;
#933 = LINE ( 'NONE', #167, #1898 ) ;
#934 = DIRECTION ( 'NONE',  ( -0.0000000000000000000, -0.0000000000000000000, -1.000000000000000000 ) ) ;
#935 = AXIS2_PLACEMENT_3D ( 'NONE', #1145, #2057, #73 ) ;
#936 = FACE_OUTER_BOUND ( 'NONE', #2141, .T. ) ;
#937 = COLOUR_RGB ( '',0.7803921568627451011, 0.5686274509803921351, 0.1137254901960784298 ) ;
#938 = VERTEX_POINT ( 'NONE', #617 ) ;
#939 = SURFACE_STYLE_FILL_AREA ( #1119 ) ;
#940 = VECTOR ( 'NONE', #1340, 1000.000000000000000 ) ;
#941 = MECHANICAL_DESIGN_GEOMETRIC_PRESENTATION_REPRESENTATION (  '', ( #2025 ), #555 ) ;
#942 =( NAMED_UNIT ( * ) SI_UNIT ( $, .STERADIAN. ) SOLID_ANGLE_UNIT ( ) );
#943 = FILL_AREA_STYLE ('',( #2023 ) ) ;
#944 =( NAMED_UNIT ( * ) PLANE_ANGLE_UNIT ( ) SI_UNIT ( $, .RADIAN. ) );
#945 = FILL_AREA_STYLE_COLOUR ( '', #540 ) ;
#946 = ORIENTED_EDGE ( 'NONE', *, *, #1196, .F. ) ;
#947 = AXIS2_PLACEMENT_3D ( 'NONE', #357, #772, #1677 ) ;
#948 = EDGE_CURVE ( 'NONE', #2187, #827, #1316, .T. ) ;
#949 = DIRECTION ( 'NONE',  ( 0.0000000000000000000, -1.000000000000000000, -0.0000000000000000000 ) ) ;
#950 = CARTESIAN_POINT ( 'NONE',  ( 0.2000000000000000111, -0.4000000000000000222, 4.898587196586999654E-17 ) ) ;
#951 = DIRECTION ( 'NONE',  ( 1.000000000000000000, 0.0000000000000000000, 0.0000000000000000000 ) ) ;
#952 =( GEOMETRIC_REPRESENTATION_CONTEXT ( 3 ) GLOBAL_UNCERTAINTY_ASSIGNED_CONTEXT ( ( #1086 ) ) GLOBAL_UNIT_ASSIGNED_CONTEXT ( ( #2262, #1708, #64 ) ) REPRESENTATION_CONTEXT ( 'NONE', 'WORKASPACE' ) );
#953 =( NAMED_UNIT ( * ) SI_UNIT ( $, .STERADIAN. ) SOLID_ANGLE_UNIT ( ) );
#954 = FILL_AREA_STYLE ('',( #1489 ) ) ;
#955 = DIRECTION ( 'NONE',  ( 0.0000000000000000000, 0.0000000000000000000, -1.000000000000000000 ) ) ;
#956 = SURFACE_SIDE_STYLE ('',( #422 ) ) ;
#957 = CIRCLE ( 'NONE', #465, 0.03999999999999999389 ) ;
#958 = PRESENTATION_STYLE_ASSIGNMENT (( #46 ) ) ;
#959 =( GEOMETRIC_REPRESENTATION_CONTEXT ( 3 ) GLOBAL_UNCERTAINTY_ASSIGNED_CONTEXT ( ( #2248 ) ) GLOBAL_UNIT_ASSIGNED_CONTEXT ( ( #639, #796, #399 ) ) REPRESENTATION_CONTEXT ( 'NONE', 'WORKASPACE' ) );
#960 = LINE ( 'NONE', #1666, #2038 ) ;
#961 = PRESENTATION_STYLE_ASSIGNMENT (( #1669 ) ) ;
#962 = SURFACE_STYLE_FILL_AREA ( #227 ) ;
#963 = AXIS2_PLACEMENT_3D ( 'NONE', #220, #1111, #2239 ) ;
#964 = STYLED_ITEM ( 'NONE', ( #1345 ), #1566 ) ;
#965 = VECTOR ( 'NONE', #299, 1000.000000000000000 ) ;
#966 = DIRECTION ( 'NONE',  ( 1.000000000000000000, 0.0000000000000000000, 0.0000000000000000000 ) ) ;
#967 = DIRECTION ( 'NONE',  ( 0.0000000000000000000, 0.0000000000000000000, 1.000000000000000000 ) ) ;
#968 =( LENGTH_UNIT ( ) NAMED_UNIT ( * ) SI_UNIT ( .MILLI., .METRE. ) );
#969 = DIRECTION ( 'NONE',  ( 1.000000000000000000, 0.0000000000000000000, -0.0000000000000000000 ) ) ;
#970 = SURFACE_SIDE_STYLE ('',( #761 ) ) ;
#971 = CARTESIAN_POINT ( 'NONE',  ( -1.734723475977000073E-18, 0.4000000000000000222, -4.898587196589000156E-17 ) ) ;
#972 = DIRECTION ( 'NONE',  ( 0.0000000000000000000, 0.0000000000000000000, -1.000000000000000000 ) ) ;
#973 = LINE ( 'NONE', #1164, #1450 ) ;
#974 = LINE ( 'NONE', #458, #1447 ) ;
#975 = CARTESIAN_POINT ( 'NONE',  ( -0.8000000000000000444, -0.4000000000000000222, 0.0000000000000000000 ) ) ;
#976 = FACE_OUTER_BOUND ( 'NONE', #523, .T. ) ;
#977 = FACE_OUTER_BOUND ( 'NONE', #1238, .T. ) ;
#978 = EDGE_CURVE ( 'NONE', #894, #2100, #39, .T. ) ;
#979 = DIRECTION ( 'NONE',  ( -0.0000000000000000000, -0.0000000000000000000, -1.000000000000000000 ) ) ;
#980 = DIRECTION ( 'NONE',  ( -1.000000000000000000, -0.0000000000000000000, -0.0000000000000000000 ) ) ;
#981 = CARTESIAN_POINT ( 'NONE',  ( 0.0000000000000000000, 0.0000000000000000000, 0.0000000000000000000 ) ) ;
#982 =( GEOMETRIC_REPRESENTATION_CONTEXT ( 3 ) GLOBAL_UNCERTAINTY_ASSIGNED_CONTEXT ( ( #364 ) ) GLOBAL_UNIT_ASSIGNED_CONTEXT ( ( #830, #1195, #1913 ) ) REPRESENTATION_CONTEXT ( 'NONE', 'WORKASPACE' ) );
#983 = STYLED_ITEM ( 'NONE', ( #1968 ), #582 ) ;
#984 = MECHANICAL_DESIGN_GEOMETRIC_PRESENTATION_REPRESENTATION (  '', ( #1328 ), #2321 ) ;
#985 = ADVANCED_FACE ( 'NONE', ( #2219 ), #248, .T. ) ;
#986 = AXIS2_PLACEMENT_3D ( 'NONE', #1916, #1724, #280 ) ;
#987 = ORIENTED_EDGE ( 'NONE', *, *, #2000, .T. ) ;
#988 = UNCERTAINTY_MEASURE_WITH_UNIT (LENGTH_MEASURE( 1.000000000000000082E-05 ), #651, 'distance_accuracy_value', 'NONE');
#989 = ADVANCED_FACE ( 'NONE', ( #50 ), #2044, .T. ) ;
#990 = ORIENTED_EDGE ( 'NONE', *, *, #1399, .F. ) ;
#991 =( GEOMETRIC_REPRESENTATION_CONTEXT ( 3 ) GLOBAL_UNCERTAINTY_ASSIGNED_CONTEXT ( ( #2353 ) ) GLOBAL_UNIT_ASSIGNED_CONTEXT ( ( #1287, #572, #346 ) ) REPRESENTATION_CONTEXT ( 'NONE', 'WORKASPACE' ) );
#992 = PLANE ( 'NONE',  #20 ) ;
#993 = CARTESIAN_POINT ( 'NONE',  ( 0.4000000000000000222, 0.4000000000000000222, 0.0000000000000000000 ) ) ;
#994 = SURFACE_STYLE_FILL_AREA ( #1867 ) ;
#995 = DIRECTION ( 'NONE',  ( 0.0000000000000000000, 0.0000000000000000000, -1.000000000000000000 ) ) ;
#996 = PLANE ( 'NONE',  #2096 ) ;
#997 = FILL_AREA_STYLE_COLOUR ( '', #1258 ) ;
#998 = PRODUCT ( 'Pad004', 'Pad004', '', ( #1049 ) ) ;
#999 = APPLICATION_CONTEXT ( 'automotive_design' ) ;
#1000 = VERTEX_POINT ( 'NONE', #1156 ) ;
#1001 = VECTOR ( 'NONE', #58, 1000.000000000000000 ) ;
#1002 = ORIENTED_EDGE ( 'NONE', *, *, #29, .F. ) ;
#1003 =( LENGTH_UNIT ( ) NAMED_UNIT ( * ) SI_UNIT ( .MILLI., .METRE. ) );
#1004 = DIRECTION ( 'NONE',  ( 0.0000000000000000000, -0.0000000000000000000, -1.000000000000000000 ) ) ;
#1005 =( GEOMETRIC_REPRESENTATION_CONTEXT ( 3 ) GLOBAL_UNCERTAINTY_ASSIGNED_CONTEXT ( ( #1283 ) ) GLOBAL_UNIT_ASSIGNED_CONTEXT ( ( #2093, #283, #2124 ) ) REPRESENTATION_CONTEXT ( 'NONE', 'WORKASPACE' ) );
#1006 = PRESENTATION_STYLE_ASSIGNMENT (( #1177 ) ) ;
#1007 =( NAMED_UNIT ( * ) PLANE_ANGLE_UNIT ( ) SI_UNIT ( $, .RADIAN. ) );
#1008 =( BOUNDED_CURVE ( )  B_SPLINE_CURVE ( 3, ( #2290, #1574, #2117, #2091 ),
 .UNSPECIFIED., .F., .F. ) 
 B_SPLINE_CURVE_WITH_KNOTS ( ( 4, 4 ),
 ( 4.712388980384689674, 6.197680013498873208 ),
 .UNSPECIFIED. ) 
 CURVE ( )  GEOMETRIC_REPRESENTATION_ITEM ( )  RATIONAL_B_SPLINE_CURVE ( ( 1.000000000000000000, 0.8244547578640665231, 0.8244547578640665231, 1.000000000000000000 ) ) 
 REPRESENTATION_ITEM ( '' )  );
#1009 = PRESENTATION_LAYER_ASSIGNMENT (  '', '', ( #898 ) ) ;
#1010 = DIRECTION ( 'NONE',  ( 1.000000000000000000, 0.0000000000000000000, 0.0000000000000000000 ) ) ;
#1011 = LINE ( 'NONE', #1359, #870 ) ;
#1012 = CARTESIAN_POINT ( 'NONE',  ( -0.5000000000000000000, 0.3499999999999970357, 0.2499999999999996669 ) ) ;
#1013 = ORIENTED_EDGE ( 'NONE', *, *, #274, .T. ) ;
#1014 = VERTEX_POINT ( 'NONE', #2056 ) ;
#1015 = CARTESIAN_POINT ( 'NONE',  ( 0.4000000000000000222, 0.4000000000000000222, 0.2000000000000000111 ) ) ;
#1016 = PRESENTATION_STYLE_ASSIGNMENT (( #2073 ) ) ;
#1017 = CARTESIAN_POINT ( 'NONE',  ( -0.5000000000000000000, -0.3499999999999999778, 0.2000000000000000111 ) ) ;
#1018 = ADVANCED_FACE ( 'NONE', ( #440 ), #1171, .T. ) ;
#1019 = CARTESIAN_POINT ( 'NONE',  ( -0.4000000000000000222, -0.4000000000000000222, 0.2000000000000000111 ) ) ;
#1020 = CARTESIAN_POINT ( 'NONE',  ( -0.8000000000000000444, 0.0000000000000000000, 0.0000000000000000000 ) ) ;
#1021 = PRODUCT_DEFINITION_SHAPE ( 'NONE', 'NONE',  #2364 ) ;
#1022 = ADVANCED_FACE ( 'NONE', ( #324 ), #1728, .T. ) ;
#1023 = PRESENTATION_STYLE_ASSIGNMENT (( #496 ) ) ;
#1024 = CONTEXT_DEPENDENT_SHAPE_REPRESENTATION ( #1053, #2052 ) ;
#1025 = SURFACE_STYLE_FILL_AREA ( #1544 ) ;
#1026 = AXIS2_PLACEMENT_3D ( 'NONE', #975, #247, #967 ) ;
#1027 = DIRECTION ( 'NONE',  ( 0.0000000000000000000, 1.224646799146999945E-16, 1.000000000000000000 ) ) ;
#1028 = ORIENTED_EDGE ( 'NONE', *, *, #29, .T. ) ;
#1029 = COLOUR_RGB ( '',0.9960784313725490335, 0.9960784313725490335, 0.0000000000000000000 ) ;
#1030 = ORIENTED_EDGE ( 'NONE', *, *, #2316, .F. ) ;
#1031 = CARTESIAN_POINT ( 'NONE',  ( 0.8000000000000000444, -0.4000000000000000222, 0.0000000000000000000 ) ) ;
#1032 = VECTOR ( 'NONE', #1499, 1000.000000000000000 ) ;
#1033 = SURFACE_STYLE_USAGE ( .BOTH. , #2231 ) ;
#1034 = SURFACE_SIDE_STYLE ('',( #298 ) ) ;
#1035 = ITEM_DEFINED_TRANSFORMATION ( 'NONE', 'NONE', #19,  #372 ) ;
#1036 = DIRECTION ( 'NONE',  ( 0.0000000000000000000, -1.000000000000000000, -0.0000000000000000000 ) ) ;
#1037 = EDGE_LOOP ( 'NONE', ( #723, #2285, #990, #925 ) ) ;
#1038 = PRESENTATION_LAYER_ASSIGNMENT (  '', '', ( #2287 ) ) ;
#1039 = SURFACE_SIDE_STYLE ('',( #301 ) ) ;
#1040 =( NAMED_UNIT ( * ) SI_UNIT ( $, .STERADIAN. ) SOLID_ANGLE_UNIT ( ) );
#1041 = STYLED_ITEM ( 'NONE', ( #1692 ), #985 ) ;
#1042 = ORIENTED_EDGE ( 'NONE', *, *, #1538, .T. ) ;
#1043 =( NAMED_UNIT ( * ) SI_UNIT ( $, .STERADIAN. ) SOLID_ANGLE_UNIT ( ) );
#1044 = CARTESIAN_POINT ( 'NONE',  ( -0.4699999999999999734, 0.3016409507769999832, 0.5799999999999999600 ) ) ;
#1045 = PRODUCT_DEFINITION_SHAPE ( 'NONE', 'NONE',  #833 ) ;
#1046 =( GEOMETRIC_REPRESENTATION_CONTEXT ( 3 ) GLOBAL_UNCERTAINTY_ASSIGNED_CONTEXT ( ( #1421 ) ) GLOBAL_UNIT_ASSIGNED_CONTEXT ( ( #1510, #429, #1157 ) ) REPRESENTATION_CONTEXT ( 'NONE', 'WORKASPACE' ) );
#1047 = SURFACE_STYLE_USAGE ( .BOTH. , #2106 ) ;
#1048 = PLANE ( 'NONE',  #1084 ) ;
#1049 = PRODUCT_CONTEXT ( 'NONE', #606, 'mechanical' ) ;
#1050 = COLOUR_RGB ( '',0.7803921568627451011, 0.5686274509803921351, 0.1137254901960784298 ) ;
#1051 = EDGE_LOOP ( 'NONE', ( #1569, #1786, #173, #1956 ) ) ;
#1052 = AXIS2_PLACEMENT_3D ( 'NONE', #1451, #206, #171 ) ;
#1053 =( REPRESENTATION_RELATIONSHIP ('NONE','NONE', #491, #2009 ) REPRESENTATION_RELATIONSHIP_WITH_TRANSFORMATION ( #862 )SHAPE_REPRESENTATION_RELATIONSHIP( ) );
#1054 =( NAMED_UNIT ( * ) PLANE_ANGLE_UNIT ( ) SI_UNIT ( $, .RADIAN. ) );
#1055 = ORIENTED_EDGE ( 'NONE', *, *, #570, .T. ) ;
#1056 = ORIENTED_EDGE ( 'NONE', *, *, #1105, .T. ) ;
#1057 = FACE_OUTER_BOUND ( 'NONE', #1884, .T. ) ;
#1058 = PRESENTATION_STYLE_ASSIGNMENT (( #148 ) ) ;
#1059 = EDGE_CURVE ( 'NONE', #2154, #2128, #2081, .T. ) ;
#1060 = FACE_OUTER_BOUND ( 'NONE', #739, .T. ) ;
#1061 = CARTESIAN_POINT ( 'NONE',  ( -0.8000000000000000444, 0.0000000000000000000, 0.0000000000000000000 ) ) ;
#1062 = EDGE_CURVE ( 'NONE', #2302, #1354, #2320, .T. ) ;
#1063 = PRODUCT_DEFINITION ( 'UNKNOWN', '', #547, #2180 ) ;
#1064 =( NAMED_UNIT ( * ) PLANE_ANGLE_UNIT ( ) SI_UNIT ( $, .RADIAN. ) );
#1065 = ORIENTED_EDGE ( 'NONE', *, *, #1671, .F. ) ;
#1066 = EDGE_LOOP ( 'NONE', ( #2312, #1215 ) ) ;
#1067 = CARTESIAN_POINT ( 'NONE',  ( 0.4000000000000000222, 0.4000000000000000222, 0.0000000000000000000 ) ) ;
#1068 = COLOUR_RGB ( '',0.8000000000000000444, 0.8000000000000000444, 0.8000000000000000444 ) ;
#1069 = EDGE_CURVE ( 'NONE', #1427, #313, #1907, .T. ) ;
#1070 = VECTOR ( 'NONE', #1886, 1000.000000000000000 ) ;
#1071 = EDGE_CURVE ( 'NONE', #187, #98, #1716, .T. ) ;
#1072 = VECTOR ( 'NONE', #2048, 1000.000000000000000 ) ;
#1073 = PLANE ( 'NONE',  #2118 ) ;
#1074 = PRESENTATION_STYLE_ASSIGNMENT (( #1237 ) ) ;
#1075 = DIRECTION ( 'NONE',  ( -1.000000000000000000, 0.0000000000000000000, 0.0000000000000000000 ) ) ;
#1076 = LINE ( 'NONE', #311, #2020 ) ;
#1077 = AXIS2_PLACEMENT_3D ( 'NONE', #1789, #1621, #1633 ) ;
#1078 = DIRECTION ( 'NONE',  ( 0.0000000000000000000, 0.0000000000000000000, -1.000000000000000000 ) ) ;
#1079 = ORIENTED_EDGE ( 'NONE', *, *, #641, .T. ) ;
#1080 = VECTOR ( 'NONE', #2005, 1000.000000000000000 ) ;
#1081 = ORIENTED_EDGE ( 'NONE', *, *, #90, .T. ) ;
#1082 = CARTESIAN_POINT ( 'NONE',  ( 0.0000000000000000000, -0.09999999999999999167, 1.224646799145999725E-17 ) ) ;
#1083 =( NAMED_UNIT ( * ) SI_UNIT ( $, .STERADIAN. ) SOLID_ANGLE_UNIT ( ) );
#1084 = AXIS2_PLACEMENT_3D ( 'NONE', #518, #1246, #531 ) ;
#1085 = COLOUR_RGB ( '',0.7803921568627451011, 0.5686274509803921351, 0.1137254901960784298 ) ;
#1086 = UNCERTAINTY_MEASURE_WITH_UNIT (LENGTH_MEASURE( 1.000000000000000082E-05 ), #2262, 'distance_accuracy_value', 'NONE');
#1087 = PRESENTATION_STYLE_ASSIGNMENT (( #1971 ) ) ;
#1088 = LINE ( 'NONE', #1793, #1662 ) ;
#1089 = FILL_AREA_STYLE ('',( #1973 ) ) ;
#1090 =( NAMED_UNIT ( * ) SI_UNIT ( $, .STERADIAN. ) SOLID_ANGLE_UNIT ( ) );
#1091 = VECTOR ( 'NONE', #205, 1000.000000000000000 ) ;
#1092 = DIRECTION ( 'NONE',  ( -4.323630019078185612E-19, -1.000000000000000000, -3.705968587780558768E-20 ) ) ;
#1093 = ORIENTED_EDGE ( 'NONE', *, *, #765, .F. ) ;
#1094 = VERTEX_POINT ( 'NONE', #820 ) ;
#1095 = CARTESIAN_POINT ( 'NONE',  ( 0.8000000000000000444, -0.2000000000000000389, 0.2000000000000000111 ) ) ;
#1096 =( NAMED_UNIT ( * ) SI_UNIT ( $, .STERADIAN. ) SOLID_ANGLE_UNIT ( ) );
#1097 = ADVANCED_FACE ( 'NONE', ( #659 ), #1379, .T. ) ;
#1098 = UNCERTAINTY_MEASURE_WITH_UNIT (LENGTH_MEASURE( 1.000000000000000082E-05 ), #189, 'distance_accuracy_value', 'NONE');
#1099 = UNCERTAINTY_MEASURE_WITH_UNIT (LENGTH_MEASURE( 1.000000000000000082E-05 ), #1840, 'distance_accuracy_value', 'NONE');
#1100 = ORIENTED_EDGE ( 'NONE', *, *, #234, .F. ) ;
#1101 =( NAMED_UNIT ( * ) PLANE_ANGLE_UNIT ( ) SI_UNIT ( $, .RADIAN. ) );
#1102 = FACE_OUTER_BOUND ( 'NONE', #75, .T. ) ;
#1103 = SURFACE_STYLE_FILL_AREA ( #1089 ) ;
#1104 = LINE ( 'NONE', #11, #1670 ) ;
#1105 = EDGE_CURVE ( 'NONE', #592, #1354, #532, .T. ) ;
#1106 = FILL_AREA_STYLE_COLOUR ( '', #1615 ) ;
#1107 = ORIENTED_EDGE ( 'NONE', *, *, #1271, .F. ) ;
#1108 = PRESENTATION_STYLE_ASSIGNMENT (( #2211 ) ) ;
#1109 = ORIENTED_EDGE ( 'NONE', *, *, #492, .T. ) ;
#1110 = CARTESIAN_POINT ( 'NONE',  ( 0.0000000000000000000, 0.4000000000000000222, -4.898587196589000156E-17 ) ) ;
#1111 = DIRECTION ( 'NONE',  ( 0.0000000000000000000, -1.000000000000000000, 1.224646799146999945E-16 ) ) ;
#1112 = SURFACE_SIDE_STYLE ('',( #1602 ) ) ;
#1113 = AXIS2_PLACEMENT_3D ( 'NONE', #1734, #112, #2305 ) ;
#1114 = SURFACE_SIDE_STYLE ('',( #378 ) ) ;
#1115 = CIRCLE ( 'NONE', #383, 0.1999999999999999833 ) ;
#1116 = UNCERTAINTY_MEASURE_WITH_UNIT (LENGTH_MEASURE( 1.000000000000000082E-05 ), #1374, 'distance_accuracy_value', 'NONE');
#1117 = ORIENTED_EDGE ( 'NONE', *, *, #2355, .F. ) ;
#1118 = FILL_AREA_STYLE ('',( #945 ) ) ;
#1119 = FILL_AREA_STYLE ('',( #1130 ) ) ;
#1120 = MECHANICAL_DESIGN_GEOMETRIC_PRESENTATION_REPRESENTATION (  '', ( #342 ), #1187 ) ;
#1121 = CARTESIAN_POINT ( 'NONE',  ( 0.8000000000000000444, -0.4000000000000000222, 0.0000000000000000000 ) ) ;
#1122 = ADVANCED_BREP_SHAPE_REPRESENTATION ( '', ( #582, #372 ), #1324 ) ;
#1123 = CARTESIAN_POINT ( 'NONE',  ( -0.4000000000000000222, 0.4000000000000000222, 0.2000000000000000111 ) ) ;
#1124 = PRESENTATION_LAYER_ASSIGNMENT (  '', '', ( #892 ) ) ;
#1125 =( GEOMETRIC_REPRESENTATION_CONTEXT ( 3 ) GLOBAL_UNCERTAINTY_ASSIGNED_CONTEXT ( ( #2184 ) ) GLOBAL_UNIT_ASSIGNED_CONTEXT ( ( #1676, #2266, #2298 ) ) REPRESENTATION_CONTEXT ( 'NONE', 'WORKASPACE' ) );
#1126 =( NAMED_UNIT ( * ) SI_UNIT ( $, .STERADIAN. ) SOLID_ANGLE_UNIT ( ) );
#1127 = VECTOR ( 'NONE', #2152, 1000.000000000000000 ) ;
#1128 =( GEOMETRIC_REPRESENTATION_CONTEXT ( 3 ) GLOBAL_UNCERTAINTY_ASSIGNED_CONTEXT ( ( #790 ) ) GLOBAL_UNIT_ASSIGNED_CONTEXT ( ( #1470, #1307, #2214 ) ) REPRESENTATION_CONTEXT ( 'NONE', 'WORKASPACE' ) );
#1129 = DIRECTION ( 'NONE',  ( -4.339483675923922730E-19, -0.9963466490417525190, 0.08540114134641879629 ) ) ;
#1130 = FILL_AREA_STYLE_COLOUR ( '', #139 ) ;
#1131 = DIRECTION ( 'NONE',  ( 0.0000000000000000000, -0.0000000000000000000, 1.000000000000000000 ) ) ;
#1132 = ADVANCED_FACE ( 'NONE', ( #2356 ), #1780, .T. ) ;
#1133 =( REPRESENTATION_RELATIONSHIP ('NONE','NONE', #491, #1609 ) REPRESENTATION_RELATIONSHIP_WITH_TRANSFORMATION ( #1035 )SHAPE_REPRESENTATION_RELATIONSHIP( ) );
#1134 = DIRECTION ( 'NONE',  ( 0.0000000000000000000, 0.0000000000000000000, 1.000000000000000000 ) ) ;
#1135 = CARTESIAN_POINT ( 'NONE',  ( -0.4999999999999985012, 0.3499999999999998113, 0.2499999999999997780 ) ) ;
#1136 = ADVANCED_FACE ( 'NONE', ( #936 ), #2347, .T. ) ;
#1137 = CARTESIAN_POINT ( 'NONE',  ( -0.2000000000000000111, 0.09999999999999999167, -1.224646799148000227E-17 ) ) ;
#1138 = VERTEX_POINT ( 'NONE', #586 ) ;
#1139 = PLANE ( 'NONE',  #963 ) ;
#1140 = PRESENTATION_LAYER_ASSIGNMENT (  '', '', ( #712 ) ) ;
#1141 = MECHANICAL_DESIGN_GEOMETRIC_PRESENTATION_REPRESENTATION (  '', ( #413 ), #982 ) ;
#1142 = SURFACE_STYLE_USAGE ( .BOTH. , #774 ) ;
#1143 = CARTESIAN_POINT ( 'NONE',  ( -0.8000000000000000444, 0.4000000000000000222, 0.0000000000000000000 ) ) ;
#1144 = STYLED_ITEM ( 'NONE', ( #689 ), #1735 ) ;
#1145 = CARTESIAN_POINT ( 'NONE',  ( 0.0000000000000000000, 0.0000000000000000000, 0.0000000000000000000 ) ) ;
#1146 = COLOUR_RGB ( '',0.0000000000000000000, 0.6666666666666666297, 0.0000000000000000000 ) ;
#1147 = CARTESIAN_POINT ( 'NONE',  ( 0.8000000000000000444, 0.0000000000000000000, 0.2000000000000000111 ) ) ;
#1148 = VERTEX_POINT ( 'NONE', #13 ) ;
#1149 = PRESENTATION_STYLE_ASSIGNMENT (( #1337 ) ) ;
#1150 = PRESENTATION_STYLE_ASSIGNMENT (( #405 ) ) ;
#1151 = MECHANICAL_DESIGN_GEOMETRIC_PRESENTATION_REPRESENTATION (  '', ( #839 ), #1161 ) ;
#1152 = FACE_OUTER_BOUND ( 'NONE', #1555, .T. ) ;
#1153 =( NAMED_UNIT ( * ) PLANE_ANGLE_UNIT ( ) SI_UNIT ( $, .RADIAN. ) );
#1154 = PLANE ( 'NONE',  #72 ) ;
#1155 = MECHANICAL_DESIGN_GEOMETRIC_PRESENTATION_REPRESENTATION (  '', ( #2288 ), #321 ) ;
#1156 = CARTESIAN_POINT ( 'NONE',  ( -0.7399999999999999911, -0.2999999999999999889, 0.2000000000000000111 ) ) ;
#1157 =( NAMED_UNIT ( * ) SI_UNIT ( $, .STERADIAN. ) SOLID_ANGLE_UNIT ( ) );
#1158 = LINE ( 'NONE', #2047, #2144 ) ;
#1159 =( LENGTH_UNIT ( ) NAMED_UNIT ( * ) SI_UNIT ( .MILLI., .METRE. ) );
#1160 = VECTOR ( 'NONE', #1684, 1000.000000000000000 ) ;
#1161 =( GEOMETRIC_REPRESENTATION_CONTEXT ( 3 ) GLOBAL_UNCERTAINTY_ASSIGNED_CONTEXT ( ( #930 ) ) GLOBAL_UNIT_ASSIGNED_CONTEXT ( ( #927, #725, #32 ) ) REPRESENTATION_CONTEXT ( 'NONE', 'WORKASPACE' ) );
#1162 =( GEOMETRIC_REPRESENTATION_CONTEXT ( 3 ) GLOBAL_UNCERTAINTY_ASSIGNED_CONTEXT ( ( #178 ) ) GLOBAL_UNIT_ASSIGNED_CONTEXT ( ( #1525, #56, #396 ) ) REPRESENTATION_CONTEXT ( 'NONE', 'WORKASPACE' ) );
#1163 = UNCERTAINTY_MEASURE_WITH_UNIT (LENGTH_MEASURE( 1.000000000000000082E-05 ), #1598, 'distance_accuracy_value', 'NONE');
#1164 = CARTESIAN_POINT ( 'NONE',  ( -0.5000000000000000000, 0.3499999999999999778, 0.2000000000000000111 ) ) ;
#1165 = DIRECTION ( 'NONE',  ( 1.000000000000000000, 0.0000000000000000000, -0.0000000000000000000 ) ) ;
#1166 = EDGE_CURVE ( 'NONE', #1175, #352, #735, .T. ) ;
#1167 = MECHANICAL_DESIGN_GEOMETRIC_PRESENTATION_REPRESENTATION (  '', ( #239 ), #812 ) ;
#1168 =( NAMED_UNIT ( * ) SI_UNIT ( $, .STERADIAN. ) SOLID_ANGLE_UNIT ( ) );
#1169 = PRODUCT_DEFINITION ( 'UNKNOWN', '', #159, #2352 ) ;
#1170 = CARTESIAN_POINT ( 'NONE',  ( -0.4516409507770000054, -0.3200000000000000067, 0.5799999999999999600 ) ) ;
#1171 = CYLINDRICAL_SURFACE ( 'NONE', #2148, 0.02000000000000005246 ) ;
#1172 = EDGE_CURVE ( 'NONE', #1830, #816, #1784, .T. ) ;
#1173 = CYLINDRICAL_SURFACE ( 'NONE', #550, 0.1999999999999999833 ) ;
#1174 = ORIENTED_EDGE ( 'NONE', *, *, #1235, .F. ) ;
#1175 = VERTEX_POINT ( 'NONE', #756 ) ;
#1176 = SURFACE_STYLE_USAGE ( .BOTH. , #1490 ) ;
#1177 = SURFACE_STYLE_USAGE ( .BOTH. , #268 ) ;
#1178 = MECHANICAL_DESIGN_GEOMETRIC_PRESENTATION_REPRESENTATION (  '', ( #567 ), #1046 ) ;
#1179 = FILL_AREA_STYLE ('',( #261 ) ) ;
#1180 =( NAMED_UNIT ( * ) PLANE_ANGLE_UNIT ( ) SI_UNIT ( $, .RADIAN. ) );
#1181 = CARTESIAN_POINT ( 'NONE',  ( -0.8000000000000000444, -0.2000000000000000111, 0.2000000000000000111 ) ) ;
#1182 = ORIENTED_EDGE ( 'NONE', *, *, #1494, .T. ) ;
#1183 = DIRECTION ( 'NONE',  ( 0.0000000000000000000, 0.0000000000000000000, -1.000000000000000000 ) ) ;
#1184 = VECTOR ( 'NONE', #1507, 1000.000000000000000 ) ;
#1185 = DIRECTION ( 'NONE',  ( 1.000000000000000000, 0.0000000000000000000, 0.0000000000000000000 ) ) ;
#1186 = CARTESIAN_POINT ( 'NONE',  ( 0.0000000000000000000, -0.09999999999999999167, 4.898587196589000156E-17 ) ) ;
#1187 =( GEOMETRIC_REPRESENTATION_CONTEXT ( 3 ) GLOBAL_UNCERTAINTY_ASSIGNED_CONTEXT ( ( #1163 ) ) GLOBAL_UNIT_ASSIGNED_CONTEXT ( ( #1598, #1952, #903 ) ) REPRESENTATION_CONTEXT ( 'NONE', 'WORKASPACE' ) );
#1188 = MECHANICAL_DESIGN_GEOMETRIC_PRESENTATION_REPRESENTATION (  '', ( #2210 ), #1297 ) ;
#1189 = LINE ( 'NONE', #466, #270 ) ;
#1190 =( NAMED_UNIT ( * ) PLANE_ANGLE_UNIT ( ) SI_UNIT ( $, .RADIAN. ) );
#1191 = EDGE_LOOP ( 'NONE', ( #566, #483, #1882, #513 ) ) ;
#1192 = ORIENTED_EDGE ( 'NONE', *, *, #808, .T. ) ;
#1193 = MECHANICAL_DESIGN_GEOMETRIC_PRESENTATION_REPRESENTATION (  '', ( #395 ), #2256 ) ;
#1194 = PRESENTATION_LAYER_ASSIGNMENT (  '', '', ( #964 ) ) ;
#1195 =( NAMED_UNIT ( * ) PLANE_ANGLE_UNIT ( ) SI_UNIT ( $, .RADIAN. ) );
#1196 = EDGE_CURVE ( 'NONE', #827, #305, #922, .T. ) ;
#1197 = ADVANCED_BREP_SHAPE_REPRESENTATION ( '', ( #1406, #372 ), #2115 ) ;
#1198 = COLOUR_RGB ( '',0.9960784313725490335, 0.9960784313725490335, 0.0000000000000000000 ) ;
#1199 = DIRECTION ( 'NONE',  ( 0.0000000000000000000, -0.08540114134641878241, 0.9963466490417524080 ) ) ;
#1200 = LINE ( 'NONE', #610, #1072 ) ;
#1201 = PRESENTATION_LAYER_ASSIGNMENT (  '', '', ( #1492 ) ) ;
#1202 = EDGE_LOOP ( 'NONE', ( #562, #2071, #1698, #1874 ) ) ;
#1203 = SURFACE_STYLE_USAGE ( .BOTH. , #2113 ) ;
#1204 = CARTESIAN_POINT ( 'NONE',  ( 0.4000000000000000222, -0.4000000000000000222, 0.0000000000000000000 ) ) ;
#1205 = SURFACE_STYLE_USAGE ( .BOTH. , #102 ) ;
#1206 = FACE_OUTER_BOUND ( 'NONE', #1721, .T. ) ;
#1207 = ORIENTED_EDGE ( 'NONE', *, *, #700, .T. ) ;
#1208 = FILL_AREA_STYLE ('',( #2110 ) ) ;
#1209 = APPLICATION_CONTEXT ( 'automotive_design' ) ;
#1210 = SURFACE_SIDE_STYLE ('',( #1415 ) ) ;
#1211 = STYLED_ITEM ( 'NONE', ( #599 ), #1851 ) ;
#1212 = AXIS2_PLACEMENT_3D ( 'NONE', #564, #1465, #1857 ) ;
#1213 = ORIENTED_EDGE ( 'NONE', *, *, #600, .T. ) ;
#1214 = MECHANICAL_DESIGN_GEOMETRIC_PRESENTATION_REPRESENTATION (  '', ( #1144 ), #1652 ) ;
#1215 = ORIENTED_EDGE ( 'NONE', *, *, #2246, .F. ) ;
#1216 = DIRECTION ( 'NONE',  ( -1.000000000000000000, 0.0000000000000000000, 0.0000000000000000000 ) ) ;
#1217 =( NAMED_UNIT ( * ) PLANE_ANGLE_UNIT ( ) SI_UNIT ( $, .RADIAN. ) );
#1218 = MECHANICAL_DESIGN_GEOMETRIC_PRESENTATION_REPRESENTATION (  '', ( #1934 ), #330 ) ;
#1219 = VECTOR ( 'NONE', #1299, 1000.000000000000000 ) ;
#1220 = CARTESIAN_POINT ( 'NONE',  ( 0.8000000000000000444, 0.0000000000000000000, 0.0000000000000000000 ) ) ;
#1221 = DIRECTION ( 'NONE',  ( -1.000000000000000000, -0.0000000000000000000, -0.0000000000000000000 ) ) ;
#1222 = SURFACE_SIDE_STYLE ('',( #2258 ) ) ;
#1223 = APPLICATION_PROTOCOL_DEFINITION ( 'draft international standard', 'automotive_design', 1998, #895 ) ;
#1224 = FILL_AREA_STYLE_COLOUR ( '', #394 ) ;
#1225 = ORIENTED_EDGE ( 'NONE', *, *, #2055, .T. ) ;
#1226 = EDGE_CURVE ( 'NONE', #2165, #2264, #1475, .T. ) ;
#1227 = VECTOR ( 'NONE', #667, 1000.000000000000000 ) ;
#1228 = DIRECTION ( 'NONE',  ( 0.0000000000000000000, 0.0000000000000000000, 1.000000000000000000 ) ) ;
#1229 = ORIENTED_EDGE ( 'NONE', *, *, #2208, .F. ) ;
#1230 = ORIENTED_EDGE ( 'NONE', *, *, #386, .T. ) ;
#1231 = SURFACE_STYLE_USAGE ( .BOTH. , #328 ) ;
#1232 = SHAPE_REPRESENTATION_RELATIONSHIP ( 'NONE' , 'NONE' ,  #2009, #31 ) ;
#1233 = VECTOR ( 'NONE', #1036, 1000.000000000000000 ) ;
#1234 = COLOUR_RGB ( '',0.9960784313725490335, 0.9960784313725490335, 0.0000000000000000000 ) ;
#1235 = EDGE_CURVE ( 'NONE', #2264, #352, #906, .T. ) ;
#1236 = CARTESIAN_POINT ( 'NONE',  ( 0.8000000000000000444, -0.4000000000000000222, 0.0000000000000000000 ) ) ;
#1237 = SURFACE_STYLE_USAGE ( .BOTH. , #886 ) ;
#1238 = EDGE_LOOP ( 'NONE', ( #2109, #1225, #847, #2125 ) ) ;
#1239 = VECTOR ( 'NONE', #2292, 1000.000000000000000 ) ;
#1240 = FILL_AREA_STYLE_COLOUR ( '', #1689 ) ;
#1241 = ADVANCED_FACE ( 'NONE', ( #1289 ), #470, .T. ) ;
#1242 = VERTEX_POINT ( 'NONE', #1749 ) ;
#1243 = ORIENTED_EDGE ( 'NONE', *, *, #800, .T. ) ;
#1244 = DIRECTION ( 'NONE',  ( 0.0000000000000000000, 0.0000000000000000000, 1.000000000000000000 ) ) ;
#1245 = CARTESIAN_POINT ( 'NONE',  ( -0.5000000000000000000, 0.3499999999999999778, 0.2000000000000000111 ) ) ;
#1246 = DIRECTION ( 'NONE',  ( 0.0000000000000000000, 0.0000000000000000000, 1.000000000000000000 ) ) ;
#1247 = APPLICATION_PROTOCOL_DEFINITION ( 'draft international standard', 'automotive_design', 1998, #1664 ) ;
#1248 = CARTESIAN_POINT ( 'NONE',  ( -0.4000000000000000222, 0.4000000000000000222, 0.0000000000000000000 ) ) ;
#1249 = CARTESIAN_POINT ( 'NONE',  ( -0.8000000000000000444, 0.2000000000000000111, 0.2000000000000000111 ) ) ;
#1250 = EDGE_LOOP ( 'NONE', ( #1515, #318, #191, #2026 ) ) ;
#1251 = VERTEX_POINT ( 'NONE', #1015 ) ;
#1252 = CARTESIAN_POINT ( 'NONE',  ( -0.6000000000000000888, 0.0000000000000000000, 0.2000000000000000111 ) ) ;
#1253 = CARTESIAN_POINT ( 'NONE',  ( -0.4000000000000000222, -0.4000000000000000222, 0.0000000000000000000 ) ) ;
#1254 = VECTOR ( 'NONE', #446, 1000.000000000000000 ) ;
#1255 = SURFACE_STYLE_USAGE ( .BOTH. , #2157 ) ;
#1256 = PRESENTATION_STYLE_ASSIGNMENT (( #1969 ) ) ;
#1257 = CIRCLE ( 'NONE', #530, 0.1999999999999999833 ) ;
#1258 = COLOUR_RGB ( '',0.7803921568627451011, 0.5686274509803921351, 0.1137254901960784298 ) ;
#1259 = LINE ( 'NONE', #1860, #1845 ) ;
#1260 = CARTESIAN_POINT ( 'NONE',  ( 0.4000000000000000222, -0.4000000000000000222, 0.2000000000000000111 ) ) ;
#1261 =( LENGTH_UNIT ( ) NAMED_UNIT ( * ) SI_UNIT ( .MILLI., .METRE. ) );
#1262 = CARTESIAN_POINT ( 'NONE',  ( -5.782411586589999921E-19, 0.09999999999999999167, -1.224646799148000227E-17 ) ) ;
#1263 = PRESENTATION_STYLE_ASSIGNMENT (( #2172 ) ) ;
#1264 = ORIENTED_EDGE ( 'NONE', *, *, #2103, .F. ) ;
#1265 = ORIENTED_EDGE ( 'NONE', *, *, #2283, .F. ) ;
#1266 = DIRECTION ( 'NONE',  ( -0.0000000000000000000, 1.000000000000000000, 0.0000000000000000000 ) ) ;
#1267 = FILL_AREA_STYLE ('',( #1816 ) ) ;
#1268 = COLOUR_RGB ( '',0.7803921568627451011, 0.5686274509803921351, 0.1137254901960784298 ) ;
#1269 = UNCERTAINTY_MEASURE_WITH_UNIT (LENGTH_MEASURE( 1.000000000000000082E-05 ), #1715, 'distance_accuracy_value', 'NONE');
#1270 = ADVANCED_FACE ( 'NONE', ( #880 ), #860, .T. ) ;
#1271 = EDGE_CURVE ( 'NONE', #1242, #1944, #2338, .T. ) ;
#1272 = VECTOR ( 'NONE', #1626, 1000.000000000000000 ) ;
#1273 = STYLED_ITEM ( 'NONE', ( #779 ), #1406 ) ;
#1274 =( NAMED_UNIT ( * ) PLANE_ANGLE_UNIT ( ) SI_UNIT ( $, .RADIAN. ) );
#1275 = DIRECTION ( 'NONE',  ( -0.0000000000000000000, -0.0000000000000000000, 1.000000000000000000 ) ) ;
#1276 = SURFACE_STYLE_USAGE ( .BOTH. , #1112 ) ;
#1277 =( LENGTH_UNIT ( ) NAMED_UNIT ( * ) SI_UNIT ( .MILLI., .METRE. ) );
#1278 = ORIENTED_EDGE ( 'NONE', *, *, #1828, .F. ) ;
#1279 = ORIENTED_EDGE ( 'NONE', *, *, #1538, .F. ) ;
#1280 = CARTESIAN_POINT ( 'NONE',  ( 0.5000000000000000000, -0.3350000000000000200, 0.4249999999999999889 ) ) ;
#1281 = CYLINDRICAL_SURFACE ( 'NONE', #1212, 0.03999999999999999389 ) ;
#1282 = SURFACE_SIDE_STYLE ('',( #1994 ) ) ;
#1283 = UNCERTAINTY_MEASURE_WITH_UNIT (LENGTH_MEASURE( 1.000000000000000082E-05 ), #2093, 'distance_accuracy_value', 'NONE');
#1284 = UNCERTAINTY_MEASURE_WITH_UNIT (LENGTH_MEASURE( 1.000000000000000082E-05 ), #1159, 'distance_accuracy_value', 'NONE');
#1285 = EDGE_LOOP ( 'NONE', ( #288, #987, #621, #1545 ) ) ;
#1286 = SURFACE_STYLE_USAGE ( .BOTH. , #2331 ) ;
#1287 =( LENGTH_UNIT ( ) NAMED_UNIT ( * ) SI_UNIT ( .MILLI., .METRE. ) );
#1288 = DIRECTION ( 'NONE',  ( 0.0000000000000000000, 0.0000000000000000000, 1.000000000000000000 ) ) ;
#1289 = FACE_OUTER_BOUND ( 'NONE', #365, .T. ) ;
#1290 =( LENGTH_UNIT ( ) NAMED_UNIT ( * ) SI_UNIT ( .MILLI., .METRE. ) );
#1291 = ORIENTED_EDGE ( 'NONE', *, *, #928, .T. ) ;
#1292 = SURFACE_STYLE_FILL_AREA ( #1118 ) ;
#1293 =( LENGTH_UNIT ( ) NAMED_UNIT ( * ) SI_UNIT ( .MILLI., .METRE. ) );
#1294 = MECHANICAL_DESIGN_GEOMETRIC_PRESENTATION_REPRESENTATION (  '', ( #2002 ), #913 ) ;
#1295 = STYLED_ITEM ( 'NONE', ( #2346 ), #242 ) ;
#1296 = VECTOR ( 'NONE', #1004, 1000.000000000000000 ) ;
#1297 =( GEOMETRIC_REPRESENTATION_CONTEXT ( 3 ) GLOBAL_UNCERTAINTY_ASSIGNED_CONTEXT ( ( #1098 ) ) GLOBAL_UNIT_ASSIGNED_CONTEXT ( ( #189, #1593, #2179 ) ) REPRESENTATION_CONTEXT ( 'NONE', 'WORKASPACE' ) );
#1298 = ORIENTED_EDGE ( 'NONE', *, *, #1172, .T. ) ;
#1299 = DIRECTION ( 'NONE',  ( -1.000000000000000000, -0.0000000000000000000, -0.0000000000000000000 ) ) ;
#1300 =( NAMED_UNIT ( * ) SI_UNIT ( $, .STERADIAN. ) SOLID_ANGLE_UNIT ( ) );
#1301 = STYLED_ITEM ( 'NONE', ( #1974 ), #456 ) ;
#1302 = UNCERTAINTY_MEASURE_WITH_UNIT (LENGTH_MEASURE( 1.000000000000000082E-05 ), #743, 'distance_accuracy_value', 'NONE');
#1303 = EDGE_CURVE ( 'NONE', #2100, #1729, #2326, .T. ) ;
#1304 = SURFACE_STYLE_FILL_AREA ( #2145 ) ;
#1305 =( NAMED_UNIT ( * ) SI_UNIT ( $, .STERADIAN. ) SOLID_ANGLE_UNIT ( ) );
#1306 = ORIENTED_EDGE ( 'NONE', *, *, #1471, .T. ) ;
#1307 =( NAMED_UNIT ( * ) PLANE_ANGLE_UNIT ( ) SI_UNIT ( $, .RADIAN. ) );
#1308 = ADVANCED_FACE ( 'NONE', ( #1057 ), #829, .T. ) ;
#1309 = CARTESIAN_POINT ( 'NONE',  ( 0.5000000000000000000, -0.3499999999999999778, 0.2000000000000000111 ) ) ;
#1310 = VECTOR ( 'NONE', #966, 1000.000000000000000 ) ;
#1311 = CARTESIAN_POINT ( 'NONE',  ( 0.4000000000000000222, -0.4000000000000000222, 0.0000000000000000000 ) ) ;
#1312 = FILL_AREA_STYLE ('',( #2046 ) ) ;
#1313 = CARTESIAN_POINT ( 'NONE',  ( -0.4000000000000000222, -0.4000000000000000222, 0.0000000000000000000 ) ) ;
#1314 = PRESENTATION_STYLE_ASSIGNMENT (( #2021 ) ) ;
#1315 = CARTESIAN_POINT ( 'NONE',  ( -0.8000000000000000444, -0.4000000000000000222, 0.2000000000000000111 ) ) ;
#1316 = LINE ( 'NONE', #777, #1634 ) ;
#1317 = EDGE_LOOP ( 'NONE', ( #300, #620, #2111, #2101 ) ) ;
#1318 = CARTESIAN_POINT ( 'NONE',  ( 0.2000000000000000111, -0.4000000000000000222, 0.002000000000000000042 ) ) ;
#1319 = DIRECTION ( 'NONE',  ( 0.0000000000000000000, 0.0000000000000000000, 1.000000000000000000 ) ) ;
#1320 = PRODUCT_DEFINITION_SHAPE ( 'NONE', 'NONE',  #1924 ) ;
#1321 = LINE ( 'NONE', #2234, #353 ) ;
#1322 =( NAMED_UNIT ( * ) PLANE_ANGLE_UNIT ( ) SI_UNIT ( $, .RADIAN. ) );
#1323 =( LENGTH_UNIT ( ) NAMED_UNIT ( * ) SI_UNIT ( .MILLI., .METRE. ) );
#1324 =( GEOMETRIC_REPRESENTATION_CONTEXT ( 3 ) GLOBAL_UNCERTAINTY_ASSIGNED_CONTEXT ( ( #163 ) ) GLOBAL_UNIT_ASSIGNED_CONTEXT ( ( #1936, #130, #865 ) ) REPRESENTATION_CONTEXT ( 'NONE', 'WORKASPACE' ) );
#1325 = STYLED_ITEM ( 'NONE', ( #1327 ), #307 ) ;
#1326 = MECHANICAL_DESIGN_GEOMETRIC_PRESENTATION_REPRESENTATION (  '', ( #755 ), #1580 ) ;
#1327 = PRESENTATION_STYLE_ASSIGNMENT (( #1482 ) ) ;
#1328 = STYLED_ITEM ( 'NONE', ( #2281 ), #1604 ) ;
#1329 = CARTESIAN_POINT ( 'NONE',  ( 0.0000000000000000000, 0.0000000000000000000, 0.0000000000000000000 ) ) ;
#1330 =( NAMED_UNIT ( * ) PLANE_ANGLE_UNIT ( ) SI_UNIT ( $, .RADIAN. ) );
#1331 = FILL_AREA_STYLE ('',( #41 ) ) ;
#1332 = CARTESIAN_POINT ( 'NONE',  ( -0.5000000000000000000, 0.3499999999999999778, 0.2000000000000000111 ) ) ;
#1333 = ADVANCED_FACE ( 'NONE', ( #2303 ), #1386, .T. ) ;
#1334 = APPLICATION_CONTEXT ( 'automotive_design' ) ;
#1335 = EDGE_LOOP ( 'NONE', ( #1991, #2325, #907, #131 ) ) ;
#1336 = LINE ( 'NONE', #1348, #1705 ) ;
#1337 = SURFACE_STYLE_USAGE ( .BOTH. , #1821 ) ;
#1338 = STYLED_ITEM ( 'NONE', ( #1939 ), #1270 ) ;
#1339 = CARTESIAN_POINT ( 'NONE',  ( 0.5000000000000000000, -0.3499999999999999778, 0.2000000000000000111 ) ) ;
#1340 = DIRECTION ( 'NONE',  ( 0.0000000000000000000, 0.0000000000000000000, -1.000000000000000000 ) ) ;
#1341 = EDGE_CURVE ( 'NONE', #356, #1000, #957, .T. ) ;
#1342 = PRESENTATION_LAYER_ASSIGNMENT (  '', '', ( #342 ) ) ;
#1343 = DIRECTION ( 'NONE',  ( 0.0000000000000000000, 0.0000000000000000000, 1.000000000000000000 ) ) ;
#1344 = FACE_OUTER_BOUND ( 'NONE', #1745, .T. ) ;
#1345 = PRESENTATION_STYLE_ASSIGNMENT (( #284 ) ) ;
#1346 = UNCERTAINTY_MEASURE_WITH_UNIT (LENGTH_MEASURE( 1.000000000000000082E-05 ), #1879, 'distance_accuracy_value', 'NONE');
#1347 = ORIENTED_EDGE ( 'NONE', *, *, #1341, .T. ) ;
#1348 = CARTESIAN_POINT ( 'NONE',  ( 0.5000000000000000000, 0.3499999999999999778, 0.2500000000000000000 ) ) ;
#1349 = PRESENTATION_LAYER_ASSIGNMENT (  '', '', ( #2078 ) ) ;
#1350 = DIRECTION ( 'NONE',  ( -0.0000000000000000000, 1.000000000000000000, -1.224646799146999945E-16 ) ) ;
#1351 = DIRECTION ( 'NONE',  ( 1.000000000000000000, 0.0000000000000000000, 0.0000000000000000000 ) ) ;
#1352 =( LENGTH_UNIT ( ) NAMED_UNIT ( * ) SI_UNIT ( .MILLI., .METRE. ) );
#1353 = VERTEX_POINT ( 'NONE', #1095 ) ;
#1354 = VERTEX_POINT ( 'NONE', #1082 ) ;
#1355 = FILL_AREA_STYLE ('',( #1699 ) ) ;
#1356 = DIRECTION ( 'NONE',  ( 0.0000000000000000000, -1.000000000000000000, 0.0000000000000000000 ) ) ;
#1357 =( NAMED_UNIT ( * ) PLANE_ANGLE_UNIT ( ) SI_UNIT ( $, .RADIAN. ) );
#1358 = MECHANICAL_DESIGN_GEOMETRIC_PRESENTATION_REPRESENTATION (  '', ( #1888 ), #2199 ) ;
#1359 = CARTESIAN_POINT ( 'NONE',  ( -0.4000000000000000222, -0.4000000000000000222, 0.2000000000000000111 ) ) ;
#1360 = DIRECTION ( 'NONE',  ( 1.000000000000000000, 0.0000000000000000000, -0.0000000000000000000 ) ) ;
#1361 = EDGE_CURVE ( 'NONE', #1148, #2163, #2350, .T. ) ;
#1362 = ORIENTED_EDGE ( 'NONE', *, *, #35, .T. ) ;
#1363 = SURFACE_STYLE_FILL_AREA ( #1355 ) ;
#1364 =( NAMED_UNIT ( * ) PLANE_ANGLE_UNIT ( ) SI_UNIT ( $, .RADIAN. ) );
#1365 = SURFACE_STYLE_USAGE ( .BOTH. , #1778 ) ;
#1366 = ITEM_DEFINED_TRANSFORMATION ( 'NONE', 'NONE', #625,  #418 ) ;
#1367 = MECHANICAL_DESIGN_GEOMETRIC_PRESENTATION_REPRESENTATION (  '', ( #1041 ), #78 ) ;
#1368 = DIRECTION ( 'NONE',  ( 0.08540114134641878241, 0.0000000000000000000, -0.9963466490417524080 ) ) ;
#1369 = DIRECTION ( 'NONE',  ( 1.000000000000000000, 0.0000000000000000000, 0.0000000000000000000 ) ) ;
#1370 = ORIENTED_EDGE ( 'NONE', *, *, #1959, .T. ) ;
#1371 = EDGE_LOOP ( 'NONE', ( #1442, #855, #145, #1556 ) ) ;
#1372 = AXIS2_PLACEMENT_3D ( 'NONE', #71, #2076, #794 ) ;
#1373 = PRESENTATION_STYLE_ASSIGNMENT (( #132 ) ) ;
#1374 =( LENGTH_UNIT ( ) NAMED_UNIT ( * ) SI_UNIT ( .MILLI., .METRE. ) );
#1375 = AXIS2_PLACEMENT_3D ( 'NONE', #2259, #441, #778 ) ;
#1376 =( NAMED_UNIT ( * ) SI_UNIT ( $, .STERADIAN. ) SOLID_ANGLE_UNIT ( ) );
#1377 = SURFACE_STYLE_FILL_AREA ( #1927 ) ;
#1378 = CARTESIAN_POINT ( 'NONE',  ( -0.6999999999999999556, -0.2999999999999999889, 0.2000000000000000111 ) ) ;
#1379 = PLANE ( 'NONE',  #1839 ) ;
#1380 = CARTESIAN_POINT ( 'NONE',  ( 0.4699999999999999734, -0.3016409507769999832, 0.6000000000000000888 ) ) ;
#1381 = ORIENTED_EDGE ( 'NONE', *, *, #424, .F. ) ;
#1382 = FACE_OUTER_BOUND ( 'NONE', #500, .T. ) ;
#1383 =( GEOMETRIC_REPRESENTATION_CONTEXT ( 3 ) GLOBAL_UNCERTAINTY_ASSIGNED_CONTEXT ( ( #1686 ) ) GLOBAL_UNIT_ASSIGNED_CONTEXT ( ( #2040, #1654, #423 ) ) REPRESENTATION_CONTEXT ( 'NONE', 'WORKASPACE' ) );
#1384 = VERTEX_POINT ( 'NONE', #2201 ) ;
#1385 = VERTEX_POINT ( 'NONE', #1813 ) ;
#1386 = PLANE ( 'NONE',  #1478 ) ;
#1387 = FACE_OUTER_BOUND ( 'NONE', #1051, .T. ) ;
#1388 = APPLICATION_CONTEXT ( 'automotive_design' ) ;
#1389 = SURFACE_STYLE_USAGE ( .BOTH. , #2244 ) ;
#1390 = DIRECTION ( 'NONE',  ( 0.0000000000000000000, 0.0000000000000000000, -1.000000000000000000 ) ) ;
#1391 = ITEM_DEFINED_TRANSFORMATION ( 'NONE', 'NONE', #1375,  #372 ) ;
#1392 = PRESENTATION_STYLE_ASSIGNMENT (( #863 ) ) ;
#1393 = STYLED_ITEM ( 'NONE', ( #923 ), #31 ) ;
#1394 = ORIENTED_EDGE ( 'NONE', *, *, #1303, .T. ) ;
#1395 =( LENGTH_UNIT ( ) NAMED_UNIT ( * ) SI_UNIT ( .MILLI., .METRE. ) );
#1396 = VERTEX_POINT ( 'NONE', #1252 ) ;
#1397 = AXIS2_PLACEMENT_3D ( 'NONE', #2257, #1854, #259 ) ;
#1398 = ORIENTED_EDGE ( 'NONE', *, *, #1226, .T. ) ;
#1399 = EDGE_CURVE ( 'NONE', #2349, #2128, #188, .T. ) ;
#1400 =( NAMED_UNIT ( * ) SI_UNIT ( $, .STERADIAN. ) SOLID_ANGLE_UNIT ( ) );
#1401 = EDGE_CURVE ( 'NONE', #1830, #1416, #1455, .T. ) ;
#1402 = VECTOR ( 'NONE', #874, 1000.000000000000000 ) ;
#1403 = ADVANCED_FACE ( 'NONE', ( #563 ), #524, .T. ) ;
#1404 = LINE ( 'NONE', #1562, #136 ) ;
#1405 =( NAMED_UNIT ( * ) PLANE_ANGLE_UNIT ( ) SI_UNIT ( $, .RADIAN. ) );
#1406 = MANIFOLD_SOLID_BREP ( 'Imported1', #591 ) ;
#1407 = ORIENTED_EDGE ( 'NONE', *, *, #213, .F. ) ;
#1408 = COLOUR_RGB ( '',0.8000000000000000444, 0.8000000000000000444, 0.8000000000000000444 ) ;
#1409 = ORIENTED_EDGE ( 'NONE', *, *, #169, .T. ) ;
#1410 = ORIENTED_EDGE ( 'NONE', *, *, #493, .T. ) ;
#1411 = FILL_AREA_STYLE_COLOUR ( '', #583 ) ;
#1412 = STYLED_ITEM ( 'NONE', ( #1713 ), #1530 ) ;
#1413 = VECTOR ( 'NONE', #1221, 1000.000000000000000 ) ;
#1414 = DIRECTION ( 'NONE',  ( 0.0000000000000000000, 0.0000000000000000000, -1.000000000000000000 ) ) ;
#1415 = SURFACE_STYLE_FILL_AREA ( #1533 ) ;
#1416 = VERTEX_POINT ( 'NONE', #1 ) ;
#1417 = ORIENTED_EDGE ( 'NONE', *, *, #2103, .T. ) ;
#1418 = SURFACE_SIDE_STYLE ('',( #1957 ) ) ;
#1419 = FILL_AREA_STYLE ('',( #698 ) ) ;
#1420 = SURFACE_SIDE_STYLE ('',( #1801 ) ) ;
#1421 = UNCERTAINTY_MEASURE_WITH_UNIT (LENGTH_MEASURE( 1.000000000000000082E-05 ), #1510, 'distance_accuracy_value', 'NONE');
#1422 = SURFACE_STYLE_FILL_AREA ( #7 ) ;
#1423 = SURFACE_STYLE_FILL_AREA ( #702 ) ;
#1424 = CARTESIAN_POINT ( 'NONE',  ( -0.2000000000000000111, 0.1000000000000000056, 0.002000000000000000042 ) ) ;
#1425 =( NAMED_UNIT ( * ) PLANE_ANGLE_UNIT ( ) SI_UNIT ( $, .RADIAN. ) );
#1426 =( LENGTH_UNIT ( ) NAMED_UNIT ( * ) SI_UNIT ( .MILLI., .METRE. ) );
#1427 = VERTEX_POINT ( 'NONE', #1318 ) ;
#1428 = DIRECTION ( 'NONE',  ( 1.000000000000000000, 0.0000000000000000000, 0.0000000000000000000 ) ) ;
#1429 = ADVANCED_FACE ( 'NONE', ( #402 ), #431, .F. ) ;
#1430 = EDGE_CURVE ( 'NONE', #1416, #2187, #1336, .T. ) ;
#1431 =( GEOMETRIC_REPRESENTATION_CONTEXT ( 3 ) GLOBAL_UNCERTAINTY_ASSIGNED_CONTEXT ( ( #751 ) ) GLOBAL_UNIT_ASSIGNED_CONTEXT ( ( #2054, #1007, #438 ) ) REPRESENTATION_CONTEXT ( 'NONE', 'WORKASPACE' ) );
#1432 = UNCERTAINTY_MEASURE_WITH_UNIT (LENGTH_MEASURE( 1.000000000000000082E-05 ), #545, 'distance_accuracy_value', 'NONE');
#1433 = UNCERTAINTY_MEASURE_WITH_UNIT (LENGTH_MEASURE( 1.000000000000000082E-05 ), #1277, 'distance_accuracy_value', 'NONE');
#1434 = SURFACE_STYLE_FILL_AREA ( #2237 ) ;
#1435 = LINE ( 'NONE', #2318, #1272 ) ;
#1436 = FACE_OUTER_BOUND ( 'NONE', #926, .T. ) ;
#1437 = DIRECTION ( 'NONE',  ( -0.0000000000000000000, -0.0000000000000000000, 1.000000000000000000 ) ) ;
#1438 = FILL_AREA_STYLE ('',( #2024 ) ) ;
#1439 = VERTEX_POINT ( 'NONE', #613 ) ;
#1440 = SHELL_BASED_SURFACE_MODEL ( 'NONE', ( #656 ) );
#1441 = PRESENTATION_LAYER_ASSIGNMENT (  '', '', ( #1736 ) ) ;
#1442 = ORIENTED_EDGE ( 'NONE', *, *, #5, .F. ) ;
#1443 = DIRECTION ( 'NONE',  ( 0.0000000000000000000, -1.000000000000000000, -0.0000000000000000000 ) ) ;
#1444 = FILL_AREA_STYLE_COLOUR ( '', #1050 ) ;
#1445 = ORIENTED_EDGE ( 'NONE', *, *, #1995, .F. ) ;
#1446 =( GEOMETRIC_REPRESENTATION_CONTEXT ( 3 ) GLOBAL_UNCERTAINTY_ASSIGNED_CONTEXT ( ( #1346 ) ) GLOBAL_UNIT_ASSIGNED_CONTEXT ( ( #1879, #780, #495 ) ) REPRESENTATION_CONTEXT ( 'NONE', 'WORKASPACE' ) );
#1447 = VECTOR ( 'NONE', #219, 1000.000000000000000 ) ;
#1448 = DIRECTION ( 'NONE',  ( 0.0000000000000000000, 1.000000000000000000, -0.0000000000000000000 ) ) ;
#1449 = CARTESIAN_POINT ( 'NONE',  ( -0.8000000000000000444, 0.0000000000000000000, 0.2000000000000000111 ) ) ;
#1450 = VECTOR ( 'NONE', #245, 1000.000000000000000 ) ;
#1451 = CARTESIAN_POINT ( 'NONE',  ( 0.5000000000000000000, 0.3499999999999999778, 0.2000000000000000111 ) ) ;
#1452 = FILL_AREA_STYLE ('',( #28 ) ) ;
#1453 = UNCERTAINTY_MEASURE_WITH_UNIT (LENGTH_MEASURE( 1.000000000000000082E-05 ), #1323, 'distance_accuracy_value', 'NONE');
#1454 = ORIENTED_EDGE ( 'NONE', *, *, #59, .T. ) ;
#1455 = LINE ( 'NONE', #909, #1548 ) ;
#1456 = CARTESIAN_POINT ( 'NONE',  ( 0.0000000000000000000, -0.4000000000000000222, 4.898587196589000156E-17 ) ) ;
#1457 = EDGE_LOOP ( 'NONE', ( #174, #120, #218, #1624 ) ) ;
#1458 = FILL_AREA_STYLE ('',( #932 ) ) ;
#1459 = EDGE_CURVE ( 'NONE', #2010, #356, #434, .T. ) ;
#1460 = SURFACE_SIDE_STYLE ('',( #904 ) ) ;
#1461 = DIRECTION ( 'NONE',  ( -1.000000000000000000, 4.323630019078185612E-19, -3.705968587780558768E-20 ) ) ;
#1462 =( NAMED_UNIT ( * ) PLANE_ANGLE_UNIT ( ) SI_UNIT ( $, .RADIAN. ) );
#1463 = ORIENTED_EDGE ( 'NONE', *, *, #1672, .F. ) ;
#1464 =( NAMED_UNIT ( * ) SI_UNIT ( $, .STERADIAN. ) SOLID_ANGLE_UNIT ( ) );
#1465 = DIRECTION ( 'NONE',  ( 0.0000000000000000000, 0.0000000000000000000, 1.000000000000000000 ) ) ;
#1466 = ADVANCED_FACE ( 'NONE', ( #804, #67 ), #2250, .F. ) ;
#1467 = VECTOR ( 'NONE', #1356, 1000.000000000000000 ) ;
#1468 = CIRCLE ( 'NONE', #183, 0.03999999999999999389 ) ;
#1469 = COLOUR_RGB ( '',0.0000000000000000000, 0.6666666666666666297, 0.0000000000000000000 ) ;
#1470 =( LENGTH_UNIT ( ) NAMED_UNIT ( * ) SI_UNIT ( .MILLI., .METRE. ) );
#1471 = EDGE_CURVE ( 'NONE', #552, #86, #622, .T. ) ;
#1472 = FACE_OUTER_BOUND ( 'NONE', #633, .T. ) ;
#1473 = LINE ( 'NONE', #734, #453 ) ;
#1474 = EDGE_CURVE ( 'NONE', #98, #1712, #1844, .T. ) ;
#1475 = LINE ( 'NONE', #155, #275 ) ;
#1476 = PRESENTATION_STYLE_ASSIGNMENT (( #414 ) ) ;
#1477 = FACE_OUTER_BOUND ( 'NONE', #1583, .T. ) ;
#1478 = AXIS2_PLACEMENT_3D ( 'NONE', #1280, #1129, #1608 ) ;
#1479 = SURFACE_SIDE_STYLE ('',( #1660 ) ) ;
#1480 = PRODUCT_DEFINITION_SHAPE ( 'NONE', 'NONE',  #1169 ) ;
#1481 = DIRECTION ( 'NONE',  ( 1.000000000000000000, 0.0000000000000000000, -0.0000000000000000000 ) ) ;
#1482 = SURFACE_STYLE_USAGE ( .BOTH. , #970 ) ;
#1483 = AXIS2_PLACEMENT_3D ( 'NONE', #1859, #634, #1165 ) ;
#1484 = PRODUCT_DEFINITION_FORMATION_WITH_SPECIFIED_SOURCE ( 'ANY', '', #2271, .NOT_KNOWN. ) ;
#1485 = FILL_AREA_STYLE_COLOUR ( '', #2088 ) ;
#1486 =( NAMED_UNIT ( * ) SI_UNIT ( $, .STERADIAN. ) SOLID_ANGLE_UNIT ( ) );
#1487 = CLOSED_SHELL ( 'NONE', ( #574, #1097, #766, #527, #635, #425, #1403, #881 ) ) ;
#1488 = PRESENTATION_STYLE_ASSIGNMENT (( #1033 ) ) ;
#1489 = FILL_AREA_STYLE_COLOUR ( '', #80 ) ;
#1490 = SURFACE_SIDE_STYLE ('',( #2035 ) ) ;
#1491 =( NAMED_UNIT ( * ) PLANE_ANGLE_UNIT ( ) SI_UNIT ( $, .RADIAN. ) );
#1492 = STYLED_ITEM ( 'NONE', ( #958 ), #637 ) ;
#1493 = FILL_AREA_STYLE ('',( #2031 ) ) ;
#1494 = EDGE_CURVE ( 'NONE', #1251, #1637, #974, .T. ) ;
#1495 = LINE ( 'NONE', #2229, #1931 ) ;
#1496 =( NAMED_UNIT ( * ) PLANE_ANGLE_UNIT ( ) SI_UNIT ( $, .RADIAN. ) );
#1497 = CARTESIAN_POINT ( 'NONE',  ( 0.0000000000000000000, 0.0000000000000000000, 0.0000000000000000000 ) ) ;
#1498 = LINE ( 'NONE', #1550, #1413 ) ;
#1499 = DIRECTION ( 'NONE',  ( -0.0000000000000000000, 1.000000000000000000, 0.0000000000000000000 ) ) ;
#1500 = UNCERTAINTY_MEASURE_WITH_UNIT (LENGTH_MEASURE( 1.000000000000000082E-05 ), #88, 'distance_accuracy_value', 'NONE');
#1501 = EDGE_CURVE ( 'NONE', #1546, #816, #2131, .T. ) ;
#1502 = CARTESIAN_POINT ( 'NONE',  ( 0.4516409507770000054, -0.3016409507769999832, 0.6000000000000000888 ) ) ;
#1503 = DIRECTION ( 'NONE',  ( 0.0000000000000000000, -1.000000000000000000, 1.224646799146999945E-16 ) ) ;
#1504 = DIRECTION ( 'NONE',  ( 0.0000000000000000000, -0.0000000000000000000, -1.000000000000000000 ) ) ;
#1505 =( GEOMETRIC_REPRESENTATION_CONTEXT ( 3 ) GLOBAL_UNCERTAINTY_ASSIGNED_CONTEXT ( ( #1453 ) ) GLOBAL_UNIT_ASSIGNED_CONTEXT ( ( #1323, #1491, #917 ) ) REPRESENTATION_CONTEXT ( 'NONE', 'WORKASPACE' ) );
#1506 = LINE ( 'NONE', #1863, #1001 ) ;
#1507 = DIRECTION ( 'NONE',  ( -1.000000000000000000, -0.0000000000000000000, 0.0000000000000000000 ) ) ;
#1508 = AXIS2_PLACEMENT_3D ( 'NONE', #1170, #795, #1343 ) ;
#1509 = SURFACE_STYLE_USAGE ( .BOTH. , #82 ) ;
#1510 =( LENGTH_UNIT ( ) NAMED_UNIT ( * ) SI_UNIT ( .MILLI., .METRE. ) );
#1511 = VECTOR ( 'NONE', #799, 1000.000000000000000 ) ;
#1512 = CARTESIAN_POINT ( 'NONE',  ( -0.5000000000000000000, 0.3350000000000000200, 0.4249999999999999889 ) ) ;
#1513 = SURFACE_STYLE_USAGE ( .BOTH. , #95 ) ;
#1514 = COLOUR_RGB ( '',0.7803921568627451011, 0.5686274509803921351, 0.1137254901960784298 ) ;
#1515 = ORIENTED_EDGE ( 'NONE', *, *, #380, .T. ) ;
#1516 = ORIENTED_EDGE ( 'NONE', *, *, #169, .F. ) ;
#1517 = LINE ( 'NONE', #1537, #2075 ) ;
#1518 = PRESENTATION_STYLE_ASSIGNMENT (( #1905 ) ) ;
#1519 = FILL_AREA_STYLE ('',( #1485 ) ) ;
#1520 = AXIS2_PLACEMENT_3D ( 'NONE', #618, #995, #1856 ) ;
#1521 = STYLED_ITEM ( 'NONE', ( #76 ), #3 ) ;
#1522 = PRESENTATION_LAYER_ASSIGNMENT (  '', '', ( #1836 ) ) ;
#1523 = CARTESIAN_POINT ( 'NONE',  ( -0.4000000000000000222, 0.4000000000000000222, 0.0000000000000000000 ) ) ;
#1524 = EDGE_LOOP ( 'NONE', ( #1955, #146, #730, #1042, #864, #2194, #1398 ) ) ;
#1525 =( LENGTH_UNIT ( ) NAMED_UNIT ( * ) SI_UNIT ( .MILLI., .METRE. ) );
#1526 = CARTESIAN_POINT ( 'NONE',  ( 0.2000000000000000111, 0.4000000000000000222, -4.898587196589000156E-17 ) ) ;
#1527 =( GEOMETRIC_REPRESENTATION_CONTEXT ( 3 ) GLOBAL_UNCERTAINTY_ASSIGNED_CONTEXT ( ( #55 ) ) GLOBAL_UNIT_ASSIGNED_CONTEXT ( ( #1261, #1274, #1612 ) ) REPRESENTATION_CONTEXT ( 'NONE', 'WORKASPACE' ) );
#1528 = DIRECTION ( 'NONE',  ( 0.0000000000000000000, 0.0000000000000000000, -1.000000000000000000 ) ) ;
#1529 = FILL_AREA_STYLE_COLOUR ( '', #1029 ) ;
#1530 = ADVANCED_FACE ( 'NONE', ( #1661 ), #452, .T. ) ;
#1531 = PRESENTATION_STYLE_ASSIGNMENT (( #1509 ) ) ;
#1532 = PRODUCT_CONTEXT ( 'NONE', #1209, 'mechanical' ) ;
#1533 = FILL_AREA_STYLE ('',( #815 ) ) ;
#1534 = ORIENTED_EDGE ( 'NONE', *, *, #316, .F. ) ;
#1535 = ORIENTED_EDGE ( 'NONE', *, *, #871, .F. ) ;
#1536 = DIRECTION ( 'NONE',  ( 0.0000000000000000000, 0.0000000000000000000, 1.000000000000000000 ) ) ;
#1537 = CARTESIAN_POINT ( 'NONE',  ( 0.4000000000000000222, 0.4000000000000000222, 0.0000000000000000000 ) ) ;
#1538 = EDGE_CURVE ( 'NONE', #1590, #1946, #1189, .T. ) ;
#1539 = CARTESIAN_POINT ( 'NONE',  ( 0.0000000000000000000, -0.4000000000000000222, 0.002000000000000000042 ) ) ;
#1540 = CARTESIAN_POINT ( 'NONE',  ( -0.8000000000000000444, -0.2000000000000000111, 0.0000000000000000000 ) ) ;
#1541 = PRESENTATION_LAYER_ASSIGNMENT (  '', '', ( #2160 ) ) ;
#1542 = PRESENTATION_LAYER_ASSIGNMENT (  '', '', ( #415 ) ) ;
#1543 = PLANE ( 'NONE',  #1596 ) ;
#1544 = FILL_AREA_STYLE ('',( #822 ) ) ;
#1545 = ORIENTED_EDGE ( 'NONE', *, *, #1430, .T. ) ;
#1546 = VERTEX_POINT ( 'NONE', #663 ) ;
#1547 = DIRECTION ( 'NONE',  ( -1.000000000000000000, -0.0000000000000000000, 0.0000000000000000000 ) ) ;
#1548 = VECTOR ( 'NONE', #2166, 1000.000000000000114 ) ;
#1549 = DIRECTION ( 'NONE',  ( 0.0000000000000000000, 0.0000000000000000000, 1.000000000000000000 ) ) ;
#1550 = CARTESIAN_POINT ( 'NONE',  ( 0.8000000000000000444, -0.4000000000000000222, 0.2000000000000000111 ) ) ;
#1551 = PRODUCT_CONTEXT ( 'NONE', #724, 'mechanical' ) ;
#1552 = CARTESIAN_POINT ( 'NONE',  ( -0.4516409507770000054, 0.3016409507769999832, 0.6000000000000000888 ) ) ;
#1553 = ORIENTED_EDGE ( 'NONE', *, *, #1672, .T. ) ;
#1554 =( NAMED_UNIT ( * ) SI_UNIT ( $, .STERADIAN. ) SOLID_ANGLE_UNIT ( ) );
#1555 = EDGE_LOOP ( 'NONE', ( #915, #16, #1772, #1996 ) ) ;
#1556 = ORIENTED_EDGE ( 'NONE', *, *, #1196, .T. ) ;
#1557 = AXIS2_PLACEMENT_3D ( 'NONE', #1378, #1319, #281 ) ;
#1558 =( NAMED_UNIT ( * ) SI_UNIT ( $, .STERADIAN. ) SOLID_ANGLE_UNIT ( ) );
#1559 = LINE ( 'NONE', #2274, #1070 ) ;
#1560 = CARTESIAN_POINT ( 'NONE',  ( 0.8000000000000000444, 0.2000000000000000111, 0.0000000000000000000 ) ) ;
#1561 = PRESENTATION_LAYER_ASSIGNMENT (  '', '', ( #1915 ) ) ;
#1562 = CARTESIAN_POINT ( 'NONE',  ( -0.5000000000000000000, -0.3499999999999999778, 0.2000000000000000111 ) ) ;
#1563 = CYLINDRICAL_SURFACE ( 'NONE', #1557, 0.03999999999999999389 ) ;
#1564 = CARTESIAN_POINT ( 'NONE',  ( 0.4000000000000000222, -0.4000000000000000222, 0.0000000000000000000 ) ) ;
#1565 = ORIENTED_EDGE ( 'NONE', *, *, #340, .T. ) ;
#1566 = ADVANCED_FACE ( 'NONE', ( #1382 ), #996, .T. ) ;
#1567 =( NAMED_UNIT ( * ) SI_UNIT ( $, .STERADIAN. ) SOLID_ANGLE_UNIT ( ) );
#1568 =( LENGTH_UNIT ( ) NAMED_UNIT ( * ) SI_UNIT ( .MILLI., .METRE. ) );
#1569 = ORIENTED_EDGE ( 'NONE', *, *, #1711, .T. ) ;
#1570 = ORIENTED_EDGE ( 'NONE', *, *, #5, .T. ) ;
#1571 = DIRECTION ( 'NONE',  ( -1.000000000000000000, 0.0000000000000000000, 0.0000000000000000000 ) ) ;
#1572 = FILL_AREA_STYLE ('',( #861 ) ) ;
#1573 = EDGE_CURVE ( 'NONE', #2154, #894, #1011, .T. ) ;
#1574 = CARTESIAN_POINT ( 'NONE',  ( 0.4625772966728456947, 0.3125772966728457836, 0.5999999999999999778 ) ) ;
#1575 = CARTESIAN_POINT ( 'NONE',  ( -0.4999999999999987232, -0.3499999999999993117, 0.2499999999999997780 ) ) ;
#1576 = DIRECTION ( 'NONE',  ( 1.000000000000000000, 0.0000000000000000000, 0.0000000000000000000 ) ) ;
#1577 = CONTEXT_DEPENDENT_SHAPE_REPRESENTATION ( #2294, #229 ) ;
#1578 = ORIENTED_EDGE ( 'NONE', *, *, #2254, .F. ) ;
#1579 =( GEOMETRIC_REPRESENTATION_CONTEXT ( 3 ) GLOBAL_UNCERTAINTY_ASSIGNED_CONTEXT ( ( #369 ) ) GLOBAL_UNIT_ASSIGNED_CONTEXT ( ( #905, #1999, #2171 ) ) REPRESENTATION_CONTEXT ( 'NONE', 'WORKASPACE' ) );
#1580 =( GEOMETRIC_REPRESENTATION_CONTEXT ( 3 ) GLOBAL_UNCERTAINTY_ASSIGNED_CONTEXT ( ( #1645 ) ) GLOBAL_UNIT_ASSIGNED_CONTEXT ( ( #2156, #2130, #1096 ) ) REPRESENTATION_CONTEXT ( 'NONE', 'WORKASPACE' ) );
#1581 = ORIENTED_EDGE ( 'NONE', *, *, #123, .F. ) ;
#1582 = MECHANICAL_DESIGN_GEOMETRIC_PRESENTATION_REPRESENTATION (  '', ( #714 ), #916 ) ;
#1583 = EDGE_LOOP ( 'NONE', ( #536, #254, #1756, #15 ) ) ;
#1584 = CARTESIAN_POINT ( 'NONE',  ( -0.2000000000000000111, -0.1000000000000000056, 1.224646799146999976E-17 ) ) ;
#1585 = AXIS2_PLACEMENT_3D ( 'NONE', #2333, #1075, #153 ) ;
#1586 = APPLICATION_PROTOCOL_DEFINITION ( 'draft international standard', 'automotive_design', 1998, #1388 ) ;
#1587 = CARTESIAN_POINT ( 'NONE',  ( -0.4516409507770000054, -0.3200000000000000067, 0.6000000000000000888 ) ) ;
#1588 =( GEOMETRIC_REPRESENTATION_CONTEXT ( 3 ) GLOBAL_UNCERTAINTY_ASSIGNED_CONTEXT ( ( #1623 ) ) GLOBAL_UNIT_ASSIGNED_CONTEXT ( ( #291, #2129, #1558 ) ) REPRESENTATION_CONTEXT ( 'NONE', 'WORKASPACE' ) );
#1589 = DIRECTION ( 'NONE',  ( -0.08509140416868289647, -0.08509140416959970477, -0.9927330486455296921 ) ) ;
#1590 = VERTEX_POINT ( 'NONE', #94 ) ;
#1591 = EDGE_LOOP ( 'NONE', ( #1394, #85, #468, #476 ) ) ;
#1592 = CARTESIAN_POINT ( 'NONE',  ( -0.5000000000000000000, -0.3499999999999999778, 0.2000000000000000111 ) ) ;
#1593 =( NAMED_UNIT ( * ) PLANE_ANGLE_UNIT ( ) SI_UNIT ( $, .RADIAN. ) );
#1594 = COLOUR_RGB ( '',0.7803921568627451011, 0.5686274509803921351, 0.1137254901960784298 ) ;
#1595 = MECHANICAL_DESIGN_GEOMETRIC_PRESENTATION_REPRESENTATION (  '', ( #350 ), #590 ) ;
#1596 = AXIS2_PLACEMENT_3D ( 'NONE', #105, #837, #1755 ) ;
#1597 = SURFACE_STYLE_FILL_AREA ( #638 ) ;
#1598 =( LENGTH_UNIT ( ) NAMED_UNIT ( * ) SI_UNIT ( .MILLI., .METRE. ) );
#1599 = DIRECTION ( 'NONE',  ( 0.0000000000000000000, 0.0000000000000000000, -1.000000000000000000 ) ) ;
#1600 = APPLICATION_PROTOCOL_DEFINITION ( 'draft international standard', 'automotive_design', 1998, #216 ) ;
#1601 = PLANE ( 'NONE',  #2218 ) ;
#1602 = SURFACE_STYLE_FILL_AREA ( #1628 ) ;
#1603 = COLOUR_RGB ( '',0.7803921568627451011, 0.5686274509803921351, 0.1137254901960784298 ) ;
#1604 = ADVANCED_FACE ( 'NONE', ( #814 ), #1871, .T. ) ;
#1605 = PRESENTATION_STYLE_ASSIGNMENT (( #1641 ) ) ;
#1606 = ORIENTED_EDGE ( 'NONE', *, *, #1743, .F. ) ;
#1607 = ORIENTED_EDGE ( 'NONE', *, *, #2055, .F. ) ;
#1608 = DIRECTION ( 'NONE',  ( 0.0000000000000000000, -0.08540114134641878241, -0.9963466490417524080 ) ) ;
#1609 = SHAPE_REPRESENTATION ( 'Pad', ( #372 ), #135 ) ;
#1610 = FILL_AREA_STYLE_COLOUR ( '', #294 ) ;
#1611 = UNCERTAINTY_MEASURE_WITH_UNIT (LENGTH_MEASURE( 1.000000000000000082E-05 ), #302, 'distance_accuracy_value', 'NONE');
#1612 =( NAMED_UNIT ( * ) SI_UNIT ( $, .STERADIAN. ) SOLID_ANGLE_UNIT ( ) );
#1613 = PLANE ( 'NONE',  #1585 ) ;
#1614 = CARTESIAN_POINT ( 'NONE',  ( 0.5000000000000000000, -0.3215678837576906868, 0.5817080228269734254 ) ) ;
#1615 = COLOUR_RGB ( '',0.7921568627450980005, 0.8196078431372548767, 0.9333333333333333481 ) ;
#1616 = ORIENTED_EDGE ( 'NONE', *, *, #810, .F. ) ;
#1617 = DIRECTION ( 'NONE',  ( 0.0000000000000000000, -0.0000000000000000000, 1.000000000000000000 ) ) ;
#1618 = MECHANICAL_DESIGN_GEOMETRIC_PRESENTATION_REPRESENTATION (  '', ( #712 ), #569 ) ;
#1619 = FILL_AREA_STYLE ('',( #882 ) ) ;
#1620 = CIRCLE ( 'NONE', #947, 0.1999999999999999833 ) ;
#1621 = DIRECTION ( 'NONE',  ( 0.0000000000000000000, 0.0000000000000000000, 1.000000000000000000 ) ) ;
#1622 = PRESENTATION_LAYER_ASSIGNMENT (  '', '', ( #714 ) ) ;
#1623 = UNCERTAINTY_MEASURE_WITH_UNIT (LENGTH_MEASURE( 1.000000000000000082E-05 ), #291, 'distance_accuracy_value', 'NONE');
#1624 = ORIENTED_EDGE ( 'NONE', *, *, #1401, .T. ) ;
#1625 = DIRECTION ( 'NONE',  ( 0.08509140416959970477, -0.08509140416868289647, -0.9927330486455296921 ) ) ;
#1626 = DIRECTION ( 'NONE',  ( -1.000000000000000000, -0.0000000000000000000, -0.0000000000000000000 ) ) ;
#1627 = CARTESIAN_POINT ( 'NONE',  ( -0.4000000000000000222, -0.4000000000000000222, 0.0000000000000000000 ) ) ;
#1628 = FILL_AREA_STYLE ('',( #388 ) ) ;
#1629 = DIRECTION ( 'NONE',  ( 0.0000000000000000000, 1.000000000000000000, -0.0000000000000000000 ) ) ;
#1630 = MECHANICAL_DESIGN_GEOMETRIC_PRESENTATION_REPRESENTATION (  '', ( #2287 ), #503 ) ;
#1631 = ORIENTED_EDGE ( 'NONE', *, *, #462, .F. ) ;
#1632 = FILL_AREA_STYLE_COLOUR ( '', #186 ) ;
#1633 = DIRECTION ( 'NONE',  ( 1.000000000000000000, 0.0000000000000000000, -0.0000000000000000000 ) ) ;
#1634 = VECTOR ( 'NONE', #980, 1000.000000000000000 ) ;
#1635 = ADVANCED_FACE ( 'NONE', ( #1880 ), #251, .T. ) ;
#1636 =( BOUNDED_CURVE ( )  B_SPLINE_CURVE ( 3, ( #93, #2309, #821, #1552 ),
 .UNSPECIFIED., .F., .T. ) 
 B_SPLINE_CURVE_WITH_KNOTS ( ( 4, 4 ),
 ( 3.227097947270509248, 4.712388980384689674 ),
 .UNSPECIFIED. ) 
 CURVE ( )  GEOMETRIC_REPRESENTATION_ITEM ( )  RATIONAL_B_SPLINE_CURVE ( ( 1.000000000000000000, 0.8244547578640670782, 0.8244547578640670782, 1.000000000000000000 ) ) 
 REPRESENTATION_ITEM ( '' )  );
#1637 = VERTEX_POINT ( 'NONE', #409 ) ;
#1638 = SURFACE_SIDE_STYLE ('',( #303 ) ) ;
#1639 = FILL_AREA_STYLE_COLOUR ( '', #1514 ) ;
#1640 = DIRECTION ( 'NONE',  ( -1.000000000000000000, 0.0000000000000000000, 0.0000000000000000000 ) ) ;
#1641 = SURFACE_STYLE_USAGE ( .BOTH. , #1114 ) ;
#1642 = SURFACE_SIDE_STYLE ('',( #2220 ) ) ;
#1643 = MECHANICAL_DESIGN_GEOMETRIC_PRESENTATION_REPRESENTATION (  '', ( #2078 ), #626 ) ;
#1644 = ADVANCED_FACE ( 'NONE', ( #1703 ), #1893, .T. ) ;
#1645 = UNCERTAINTY_MEASURE_WITH_UNIT (LENGTH_MEASURE( 1.000000000000000082E-05 ), #2156, 'distance_accuracy_value', 'NONE');
#1646 = SURFACE_SIDE_STYLE ('',( #939 ) ) ;
#1647 = PRODUCT_RELATED_PRODUCT_CATEGORY ( 'part', '', ( #2092 ) ) ;
#1648 = EDGE_CURVE ( 'NONE', #2335, #2165, #2043, .T. ) ;
#1649 = CARTESIAN_POINT ( 'NONE',  ( -0.8000000000000000444, -0.4000000000000000222, 0.0000000000000000000 ) ) ;
#1650 = SURFACE_STYLE_USAGE ( .BOTH. , #1831 ) ;
#1651 = MECHANICAL_DESIGN_GEOMETRIC_PRESENTATION_REPRESENTATION (  '', ( #2160 ), #1815 ) ;
#1652 =( GEOMETRIC_REPRESENTATION_CONTEXT ( 3 ) GLOBAL_UNCERTAINTY_ASSIGNED_CONTEXT ( ( #561 ) ) GLOBAL_UNIT_ASSIGNED_CONTEXT ( ( #1751, #322, #2317 ) ) REPRESENTATION_CONTEXT ( 'NONE', 'WORKASPACE' ) );
#1653 = AXIS2_PLACEMENT_3D ( 'NONE', #2270, #644, #1360 ) ;
#1654 =( NAMED_UNIT ( * ) PLANE_ANGLE_UNIT ( ) SI_UNIT ( $, .RADIAN. ) );
#1655 = PRESENTATION_STYLE_ASSIGNMENT (( #1142 ) ) ;
#1656 = LINE ( 'NONE', #691, #499 ) ;
#1657 = CARTESIAN_POINT ( 'NONE',  ( 0.0000000000000000000, -0.4000000000000000222, 4.898587196586999654E-17 ) ) ;
#1658 = SHAPE_REPRESENTATION_RELATIONSHIP ( 'NONE' , 'NONE' ,  #2260, #1197 ) ;
#1659 =( GEOMETRIC_REPRESENTATION_CONTEXT ( 3 ) GLOBAL_UNCERTAINTY_ASSIGNED_CONTEXT ( ( #1819 ) ) GLOBAL_UNIT_ASSIGNED_CONTEXT ( ( #1773, #147, #1043 ) ) REPRESENTATION_CONTEXT ( 'NONE', 'WORKASPACE' ) );
#1660 = SURFACE_STYLE_FILL_AREA ( #954 ) ;
#1661 = FACE_OUTER_BOUND ( 'NONE', #2363, .T. ) ;
#1662 = VECTOR ( 'NONE', #437, 1000.000000000000000 ) ;
#1663 =( LENGTH_UNIT ( ) NAMED_UNIT ( * ) SI_UNIT ( .MILLI., .METRE. ) );
#1664 = APPLICATION_CONTEXT ( 'automotive_design' ) ;
#1665 = PRESENTATION_LAYER_ASSIGNMENT (  '', '', ( #117 ) ) ;
#1666 = CARTESIAN_POINT ( 'NONE',  ( 0.0000000000000000000, -0.1000000000000000056, 0.002000000000000000042 ) ) ;
#1667 =( GEOMETRIC_REPRESENTATION_CONTEXT ( 3 ) GLOBAL_UNCERTAINTY_ASSIGNED_CONTEXT ( ( #529 ) ) GLOBAL_UNIT_ASSIGNED_CONTEXT ( ( #605, #451, #2243 ) ) REPRESENTATION_CONTEXT ( 'NONE', 'WORKASPACE' ) );
#1668 = DIRECTION ( 'NONE',  ( 1.000000000000000000, 0.0000000000000000000, 0.0000000000000000000 ) ) ;
#1669 = SURFACE_STYLE_USAGE ( .BOTH. , #249 ) ;
#1670 = VECTOR ( 'NONE', #2014, 1000.000000000000000 ) ;
#1671 = EDGE_CURVE ( 'NONE', #313, #1384, #2241, .T. ) ;
#1672 = EDGE_CURVE ( 'NONE', #2302, #1094, #960, .T. ) ;
#1673 = LINE ( 'NONE', #52, #1160 ) ;
#1674 =( NAMED_UNIT ( * ) PLANE_ANGLE_UNIT ( ) SI_UNIT ( $, .RADIAN. ) );
#1675 = CARTESIAN_POINT ( 'NONE',  ( 0.4516409507770000054, 0.3016409507769999832, 0.6000000000000000888 ) ) ;
#1676 =( LENGTH_UNIT ( ) NAMED_UNIT ( * ) SI_UNIT ( .MILLI., .METRE. ) );
#1677 = DIRECTION ( 'NONE',  ( 1.000000000000000000, 0.0000000000000000000, 0.0000000000000000000 ) ) ;
#1678 =( NAMED_UNIT ( * ) PLANE_ANGLE_UNIT ( ) SI_UNIT ( $, .RADIAN. ) );
#1679 = FILL_AREA_STYLE_COLOUR ( '', #1594 ) ;
#1680 = DIRECTION ( 'NONE',  ( 1.000000000000000000, 0.0000000000000000000, -0.0000000000000000000 ) ) ;
#1681 = CARTESIAN_POINT ( 'NONE',  ( -0.4000000000000000222, 0.4000000000000000222, 0.2000000000000000111 ) ) ;
#1682 = FILL_AREA_STYLE_COLOUR ( '', #1408 ) ;
#1683 = SURFACE_STYLE_FILL_AREA ( #1693 ) ;
#1684 = DIRECTION ( 'NONE',  ( 1.000000000000000000, 0.0000000000000000000, 0.0000000000000000000 ) ) ;
#1685 = CARTESIAN_POINT ( 'NONE',  ( 0.0000000000000000000, 0.4000000000000000222, -4.898587196589000156E-17 ) ) ;
#1686 = UNCERTAINTY_MEASURE_WITH_UNIT (LENGTH_MEASURE( 1.000000000000000082E-05 ), #2040, 'distance_accuracy_value', 'NONE');
#1687 = LINE ( 'NONE', #66, #2185 ) ;
#1688 = CARTESIAN_POINT ( 'NONE',  ( -1.734723475977000073E-18, 0.1000000000000000056, -1.224646799146999976E-17 ) ) ;
#1689 = COLOUR_RGB ( '',0.7921568627450980005, 0.8196078431372548767, 0.9333333333333333481 ) ;
#1690 = VECTOR ( 'NONE', #485, 1000.000000000000000 ) ;
#1691 = VECTOR ( 'NONE', #1350, 1000.000000000000000 ) ;
#1692 = PRESENTATION_STYLE_ASSIGNMENT (( #450 ) ) ;
#1693 = FILL_AREA_STYLE ('',( #2082 ) ) ;
#1694 =( GEOMETRIC_REPRESENTATION_CONTEXT ( 3 ) GLOBAL_UNCERTAINTY_ASSIGNED_CONTEXT ( ( #1970 ) ) GLOBAL_UNIT_ASSIGNED_CONTEXT ( ( #467, #1190, #824 ) ) REPRESENTATION_CONTEXT ( 'NONE', 'WORKASPACE' ) );
#1695 = LINE ( 'NONE', #1685, #103 ) ;
#1696 = PRESENTATION_LAYER_ASSIGNMENT (  '', '', ( #683 ) ) ;
#1697 = ORIENTED_EDGE ( 'NONE', *, *, #1105, .F. ) ;
#1698 = ORIENTED_EDGE ( 'NONE', *, *, #1573, .F. ) ;
#1699 = FILL_AREA_STYLE_COLOUR ( '', #1865 ) ;
#1700 = LINE ( 'NONE', #2114, #68 ) ;
#1701 = EDGE_CURVE ( 'NONE', #1712, #1175, #2067, .T. ) ;
#1702 = CARTESIAN_POINT ( 'NONE',  ( -1.734723475977000073E-18, 0.4000000000000000222, -4.898587196589000156E-17 ) ) ;
#1703 = FACE_OUTER_BOUND ( 'NONE', #1591, .T. ) ;
#1704 = LINE ( 'NONE', #1855, #226 ) ;
#1705 = VECTOR ( 'NONE', #87, 1000.000000000000000 ) ;
#1706 = SURFACE_STYLE_USAGE ( .BOTH. , #787 ) ;
#1707 = STYLED_ITEM ( 'NONE', ( #1392 ), #134 ) ;
#1708 =( NAMED_UNIT ( * ) PLANE_ANGLE_UNIT ( ) SI_UNIT ( $, .RADIAN. ) );
#1709 = EDGE_CURVE ( 'NONE', #276, #2335, #1495, .T. ) ;
#1710 = ORIENTED_EDGE ( 'NONE', *, *, #1648, .T. ) ;
#1711 = EDGE_CURVE ( 'NONE', #1138, #86, #1866, .T. ) ;
#1712 = VERTEX_POINT ( 'NONE', #1681 ) ;
#1713 = PRESENTATION_STYLE_ASSIGNMENT (( #1176 ) ) ;
#1714 = VECTOR ( 'NONE', #1078, 1000.000000000000000 ) ;
#1715 =( LENGTH_UNIT ( ) NAMED_UNIT ( * ) SI_UNIT ( .MILLI., .METRE. ) );
#1716 = LINE ( 'NONE', #835, #1239 ) ;
#1717 = CARTESIAN_POINT ( 'NONE',  ( 0.0000000000000000000, 0.0000000000000000000, 0.0000000000000000000 ) ) ;
#1718 = CARTESIAN_POINT ( 'NONE',  ( 0.4849999999999999867, 0.3499999999999999778, 0.4249999999999999889 ) ) ;
#1719 = SURFACE_STYLE_FILL_AREA ( #652 ) ;
#1720 = ORIENTED_EDGE ( 'NONE', *, *, #1881, .T. ) ;
#1721 = EDGE_LOOP ( 'NONE', ( #1516, #2004, #1811, #327 ) ) ;
#1722 = DIRECTION ( 'NONE',  ( 0.0000000000000000000, -1.000000000000000000, -0.0000000000000000000 ) ) ;
#1723 = PLANE ( 'NONE',  #1769 ) ;
#1724 = DIRECTION ( 'NONE',  ( 0.0000000000000000000, 1.224646799146999945E-16, 1.000000000000000000 ) ) ;
#1725 = STYLED_ITEM ( 'NONE', ( #1149 ), #1897 ) ;
#1726 = DIRECTION ( 'NONE',  ( -0.0000000000000000000, -0.0000000000000000000, -1.000000000000000000 ) ) ;
#1727 = STYLED_ITEM ( 'NONE', ( #2146 ), #2068 ) ;
#1728 = CYLINDRICAL_SURFACE ( 'NONE', #164, 0.1999999999999999833 ) ;
#1729 = VERTEX_POINT ( 'NONE', #993 ) ;
#1730 = SURFACE_SIDE_STYLE ('',( #107 ) ) ;
#1731 = ORIENTED_EDGE ( 'NONE', *, *, #208, .F. ) ;
#1732 = VERTEX_POINT ( 'NONE', #60 ) ;
#1733 = CARTESIAN_POINT ( 'NONE',  ( 0.4699999999999999734, -0.3016409507769999832, 0.5799999999999999600 ) ) ;
#1734 = CARTESIAN_POINT ( 'NONE',  ( -0.6999999999999999556, -0.2999999999999999889, 0.2000000000000000111 ) ) ;
#1735 = ADVANCED_FACE ( 'NONE', ( #811 ), #785, .F. ) ;
#1736 = STYLED_ITEM ( 'NONE', ( #1373 ), #1308 ) ;
#1737 = CARTESIAN_POINT ( 'NONE',  ( 0.8000000000000000444, 0.0000000000000000000, 0.2000000000000000111 ) ) ;
#1738 = CARTESIAN_POINT ( 'NONE',  ( 0.8000000000000000444, 0.4000000000000000222, 0.0000000000000000000 ) ) ;
#1739 = SURFACE_STYLE_USAGE ( .BOTH. , #1034 ) ;
#1740 = MECHANICAL_DESIGN_GEOMETRIC_PRESENTATION_REPRESENTATION (  '', ( #430 ), #2051 ) ;
#1741 = CARTESIAN_POINT ( 'NONE',  ( 0.8000000000000000444, 0.2000000000000000111, 0.2000000000000000111 ) ) ;
#1742 = EDGE_LOOP ( 'NONE', ( #1445, #277, #1306, #1079, #185, #1947, #1463, #1229 ) ) ;
#1743 = EDGE_CURVE ( 'NONE', #1175, #276, #505, .T. ) ;
#1744 = DIRECTION ( 'NONE',  ( 0.0000000000000000000, -1.000000000000000000, 1.224646799146999945E-16 ) ) ;
#1745 = EDGE_LOOP ( 'NONE', ( #789, #366, #338, #469 ) ) ;
#1746 = AXIS2_PLACEMENT_3D ( 'NONE', #981, #797, #1010 ) ;
#1747 = ORIENTED_EDGE ( 'NONE', *, *, #392, .T. ) ;
#1748 = PRESENTATION_LAYER_ASSIGNMENT (  '', '', ( #395 ) ) ;
#1749 = CARTESIAN_POINT ( 'NONE',  ( 0.4000000000000000222, 0.4000000000000000222, 0.0000000000000000000 ) ) ;
#1750 = VECTOR ( 'NONE', #1536, 1000.000000000000000 ) ;
#1751 =( LENGTH_UNIT ( ) NAMED_UNIT ( * ) SI_UNIT ( .MILLI., .METRE. ) );
#1752 = PRESENTATION_STYLE_ASSIGNMENT (( #1286 ) ) ;
#1753 = DIRECTION ( 'NONE',  ( 0.0000000000000000000, -1.000000000000000000, 0.0000000000000000000 ) ) ;
#1754 = SHAPE_DEFINITION_REPRESENTATION ( #1320, #559 ) ;
#1755 = DIRECTION ( 'NONE',  ( 0.0000000000000000000, -0.0000000000000000000, 1.000000000000000000 ) ) ;
#1756 = ORIENTED_EDGE ( 'NONE', *, *, #488, .F. ) ;
#1757 = SHAPE_REPRESENTATION_RELATIONSHIP ( 'NONE' , 'NONE' ,  #559, #2311 ) ;
#1758 = ORIENTED_EDGE ( 'NONE', *, *, #133, .F. ) ;
#1759 = EDGE_LOOP ( 'NONE', ( #384, #6, #514, #1534, #1093, #1920 ) ) ;
#1760 = SURFACE_SIDE_STYLE ('',( #1921 ) ) ;
#1761 =( LENGTH_UNIT ( ) NAMED_UNIT ( * ) SI_UNIT ( .MILLI., .METRE. ) );
#1762 = CARTESIAN_POINT ( 'NONE',  ( -0.8000000000000000444, 0.0000000000000000000, 0.2000000000000000111 ) ) ;
#1763 =( NAMED_UNIT ( * ) PLANE_ANGLE_UNIT ( ) SI_UNIT ( $, .RADIAN. ) );
#1764 = APPLICATION_PROTOCOL_DEFINITION ( 'draft international standard', 'automotive_design', 1998, #606 ) ;
#1765 = CARTESIAN_POINT ( 'NONE',  ( -0.8000000000000000444, 0.4000000000000000222, 0.0000000000000000000 ) ) ;
#1766 = CARTESIAN_POINT ( 'NONE',  ( -0.4715678837580004612, -0.3215678837576906868, 0.5817080228269734254 ) ) ;
#1767 = COLOUR_RGB ( '',0.7803921568627451011, 0.5686274509803921351, 0.1137254901960784298 ) ;
#1768 = PRESENTATION_STYLE_ASSIGNMENT (( #144 ) ) ;
#1769 = AXIS2_PLACEMENT_3D ( 'NONE', #1526, #461, #2102 ) ;
#1770 = PRESENTATION_LAYER_ASSIGNMENT (  '', '', ( #983 ) ) ;
#1771 = ORIENTED_EDGE ( 'NONE', *, *, #1501, .F. ) ;
#1772 = ORIENTED_EDGE ( 'NONE', *, *, #1069, .F. ) ;
#1773 =( LENGTH_UNIT ( ) NAMED_UNIT ( * ) SI_UNIT ( .MILLI., .METRE. ) );
#1774 = CARTESIAN_POINT ( 'NONE',  ( -0.4000000000000000222, -0.4000000000000000222, 0.0000000000000000000 ) ) ;
#1775 = FACE_OUTER_BOUND ( 'NONE', #1900, .T. ) ;
#1776 = UNCERTAINTY_MEASURE_WITH_UNIT (LENGTH_MEASURE( 1.000000000000000082E-05 ), #172, 'distance_accuracy_value', 'NONE');
#1777 = EDGE_CURVE ( 'NONE', #675, #2212, #1257, .T. ) ;
#1778 = SURFACE_SIDE_STYLE ('',( #1377 ) ) ;
#1779 = FACE_OUTER_BOUND ( 'NONE', #1759, .T. ) ;
#1780 = PLANE ( 'NONE',  #1052 ) ;
#1781 = CONTEXT_DEPENDENT_SHAPE_REPRESENTATION ( #1133, #2291 ) ;
#1782 = VECTOR ( 'NONE', #1722, 1000.000000000000000 ) ;
#1783 = AXIS2_PLACEMENT_3D ( 'NONE', #2242, #951, #428 ) ;
#1784 = LINE ( 'NONE', #362, #699 ) ;
#1785 = VECTOR ( 'NONE', #710, 1000.000000000000000 ) ;
#1786 = ORIENTED_EDGE ( 'NONE', *, *, #1471, .F. ) ;
#1787 = VERTEX_POINT ( 'NONE', #1236 ) ;
#1788 = CARTESIAN_POINT ( 'NONE',  ( 0.4000000000000000222, 0.4000000000000000222, 0.0000000000000000000 ) ) ;
#1789 = CARTESIAN_POINT ( 'NONE',  ( 0.4000000000000000222, 0.4000000000000000222, 0.0000000000000000000 ) ) ;
#1790 = CIRCLE ( 'NONE', #768, 0.1999999999999999833 ) ;
#1791 = COLOUR_RGB ( '',0.0000000000000000000, 0.6666666666666666297, 0.0000000000000000000 ) ;
#1792 = UNCERTAINTY_MEASURE_WITH_UNIT (LENGTH_MEASURE( 1.000000000000000082E-05 ), #1826, 'distance_accuracy_value', 'NONE');
#1793 = CARTESIAN_POINT ( 'NONE',  ( 0.8000000000000000444, 0.4000000000000000222, 0.2000000000000000111 ) ) ;
#1794 = CARTESIAN_POINT ( 'NONE',  ( -1.734723475977000073E-18, 0.1000000000000000056, 0.002000000000000000042 ) ) ;
#1795 = CARTESIAN_POINT ( 'NONE',  ( 0.8000000000000000444, -0.2000000000000000111, 0.2000000000000000111 ) ) ;
#1796 = CARTESIAN_POINT ( 'NONE',  ( -0.5000000000000000000, -0.3499999999999999778, 0.2500000000000000000 ) ) ;
#1797 = ORIENTED_EDGE ( 'NONE', *, *, #1501, .T. ) ;
#1798 = CARTESIAN_POINT ( 'NONE',  ( -0.5000000000000000000, 0.3499999999999999778, 0.2000000000000000111 ) ) ;
#1799 = FACE_OUTER_BOUND ( 'NONE', #684, .T. ) ;
#1800 = LINE ( 'NONE', #911, #1785 ) ;
#1801 = SURFACE_STYLE_FILL_AREA ( #1981 ) ;
#1802 = MECHANICAL_DESIGN_GEOMETRIC_PRESENTATION_REPRESENTATION (  '', ( #1492 ), #1383 ) ;
#1803 = ORIENTED_EDGE ( 'NONE', *, *, #948, .F. ) ;
#1804 = DIRECTION ( 'NONE',  ( 0.0000000000000000000, -1.000000000000000000, 1.224646799146999945E-16 ) ) ;
#1805 = CARTESIAN_POINT ( 'NONE',  ( 0.4000000000000000222, -0.4000000000000000222, 0.0000000000000000000 ) ) ;
#1806 = LINE ( 'NONE', #1795, #1091 ) ;
#1807 = DIRECTION ( 'NONE',  ( 0.0000000000000000000, -1.000000000000000000, 0.0000000000000000000 ) ) ;
#1808 = PRESENTATION_STYLE_ASSIGNMENT (( #379 ) ) ;
#1809 =( GEOMETRIC_REPRESENTATION_CONTEXT ( 3 ) GLOBAL_UNCERTAINTY_ASSIGNED_CONTEXT ( ( #884 ) ) GLOBAL_UNIT_ASSIGNED_CONTEXT ( ( #1290, #944, #207 ) ) REPRESENTATION_CONTEXT ( 'NONE', 'WORKASPACE' ) );
#1810 = UNCERTAINTY_MEASURE_WITH_UNIT (LENGTH_MEASURE( 1.000000000000000082E-05 ), #1293, 'distance_accuracy_value', 'NONE');
#1811 = ORIENTED_EDGE ( 'NONE', *, *, #737, .F. ) ;
#1812 = EDGE_LOOP ( 'NONE', ( #1454, #1013, #486, #1109 ) ) ;
#1813 = CARTESIAN_POINT ( 'NONE',  ( -0.4516409507770000054, 0.3016409507769999832, 0.6000000000000000888 ) ) ;
#1814 = FACE_OUTER_BOUND ( 'NONE', #685, .T. ) ;
#1815 =( GEOMETRIC_REPRESENTATION_CONTEXT ( 3 ) GLOBAL_UNCERTAINTY_ASSIGNED_CONTEXT ( ( #2003 ) ) GLOBAL_UNIT_ASSIGNED_CONTEXT ( ( #1941, #2133, #308 ) ) REPRESENTATION_CONTEXT ( 'NONE', 'WORKASPACE' ) );
#1816 = FILL_AREA_STYLE_COLOUR ( '', #1085 ) ;
#1817 = PRESENTATION_LAYER_ASSIGNMENT (  '', '', ( #608 ) ) ;
#1818 = COLOUR_RGB ( '',0.9960784313725490335, 0.9960784313725490335, 0.0000000000000000000 ) ;
#1819 = UNCERTAINTY_MEASURE_WITH_UNIT (LENGTH_MEASURE( 1.000000000000000082E-05 ), #1773, 'distance_accuracy_value', 'NONE');
#1820 = ORIENTED_EDGE ( 'NONE', *, *, #314, .F. ) ;
#1821 = SURFACE_SIDE_STYLE ('',( #1434 ) ) ;
#1822 = CARTESIAN_POINT ( 'NONE',  ( 0.8000000000000000444, -0.4000000000000000222, 0.2000000000000000111 ) ) ;
#1823 = EDGE_CURVE ( 'NONE', #2313, #1830, #1008, .T. ) ;
#1824 = MECHANICAL_DESIGN_GEOMETRIC_PRESENTATION_REPRESENTATION (  '', ( #683 ), #991 ) ;
#1825 = LINE ( 'NONE', #1765, #2012 ) ;
#1826 =( LENGTH_UNIT ( ) NAMED_UNIT ( * ) SI_UNIT ( .MILLI., .METRE. ) );
#1827 = CARTESIAN_POINT ( 'NONE',  ( -0.4000000000000000222, -0.4000000000000000222, 0.0000000000000000000 ) ) ;
#1828 = EDGE_CURVE ( 'NONE', #1353, #97, #2362, .T. ) ;
#1829 = COLOUR_RGB ( '',0.0000000000000000000, 0.6666666666666666297, 0.0000000000000000000 ) ;
#1830 = VERTEX_POINT ( 'NONE', #332 ) ;
#1831 = SURFACE_SIDE_STYLE ('',( #1292 ) ) ;
#1832 = CARTESIAN_POINT ( 'NONE',  ( -0.4000000000000000222, -0.4000000000000000222, 0.2000000000000000111 ) ) ;
#1833 = ADVANCED_FACE ( 'NONE', ( #1206 ), #1073, .T. ) ;
#1834 = PRESENTATION_LAYER_ASSIGNMENT (  '', '', ( #430 ) ) ;
#1835 =( NAMED_UNIT ( * ) PLANE_ANGLE_UNIT ( ) SI_UNIT ( $, .RADIAN. ) );
#1836 = STYLED_ITEM ( 'NONE', ( #203 ), #662 ) ;
#1837 = PLANE ( 'NONE',  #361 ) ;
#1838 = CARTESIAN_POINT ( 'NONE',  ( -0.4000000000000000222, -0.4000000000000000222, 0.0000000000000000000 ) ) ;
#1839 = AXIS2_PLACEMENT_3D ( 'NONE', #1989, #345, #1599 ) ;
#1840 =( LENGTH_UNIT ( ) NAMED_UNIT ( * ) SI_UNIT ( .MILLI., .METRE. ) );
#1841 =( NAMED_UNIT ( * ) SI_UNIT ( $, .STERADIAN. ) SOLID_ANGLE_UNIT ( ) );
#1842 = SURFACE_STYLE_USAGE ( .BOTH. , #1479 ) ;
#1843 = EDGE_LOOP ( 'NONE', ( #747, #838, #2112, #337 ) ) ;
#1844 = LINE ( 'NONE', #246, #1310 ) ;
#1845 = VECTOR ( 'NONE', #1625, 1000.000000000000114 ) ;
#1846 = MECHANICAL_DESIGN_GEOMETRIC_PRESENTATION_REPRESENTATION (  '', ( #608 ), #2203 ) ;
#1847 =( LENGTH_UNIT ( ) NAMED_UNIT ( * ) SI_UNIT ( .MILLI., .METRE. ) );
#1848 = COLOUR_RGB ( '',0.9960784313725490335, 0.9960784313725490335, 0.0000000000000000000 ) ;
#1849 = PRESENTATION_LAYER_ASSIGNMENT (  '', '', ( #347 ) ) ;
#1850 = EDGE_CURVE ( 'NONE', #2222, #646, #1404, .T. ) ;
#1851 = ADVANCED_FACE ( 'NONE', ( #1060 ), #137, .F. ) ;
#1852 = CARTESIAN_POINT ( 'NONE',  ( 0.4000000000000000222, -0.4000000000000000222, 0.2000000000000000111 ) ) ;
#1853 = DIRECTION ( 'NONE',  ( -0.0000000000000000000, 1.000000000000000000, 0.0000000000000000000 ) ) ;
#1854 = DIRECTION ( 'NONE',  ( -0.0000000000000000000, 1.000000000000000000, 0.0000000000000000000 ) ) ;
#1855 = CARTESIAN_POINT ( 'NONE',  ( -0.2000000000000000111, -0.1000000000000000056, 0.002000000000000000042 ) ) ;
#1856 = DIRECTION ( 'NONE',  ( 1.000000000000000000, 0.0000000000000000000, 0.0000000000000000000 ) ) ;
#1857 = DIRECTION ( 'NONE',  ( 1.000000000000000000, 0.0000000000000000000, 0.0000000000000000000 ) ) ;
#1858 = FACE_OUTER_BOUND ( 'NONE', #677, .T. ) ;
#1859 = CARTESIAN_POINT ( 'NONE',  ( -0.8000000000000000444, 0.4000000000000000222, 0.2000000000000000111 ) ) ;
#1860 = CARTESIAN_POINT ( 'NONE',  ( 0.4715678837576906535, -0.3215678837580002725, 0.5817080228269734254 ) ) ;
#1861 = COLOUR_RGB ( '',0.7803921568627451011, 0.5686274509803921351, 0.1137254901960784298 ) ;
#1862 = FILL_AREA_STYLE_COLOUR ( '', #479 ) ;
#1863 = CARTESIAN_POINT ( 'NONE',  ( -0.2000000000000000111, 0.1000000000000000056, 1.224646799146999976E-17 ) ) ;
#1864 = CARTESIAN_POINT ( 'NONE',  ( -0.4000000000000000222, 0.4000000000000000222, 0.0000000000000000000 ) ) ;
#1865 = COLOUR_RGB ( '',0.7803921568627451011, 0.5686274509803921351, 0.1137254901960784298 ) ;
#1866 = LINE ( 'NONE', #971, #1891 ) ;
#1867 = FILL_AREA_STYLE ('',( #1682 ) ) ;
#1868 = DIRECTION ( 'NONE',  ( 1.000000000000000000, 0.0000000000000000000, 0.0000000000000000000 ) ) ;
#1869 = CLOSED_SHELL ( 'NONE', ( #2215, #985, #637, #2186, #1566, #1308, #1851, #662, #2029, #596 ) ) ;
#1870 = PRESENTATION_STYLE_ASSIGNMENT (( #1389 ) ) ;
#1871 = PLANE ( 'NONE',  #377 ) ;
#1872 = CARTESIAN_POINT ( 'NONE',  ( -0.7399999999999999911, -0.2999999999999999889, 0.2000000000000000111 ) ) ;
#1873 = VECTOR ( 'NONE', #104, 1000.000000000000000 ) ;
#1874 = ORIENTED_EDGE ( 'NONE', *, *, #808, .F. ) ;
#1875 = FILL_AREA_STYLE_COLOUR ( '', #607 ) ;
#1876 = DIRECTION ( 'NONE',  ( -0.9963466490417525190, 4.339483675923922730E-19, 0.08540114134641879629 ) ) ;
#1877 =( NAMED_UNIT ( * ) SI_UNIT ( $, .STERADIAN. ) SOLID_ANGLE_UNIT ( ) );
#1878 =( NAMED_UNIT ( * ) SI_UNIT ( $, .STERADIAN. ) SOLID_ANGLE_UNIT ( ) );
#1879 =( LENGTH_UNIT ( ) NAMED_UNIT ( * ) SI_UNIT ( .MILLI., .METRE. ) );
#1880 = FACE_OUTER_BOUND ( 'NONE', #2322, .T. ) ;
#1881 = EDGE_CURVE ( 'NONE', #816, #2187, #1259, .T. ) ;
#1882 = ORIENTED_EDGE ( 'NONE', *, *, #2174, .F. ) ;
#1883 = UNCERTAINTY_MEASURE_WITH_UNIT (LENGTH_MEASURE( 1.000000000000000082E-05 ), #2332, 'distance_accuracy_value', 'NONE');
#1884 = EDGE_LOOP ( 'NONE', ( #2272, #2084, #1986, #1291 ) ) ;
#1885 =( NAMED_UNIT ( * ) SI_UNIT ( $, .STERADIAN. ) SOLID_ANGLE_UNIT ( ) );
#1886 = DIRECTION ( 'NONE',  ( 0.0000000000000000000, -0.0000000000000000000, 1.000000000000000000 ) ) ;
#1887 = COLOUR_RGB ( '',0.7921568627450980005, 0.8196078431372548767, 0.9333333333333333481 ) ;
#1888 = STYLED_ITEM ( 'NONE', ( #1087 ), #1926 ) ;
#1889 = FILL_AREA_STYLE_COLOUR ( '', #1234 ) ;
#1890 = COLOUR_RGB ( '',0.8000000000000000444, 0.8000000000000000444, 0.8000000000000000444 ) ;
#1891 = VECTOR ( 'NONE', #616, 1000.000000000000000 ) ;
#1892 = EDGE_CURVE ( 'NONE', #1354, #931, #421, .T. ) ;
#1893 = PLANE ( 'NONE',  #1397 ) ;
#1894 = PRODUCT_DEFINITION ( 'UNKNOWN', '', #2336, #726 ) ;
#1895 = DIRECTION ( 'NONE',  ( 0.9963466490417525190, -4.339483675923922730E-19, 0.08540114134641879629 ) ) ;
#1896 = LINE ( 'NONE', #1872, #2277 ) ;
#1897 = ADVANCED_FACE ( 'NONE', ( #165 ), #343, .F. ) ;
#1898 = VECTOR ( 'NONE', #26, 1000.000000000000000 ) ;
#1899 = EDGE_CURVE ( 'NONE', #1729, #2349, #1987, .T. ) ;
#1900 = EDGE_LOOP ( 'NONE', ( #632, #1002, #1607, #1107, #866, #2296 ) ) ;
#1901 = CARTESIAN_POINT ( 'NONE',  ( -0.4000000000000000222, 0.4000000000000000222, 0.0000000000000000000 ) ) ;
#1902 = LINE ( 'NONE', #265, #1296 ) ;
#1903 = AXIS2_PLACEMENT_3D ( 'NONE', #1733, #1216, #1244 ) ;
#1904 = SURFACE_STYLE_FILL_AREA ( #447 ) ;
#1905 = SURFACE_STYLE_USAGE ( .BOTH. , #238 ) ;
#1906 = PRODUCT ( 'Pad', 'Pad', '', ( #474 ) ) ;
#1907 = LINE ( 'NONE', #272, #1873 ) ;
#1908 = MECHANICAL_DESIGN_GEOMETRIC_PRESENTATION_REPRESENTATION (  '', ( #1301 ), #390 ) ;
#1909 = VECTOR ( 'NONE', #2227, 1000.000000000000000 ) ;
#1910 = FILL_AREA_STYLE_COLOUR ( '', #1791 ) ;
#1911 = ORIENTED_EDGE ( 'NONE', *, *, #744, .F. ) ;
#1912 = ORIENTED_EDGE ( 'NONE', *, *, #380, .F. ) ;
#1913 =( NAMED_UNIT ( * ) SI_UNIT ( $, .STERADIAN. ) SOLID_ANGLE_UNIT ( ) );
#1914 = VECTOR ( 'NONE', #398, 1000.000000000000000 ) ;
#1915 = STYLED_ITEM ( 'NONE', ( #1263 ), #1136 ) ;
#1916 = CARTESIAN_POINT ( 'NONE',  ( 0.2000000000000000111, 0.4000000000000000222, -4.898587196589000156E-17 ) ) ;
#1917 = APPLICATION_PROTOCOL_DEFINITION ( 'draft international standard', 'automotive_design', 1998, #2263 ) ;
#1918 =( NAMED_UNIT ( * ) PLANE_ANGLE_UNIT ( ) SI_UNIT ( $, .RADIAN. ) );
#1919 = DIRECTION ( 'NONE',  ( 0.0000000000000000000, 0.0000000000000000000, 1.000000000000000000 ) ) ;
#1920 = ORIENTED_EDGE ( 'NONE', *, *, #919, .F. ) ;
#1921 = SURFACE_STYLE_FILL_AREA ( #319 ) ;
#1922 = EDGE_CURVE ( 'NONE', #1396, #2335, #1620, .T. ) ;
#1923 = LINE ( 'NONE', #1031, #375 ) ;
#1924 = PRODUCT_DEFINITION ( 'UNKNOWN', '', #508, #900 ) ;
#1925 = STYLED_ITEM ( 'NONE', ( #891 ), #1122 ) ;
#1926 = ADVANCED_FACE ( 'NONE', ( #57 ), #435, .T. ) ;
#1927 = FILL_AREA_STYLE ('',( #657 ) ) ;
#1928 = DIRECTION ( 'NONE',  ( 1.000000000000000000, 0.0000000000000000000, 0.0000000000000000000 ) ) ;
#1929 =( GEOMETRIC_REPRESENTATION_CONTEXT ( 3 ) GLOBAL_UNCERTAINTY_ASSIGNED_CONTEXT ( ( #197 ) ) GLOBAL_UNIT_ASSIGNED_CONTEXT ( ( #2167, #176, #1400 ) ) REPRESENTATION_CONTEXT ( 'NONE', 'WORKASPACE' ) );
#1930 = FILL_AREA_STYLE ('',( #482 ) ) ;
#1931 = VECTOR ( 'NONE', #448, 1000.000000000000000 ) ;
#1932 = CARTESIAN_POINT ( 'NONE',  ( -0.6000000000000000888, 0.0000000000000000000, 0.2000000000000000111 ) ) ;
#1933 = ORIENTED_EDGE ( 'NONE', *, *, #1430, .F. ) ;
#1934 = STYLED_ITEM ( 'NONE', ( #1768 ), #2311 ) ;
#1935 = SURFACE_STYLE_USAGE ( .BOTH. , #1039 ) ;
#1936 =( LENGTH_UNIT ( ) NAMED_UNIT ( * ) SI_UNIT ( .MILLI., .METRE. ) );
#1937 = EDGE_CURVE ( 'NONE', #2313, #1546, #292, .T. ) ;
#1938 = ORIENTED_EDGE ( 'NONE', *, *, #1937, .T. ) ;
#1939 = PRESENTATION_STYLE_ASSIGNMENT (( #1203 ) ) ;
#1940 = MECHANICAL_DESIGN_GEOMETRIC_PRESENTATION_REPRESENTATION (  '', ( #1338 ), #1659 ) ;
#1941 =( LENGTH_UNIT ( ) NAMED_UNIT ( * ) SI_UNIT ( .MILLI., .METRE. ) );
#1942 =( NAMED_UNIT ( * ) SI_UNIT ( $, .STERADIAN. ) SOLID_ANGLE_UNIT ( ) );
#1943 = PRESENTATION_LAYER_ASSIGNMENT (  '', '', ( #1041 ) ) ;
#1944 = VERTEX_POINT ( 'NONE', #819 ) ;
#1945 = SHAPE_REPRESENTATION_RELATIONSHIP ( 'NONE' , 'NONE' ,  #400, #1122 ) ;
#1946 = VERTEX_POINT ( 'NONE', #792 ) ;
#1947 = ORIENTED_EDGE ( 'NONE', *, *, #928, .F. ) ;
#1948 = DIRECTION ( 'NONE',  ( 0.0000000000000000000, 0.0000000000000000000, 1.000000000000000000 ) ) ;
#1949 = CARTESIAN_POINT ( 'NONE',  ( -0.6999999999999999556, -0.2999999999999999889, 0.1799999999999999933 ) ) ;
#1950 = MECHANICAL_DESIGN_GEOMETRIC_PRESENTATION_REPRESENTATION (  '', ( #24 ), #2228 ) ;
#1951 = AXIS2_PLACEMENT_3D ( 'NONE', #1311, #1807, #1978 ) ;
#1952 =( NAMED_UNIT ( * ) PLANE_ANGLE_UNIT ( ) SI_UNIT ( $, .RADIAN. ) );
#1953 = DIRECTION ( 'NONE',  ( 0.0000000000000000000, 0.0000000000000000000, 1.000000000000000000 ) ) ;
#1954 = PRODUCT_CONTEXT ( 'NONE', #895, 'mechanical' ) ;
#1955 = ORIENTED_EDGE ( 'NONE', *, *, #1235, .T. ) ;
#1956 = ORIENTED_EDGE ( 'NONE', *, *, #744, .T. ) ;
#1957 = SURFACE_STYLE_FILL_AREA ( #2351 ) ;
#1958 = PLANE ( 'NONE',  #1077 ) ;
#1959 = EDGE_CURVE ( 'NONE', #938, #1242, #1517, .T. ) ;
#1960 = CARTESIAN_POINT ( 'NONE',  ( -0.5000000000000000000, 0.3215678837576906868, 0.5817080228269734254 ) ) ;
#1961 = LINE ( 'NONE', #1587, #190 ) ;
#1962 = LINE ( 'NONE', #1766, #2143 ) ;
#1963 = EDGE_CURVE ( 'NONE', #2349, #894, #1559, .T. ) ;
#1964 = PRESENTATION_LAYER_ASSIGNMENT (  '', '', ( #1328 ) ) ;
#1965 = ORIENTED_EDGE ( 'NONE', *, *, #1709, .T. ) ;
#1966 = ORIENTED_EDGE ( 'NONE', *, *, #4, .F. ) ;
#1967 = DIRECTION ( 'NONE',  ( 0.0000000000000000000, 0.0000000000000000000, 1.000000000000000000 ) ) ;
#1968 = PRESENTATION_STYLE_ASSIGNMENT (( #1255 ) ) ;
#1969 = SURFACE_STYLE_USAGE ( .BOTH. , #1420 ) ;
#1970 = UNCERTAINTY_MEASURE_WITH_UNIT (LENGTH_MEASURE( 1.000000000000000082E-05 ), #467, 'distance_accuracy_value', 'NONE');
#1971 = SURFACE_STYLE_USAGE ( .BOTH. , #2158 ) ;
#1972 = CARTESIAN_POINT ( 'NONE',  ( -0.4715678837576906535, -0.3499999999999999778, 0.5817080228269734254 ) ) ;
#1973 = FILL_AREA_STYLE_COLOUR ( '', #1198 ) ;
#1974 = PRESENTATION_STYLE_ASSIGNMENT (( #533 ) ) ;
#1975 =( GEOMETRIC_REPRESENTATION_CONTEXT ( 3 ) GLOBAL_UNCERTAINTY_ASSIGNED_CONTEXT ( ( #1099 ) ) GLOBAL_UNIT_ASSIGNED_CONTEXT ( ( #1840, #2192, #1464 ) ) REPRESENTATION_CONTEXT ( 'NONE', 'WORKASPACE' ) );
#1976 = DIRECTION ( 'NONE',  ( 0.0000000000000000000, -0.0000000000000000000, -1.000000000000000000 ) ) ;
#1977 = PRESENTATION_LAYER_ASSIGNMENT (  '', '', ( #149 ) ) ;
#1978 = DIRECTION ( 'NONE',  ( 0.0000000000000000000, -0.0000000000000000000, -1.000000000000000000 ) ) ;
#1979 = ORIENTED_EDGE ( 'NONE', *, *, #1399, .T. ) ;
#1980 = DIRECTION ( 'NONE',  ( 0.0000000000000000000, 0.0000000000000000000, 1.000000000000000000 ) ) ;
#1981 = FILL_AREA_STYLE ('',( #899 ) ) ;
#1982 = AXIS2_PLACEMENT_3D ( 'NONE', #1702, #1185, #1528 ) ;
#1983 = UNCERTAINTY_MEASURE_WITH_UNIT (LENGTH_MEASURE( 1.000000000000000082E-05 ), #528, 'distance_accuracy_value', 'NONE');
#1984 = UNCERTAINTY_MEASURE_WITH_UNIT (LENGTH_MEASURE( 1.000000000000000082E-05 ), #2209, 'distance_accuracy_value', 'NONE');
#1985 = AXIS2_PLACEMENT_3D ( 'NONE', #1449, #934, #168 ) ;
#1986 = ORIENTED_EDGE ( 'NONE', *, *, #202, .F. ) ;
#1987 = LINE ( 'NONE', #701, #293 ) ;
#1988 = DIRECTION ( 'NONE',  ( 1.000000000000000000, -4.323630019078185612E-19, -3.705968587780558768E-20 ) ) ;
#1989 = CARTESIAN_POINT ( 'NONE',  ( 0.8000000000000000444, 0.4000000000000000222, 0.0000000000000000000 ) ) ;
#1990 = ORIENTED_EDGE ( 'NONE', *, *, #1166, .T. ) ;
#1991 = ORIENTED_EDGE ( 'NONE', *, *, #1823, .T. ) ;
#1992 = SURFACE_STYLE_FILL_AREA ( #741 ) ;
#1993 = DIRECTION ( 'NONE',  ( -1.000000000000000000, 0.0000000000000000000, 0.0000000000000000000 ) ) ;
#1994 = SURFACE_STYLE_FILL_AREA ( #1267 ) ;
#1995 = EDGE_CURVE ( 'NONE', #1427, #118, #111, .T. ) ;
#1996 = ORIENTED_EDGE ( 'NONE', *, *, #1995, .T. ) ;
#1997 = DIRECTION ( 'NONE',  ( 0.0000000000000000000, -1.224646799146999945E-16, -1.000000000000000000 ) ) ;
#1998 = DIRECTION ( 'NONE',  ( 1.000000000000000000, 0.0000000000000000000, 0.0000000000000000000 ) ) ;
#1999 =( NAMED_UNIT ( * ) PLANE_ANGLE_UNIT ( ) SI_UNIT ( $, .RADIAN. ) );
#2000 = EDGE_CURVE ( 'NONE', #646, #1148, #1700, .T. ) ;
#2001 = FILL_AREA_STYLE ('',( #720 ) ) ;
#2002 = STYLED_ITEM ( 'NONE', ( #1808 ), #1197 ) ;
#2003 = UNCERTAINTY_MEASURE_WITH_UNIT (LENGTH_MEASURE( 1.000000000000000082E-05 ), #1941, 'distance_accuracy_value', 'NONE');
#2004 = ORIENTED_EDGE ( 'NONE', *, *, #1937, .F. ) ;
#2005 = DIRECTION ( 'NONE',  ( -1.000000000000000000, -0.0000000000000000000, 0.0000000000000000000 ) ) ;
#2006 =( NAMED_UNIT ( * ) PLANE_ANGLE_UNIT ( ) SI_UNIT ( $, .RADIAN. ) );
#2007 = MECHANICAL_DESIGN_GEOMETRIC_PRESENTATION_REPRESENTATION (  '', ( #415 ), #1431 ) ;
#2008 = MECHANICAL_DESIGN_GEOMETRIC_PRESENTATION_REPRESENTATION (  '', ( #831 ), #2164 ) ;
#2009 = SHAPE_REPRESENTATION ( 'Pocket001', ( #372 ), #289 ) ;
#2010 = VERTEX_POINT ( 'NONE', #99 ) ;
#2011 = SURFACE_SIDE_STYLE ('',( #2195 ) ) ;
#2012 = VECTOR ( 'NONE', #373, 1000.000000000000000 ) ;
#2013 = LINE ( 'NONE', #1794, #1219 ) ;
#2014 = DIRECTION ( 'NONE',  ( 0.0000000000000000000, -1.224646799146999945E-16, -1.000000000000000000 ) ) ;
#2015 =( NAMED_UNIT ( * ) SI_UNIT ( $, .STERADIAN. ) SOLID_ANGLE_UNIT ( ) );
#2016 = PRESENTATION_STYLE_ASSIGNMENT (( #554 ) ) ;
#2017 = DIRECTION ( 'NONE',  ( 0.0000000000000000000, 0.0000000000000000000, 1.000000000000000000 ) ) ;
#2018 = ORIENTED_EDGE ( 'NONE', *, *, #565, .F. ) ;
#2019 = PRODUCT_DEFINITION_FORMATION_WITH_SPECIFIED_SOURCE ( 'ANY', '', #449, .NOT_KNOWN. ) ;
#2020 = VECTOR ( 'NONE', #497, 1000.000000000000000 ) ;
#2021 = SURFACE_STYLE_USAGE ( .BOTH. , #1638 ) ;
#2022 = SURFACE_STYLE_FILL_AREA ( #30 ) ;
#2023 = FILL_AREA_STYLE_COLOUR ( '', #1767 ) ;
#2024 = FILL_AREA_STYLE_COLOUR ( '', #856 ) ;
#2025 = STYLED_ITEM ( 'NONE', ( #681 ), #1022 ) ;
#2026 = ORIENTED_EDGE ( 'NONE', *, *, #2283, .T. ) ;
#2027 = DIRECTION ( 'NONE',  ( 0.0000000000000000000, -1.000000000000000000, -0.0000000000000000000 ) ) ;
#2028 = ORIENTED_EDGE ( 'NONE', *, *, #389, .F. ) ;
#2029 = ADVANCED_FACE ( 'NONE', ( #1387 ), #1723, .F. ) ;
#2030 = CARTESIAN_POINT ( 'NONE',  ( 0.2000000000000000111, 0.4000000000000000222, 0.002000000000000000042 ) ) ;
#2031 = FILL_AREA_STYLE_COLOUR ( '', #1068 ) ;
#2032 = DIRECTION ( 'NONE',  ( 0.0000000000000000000, 1.000000000000000000, -0.0000000000000000000 ) ) ;
#2033 = SHAPE_REPRESENTATION_RELATIONSHIP ( 'NONE' , 'NONE' ,  #1609, #221 ) ;
#2034 = SURFACE_STYLE_FILL_AREA ( #1312 ) ;
#2035 = SURFACE_STYLE_FILL_AREA ( #771 ) ;
#2036 = PRESENTATION_LAYER_ASSIGNMENT (  '', '', ( #1725 ) ) ;
#2037 = COLOUR_RGB ( '',0.0000000000000000000, 0.6666666666666666297, 0.0000000000000000000 ) ;
#2038 = VECTOR ( 'NONE', #49, 1000.000000000000000 ) ;
#2039 = CIRCLE ( 'NONE', #1113, 0.03999999999999999389 ) ;
#2040 =( LENGTH_UNIT ( ) NAMED_UNIT ( * ) SI_UNIT ( .MILLI., .METRE. ) );
#2041 = CARTESIAN_POINT ( 'NONE',  ( 0.8000000000000000444, 0.4000000000000000222, 0.0000000000000000000 ) ) ;
#2042 =( NAMED_UNIT ( * ) SI_UNIT ( $, .STERADIAN. ) SOLID_ANGLE_UNIT ( ) );
#2043 = LINE ( 'NONE', #1540, #258 ) ;
#2044 = PLANE ( 'NONE',  #1783 ) ;
#2045 = DIRECTION ( 'NONE',  ( 0.0000000000000000000, 0.0000000000000000000, 1.000000000000000000 ) ) ;
#2046 = FILL_AREA_STYLE_COLOUR ( '', #738 ) ;
#2047 = CARTESIAN_POINT ( 'NONE',  ( 0.2000000000000000111, 0.4000000000000000222, -4.898587196589000156E-17 ) ) ;
#2048 = DIRECTION ( 'NONE',  ( 0.0000000000000000000, -1.000000000000000000, -0.0000000000000000000 ) ) ;
#2049 = UNCERTAINTY_MEASURE_WITH_UNIT (LENGTH_MEASURE( 1.000000000000000082E-05 ), #138, 'distance_accuracy_value', 'NONE');
#2050 = CARTESIAN_POINT ( 'NONE',  ( 0.2000000000000000111, 0.4000000000000000222, 0.002000000000000000042 ) ) ;
#2051 =( GEOMETRIC_REPRESENTATION_CONTEXT ( 3 ) GLOBAL_UNCERTAINTY_ASSIGNED_CONTEXT ( ( #2049 ) ) GLOBAL_UNIT_ASSIGNED_CONTEXT ( ( #138, #1405, #2134 ) ) REPRESENTATION_CONTEXT ( 'NONE', 'WORKASPACE' ) );
#2052 = PRODUCT_DEFINITION_SHAPE ( 'NONE', 'NONE',  #2367 ) ;
#2053 = AXIS2_PLACEMENT_3D ( 'NONE', #1901, #77, #955 ) ;
#2054 =( LENGTH_UNIT ( ) NAMED_UNIT ( * ) SI_UNIT ( .MILLI., .METRE. ) );
#2055 = EDGE_CURVE ( 'NONE', #1944, #1787, #478, .T. ) ;
#2056 = CARTESIAN_POINT ( 'NONE',  ( -0.4000000000000000222, 0.4000000000000000222, 0.0000000000000000000 ) ) ;
#2057 = DIRECTION ( 'NONE',  ( 0.0000000000000000000, 0.0000000000000000000, 1.000000000000000000 ) ) ;
#2058 =( LENGTH_UNIT ( ) NAMED_UNIT ( * ) SI_UNIT ( .MILLI., .METRE. ) );
#2059 = DIRECTION ( 'NONE',  ( 4.339483675923922730E-19, 0.9963466490417525190, 0.08540114134641879629 ) ) ;
#2060 = CARTESIAN_POINT ( 'NONE',  ( 0.0000000000000000000, -0.09999999999999999167, 0.002000000000000000042 ) ) ;
#2061 = PRESENTATION_LAYER_ASSIGNMENT (  '', '', ( #239 ) ) ;
#2062 = ORIENTED_EDGE ( 'NONE', *, *, #793, .F. ) ;
#2063 = ORIENTED_EDGE ( 'NONE', *, *, #1892, .F. ) ;
#2064 = EDGE_CURVE ( 'NONE', #654, #1787, #1923, .T. ) ;
#2065 = DIRECTION ( 'NONE',  ( 0.08540114134641878241, 0.0000000000000000000, 0.9963466490417524080 ) ) ;
#2066 = EDGE_CURVE ( 'NONE', #827, #2222, #1902, .T. ) ;
#2067 = LINE ( 'NONE', #427, #577 ) ;
#2068 = ADVANCED_FACE ( 'NONE', ( #161 ), #697, .T. ) ;
#2069 = FILL_AREA_STYLE ('',( #1910 ) ) ;
#2070 = PLANE ( 'NONE',  #1653 ) ;
#2071 = ORIENTED_EDGE ( 'NONE', *, *, #978, .F. ) ;
#2072 = ORIENTED_EDGE ( 'NONE', *, *, #1172, .F. ) ;
#2073 = SURFACE_STYLE_USAGE ( .BOTH. , #648 ) ;
#2074 = PRESENTATION_LAYER_ASSIGNMENT (  '', '', ( #2002 ) ) ;
#2075 = VECTOR ( 'NONE', #1547, 1000.000000000000000 ) ;
#2076 = DIRECTION ( 'NONE',  ( 0.0000000000000000000, 0.0000000000000000000, 1.000000000000000000 ) ) ;
#2077 = PRESENTATION_LAYER_ASSIGNMENT (  '', '', ( #755 ) ) ;
#2078 = STYLED_ITEM ( 'NONE', ( #1150 ), #624 ) ;
#2079 =( GEOMETRIC_REPRESENTATION_CONTEXT ( 3 ) GLOBAL_UNCERTAINTY_ASSIGNED_CONTEXT ( ( #1810 ) ) GLOBAL_UNIT_ASSIGNED_CONTEXT ( ( #1293, #17, #200 ) ) REPRESENTATION_CONTEXT ( 'NONE', 'WORKASPACE' ) );
#2080 = SURFACE_STYLE_FILL_AREA ( #463 ) ;
#2081 = LINE ( 'NONE', #473, #84 ) ;
#2082 = FILL_AREA_STYLE_COLOUR ( '', #250 ) ;
#2083 = MECHANICAL_DESIGN_GEOMETRIC_PRESENTATION_REPRESENTATION (  '', ( #983 ), #140 ) ;
#2084 = ORIENTED_EDGE ( 'NONE', *, *, #424, .T. ) ;
#2085 = ORIENTED_EDGE ( 'NONE', *, *, #1069, .T. ) ;
#2086 =( NAMED_UNIT ( * ) SI_UNIT ( $, .STERADIAN. ) SOLID_ANGLE_UNIT ( ) );
#2087 = MECHANICAL_DESIGN_GEOMETRIC_PRESENTATION_REPRESENTATION (  '', ( #1736 ), #1588 ) ;
#2088 = COLOUR_RGB ( '',0.9960784313725490335, 0.9960784313725490335, 0.0000000000000000000 ) ;
#2089 = PRESENTATION_LAYER_ASSIGNMENT (  '', '', ( #2210 ) ) ;
#2090 = FACE_OUTER_BOUND ( 'NONE', #758, .T. ) ;
#2091 = CARTESIAN_POINT ( 'NONE',  ( 0.4715678837578454741, 0.3215678837576906868, 0.5817080228269734254 ) ) ;
#2092 = PRODUCT ( 'User Library-LED_0603_Y', 'User Library-LED_0603_Y', '', ( #1532 ) ) ;
#2093 =( LENGTH_UNIT ( ) NAMED_UNIT ( * ) SI_UNIT ( .MILLI., .METRE. ) );
#2094 = PRESENTATION_LAYER_ASSIGNMENT (  '', '', ( #511 ) ) ;
#2095 = PRESENTATION_LAYER_ASSIGNMENT (  '', '', ( #1273 ) ) ;
#2096 = AXIS2_PLACEMENT_3D ( 'NONE', #642, #840, #2097 ) ;
#2097 = DIRECTION ( 'NONE',  ( 0.0000000000000000000, -1.224646799146999945E-16, -1.000000000000000000 ) ) ;
#2098 = VECTOR ( 'NONE', #1461, 1000.000000000000000 ) ;
#2099 =( NAMED_UNIT ( * ) SI_UNIT ( $, .STERADIAN. ) SOLID_ANGLE_UNIT ( ) );
#2100 = VERTEX_POINT ( 'NONE', #910 ) ;
#2101 = ORIENTED_EDGE ( 'NONE', *, *, #948, .T. ) ;
#2102 = DIRECTION ( 'NONE',  ( 0.0000000000000000000, -1.224646799146999945E-16, -1.000000000000000000 ) ) ;
#2103 = EDGE_CURVE ( 'NONE', #381, #695, #27, .T. ) ;
#2104 = EDGE_CURVE ( 'NONE', #2010, #1732, #1468, .T. ) ;
#2105 = PRESENTATION_STYLE_ASSIGNMENT (( #1205 ) ) ;
#2106 = SURFACE_SIDE_STYLE ('',( #1597 ) ) ;
#2107 =( NAMED_UNIT ( * ) PLANE_ANGLE_UNIT ( ) SI_UNIT ( $, .RADIAN. ) );
#2108 = FILL_AREA_STYLE_COLOUR ( '', #1603 ) ;
#2109 = ORIENTED_EDGE ( 'NONE', *, *, #4, .T. ) ;
#2110 = FILL_AREA_STYLE_COLOUR ( '', #1848 ) ;
#2111 = ORIENTED_EDGE ( 'NONE', *, *, #129, .F. ) ;
#2112 = ORIENTED_EDGE ( 'NONE', *, *, #1226, .F. ) ;
#2113 = SURFACE_SIDE_STYLE ('',( #122 ) ) ;
#2114 = CARTESIAN_POINT ( 'NONE',  ( 0.5000000000000000000, 0.3499999999999999778, 0.2000000000000000111 ) ) ;
#2115 =( GEOMETRIC_REPRESENTATION_CONTEXT ( 3 ) GLOBAL_UNCERTAINTY_ASSIGNED_CONTEXT ( ( #2168 ) ) GLOBAL_UNIT_ASSIGNED_CONTEXT ( ( #857, #1064, #1567 ) ) REPRESENTATION_CONTEXT ( 'NONE', 'WORKASPACE' ) );
#2116 = CARTESIAN_POINT ( 'NONE',  ( -0.8000000000000000444, -0.4000000000000000222, 0.0000000000000000000 ) ) ;
#2117 = CARTESIAN_POINT ( 'NONE',  ( 0.4706339073361386349, 0.3206339073361386682, 0.5926044144130637736 ) ) ;
#2118 = AXIS2_PLACEMENT_3D ( 'NONE', #834, #853, #680 ) ;
#2119 = DIRECTION ( 'NONE',  ( -1.000000000000000000, -0.0000000000000000000, 0.0000000000000000000 ) ) ;
#2120 = PRESENTATION_LAYER_ASSIGNMENT (  '', '', ( #1727 ) ) ;
#2121 = DIRECTION ( 'NONE',  ( -0.0000000000000000000, -0.0000000000000000000, -1.000000000000000000 ) ) ;
#2122 = APPLICATION_PROTOCOL_DEFINITION ( 'draft international standard', 'automotive_design', 1998, #2359 ) ;
#2123 = COLOUR_RGB ( '',0.8000000000000000444, 0.8000000000000000444, 0.8000000000000000444 ) ;
#2124 =( NAMED_UNIT ( * ) SI_UNIT ( $, .STERADIAN. ) SOLID_ANGLE_UNIT ( ) );
#2125 = ORIENTED_EDGE ( 'NONE', *, *, #765, .T. ) ;
#2126 = MECHANICAL_DESIGN_GEOMETRIC_PRESENTATION_REPRESENTATION (  '', ( #347 ), #2079 ) ;
#2127 = EDGE_LOOP ( 'NONE', ( #1362, #666, #1243, #158 ) ) ;
#2128 = VERTEX_POINT ( 'NONE', #1774 ) ;
#2129 =( NAMED_UNIT ( * ) PLANE_ANGLE_UNIT ( ) SI_UNIT ( $, .RADIAN. ) );
#2130 =( NAMED_UNIT ( * ) PLANE_ANGLE_UNIT ( ) SI_UNIT ( $, .RADIAN. ) );
#2131 =( BOUNDED_CURVE ( )  B_SPLINE_CURVE ( 3, ( #1502, #818, #231, #2235 ),
 .UNSPECIFIED., .F., .T. ) 
 B_SPLINE_CURVE_WITH_KNOTS ( ( 4, 4 ),
 ( 4.712388980384689674, 6.197680013498867879 ),
 .UNSPECIFIED. ) 
 CURVE ( )  GEOMETRIC_REPRESENTATION_ITEM ( )  RATIONAL_B_SPLINE_CURVE ( ( 1.000000000000000000, 0.8244547578640677443, 0.8244547578640677443, 1.000000000000000000 ) ) 
 REPRESENTATION_ITEM ( '' )  );
#2132 = MANIFOLD_SOLID_BREP ( 'Imported1', #1487 ) ;
#2133 =( NAMED_UNIT ( * ) PLANE_ANGLE_UNIT ( ) SI_UNIT ( $, .RADIAN. ) );
#2134 =( NAMED_UNIT ( * ) SI_UNIT ( $, .STERADIAN. ) SOLID_ANGLE_UNIT ( ) );
#2135 = CONTEXT_DEPENDENT_SHAPE_REPRESENTATION ( #355, #1021 ) ;
#2136 = COLOUR_RGB ( '',0.0000000000000000000, 0.6666666666666666297, 0.0000000000000000000 ) ;
#2137 = DIRECTION ( 'NONE',  ( -0.0000000000000000000, 1.000000000000000000, 0.0000000000000000000 ) ) ;
#2138 = ORIENTED_EDGE ( 'NONE', *, *, #1823, .F. ) ;
#2139 = ADVANCED_FACE ( 'NONE', ( #1799 ), #1281, .T. ) ;
#2140 =( GEOMETRIC_REPRESENTATION_CONTEXT ( 3 ) GLOBAL_UNCERTAINTY_ASSIGNED_CONTEXT ( ( #21 ) ) GLOBAL_UNIT_ASSIGNED_CONTEXT ( ( #2223, #1330, #2230 ) ) REPRESENTATION_CONTEXT ( 'NONE', 'WORKASPACE' ) );
#2141 = EDGE_LOOP ( 'NONE', ( #501, #1410, #106, #1192 ) ) ;
#2142 = ORIENTED_EDGE ( 'NONE', *, *, #1701, .T. ) ;
#2143 = VECTOR ( 'NONE', #1589, 1000.000000000000114 ) ;
#2144 = VECTOR ( 'NONE', #2119, 1000.000000000000000 ) ;
#2145 = FILL_AREA_STYLE ('',( #1411 ) ) ;
#2146 = PRESENTATION_STYLE_ASSIGNMENT (( #515 ) ) ;
#2147 = ADVANCED_FACE ( 'NONE', ( #1814 ), #2225, .F. ) ;
#2148 = AXIS2_PLACEMENT_3D ( 'NONE', #2307, #1753, #1390 ) ;
#2149 = PRODUCT_RELATED_PRODUCT_CATEGORY ( 'part', '', ( #1906 ) ) ;
#2150 = PRESENTATION_STYLE_ASSIGNMENT (( #2169 ) ) ;
#2151 = PRESENTATION_STYLE_ASSIGNMENT (( #2196 ) ) ;
#2152 = DIRECTION ( 'NONE',  ( 0.0000000000000000000, 0.0000000000000000000, 1.000000000000000000 ) ) ;
#2153 = FILL_AREA_STYLE ('',( #1240 ) ) ;
#2154 = VERTEX_POINT ( 'NONE', #1832 ) ;
#2155 = ORIENTED_EDGE ( 'NONE', *, *, #919, .T. ) ;
#2156 =( LENGTH_UNIT ( ) NAMED_UNIT ( * ) SI_UNIT ( .MILLI., .METRE. ) );
#2157 = SURFACE_SIDE_STYLE ('',( #516 ) ) ;
#2158 = SURFACE_SIDE_STYLE ('',( #1422 ) ) ;
#2159 = SURFACE_STYLE_FILL_AREA ( #703 ) ;
#2160 = STYLED_ITEM ( 'NONE', ( #296 ), #1833 ) ;
#2161 = PRESENTATION_LAYER_ASSIGNMENT (  '', '', ( #826 ) ) ;
#2162 = SURFACE_STYLE_USAGE ( .BOTH. , #705 ) ;
#2163 = VERTEX_POINT ( 'NONE', #1332 ) ;
#2164 =( GEOMETRIC_REPRESENTATION_CONTEXT ( 3 ) GLOBAL_UNCERTAINTY_ASSIGNED_CONTEXT ( ( #1269 ) ) GLOBAL_UNIT_ASSIGNED_CONTEXT ( ( #1715, #1364, #1376 ) ) REPRESENTATION_CONTEXT ( 'NONE', 'WORKASPACE' ) );
#2165 = VERTEX_POINT ( 'NONE', #33 ) ;
#2166 = DIRECTION ( 'NONE',  ( 0.08509140416868289647, 0.08509140416959970477, -0.9927330486455296921 ) ) ;
#2167 =( LENGTH_UNIT ( ) NAMED_UNIT ( * ) SI_UNIT ( .MILLI., .METRE. ) );
#2168 = UNCERTAINTY_MEASURE_WITH_UNIT (LENGTH_MEASURE( 1.000000000000000082E-05 ), #857, 'distance_accuracy_value', 'NONE');
#2169 = SURFACE_STYLE_USAGE ( .BOTH. , #716 ) ;
#2170 = PRESENTATION_LAYER_ASSIGNMENT (  '', '', ( #839 ) ) ;
#2171 =( NAMED_UNIT ( * ) SI_UNIT ( $, .STERADIAN. ) SOLID_ANGLE_UNIT ( ) );
#2172 = SURFACE_STYLE_USAGE ( .BOTH. , #548 ) ;
#2173 = SURFACE_STYLE_FILL_AREA ( #1452 ) ;
#2174 = EDGE_CURVE ( 'NONE', #2163, #2222, #781, .T. ) ;
#2175 = EDGE_LOOP ( 'NONE', ( #661, #1581, #1279, #2310 ) ) ;
#2176 = ORIENTED_EDGE ( 'NONE', *, *, #123, .T. ) ;
#2177 = FILL_AREA_STYLE_COLOUR ( '', #851 ) ;
#2178 = CARTESIAN_POINT ( 'NONE',  ( -0.4706339073361386349, -0.3206339073361386682, 0.5926044144130637736 ) ) ;
#2179 =( NAMED_UNIT ( * ) SI_UNIT ( $, .STERADIAN. ) SOLID_ANGLE_UNIT ( ) );
#2180 = PRODUCT_DEFINITION_CONTEXT ( 'detailed design', #999, 'design' ) ;
#2181 = MECHANICAL_DESIGN_GEOMETRIC_PRESENTATION_REPRESENTATION (  '', ( #117 ), #1446 ) ;
#2182 = PRESENTATION_LAYER_ASSIGNMENT (  '', '', ( #350 ) ) ;
#2183 = UNCERTAINTY_MEASURE_WITH_UNIT (LENGTH_MEASURE( 1.000000000000000082E-05 ), #1847, 'distance_accuracy_value', 'NONE');
#2184 = UNCERTAINTY_MEASURE_WITH_UNIT (LENGTH_MEASURE( 1.000000000000000082E-05 ), #1676, 'distance_accuracy_value', 'NONE');
#2185 = VECTOR ( 'NONE', #2137, 1000.000000000000000 ) ;
#2186 = ADVANCED_FACE ( 'NONE', ( #1477 ), #2202, .T. ) ;
#2187 = VERTEX_POINT ( 'NONE', #391 ) ;
#2188 = FILL_AREA_STYLE ('',( #872 ) ) ;
#2189 = CARTESIAN_POINT ( 'NONE',  ( 0.4715678837576906535, -0.3215678837578453408, 0.5817080228269734254 ) ) ;
#2190 = LINE ( 'NONE', #1248, #260 ) ;
#2191 = VERTEX_POINT ( 'NONE', #1137 ) ;
#2192 =( NAMED_UNIT ( * ) PLANE_ANGLE_UNIT ( ) SI_UNIT ( $, .RADIAN. ) );
#2193 = DIRECTION ( 'NONE',  ( -1.000000000000000000, 0.0000000000000000000, 0.0000000000000000000 ) ) ;
#2194 = ORIENTED_EDGE ( 'NONE', *, *, #389, .T. ) ;
#2195 = SURFACE_STYLE_FILL_AREA ( #1458 ) ;
#2196 = SURFACE_STYLE_USAGE ( .BOTH. , #1460 ) ;
#2197 = SURFACE_SIDE_STYLE ('',( #360 ) ) ;
#2198 = PRESENTATION_LAYER_ASSIGNMENT (  '', '', ( #1393 ) ) ;
#2199 =( GEOMETRIC_REPRESENTATION_CONTEXT ( 3 ) GLOBAL_UNCERTAINTY_ASSIGNED_CONTEXT ( ( #1116 ) ) GLOBAL_UNIT_ASSIGNED_CONTEXT ( ( #1374, #1217, #2086 ) ) REPRESENTATION_CONTEXT ( 'NONE', 'WORKASPACE' ) );
#2200 = UNCERTAINTY_MEASURE_WITH_UNIT (LENGTH_MEASURE( 1.000000000000000082E-05 ), #1761, 'distance_accuracy_value', 'NONE');
#2201 = CARTESIAN_POINT ( 'NONE',  ( 0.2000000000000000111, 0.4000000000000000222, -4.898587196588999540E-17 ) ) ;
#2202 = PLANE ( 'NONE',  #719 ) ;
#2203 =( GEOMETRIC_REPRESENTATION_CONTEXT ( 3 ) GLOBAL_UNCERTAINTY_ASSIGNED_CONTEXT ( ( #2200 ) ) GLOBAL_UNIT_ASSIGNED_CONTEXT ( ( #1761, #2006, #1841 ) ) REPRESENTATION_CONTEXT ( 'NONE', 'WORKASPACE' ) );
#2204 = COLOUR_RGB ( '',0.0000000000000000000, 0.6666666666666666297, 0.0000000000000000000 ) ;
#2205 = DIRECTION ( 'NONE',  ( 1.000000000000000000, 0.0000000000000000000, 0.0000000000000000000 ) ) ;
#2206 = MECHANICAL_DESIGN_GEOMETRIC_PRESENTATION_REPRESENTATION (  '', ( #878 ), #1975 ) ;
#2207 =( LENGTH_UNIT ( ) NAMED_UNIT ( * ) SI_UNIT ( .MILLI., .METRE. ) );
#2208 = EDGE_CURVE ( 'NONE', #118, #2302, #445, .T. ) ;
#2209 =( LENGTH_UNIT ( ) NAMED_UNIT ( * ) SI_UNIT ( .MILLI., .METRE. ) );
#2210 = STYLED_ITEM ( 'NONE', ( #526 ), #574 ) ;
#2211 = SURFACE_STYLE_USAGE ( .BOTH. , #1646 ) ;
#2212 = VERTEX_POINT ( 'NONE', #1560 ) ;
#2213 =( NAMED_UNIT ( * ) PLANE_ANGLE_UNIT ( ) SI_UNIT ( $, .RADIAN. ) );
#2214 =( NAMED_UNIT ( * ) SI_UNIT ( $, .STERADIAN. ) SOLID_ANGLE_UNIT ( ) );
#2215 = ADVANCED_FACE ( 'NONE', ( #2090 ), #650, .F. ) ;
#2216 = CARTESIAN_POINT ( 'NONE',  ( 0.4000000000000000222, 0.4000000000000000222, 0.2000000000000000111 ) ) ;
#2217 = DIRECTION ( 'NONE',  ( 0.0000000000000000000, 0.0000000000000000000, 1.000000000000000000 ) ) ;
#2218 = AXIS2_PLACEMENT_3D ( 'NONE', #1123, #1134, #1481 ) ;
#2219 = FACE_OUTER_BOUND ( 'NONE', #326, .T. ) ;
#2220 = SURFACE_STYLE_FILL_AREA ( #348 ) ;
#2221 = VECTOR ( 'NONE', #2343, 1000.000000000000000 ) ;
#2222 = VERTEX_POINT ( 'NONE', #1017 ) ;
#2223 =( LENGTH_UNIT ( ) NAMED_UNIT ( * ) SI_UNIT ( .MILLI., .METRE. ) );
#2224 = DIRECTION ( 'NONE',  ( -0.0000000000000000000, -0.0000000000000000000, 1.000000000000000000 ) ) ;
#2225 = PLANE ( 'NONE',  #2323 ) ;
#2226 = CARTESIAN_POINT ( 'NONE',  ( -0.5000000000000000000, 0.3499999999999999778, 0.2000000000000000111 ) ) ;
#2227 = DIRECTION ( 'NONE',  ( -1.000000000000000000, -0.0000000000000000000, -0.0000000000000000000 ) ) ;
#2228 =( GEOMETRIC_REPRESENTATION_CONTEXT ( 3 ) GLOBAL_UNCERTAINTY_ASSIGNED_CONTEXT ( ( #443 ) ) GLOBAL_UNIT_ASSIGNED_CONTEXT ( ( #968, #1678, #593 ) ) REPRESENTATION_CONTEXT ( 'NONE', 'WORKASPACE' ) );
#2229 = CARTESIAN_POINT ( 'NONE',  ( -0.8000000000000000444, -0.4000000000000000222, 0.2000000000000000111 ) ) ;
#2230 =( NAMED_UNIT ( * ) SI_UNIT ( $, .STERADIAN. ) SOLID_ANGLE_UNIT ( ) );
#2231 = SURFACE_SIDE_STYLE ('',( #767 ) ) ;
#2232 = SURFACE_SIDE_STYLE ('',( #417 ) ) ;
#2233 = CARTESIAN_POINT ( 'NONE',  ( -0.4000000000000000222, 0.4000000000000000222, 0.0000000000000000000 ) ) ;
#2234 = CARTESIAN_POINT ( 'NONE',  ( 0.4000000000000000222, -0.4000000000000000222, 0.0000000000000000000 ) ) ;
#2235 = CARTESIAN_POINT ( 'NONE',  ( 0.4715678837576906535, -0.3215678837578453408, 0.5817080228269734254 ) ) ;
#2236 = COLOUR_RGB ( '',0.9960784313725490335, 0.9960784313725490335, 0.0000000000000000000 ) ;
#2237 = FILL_AREA_STYLE ('',( #614 ) ) ;
#2238 = PRESENTATION_LAYER_ASSIGNMENT (  '', '', ( #34 ) ) ;
#2239 = DIRECTION ( 'NONE',  ( 0.0000000000000000000, -1.224646799146999945E-16, -1.000000000000000000 ) ) ;
#2240 = CARTESIAN_POINT ( 'NONE',  ( 0.8000000000000000444, 0.2000000000000000111, 0.0000000000000000000 ) ) ;
#2241 = LINE ( 'NONE', #627, #1691 ) ;
#2242 = CARTESIAN_POINT ( 'NONE',  ( 0.4000000000000000222, 0.4000000000000000222, 0.0000000000000000000 ) ) ;
#2243 =( NAMED_UNIT ( * ) SI_UNIT ( $, .STERADIAN. ) SOLID_ANGLE_UNIT ( ) );
#2244 = SURFACE_SIDE_STYLE ('',( #962 ) ) ;
#2245 =( NAMED_UNIT ( * ) SI_UNIT ( $, .STERADIAN. ) SOLID_ANGLE_UNIT ( ) );
#2246 = EDGE_CURVE ( 'NONE', #1000, #356, #2039, .T. ) ;
#2247 = COLOUR_RGB ( '',0.9960784313725490335, 0.9960784313725490335, 0.0000000000000000000 ) ;
#2248 = UNCERTAINTY_MEASURE_WITH_UNIT (LENGTH_MEASURE( 1.000000000000000082E-05 ), #639, 'distance_accuracy_value', 'NONE');
#2249 = ORIENTED_EDGE ( 'NONE', *, *, #202, .T. ) ;
#2250 = PLANE ( 'NONE',  #1483 ) ;
#2251 = DIRECTION ( 'NONE',  ( -0.0000000000000000000, 1.000000000000000000, 0.0000000000000000000 ) ) ;
#2252 = AXIS2_PLACEMENT_3D ( 'NONE', #764, #1668, #972 ) ;
#2253 = CARTESIAN_POINT ( 'NONE',  ( -0.4715678837578454741, -0.3215678837576906868, 0.5817080228269734254 ) ) ;
#2254 = EDGE_CURVE ( 'NONE', #198, #2191, #832, .T. ) ;
#2255 = AXIS2_PLACEMENT_3D ( 'NONE', #1329, #2045, #1868 ) ;
#2256 =( GEOMETRIC_REPRESENTATION_CONTEXT ( 3 ) GLOBAL_UNCERTAINTY_ASSIGNED_CONTEXT ( ( #612 ) ) GLOBAL_UNIT_ASSIGNED_CONTEXT ( ( #2058, #2107, #243 ) ) REPRESENTATION_CONTEXT ( 'NONE', 'WORKASPACE' ) );
#2257 = CARTESIAN_POINT ( 'NONE',  ( -0.4000000000000000222, 0.4000000000000000222, 0.0000000000000000000 ) ) ;
#2258 = SURFACE_STYLE_FILL_AREA ( #1519 ) ;
#2259 = CARTESIAN_POINT ( 'NONE',  ( 0.0000000000000000000, 0.0000000000000000000, 0.0000000000000000000 ) ) ;
#2260 = SHAPE_REPRESENTATION ( 'Fillet', ( #372 ), #2115 ) ;
#2261 = PRESENTATION_LAYER_ASSIGNMENT (  '', '', ( #24 ) ) ;
#2262 =( LENGTH_UNIT ( ) NAMED_UNIT ( * ) SI_UNIT ( .MILLI., .METRE. ) );
#2263 = APPLICATION_CONTEXT ( 'automotive_design' ) ;
#2264 = VERTEX_POINT ( 'NONE', #2116 ) ;
#2265 = EDGE_LOOP ( 'NONE', ( #817, #212, #1278, #1731 ) ) ;
#2266 =( NAMED_UNIT ( * ) PLANE_ANGLE_UNIT ( ) SI_UNIT ( $, .RADIAN. ) );
#2267 = DIRECTION ( 'NONE',  ( 1.000000000000000000, 0.0000000000000000000, -0.0000000000000000000 ) ) ;
#2268 =( LENGTH_UNIT ( ) NAMED_UNIT ( * ) SI_UNIT ( .MILLI., .METRE. ) );
#2269 = APPLICATION_PROTOCOL_DEFINITION ( 'draft international standard', 'automotive_design', 1998, #1209 ) ;
#2270 = CARTESIAN_POINT ( 'NONE',  ( -0.8000000000000000444, 0.4000000000000000222, 0.0000000000000000000 ) ) ;
#2271 = PRODUCT ( 'Pocket001', 'Pocket001', '', ( #2308 ) ) ;
#2272 = ORIENTED_EDGE ( 'NONE', *, *, #462, .T. ) ;
#2273 = PRESENTATION_STYLE_ASSIGNMENT (( #598 ) ) ;
#2274 = CARTESIAN_POINT ( 'NONE',  ( -0.4000000000000000222, 0.4000000000000000222, 0.0000000000000000000 ) ) ;
#2275 =( GEOMETRIC_REPRESENTATION_CONTEXT ( 3 ) GLOBAL_UNCERTAINTY_ASSIGNED_CONTEXT ( ( #1611 ) ) GLOBAL_UNIT_ASSIGNED_CONTEXT ( ( #302, #521, #1040 ) ) REPRESENTATION_CONTEXT ( 'NONE', 'WORKASPACE' ) );
#2276 = VECTOR ( 'NONE', #885, 1000.000000000000000 ) ;
#2277 = VECTOR ( 'NONE', #262, 1000.000000000000000 ) ;
#2278 = FILL_AREA_STYLE_COLOUR ( '', #2123 ) ;
#2279 =( NAMED_UNIT ( * ) PLANE_ANGLE_UNIT ( ) SI_UNIT ( $, .RADIAN. ) );
#2280 = FILL_AREA_STYLE ('',( #1224 ) ) ;
#2281 = PRESENTATION_STYLE_ASSIGNMENT (( #1706 ) ) ;
#2282 = CARTESIAN_POINT ( 'NONE',  ( 0.0000000000000000000, 0.0000000000000000000, 0.0000000000000000000 ) ) ;
#2283 = EDGE_CURVE ( 'NONE', #1138, #198, #1695, .T. ) ;
#2284 = EDGE_CURVE ( 'NONE', #305, #1439, #253, .T. ) ;
#2285 = ORIENTED_EDGE ( 'NONE', *, *, #493, .F. ) ;
#2286 = FILL_AREA_STYLE ('',( #110 ) ) ;
#2287 = STYLED_ITEM ( 'NONE', ( #1605 ), #1241 ) ;
#2288 = STYLED_ITEM ( 'NONE', ( #1023 ), #1018 ) ;
#2289 = FILL_AREA_STYLE_COLOUR ( '', #1146 ) ;
#2290 = CARTESIAN_POINT ( 'NONE',  ( 0.4516409507770000054, 0.3016409507769999832, 0.6000000000000000888 ) ) ;
#2291 = PRODUCT_DEFINITION_SHAPE ( 'NONE', 'NONE',  #2368 ) ;
#2292 = DIRECTION ( 'NONE',  ( 0.0000000000000000000, 1.000000000000000000, -0.0000000000000000000 ) ) ;
#2293 = SHAPE_DEFINITION_REPRESENTATION ( #1045, #2260 ) ;
#2294 =( REPRESENTATION_RELATIONSHIP ('NONE','NONE', #491, #2260 ) REPRESENTATION_RELATIONSHIP_WITH_TRANSFORMATION ( #1391 )SHAPE_REPRESENTATION_RELATIONSHIP( ) );
#2295 = VECTOR ( 'NONE', #2306, 1000.000000000000000 ) ;
#2296 = ORIENTED_EDGE ( 'NONE', *, *, #800, .F. ) ;
#2297 = MECHANICAL_DESIGN_GEOMETRIC_PRESENTATION_REPRESENTATION (  '', ( #964 ), #101 ) ;
#2298 =( NAMED_UNIT ( * ) SI_UNIT ( $, .STERADIAN. ) SOLID_ANGLE_UNIT ( ) );
#2299 = PRESENTATION_LAYER_ASSIGNMENT (  '', '', ( #1707 ) ) ;
#2300 = CARTESIAN_POINT ( 'NONE',  ( -0.5000000000000000000, 0.3499999999999999778, 0.2500000000000000000 ) ) ;
#2301 = ORIENTED_EDGE ( 'NONE', *, *, #2254, .T. ) ;
#2302 = VERTEX_POINT ( 'NONE', #2060 ) ;
#2303 = FACE_OUTER_BOUND ( 'NONE', #653, .T. ) ;
#2304 = SURFACE_STYLE_FILL_AREA ( #848 ) ;
#2305 = DIRECTION ( 'NONE',  ( 1.000000000000000000, 0.0000000000000000000, 0.0000000000000000000 ) ) ;
#2306 = DIRECTION ( 'NONE',  ( -0.0000000000000000000, 1.000000000000000000, 0.0000000000000000000 ) ) ;
#2307 = CARTESIAN_POINT ( 'NONE',  ( 0.4516409507770000054, 0.3200000000000000067, 0.5799999999999999600 ) ) ;
#2308 = PRODUCT_CONTEXT ( 'NONE', #230, 'mechanical' ) ;
#2309 = CARTESIAN_POINT ( 'NONE',  ( -0.4706339073361388015, 0.3206339073361387237, 0.5926044144130639957 ) ) ;
#2310 = ORIENTED_EDGE ( 'NONE', *, *, #340, .F. ) ;
#2311 = MANIFOLD_SURFACE_SHAPE_REPRESENTATION ( '', ( #1440, #418 ), #1694 ) ;
#2312 = ORIENTED_EDGE ( 'NONE', *, *, #1341, .F. ) ;
#2313 = VERTEX_POINT ( 'NONE', #1675 ) ;
#2314 = FILL_AREA_STYLE_COLOUR ( '', #1829 ) ;
#2315 = SURFACE_STYLE_FILL_AREA ( #1572 ) ;
#2316 = EDGE_CURVE ( 'NONE', #931, #313, #788, .T. ) ;
#2317 =( NAMED_UNIT ( * ) SI_UNIT ( $, .STERADIAN. ) SOLID_ANGLE_UNIT ( ) );
#2318 = CARTESIAN_POINT ( 'NONE',  ( 0.4000000000000000222, -0.4000000000000000222, 0.2000000000000000111 ) ) ;
#2319 = STYLED_ITEM ( 'NONE', ( #1256 ), #596 ) ;
#2320 = LINE ( 'NONE', #1186, #439 ) ;
#2321 =( GEOMETRIC_REPRESENTATION_CONTEXT ( 3 ) GLOBAL_UNCERTAINTY_ASSIGNED_CONTEXT ( ( #370 ) ) GLOBAL_UNIT_ASSIGNED_CONTEXT ( ( #1352, #1180, #1554 ) ) REPRESENTATION_CONTEXT ( 'NONE', 'WORKASPACE' ) );
#2322 = EDGE_LOOP ( 'NONE', ( #1758, #1535, #1264, #1230 ) ) ;
#2323 = AXIS2_PLACEMENT_3D ( 'NONE', #1313, #403, #228 ) ;
#2324 = ORIENTED_EDGE ( 'NONE', *, *, #2284, .F. ) ;
#2325 = ORIENTED_EDGE ( 'NONE', *, *, #843, .F. ) ;
#2326 = LINE ( 'NONE', #278, #1227 ) ;
#2327 = EDGE_CURVE ( 'NONE', #552, #1427, #1200, .T. ) ;
#2328 = COLOUR_RGB ( '',0.8000000000000000444, 0.8000000000000000444, 0.8000000000000000444 ) ;
#2329 = EDGE_CURVE ( 'NONE', #352, #1014, #432, .T. ) ;
#2330 = ADVANCED_FACE ( 'NONE', ( #54 ), #2070, .T. ) ;
#2331 = SURFACE_SIDE_STYLE ('',( #1423 ) ) ;
#2332 =( LENGTH_UNIT ( ) NAMED_UNIT ( * ) SI_UNIT ( .MILLI., .METRE. ) );
#2333 = CARTESIAN_POINT ( 'NONE',  ( 0.4000000000000000222, -0.4000000000000000222, 0.0000000000000000000 ) ) ;
#2334 = MECHANICAL_DESIGN_GEOMETRIC_PRESENTATION_REPRESENTATION (  '', ( #44 ), #393 ) ;
#2335 = VERTEX_POINT ( 'NONE', #1181 ) ;
#2336 = PRODUCT_DEFINITION_FORMATION_WITH_SPECIFIED_SOURCE ( 'ANY', '', #1906, .NOT_KNOWN. ) ;
#2337 = ORIENTED_EDGE ( 'NONE', *, *, #2064, .T. ) ;
#2338 = LINE ( 'NONE', #1067, #1782 ) ;
#2339 = UNCERTAINTY_MEASURE_WITH_UNIT (LENGTH_MEASURE( 1.000000000000000082E-05 ), #2207, 'distance_accuracy_value', 'NONE');
#2340 = VECTOR ( 'NONE', #1629, 1000.000000000000000 ) ;
#2341 = DIRECTION ( 'NONE',  ( 1.000000000000000000, 0.0000000000000000000, 0.0000000000000000000 ) ) ;
#2342 = LINE ( 'NONE', #1960, #619 ) ;
#2343 = DIRECTION ( 'NONE',  ( 1.000000000000000000, 0.0000000000000000000, -0.0000000000000000000 ) ) ;
#2344 = SHAPE_DEFINITION_REPRESENTATION ( #763, #400 ) ;
#2345 = FILL_AREA_STYLE_COLOUR ( '', #2328 ) ;
#2346 = PRESENTATION_STYLE_ASSIGNMENT (( #585 ) ) ;
#2347 = PLANE ( 'NONE',  #1951 ) ;
#2348 = ORIENTED_EDGE ( 'NONE', *, *, #90, .F. ) ;
#2349 = VERTEX_POINT ( 'NONE', #2233 ) ;
#2350 = LINE ( 'NONE', #1798, #1080 ) ;
#2351 = FILL_AREA_STYLE ('',( #1610 ) ) ;
#2352 = PRODUCT_DEFINITION_CONTEXT ( 'detailed design', #1334, 'design' ) ;
#2353 = UNCERTAINTY_MEASURE_WITH_UNIT (LENGTH_MEASURE( 1.000000000000000082E-05 ), #1287, 'distance_accuracy_value', 'NONE');
#2354 = PRESENTATION_LAYER_ASSIGNMENT (  '', '', ( #1925 ) ) ;
#2355 = EDGE_CURVE ( 'NONE', #1732, #1000, #1896, .T. ) ;
#2356 = FACE_OUTER_BOUND ( 'NONE', #1285, .T. ) ;
#2357 = DIRECTION ( 'NONE',  ( 0.0000000000000000000, 1.000000000000000000, 0.0000000000000000000 ) ) ;
#2358 = CARTESIAN_POINT ( 'NONE',  ( -0.8000000000000000444, -0.4000000000000000222, 0.0000000000000000000 ) ) ;
#2359 = APPLICATION_CONTEXT ( 'automotive_design' ) ;
#2360 = VECTOR ( 'NONE', #1853, 1000.000000000000000 ) ;
#2361 = PRODUCT_RELATED_PRODUCT_CATEGORY ( 'part', '', ( #2271 ) ) ;
#2362 = CIRCLE ( 'NONE', #825, 0.1999999999999999833 ) ;
#2363 = EDGE_LOOP ( 'NONE', ( #1933, #828, #1298, #1720 ) ) ;
#2364 = NEXT_ASSEMBLY_USAGE_OCCURRENCE ( 'NAUO1', ' ', ' ', #1169, #1924, $ ) ;
#2365 = NEXT_ASSEMBLY_USAGE_OCCURRENCE ( 'NAUO2', ' ', ' ', #1169, #1063, $ ) ;
#2366 = NEXT_ASSEMBLY_USAGE_OCCURRENCE ( 'NAUO3', ' ', ' ', #1169, #833, $ ) ;
#2367 = NEXT_ASSEMBLY_USAGE_OCCURRENCE ( 'NAUO4', ' ', ' ', #1169, #742, $ ) ;
#2368 = NEXT_ASSEMBLY_USAGE_OCCURRENCE ( 'NAUO5', ' ', ' ', #1169, #1894, $ ) ;
ENDSEC;
END-ISO-10303-21;
